ARM GAS  C:\Users\Ebrahim\AppData\Local\Temp\cc0Bv0tj.s 			page 1


   1              		.cpu cortex-m4
   2              		.arch armv7e-m
   3              		.fpu fpv4-sp-d16
   4              		.eabi_attribute 27, 1
   5              		.eabi_attribute 28, 1
   6              		.eabi_attribute 20, 1
   7              		.eabi_attribute 21, 1
   8              		.eabi_attribute 23, 3
   9              		.eabi_attribute 24, 1
  10              		.eabi_attribute 25, 1
  11              		.eabi_attribute 26, 1
  12              		.eabi_attribute 30, 1
  13              		.eabi_attribute 34, 1
  14              		.eabi_attribute 18, 4
  15              		.file	"main.c"
  16              		.text
  17              	.Ltext0:
  18              		.cfi_sections	.debug_frame
  19              		.file 1 "Core/Src/main.c"
  20              		.section	.text.MX_GPIO_Init,"ax",%progbits
  21              		.align	1
  22              		.syntax unified
  23              		.thumb
  24              		.thumb_func
  26              	MX_GPIO_Init:
  27              	.LFB142:
   1:Core/Src/main.c **** /* USER CODE BEGIN Header */
   2:Core/Src/main.c **** /**
   3:Core/Src/main.c ****   ******************************************************************************
   4:Core/Src/main.c ****   * @file           : main.c
   5:Core/Src/main.c ****   * @brief          : Main program body
   6:Core/Src/main.c ****   ******************************************************************************
   7:Core/Src/main.c ****   * @attention
   8:Core/Src/main.c ****   *
   9:Core/Src/main.c ****   * Copyright (c) 2025 STMicroelectronics.
  10:Core/Src/main.c ****   * All rights reserved.
  11:Core/Src/main.c ****   *
  12:Core/Src/main.c ****   * This software is licensed under terms that can be found in the LICENSE file
  13:Core/Src/main.c ****   * in the root directory of this software component.
  14:Core/Src/main.c ****   * If no LICENSE file comes with this software, it is provided AS-IS.
  15:Core/Src/main.c ****   *
  16:Core/Src/main.c ****   ******************************************************************************
  17:Core/Src/main.c ****   */
  18:Core/Src/main.c **** /* USER CODE END Header */
  19:Core/Src/main.c **** /* Includes ------------------------------------------------------------------*/
  20:Core/Src/main.c **** #include "main.h"
  21:Core/Src/main.c **** 
  22:Core/Src/main.c **** /* Private includes ----------------------------------------------------------*/
  23:Core/Src/main.c **** /* USER CODE BEGIN Includes */
  24:Core/Src/main.c **** #include <stdio.h>
  25:Core/Src/main.c **** #include "stm32f4xx.h"
  26:Core/Src/main.c **** #include "lcd_stm32f4.h"
  27:Core/Src/main.c **** /* USER CODE END Includes */
  28:Core/Src/main.c **** 
  29:Core/Src/main.c **** /* Private typedef -----------------------------------------------------------*/
  30:Core/Src/main.c **** /* USER CODE BEGIN PTD */
  31:Core/Src/main.c **** 
ARM GAS  C:\Users\Ebrahim\AppData\Local\Temp\cc0Bv0tj.s 			page 2


  32:Core/Src/main.c **** /* USER CODE END PTD */
  33:Core/Src/main.c **** 
  34:Core/Src/main.c **** /* Private define ------------------------------------------------------------*/
  35:Core/Src/main.c **** /* USER CODE BEGIN PD */
  36:Core/Src/main.c **** // TODO: Add values for below variables
  37:Core/Src/main.c **** #define NS  128       // Number of samples in LUT
  38:Core/Src/main.c **** #define TIM2CLK 16e6 // STM Clock frequency: Hint You might want to check the ioc file
  39:Core/Src/main.c **** #define F_SIGNAL  125e3	// Frequency of output analog signal
  40:Core/Src/main.c **** 
  41:Core/Src/main.c **** /* USER CODE END PD */
  42:Core/Src/main.c **** 
  43:Core/Src/main.c **** /* Private macro -------------------------------------------------------------*/
  44:Core/Src/main.c **** /* USER CODE BEGIN PM */
  45:Core/Src/main.c **** 
  46:Core/Src/main.c **** /* USER CODE END PM */
  47:Core/Src/main.c **** 
  48:Core/Src/main.c **** /* Private variables ---------------------------------------------------------*/
  49:Core/Src/main.c **** TIM_HandleTypeDef htim2;
  50:Core/Src/main.c **** TIM_HandleTypeDef htim3;
  51:Core/Src/main.c **** DMA_HandleTypeDef hdma_tim2_ch1;
  52:Core/Src/main.c **** 
  53:Core/Src/main.c **** /* USER CODE BEGIN PV */
  54:Core/Src/main.c **** // TODO: Add code for global variables, including LUTs
  55:Core/Src/main.c **** uint32_t Sine_LUT[] = {
  56:Core/Src/main.c **** 	    2047, 2147, 2248, 2347, 2446, 2545, 2641, 2737,
  57:Core/Src/main.c **** 	    2831, 2922, 3012, 3100, 3185, 3267, 3346, 3422,
  58:Core/Src/main.c **** 	    3495, 3564, 3630, 3692, 3749, 3803, 3853, 3898,
  59:Core/Src/main.c **** 	    3939, 3975, 4006, 4033, 4055, 4072, 4085, 4092,
  60:Core/Src/main.c **** 	    4095, 4092, 4085, 4072, 4055, 4033, 4006, 3975,
  61:Core/Src/main.c **** 	    3939, 3898, 3853, 3803, 3749, 3692, 3630, 3564,
  62:Core/Src/main.c **** 	    3495, 3422, 3346, 3267, 3185, 3100, 3012, 2922,
  63:Core/Src/main.c **** 	    2831, 2737, 2641, 2545, 2446, 2347, 2248, 2147,
  64:Core/Src/main.c **** 	    2047, 1947, 1846, 1747, 1648, 1549, 1453, 1357,
  65:Core/Src/main.c **** 	    1263, 1172, 1082,  994,  909,  827,  748,  672,
  66:Core/Src/main.c **** 	     599,  530,  464,  402,  345,  291,  241,  196,
  67:Core/Src/main.c **** 	     155,  119,   88,   61,   39,   22,    9,    2,
  68:Core/Src/main.c **** 	       0,    2,    9,   22,   39,   61,   88,  119,
  69:Core/Src/main.c **** 	     155,  196,  241,  291,  345,  402,  464,  530,
  70:Core/Src/main.c **** 	     599,  672,  748,  827,  909,  994, 1082, 1172,
  71:Core/Src/main.c **** 	    1263, 1357, 1453, 1549, 1648, 1747, 1846, 1947
  72:Core/Src/main.c **** 	};
  73:Core/Src/main.c **** 
  74:Core/Src/main.c **** 
  75:Core/Src/main.c **** uint32_t Saw_LUT[] = {
  76:Core/Src/main.c **** 	       0,   31,   63,   95,  127,  159,  191,  223,
  77:Core/Src/main.c **** 	     255,  287,  319,  351,  383,  415,  447,  479,
  78:Core/Src/main.c **** 	     511,  543,  575,  607,  639,  671,  703,  735,
  79:Core/Src/main.c **** 	     767,  799,  831,  863,  895,  927,  959,  991,
  80:Core/Src/main.c **** 	    1023, 1055, 1087, 1119, 1151, 1183, 1215, 1247,
  81:Core/Src/main.c **** 	    1279, 1311, 1343, 1375, 1407, 1439, 1471, 1503,
  82:Core/Src/main.c **** 	    1535, 1567, 1599, 1631, 1663, 1695, 1727, 1759,
  83:Core/Src/main.c **** 	    1791, 1823, 1855, 1887, 1919, 1951, 1983, 2015,
  84:Core/Src/main.c **** 	    2047, 2079, 2111, 2143, 2175, 2207, 2239, 2271,
  85:Core/Src/main.c **** 	    2303, 2335, 2367, 2399, 2431, 2463, 2495, 2527,
  86:Core/Src/main.c **** 	    2559, 2591, 2623, 2655, 2687, 2719, 2751, 2783,
  87:Core/Src/main.c **** 	    2815, 2847, 2879, 2911, 2943, 2975, 3007, 3039,
  88:Core/Src/main.c **** 	    3071, 3103, 3135, 3167, 3199, 3231, 3263, 3295,
ARM GAS  C:\Users\Ebrahim\AppData\Local\Temp\cc0Bv0tj.s 			page 3


  89:Core/Src/main.c **** 	    3327, 3359, 3391, 3423, 3455, 3487, 3519, 3551,
  90:Core/Src/main.c **** 	    3583, 3615, 3647, 3679, 3711, 3743, 3775, 3807,
  91:Core/Src/main.c **** 	    3839, 3871, 3903, 3935, 3967, 3999, 4031, 4063
  92:Core/Src/main.c **** 	};
  93:Core/Src/main.c **** 
  94:Core/Src/main.c **** 
  95:Core/Src/main.c **** uint32_t Triangle_LUT[] = {
  96:Core/Src/main.c **** 	       0,  127,  255,  383,  511,  639,  767,  895,
  97:Core/Src/main.c **** 	    1023, 1151, 1279, 1407, 1535, 1663, 1791, 1919,
  98:Core/Src/main.c **** 	    2047, 2175, 2303, 2431, 2559, 2687, 2815, 2943,
  99:Core/Src/main.c **** 	    3071, 3199, 3327, 3455, 3583, 3711, 3839, 3967,
 100:Core/Src/main.c **** 	    4095, 4222, 4350, 4478, 4606, 4734, 4862, 4990,
 101:Core/Src/main.c **** 	    5118, 5246, 5374, 5502, 5630, 5758, 5886, 6014,
 102:Core/Src/main.c **** 	    6142, 6270, 6398, 6526, 6654, 6782, 6910, 7038,
 103:Core/Src/main.c **** 	    7166, 7294, 7422, 7550, 7678, 7806, 7934, 8062,
 104:Core/Src/main.c **** 	    8190, 8062, 7934, 7806, 7678, 7550, 7422, 7294,
 105:Core/Src/main.c **** 	    7166, 7038, 6910, 6782, 6654, 6526, 6398, 6270,
 106:Core/Src/main.c **** 	    6142, 6014, 5886, 5758, 5630, 5502, 5374, 5246,
 107:Core/Src/main.c **** 	    5118, 4990, 4862, 4734, 4606, 4478, 4350, 4222,
 108:Core/Src/main.c **** 	    4095, 3967, 3839, 3711, 3583, 3455, 3327, 3199,
 109:Core/Src/main.c **** 	    3071, 2943, 2815, 2687, 2559, 2431, 2303, 2175,
 110:Core/Src/main.c **** 	    2047, 1919, 1791, 1663, 1535, 1407, 1279, 1151,
 111:Core/Src/main.c **** 	    1023,  895,  767,  639,  511,  383,  255,  127
 112:Core/Src/main.c **** 	};
 113:Core/Src/main.c **** 
 114:Core/Src/main.c **** 
 115:Core/Src/main.c **** uint32_t Piano_LUT[] = {
 116:Core/Src/main.c **** 	    2047, 2176, 1988, 2095, 2061, 2086, 2038, 2153,
 117:Core/Src/main.c **** 	    2094, 2148, 2082, 2054, 2017, 2318, 2058, 1780,
 118:Core/Src/main.c **** 	    2028, 2046, 1974, 2054, 2062, 2050, 1607, 2023,
 119:Core/Src/main.c **** 	    2319, 2044, 2841, 1711, 1774, 1854, 2232, 2187,
 120:Core/Src/main.c **** 	    1557, 2157, 1973, 2060, 1991, 2086, 1750, 1957,
 121:Core/Src/main.c **** 	    1940, 2098, 2241, 1930, 2242, 1935, 2586, 2031,
 122:Core/Src/main.c **** 	    2094, 2063, 1989, 2062, 2025, 2037, 2778, 1949,
 123:Core/Src/main.c **** 	    2375, 1877, 2002, 1954, 1502, 1918, 1709, 2035,
 124:Core/Src/main.c **** 	    1792, 2069, 2138, 2047, 2016, 2023, 1735, 2147,
 125:Core/Src/main.c **** 	    1909, 2084, 1807, 2435, 2193, 2033, 2344, 2168,
 126:Core/Src/main.c **** 	    2028, 2044, 2007, 2071, 2034, 2041, 2180, 2053,
 127:Core/Src/main.c **** 	    2087, 1934, 1853, 2034, 2013, 2217, 2011, 2103,
 128:Core/Src/main.c **** 	    2331, 2052, 2075, 2039, 2069, 2024, 1770, 1928,
 129:Core/Src/main.c **** 	    1995, 1998, 2156, 2082, 2036, 2001, 1848, 2145,
 130:Core/Src/main.c **** 	    2007, 2077, 1999, 2071, 2032, 2059, 1947, 1918,
 131:Core/Src/main.c **** 	    1627, 1794, 2075, 2055, 2004, 1943, 2092, 2047
 132:Core/Src/main.c **** 	};
 133:Core/Src/main.c **** 
 134:Core/Src/main.c **** 
 135:Core/Src/main.c **** uint32_t Guitar_LUT[] = {
 136:Core/Src/main.c **** 	    2047, 2187, 2186, 2081, 2069, 1965, 1952, 2033,
 137:Core/Src/main.c **** 	    1819, 2067, 2062, 2049, 2065, 2060, 1979, 2042,
 138:Core/Src/main.c **** 	    2045, 2038, 1895, 2249, 1989, 1980, 2233, 2129,
 139:Core/Src/main.c **** 	    1926, 2049, 2033, 2054, 2042, 2023, 2010, 2050,
 140:Core/Src/main.c **** 	    2049, 2070, 1962, 2092, 1963, 2083, 2027, 1915,
 141:Core/Src/main.c **** 	    2137, 2037, 2051, 2049, 2054, 1996, 2090, 2044,
 142:Core/Src/main.c **** 	    1971, 2029, 2107, 2030, 2111, 2090, 1978, 2028,
 143:Core/Src/main.c **** 	    2091, 2088, 2068, 1949, 2099, 2069, 2364, 2128,
 144:Core/Src/main.c **** 	    2073, 2128, 2146, 2136, 2088, 2079, 1844, 1887,
 145:Core/Src/main.c **** 	    2055, 2044, 2061, 2054, 2145, 2046, 2040, 2051,
ARM GAS  C:\Users\Ebrahim\AppData\Local\Temp\cc0Bv0tj.s 			page 4


 146:Core/Src/main.c **** 	    2099, 2106, 1938, 2084, 2061, 1909, 2082, 1973,
 147:Core/Src/main.c **** 	    2065, 2071, 2046, 2041, 2008, 1977, 2077, 2046,
 148:Core/Src/main.c **** 	    2154, 2013, 2134, 2019, 2039, 2028, 2257, 2215,
 149:Core/Src/main.c **** 	    2031, 2049, 2041, 2045, 2078, 1998, 2046, 2049,
 150:Core/Src/main.c **** 	    1996, 2038, 2096, 1980, 2159, 2001, 2121, 1872,
 151:Core/Src/main.c **** 	    2073, 1961, 2198, 1984, 1866, 2300, 1997, 2047
 152:Core/Src/main.c **** 	};
 153:Core/Src/main.c **** 
 154:Core/Src/main.c **** 
 155:Core/Src/main.c **** 
 156:Core/Src/main.c **** uint32_t Drum_LUT[] = {
 157:Core/Src/main.c **** 	    2047, 3396, 1864, 2110, 2063, 3400, 1893, 1933,
 158:Core/Src/main.c **** 	    2086, 2144, 2036, 2030, 2039, 1949, 1414, 1848,
 159:Core/Src/main.c **** 	    2091, 2032, 2044, 2059, 2048, 2093, 2044, 2020,
 160:Core/Src/main.c **** 	    2094, 1803, 2072, 2045, 2173, 2017, 3235, 1276,
 161:Core/Src/main.c **** 	    1671, 2193, 2436, 2104, 1931, 2062, 2028, 2032,
 162:Core/Src/main.c **** 	    4094, 1922, 2035, 2042, 2502, 2372, 1820, 1996,
 163:Core/Src/main.c **** 	    2284, 2072, 2018, 2051,  671, 2425, 2075, 2068,
 164:Core/Src/main.c **** 	      17, 2239, 2042, 2023, 2192, 2052, 2902, 2386,
 165:Core/Src/main.c **** 	    4073, 2009, 2285, 2038, 2518, 2711, 2048, 2096,
 166:Core/Src/main.c **** 	    1629, 2001, 2086, 2043, 2549, 1894, 2061, 2076,
 167:Core/Src/main.c **** 	    2001, 2055, 2043, 2049, 2098, 2047, 2065, 2047,
 168:Core/Src/main.c **** 	    2923, 2071, 2017, 2080, 2018, 2049, 1831, 2014,
 169:Core/Src/main.c **** 	     837, 2295, 1978, 2040, 1980, 2036, 2106, 2042,
 170:Core/Src/main.c **** 	    1643, 2055, 2066, 2032, 2050, 2442, 2145, 2218,
 171:Core/Src/main.c **** 	    2126, 2032, 2038, 1781, 2154, 2441, 2132, 4094,
 172:Core/Src/main.c **** 	    2150, 2012, 2036, 1615, 1981,  323, 2525, 2047
 173:Core/Src/main.c **** 	};
 174:Core/Src/main.c **** 
 175:Core/Src/main.c **** 
 176:Core/Src/main.c **** 
 177:Core/Src/main.c **** 
 178:Core/Src/main.c **** 
 179:Core/Src/main.c **** // TODO: Equation to calculate TIM2_Ticks
 180:Core/Src/main.c **** uint32_t TIM2_Ticks = TIM2CLK / (F_SIGNAL * NS); // How often to write new LUT value
 181:Core/Src/main.c **** uint32_t DestAddress = (uint32_t) &(TIM3->CCR3); // Write LUT TO TIM3->CCR3 to modify PWM duty cycl
 182:Core/Src/main.c **** 
 183:Core/Src/main.c **** 
 184:Core/Src/main.c **** /* USER CODE END PV */
 185:Core/Src/main.c **** 
 186:Core/Src/main.c **** /* Private function prototypes -----------------------------------------------*/
 187:Core/Src/main.c **** void SystemClock_Config(void);
 188:Core/Src/main.c **** static void MX_GPIO_Init(void);
 189:Core/Src/main.c **** static void MX_DMA_Init(void);
 190:Core/Src/main.c **** static void MX_TIM2_Init(void);
 191:Core/Src/main.c **** static void MX_TIM3_Init(void);
 192:Core/Src/main.c **** 
 193:Core/Src/main.c **** /* USER CODE BEGIN PFP */
 194:Core/Src/main.c **** void EXTI0_IRQHandler(void);
 195:Core/Src/main.c **** /* USER CODE END PFP */
 196:Core/Src/main.c **** 
 197:Core/Src/main.c **** /* Private user code ---------------------------------------------------------*/
 198:Core/Src/main.c **** /* USER CODE BEGIN 0 */
 199:Core/Src/main.c **** 
 200:Core/Src/main.c **** /* USER CODE END 0 */
 201:Core/Src/main.c **** 
 202:Core/Src/main.c **** /**
ARM GAS  C:\Users\Ebrahim\AppData\Local\Temp\cc0Bv0tj.s 			page 5


 203:Core/Src/main.c ****   * @brief  The application entry point.
 204:Core/Src/main.c ****   * @retval int
 205:Core/Src/main.c ****   */
 206:Core/Src/main.c **** int main(void)
 207:Core/Src/main.c **** {
 208:Core/Src/main.c **** 
 209:Core/Src/main.c ****   /* USER CODE BEGIN 1 */
 210:Core/Src/main.c **** 
 211:Core/Src/main.c ****   /* USER CODE END 1 */
 212:Core/Src/main.c **** 
 213:Core/Src/main.c ****   /* MCU Configuration--------------------------------------------------------*/
 214:Core/Src/main.c **** 
 215:Core/Src/main.c ****   /* Reset of all peripherals, Initializes the Flash interface and the Systick. */
 216:Core/Src/main.c ****   HAL_Init();
 217:Core/Src/main.c **** 
 218:Core/Src/main.c ****   /* USER CODE BEGIN Init */
 219:Core/Src/main.c **** 
 220:Core/Src/main.c ****   /* USER CODE END Init */
 221:Core/Src/main.c **** 
 222:Core/Src/main.c ****   /* Configure the system clock */
 223:Core/Src/main.c ****   SystemClock_Config();
 224:Core/Src/main.c **** 
 225:Core/Src/main.c ****   /* USER CODE BEGIN SysInit */
 226:Core/Src/main.c **** 
 227:Core/Src/main.c ****   /* USER CODE END SysInit */
 228:Core/Src/main.c **** 
 229:Core/Src/main.c ****   /* Initialize all configured peripherals */
 230:Core/Src/main.c ****   MX_GPIO_Init();
 231:Core/Src/main.c ****   MX_DMA_Init();
 232:Core/Src/main.c ****   MX_TIM2_Init();
 233:Core/Src/main.c ****   MX_TIM3_Init();
 234:Core/Src/main.c ****   init_LCD();
 235:Core/Src/main.c ****   /* USER CODE BEGIN 2 */
 236:Core/Src/main.c ****   // TODO: Start TIM3 in PWM mode on channel 3
 237:Core/Src/main.c ****   HAL_TIM_PWM_Start(&htim3, TIM_CHANNEL_3);
 238:Core/Src/main.c ****   // TODO: Start TIM2 in Output Compare (OC) mode on channel 1
 239:Core/Src/main.c ****   HAL_TIM_OC_Start(&htim2, TIM_CHANNEL_1);
 240:Core/Src/main.c ****   // TODO: Start DMA in IT mode on TIM2->CH1. Source is LUT and Dest is TIM3->CCR3; start with Sine
 241:Core/Src/main.c ****   HAL_DMA_Start_IT(&hdma_tim2_ch1, (uint32_t) Sine_LUT, (uint32_t) &(TIM3->CCR3), NS);
 242:Core/Src/main.c ****   // TODO: Write current waveform to LCD(Sine is the first waveform)
 243:Core/Src/main.c ****   lcd_putstring("cracker");
 244:Core/Src/main.c ****   // TODO: Enable DMA (start transfer from LUT to CCR)
 245:Core/Src/main.c ****   __HAL_TIM_ENABLE_DMA(&htim2, TIM_DMA_CC1);
 246:Core/Src/main.c ****   /* USER CODE END 2 */
 247:Core/Src/main.c **** 
 248:Core/Src/main.c ****   /* Infinite loop */
 249:Core/Src/main.c ****   /* USER CODE BEGIN WHILE */
 250:Core/Src/main.c ****   while (1)
 251:Core/Src/main.c ****   {
 252:Core/Src/main.c ****     /* USER CODE END WHILE */
 253:Core/Src/main.c **** 
 254:Core/Src/main.c ****     /* USER CODE BEGIN 3 */
 255:Core/Src/main.c ****   }
 256:Core/Src/main.c ****   /* USER CODE END 3 */
 257:Core/Src/main.c **** }
 258:Core/Src/main.c **** 
 259:Core/Src/main.c **** /**
ARM GAS  C:\Users\Ebrahim\AppData\Local\Temp\cc0Bv0tj.s 			page 6


 260:Core/Src/main.c ****   * @brief System Clock Configuration
 261:Core/Src/main.c ****   * @retval None
 262:Core/Src/main.c ****   */
 263:Core/Src/main.c **** void SystemClock_Config(void)
 264:Core/Src/main.c **** {
 265:Core/Src/main.c ****   RCC_OscInitTypeDef RCC_OscInitStruct = {0};
 266:Core/Src/main.c ****   RCC_ClkInitTypeDef RCC_ClkInitStruct = {0};
 267:Core/Src/main.c **** 
 268:Core/Src/main.c ****   /** Configure the main internal regulator output voltage
 269:Core/Src/main.c ****   */
 270:Core/Src/main.c ****   __HAL_RCC_PWR_CLK_ENABLE();
 271:Core/Src/main.c ****   __HAL_PWR_VOLTAGESCALING_CONFIG(PWR_REGULATOR_VOLTAGE_SCALE3);
 272:Core/Src/main.c **** 
 273:Core/Src/main.c ****   /** Initializes the RCC Oscillators according to the specified parameters
 274:Core/Src/main.c ****   * in the RCC_OscInitTypeDef structure.
 275:Core/Src/main.c ****   */
 276:Core/Src/main.c ****   RCC_OscInitStruct.OscillatorType = RCC_OSCILLATORTYPE_HSI;
 277:Core/Src/main.c ****   RCC_OscInitStruct.HSIState = RCC_HSI_ON;
 278:Core/Src/main.c ****   RCC_OscInitStruct.HSICalibrationValue = RCC_HSICALIBRATION_DEFAULT;
 279:Core/Src/main.c ****   RCC_OscInitStruct.PLL.PLLState = RCC_PLL_NONE;
 280:Core/Src/main.c ****   if (HAL_RCC_OscConfig(&RCC_OscInitStruct) != HAL_OK)
 281:Core/Src/main.c ****   {
 282:Core/Src/main.c ****     Error_Handler();
 283:Core/Src/main.c ****   }
 284:Core/Src/main.c **** 
 285:Core/Src/main.c ****   /** Initializes the CPU, AHB and APB buses clocks
 286:Core/Src/main.c ****   */
 287:Core/Src/main.c ****   RCC_ClkInitStruct.ClockType = RCC_CLOCKTYPE_HCLK|RCC_CLOCKTYPE_SYSCLK
 288:Core/Src/main.c ****                               |RCC_CLOCKTYPE_PCLK1|RCC_CLOCKTYPE_PCLK2;
 289:Core/Src/main.c ****   RCC_ClkInitStruct.SYSCLKSource = RCC_SYSCLKSOURCE_HSI;
 290:Core/Src/main.c ****   RCC_ClkInitStruct.AHBCLKDivider = RCC_SYSCLK_DIV1;
 291:Core/Src/main.c ****   RCC_ClkInitStruct.APB1CLKDivider = RCC_HCLK_DIV1;
 292:Core/Src/main.c ****   RCC_ClkInitStruct.APB2CLKDivider = RCC_HCLK_DIV1;
 293:Core/Src/main.c **** 
 294:Core/Src/main.c ****   if (HAL_RCC_ClockConfig(&RCC_ClkInitStruct, FLASH_LATENCY_0) != HAL_OK)
 295:Core/Src/main.c ****   {
 296:Core/Src/main.c ****     Error_Handler();
 297:Core/Src/main.c ****   }
 298:Core/Src/main.c **** }
 299:Core/Src/main.c **** 
 300:Core/Src/main.c **** /**
 301:Core/Src/main.c ****   * @brief TIM2 Initialization Function
 302:Core/Src/main.c ****   * @param None
 303:Core/Src/main.c ****   * @retval None
 304:Core/Src/main.c ****   */
 305:Core/Src/main.c **** static void MX_TIM2_Init(void)
 306:Core/Src/main.c **** {
 307:Core/Src/main.c **** 
 308:Core/Src/main.c ****   /* USER CODE BEGIN TIM2_Init 0 */
 309:Core/Src/main.c **** 
 310:Core/Src/main.c ****   /* USER CODE END TIM2_Init 0 */
 311:Core/Src/main.c **** 
 312:Core/Src/main.c ****   TIM_ClockConfigTypeDef sClockSourceConfig = {0};
 313:Core/Src/main.c ****   TIM_MasterConfigTypeDef sMasterConfig = {0};
 314:Core/Src/main.c ****   TIM_OC_InitTypeDef sConfigOC = {0};
 315:Core/Src/main.c **** 
 316:Core/Src/main.c ****   /* USER CODE BEGIN TIM2_Init 1 */
ARM GAS  C:\Users\Ebrahim\AppData\Local\Temp\cc0Bv0tj.s 			page 7


 317:Core/Src/main.c **** 
 318:Core/Src/main.c ****   /* USER CODE END TIM2_Init 1 */
 319:Core/Src/main.c ****   htim2.Instance = TIM2;
 320:Core/Src/main.c ****   htim2.Init.Prescaler = 0;
 321:Core/Src/main.c ****   htim2.Init.CounterMode = TIM_COUNTERMODE_UP;
 322:Core/Src/main.c ****   htim2.Init.Period = TIM2_Ticks - 1;
 323:Core/Src/main.c ****   htim2.Init.ClockDivision = TIM_CLOCKDIVISION_DIV1;
 324:Core/Src/main.c ****   htim2.Init.AutoReloadPreload = TIM_AUTORELOAD_PRELOAD_DISABLE;
 325:Core/Src/main.c ****   if (HAL_TIM_Base_Init(&htim2) != HAL_OK)
 326:Core/Src/main.c ****   {
 327:Core/Src/main.c ****     Error_Handler();
 328:Core/Src/main.c ****   }
 329:Core/Src/main.c ****   sClockSourceConfig.ClockSource = TIM_CLOCKSOURCE_INTERNAL;
 330:Core/Src/main.c ****   if (HAL_TIM_ConfigClockSource(&htim2, &sClockSourceConfig) != HAL_OK)
 331:Core/Src/main.c ****   {
 332:Core/Src/main.c ****     Error_Handler();
 333:Core/Src/main.c ****   }
 334:Core/Src/main.c ****   if (HAL_TIM_OC_Init(&htim2) != HAL_OK)
 335:Core/Src/main.c ****   {
 336:Core/Src/main.c ****     Error_Handler();
 337:Core/Src/main.c ****   }
 338:Core/Src/main.c ****   sMasterConfig.MasterOutputTrigger = TIM_TRGO_RESET;
 339:Core/Src/main.c ****   sMasterConfig.MasterSlaveMode = TIM_MASTERSLAVEMODE_DISABLE;
 340:Core/Src/main.c ****   if (HAL_TIMEx_MasterConfigSynchronization(&htim2, &sMasterConfig) != HAL_OK)
 341:Core/Src/main.c ****   {
 342:Core/Src/main.c ****     Error_Handler();
 343:Core/Src/main.c ****   }
 344:Core/Src/main.c ****   sConfigOC.OCMode = TIM_OCMODE_TIMING;
 345:Core/Src/main.c ****   sConfigOC.Pulse = 0;
 346:Core/Src/main.c ****   sConfigOC.OCPolarity = TIM_OCPOLARITY_HIGH;
 347:Core/Src/main.c ****   sConfigOC.OCFastMode = TIM_OCFAST_DISABLE;
 348:Core/Src/main.c ****   if (HAL_TIM_OC_ConfigChannel(&htim2, &sConfigOC, TIM_CHANNEL_1) != HAL_OK)
 349:Core/Src/main.c ****   {
 350:Core/Src/main.c ****     Error_Handler();
 351:Core/Src/main.c ****   }
 352:Core/Src/main.c ****   /* USER CODE BEGIN TIM2_Init 2 */
 353:Core/Src/main.c ****   /* TIM2_CH1 DMA Init */
 354:Core/Src/main.c ****   __HAL_RCC_DMA1_CLK_ENABLE();
 355:Core/Src/main.c **** 
 356:Core/Src/main.c ****   hdma_tim2_ch1.Instance = DMA1_Stream5;
 357:Core/Src/main.c ****   hdma_tim2_ch1.Init.Channel = DMA_CHANNEL_3;         // TIM2_CH1 is on channel 3
 358:Core/Src/main.c ****   hdma_tim2_ch1.Init.Direction = DMA_MEMORY_TO_PERIPH; // Memory -> TIM3->CCR3
 359:Core/Src/main.c ****   hdma_tim2_ch1.Init.PeriphInc = DMA_PINC_DISABLE;    // Peripheral address fixed
 360:Core/Src/main.c ****   hdma_tim2_ch1.Init.MemInc = DMA_MINC_ENABLE;        // Memory address increments
 361:Core/Src/main.c ****   hdma_tim2_ch1.Init.PeriphDataAlignment = DMA_PDATAALIGN_WORD;
 362:Core/Src/main.c ****   hdma_tim2_ch1.Init.MemDataAlignment = DMA_MDATAALIGN_WORD;
 363:Core/Src/main.c ****   hdma_tim2_ch1.Init.Mode = DMA_CIRCULAR;            // Repeat LUT automatically
 364:Core/Src/main.c ****   hdma_tim2_ch1.Init.Priority = DMA_PRIORITY_HIGH;
 365:Core/Src/main.c ****   hdma_tim2_ch1.Init.FIFOMode = DMA_FIFOMODE_DISABLE;
 366:Core/Src/main.c **** 
 367:Core/Src/main.c ****   if (HAL_DMA_Init(&hdma_tim2_ch1) != HAL_OK)
 368:Core/Src/main.c ****   {
 369:Core/Src/main.c ****       Error_Handler();
 370:Core/Src/main.c ****   }
 371:Core/Src/main.c **** 
 372:Core/Src/main.c ****   /* Link DMA handle to TIM2 handle */
 373:Core/Src/main.c ****   __HAL_LINKDMA(&htim2, hdma[TIM_DMA_ID_CC1], hdma_tim2_ch1);
ARM GAS  C:\Users\Ebrahim\AppData\Local\Temp\cc0Bv0tj.s 			page 8


 374:Core/Src/main.c ****   /* USER CODE END TIM2_Init 2 */
 375:Core/Src/main.c **** 
 376:Core/Src/main.c **** }
 377:Core/Src/main.c **** 
 378:Core/Src/main.c **** /**
 379:Core/Src/main.c ****   * @brief TIM3 Initialization Function
 380:Core/Src/main.c ****   * @param None
 381:Core/Src/main.c ****   * @retval None
 382:Core/Src/main.c ****   */
 383:Core/Src/main.c **** static void MX_TIM3_Init(void)
 384:Core/Src/main.c **** {
 385:Core/Src/main.c **** 
 386:Core/Src/main.c ****   /* USER CODE BEGIN TIM3_Init 0 */
 387:Core/Src/main.c **** 
 388:Core/Src/main.c ****   /* USER CODE END TIM3_Init 0 */
 389:Core/Src/main.c **** 
 390:Core/Src/main.c ****   TIM_ClockConfigTypeDef sClockSourceConfig = {0};
 391:Core/Src/main.c ****   TIM_MasterConfigTypeDef sMasterConfig = {0};
 392:Core/Src/main.c ****   TIM_OC_InitTypeDef sConfigOC = {0};
 393:Core/Src/main.c **** 
 394:Core/Src/main.c ****   /* USER CODE BEGIN TIM3_Init 1 */
 395:Core/Src/main.c **** 
 396:Core/Src/main.c ****   /* USER CODE END TIM3_Init 1 */
 397:Core/Src/main.c ****   htim3.Instance = TIM3;
 398:Core/Src/main.c ****   htim3.Init.Prescaler = 0;
 399:Core/Src/main.c ****   htim3.Init.CounterMode = TIM_COUNTERMODE_UP;
 400:Core/Src/main.c ****   htim3.Init.Period = 65535;
 401:Core/Src/main.c ****   htim3.Init.ClockDivision = TIM_CLOCKDIVISION_DIV1;
 402:Core/Src/main.c ****   htim3.Init.AutoReloadPreload = TIM_AUTORELOAD_PRELOAD_DISABLE;
 403:Core/Src/main.c ****   if (HAL_TIM_Base_Init(&htim3) != HAL_OK)
 404:Core/Src/main.c ****   {
 405:Core/Src/main.c ****     Error_Handler();
 406:Core/Src/main.c ****   }
 407:Core/Src/main.c ****   sClockSourceConfig.ClockSource = TIM_CLOCKSOURCE_INTERNAL;
 408:Core/Src/main.c ****   if (HAL_TIM_ConfigClockSource(&htim3, &sClockSourceConfig) != HAL_OK)
 409:Core/Src/main.c ****   {
 410:Core/Src/main.c ****     Error_Handler();
 411:Core/Src/main.c ****   }
 412:Core/Src/main.c ****   if (HAL_TIM_PWM_Init(&htim3) != HAL_OK)
 413:Core/Src/main.c ****   {
 414:Core/Src/main.c ****     Error_Handler();
 415:Core/Src/main.c ****   }
 416:Core/Src/main.c ****   sMasterConfig.MasterOutputTrigger = TIM_TRGO_RESET;
 417:Core/Src/main.c ****   sMasterConfig.MasterSlaveMode = TIM_MASTERSLAVEMODE_DISABLE;
 418:Core/Src/main.c ****   if (HAL_TIMEx_MasterConfigSynchronization(&htim3, &sMasterConfig) != HAL_OK)
 419:Core/Src/main.c ****   {
 420:Core/Src/main.c ****     Error_Handler();
 421:Core/Src/main.c ****   }
 422:Core/Src/main.c ****   sConfigOC.OCMode = TIM_OCMODE_PWM1;
 423:Core/Src/main.c ****   sConfigOC.Pulse = 0;
 424:Core/Src/main.c ****   sConfigOC.OCPolarity = TIM_OCPOLARITY_HIGH;
 425:Core/Src/main.c ****   sConfigOC.OCFastMode = TIM_OCFAST_DISABLE;
 426:Core/Src/main.c ****   if (HAL_TIM_PWM_ConfigChannel(&htim3, &sConfigOC, TIM_CHANNEL_3) != HAL_OK)
 427:Core/Src/main.c ****   {
 428:Core/Src/main.c ****     Error_Handler();
 429:Core/Src/main.c ****   }
 430:Core/Src/main.c ****   /* USER CODE BEGIN TIM3_Init 2 */
ARM GAS  C:\Users\Ebrahim\AppData\Local\Temp\cc0Bv0tj.s 			page 9


 431:Core/Src/main.c **** 
 432:Core/Src/main.c ****   /* USER CODE END TIM3_Init 2 */
 433:Core/Src/main.c ****   HAL_TIM_MspPostInit(&htim3);
 434:Core/Src/main.c **** 
 435:Core/Src/main.c **** }
 436:Core/Src/main.c **** 
 437:Core/Src/main.c **** /**
 438:Core/Src/main.c ****   * Enable DMA controller clock
 439:Core/Src/main.c ****   */
 440:Core/Src/main.c **** static void MX_DMA_Init(void)
 441:Core/Src/main.c **** {
 442:Core/Src/main.c **** 
 443:Core/Src/main.c ****   /* DMA controller clock enable */
 444:Core/Src/main.c ****   __HAL_RCC_DMA1_CLK_ENABLE();
 445:Core/Src/main.c **** 
 446:Core/Src/main.c ****   /* DMA interrupt init */
 447:Core/Src/main.c ****   /* DMA1_Stream5_IRQn interrupt configuration */
 448:Core/Src/main.c ****   HAL_NVIC_SetPriority(DMA1_Stream5_IRQn, 0, 0);
 449:Core/Src/main.c ****   HAL_NVIC_EnableIRQ(DMA1_Stream5_IRQn);
 450:Core/Src/main.c **** 
 451:Core/Src/main.c **** }
 452:Core/Src/main.c **** 
 453:Core/Src/main.c **** /**
 454:Core/Src/main.c ****   * @brief GPIO Initialization Function
 455:Core/Src/main.c ****   * @param None
 456:Core/Src/main.c ****   * @retval None
 457:Core/Src/main.c ****   */
 458:Core/Src/main.c **** static void MX_GPIO_Init(void)
 459:Core/Src/main.c **** {
  28              		.loc 1 459 1 view -0
  29              		.cfi_startproc
  30              		@ args = 0, pretend = 0, frame = 32
  31              		@ frame_needed = 0, uses_anonymous_args = 0
  32 0000 2DE9F04F 		push	{r4, r5, r6, r7, r8, r9, r10, fp, lr}
  33              	.LCFI0:
  34              		.cfi_def_cfa_offset 36
  35              		.cfi_offset 4, -36
  36              		.cfi_offset 5, -32
  37              		.cfi_offset 6, -28
  38              		.cfi_offset 7, -24
  39              		.cfi_offset 8, -20
  40              		.cfi_offset 9, -16
  41              		.cfi_offset 10, -12
  42              		.cfi_offset 11, -8
  43              		.cfi_offset 14, -4
  44 0004 89B0     		sub	sp, sp, #36
  45              	.LCFI1:
  46              		.cfi_def_cfa_offset 72
 460:Core/Src/main.c ****   GPIO_InitTypeDef GPIO_InitStruct = {0};
  47              		.loc 1 460 3 view .LVU1
  48              		.loc 1 460 20 is_stmt 0 view .LVU2
  49 0006 0024     		movs	r4, #0
  50 0008 0394     		str	r4, [sp, #12]
  51 000a 0494     		str	r4, [sp, #16]
  52 000c 0594     		str	r4, [sp, #20]
  53 000e 0694     		str	r4, [sp, #24]
  54 0010 0794     		str	r4, [sp, #28]
ARM GAS  C:\Users\Ebrahim\AppData\Local\Temp\cc0Bv0tj.s 			page 10


 461:Core/Src/main.c ****   /* USER CODE BEGIN MX_GPIO_Init_1 */
 462:Core/Src/main.c **** 
 463:Core/Src/main.c ****   /* USER CODE END MX_GPIO_Init_1 */
 464:Core/Src/main.c **** 
 465:Core/Src/main.c ****   /* GPIO Ports Clock Enable */
 466:Core/Src/main.c ****   __HAL_RCC_GPIOH_CLK_ENABLE();
  55              		.loc 1 466 3 is_stmt 1 view .LVU3
  56              	.LBB4:
  57              		.loc 1 466 3 view .LVU4
  58 0012 0094     		str	r4, [sp]
  59              		.loc 1 466 3 view .LVU5
  60 0014 2F4B     		ldr	r3, .L3
  61 0016 1A6B     		ldr	r2, [r3, #48]
  62 0018 42F08002 		orr	r2, r2, #128
  63 001c 1A63     		str	r2, [r3, #48]
  64              		.loc 1 466 3 view .LVU6
  65 001e 1A6B     		ldr	r2, [r3, #48]
  66 0020 02F08002 		and	r2, r2, #128
  67 0024 0092     		str	r2, [sp]
  68              		.loc 1 466 3 view .LVU7
  69 0026 009A     		ldr	r2, [sp]
  70              	.LBE4:
  71              		.loc 1 466 3 view .LVU8
 467:Core/Src/main.c ****   __HAL_RCC_GPIOA_CLK_ENABLE();
  72              		.loc 1 467 3 view .LVU9
  73              	.LBB5:
  74              		.loc 1 467 3 view .LVU10
  75 0028 0194     		str	r4, [sp, #4]
  76              		.loc 1 467 3 view .LVU11
  77 002a 1A6B     		ldr	r2, [r3, #48]
  78 002c 42F00102 		orr	r2, r2, #1
  79 0030 1A63     		str	r2, [r3, #48]
  80              		.loc 1 467 3 view .LVU12
  81 0032 1A6B     		ldr	r2, [r3, #48]
  82 0034 02F00102 		and	r2, r2, #1
  83 0038 0192     		str	r2, [sp, #4]
  84              		.loc 1 467 3 view .LVU13
  85 003a 019A     		ldr	r2, [sp, #4]
  86              	.LBE5:
  87              		.loc 1 467 3 view .LVU14
 468:Core/Src/main.c ****   __HAL_RCC_GPIOB_CLK_ENABLE();
  88              		.loc 1 468 3 view .LVU15
  89              	.LBB6:
  90              		.loc 1 468 3 view .LVU16
  91 003c 0294     		str	r4, [sp, #8]
  92              		.loc 1 468 3 view .LVU17
  93 003e 1A6B     		ldr	r2, [r3, #48]
  94 0040 42F00202 		orr	r2, r2, #2
  95 0044 1A63     		str	r2, [r3, #48]
  96              		.loc 1 468 3 view .LVU18
  97 0046 1B6B     		ldr	r3, [r3, #48]
  98 0048 03F00203 		and	r3, r3, #2
  99 004c 0293     		str	r3, [sp, #8]
 100              		.loc 1 468 3 view .LVU19
 101 004e 029B     		ldr	r3, [sp, #8]
 102              	.LBE6:
 103              		.loc 1 468 3 view .LVU20
ARM GAS  C:\Users\Ebrahim\AppData\Local\Temp\cc0Bv0tj.s 			page 11


 469:Core/Src/main.c **** 
 470:Core/Src/main.c ****   // -------------------------------
 471:Core/Src/main.c ****   // LCD pins configuration
 472:Core/Src/main.c ****   // -------------------------------
 473:Core/Src/main.c ****   // Configure PC14 (RS) and PC15 (E) as output push-pull
 474:Core/Src/main.c ****   GPIO_InitStruct.Pin = GPIO_PIN_14 | GPIO_PIN_15;
 104              		.loc 1 474 3 view .LVU21
 105              		.loc 1 474 23 is_stmt 0 view .LVU22
 106 0050 4FF4404B 		mov	fp, #49152
 107 0054 CDF80CB0 		str	fp, [sp, #12]
 475:Core/Src/main.c ****   GPIO_InitStruct.Mode = GPIO_MODE_OUTPUT_PP;
 108              		.loc 1 475 3 is_stmt 1 view .LVU23
 109              		.loc 1 475 24 is_stmt 0 view .LVU24
 110 0058 0126     		movs	r6, #1
 111 005a 0496     		str	r6, [sp, #16]
 476:Core/Src/main.c ****   GPIO_InitStruct.Pull = GPIO_NOPULL;
 112              		.loc 1 476 3 is_stmt 1 view .LVU25
 477:Core/Src/main.c ****   GPIO_InitStruct.Speed = GPIO_SPEED_FREQ_LOW;
 113              		.loc 1 477 3 view .LVU26
 478:Core/Src/main.c ****   HAL_GPIO_Init(GPIOC, &GPIO_InitStruct);
 114              		.loc 1 478 3 view .LVU27
 115 005c DFF87CA0 		ldr	r10, .L3+8
 116 0060 03A9     		add	r1, sp, #12
 117 0062 5046     		mov	r0, r10
 118 0064 FFF7FEFF 		bl	HAL_GPIO_Init
 119              	.LVL0:
 479:Core/Src/main.c **** 
 480:Core/Src/main.c ****   // Configure PB8 (D4) and PB9 (D5) as output push-pull
 481:Core/Src/main.c ****   GPIO_InitStruct.Pin = GPIO_PIN_8 | GPIO_PIN_9;
 120              		.loc 1 481 3 view .LVU28
 121              		.loc 1 481 23 is_stmt 0 view .LVU29
 122 0068 4FF44079 		mov	r9, #768
 123 006c CDF80C90 		str	r9, [sp, #12]
 482:Core/Src/main.c ****   HAL_GPIO_Init(GPIOB, &GPIO_InitStruct);
 124              		.loc 1 482 3 is_stmt 1 view .LVU30
 125 0070 DFF86C80 		ldr	r8, .L3+12
 126 0074 03A9     		add	r1, sp, #12
 127 0076 4046     		mov	r0, r8
 128 0078 FFF7FEFF 		bl	HAL_GPIO_Init
 129              	.LVL1:
 483:Core/Src/main.c **** 
 484:Core/Src/main.c ****   // Configure PA12 (D6) and PA15 (D7) as output push-pull
 485:Core/Src/main.c ****   GPIO_InitStruct.Pin = GPIO_PIN_12 | GPIO_PIN_15;
 130              		.loc 1 485 3 view .LVU31
 131              		.loc 1 485 23 is_stmt 0 view .LVU32
 132 007c 4FF41047 		mov	r7, #36864
 133 0080 0397     		str	r7, [sp, #12]
 486:Core/Src/main.c ****   HAL_GPIO_Init(GPIOA, &GPIO_InitStruct);
 134              		.loc 1 486 3 is_stmt 1 view .LVU33
 135 0082 154D     		ldr	r5, .L3+4
 136 0084 03A9     		add	r1, sp, #12
 137 0086 2846     		mov	r0, r5
 138 0088 FFF7FEFF 		bl	HAL_GPIO_Init
 139              	.LVL2:
 487:Core/Src/main.c **** 
 488:Core/Src/main.c ****   // Set all LCD pins LOW initially
 489:Core/Src/main.c ****   HAL_GPIO_WritePin(GPIOC, GPIO_PIN_14 | GPIO_PIN_15, GPIO_PIN_RESET);
ARM GAS  C:\Users\Ebrahim\AppData\Local\Temp\cc0Bv0tj.s 			page 12


 140              		.loc 1 489 3 view .LVU34
 141 008c 2246     		mov	r2, r4
 142 008e 5946     		mov	r1, fp
 143 0090 5046     		mov	r0, r10
 144 0092 FFF7FEFF 		bl	HAL_GPIO_WritePin
 145              	.LVL3:
 490:Core/Src/main.c ****   HAL_GPIO_WritePin(GPIOB, GPIO_PIN_8 | GPIO_PIN_9, GPIO_PIN_RESET);
 146              		.loc 1 490 3 view .LVU35
 147 0096 2246     		mov	r2, r4
 148 0098 4946     		mov	r1, r9
 149 009a 4046     		mov	r0, r8
 150 009c FFF7FEFF 		bl	HAL_GPIO_WritePin
 151              	.LVL4:
 491:Core/Src/main.c ****   HAL_GPIO_WritePin(GPIOA, GPIO_PIN_12 | GPIO_PIN_15, GPIO_PIN_RESET);
 152              		.loc 1 491 3 view .LVU36
 153 00a0 2246     		mov	r2, r4
 154 00a2 3946     		mov	r1, r7
 155 00a4 2846     		mov	r0, r5
 156 00a6 FFF7FEFF 		bl	HAL_GPIO_WritePin
 157              	.LVL5:
 492:Core/Src/main.c **** 
 493:Core/Src/main.c **** 
 494:Core/Src/main.c ****   // -------------------------------
 495:Core/Src/main.c ****   // Button0 configuration (PA0)
 496:Core/Src/main.c ****   // -------------------------------
 497:Core/Src/main.c ****   GPIO_InitStruct.Pin = Button0_Pin;
 158              		.loc 1 497 3 view .LVU37
 159              		.loc 1 497 23 is_stmt 0 view .LVU38
 160 00aa 0396     		str	r6, [sp, #12]
 498:Core/Src/main.c ****   GPIO_InitStruct.Mode = GPIO_MODE_IT_RISING; // Interrupt on rising edge
 161              		.loc 1 498 3 is_stmt 1 view .LVU39
 162              		.loc 1 498 24 is_stmt 0 view .LVU40
 163 00ac 4FF48813 		mov	r3, #1114112
 164 00b0 0493     		str	r3, [sp, #16]
 499:Core/Src/main.c ****   GPIO_InitStruct.Pull = GPIO_PULLUP;         // Use pull-up resistor
 165              		.loc 1 499 3 is_stmt 1 view .LVU41
 166              		.loc 1 499 24 is_stmt 0 view .LVU42
 167 00b2 0596     		str	r6, [sp, #20]
 500:Core/Src/main.c ****   HAL_GPIO_Init(GPIOA, &GPIO_InitStruct);
 168              		.loc 1 500 3 is_stmt 1 view .LVU43
 169 00b4 03A9     		add	r1, sp, #12
 170 00b6 2846     		mov	r0, r5
 171 00b8 FFF7FEFF 		bl	HAL_GPIO_Init
 172              	.LVL6:
 501:Core/Src/main.c **** 
 502:Core/Src/main.c ****   // Enable and set EXTI line 0 interrupt priority
 503:Core/Src/main.c ****   HAL_NVIC_SetPriority(EXTI0_IRQn, 2, 0);
 173              		.loc 1 503 3 view .LVU44
 174 00bc 2246     		mov	r2, r4
 175 00be 0221     		movs	r1, #2
 176 00c0 0620     		movs	r0, #6
 177 00c2 FFF7FEFF 		bl	HAL_NVIC_SetPriority
 178              	.LVL7:
 504:Core/Src/main.c ****   HAL_NVIC_EnableIRQ(EXTI0_IRQn);
 179              		.loc 1 504 3 view .LVU45
 180 00c6 0620     		movs	r0, #6
 181 00c8 FFF7FEFF 		bl	HAL_NVIC_EnableIRQ
ARM GAS  C:\Users\Ebrahim\AppData\Local\Temp\cc0Bv0tj.s 			page 13


 182              	.LVL8:
 505:Core/Src/main.c **** 
 506:Core/Src/main.c ****   /* USER CODE END MX_GPIO_Init_2 */
 507:Core/Src/main.c **** }
 183              		.loc 1 507 1 is_stmt 0 view .LVU46
 184 00cc 09B0     		add	sp, sp, #36
 185              	.LCFI2:
 186              		.cfi_def_cfa_offset 36
 187              		@ sp needed
 188 00ce BDE8F08F 		pop	{r4, r5, r6, r7, r8, r9, r10, fp, pc}
 189              	.L4:
 190 00d2 00BF     		.align	2
 191              	.L3:
 192 00d4 00380240 		.word	1073887232
 193 00d8 00000240 		.word	1073872896
 194 00dc 00080240 		.word	1073874944
 195 00e0 00040240 		.word	1073873920
 196              		.cfi_endproc
 197              	.LFE142:
 199              		.section	.text.MX_DMA_Init,"ax",%progbits
 200              		.align	1
 201              		.syntax unified
 202              		.thumb
 203              		.thumb_func
 205              	MX_DMA_Init:
 206              	.LFB141:
 441:Core/Src/main.c **** 
 207              		.loc 1 441 1 is_stmt 1 view -0
 208              		.cfi_startproc
 209              		@ args = 0, pretend = 0, frame = 8
 210              		@ frame_needed = 0, uses_anonymous_args = 0
 211 0000 00B5     		push	{lr}
 212              	.LCFI3:
 213              		.cfi_def_cfa_offset 4
 214              		.cfi_offset 14, -4
 215 0002 83B0     		sub	sp, sp, #12
 216              	.LCFI4:
 217              		.cfi_def_cfa_offset 16
 444:Core/Src/main.c **** 
 218              		.loc 1 444 3 view .LVU48
 219              	.LBB7:
 444:Core/Src/main.c **** 
 220              		.loc 1 444 3 view .LVU49
 221 0004 0021     		movs	r1, #0
 222 0006 0191     		str	r1, [sp, #4]
 444:Core/Src/main.c **** 
 223              		.loc 1 444 3 view .LVU50
 224 0008 094B     		ldr	r3, .L7
 225 000a 1A6B     		ldr	r2, [r3, #48]
 226 000c 42F40012 		orr	r2, r2, #2097152
 227 0010 1A63     		str	r2, [r3, #48]
 444:Core/Src/main.c **** 
 228              		.loc 1 444 3 view .LVU51
 229 0012 1B6B     		ldr	r3, [r3, #48]
 230 0014 03F40013 		and	r3, r3, #2097152
 231 0018 0193     		str	r3, [sp, #4]
 444:Core/Src/main.c **** 
ARM GAS  C:\Users\Ebrahim\AppData\Local\Temp\cc0Bv0tj.s 			page 14


 232              		.loc 1 444 3 view .LVU52
 233 001a 019B     		ldr	r3, [sp, #4]
 234              	.LBE7:
 444:Core/Src/main.c **** 
 235              		.loc 1 444 3 view .LVU53
 448:Core/Src/main.c ****   HAL_NVIC_EnableIRQ(DMA1_Stream5_IRQn);
 236              		.loc 1 448 3 view .LVU54
 237 001c 0A46     		mov	r2, r1
 238 001e 1020     		movs	r0, #16
 239 0020 FFF7FEFF 		bl	HAL_NVIC_SetPriority
 240              	.LVL9:
 449:Core/Src/main.c **** 
 241              		.loc 1 449 3 view .LVU55
 242 0024 1020     		movs	r0, #16
 243 0026 FFF7FEFF 		bl	HAL_NVIC_EnableIRQ
 244              	.LVL10:
 451:Core/Src/main.c **** 
 245              		.loc 1 451 1 is_stmt 0 view .LVU56
 246 002a 03B0     		add	sp, sp, #12
 247              	.LCFI5:
 248              		.cfi_def_cfa_offset 4
 249              		@ sp needed
 250 002c 5DF804FB 		ldr	pc, [sp], #4
 251              	.L8:
 252              		.align	2
 253              	.L7:
 254 0030 00380240 		.word	1073887232
 255              		.cfi_endproc
 256              	.LFE141:
 258              		.section	.text.EXTI0_IRQHandler,"ax",%progbits
 259              		.align	1
 260              		.global	EXTI0_IRQHandler
 261              		.syntax unified
 262              		.thumb
 263              		.thumb_func
 265              	EXTI0_IRQHandler:
 266              	.LFB143:
 508:Core/Src/main.c **** 
 509:Core/Src/main.c **** /* USER CODE BEGIN 4 */
 510:Core/Src/main.c **** void EXTI0_IRQHandler(void){
 267              		.loc 1 510 28 is_stmt 1 view -0
 268              		.cfi_startproc
 269              		@ args = 0, pretend = 0, frame = 0
 270              		@ frame_needed = 0, uses_anonymous_args = 0
 271 0000 08B5     		push	{r3, lr}
 272              	.LCFI6:
 273              		.cfi_def_cfa_offset 8
 274              		.cfi_offset 3, -8
 275              		.cfi_offset 14, -4
 511:Core/Src/main.c **** 
 512:Core/Src/main.c **** 	// TODO: Debounce using HAL_GetTick()
 513:Core/Src/main.c **** 
 514:Core/Src/main.c **** 
 515:Core/Src/main.c **** 	// TODO: Disable DMA transfer and abort IT, then start DMA in IT mode with new LUT and re-enable t
 516:Core/Src/main.c **** 	// HINT: Consider using C's "switch" function to handle LUT changes
 517:Core/Src/main.c **** 
 518:Core/Src/main.c **** 
ARM GAS  C:\Users\Ebrahim\AppData\Local\Temp\cc0Bv0tj.s 			page 15


 519:Core/Src/main.c **** 
 520:Core/Src/main.c **** 
 521:Core/Src/main.c **** 	HAL_GPIO_EXTI_IRQHandler(Button0_Pin); // Clear interrupt flags
 276              		.loc 1 521 2 view .LVU58
 277 0002 0120     		movs	r0, #1
 278 0004 FFF7FEFF 		bl	HAL_GPIO_EXTI_IRQHandler
 279              	.LVL11:
 522:Core/Src/main.c **** }
 280              		.loc 1 522 1 is_stmt 0 view .LVU59
 281 0008 08BD     		pop	{r3, pc}
 282              		.cfi_endproc
 283              	.LFE143:
 285              		.section	.text.Error_Handler,"ax",%progbits
 286              		.align	1
 287              		.global	Error_Handler
 288              		.syntax unified
 289              		.thumb
 290              		.thumb_func
 292              	Error_Handler:
 293              	.LFB144:
 523:Core/Src/main.c **** /* USER CODE END 4 */
 524:Core/Src/main.c **** 
 525:Core/Src/main.c **** /**
 526:Core/Src/main.c ****   * @brief  This function is executed in case of error occurrence.
 527:Core/Src/main.c ****   * @retval None
 528:Core/Src/main.c ****   */
 529:Core/Src/main.c **** void Error_Handler(void)
 530:Core/Src/main.c **** {
 294              		.loc 1 530 1 is_stmt 1 view -0
 295              		.cfi_startproc
 296              		@ Volatile: function does not return.
 297              		@ args = 0, pretend = 0, frame = 0
 298              		@ frame_needed = 0, uses_anonymous_args = 0
 299              		@ link register save eliminated.
 531:Core/Src/main.c ****   /* USER CODE BEGIN Error_Handler_Debug */
 532:Core/Src/main.c ****   /* User can add his own implementation to report the HAL error return state */
 533:Core/Src/main.c ****   __disable_irq();
 300              		.loc 1 533 3 view .LVU61
 301              	.LBB8:
 302              	.LBI8:
 303              		.file 2 "Drivers/CMSIS/Include/cmsis_gcc.h"
   1:Drivers/CMSIS/Include/cmsis_gcc.h **** /**************************************************************************//**
   2:Drivers/CMSIS/Include/cmsis_gcc.h ****  * @file     cmsis_gcc.h
   3:Drivers/CMSIS/Include/cmsis_gcc.h ****  * @brief    CMSIS compiler GCC header file
   4:Drivers/CMSIS/Include/cmsis_gcc.h ****  * @version  V5.4.1
   5:Drivers/CMSIS/Include/cmsis_gcc.h ****  * @date     27. May 2021
   6:Drivers/CMSIS/Include/cmsis_gcc.h ****  ******************************************************************************/
   7:Drivers/CMSIS/Include/cmsis_gcc.h **** /*
   8:Drivers/CMSIS/Include/cmsis_gcc.h ****  * Copyright (c) 2009-2021 Arm Limited. All rights reserved.
   9:Drivers/CMSIS/Include/cmsis_gcc.h ****  *
  10:Drivers/CMSIS/Include/cmsis_gcc.h ****  * SPDX-License-Identifier: Apache-2.0
  11:Drivers/CMSIS/Include/cmsis_gcc.h ****  *
  12:Drivers/CMSIS/Include/cmsis_gcc.h ****  * Licensed under the Apache License, Version 2.0 (the License); you may
  13:Drivers/CMSIS/Include/cmsis_gcc.h ****  * not use this file except in compliance with the License.
  14:Drivers/CMSIS/Include/cmsis_gcc.h ****  * You may obtain a copy of the License at
  15:Drivers/CMSIS/Include/cmsis_gcc.h ****  *
  16:Drivers/CMSIS/Include/cmsis_gcc.h ****  * www.apache.org/licenses/LICENSE-2.0
ARM GAS  C:\Users\Ebrahim\AppData\Local\Temp\cc0Bv0tj.s 			page 16


  17:Drivers/CMSIS/Include/cmsis_gcc.h ****  *
  18:Drivers/CMSIS/Include/cmsis_gcc.h ****  * Unless required by applicable law or agreed to in writing, software
  19:Drivers/CMSIS/Include/cmsis_gcc.h ****  * distributed under the License is distributed on an AS IS BASIS, WITHOUT
  20:Drivers/CMSIS/Include/cmsis_gcc.h ****  * WARRANTIES OR CONDITIONS OF ANY KIND, either express or implied.
  21:Drivers/CMSIS/Include/cmsis_gcc.h ****  * See the License for the specific language governing permissions and
  22:Drivers/CMSIS/Include/cmsis_gcc.h ****  * limitations under the License.
  23:Drivers/CMSIS/Include/cmsis_gcc.h ****  */
  24:Drivers/CMSIS/Include/cmsis_gcc.h **** 
  25:Drivers/CMSIS/Include/cmsis_gcc.h **** #ifndef __CMSIS_GCC_H
  26:Drivers/CMSIS/Include/cmsis_gcc.h **** #define __CMSIS_GCC_H
  27:Drivers/CMSIS/Include/cmsis_gcc.h **** 
  28:Drivers/CMSIS/Include/cmsis_gcc.h **** /* ignore some GCC warnings */
  29:Drivers/CMSIS/Include/cmsis_gcc.h **** #pragma GCC diagnostic push
  30:Drivers/CMSIS/Include/cmsis_gcc.h **** #pragma GCC diagnostic ignored "-Wsign-conversion"
  31:Drivers/CMSIS/Include/cmsis_gcc.h **** #pragma GCC diagnostic ignored "-Wconversion"
  32:Drivers/CMSIS/Include/cmsis_gcc.h **** #pragma GCC diagnostic ignored "-Wunused-parameter"
  33:Drivers/CMSIS/Include/cmsis_gcc.h **** 
  34:Drivers/CMSIS/Include/cmsis_gcc.h **** /* Fallback for __has_builtin */
  35:Drivers/CMSIS/Include/cmsis_gcc.h **** #ifndef __has_builtin
  36:Drivers/CMSIS/Include/cmsis_gcc.h ****   #define __has_builtin(x) (0)
  37:Drivers/CMSIS/Include/cmsis_gcc.h **** #endif
  38:Drivers/CMSIS/Include/cmsis_gcc.h **** 
  39:Drivers/CMSIS/Include/cmsis_gcc.h **** /* CMSIS compiler specific defines */
  40:Drivers/CMSIS/Include/cmsis_gcc.h **** #ifndef   __ASM
  41:Drivers/CMSIS/Include/cmsis_gcc.h ****   #define __ASM                                  __asm
  42:Drivers/CMSIS/Include/cmsis_gcc.h **** #endif
  43:Drivers/CMSIS/Include/cmsis_gcc.h **** #ifndef   __INLINE
  44:Drivers/CMSIS/Include/cmsis_gcc.h ****   #define __INLINE                               inline
  45:Drivers/CMSIS/Include/cmsis_gcc.h **** #endif
  46:Drivers/CMSIS/Include/cmsis_gcc.h **** #ifndef   __STATIC_INLINE
  47:Drivers/CMSIS/Include/cmsis_gcc.h ****   #define __STATIC_INLINE                        static inline
  48:Drivers/CMSIS/Include/cmsis_gcc.h **** #endif
  49:Drivers/CMSIS/Include/cmsis_gcc.h **** #ifndef   __STATIC_FORCEINLINE
  50:Drivers/CMSIS/Include/cmsis_gcc.h ****   #define __STATIC_FORCEINLINE                   __attribute__((always_inline)) static inline
  51:Drivers/CMSIS/Include/cmsis_gcc.h **** #endif
  52:Drivers/CMSIS/Include/cmsis_gcc.h **** #ifndef   __NO_RETURN
  53:Drivers/CMSIS/Include/cmsis_gcc.h ****   #define __NO_RETURN                            __attribute__((__noreturn__))
  54:Drivers/CMSIS/Include/cmsis_gcc.h **** #endif
  55:Drivers/CMSIS/Include/cmsis_gcc.h **** #ifndef   __USED
  56:Drivers/CMSIS/Include/cmsis_gcc.h ****   #define __USED                                 __attribute__((used))
  57:Drivers/CMSIS/Include/cmsis_gcc.h **** #endif
  58:Drivers/CMSIS/Include/cmsis_gcc.h **** #ifndef   __WEAK
  59:Drivers/CMSIS/Include/cmsis_gcc.h ****   #define __WEAK                                 __attribute__((weak))
  60:Drivers/CMSIS/Include/cmsis_gcc.h **** #endif
  61:Drivers/CMSIS/Include/cmsis_gcc.h **** #ifndef   __PACKED
  62:Drivers/CMSIS/Include/cmsis_gcc.h ****   #define __PACKED                               __attribute__((packed, aligned(1)))
  63:Drivers/CMSIS/Include/cmsis_gcc.h **** #endif
  64:Drivers/CMSIS/Include/cmsis_gcc.h **** #ifndef   __PACKED_STRUCT
  65:Drivers/CMSIS/Include/cmsis_gcc.h ****   #define __PACKED_STRUCT                        struct __attribute__((packed, aligned(1)))
  66:Drivers/CMSIS/Include/cmsis_gcc.h **** #endif
  67:Drivers/CMSIS/Include/cmsis_gcc.h **** #ifndef   __PACKED_UNION
  68:Drivers/CMSIS/Include/cmsis_gcc.h ****   #define __PACKED_UNION                         union __attribute__((packed, aligned(1)))
  69:Drivers/CMSIS/Include/cmsis_gcc.h **** #endif
  70:Drivers/CMSIS/Include/cmsis_gcc.h **** #ifndef   __UNALIGNED_UINT32        /* deprecated */
  71:Drivers/CMSIS/Include/cmsis_gcc.h ****   #pragma GCC diagnostic push
  72:Drivers/CMSIS/Include/cmsis_gcc.h ****   #pragma GCC diagnostic ignored "-Wpacked"
  73:Drivers/CMSIS/Include/cmsis_gcc.h ****   #pragma GCC diagnostic ignored "-Wattributes"
ARM GAS  C:\Users\Ebrahim\AppData\Local\Temp\cc0Bv0tj.s 			page 17


  74:Drivers/CMSIS/Include/cmsis_gcc.h ****   struct __attribute__((packed)) T_UINT32 { uint32_t v; };
  75:Drivers/CMSIS/Include/cmsis_gcc.h ****   #pragma GCC diagnostic pop
  76:Drivers/CMSIS/Include/cmsis_gcc.h ****   #define __UNALIGNED_UINT32(x)                  (((struct T_UINT32 *)(x))->v)
  77:Drivers/CMSIS/Include/cmsis_gcc.h **** #endif
  78:Drivers/CMSIS/Include/cmsis_gcc.h **** #ifndef   __UNALIGNED_UINT16_WRITE
  79:Drivers/CMSIS/Include/cmsis_gcc.h ****   #pragma GCC diagnostic push
  80:Drivers/CMSIS/Include/cmsis_gcc.h ****   #pragma GCC diagnostic ignored "-Wpacked"
  81:Drivers/CMSIS/Include/cmsis_gcc.h ****   #pragma GCC diagnostic ignored "-Wattributes"
  82:Drivers/CMSIS/Include/cmsis_gcc.h ****   __PACKED_STRUCT T_UINT16_WRITE { uint16_t v; };
  83:Drivers/CMSIS/Include/cmsis_gcc.h ****   #pragma GCC diagnostic pop
  84:Drivers/CMSIS/Include/cmsis_gcc.h ****   #define __UNALIGNED_UINT16_WRITE(addr, val)    (void)((((struct T_UINT16_WRITE *)(void *)(addr))-
  85:Drivers/CMSIS/Include/cmsis_gcc.h **** #endif
  86:Drivers/CMSIS/Include/cmsis_gcc.h **** #ifndef   __UNALIGNED_UINT16_READ
  87:Drivers/CMSIS/Include/cmsis_gcc.h ****   #pragma GCC diagnostic push
  88:Drivers/CMSIS/Include/cmsis_gcc.h ****   #pragma GCC diagnostic ignored "-Wpacked"
  89:Drivers/CMSIS/Include/cmsis_gcc.h ****   #pragma GCC diagnostic ignored "-Wattributes"
  90:Drivers/CMSIS/Include/cmsis_gcc.h ****   __PACKED_STRUCT T_UINT16_READ { uint16_t v; };
  91:Drivers/CMSIS/Include/cmsis_gcc.h ****   #pragma GCC diagnostic pop
  92:Drivers/CMSIS/Include/cmsis_gcc.h ****   #define __UNALIGNED_UINT16_READ(addr)          (((const struct T_UINT16_READ *)(const void *)(add
  93:Drivers/CMSIS/Include/cmsis_gcc.h **** #endif
  94:Drivers/CMSIS/Include/cmsis_gcc.h **** #ifndef   __UNALIGNED_UINT32_WRITE
  95:Drivers/CMSIS/Include/cmsis_gcc.h ****   #pragma GCC diagnostic push
  96:Drivers/CMSIS/Include/cmsis_gcc.h ****   #pragma GCC diagnostic ignored "-Wpacked"
  97:Drivers/CMSIS/Include/cmsis_gcc.h ****   #pragma GCC diagnostic ignored "-Wattributes"
  98:Drivers/CMSIS/Include/cmsis_gcc.h ****   __PACKED_STRUCT T_UINT32_WRITE { uint32_t v; };
  99:Drivers/CMSIS/Include/cmsis_gcc.h ****   #pragma GCC diagnostic pop
 100:Drivers/CMSIS/Include/cmsis_gcc.h ****   #define __UNALIGNED_UINT32_WRITE(addr, val)    (void)((((struct T_UINT32_WRITE *)(void *)(addr))-
 101:Drivers/CMSIS/Include/cmsis_gcc.h **** #endif
 102:Drivers/CMSIS/Include/cmsis_gcc.h **** #ifndef   __UNALIGNED_UINT32_READ
 103:Drivers/CMSIS/Include/cmsis_gcc.h ****   #pragma GCC diagnostic push
 104:Drivers/CMSIS/Include/cmsis_gcc.h ****   #pragma GCC diagnostic ignored "-Wpacked"
 105:Drivers/CMSIS/Include/cmsis_gcc.h ****   #pragma GCC diagnostic ignored "-Wattributes"
 106:Drivers/CMSIS/Include/cmsis_gcc.h ****   __PACKED_STRUCT T_UINT32_READ { uint32_t v; };
 107:Drivers/CMSIS/Include/cmsis_gcc.h ****   #pragma GCC diagnostic pop
 108:Drivers/CMSIS/Include/cmsis_gcc.h ****   #define __UNALIGNED_UINT32_READ(addr)          (((const struct T_UINT32_READ *)(const void *)(add
 109:Drivers/CMSIS/Include/cmsis_gcc.h **** #endif
 110:Drivers/CMSIS/Include/cmsis_gcc.h **** #ifndef   __ALIGNED
 111:Drivers/CMSIS/Include/cmsis_gcc.h ****   #define __ALIGNED(x)                           __attribute__((aligned(x)))
 112:Drivers/CMSIS/Include/cmsis_gcc.h **** #endif
 113:Drivers/CMSIS/Include/cmsis_gcc.h **** #ifndef   __RESTRICT
 114:Drivers/CMSIS/Include/cmsis_gcc.h ****   #define __RESTRICT                             __restrict
 115:Drivers/CMSIS/Include/cmsis_gcc.h **** #endif
 116:Drivers/CMSIS/Include/cmsis_gcc.h **** #ifndef   __COMPILER_BARRIER
 117:Drivers/CMSIS/Include/cmsis_gcc.h ****   #define __COMPILER_BARRIER()                   __ASM volatile("":::"memory")
 118:Drivers/CMSIS/Include/cmsis_gcc.h **** #endif
 119:Drivers/CMSIS/Include/cmsis_gcc.h **** 
 120:Drivers/CMSIS/Include/cmsis_gcc.h **** /* #########################  Startup and Lowlevel Init  ######################## */
 121:Drivers/CMSIS/Include/cmsis_gcc.h **** 
 122:Drivers/CMSIS/Include/cmsis_gcc.h **** #ifndef __PROGRAM_START
 123:Drivers/CMSIS/Include/cmsis_gcc.h **** 
 124:Drivers/CMSIS/Include/cmsis_gcc.h **** /**
 125:Drivers/CMSIS/Include/cmsis_gcc.h ****   \brief   Initializes data and bss sections
 126:Drivers/CMSIS/Include/cmsis_gcc.h ****   \details This default implementations initialized all data and additional bss
 127:Drivers/CMSIS/Include/cmsis_gcc.h ****            sections relying on .copy.table and .zero.table specified properly
 128:Drivers/CMSIS/Include/cmsis_gcc.h ****            in the used linker script.
 129:Drivers/CMSIS/Include/cmsis_gcc.h **** 
 130:Drivers/CMSIS/Include/cmsis_gcc.h ****  */
ARM GAS  C:\Users\Ebrahim\AppData\Local\Temp\cc0Bv0tj.s 			page 18


 131:Drivers/CMSIS/Include/cmsis_gcc.h **** __STATIC_FORCEINLINE __NO_RETURN void __cmsis_start(void)
 132:Drivers/CMSIS/Include/cmsis_gcc.h **** {
 133:Drivers/CMSIS/Include/cmsis_gcc.h ****   extern void _start(void) __NO_RETURN;
 134:Drivers/CMSIS/Include/cmsis_gcc.h **** 
 135:Drivers/CMSIS/Include/cmsis_gcc.h ****   typedef struct {
 136:Drivers/CMSIS/Include/cmsis_gcc.h ****     uint32_t const* src;
 137:Drivers/CMSIS/Include/cmsis_gcc.h ****     uint32_t* dest;
 138:Drivers/CMSIS/Include/cmsis_gcc.h ****     uint32_t  wlen;
 139:Drivers/CMSIS/Include/cmsis_gcc.h ****   } __copy_table_t;
 140:Drivers/CMSIS/Include/cmsis_gcc.h **** 
 141:Drivers/CMSIS/Include/cmsis_gcc.h ****   typedef struct {
 142:Drivers/CMSIS/Include/cmsis_gcc.h ****     uint32_t* dest;
 143:Drivers/CMSIS/Include/cmsis_gcc.h ****     uint32_t  wlen;
 144:Drivers/CMSIS/Include/cmsis_gcc.h ****   } __zero_table_t;
 145:Drivers/CMSIS/Include/cmsis_gcc.h **** 
 146:Drivers/CMSIS/Include/cmsis_gcc.h ****   extern const __copy_table_t __copy_table_start__;
 147:Drivers/CMSIS/Include/cmsis_gcc.h ****   extern const __copy_table_t __copy_table_end__;
 148:Drivers/CMSIS/Include/cmsis_gcc.h ****   extern const __zero_table_t __zero_table_start__;
 149:Drivers/CMSIS/Include/cmsis_gcc.h ****   extern const __zero_table_t __zero_table_end__;
 150:Drivers/CMSIS/Include/cmsis_gcc.h **** 
 151:Drivers/CMSIS/Include/cmsis_gcc.h ****   for (__copy_table_t const* pTable = &__copy_table_start__; pTable < &__copy_table_end__; ++pTable
 152:Drivers/CMSIS/Include/cmsis_gcc.h ****     for(uint32_t i=0u; i<pTable->wlen; ++i) {
 153:Drivers/CMSIS/Include/cmsis_gcc.h ****       pTable->dest[i] = pTable->src[i];
 154:Drivers/CMSIS/Include/cmsis_gcc.h ****     }
 155:Drivers/CMSIS/Include/cmsis_gcc.h ****   }
 156:Drivers/CMSIS/Include/cmsis_gcc.h **** 
 157:Drivers/CMSIS/Include/cmsis_gcc.h ****   for (__zero_table_t const* pTable = &__zero_table_start__; pTable < &__zero_table_end__; ++pTable
 158:Drivers/CMSIS/Include/cmsis_gcc.h ****     for(uint32_t i=0u; i<pTable->wlen; ++i) {
 159:Drivers/CMSIS/Include/cmsis_gcc.h ****       pTable->dest[i] = 0u;
 160:Drivers/CMSIS/Include/cmsis_gcc.h ****     }
 161:Drivers/CMSIS/Include/cmsis_gcc.h ****   }
 162:Drivers/CMSIS/Include/cmsis_gcc.h **** 
 163:Drivers/CMSIS/Include/cmsis_gcc.h ****   _start();
 164:Drivers/CMSIS/Include/cmsis_gcc.h **** }
 165:Drivers/CMSIS/Include/cmsis_gcc.h **** 
 166:Drivers/CMSIS/Include/cmsis_gcc.h **** #define __PROGRAM_START           __cmsis_start
 167:Drivers/CMSIS/Include/cmsis_gcc.h **** #endif
 168:Drivers/CMSIS/Include/cmsis_gcc.h **** 
 169:Drivers/CMSIS/Include/cmsis_gcc.h **** #ifndef __INITIAL_SP
 170:Drivers/CMSIS/Include/cmsis_gcc.h **** #define __INITIAL_SP              __StackTop
 171:Drivers/CMSIS/Include/cmsis_gcc.h **** #endif
 172:Drivers/CMSIS/Include/cmsis_gcc.h **** 
 173:Drivers/CMSIS/Include/cmsis_gcc.h **** #ifndef __STACK_LIMIT
 174:Drivers/CMSIS/Include/cmsis_gcc.h **** #define __STACK_LIMIT             __StackLimit
 175:Drivers/CMSIS/Include/cmsis_gcc.h **** #endif
 176:Drivers/CMSIS/Include/cmsis_gcc.h **** 
 177:Drivers/CMSIS/Include/cmsis_gcc.h **** #ifndef __VECTOR_TABLE
 178:Drivers/CMSIS/Include/cmsis_gcc.h **** #define __VECTOR_TABLE            __Vectors
 179:Drivers/CMSIS/Include/cmsis_gcc.h **** #endif
 180:Drivers/CMSIS/Include/cmsis_gcc.h **** 
 181:Drivers/CMSIS/Include/cmsis_gcc.h **** #ifndef __VECTOR_TABLE_ATTRIBUTE
 182:Drivers/CMSIS/Include/cmsis_gcc.h **** #define __VECTOR_TABLE_ATTRIBUTE  __attribute__((used, section(".vectors")))
 183:Drivers/CMSIS/Include/cmsis_gcc.h **** #endif
 184:Drivers/CMSIS/Include/cmsis_gcc.h **** 
 185:Drivers/CMSIS/Include/cmsis_gcc.h **** #if defined (__ARM_FEATURE_CMSE) && (__ARM_FEATURE_CMSE == 3U)
 186:Drivers/CMSIS/Include/cmsis_gcc.h **** #ifndef __STACK_SEAL
 187:Drivers/CMSIS/Include/cmsis_gcc.h **** #define __STACK_SEAL              __StackSeal
ARM GAS  C:\Users\Ebrahim\AppData\Local\Temp\cc0Bv0tj.s 			page 19


 188:Drivers/CMSIS/Include/cmsis_gcc.h **** #endif
 189:Drivers/CMSIS/Include/cmsis_gcc.h **** 
 190:Drivers/CMSIS/Include/cmsis_gcc.h **** #ifndef __TZ_STACK_SEAL_SIZE
 191:Drivers/CMSIS/Include/cmsis_gcc.h **** #define __TZ_STACK_SEAL_SIZE      8U
 192:Drivers/CMSIS/Include/cmsis_gcc.h **** #endif
 193:Drivers/CMSIS/Include/cmsis_gcc.h **** 
 194:Drivers/CMSIS/Include/cmsis_gcc.h **** #ifndef __TZ_STACK_SEAL_VALUE
 195:Drivers/CMSIS/Include/cmsis_gcc.h **** #define __TZ_STACK_SEAL_VALUE     0xFEF5EDA5FEF5EDA5ULL
 196:Drivers/CMSIS/Include/cmsis_gcc.h **** #endif
 197:Drivers/CMSIS/Include/cmsis_gcc.h **** 
 198:Drivers/CMSIS/Include/cmsis_gcc.h **** 
 199:Drivers/CMSIS/Include/cmsis_gcc.h **** __STATIC_FORCEINLINE void __TZ_set_STACKSEAL_S (uint32_t* stackTop) {
 200:Drivers/CMSIS/Include/cmsis_gcc.h ****   *((uint64_t *)stackTop) = __TZ_STACK_SEAL_VALUE;
 201:Drivers/CMSIS/Include/cmsis_gcc.h **** }
 202:Drivers/CMSIS/Include/cmsis_gcc.h **** #endif
 203:Drivers/CMSIS/Include/cmsis_gcc.h **** 
 204:Drivers/CMSIS/Include/cmsis_gcc.h **** 
 205:Drivers/CMSIS/Include/cmsis_gcc.h **** /* ##########################  Core Instruction Access  ######################### */
 206:Drivers/CMSIS/Include/cmsis_gcc.h **** /** \defgroup CMSIS_Core_InstructionInterface CMSIS Core Instruction Interface
 207:Drivers/CMSIS/Include/cmsis_gcc.h ****   Access to dedicated instructions
 208:Drivers/CMSIS/Include/cmsis_gcc.h ****   @{
 209:Drivers/CMSIS/Include/cmsis_gcc.h **** */
 210:Drivers/CMSIS/Include/cmsis_gcc.h **** 
 211:Drivers/CMSIS/Include/cmsis_gcc.h **** /* Define macros for porting to both thumb1 and thumb2.
 212:Drivers/CMSIS/Include/cmsis_gcc.h ****  * For thumb1, use low register (r0-r7), specified by constraint "l"
 213:Drivers/CMSIS/Include/cmsis_gcc.h ****  * Otherwise, use general registers, specified by constraint "r" */
 214:Drivers/CMSIS/Include/cmsis_gcc.h **** #if defined (__thumb__) && !defined (__thumb2__)
 215:Drivers/CMSIS/Include/cmsis_gcc.h **** #define __CMSIS_GCC_OUT_REG(r) "=l" (r)
 216:Drivers/CMSIS/Include/cmsis_gcc.h **** #define __CMSIS_GCC_RW_REG(r) "+l" (r)
 217:Drivers/CMSIS/Include/cmsis_gcc.h **** #define __CMSIS_GCC_USE_REG(r) "l" (r)
 218:Drivers/CMSIS/Include/cmsis_gcc.h **** #else
 219:Drivers/CMSIS/Include/cmsis_gcc.h **** #define __CMSIS_GCC_OUT_REG(r) "=r" (r)
 220:Drivers/CMSIS/Include/cmsis_gcc.h **** #define __CMSIS_GCC_RW_REG(r) "+r" (r)
 221:Drivers/CMSIS/Include/cmsis_gcc.h **** #define __CMSIS_GCC_USE_REG(r) "r" (r)
 222:Drivers/CMSIS/Include/cmsis_gcc.h **** #endif
 223:Drivers/CMSIS/Include/cmsis_gcc.h **** 
 224:Drivers/CMSIS/Include/cmsis_gcc.h **** /**
 225:Drivers/CMSIS/Include/cmsis_gcc.h ****   \brief   No Operation
 226:Drivers/CMSIS/Include/cmsis_gcc.h ****   \details No Operation does nothing. This instruction can be used for code alignment purposes.
 227:Drivers/CMSIS/Include/cmsis_gcc.h ****  */
 228:Drivers/CMSIS/Include/cmsis_gcc.h **** #define __NOP()                             __ASM volatile ("nop")
 229:Drivers/CMSIS/Include/cmsis_gcc.h **** 
 230:Drivers/CMSIS/Include/cmsis_gcc.h **** /**
 231:Drivers/CMSIS/Include/cmsis_gcc.h ****   \brief   Wait For Interrupt
 232:Drivers/CMSIS/Include/cmsis_gcc.h ****   \details Wait For Interrupt is a hint instruction that suspends execution until one of a number o
 233:Drivers/CMSIS/Include/cmsis_gcc.h ****  */
 234:Drivers/CMSIS/Include/cmsis_gcc.h **** #define __WFI()                             __ASM volatile ("wfi":::"memory")
 235:Drivers/CMSIS/Include/cmsis_gcc.h **** 
 236:Drivers/CMSIS/Include/cmsis_gcc.h **** 
 237:Drivers/CMSIS/Include/cmsis_gcc.h **** /**
 238:Drivers/CMSIS/Include/cmsis_gcc.h ****   \brief   Wait For Event
 239:Drivers/CMSIS/Include/cmsis_gcc.h ****   \details Wait For Event is a hint instruction that permits the processor to enter
 240:Drivers/CMSIS/Include/cmsis_gcc.h ****            a low-power state until one of a number of events occurs.
 241:Drivers/CMSIS/Include/cmsis_gcc.h ****  */
 242:Drivers/CMSIS/Include/cmsis_gcc.h **** #define __WFE()                             __ASM volatile ("wfe":::"memory")
 243:Drivers/CMSIS/Include/cmsis_gcc.h **** 
 244:Drivers/CMSIS/Include/cmsis_gcc.h **** 
ARM GAS  C:\Users\Ebrahim\AppData\Local\Temp\cc0Bv0tj.s 			page 20


 245:Drivers/CMSIS/Include/cmsis_gcc.h **** /**
 246:Drivers/CMSIS/Include/cmsis_gcc.h ****   \brief   Send Event
 247:Drivers/CMSIS/Include/cmsis_gcc.h ****   \details Send Event is a hint instruction. It causes an event to be signaled to the CPU.
 248:Drivers/CMSIS/Include/cmsis_gcc.h ****  */
 249:Drivers/CMSIS/Include/cmsis_gcc.h **** #define __SEV()                             __ASM volatile ("sev")
 250:Drivers/CMSIS/Include/cmsis_gcc.h **** 
 251:Drivers/CMSIS/Include/cmsis_gcc.h **** 
 252:Drivers/CMSIS/Include/cmsis_gcc.h **** /**
 253:Drivers/CMSIS/Include/cmsis_gcc.h ****   \brief   Instruction Synchronization Barrier
 254:Drivers/CMSIS/Include/cmsis_gcc.h ****   \details Instruction Synchronization Barrier flushes the pipeline in the processor,
 255:Drivers/CMSIS/Include/cmsis_gcc.h ****            so that all instructions following the ISB are fetched from cache or memory,
 256:Drivers/CMSIS/Include/cmsis_gcc.h ****            after the instruction has been completed.
 257:Drivers/CMSIS/Include/cmsis_gcc.h ****  */
 258:Drivers/CMSIS/Include/cmsis_gcc.h **** __STATIC_FORCEINLINE void __ISB(void)
 259:Drivers/CMSIS/Include/cmsis_gcc.h **** {
 260:Drivers/CMSIS/Include/cmsis_gcc.h ****   __ASM volatile ("isb 0xF":::"memory");
 261:Drivers/CMSIS/Include/cmsis_gcc.h **** }
 262:Drivers/CMSIS/Include/cmsis_gcc.h **** 
 263:Drivers/CMSIS/Include/cmsis_gcc.h **** 
 264:Drivers/CMSIS/Include/cmsis_gcc.h **** /**
 265:Drivers/CMSIS/Include/cmsis_gcc.h ****   \brief   Data Synchronization Barrier
 266:Drivers/CMSIS/Include/cmsis_gcc.h ****   \details Acts as a special kind of Data Memory Barrier.
 267:Drivers/CMSIS/Include/cmsis_gcc.h ****            It completes when all explicit memory accesses before this instruction complete.
 268:Drivers/CMSIS/Include/cmsis_gcc.h ****  */
 269:Drivers/CMSIS/Include/cmsis_gcc.h **** __STATIC_FORCEINLINE void __DSB(void)
 270:Drivers/CMSIS/Include/cmsis_gcc.h **** {
 271:Drivers/CMSIS/Include/cmsis_gcc.h ****   __ASM volatile ("dsb 0xF":::"memory");
 272:Drivers/CMSIS/Include/cmsis_gcc.h **** }
 273:Drivers/CMSIS/Include/cmsis_gcc.h **** 
 274:Drivers/CMSIS/Include/cmsis_gcc.h **** 
 275:Drivers/CMSIS/Include/cmsis_gcc.h **** /**
 276:Drivers/CMSIS/Include/cmsis_gcc.h ****   \brief   Data Memory Barrier
 277:Drivers/CMSIS/Include/cmsis_gcc.h ****   \details Ensures the apparent order of the explicit memory operations before
 278:Drivers/CMSIS/Include/cmsis_gcc.h ****            and after the instruction, without ensuring their completion.
 279:Drivers/CMSIS/Include/cmsis_gcc.h ****  */
 280:Drivers/CMSIS/Include/cmsis_gcc.h **** __STATIC_FORCEINLINE void __DMB(void)
 281:Drivers/CMSIS/Include/cmsis_gcc.h **** {
 282:Drivers/CMSIS/Include/cmsis_gcc.h ****   __ASM volatile ("dmb 0xF":::"memory");
 283:Drivers/CMSIS/Include/cmsis_gcc.h **** }
 284:Drivers/CMSIS/Include/cmsis_gcc.h **** 
 285:Drivers/CMSIS/Include/cmsis_gcc.h **** 
 286:Drivers/CMSIS/Include/cmsis_gcc.h **** /**
 287:Drivers/CMSIS/Include/cmsis_gcc.h ****   \brief   Reverse byte order (32 bit)
 288:Drivers/CMSIS/Include/cmsis_gcc.h ****   \details Reverses the byte order in unsigned integer value. For example, 0x12345678 becomes 0x785
 289:Drivers/CMSIS/Include/cmsis_gcc.h ****   \param [in]    value  Value to reverse
 290:Drivers/CMSIS/Include/cmsis_gcc.h ****   \return               Reversed value
 291:Drivers/CMSIS/Include/cmsis_gcc.h ****  */
 292:Drivers/CMSIS/Include/cmsis_gcc.h **** __STATIC_FORCEINLINE uint32_t __REV(uint32_t value)
 293:Drivers/CMSIS/Include/cmsis_gcc.h **** {
 294:Drivers/CMSIS/Include/cmsis_gcc.h **** #if (__GNUC__ > 4) || (__GNUC__ == 4 && __GNUC_MINOR__ >= 5)
 295:Drivers/CMSIS/Include/cmsis_gcc.h ****   return __builtin_bswap32(value);
 296:Drivers/CMSIS/Include/cmsis_gcc.h **** #else
 297:Drivers/CMSIS/Include/cmsis_gcc.h ****   uint32_t result;
 298:Drivers/CMSIS/Include/cmsis_gcc.h **** 
 299:Drivers/CMSIS/Include/cmsis_gcc.h ****   __ASM ("rev %0, %1" : __CMSIS_GCC_OUT_REG (result) : __CMSIS_GCC_USE_REG (value) );
 300:Drivers/CMSIS/Include/cmsis_gcc.h ****   return result;
 301:Drivers/CMSIS/Include/cmsis_gcc.h **** #endif
ARM GAS  C:\Users\Ebrahim\AppData\Local\Temp\cc0Bv0tj.s 			page 21


 302:Drivers/CMSIS/Include/cmsis_gcc.h **** }
 303:Drivers/CMSIS/Include/cmsis_gcc.h **** 
 304:Drivers/CMSIS/Include/cmsis_gcc.h **** 
 305:Drivers/CMSIS/Include/cmsis_gcc.h **** /**
 306:Drivers/CMSIS/Include/cmsis_gcc.h ****   \brief   Reverse byte order (16 bit)
 307:Drivers/CMSIS/Include/cmsis_gcc.h ****   \details Reverses the byte order within each halfword of a word. For example, 0x12345678 becomes 
 308:Drivers/CMSIS/Include/cmsis_gcc.h ****   \param [in]    value  Value to reverse
 309:Drivers/CMSIS/Include/cmsis_gcc.h ****   \return               Reversed value
 310:Drivers/CMSIS/Include/cmsis_gcc.h ****  */
 311:Drivers/CMSIS/Include/cmsis_gcc.h **** __STATIC_FORCEINLINE uint32_t __REV16(uint32_t value)
 312:Drivers/CMSIS/Include/cmsis_gcc.h **** {
 313:Drivers/CMSIS/Include/cmsis_gcc.h ****   uint32_t result;
 314:Drivers/CMSIS/Include/cmsis_gcc.h **** 
 315:Drivers/CMSIS/Include/cmsis_gcc.h ****   __ASM ("rev16 %0, %1" : __CMSIS_GCC_OUT_REG (result) : __CMSIS_GCC_USE_REG (value) );
 316:Drivers/CMSIS/Include/cmsis_gcc.h ****   return result;
 317:Drivers/CMSIS/Include/cmsis_gcc.h **** }
 318:Drivers/CMSIS/Include/cmsis_gcc.h **** 
 319:Drivers/CMSIS/Include/cmsis_gcc.h **** 
 320:Drivers/CMSIS/Include/cmsis_gcc.h **** /**
 321:Drivers/CMSIS/Include/cmsis_gcc.h ****   \brief   Reverse byte order (16 bit)
 322:Drivers/CMSIS/Include/cmsis_gcc.h ****   \details Reverses the byte order in a 16-bit value and returns the signed 16-bit result. For exam
 323:Drivers/CMSIS/Include/cmsis_gcc.h ****   \param [in]    value  Value to reverse
 324:Drivers/CMSIS/Include/cmsis_gcc.h ****   \return               Reversed value
 325:Drivers/CMSIS/Include/cmsis_gcc.h ****  */
 326:Drivers/CMSIS/Include/cmsis_gcc.h **** __STATIC_FORCEINLINE int16_t __REVSH(int16_t value)
 327:Drivers/CMSIS/Include/cmsis_gcc.h **** {
 328:Drivers/CMSIS/Include/cmsis_gcc.h **** #if (__GNUC__ > 4) || (__GNUC__ == 4 && __GNUC_MINOR__ >= 8)
 329:Drivers/CMSIS/Include/cmsis_gcc.h ****   return (int16_t)__builtin_bswap16(value);
 330:Drivers/CMSIS/Include/cmsis_gcc.h **** #else
 331:Drivers/CMSIS/Include/cmsis_gcc.h ****   int16_t result;
 332:Drivers/CMSIS/Include/cmsis_gcc.h **** 
 333:Drivers/CMSIS/Include/cmsis_gcc.h ****   __ASM ("revsh %0, %1" : __CMSIS_GCC_OUT_REG (result) : __CMSIS_GCC_USE_REG (value) );
 334:Drivers/CMSIS/Include/cmsis_gcc.h ****   return result;
 335:Drivers/CMSIS/Include/cmsis_gcc.h **** #endif
 336:Drivers/CMSIS/Include/cmsis_gcc.h **** }
 337:Drivers/CMSIS/Include/cmsis_gcc.h **** 
 338:Drivers/CMSIS/Include/cmsis_gcc.h **** 
 339:Drivers/CMSIS/Include/cmsis_gcc.h **** /**
 340:Drivers/CMSIS/Include/cmsis_gcc.h ****   \brief   Rotate Right in unsigned value (32 bit)
 341:Drivers/CMSIS/Include/cmsis_gcc.h ****   \details Rotate Right (immediate) provides the value of the contents of a register rotated by a v
 342:Drivers/CMSIS/Include/cmsis_gcc.h ****   \param [in]    op1  Value to rotate
 343:Drivers/CMSIS/Include/cmsis_gcc.h ****   \param [in]    op2  Number of Bits to rotate
 344:Drivers/CMSIS/Include/cmsis_gcc.h ****   \return               Rotated value
 345:Drivers/CMSIS/Include/cmsis_gcc.h ****  */
 346:Drivers/CMSIS/Include/cmsis_gcc.h **** __STATIC_FORCEINLINE uint32_t __ROR(uint32_t op1, uint32_t op2)
 347:Drivers/CMSIS/Include/cmsis_gcc.h **** {
 348:Drivers/CMSIS/Include/cmsis_gcc.h ****   op2 %= 32U;
 349:Drivers/CMSIS/Include/cmsis_gcc.h ****   if (op2 == 0U)
 350:Drivers/CMSIS/Include/cmsis_gcc.h ****   {
 351:Drivers/CMSIS/Include/cmsis_gcc.h ****     return op1;
 352:Drivers/CMSIS/Include/cmsis_gcc.h ****   }
 353:Drivers/CMSIS/Include/cmsis_gcc.h ****   return (op1 >> op2) | (op1 << (32U - op2));
 354:Drivers/CMSIS/Include/cmsis_gcc.h **** }
 355:Drivers/CMSIS/Include/cmsis_gcc.h **** 
 356:Drivers/CMSIS/Include/cmsis_gcc.h **** 
 357:Drivers/CMSIS/Include/cmsis_gcc.h **** /**
 358:Drivers/CMSIS/Include/cmsis_gcc.h ****   \brief   Breakpoint
ARM GAS  C:\Users\Ebrahim\AppData\Local\Temp\cc0Bv0tj.s 			page 22


 359:Drivers/CMSIS/Include/cmsis_gcc.h ****   \details Causes the processor to enter Debug state.
 360:Drivers/CMSIS/Include/cmsis_gcc.h ****            Debug tools can use this to investigate system state when the instruction at a particula
 361:Drivers/CMSIS/Include/cmsis_gcc.h ****   \param [in]    value  is ignored by the processor.
 362:Drivers/CMSIS/Include/cmsis_gcc.h ****                  If required, a debugger can use it to store additional information about the break
 363:Drivers/CMSIS/Include/cmsis_gcc.h ****  */
 364:Drivers/CMSIS/Include/cmsis_gcc.h **** #define __BKPT(value)                       __ASM volatile ("bkpt "#value)
 365:Drivers/CMSIS/Include/cmsis_gcc.h **** 
 366:Drivers/CMSIS/Include/cmsis_gcc.h **** 
 367:Drivers/CMSIS/Include/cmsis_gcc.h **** /**
 368:Drivers/CMSIS/Include/cmsis_gcc.h ****   \brief   Reverse bit order of value
 369:Drivers/CMSIS/Include/cmsis_gcc.h ****   \details Reverses the bit order of the given value.
 370:Drivers/CMSIS/Include/cmsis_gcc.h ****   \param [in]    value  Value to reverse
 371:Drivers/CMSIS/Include/cmsis_gcc.h ****   \return               Reversed value
 372:Drivers/CMSIS/Include/cmsis_gcc.h ****  */
 373:Drivers/CMSIS/Include/cmsis_gcc.h **** __STATIC_FORCEINLINE uint32_t __RBIT(uint32_t value)
 374:Drivers/CMSIS/Include/cmsis_gcc.h **** {
 375:Drivers/CMSIS/Include/cmsis_gcc.h ****   uint32_t result;
 376:Drivers/CMSIS/Include/cmsis_gcc.h **** 
 377:Drivers/CMSIS/Include/cmsis_gcc.h **** #if ((defined (__ARM_ARCH_7M__      ) && (__ARM_ARCH_7M__      == 1)) || \
 378:Drivers/CMSIS/Include/cmsis_gcc.h ****      (defined (__ARM_ARCH_7EM__     ) && (__ARM_ARCH_7EM__     == 1)) || \
 379:Drivers/CMSIS/Include/cmsis_gcc.h ****      (defined (__ARM_ARCH_8M_MAIN__ ) && (__ARM_ARCH_8M_MAIN__ == 1))    )
 380:Drivers/CMSIS/Include/cmsis_gcc.h ****    __ASM ("rbit %0, %1" : "=r" (result) : "r" (value) );
 381:Drivers/CMSIS/Include/cmsis_gcc.h **** #else
 382:Drivers/CMSIS/Include/cmsis_gcc.h ****   uint32_t s = (4U /*sizeof(v)*/ * 8U) - 1U; /* extra shift needed at end */
 383:Drivers/CMSIS/Include/cmsis_gcc.h **** 
 384:Drivers/CMSIS/Include/cmsis_gcc.h ****   result = value;                      /* r will be reversed bits of v; first get LSB of v */
 385:Drivers/CMSIS/Include/cmsis_gcc.h ****   for (value >>= 1U; value != 0U; value >>= 1U)
 386:Drivers/CMSIS/Include/cmsis_gcc.h ****   {
 387:Drivers/CMSIS/Include/cmsis_gcc.h ****     result <<= 1U;
 388:Drivers/CMSIS/Include/cmsis_gcc.h ****     result |= value & 1U;
 389:Drivers/CMSIS/Include/cmsis_gcc.h ****     s--;
 390:Drivers/CMSIS/Include/cmsis_gcc.h ****   }
 391:Drivers/CMSIS/Include/cmsis_gcc.h ****   result <<= s;                        /* shift when v's highest bits are zero */
 392:Drivers/CMSIS/Include/cmsis_gcc.h **** #endif
 393:Drivers/CMSIS/Include/cmsis_gcc.h ****   return result;
 394:Drivers/CMSIS/Include/cmsis_gcc.h **** }
 395:Drivers/CMSIS/Include/cmsis_gcc.h **** 
 396:Drivers/CMSIS/Include/cmsis_gcc.h **** 
 397:Drivers/CMSIS/Include/cmsis_gcc.h **** /**
 398:Drivers/CMSIS/Include/cmsis_gcc.h ****   \brief   Count leading zeros
 399:Drivers/CMSIS/Include/cmsis_gcc.h ****   \details Counts the number of leading zeros of a data value.
 400:Drivers/CMSIS/Include/cmsis_gcc.h ****   \param [in]  value  Value to count the leading zeros
 401:Drivers/CMSIS/Include/cmsis_gcc.h ****   \return             number of leading zeros in value
 402:Drivers/CMSIS/Include/cmsis_gcc.h ****  */
 403:Drivers/CMSIS/Include/cmsis_gcc.h **** __STATIC_FORCEINLINE uint8_t __CLZ(uint32_t value)
 404:Drivers/CMSIS/Include/cmsis_gcc.h **** {
 405:Drivers/CMSIS/Include/cmsis_gcc.h ****   /* Even though __builtin_clz produces a CLZ instruction on ARM, formally
 406:Drivers/CMSIS/Include/cmsis_gcc.h ****      __builtin_clz(0) is undefined behaviour, so handle this case specially.
 407:Drivers/CMSIS/Include/cmsis_gcc.h ****      This guarantees ARM-compatible results if happening to compile on a non-ARM
 408:Drivers/CMSIS/Include/cmsis_gcc.h ****      target, and ensures the compiler doesn't decide to activate any
 409:Drivers/CMSIS/Include/cmsis_gcc.h ****      optimisations using the logic "value was passed to __builtin_clz, so it
 410:Drivers/CMSIS/Include/cmsis_gcc.h ****      is non-zero".
 411:Drivers/CMSIS/Include/cmsis_gcc.h ****      ARM GCC 7.3 and possibly earlier will optimise this test away, leaving a
 412:Drivers/CMSIS/Include/cmsis_gcc.h ****      single CLZ instruction.
 413:Drivers/CMSIS/Include/cmsis_gcc.h ****    */
 414:Drivers/CMSIS/Include/cmsis_gcc.h ****   if (value == 0U)
 415:Drivers/CMSIS/Include/cmsis_gcc.h ****   {
ARM GAS  C:\Users\Ebrahim\AppData\Local\Temp\cc0Bv0tj.s 			page 23


 416:Drivers/CMSIS/Include/cmsis_gcc.h ****     return 32U;
 417:Drivers/CMSIS/Include/cmsis_gcc.h ****   }
 418:Drivers/CMSIS/Include/cmsis_gcc.h ****   return __builtin_clz(value);
 419:Drivers/CMSIS/Include/cmsis_gcc.h **** }
 420:Drivers/CMSIS/Include/cmsis_gcc.h **** 
 421:Drivers/CMSIS/Include/cmsis_gcc.h **** 
 422:Drivers/CMSIS/Include/cmsis_gcc.h **** #if ((defined (__ARM_ARCH_7M__      ) && (__ARM_ARCH_7M__      == 1)) || \
 423:Drivers/CMSIS/Include/cmsis_gcc.h ****      (defined (__ARM_ARCH_7EM__     ) && (__ARM_ARCH_7EM__     == 1)) || \
 424:Drivers/CMSIS/Include/cmsis_gcc.h ****      (defined (__ARM_ARCH_8M_MAIN__ ) && (__ARM_ARCH_8M_MAIN__ == 1)) || \
 425:Drivers/CMSIS/Include/cmsis_gcc.h ****      (defined (__ARM_ARCH_8M_BASE__ ) && (__ARM_ARCH_8M_BASE__ == 1))    )
 426:Drivers/CMSIS/Include/cmsis_gcc.h **** /**
 427:Drivers/CMSIS/Include/cmsis_gcc.h ****   \brief   LDR Exclusive (8 bit)
 428:Drivers/CMSIS/Include/cmsis_gcc.h ****   \details Executes a exclusive LDR instruction for 8 bit value.
 429:Drivers/CMSIS/Include/cmsis_gcc.h ****   \param [in]    ptr  Pointer to data
 430:Drivers/CMSIS/Include/cmsis_gcc.h ****   \return             value of type uint8_t at (*ptr)
 431:Drivers/CMSIS/Include/cmsis_gcc.h ****  */
 432:Drivers/CMSIS/Include/cmsis_gcc.h **** __STATIC_FORCEINLINE uint8_t __LDREXB(volatile uint8_t *addr)
 433:Drivers/CMSIS/Include/cmsis_gcc.h **** {
 434:Drivers/CMSIS/Include/cmsis_gcc.h ****     uint32_t result;
 435:Drivers/CMSIS/Include/cmsis_gcc.h **** 
 436:Drivers/CMSIS/Include/cmsis_gcc.h **** #if (__GNUC__ > 4) || (__GNUC__ == 4 && __GNUC_MINOR__ >= 8)
 437:Drivers/CMSIS/Include/cmsis_gcc.h ****    __ASM volatile ("ldrexb %0, %1" : "=r" (result) : "Q" (*addr) );
 438:Drivers/CMSIS/Include/cmsis_gcc.h **** #else
 439:Drivers/CMSIS/Include/cmsis_gcc.h ****     /* Prior to GCC 4.8, "Q" will be expanded to [rx, #0] which is not
 440:Drivers/CMSIS/Include/cmsis_gcc.h ****        accepted by assembler. So has to use following less efficient pattern.
 441:Drivers/CMSIS/Include/cmsis_gcc.h ****     */
 442:Drivers/CMSIS/Include/cmsis_gcc.h ****    __ASM volatile ("ldrexb %0, [%1]" : "=r" (result) : "r" (addr) : "memory" );
 443:Drivers/CMSIS/Include/cmsis_gcc.h **** #endif
 444:Drivers/CMSIS/Include/cmsis_gcc.h ****    return ((uint8_t) result);    /* Add explicit type cast here */
 445:Drivers/CMSIS/Include/cmsis_gcc.h **** }
 446:Drivers/CMSIS/Include/cmsis_gcc.h **** 
 447:Drivers/CMSIS/Include/cmsis_gcc.h **** 
 448:Drivers/CMSIS/Include/cmsis_gcc.h **** /**
 449:Drivers/CMSIS/Include/cmsis_gcc.h ****   \brief   LDR Exclusive (16 bit)
 450:Drivers/CMSIS/Include/cmsis_gcc.h ****   \details Executes a exclusive LDR instruction for 16 bit values.
 451:Drivers/CMSIS/Include/cmsis_gcc.h ****   \param [in]    ptr  Pointer to data
 452:Drivers/CMSIS/Include/cmsis_gcc.h ****   \return        value of type uint16_t at (*ptr)
 453:Drivers/CMSIS/Include/cmsis_gcc.h ****  */
 454:Drivers/CMSIS/Include/cmsis_gcc.h **** __STATIC_FORCEINLINE uint16_t __LDREXH(volatile uint16_t *addr)
 455:Drivers/CMSIS/Include/cmsis_gcc.h **** {
 456:Drivers/CMSIS/Include/cmsis_gcc.h ****     uint32_t result;
 457:Drivers/CMSIS/Include/cmsis_gcc.h **** 
 458:Drivers/CMSIS/Include/cmsis_gcc.h **** #if (__GNUC__ > 4) || (__GNUC__ == 4 && __GNUC_MINOR__ >= 8)
 459:Drivers/CMSIS/Include/cmsis_gcc.h ****    __ASM volatile ("ldrexh %0, %1" : "=r" (result) : "Q" (*addr) );
 460:Drivers/CMSIS/Include/cmsis_gcc.h **** #else
 461:Drivers/CMSIS/Include/cmsis_gcc.h ****     /* Prior to GCC 4.8, "Q" will be expanded to [rx, #0] which is not
 462:Drivers/CMSIS/Include/cmsis_gcc.h ****        accepted by assembler. So has to use following less efficient pattern.
 463:Drivers/CMSIS/Include/cmsis_gcc.h ****     */
 464:Drivers/CMSIS/Include/cmsis_gcc.h ****    __ASM volatile ("ldrexh %0, [%1]" : "=r" (result) : "r" (addr) : "memory" );
 465:Drivers/CMSIS/Include/cmsis_gcc.h **** #endif
 466:Drivers/CMSIS/Include/cmsis_gcc.h ****    return ((uint16_t) result);    /* Add explicit type cast here */
 467:Drivers/CMSIS/Include/cmsis_gcc.h **** }
 468:Drivers/CMSIS/Include/cmsis_gcc.h **** 
 469:Drivers/CMSIS/Include/cmsis_gcc.h **** 
 470:Drivers/CMSIS/Include/cmsis_gcc.h **** /**
 471:Drivers/CMSIS/Include/cmsis_gcc.h ****   \brief   LDR Exclusive (32 bit)
 472:Drivers/CMSIS/Include/cmsis_gcc.h ****   \details Executes a exclusive LDR instruction for 32 bit values.
ARM GAS  C:\Users\Ebrahim\AppData\Local\Temp\cc0Bv0tj.s 			page 24


 473:Drivers/CMSIS/Include/cmsis_gcc.h ****   \param [in]    ptr  Pointer to data
 474:Drivers/CMSIS/Include/cmsis_gcc.h ****   \return        value of type uint32_t at (*ptr)
 475:Drivers/CMSIS/Include/cmsis_gcc.h ****  */
 476:Drivers/CMSIS/Include/cmsis_gcc.h **** __STATIC_FORCEINLINE uint32_t __LDREXW(volatile uint32_t *addr)
 477:Drivers/CMSIS/Include/cmsis_gcc.h **** {
 478:Drivers/CMSIS/Include/cmsis_gcc.h ****     uint32_t result;
 479:Drivers/CMSIS/Include/cmsis_gcc.h **** 
 480:Drivers/CMSIS/Include/cmsis_gcc.h ****    __ASM volatile ("ldrex %0, %1" : "=r" (result) : "Q" (*addr) );
 481:Drivers/CMSIS/Include/cmsis_gcc.h ****    return(result);
 482:Drivers/CMSIS/Include/cmsis_gcc.h **** }
 483:Drivers/CMSIS/Include/cmsis_gcc.h **** 
 484:Drivers/CMSIS/Include/cmsis_gcc.h **** 
 485:Drivers/CMSIS/Include/cmsis_gcc.h **** /**
 486:Drivers/CMSIS/Include/cmsis_gcc.h ****   \brief   STR Exclusive (8 bit)
 487:Drivers/CMSIS/Include/cmsis_gcc.h ****   \details Executes a exclusive STR instruction for 8 bit values.
 488:Drivers/CMSIS/Include/cmsis_gcc.h ****   \param [in]  value  Value to store
 489:Drivers/CMSIS/Include/cmsis_gcc.h ****   \param [in]    ptr  Pointer to location
 490:Drivers/CMSIS/Include/cmsis_gcc.h ****   \return          0  Function succeeded
 491:Drivers/CMSIS/Include/cmsis_gcc.h ****   \return          1  Function failed
 492:Drivers/CMSIS/Include/cmsis_gcc.h ****  */
 493:Drivers/CMSIS/Include/cmsis_gcc.h **** __STATIC_FORCEINLINE uint32_t __STREXB(uint8_t value, volatile uint8_t *addr)
 494:Drivers/CMSIS/Include/cmsis_gcc.h **** {
 495:Drivers/CMSIS/Include/cmsis_gcc.h ****    uint32_t result;
 496:Drivers/CMSIS/Include/cmsis_gcc.h **** 
 497:Drivers/CMSIS/Include/cmsis_gcc.h ****    __ASM volatile ("strexb %0, %2, %1" : "=&r" (result), "=Q" (*addr) : "r" ((uint32_t)value) );
 498:Drivers/CMSIS/Include/cmsis_gcc.h ****    return(result);
 499:Drivers/CMSIS/Include/cmsis_gcc.h **** }
 500:Drivers/CMSIS/Include/cmsis_gcc.h **** 
 501:Drivers/CMSIS/Include/cmsis_gcc.h **** 
 502:Drivers/CMSIS/Include/cmsis_gcc.h **** /**
 503:Drivers/CMSIS/Include/cmsis_gcc.h ****   \brief   STR Exclusive (16 bit)
 504:Drivers/CMSIS/Include/cmsis_gcc.h ****   \details Executes a exclusive STR instruction for 16 bit values.
 505:Drivers/CMSIS/Include/cmsis_gcc.h ****   \param [in]  value  Value to store
 506:Drivers/CMSIS/Include/cmsis_gcc.h ****   \param [in]    ptr  Pointer to location
 507:Drivers/CMSIS/Include/cmsis_gcc.h ****   \return          0  Function succeeded
 508:Drivers/CMSIS/Include/cmsis_gcc.h ****   \return          1  Function failed
 509:Drivers/CMSIS/Include/cmsis_gcc.h ****  */
 510:Drivers/CMSIS/Include/cmsis_gcc.h **** __STATIC_FORCEINLINE uint32_t __STREXH(uint16_t value, volatile uint16_t *addr)
 511:Drivers/CMSIS/Include/cmsis_gcc.h **** {
 512:Drivers/CMSIS/Include/cmsis_gcc.h ****    uint32_t result;
 513:Drivers/CMSIS/Include/cmsis_gcc.h **** 
 514:Drivers/CMSIS/Include/cmsis_gcc.h ****    __ASM volatile ("strexh %0, %2, %1" : "=&r" (result), "=Q" (*addr) : "r" ((uint32_t)value) );
 515:Drivers/CMSIS/Include/cmsis_gcc.h ****    return(result);
 516:Drivers/CMSIS/Include/cmsis_gcc.h **** }
 517:Drivers/CMSIS/Include/cmsis_gcc.h **** 
 518:Drivers/CMSIS/Include/cmsis_gcc.h **** 
 519:Drivers/CMSIS/Include/cmsis_gcc.h **** /**
 520:Drivers/CMSIS/Include/cmsis_gcc.h ****   \brief   STR Exclusive (32 bit)
 521:Drivers/CMSIS/Include/cmsis_gcc.h ****   \details Executes a exclusive STR instruction for 32 bit values.
 522:Drivers/CMSIS/Include/cmsis_gcc.h ****   \param [in]  value  Value to store
 523:Drivers/CMSIS/Include/cmsis_gcc.h ****   \param [in]    ptr  Pointer to location
 524:Drivers/CMSIS/Include/cmsis_gcc.h ****   \return          0  Function succeeded
 525:Drivers/CMSIS/Include/cmsis_gcc.h ****   \return          1  Function failed
 526:Drivers/CMSIS/Include/cmsis_gcc.h ****  */
 527:Drivers/CMSIS/Include/cmsis_gcc.h **** __STATIC_FORCEINLINE uint32_t __STREXW(uint32_t value, volatile uint32_t *addr)
 528:Drivers/CMSIS/Include/cmsis_gcc.h **** {
 529:Drivers/CMSIS/Include/cmsis_gcc.h ****    uint32_t result;
ARM GAS  C:\Users\Ebrahim\AppData\Local\Temp\cc0Bv0tj.s 			page 25


 530:Drivers/CMSIS/Include/cmsis_gcc.h **** 
 531:Drivers/CMSIS/Include/cmsis_gcc.h ****    __ASM volatile ("strex %0, %2, %1" : "=&r" (result), "=Q" (*addr) : "r" (value) );
 532:Drivers/CMSIS/Include/cmsis_gcc.h ****    return(result);
 533:Drivers/CMSIS/Include/cmsis_gcc.h **** }
 534:Drivers/CMSIS/Include/cmsis_gcc.h **** 
 535:Drivers/CMSIS/Include/cmsis_gcc.h **** 
 536:Drivers/CMSIS/Include/cmsis_gcc.h **** /**
 537:Drivers/CMSIS/Include/cmsis_gcc.h ****   \brief   Remove the exclusive lock
 538:Drivers/CMSIS/Include/cmsis_gcc.h ****   \details Removes the exclusive lock which is created by LDREX.
 539:Drivers/CMSIS/Include/cmsis_gcc.h ****  */
 540:Drivers/CMSIS/Include/cmsis_gcc.h **** __STATIC_FORCEINLINE void __CLREX(void)
 541:Drivers/CMSIS/Include/cmsis_gcc.h **** {
 542:Drivers/CMSIS/Include/cmsis_gcc.h ****   __ASM volatile ("clrex" ::: "memory");
 543:Drivers/CMSIS/Include/cmsis_gcc.h **** }
 544:Drivers/CMSIS/Include/cmsis_gcc.h **** 
 545:Drivers/CMSIS/Include/cmsis_gcc.h **** #endif /* ((defined (__ARM_ARCH_7M__      ) && (__ARM_ARCH_7M__      == 1)) || \
 546:Drivers/CMSIS/Include/cmsis_gcc.h ****            (defined (__ARM_ARCH_7EM__     ) && (__ARM_ARCH_7EM__     == 1)) || \
 547:Drivers/CMSIS/Include/cmsis_gcc.h ****            (defined (__ARM_ARCH_8M_MAIN__ ) && (__ARM_ARCH_8M_MAIN__ == 1)) || \
 548:Drivers/CMSIS/Include/cmsis_gcc.h ****            (defined (__ARM_ARCH_8M_BASE__ ) && (__ARM_ARCH_8M_BASE__ == 1))    ) */
 549:Drivers/CMSIS/Include/cmsis_gcc.h **** 
 550:Drivers/CMSIS/Include/cmsis_gcc.h **** 
 551:Drivers/CMSIS/Include/cmsis_gcc.h **** #if ((defined (__ARM_ARCH_7M__      ) && (__ARM_ARCH_7M__      == 1)) || \
 552:Drivers/CMSIS/Include/cmsis_gcc.h ****      (defined (__ARM_ARCH_7EM__     ) && (__ARM_ARCH_7EM__     == 1)) || \
 553:Drivers/CMSIS/Include/cmsis_gcc.h ****      (defined (__ARM_ARCH_8M_MAIN__ ) && (__ARM_ARCH_8M_MAIN__ == 1))    )
 554:Drivers/CMSIS/Include/cmsis_gcc.h **** /**
 555:Drivers/CMSIS/Include/cmsis_gcc.h ****   \brief   Signed Saturate
 556:Drivers/CMSIS/Include/cmsis_gcc.h ****   \details Saturates a signed value.
 557:Drivers/CMSIS/Include/cmsis_gcc.h ****   \param [in]  ARG1  Value to be saturated
 558:Drivers/CMSIS/Include/cmsis_gcc.h ****   \param [in]  ARG2  Bit position to saturate to (1..32)
 559:Drivers/CMSIS/Include/cmsis_gcc.h ****   \return             Saturated value
 560:Drivers/CMSIS/Include/cmsis_gcc.h ****  */
 561:Drivers/CMSIS/Include/cmsis_gcc.h **** #define __SSAT(ARG1, ARG2) \
 562:Drivers/CMSIS/Include/cmsis_gcc.h **** __extension__ \
 563:Drivers/CMSIS/Include/cmsis_gcc.h **** ({                          \
 564:Drivers/CMSIS/Include/cmsis_gcc.h ****   int32_t __RES, __ARG1 = (ARG1); \
 565:Drivers/CMSIS/Include/cmsis_gcc.h ****   __ASM volatile ("ssat %0, %1, %2" : "=r" (__RES) :  "I" (ARG2), "r" (__ARG1) : "cc" ); \
 566:Drivers/CMSIS/Include/cmsis_gcc.h ****   __RES; \
 567:Drivers/CMSIS/Include/cmsis_gcc.h ****  })
 568:Drivers/CMSIS/Include/cmsis_gcc.h **** 
 569:Drivers/CMSIS/Include/cmsis_gcc.h **** 
 570:Drivers/CMSIS/Include/cmsis_gcc.h **** /**
 571:Drivers/CMSIS/Include/cmsis_gcc.h ****   \brief   Unsigned Saturate
 572:Drivers/CMSIS/Include/cmsis_gcc.h ****   \details Saturates an unsigned value.
 573:Drivers/CMSIS/Include/cmsis_gcc.h ****   \param [in]  ARG1  Value to be saturated
 574:Drivers/CMSIS/Include/cmsis_gcc.h ****   \param [in]  ARG2  Bit position to saturate to (0..31)
 575:Drivers/CMSIS/Include/cmsis_gcc.h ****   \return             Saturated value
 576:Drivers/CMSIS/Include/cmsis_gcc.h ****  */
 577:Drivers/CMSIS/Include/cmsis_gcc.h **** #define __USAT(ARG1, ARG2) \
 578:Drivers/CMSIS/Include/cmsis_gcc.h **** __extension__ \
 579:Drivers/CMSIS/Include/cmsis_gcc.h **** ({                          \
 580:Drivers/CMSIS/Include/cmsis_gcc.h ****   uint32_t __RES, __ARG1 = (ARG1); \
 581:Drivers/CMSIS/Include/cmsis_gcc.h ****   __ASM volatile ("usat %0, %1, %2" : "=r" (__RES) :  "I" (ARG2), "r" (__ARG1) : "cc" ); \
 582:Drivers/CMSIS/Include/cmsis_gcc.h ****   __RES; \
 583:Drivers/CMSIS/Include/cmsis_gcc.h ****  })
 584:Drivers/CMSIS/Include/cmsis_gcc.h **** 
 585:Drivers/CMSIS/Include/cmsis_gcc.h **** 
 586:Drivers/CMSIS/Include/cmsis_gcc.h **** /**
ARM GAS  C:\Users\Ebrahim\AppData\Local\Temp\cc0Bv0tj.s 			page 26


 587:Drivers/CMSIS/Include/cmsis_gcc.h ****   \brief   Rotate Right with Extend (32 bit)
 588:Drivers/CMSIS/Include/cmsis_gcc.h ****   \details Moves each bit of a bitstring right by one bit.
 589:Drivers/CMSIS/Include/cmsis_gcc.h ****            The carry input is shifted in at the left end of the bitstring.
 590:Drivers/CMSIS/Include/cmsis_gcc.h ****   \param [in]    value  Value to rotate
 591:Drivers/CMSIS/Include/cmsis_gcc.h ****   \return               Rotated value
 592:Drivers/CMSIS/Include/cmsis_gcc.h ****  */
 593:Drivers/CMSIS/Include/cmsis_gcc.h **** __STATIC_FORCEINLINE uint32_t __RRX(uint32_t value)
 594:Drivers/CMSIS/Include/cmsis_gcc.h **** {
 595:Drivers/CMSIS/Include/cmsis_gcc.h ****   uint32_t result;
 596:Drivers/CMSIS/Include/cmsis_gcc.h **** 
 597:Drivers/CMSIS/Include/cmsis_gcc.h ****   __ASM volatile ("rrx %0, %1" : __CMSIS_GCC_OUT_REG (result) : __CMSIS_GCC_USE_REG (value) );
 598:Drivers/CMSIS/Include/cmsis_gcc.h ****   return(result);
 599:Drivers/CMSIS/Include/cmsis_gcc.h **** }
 600:Drivers/CMSIS/Include/cmsis_gcc.h **** 
 601:Drivers/CMSIS/Include/cmsis_gcc.h **** 
 602:Drivers/CMSIS/Include/cmsis_gcc.h **** /**
 603:Drivers/CMSIS/Include/cmsis_gcc.h ****   \brief   LDRT Unprivileged (8 bit)
 604:Drivers/CMSIS/Include/cmsis_gcc.h ****   \details Executes a Unprivileged LDRT instruction for 8 bit value.
 605:Drivers/CMSIS/Include/cmsis_gcc.h ****   \param [in]    ptr  Pointer to data
 606:Drivers/CMSIS/Include/cmsis_gcc.h ****   \return             value of type uint8_t at (*ptr)
 607:Drivers/CMSIS/Include/cmsis_gcc.h ****  */
 608:Drivers/CMSIS/Include/cmsis_gcc.h **** __STATIC_FORCEINLINE uint8_t __LDRBT(volatile uint8_t *ptr)
 609:Drivers/CMSIS/Include/cmsis_gcc.h **** {
 610:Drivers/CMSIS/Include/cmsis_gcc.h ****     uint32_t result;
 611:Drivers/CMSIS/Include/cmsis_gcc.h **** 
 612:Drivers/CMSIS/Include/cmsis_gcc.h **** #if (__GNUC__ > 4) || (__GNUC__ == 4 && __GNUC_MINOR__ >= 8)
 613:Drivers/CMSIS/Include/cmsis_gcc.h ****    __ASM volatile ("ldrbt %0, %1" : "=r" (result) : "Q" (*ptr) );
 614:Drivers/CMSIS/Include/cmsis_gcc.h **** #else
 615:Drivers/CMSIS/Include/cmsis_gcc.h ****     /* Prior to GCC 4.8, "Q" will be expanded to [rx, #0] which is not
 616:Drivers/CMSIS/Include/cmsis_gcc.h ****        accepted by assembler. So has to use following less efficient pattern.
 617:Drivers/CMSIS/Include/cmsis_gcc.h ****     */
 618:Drivers/CMSIS/Include/cmsis_gcc.h ****    __ASM volatile ("ldrbt %0, [%1]" : "=r" (result) : "r" (ptr) : "memory" );
 619:Drivers/CMSIS/Include/cmsis_gcc.h **** #endif
 620:Drivers/CMSIS/Include/cmsis_gcc.h ****    return ((uint8_t) result);    /* Add explicit type cast here */
 621:Drivers/CMSIS/Include/cmsis_gcc.h **** }
 622:Drivers/CMSIS/Include/cmsis_gcc.h **** 
 623:Drivers/CMSIS/Include/cmsis_gcc.h **** 
 624:Drivers/CMSIS/Include/cmsis_gcc.h **** /**
 625:Drivers/CMSIS/Include/cmsis_gcc.h ****   \brief   LDRT Unprivileged (16 bit)
 626:Drivers/CMSIS/Include/cmsis_gcc.h ****   \details Executes a Unprivileged LDRT instruction for 16 bit values.
 627:Drivers/CMSIS/Include/cmsis_gcc.h ****   \param [in]    ptr  Pointer to data
 628:Drivers/CMSIS/Include/cmsis_gcc.h ****   \return        value of type uint16_t at (*ptr)
 629:Drivers/CMSIS/Include/cmsis_gcc.h ****  */
 630:Drivers/CMSIS/Include/cmsis_gcc.h **** __STATIC_FORCEINLINE uint16_t __LDRHT(volatile uint16_t *ptr)
 631:Drivers/CMSIS/Include/cmsis_gcc.h **** {
 632:Drivers/CMSIS/Include/cmsis_gcc.h ****     uint32_t result;
 633:Drivers/CMSIS/Include/cmsis_gcc.h **** 
 634:Drivers/CMSIS/Include/cmsis_gcc.h **** #if (__GNUC__ > 4) || (__GNUC__ == 4 && __GNUC_MINOR__ >= 8)
 635:Drivers/CMSIS/Include/cmsis_gcc.h ****    __ASM volatile ("ldrht %0, %1" : "=r" (result) : "Q" (*ptr) );
 636:Drivers/CMSIS/Include/cmsis_gcc.h **** #else
 637:Drivers/CMSIS/Include/cmsis_gcc.h ****     /* Prior to GCC 4.8, "Q" will be expanded to [rx, #0] which is not
 638:Drivers/CMSIS/Include/cmsis_gcc.h ****        accepted by assembler. So has to use following less efficient pattern.
 639:Drivers/CMSIS/Include/cmsis_gcc.h ****     */
 640:Drivers/CMSIS/Include/cmsis_gcc.h ****    __ASM volatile ("ldrht %0, [%1]" : "=r" (result) : "r" (ptr) : "memory" );
 641:Drivers/CMSIS/Include/cmsis_gcc.h **** #endif
 642:Drivers/CMSIS/Include/cmsis_gcc.h ****    return ((uint16_t) result);    /* Add explicit type cast here */
 643:Drivers/CMSIS/Include/cmsis_gcc.h **** }
ARM GAS  C:\Users\Ebrahim\AppData\Local\Temp\cc0Bv0tj.s 			page 27


 644:Drivers/CMSIS/Include/cmsis_gcc.h **** 
 645:Drivers/CMSIS/Include/cmsis_gcc.h **** 
 646:Drivers/CMSIS/Include/cmsis_gcc.h **** /**
 647:Drivers/CMSIS/Include/cmsis_gcc.h ****   \brief   LDRT Unprivileged (32 bit)
 648:Drivers/CMSIS/Include/cmsis_gcc.h ****   \details Executes a Unprivileged LDRT instruction for 32 bit values.
 649:Drivers/CMSIS/Include/cmsis_gcc.h ****   \param [in]    ptr  Pointer to data
 650:Drivers/CMSIS/Include/cmsis_gcc.h ****   \return        value of type uint32_t at (*ptr)
 651:Drivers/CMSIS/Include/cmsis_gcc.h ****  */
 652:Drivers/CMSIS/Include/cmsis_gcc.h **** __STATIC_FORCEINLINE uint32_t __LDRT(volatile uint32_t *ptr)
 653:Drivers/CMSIS/Include/cmsis_gcc.h **** {
 654:Drivers/CMSIS/Include/cmsis_gcc.h ****     uint32_t result;
 655:Drivers/CMSIS/Include/cmsis_gcc.h **** 
 656:Drivers/CMSIS/Include/cmsis_gcc.h ****    __ASM volatile ("ldrt %0, %1" : "=r" (result) : "Q" (*ptr) );
 657:Drivers/CMSIS/Include/cmsis_gcc.h ****    return(result);
 658:Drivers/CMSIS/Include/cmsis_gcc.h **** }
 659:Drivers/CMSIS/Include/cmsis_gcc.h **** 
 660:Drivers/CMSIS/Include/cmsis_gcc.h **** 
 661:Drivers/CMSIS/Include/cmsis_gcc.h **** /**
 662:Drivers/CMSIS/Include/cmsis_gcc.h ****   \brief   STRT Unprivileged (8 bit)
 663:Drivers/CMSIS/Include/cmsis_gcc.h ****   \details Executes a Unprivileged STRT instruction for 8 bit values.
 664:Drivers/CMSIS/Include/cmsis_gcc.h ****   \param [in]  value  Value to store
 665:Drivers/CMSIS/Include/cmsis_gcc.h ****   \param [in]    ptr  Pointer to location
 666:Drivers/CMSIS/Include/cmsis_gcc.h ****  */
 667:Drivers/CMSIS/Include/cmsis_gcc.h **** __STATIC_FORCEINLINE void __STRBT(uint8_t value, volatile uint8_t *ptr)
 668:Drivers/CMSIS/Include/cmsis_gcc.h **** {
 669:Drivers/CMSIS/Include/cmsis_gcc.h ****    __ASM volatile ("strbt %1, %0" : "=Q" (*ptr) : "r" ((uint32_t)value) );
 670:Drivers/CMSIS/Include/cmsis_gcc.h **** }
 671:Drivers/CMSIS/Include/cmsis_gcc.h **** 
 672:Drivers/CMSIS/Include/cmsis_gcc.h **** 
 673:Drivers/CMSIS/Include/cmsis_gcc.h **** /**
 674:Drivers/CMSIS/Include/cmsis_gcc.h ****   \brief   STRT Unprivileged (16 bit)
 675:Drivers/CMSIS/Include/cmsis_gcc.h ****   \details Executes a Unprivileged STRT instruction for 16 bit values.
 676:Drivers/CMSIS/Include/cmsis_gcc.h ****   \param [in]  value  Value to store
 677:Drivers/CMSIS/Include/cmsis_gcc.h ****   \param [in]    ptr  Pointer to location
 678:Drivers/CMSIS/Include/cmsis_gcc.h ****  */
 679:Drivers/CMSIS/Include/cmsis_gcc.h **** __STATIC_FORCEINLINE void __STRHT(uint16_t value, volatile uint16_t *ptr)
 680:Drivers/CMSIS/Include/cmsis_gcc.h **** {
 681:Drivers/CMSIS/Include/cmsis_gcc.h ****    __ASM volatile ("strht %1, %0" : "=Q" (*ptr) : "r" ((uint32_t)value) );
 682:Drivers/CMSIS/Include/cmsis_gcc.h **** }
 683:Drivers/CMSIS/Include/cmsis_gcc.h **** 
 684:Drivers/CMSIS/Include/cmsis_gcc.h **** 
 685:Drivers/CMSIS/Include/cmsis_gcc.h **** /**
 686:Drivers/CMSIS/Include/cmsis_gcc.h ****   \brief   STRT Unprivileged (32 bit)
 687:Drivers/CMSIS/Include/cmsis_gcc.h ****   \details Executes a Unprivileged STRT instruction for 32 bit values.
 688:Drivers/CMSIS/Include/cmsis_gcc.h ****   \param [in]  value  Value to store
 689:Drivers/CMSIS/Include/cmsis_gcc.h ****   \param [in]    ptr  Pointer to location
 690:Drivers/CMSIS/Include/cmsis_gcc.h ****  */
 691:Drivers/CMSIS/Include/cmsis_gcc.h **** __STATIC_FORCEINLINE void __STRT(uint32_t value, volatile uint32_t *ptr)
 692:Drivers/CMSIS/Include/cmsis_gcc.h **** {
 693:Drivers/CMSIS/Include/cmsis_gcc.h ****    __ASM volatile ("strt %1, %0" : "=Q" (*ptr) : "r" (value) );
 694:Drivers/CMSIS/Include/cmsis_gcc.h **** }
 695:Drivers/CMSIS/Include/cmsis_gcc.h **** 
 696:Drivers/CMSIS/Include/cmsis_gcc.h **** #else  /* ((defined (__ARM_ARCH_7M__      ) && (__ARM_ARCH_7M__      == 1)) || \
 697:Drivers/CMSIS/Include/cmsis_gcc.h ****            (defined (__ARM_ARCH_7EM__     ) && (__ARM_ARCH_7EM__     == 1)) || \
 698:Drivers/CMSIS/Include/cmsis_gcc.h ****            (defined (__ARM_ARCH_8M_MAIN__ ) && (__ARM_ARCH_8M_MAIN__ == 1))    ) */
 699:Drivers/CMSIS/Include/cmsis_gcc.h **** 
 700:Drivers/CMSIS/Include/cmsis_gcc.h **** /**
ARM GAS  C:\Users\Ebrahim\AppData\Local\Temp\cc0Bv0tj.s 			page 28


 701:Drivers/CMSIS/Include/cmsis_gcc.h ****   \brief   Signed Saturate
 702:Drivers/CMSIS/Include/cmsis_gcc.h ****   \details Saturates a signed value.
 703:Drivers/CMSIS/Include/cmsis_gcc.h ****   \param [in]  value  Value to be saturated
 704:Drivers/CMSIS/Include/cmsis_gcc.h ****   \param [in]    sat  Bit position to saturate to (1..32)
 705:Drivers/CMSIS/Include/cmsis_gcc.h ****   \return             Saturated value
 706:Drivers/CMSIS/Include/cmsis_gcc.h ****  */
 707:Drivers/CMSIS/Include/cmsis_gcc.h **** __STATIC_FORCEINLINE int32_t __SSAT(int32_t val, uint32_t sat)
 708:Drivers/CMSIS/Include/cmsis_gcc.h **** {
 709:Drivers/CMSIS/Include/cmsis_gcc.h ****   if ((sat >= 1U) && (sat <= 32U))
 710:Drivers/CMSIS/Include/cmsis_gcc.h ****   {
 711:Drivers/CMSIS/Include/cmsis_gcc.h ****     const int32_t max = (int32_t)((1U << (sat - 1U)) - 1U);
 712:Drivers/CMSIS/Include/cmsis_gcc.h ****     const int32_t min = -1 - max ;
 713:Drivers/CMSIS/Include/cmsis_gcc.h ****     if (val > max)
 714:Drivers/CMSIS/Include/cmsis_gcc.h ****     {
 715:Drivers/CMSIS/Include/cmsis_gcc.h ****       return max;
 716:Drivers/CMSIS/Include/cmsis_gcc.h ****     }
 717:Drivers/CMSIS/Include/cmsis_gcc.h ****     else if (val < min)
 718:Drivers/CMSIS/Include/cmsis_gcc.h ****     {
 719:Drivers/CMSIS/Include/cmsis_gcc.h ****       return min;
 720:Drivers/CMSIS/Include/cmsis_gcc.h ****     }
 721:Drivers/CMSIS/Include/cmsis_gcc.h ****   }
 722:Drivers/CMSIS/Include/cmsis_gcc.h ****   return val;
 723:Drivers/CMSIS/Include/cmsis_gcc.h **** }
 724:Drivers/CMSIS/Include/cmsis_gcc.h **** 
 725:Drivers/CMSIS/Include/cmsis_gcc.h **** /**
 726:Drivers/CMSIS/Include/cmsis_gcc.h ****   \brief   Unsigned Saturate
 727:Drivers/CMSIS/Include/cmsis_gcc.h ****   \details Saturates an unsigned value.
 728:Drivers/CMSIS/Include/cmsis_gcc.h ****   \param [in]  value  Value to be saturated
 729:Drivers/CMSIS/Include/cmsis_gcc.h ****   \param [in]    sat  Bit position to saturate to (0..31)
 730:Drivers/CMSIS/Include/cmsis_gcc.h ****   \return             Saturated value
 731:Drivers/CMSIS/Include/cmsis_gcc.h ****  */
 732:Drivers/CMSIS/Include/cmsis_gcc.h **** __STATIC_FORCEINLINE uint32_t __USAT(int32_t val, uint32_t sat)
 733:Drivers/CMSIS/Include/cmsis_gcc.h **** {
 734:Drivers/CMSIS/Include/cmsis_gcc.h ****   if (sat <= 31U)
 735:Drivers/CMSIS/Include/cmsis_gcc.h ****   {
 736:Drivers/CMSIS/Include/cmsis_gcc.h ****     const uint32_t max = ((1U << sat) - 1U);
 737:Drivers/CMSIS/Include/cmsis_gcc.h ****     if (val > (int32_t)max)
 738:Drivers/CMSIS/Include/cmsis_gcc.h ****     {
 739:Drivers/CMSIS/Include/cmsis_gcc.h ****       return max;
 740:Drivers/CMSIS/Include/cmsis_gcc.h ****     }
 741:Drivers/CMSIS/Include/cmsis_gcc.h ****     else if (val < 0)
 742:Drivers/CMSIS/Include/cmsis_gcc.h ****     {
 743:Drivers/CMSIS/Include/cmsis_gcc.h ****       return 0U;
 744:Drivers/CMSIS/Include/cmsis_gcc.h ****     }
 745:Drivers/CMSIS/Include/cmsis_gcc.h ****   }
 746:Drivers/CMSIS/Include/cmsis_gcc.h ****   return (uint32_t)val;
 747:Drivers/CMSIS/Include/cmsis_gcc.h **** }
 748:Drivers/CMSIS/Include/cmsis_gcc.h **** 
 749:Drivers/CMSIS/Include/cmsis_gcc.h **** #endif /* ((defined (__ARM_ARCH_7M__      ) && (__ARM_ARCH_7M__      == 1)) || \
 750:Drivers/CMSIS/Include/cmsis_gcc.h ****            (defined (__ARM_ARCH_7EM__     ) && (__ARM_ARCH_7EM__     == 1)) || \
 751:Drivers/CMSIS/Include/cmsis_gcc.h ****            (defined (__ARM_ARCH_8M_MAIN__ ) && (__ARM_ARCH_8M_MAIN__ == 1))    ) */
 752:Drivers/CMSIS/Include/cmsis_gcc.h **** 
 753:Drivers/CMSIS/Include/cmsis_gcc.h **** 
 754:Drivers/CMSIS/Include/cmsis_gcc.h **** #if ((defined (__ARM_ARCH_8M_MAIN__ ) && (__ARM_ARCH_8M_MAIN__ == 1)) || \
 755:Drivers/CMSIS/Include/cmsis_gcc.h ****      (defined (__ARM_ARCH_8M_BASE__ ) && (__ARM_ARCH_8M_BASE__ == 1))    )
 756:Drivers/CMSIS/Include/cmsis_gcc.h **** /**
 757:Drivers/CMSIS/Include/cmsis_gcc.h ****   \brief   Load-Acquire (8 bit)
ARM GAS  C:\Users\Ebrahim\AppData\Local\Temp\cc0Bv0tj.s 			page 29


 758:Drivers/CMSIS/Include/cmsis_gcc.h ****   \details Executes a LDAB instruction for 8 bit value.
 759:Drivers/CMSIS/Include/cmsis_gcc.h ****   \param [in]    ptr  Pointer to data
 760:Drivers/CMSIS/Include/cmsis_gcc.h ****   \return             value of type uint8_t at (*ptr)
 761:Drivers/CMSIS/Include/cmsis_gcc.h ****  */
 762:Drivers/CMSIS/Include/cmsis_gcc.h **** __STATIC_FORCEINLINE uint8_t __LDAB(volatile uint8_t *ptr)
 763:Drivers/CMSIS/Include/cmsis_gcc.h **** {
 764:Drivers/CMSIS/Include/cmsis_gcc.h ****     uint32_t result;
 765:Drivers/CMSIS/Include/cmsis_gcc.h **** 
 766:Drivers/CMSIS/Include/cmsis_gcc.h ****    __ASM volatile ("ldab %0, %1" : "=r" (result) : "Q" (*ptr) : "memory" );
 767:Drivers/CMSIS/Include/cmsis_gcc.h ****    return ((uint8_t) result);
 768:Drivers/CMSIS/Include/cmsis_gcc.h **** }
 769:Drivers/CMSIS/Include/cmsis_gcc.h **** 
 770:Drivers/CMSIS/Include/cmsis_gcc.h **** 
 771:Drivers/CMSIS/Include/cmsis_gcc.h **** /**
 772:Drivers/CMSIS/Include/cmsis_gcc.h ****   \brief   Load-Acquire (16 bit)
 773:Drivers/CMSIS/Include/cmsis_gcc.h ****   \details Executes a LDAH instruction for 16 bit values.
 774:Drivers/CMSIS/Include/cmsis_gcc.h ****   \param [in]    ptr  Pointer to data
 775:Drivers/CMSIS/Include/cmsis_gcc.h ****   \return        value of type uint16_t at (*ptr)
 776:Drivers/CMSIS/Include/cmsis_gcc.h ****  */
 777:Drivers/CMSIS/Include/cmsis_gcc.h **** __STATIC_FORCEINLINE uint16_t __LDAH(volatile uint16_t *ptr)
 778:Drivers/CMSIS/Include/cmsis_gcc.h **** {
 779:Drivers/CMSIS/Include/cmsis_gcc.h ****     uint32_t result;
 780:Drivers/CMSIS/Include/cmsis_gcc.h **** 
 781:Drivers/CMSIS/Include/cmsis_gcc.h ****    __ASM volatile ("ldah %0, %1" : "=r" (result) : "Q" (*ptr) : "memory" );
 782:Drivers/CMSIS/Include/cmsis_gcc.h ****    return ((uint16_t) result);
 783:Drivers/CMSIS/Include/cmsis_gcc.h **** }
 784:Drivers/CMSIS/Include/cmsis_gcc.h **** 
 785:Drivers/CMSIS/Include/cmsis_gcc.h **** 
 786:Drivers/CMSIS/Include/cmsis_gcc.h **** /**
 787:Drivers/CMSIS/Include/cmsis_gcc.h ****   \brief   Load-Acquire (32 bit)
 788:Drivers/CMSIS/Include/cmsis_gcc.h ****   \details Executes a LDA instruction for 32 bit values.
 789:Drivers/CMSIS/Include/cmsis_gcc.h ****   \param [in]    ptr  Pointer to data
 790:Drivers/CMSIS/Include/cmsis_gcc.h ****   \return        value of type uint32_t at (*ptr)
 791:Drivers/CMSIS/Include/cmsis_gcc.h ****  */
 792:Drivers/CMSIS/Include/cmsis_gcc.h **** __STATIC_FORCEINLINE uint32_t __LDA(volatile uint32_t *ptr)
 793:Drivers/CMSIS/Include/cmsis_gcc.h **** {
 794:Drivers/CMSIS/Include/cmsis_gcc.h ****     uint32_t result;
 795:Drivers/CMSIS/Include/cmsis_gcc.h **** 
 796:Drivers/CMSIS/Include/cmsis_gcc.h ****    __ASM volatile ("lda %0, %1" : "=r" (result) : "Q" (*ptr) : "memory" );
 797:Drivers/CMSIS/Include/cmsis_gcc.h ****    return(result);
 798:Drivers/CMSIS/Include/cmsis_gcc.h **** }
 799:Drivers/CMSIS/Include/cmsis_gcc.h **** 
 800:Drivers/CMSIS/Include/cmsis_gcc.h **** 
 801:Drivers/CMSIS/Include/cmsis_gcc.h **** /**
 802:Drivers/CMSIS/Include/cmsis_gcc.h ****   \brief   Store-Release (8 bit)
 803:Drivers/CMSIS/Include/cmsis_gcc.h ****   \details Executes a STLB instruction for 8 bit values.
 804:Drivers/CMSIS/Include/cmsis_gcc.h ****   \param [in]  value  Value to store
 805:Drivers/CMSIS/Include/cmsis_gcc.h ****   \param [in]    ptr  Pointer to location
 806:Drivers/CMSIS/Include/cmsis_gcc.h ****  */
 807:Drivers/CMSIS/Include/cmsis_gcc.h **** __STATIC_FORCEINLINE void __STLB(uint8_t value, volatile uint8_t *ptr)
 808:Drivers/CMSIS/Include/cmsis_gcc.h **** {
 809:Drivers/CMSIS/Include/cmsis_gcc.h ****    __ASM volatile ("stlb %1, %0" : "=Q" (*ptr) : "r" ((uint32_t)value) : "memory" );
 810:Drivers/CMSIS/Include/cmsis_gcc.h **** }
 811:Drivers/CMSIS/Include/cmsis_gcc.h **** 
 812:Drivers/CMSIS/Include/cmsis_gcc.h **** 
 813:Drivers/CMSIS/Include/cmsis_gcc.h **** /**
 814:Drivers/CMSIS/Include/cmsis_gcc.h ****   \brief   Store-Release (16 bit)
ARM GAS  C:\Users\Ebrahim\AppData\Local\Temp\cc0Bv0tj.s 			page 30


 815:Drivers/CMSIS/Include/cmsis_gcc.h ****   \details Executes a STLH instruction for 16 bit values.
 816:Drivers/CMSIS/Include/cmsis_gcc.h ****   \param [in]  value  Value to store
 817:Drivers/CMSIS/Include/cmsis_gcc.h ****   \param [in]    ptr  Pointer to location
 818:Drivers/CMSIS/Include/cmsis_gcc.h ****  */
 819:Drivers/CMSIS/Include/cmsis_gcc.h **** __STATIC_FORCEINLINE void __STLH(uint16_t value, volatile uint16_t *ptr)
 820:Drivers/CMSIS/Include/cmsis_gcc.h **** {
 821:Drivers/CMSIS/Include/cmsis_gcc.h ****    __ASM volatile ("stlh %1, %0" : "=Q" (*ptr) : "r" ((uint32_t)value) : "memory" );
 822:Drivers/CMSIS/Include/cmsis_gcc.h **** }
 823:Drivers/CMSIS/Include/cmsis_gcc.h **** 
 824:Drivers/CMSIS/Include/cmsis_gcc.h **** 
 825:Drivers/CMSIS/Include/cmsis_gcc.h **** /**
 826:Drivers/CMSIS/Include/cmsis_gcc.h ****   \brief   Store-Release (32 bit)
 827:Drivers/CMSIS/Include/cmsis_gcc.h ****   \details Executes a STL instruction for 32 bit values.
 828:Drivers/CMSIS/Include/cmsis_gcc.h ****   \param [in]  value  Value to store
 829:Drivers/CMSIS/Include/cmsis_gcc.h ****   \param [in]    ptr  Pointer to location
 830:Drivers/CMSIS/Include/cmsis_gcc.h ****  */
 831:Drivers/CMSIS/Include/cmsis_gcc.h **** __STATIC_FORCEINLINE void __STL(uint32_t value, volatile uint32_t *ptr)
 832:Drivers/CMSIS/Include/cmsis_gcc.h **** {
 833:Drivers/CMSIS/Include/cmsis_gcc.h ****    __ASM volatile ("stl %1, %0" : "=Q" (*ptr) : "r" ((uint32_t)value) : "memory" );
 834:Drivers/CMSIS/Include/cmsis_gcc.h **** }
 835:Drivers/CMSIS/Include/cmsis_gcc.h **** 
 836:Drivers/CMSIS/Include/cmsis_gcc.h **** 
 837:Drivers/CMSIS/Include/cmsis_gcc.h **** /**
 838:Drivers/CMSIS/Include/cmsis_gcc.h ****   \brief   Load-Acquire Exclusive (8 bit)
 839:Drivers/CMSIS/Include/cmsis_gcc.h ****   \details Executes a LDAB exclusive instruction for 8 bit value.
 840:Drivers/CMSIS/Include/cmsis_gcc.h ****   \param [in]    ptr  Pointer to data
 841:Drivers/CMSIS/Include/cmsis_gcc.h ****   \return             value of type uint8_t at (*ptr)
 842:Drivers/CMSIS/Include/cmsis_gcc.h ****  */
 843:Drivers/CMSIS/Include/cmsis_gcc.h **** __STATIC_FORCEINLINE uint8_t __LDAEXB(volatile uint8_t *ptr)
 844:Drivers/CMSIS/Include/cmsis_gcc.h **** {
 845:Drivers/CMSIS/Include/cmsis_gcc.h ****     uint32_t result;
 846:Drivers/CMSIS/Include/cmsis_gcc.h **** 
 847:Drivers/CMSIS/Include/cmsis_gcc.h ****    __ASM volatile ("ldaexb %0, %1" : "=r" (result) : "Q" (*ptr) : "memory" );
 848:Drivers/CMSIS/Include/cmsis_gcc.h ****    return ((uint8_t) result);
 849:Drivers/CMSIS/Include/cmsis_gcc.h **** }
 850:Drivers/CMSIS/Include/cmsis_gcc.h **** 
 851:Drivers/CMSIS/Include/cmsis_gcc.h **** 
 852:Drivers/CMSIS/Include/cmsis_gcc.h **** /**
 853:Drivers/CMSIS/Include/cmsis_gcc.h ****   \brief   Load-Acquire Exclusive (16 bit)
 854:Drivers/CMSIS/Include/cmsis_gcc.h ****   \details Executes a LDAH exclusive instruction for 16 bit values.
 855:Drivers/CMSIS/Include/cmsis_gcc.h ****   \param [in]    ptr  Pointer to data
 856:Drivers/CMSIS/Include/cmsis_gcc.h ****   \return        value of type uint16_t at (*ptr)
 857:Drivers/CMSIS/Include/cmsis_gcc.h ****  */
 858:Drivers/CMSIS/Include/cmsis_gcc.h **** __STATIC_FORCEINLINE uint16_t __LDAEXH(volatile uint16_t *ptr)
 859:Drivers/CMSIS/Include/cmsis_gcc.h **** {
 860:Drivers/CMSIS/Include/cmsis_gcc.h ****     uint32_t result;
 861:Drivers/CMSIS/Include/cmsis_gcc.h **** 
 862:Drivers/CMSIS/Include/cmsis_gcc.h ****    __ASM volatile ("ldaexh %0, %1" : "=r" (result) : "Q" (*ptr) : "memory" );
 863:Drivers/CMSIS/Include/cmsis_gcc.h ****    return ((uint16_t) result);
 864:Drivers/CMSIS/Include/cmsis_gcc.h **** }
 865:Drivers/CMSIS/Include/cmsis_gcc.h **** 
 866:Drivers/CMSIS/Include/cmsis_gcc.h **** 
 867:Drivers/CMSIS/Include/cmsis_gcc.h **** /**
 868:Drivers/CMSIS/Include/cmsis_gcc.h ****   \brief   Load-Acquire Exclusive (32 bit)
 869:Drivers/CMSIS/Include/cmsis_gcc.h ****   \details Executes a LDA exclusive instruction for 32 bit values.
 870:Drivers/CMSIS/Include/cmsis_gcc.h ****   \param [in]    ptr  Pointer to data
 871:Drivers/CMSIS/Include/cmsis_gcc.h ****   \return        value of type uint32_t at (*ptr)
ARM GAS  C:\Users\Ebrahim\AppData\Local\Temp\cc0Bv0tj.s 			page 31


 872:Drivers/CMSIS/Include/cmsis_gcc.h ****  */
 873:Drivers/CMSIS/Include/cmsis_gcc.h **** __STATIC_FORCEINLINE uint32_t __LDAEX(volatile uint32_t *ptr)
 874:Drivers/CMSIS/Include/cmsis_gcc.h **** {
 875:Drivers/CMSIS/Include/cmsis_gcc.h ****     uint32_t result;
 876:Drivers/CMSIS/Include/cmsis_gcc.h **** 
 877:Drivers/CMSIS/Include/cmsis_gcc.h ****    __ASM volatile ("ldaex %0, %1" : "=r" (result) : "Q" (*ptr) : "memory" );
 878:Drivers/CMSIS/Include/cmsis_gcc.h ****    return(result);
 879:Drivers/CMSIS/Include/cmsis_gcc.h **** }
 880:Drivers/CMSIS/Include/cmsis_gcc.h **** 
 881:Drivers/CMSIS/Include/cmsis_gcc.h **** 
 882:Drivers/CMSIS/Include/cmsis_gcc.h **** /**
 883:Drivers/CMSIS/Include/cmsis_gcc.h ****   \brief   Store-Release Exclusive (8 bit)
 884:Drivers/CMSIS/Include/cmsis_gcc.h ****   \details Executes a STLB exclusive instruction for 8 bit values.
 885:Drivers/CMSIS/Include/cmsis_gcc.h ****   \param [in]  value  Value to store
 886:Drivers/CMSIS/Include/cmsis_gcc.h ****   \param [in]    ptr  Pointer to location
 887:Drivers/CMSIS/Include/cmsis_gcc.h ****   \return          0  Function succeeded
 888:Drivers/CMSIS/Include/cmsis_gcc.h ****   \return          1  Function failed
 889:Drivers/CMSIS/Include/cmsis_gcc.h ****  */
 890:Drivers/CMSIS/Include/cmsis_gcc.h **** __STATIC_FORCEINLINE uint32_t __STLEXB(uint8_t value, volatile uint8_t *ptr)
 891:Drivers/CMSIS/Include/cmsis_gcc.h **** {
 892:Drivers/CMSIS/Include/cmsis_gcc.h ****    uint32_t result;
 893:Drivers/CMSIS/Include/cmsis_gcc.h **** 
 894:Drivers/CMSIS/Include/cmsis_gcc.h ****    __ASM volatile ("stlexb %0, %2, %1" : "=&r" (result), "=Q" (*ptr) : "r" ((uint32_t)value) : "mem
 895:Drivers/CMSIS/Include/cmsis_gcc.h ****    return(result);
 896:Drivers/CMSIS/Include/cmsis_gcc.h **** }
 897:Drivers/CMSIS/Include/cmsis_gcc.h **** 
 898:Drivers/CMSIS/Include/cmsis_gcc.h **** 
 899:Drivers/CMSIS/Include/cmsis_gcc.h **** /**
 900:Drivers/CMSIS/Include/cmsis_gcc.h ****   \brief   Store-Release Exclusive (16 bit)
 901:Drivers/CMSIS/Include/cmsis_gcc.h ****   \details Executes a STLH exclusive instruction for 16 bit values.
 902:Drivers/CMSIS/Include/cmsis_gcc.h ****   \param [in]  value  Value to store
 903:Drivers/CMSIS/Include/cmsis_gcc.h ****   \param [in]    ptr  Pointer to location
 904:Drivers/CMSIS/Include/cmsis_gcc.h ****   \return          0  Function succeeded
 905:Drivers/CMSIS/Include/cmsis_gcc.h ****   \return          1  Function failed
 906:Drivers/CMSIS/Include/cmsis_gcc.h ****  */
 907:Drivers/CMSIS/Include/cmsis_gcc.h **** __STATIC_FORCEINLINE uint32_t __STLEXH(uint16_t value, volatile uint16_t *ptr)
 908:Drivers/CMSIS/Include/cmsis_gcc.h **** {
 909:Drivers/CMSIS/Include/cmsis_gcc.h ****    uint32_t result;
 910:Drivers/CMSIS/Include/cmsis_gcc.h **** 
 911:Drivers/CMSIS/Include/cmsis_gcc.h ****    __ASM volatile ("stlexh %0, %2, %1" : "=&r" (result), "=Q" (*ptr) : "r" ((uint32_t)value) : "mem
 912:Drivers/CMSIS/Include/cmsis_gcc.h ****    return(result);
 913:Drivers/CMSIS/Include/cmsis_gcc.h **** }
 914:Drivers/CMSIS/Include/cmsis_gcc.h **** 
 915:Drivers/CMSIS/Include/cmsis_gcc.h **** 
 916:Drivers/CMSIS/Include/cmsis_gcc.h **** /**
 917:Drivers/CMSIS/Include/cmsis_gcc.h ****   \brief   Store-Release Exclusive (32 bit)
 918:Drivers/CMSIS/Include/cmsis_gcc.h ****   \details Executes a STL exclusive instruction for 32 bit values.
 919:Drivers/CMSIS/Include/cmsis_gcc.h ****   \param [in]  value  Value to store
 920:Drivers/CMSIS/Include/cmsis_gcc.h ****   \param [in]    ptr  Pointer to location
 921:Drivers/CMSIS/Include/cmsis_gcc.h ****   \return          0  Function succeeded
 922:Drivers/CMSIS/Include/cmsis_gcc.h ****   \return          1  Function failed
 923:Drivers/CMSIS/Include/cmsis_gcc.h ****  */
 924:Drivers/CMSIS/Include/cmsis_gcc.h **** __STATIC_FORCEINLINE uint32_t __STLEX(uint32_t value, volatile uint32_t *ptr)
 925:Drivers/CMSIS/Include/cmsis_gcc.h **** {
 926:Drivers/CMSIS/Include/cmsis_gcc.h ****    uint32_t result;
 927:Drivers/CMSIS/Include/cmsis_gcc.h **** 
 928:Drivers/CMSIS/Include/cmsis_gcc.h ****    __ASM volatile ("stlex %0, %2, %1" : "=&r" (result), "=Q" (*ptr) : "r" ((uint32_t)value) : "memo
ARM GAS  C:\Users\Ebrahim\AppData\Local\Temp\cc0Bv0tj.s 			page 32


 929:Drivers/CMSIS/Include/cmsis_gcc.h ****    return(result);
 930:Drivers/CMSIS/Include/cmsis_gcc.h **** }
 931:Drivers/CMSIS/Include/cmsis_gcc.h **** 
 932:Drivers/CMSIS/Include/cmsis_gcc.h **** #endif /* ((defined (__ARM_ARCH_8M_MAIN__ ) && (__ARM_ARCH_8M_MAIN__ == 1)) || \
 933:Drivers/CMSIS/Include/cmsis_gcc.h ****            (defined (__ARM_ARCH_8M_BASE__ ) && (__ARM_ARCH_8M_BASE__ == 1))    ) */
 934:Drivers/CMSIS/Include/cmsis_gcc.h **** 
 935:Drivers/CMSIS/Include/cmsis_gcc.h **** /*@}*/ /* end of group CMSIS_Core_InstructionInterface */
 936:Drivers/CMSIS/Include/cmsis_gcc.h **** 
 937:Drivers/CMSIS/Include/cmsis_gcc.h **** 
 938:Drivers/CMSIS/Include/cmsis_gcc.h **** /* ###########################  Core Function Access  ########################### */
 939:Drivers/CMSIS/Include/cmsis_gcc.h **** /** \ingroup  CMSIS_Core_FunctionInterface
 940:Drivers/CMSIS/Include/cmsis_gcc.h ****     \defgroup CMSIS_Core_RegAccFunctions CMSIS Core Register Access Functions
 941:Drivers/CMSIS/Include/cmsis_gcc.h ****   @{
 942:Drivers/CMSIS/Include/cmsis_gcc.h ****  */
 943:Drivers/CMSIS/Include/cmsis_gcc.h **** 
 944:Drivers/CMSIS/Include/cmsis_gcc.h **** /**
 945:Drivers/CMSIS/Include/cmsis_gcc.h ****   \brief   Enable IRQ Interrupts
 946:Drivers/CMSIS/Include/cmsis_gcc.h ****   \details Enables IRQ interrupts by clearing special-purpose register PRIMASK.
 947:Drivers/CMSIS/Include/cmsis_gcc.h ****            Can only be executed in Privileged modes.
 948:Drivers/CMSIS/Include/cmsis_gcc.h ****  */
 949:Drivers/CMSIS/Include/cmsis_gcc.h **** __STATIC_FORCEINLINE void __enable_irq(void)
 950:Drivers/CMSIS/Include/cmsis_gcc.h **** {
 951:Drivers/CMSIS/Include/cmsis_gcc.h ****   __ASM volatile ("cpsie i" : : : "memory");
 952:Drivers/CMSIS/Include/cmsis_gcc.h **** }
 953:Drivers/CMSIS/Include/cmsis_gcc.h **** 
 954:Drivers/CMSIS/Include/cmsis_gcc.h **** 
 955:Drivers/CMSIS/Include/cmsis_gcc.h **** /**
 956:Drivers/CMSIS/Include/cmsis_gcc.h ****   \brief   Disable IRQ Interrupts
 957:Drivers/CMSIS/Include/cmsis_gcc.h ****   \details Disables IRQ interrupts by setting special-purpose register PRIMASK.
 958:Drivers/CMSIS/Include/cmsis_gcc.h ****            Can only be executed in Privileged modes.
 959:Drivers/CMSIS/Include/cmsis_gcc.h ****  */
 960:Drivers/CMSIS/Include/cmsis_gcc.h **** __STATIC_FORCEINLINE void __disable_irq(void)
 304              		.loc 2 960 27 view .LVU62
 305              	.LBB9:
 961:Drivers/CMSIS/Include/cmsis_gcc.h **** {
 962:Drivers/CMSIS/Include/cmsis_gcc.h ****   __ASM volatile ("cpsid i" : : : "memory");
 306              		.loc 2 962 3 view .LVU63
 307              		.syntax unified
 308              	@ 962 "Drivers/CMSIS/Include/cmsis_gcc.h" 1
 309 0000 72B6     		cpsid i
 310              	@ 0 "" 2
 311              		.thumb
 312              		.syntax unified
 313              	.L12:
 314              	.LBE9:
 315              	.LBE8:
 534:Core/Src/main.c ****   while (1)
 316              		.loc 1 534 3 view .LVU64
 535:Core/Src/main.c ****   {
 536:Core/Src/main.c ****   }
 317              		.loc 1 536 3 view .LVU65
 534:Core/Src/main.c ****   while (1)
 318              		.loc 1 534 9 view .LVU66
 319 0002 FEE7     		b	.L12
 320              		.cfi_endproc
 321              	.LFE144:
 323              		.section	.text.MX_TIM2_Init,"ax",%progbits
ARM GAS  C:\Users\Ebrahim\AppData\Local\Temp\cc0Bv0tj.s 			page 33


 324              		.align	1
 325              		.syntax unified
 326              		.thumb
 327              		.thumb_func
 329              	MX_TIM2_Init:
 330              	.LFB139:
 306:Core/Src/main.c **** 
 331              		.loc 1 306 1 view -0
 332              		.cfi_startproc
 333              		@ args = 0, pretend = 0, frame = 56
 334              		@ frame_needed = 0, uses_anonymous_args = 0
 335 0000 00B5     		push	{lr}
 336              	.LCFI7:
 337              		.cfi_def_cfa_offset 4
 338              		.cfi_offset 14, -4
 339 0002 8FB0     		sub	sp, sp, #60
 340              	.LCFI8:
 341              		.cfi_def_cfa_offset 64
 312:Core/Src/main.c ****   TIM_MasterConfigTypeDef sMasterConfig = {0};
 342              		.loc 1 312 3 view .LVU68
 312:Core/Src/main.c ****   TIM_MasterConfigTypeDef sMasterConfig = {0};
 343              		.loc 1 312 26 is_stmt 0 view .LVU69
 344 0004 0023     		movs	r3, #0
 345 0006 0A93     		str	r3, [sp, #40]
 346 0008 0B93     		str	r3, [sp, #44]
 347 000a 0C93     		str	r3, [sp, #48]
 348 000c 0D93     		str	r3, [sp, #52]
 313:Core/Src/main.c ****   TIM_OC_InitTypeDef sConfigOC = {0};
 349              		.loc 1 313 3 is_stmt 1 view .LVU70
 313:Core/Src/main.c ****   TIM_OC_InitTypeDef sConfigOC = {0};
 350              		.loc 1 313 27 is_stmt 0 view .LVU71
 351 000e 0893     		str	r3, [sp, #32]
 352 0010 0993     		str	r3, [sp, #36]
 314:Core/Src/main.c **** 
 353              		.loc 1 314 3 is_stmt 1 view .LVU72
 314:Core/Src/main.c **** 
 354              		.loc 1 314 22 is_stmt 0 view .LVU73
 355 0012 0193     		str	r3, [sp, #4]
 356 0014 0293     		str	r3, [sp, #8]
 357 0016 0393     		str	r3, [sp, #12]
 358 0018 0493     		str	r3, [sp, #16]
 359 001a 0593     		str	r3, [sp, #20]
 360 001c 0693     		str	r3, [sp, #24]
 361 001e 0793     		str	r3, [sp, #28]
 319:Core/Src/main.c ****   htim2.Init.Prescaler = 0;
 362              		.loc 1 319 3 is_stmt 1 view .LVU74
 319:Core/Src/main.c ****   htim2.Init.Prescaler = 0;
 363              		.loc 1 319 18 is_stmt 0 view .LVU75
 364 0020 3648     		ldr	r0, .L27
 365 0022 4FF08042 		mov	r2, #1073741824
 366 0026 0260     		str	r2, [r0]
 320:Core/Src/main.c ****   htim2.Init.CounterMode = TIM_COUNTERMODE_UP;
 367              		.loc 1 320 3 is_stmt 1 view .LVU76
 320:Core/Src/main.c ****   htim2.Init.CounterMode = TIM_COUNTERMODE_UP;
 368              		.loc 1 320 24 is_stmt 0 view .LVU77
 369 0028 4360     		str	r3, [r0, #4]
 321:Core/Src/main.c ****   htim2.Init.Period = TIM2_Ticks - 1;
ARM GAS  C:\Users\Ebrahim\AppData\Local\Temp\cc0Bv0tj.s 			page 34


 370              		.loc 1 321 3 is_stmt 1 view .LVU78
 321:Core/Src/main.c ****   htim2.Init.Period = TIM2_Ticks - 1;
 371              		.loc 1 321 26 is_stmt 0 view .LVU79
 372 002a 8360     		str	r3, [r0, #8]
 322:Core/Src/main.c ****   htim2.Init.ClockDivision = TIM_CLOCKDIVISION_DIV1;
 373              		.loc 1 322 3 is_stmt 1 view .LVU80
 322:Core/Src/main.c ****   htim2.Init.ClockDivision = TIM_CLOCKDIVISION_DIV1;
 374              		.loc 1 322 34 is_stmt 0 view .LVU81
 375 002c 344A     		ldr	r2, .L27+4
 376 002e 1268     		ldr	r2, [r2]
 377 0030 013A     		subs	r2, r2, #1
 322:Core/Src/main.c ****   htim2.Init.ClockDivision = TIM_CLOCKDIVISION_DIV1;
 378              		.loc 1 322 21 view .LVU82
 379 0032 C260     		str	r2, [r0, #12]
 323:Core/Src/main.c ****   htim2.Init.AutoReloadPreload = TIM_AUTORELOAD_PRELOAD_DISABLE;
 380              		.loc 1 323 3 is_stmt 1 view .LVU83
 323:Core/Src/main.c ****   htim2.Init.AutoReloadPreload = TIM_AUTORELOAD_PRELOAD_DISABLE;
 381              		.loc 1 323 28 is_stmt 0 view .LVU84
 382 0034 0361     		str	r3, [r0, #16]
 324:Core/Src/main.c ****   if (HAL_TIM_Base_Init(&htim2) != HAL_OK)
 383              		.loc 1 324 3 is_stmt 1 view .LVU85
 324:Core/Src/main.c ****   if (HAL_TIM_Base_Init(&htim2) != HAL_OK)
 384              		.loc 1 324 32 is_stmt 0 view .LVU86
 385 0036 8361     		str	r3, [r0, #24]
 325:Core/Src/main.c ****   {
 386              		.loc 1 325 3 is_stmt 1 view .LVU87
 325:Core/Src/main.c ****   {
 387              		.loc 1 325 7 is_stmt 0 view .LVU88
 388 0038 FFF7FEFF 		bl	HAL_TIM_Base_Init
 389              	.LVL12:
 325:Core/Src/main.c ****   {
 390              		.loc 1 325 6 discriminator 1 view .LVU89
 391 003c 0028     		cmp	r0, #0
 392 003e 50D1     		bne	.L21
 329:Core/Src/main.c ****   if (HAL_TIM_ConfigClockSource(&htim2, &sClockSourceConfig) != HAL_OK)
 393              		.loc 1 329 3 is_stmt 1 view .LVU90
 329:Core/Src/main.c ****   if (HAL_TIM_ConfigClockSource(&htim2, &sClockSourceConfig) != HAL_OK)
 394              		.loc 1 329 34 is_stmt 0 view .LVU91
 395 0040 4FF48053 		mov	r3, #4096
 396 0044 0A93     		str	r3, [sp, #40]
 330:Core/Src/main.c ****   {
 397              		.loc 1 330 3 is_stmt 1 view .LVU92
 330:Core/Src/main.c ****   {
 398              		.loc 1 330 7 is_stmt 0 view .LVU93
 399 0046 0AA9     		add	r1, sp, #40
 400 0048 2C48     		ldr	r0, .L27
 401 004a FFF7FEFF 		bl	HAL_TIM_ConfigClockSource
 402              	.LVL13:
 330:Core/Src/main.c ****   {
 403              		.loc 1 330 6 discriminator 1 view .LVU94
 404 004e 0028     		cmp	r0, #0
 405 0050 49D1     		bne	.L22
 334:Core/Src/main.c ****   {
 406              		.loc 1 334 3 is_stmt 1 view .LVU95
 334:Core/Src/main.c ****   {
 407              		.loc 1 334 7 is_stmt 0 view .LVU96
 408 0052 2A48     		ldr	r0, .L27
ARM GAS  C:\Users\Ebrahim\AppData\Local\Temp\cc0Bv0tj.s 			page 35


 409 0054 FFF7FEFF 		bl	HAL_TIM_OC_Init
 410              	.LVL14:
 334:Core/Src/main.c ****   {
 411              		.loc 1 334 6 discriminator 1 view .LVU97
 412 0058 0028     		cmp	r0, #0
 413 005a 46D1     		bne	.L23
 338:Core/Src/main.c ****   sMasterConfig.MasterSlaveMode = TIM_MASTERSLAVEMODE_DISABLE;
 414              		.loc 1 338 3 is_stmt 1 view .LVU98
 338:Core/Src/main.c ****   sMasterConfig.MasterSlaveMode = TIM_MASTERSLAVEMODE_DISABLE;
 415              		.loc 1 338 37 is_stmt 0 view .LVU99
 416 005c 0023     		movs	r3, #0
 417 005e 0893     		str	r3, [sp, #32]
 339:Core/Src/main.c ****   if (HAL_TIMEx_MasterConfigSynchronization(&htim2, &sMasterConfig) != HAL_OK)
 418              		.loc 1 339 3 is_stmt 1 view .LVU100
 339:Core/Src/main.c ****   if (HAL_TIMEx_MasterConfigSynchronization(&htim2, &sMasterConfig) != HAL_OK)
 419              		.loc 1 339 33 is_stmt 0 view .LVU101
 420 0060 0993     		str	r3, [sp, #36]
 340:Core/Src/main.c ****   {
 421              		.loc 1 340 3 is_stmt 1 view .LVU102
 340:Core/Src/main.c ****   {
 422              		.loc 1 340 7 is_stmt 0 view .LVU103
 423 0062 08A9     		add	r1, sp, #32
 424 0064 2548     		ldr	r0, .L27
 425 0066 FFF7FEFF 		bl	HAL_TIMEx_MasterConfigSynchronization
 426              	.LVL15:
 340:Core/Src/main.c ****   {
 427              		.loc 1 340 6 discriminator 1 view .LVU104
 428 006a 0028     		cmp	r0, #0
 429 006c 3FD1     		bne	.L24
 344:Core/Src/main.c ****   sConfigOC.Pulse = 0;
 430              		.loc 1 344 3 is_stmt 1 view .LVU105
 344:Core/Src/main.c ****   sConfigOC.Pulse = 0;
 431              		.loc 1 344 20 is_stmt 0 view .LVU106
 432 006e 0022     		movs	r2, #0
 433 0070 0192     		str	r2, [sp, #4]
 345:Core/Src/main.c ****   sConfigOC.OCPolarity = TIM_OCPOLARITY_HIGH;
 434              		.loc 1 345 3 is_stmt 1 view .LVU107
 345:Core/Src/main.c ****   sConfigOC.OCPolarity = TIM_OCPOLARITY_HIGH;
 435              		.loc 1 345 19 is_stmt 0 view .LVU108
 436 0072 0292     		str	r2, [sp, #8]
 346:Core/Src/main.c ****   sConfigOC.OCFastMode = TIM_OCFAST_DISABLE;
 437              		.loc 1 346 3 is_stmt 1 view .LVU109
 346:Core/Src/main.c ****   sConfigOC.OCFastMode = TIM_OCFAST_DISABLE;
 438              		.loc 1 346 24 is_stmt 0 view .LVU110
 439 0074 0392     		str	r2, [sp, #12]
 347:Core/Src/main.c ****   if (HAL_TIM_OC_ConfigChannel(&htim2, &sConfigOC, TIM_CHANNEL_1) != HAL_OK)
 440              		.loc 1 347 3 is_stmt 1 view .LVU111
 347:Core/Src/main.c ****   if (HAL_TIM_OC_ConfigChannel(&htim2, &sConfigOC, TIM_CHANNEL_1) != HAL_OK)
 441              		.loc 1 347 24 is_stmt 0 view .LVU112
 442 0076 0592     		str	r2, [sp, #20]
 348:Core/Src/main.c ****   {
 443              		.loc 1 348 3 is_stmt 1 view .LVU113
 348:Core/Src/main.c ****   {
 444              		.loc 1 348 7 is_stmt 0 view .LVU114
 445 0078 01A9     		add	r1, sp, #4
 446 007a 2048     		ldr	r0, .L27
 447 007c FFF7FEFF 		bl	HAL_TIM_OC_ConfigChannel
ARM GAS  C:\Users\Ebrahim\AppData\Local\Temp\cc0Bv0tj.s 			page 36


 448              	.LVL16:
 348:Core/Src/main.c ****   {
 449              		.loc 1 348 6 discriminator 1 view .LVU115
 450 0080 0028     		cmp	r0, #0
 451 0082 36D1     		bne	.L25
 354:Core/Src/main.c **** 
 452              		.loc 1 354 3 is_stmt 1 view .LVU116
 453              	.LBB10:
 354:Core/Src/main.c **** 
 454              		.loc 1 354 3 view .LVU117
 455 0084 0023     		movs	r3, #0
 456 0086 0093     		str	r3, [sp]
 354:Core/Src/main.c **** 
 457              		.loc 1 354 3 view .LVU118
 458 0088 1E4A     		ldr	r2, .L27+8
 459 008a 116B     		ldr	r1, [r2, #48]
 460 008c 41F40011 		orr	r1, r1, #2097152
 461 0090 1163     		str	r1, [r2, #48]
 354:Core/Src/main.c **** 
 462              		.loc 1 354 3 view .LVU119
 463 0092 126B     		ldr	r2, [r2, #48]
 464 0094 02F40012 		and	r2, r2, #2097152
 465 0098 0092     		str	r2, [sp]
 354:Core/Src/main.c **** 
 466              		.loc 1 354 3 view .LVU120
 467 009a 009A     		ldr	r2, [sp]
 468              	.LBE10:
 354:Core/Src/main.c **** 
 469              		.loc 1 354 3 view .LVU121
 356:Core/Src/main.c ****   hdma_tim2_ch1.Init.Channel = DMA_CHANNEL_3;         // TIM2_CH1 is on channel 3
 470              		.loc 1 356 3 view .LVU122
 356:Core/Src/main.c ****   hdma_tim2_ch1.Init.Channel = DMA_CHANNEL_3;         // TIM2_CH1 is on channel 3
 471              		.loc 1 356 26 is_stmt 0 view .LVU123
 472 009c 1A48     		ldr	r0, .L27+12
 473 009e 1B4A     		ldr	r2, .L27+16
 474 00a0 0260     		str	r2, [r0]
 357:Core/Src/main.c ****   hdma_tim2_ch1.Init.Direction = DMA_MEMORY_TO_PERIPH; // Memory -> TIM3->CCR3
 475              		.loc 1 357 3 is_stmt 1 view .LVU124
 357:Core/Src/main.c ****   hdma_tim2_ch1.Init.Direction = DMA_MEMORY_TO_PERIPH; // Memory -> TIM3->CCR3
 476              		.loc 1 357 30 is_stmt 0 view .LVU125
 477 00a2 4FF0C062 		mov	r2, #100663296
 478 00a6 4260     		str	r2, [r0, #4]
 358:Core/Src/main.c ****   hdma_tim2_ch1.Init.PeriphInc = DMA_PINC_DISABLE;    // Peripheral address fixed
 479              		.loc 1 358 3 is_stmt 1 view .LVU126
 358:Core/Src/main.c ****   hdma_tim2_ch1.Init.PeriphInc = DMA_PINC_DISABLE;    // Peripheral address fixed
 480              		.loc 1 358 32 is_stmt 0 view .LVU127
 481 00a8 4022     		movs	r2, #64
 482 00aa 8260     		str	r2, [r0, #8]
 359:Core/Src/main.c ****   hdma_tim2_ch1.Init.MemInc = DMA_MINC_ENABLE;        // Memory address increments
 483              		.loc 1 359 3 is_stmt 1 view .LVU128
 359:Core/Src/main.c ****   hdma_tim2_ch1.Init.MemInc = DMA_MINC_ENABLE;        // Memory address increments
 484              		.loc 1 359 32 is_stmt 0 view .LVU129
 485 00ac C360     		str	r3, [r0, #12]
 360:Core/Src/main.c ****   hdma_tim2_ch1.Init.PeriphDataAlignment = DMA_PDATAALIGN_WORD;
 486              		.loc 1 360 3 is_stmt 1 view .LVU130
 360:Core/Src/main.c ****   hdma_tim2_ch1.Init.PeriphDataAlignment = DMA_PDATAALIGN_WORD;
 487              		.loc 1 360 29 is_stmt 0 view .LVU131
ARM GAS  C:\Users\Ebrahim\AppData\Local\Temp\cc0Bv0tj.s 			page 37


 488 00ae 4FF48062 		mov	r2, #1024
 489 00b2 0261     		str	r2, [r0, #16]
 361:Core/Src/main.c ****   hdma_tim2_ch1.Init.MemDataAlignment = DMA_MDATAALIGN_WORD;
 490              		.loc 1 361 3 is_stmt 1 view .LVU132
 361:Core/Src/main.c ****   hdma_tim2_ch1.Init.MemDataAlignment = DMA_MDATAALIGN_WORD;
 491              		.loc 1 361 42 is_stmt 0 view .LVU133
 492 00b4 4FF48052 		mov	r2, #4096
 493 00b8 4261     		str	r2, [r0, #20]
 362:Core/Src/main.c ****   hdma_tim2_ch1.Init.Mode = DMA_CIRCULAR;            // Repeat LUT automatically
 494              		.loc 1 362 3 is_stmt 1 view .LVU134
 362:Core/Src/main.c ****   hdma_tim2_ch1.Init.Mode = DMA_CIRCULAR;            // Repeat LUT automatically
 495              		.loc 1 362 39 is_stmt 0 view .LVU135
 496 00ba 4FF48042 		mov	r2, #16384
 497 00be 8261     		str	r2, [r0, #24]
 363:Core/Src/main.c ****   hdma_tim2_ch1.Init.Priority = DMA_PRIORITY_HIGH;
 498              		.loc 1 363 3 is_stmt 1 view .LVU136
 363:Core/Src/main.c ****   hdma_tim2_ch1.Init.Priority = DMA_PRIORITY_HIGH;
 499              		.loc 1 363 27 is_stmt 0 view .LVU137
 500 00c0 4FF48072 		mov	r2, #256
 501 00c4 C261     		str	r2, [r0, #28]
 364:Core/Src/main.c ****   hdma_tim2_ch1.Init.FIFOMode = DMA_FIFOMODE_DISABLE;
 502              		.loc 1 364 3 is_stmt 1 view .LVU138
 364:Core/Src/main.c ****   hdma_tim2_ch1.Init.FIFOMode = DMA_FIFOMODE_DISABLE;
 503              		.loc 1 364 31 is_stmt 0 view .LVU139
 504 00c6 4FF40032 		mov	r2, #131072
 505 00ca 0262     		str	r2, [r0, #32]
 365:Core/Src/main.c **** 
 506              		.loc 1 365 3 is_stmt 1 view .LVU140
 365:Core/Src/main.c **** 
 507              		.loc 1 365 31 is_stmt 0 view .LVU141
 508 00cc 4362     		str	r3, [r0, #36]
 367:Core/Src/main.c ****   {
 509              		.loc 1 367 3 is_stmt 1 view .LVU142
 367:Core/Src/main.c ****   {
 510              		.loc 1 367 7 is_stmt 0 view .LVU143
 511 00ce FFF7FEFF 		bl	HAL_DMA_Init
 512              	.LVL17:
 367:Core/Src/main.c ****   {
 513              		.loc 1 367 6 discriminator 1 view .LVU144
 514 00d2 80B9     		cbnz	r0, .L26
 373:Core/Src/main.c ****   /* USER CODE END TIM2_Init 2 */
 515              		.loc 1 373 3 is_stmt 1 view .LVU145
 373:Core/Src/main.c ****   /* USER CODE END TIM2_Init 2 */
 516              		.loc 1 373 3 view .LVU146
 517 00d4 094A     		ldr	r2, .L27
 518 00d6 0C4B     		ldr	r3, .L27+12
 519 00d8 5362     		str	r3, [r2, #36]
 373:Core/Src/main.c ****   /* USER CODE END TIM2_Init 2 */
 520              		.loc 1 373 3 view .LVU147
 521 00da 9A63     		str	r2, [r3, #56]
 373:Core/Src/main.c ****   /* USER CODE END TIM2_Init 2 */
 522              		.loc 1 373 3 view .LVU148
 376:Core/Src/main.c **** 
 523              		.loc 1 376 1 is_stmt 0 view .LVU149
 524 00dc 0FB0     		add	sp, sp, #60
 525              	.LCFI9:
 526              		.cfi_remember_state
ARM GAS  C:\Users\Ebrahim\AppData\Local\Temp\cc0Bv0tj.s 			page 38


 527              		.cfi_def_cfa_offset 4
 528              		@ sp needed
 529 00de 5DF804FB 		ldr	pc, [sp], #4
 530              	.L21:
 531              	.LCFI10:
 532              		.cfi_restore_state
 327:Core/Src/main.c ****   }
 533              		.loc 1 327 5 is_stmt 1 view .LVU150
 534 00e2 FFF7FEFF 		bl	Error_Handler
 535              	.LVL18:
 536              	.L22:
 332:Core/Src/main.c ****   }
 537              		.loc 1 332 5 view .LVU151
 538 00e6 FFF7FEFF 		bl	Error_Handler
 539              	.LVL19:
 540              	.L23:
 336:Core/Src/main.c ****   }
 541              		.loc 1 336 5 view .LVU152
 542 00ea FFF7FEFF 		bl	Error_Handler
 543              	.LVL20:
 544              	.L24:
 342:Core/Src/main.c ****   }
 545              		.loc 1 342 5 view .LVU153
 546 00ee FFF7FEFF 		bl	Error_Handler
 547              	.LVL21:
 548              	.L25:
 350:Core/Src/main.c ****   }
 549              		.loc 1 350 5 view .LVU154
 550 00f2 FFF7FEFF 		bl	Error_Handler
 551              	.LVL22:
 552              	.L26:
 369:Core/Src/main.c ****   }
 553              		.loc 1 369 7 view .LVU155
 554 00f6 FFF7FEFF 		bl	Error_Handler
 555              	.LVL23:
 556              	.L28:
 557 00fa 00BF     		.align	2
 558              	.L27:
 559 00fc 00000000 		.word	htim2
 560 0100 00000000 		.word	TIM2_Ticks
 561 0104 00380240 		.word	1073887232
 562 0108 00000000 		.word	hdma_tim2_ch1
 563 010c 88600240 		.word	1073897608
 564              		.cfi_endproc
 565              	.LFE139:
 567              		.section	.text.MX_TIM3_Init,"ax",%progbits
 568              		.align	1
 569              		.syntax unified
 570              		.thumb
 571              		.thumb_func
 573              	MX_TIM3_Init:
 574              	.LFB140:
 384:Core/Src/main.c **** 
 575              		.loc 1 384 1 view -0
 576              		.cfi_startproc
 577              		@ args = 0, pretend = 0, frame = 56
 578              		@ frame_needed = 0, uses_anonymous_args = 0
ARM GAS  C:\Users\Ebrahim\AppData\Local\Temp\cc0Bv0tj.s 			page 39


 579 0000 00B5     		push	{lr}
 580              	.LCFI11:
 581              		.cfi_def_cfa_offset 4
 582              		.cfi_offset 14, -4
 583 0002 8FB0     		sub	sp, sp, #60
 584              	.LCFI12:
 585              		.cfi_def_cfa_offset 64
 390:Core/Src/main.c ****   TIM_MasterConfigTypeDef sMasterConfig = {0};
 586              		.loc 1 390 3 view .LVU157
 390:Core/Src/main.c ****   TIM_MasterConfigTypeDef sMasterConfig = {0};
 587              		.loc 1 390 26 is_stmt 0 view .LVU158
 588 0004 0023     		movs	r3, #0
 589 0006 0A93     		str	r3, [sp, #40]
 590 0008 0B93     		str	r3, [sp, #44]
 591 000a 0C93     		str	r3, [sp, #48]
 592 000c 0D93     		str	r3, [sp, #52]
 391:Core/Src/main.c ****   TIM_OC_InitTypeDef sConfigOC = {0};
 593              		.loc 1 391 3 is_stmt 1 view .LVU159
 391:Core/Src/main.c ****   TIM_OC_InitTypeDef sConfigOC = {0};
 594              		.loc 1 391 27 is_stmt 0 view .LVU160
 595 000e 0893     		str	r3, [sp, #32]
 596 0010 0993     		str	r3, [sp, #36]
 392:Core/Src/main.c **** 
 597              		.loc 1 392 3 is_stmt 1 view .LVU161
 392:Core/Src/main.c **** 
 598              		.loc 1 392 22 is_stmt 0 view .LVU162
 599 0012 0193     		str	r3, [sp, #4]
 600 0014 0293     		str	r3, [sp, #8]
 601 0016 0393     		str	r3, [sp, #12]
 602 0018 0493     		str	r3, [sp, #16]
 603 001a 0593     		str	r3, [sp, #20]
 604 001c 0693     		str	r3, [sp, #24]
 605 001e 0793     		str	r3, [sp, #28]
 397:Core/Src/main.c ****   htim3.Init.Prescaler = 0;
 606              		.loc 1 397 3 is_stmt 1 view .LVU163
 397:Core/Src/main.c ****   htim3.Init.Prescaler = 0;
 607              		.loc 1 397 18 is_stmt 0 view .LVU164
 608 0020 1E48     		ldr	r0, .L41
 609 0022 1F4A     		ldr	r2, .L41+4
 610 0024 0260     		str	r2, [r0]
 398:Core/Src/main.c ****   htim3.Init.CounterMode = TIM_COUNTERMODE_UP;
 611              		.loc 1 398 3 is_stmt 1 view .LVU165
 398:Core/Src/main.c ****   htim3.Init.CounterMode = TIM_COUNTERMODE_UP;
 612              		.loc 1 398 24 is_stmt 0 view .LVU166
 613 0026 4360     		str	r3, [r0, #4]
 399:Core/Src/main.c ****   htim3.Init.Period = 65535;
 614              		.loc 1 399 3 is_stmt 1 view .LVU167
 399:Core/Src/main.c ****   htim3.Init.Period = 65535;
 615              		.loc 1 399 26 is_stmt 0 view .LVU168
 616 0028 8360     		str	r3, [r0, #8]
 400:Core/Src/main.c ****   htim3.Init.ClockDivision = TIM_CLOCKDIVISION_DIV1;
 617              		.loc 1 400 3 is_stmt 1 view .LVU169
 400:Core/Src/main.c ****   htim3.Init.ClockDivision = TIM_CLOCKDIVISION_DIV1;
 618              		.loc 1 400 21 is_stmt 0 view .LVU170
 619 002a 4FF6FF72 		movw	r2, #65535
 620 002e C260     		str	r2, [r0, #12]
 401:Core/Src/main.c ****   htim3.Init.AutoReloadPreload = TIM_AUTORELOAD_PRELOAD_DISABLE;
ARM GAS  C:\Users\Ebrahim\AppData\Local\Temp\cc0Bv0tj.s 			page 40


 621              		.loc 1 401 3 is_stmt 1 view .LVU171
 401:Core/Src/main.c ****   htim3.Init.AutoReloadPreload = TIM_AUTORELOAD_PRELOAD_DISABLE;
 622              		.loc 1 401 28 is_stmt 0 view .LVU172
 623 0030 0361     		str	r3, [r0, #16]
 402:Core/Src/main.c ****   if (HAL_TIM_Base_Init(&htim3) != HAL_OK)
 624              		.loc 1 402 3 is_stmt 1 view .LVU173
 402:Core/Src/main.c ****   if (HAL_TIM_Base_Init(&htim3) != HAL_OK)
 625              		.loc 1 402 32 is_stmt 0 view .LVU174
 626 0032 8361     		str	r3, [r0, #24]
 403:Core/Src/main.c ****   {
 627              		.loc 1 403 3 is_stmt 1 view .LVU175
 403:Core/Src/main.c ****   {
 628              		.loc 1 403 7 is_stmt 0 view .LVU176
 629 0034 FFF7FEFF 		bl	HAL_TIM_Base_Init
 630              	.LVL24:
 403:Core/Src/main.c ****   {
 631              		.loc 1 403 6 discriminator 1 view .LVU177
 632 0038 28BB     		cbnz	r0, .L36
 407:Core/Src/main.c ****   if (HAL_TIM_ConfigClockSource(&htim3, &sClockSourceConfig) != HAL_OK)
 633              		.loc 1 407 3 is_stmt 1 view .LVU178
 407:Core/Src/main.c ****   if (HAL_TIM_ConfigClockSource(&htim3, &sClockSourceConfig) != HAL_OK)
 634              		.loc 1 407 34 is_stmt 0 view .LVU179
 635 003a 4FF48053 		mov	r3, #4096
 636 003e 0A93     		str	r3, [sp, #40]
 408:Core/Src/main.c ****   {
 637              		.loc 1 408 3 is_stmt 1 view .LVU180
 408:Core/Src/main.c ****   {
 638              		.loc 1 408 7 is_stmt 0 view .LVU181
 639 0040 0AA9     		add	r1, sp, #40
 640 0042 1648     		ldr	r0, .L41
 641 0044 FFF7FEFF 		bl	HAL_TIM_ConfigClockSource
 642              	.LVL25:
 408:Core/Src/main.c ****   {
 643              		.loc 1 408 6 discriminator 1 view .LVU182
 644 0048 F8B9     		cbnz	r0, .L37
 412:Core/Src/main.c ****   {
 645              		.loc 1 412 3 is_stmt 1 view .LVU183
 412:Core/Src/main.c ****   {
 646              		.loc 1 412 7 is_stmt 0 view .LVU184
 647 004a 1448     		ldr	r0, .L41
 648 004c FFF7FEFF 		bl	HAL_TIM_PWM_Init
 649              	.LVL26:
 412:Core/Src/main.c ****   {
 650              		.loc 1 412 6 discriminator 1 view .LVU185
 651 0050 E8B9     		cbnz	r0, .L38
 416:Core/Src/main.c ****   sMasterConfig.MasterSlaveMode = TIM_MASTERSLAVEMODE_DISABLE;
 652              		.loc 1 416 3 is_stmt 1 view .LVU186
 416:Core/Src/main.c ****   sMasterConfig.MasterSlaveMode = TIM_MASTERSLAVEMODE_DISABLE;
 653              		.loc 1 416 37 is_stmt 0 view .LVU187
 654 0052 0023     		movs	r3, #0
 655 0054 0893     		str	r3, [sp, #32]
 417:Core/Src/main.c ****   if (HAL_TIMEx_MasterConfigSynchronization(&htim3, &sMasterConfig) != HAL_OK)
 656              		.loc 1 417 3 is_stmt 1 view .LVU188
 417:Core/Src/main.c ****   if (HAL_TIMEx_MasterConfigSynchronization(&htim3, &sMasterConfig) != HAL_OK)
 657              		.loc 1 417 33 is_stmt 0 view .LVU189
 658 0056 0993     		str	r3, [sp, #36]
 418:Core/Src/main.c ****   {
ARM GAS  C:\Users\Ebrahim\AppData\Local\Temp\cc0Bv0tj.s 			page 41


 659              		.loc 1 418 3 is_stmt 1 view .LVU190
 418:Core/Src/main.c ****   {
 660              		.loc 1 418 7 is_stmt 0 view .LVU191
 661 0058 08A9     		add	r1, sp, #32
 662 005a 1048     		ldr	r0, .L41
 663 005c FFF7FEFF 		bl	HAL_TIMEx_MasterConfigSynchronization
 664              	.LVL27:
 418:Core/Src/main.c ****   {
 665              		.loc 1 418 6 discriminator 1 view .LVU192
 666 0060 B8B9     		cbnz	r0, .L39
 422:Core/Src/main.c ****   sConfigOC.Pulse = 0;
 667              		.loc 1 422 3 is_stmt 1 view .LVU193
 422:Core/Src/main.c ****   sConfigOC.Pulse = 0;
 668              		.loc 1 422 20 is_stmt 0 view .LVU194
 669 0062 6023     		movs	r3, #96
 670 0064 0193     		str	r3, [sp, #4]
 423:Core/Src/main.c ****   sConfigOC.OCPolarity = TIM_OCPOLARITY_HIGH;
 671              		.loc 1 423 3 is_stmt 1 view .LVU195
 423:Core/Src/main.c ****   sConfigOC.OCPolarity = TIM_OCPOLARITY_HIGH;
 672              		.loc 1 423 19 is_stmt 0 view .LVU196
 673 0066 0023     		movs	r3, #0
 674 0068 0293     		str	r3, [sp, #8]
 424:Core/Src/main.c ****   sConfigOC.OCFastMode = TIM_OCFAST_DISABLE;
 675              		.loc 1 424 3 is_stmt 1 view .LVU197
 424:Core/Src/main.c ****   sConfigOC.OCFastMode = TIM_OCFAST_DISABLE;
 676              		.loc 1 424 24 is_stmt 0 view .LVU198
 677 006a 0393     		str	r3, [sp, #12]
 425:Core/Src/main.c ****   if (HAL_TIM_PWM_ConfigChannel(&htim3, &sConfigOC, TIM_CHANNEL_3) != HAL_OK)
 678              		.loc 1 425 3 is_stmt 1 view .LVU199
 425:Core/Src/main.c ****   if (HAL_TIM_PWM_ConfigChannel(&htim3, &sConfigOC, TIM_CHANNEL_3) != HAL_OK)
 679              		.loc 1 425 24 is_stmt 0 view .LVU200
 680 006c 0593     		str	r3, [sp, #20]
 426:Core/Src/main.c ****   {
 681              		.loc 1 426 3 is_stmt 1 view .LVU201
 426:Core/Src/main.c ****   {
 682              		.loc 1 426 7 is_stmt 0 view .LVU202
 683 006e 0822     		movs	r2, #8
 684 0070 01A9     		add	r1, sp, #4
 685 0072 0A48     		ldr	r0, .L41
 686 0074 FFF7FEFF 		bl	HAL_TIM_PWM_ConfigChannel
 687              	.LVL28:
 426:Core/Src/main.c ****   {
 688              		.loc 1 426 6 discriminator 1 view .LVU203
 689 0078 68B9     		cbnz	r0, .L40
 433:Core/Src/main.c **** 
 690              		.loc 1 433 3 is_stmt 1 view .LVU204
 691 007a 0848     		ldr	r0, .L41
 692 007c FFF7FEFF 		bl	HAL_TIM_MspPostInit
 693              	.LVL29:
 435:Core/Src/main.c **** 
 694              		.loc 1 435 1 is_stmt 0 view .LVU205
 695 0080 0FB0     		add	sp, sp, #60
 696              	.LCFI13:
 697              		.cfi_remember_state
 698              		.cfi_def_cfa_offset 4
 699              		@ sp needed
 700 0082 5DF804FB 		ldr	pc, [sp], #4
ARM GAS  C:\Users\Ebrahim\AppData\Local\Temp\cc0Bv0tj.s 			page 42


 701              	.L36:
 702              	.LCFI14:
 703              		.cfi_restore_state
 405:Core/Src/main.c ****   }
 704              		.loc 1 405 5 is_stmt 1 view .LVU206
 705 0086 FFF7FEFF 		bl	Error_Handler
 706              	.LVL30:
 707              	.L37:
 410:Core/Src/main.c ****   }
 708              		.loc 1 410 5 view .LVU207
 709 008a FFF7FEFF 		bl	Error_Handler
 710              	.LVL31:
 711              	.L38:
 414:Core/Src/main.c ****   }
 712              		.loc 1 414 5 view .LVU208
 713 008e FFF7FEFF 		bl	Error_Handler
 714              	.LVL32:
 715              	.L39:
 420:Core/Src/main.c ****   }
 716              		.loc 1 420 5 view .LVU209
 717 0092 FFF7FEFF 		bl	Error_Handler
 718              	.LVL33:
 719              	.L40:
 428:Core/Src/main.c ****   }
 720              		.loc 1 428 5 view .LVU210
 721 0096 FFF7FEFF 		bl	Error_Handler
 722              	.LVL34:
 723              	.L42:
 724 009a 00BF     		.align	2
 725              	.L41:
 726 009c 00000000 		.word	htim3
 727 00a0 00040040 		.word	1073742848
 728              		.cfi_endproc
 729              	.LFE140:
 731              		.section	.text.SystemClock_Config,"ax",%progbits
 732              		.align	1
 733              		.global	SystemClock_Config
 734              		.syntax unified
 735              		.thumb
 736              		.thumb_func
 738              	SystemClock_Config:
 739              	.LFB138:
 264:Core/Src/main.c ****   RCC_OscInitTypeDef RCC_OscInitStruct = {0};
 740              		.loc 1 264 1 view -0
 741              		.cfi_startproc
 742              		@ args = 0, pretend = 0, frame = 80
 743              		@ frame_needed = 0, uses_anonymous_args = 0
 744 0000 00B5     		push	{lr}
 745              	.LCFI15:
 746              		.cfi_def_cfa_offset 4
 747              		.cfi_offset 14, -4
 748 0002 95B0     		sub	sp, sp, #84
 749              	.LCFI16:
 750              		.cfi_def_cfa_offset 88
 265:Core/Src/main.c ****   RCC_ClkInitTypeDef RCC_ClkInitStruct = {0};
 751              		.loc 1 265 3 view .LVU212
 265:Core/Src/main.c ****   RCC_ClkInitTypeDef RCC_ClkInitStruct = {0};
ARM GAS  C:\Users\Ebrahim\AppData\Local\Temp\cc0Bv0tj.s 			page 43


 752              		.loc 1 265 22 is_stmt 0 view .LVU213
 753 0004 3422     		movs	r2, #52
 754 0006 0021     		movs	r1, #0
 755 0008 07A8     		add	r0, sp, #28
 756 000a FFF7FEFF 		bl	memset
 757              	.LVL35:
 266:Core/Src/main.c **** 
 758              		.loc 1 266 3 is_stmt 1 view .LVU214
 266:Core/Src/main.c **** 
 759              		.loc 1 266 22 is_stmt 0 view .LVU215
 760 000e 0023     		movs	r3, #0
 761 0010 0293     		str	r3, [sp, #8]
 762 0012 0393     		str	r3, [sp, #12]
 763 0014 0493     		str	r3, [sp, #16]
 764 0016 0593     		str	r3, [sp, #20]
 765 0018 0693     		str	r3, [sp, #24]
 270:Core/Src/main.c ****   __HAL_PWR_VOLTAGESCALING_CONFIG(PWR_REGULATOR_VOLTAGE_SCALE3);
 766              		.loc 1 270 3 is_stmt 1 view .LVU216
 767              	.LBB11:
 270:Core/Src/main.c ****   __HAL_PWR_VOLTAGESCALING_CONFIG(PWR_REGULATOR_VOLTAGE_SCALE3);
 768              		.loc 1 270 3 view .LVU217
 769 001a 0093     		str	r3, [sp]
 270:Core/Src/main.c ****   __HAL_PWR_VOLTAGESCALING_CONFIG(PWR_REGULATOR_VOLTAGE_SCALE3);
 770              		.loc 1 270 3 view .LVU218
 771 001c 194A     		ldr	r2, .L49
 772 001e 116C     		ldr	r1, [r2, #64]
 773 0020 41F08051 		orr	r1, r1, #268435456
 774 0024 1164     		str	r1, [r2, #64]
 270:Core/Src/main.c ****   __HAL_PWR_VOLTAGESCALING_CONFIG(PWR_REGULATOR_VOLTAGE_SCALE3);
 775              		.loc 1 270 3 view .LVU219
 776 0026 126C     		ldr	r2, [r2, #64]
 777 0028 02F08052 		and	r2, r2, #268435456
 778 002c 0092     		str	r2, [sp]
 270:Core/Src/main.c ****   __HAL_PWR_VOLTAGESCALING_CONFIG(PWR_REGULATOR_VOLTAGE_SCALE3);
 779              		.loc 1 270 3 view .LVU220
 780 002e 009A     		ldr	r2, [sp]
 781              	.LBE11:
 270:Core/Src/main.c ****   __HAL_PWR_VOLTAGESCALING_CONFIG(PWR_REGULATOR_VOLTAGE_SCALE3);
 782              		.loc 1 270 3 view .LVU221
 271:Core/Src/main.c **** 
 783              		.loc 1 271 3 view .LVU222
 784              	.LBB12:
 271:Core/Src/main.c **** 
 785              		.loc 1 271 3 view .LVU223
 786 0030 0193     		str	r3, [sp, #4]
 271:Core/Src/main.c **** 
 787              		.loc 1 271 3 view .LVU224
 788 0032 1549     		ldr	r1, .L49+4
 789 0034 0A68     		ldr	r2, [r1]
 790 0036 22F44042 		bic	r2, r2, #49152
 791 003a 42F48042 		orr	r2, r2, #16384
 792 003e 0A60     		str	r2, [r1]
 271:Core/Src/main.c **** 
 793              		.loc 1 271 3 view .LVU225
 794 0040 0A68     		ldr	r2, [r1]
 795 0042 02F44042 		and	r2, r2, #49152
 796 0046 0192     		str	r2, [sp, #4]
ARM GAS  C:\Users\Ebrahim\AppData\Local\Temp\cc0Bv0tj.s 			page 44


 271:Core/Src/main.c **** 
 797              		.loc 1 271 3 view .LVU226
 798 0048 019A     		ldr	r2, [sp, #4]
 799              	.LBE12:
 271:Core/Src/main.c **** 
 800              		.loc 1 271 3 view .LVU227
 276:Core/Src/main.c ****   RCC_OscInitStruct.HSIState = RCC_HSI_ON;
 801              		.loc 1 276 3 view .LVU228
 276:Core/Src/main.c ****   RCC_OscInitStruct.HSIState = RCC_HSI_ON;
 802              		.loc 1 276 36 is_stmt 0 view .LVU229
 803 004a 0222     		movs	r2, #2
 804 004c 0792     		str	r2, [sp, #28]
 277:Core/Src/main.c ****   RCC_OscInitStruct.HSICalibrationValue = RCC_HSICALIBRATION_DEFAULT;
 805              		.loc 1 277 3 is_stmt 1 view .LVU230
 277:Core/Src/main.c ****   RCC_OscInitStruct.HSICalibrationValue = RCC_HSICALIBRATION_DEFAULT;
 806              		.loc 1 277 30 is_stmt 0 view .LVU231
 807 004e 0122     		movs	r2, #1
 808 0050 0A92     		str	r2, [sp, #40]
 278:Core/Src/main.c ****   RCC_OscInitStruct.PLL.PLLState = RCC_PLL_NONE;
 809              		.loc 1 278 3 is_stmt 1 view .LVU232
 278:Core/Src/main.c ****   RCC_OscInitStruct.PLL.PLLState = RCC_PLL_NONE;
 810              		.loc 1 278 41 is_stmt 0 view .LVU233
 811 0052 1022     		movs	r2, #16
 812 0054 0B92     		str	r2, [sp, #44]
 279:Core/Src/main.c ****   if (HAL_RCC_OscConfig(&RCC_OscInitStruct) != HAL_OK)
 813              		.loc 1 279 3 is_stmt 1 view .LVU234
 279:Core/Src/main.c ****   if (HAL_RCC_OscConfig(&RCC_OscInitStruct) != HAL_OK)
 814              		.loc 1 279 34 is_stmt 0 view .LVU235
 815 0056 0D93     		str	r3, [sp, #52]
 280:Core/Src/main.c ****   {
 816              		.loc 1 280 3 is_stmt 1 view .LVU236
 280:Core/Src/main.c ****   {
 817              		.loc 1 280 7 is_stmt 0 view .LVU237
 818 0058 07A8     		add	r0, sp, #28
 819 005a FFF7FEFF 		bl	HAL_RCC_OscConfig
 820              	.LVL36:
 280:Core/Src/main.c ****   {
 821              		.loc 1 280 6 discriminator 1 view .LVU238
 822 005e 68B9     		cbnz	r0, .L47
 287:Core/Src/main.c ****                               |RCC_CLOCKTYPE_PCLK1|RCC_CLOCKTYPE_PCLK2;
 823              		.loc 1 287 3 is_stmt 1 view .LVU239
 287:Core/Src/main.c ****                               |RCC_CLOCKTYPE_PCLK1|RCC_CLOCKTYPE_PCLK2;
 824              		.loc 1 287 31 is_stmt 0 view .LVU240
 825 0060 0F23     		movs	r3, #15
 826 0062 0293     		str	r3, [sp, #8]
 289:Core/Src/main.c ****   RCC_ClkInitStruct.AHBCLKDivider = RCC_SYSCLK_DIV1;
 827              		.loc 1 289 3 is_stmt 1 view .LVU241
 289:Core/Src/main.c ****   RCC_ClkInitStruct.AHBCLKDivider = RCC_SYSCLK_DIV1;
 828              		.loc 1 289 34 is_stmt 0 view .LVU242
 829 0064 0021     		movs	r1, #0
 830 0066 0391     		str	r1, [sp, #12]
 290:Core/Src/main.c ****   RCC_ClkInitStruct.APB1CLKDivider = RCC_HCLK_DIV1;
 831              		.loc 1 290 3 is_stmt 1 view .LVU243
 290:Core/Src/main.c ****   RCC_ClkInitStruct.APB1CLKDivider = RCC_HCLK_DIV1;
 832              		.loc 1 290 35 is_stmt 0 view .LVU244
 833 0068 0491     		str	r1, [sp, #16]
 291:Core/Src/main.c ****   RCC_ClkInitStruct.APB2CLKDivider = RCC_HCLK_DIV1;
ARM GAS  C:\Users\Ebrahim\AppData\Local\Temp\cc0Bv0tj.s 			page 45


 834              		.loc 1 291 3 is_stmt 1 view .LVU245
 291:Core/Src/main.c ****   RCC_ClkInitStruct.APB2CLKDivider = RCC_HCLK_DIV1;
 835              		.loc 1 291 36 is_stmt 0 view .LVU246
 836 006a 0591     		str	r1, [sp, #20]
 292:Core/Src/main.c **** 
 837              		.loc 1 292 3 is_stmt 1 view .LVU247
 292:Core/Src/main.c **** 
 838              		.loc 1 292 36 is_stmt 0 view .LVU248
 839 006c 0691     		str	r1, [sp, #24]
 294:Core/Src/main.c ****   {
 840              		.loc 1 294 3 is_stmt 1 view .LVU249
 294:Core/Src/main.c ****   {
 841              		.loc 1 294 7 is_stmt 0 view .LVU250
 842 006e 02A8     		add	r0, sp, #8
 843 0070 FFF7FEFF 		bl	HAL_RCC_ClockConfig
 844              	.LVL37:
 294:Core/Src/main.c ****   {
 845              		.loc 1 294 6 discriminator 1 view .LVU251
 846 0074 20B9     		cbnz	r0, .L48
 298:Core/Src/main.c **** 
 847              		.loc 1 298 1 view .LVU252
 848 0076 15B0     		add	sp, sp, #84
 849              	.LCFI17:
 850              		.cfi_remember_state
 851              		.cfi_def_cfa_offset 4
 852              		@ sp needed
 853 0078 5DF804FB 		ldr	pc, [sp], #4
 854              	.L47:
 855              	.LCFI18:
 856              		.cfi_restore_state
 282:Core/Src/main.c ****   }
 857              		.loc 1 282 5 is_stmt 1 view .LVU253
 858 007c FFF7FEFF 		bl	Error_Handler
 859              	.LVL38:
 860              	.L48:
 296:Core/Src/main.c ****   }
 861              		.loc 1 296 5 view .LVU254
 862 0080 FFF7FEFF 		bl	Error_Handler
 863              	.LVL39:
 864              	.L50:
 865              		.align	2
 866              	.L49:
 867 0084 00380240 		.word	1073887232
 868 0088 00700040 		.word	1073770496
 869              		.cfi_endproc
 870              	.LFE138:
 872              		.section	.rodata.main.str1.4,"aMS",%progbits,1
 873              		.align	2
 874              	.LC0:
 875 0000 63726163 		.ascii	"cracker\000"
 875      6B657200 
 876              		.section	.text.main,"ax",%progbits
 877              		.align	1
 878              		.global	main
 879              		.syntax unified
 880              		.thumb
 881              		.thumb_func
ARM GAS  C:\Users\Ebrahim\AppData\Local\Temp\cc0Bv0tj.s 			page 46


 883              	main:
 884              	.LFB137:
 207:Core/Src/main.c **** 
 885              		.loc 1 207 1 view -0
 886              		.cfi_startproc
 887              		@ Volatile: function does not return.
 888              		@ args = 0, pretend = 0, frame = 0
 889              		@ frame_needed = 0, uses_anonymous_args = 0
 890 0000 08B5     		push	{r3, lr}
 891              	.LCFI19:
 892              		.cfi_def_cfa_offset 8
 893              		.cfi_offset 3, -8
 894              		.cfi_offset 14, -4
 216:Core/Src/main.c **** 
 895              		.loc 1 216 3 view .LVU256
 896 0002 FFF7FEFF 		bl	HAL_Init
 897              	.LVL40:
 223:Core/Src/main.c **** 
 898              		.loc 1 223 3 view .LVU257
 899 0006 FFF7FEFF 		bl	SystemClock_Config
 900              	.LVL41:
 230:Core/Src/main.c ****   MX_DMA_Init();
 901              		.loc 1 230 3 view .LVU258
 902 000a FFF7FEFF 		bl	MX_GPIO_Init
 903              	.LVL42:
 231:Core/Src/main.c ****   MX_TIM2_Init();
 904              		.loc 1 231 3 view .LVU259
 905 000e FFF7FEFF 		bl	MX_DMA_Init
 906              	.LVL43:
 232:Core/Src/main.c ****   MX_TIM3_Init();
 907              		.loc 1 232 3 view .LVU260
 908 0012 FFF7FEFF 		bl	MX_TIM2_Init
 909              	.LVL44:
 233:Core/Src/main.c ****   init_LCD();
 910              		.loc 1 233 3 view .LVU261
 911 0016 FFF7FEFF 		bl	MX_TIM3_Init
 912              	.LVL45:
 234:Core/Src/main.c ****   /* USER CODE BEGIN 2 */
 913              		.loc 1 234 3 view .LVU262
 914 001a FFF7FEFF 		bl	init_LCD
 915              	.LVL46:
 237:Core/Src/main.c ****   // TODO: Start TIM2 in Output Compare (OC) mode on channel 1
 916              		.loc 1 237 3 view .LVU263
 917 001e 0821     		movs	r1, #8
 918 0020 0B48     		ldr	r0, .L54
 919 0022 FFF7FEFF 		bl	HAL_TIM_PWM_Start
 920              	.LVL47:
 239:Core/Src/main.c ****   // TODO: Start DMA in IT mode on TIM2->CH1. Source is LUT and Dest is TIM3->CCR3; start with Sine
 921              		.loc 1 239 3 view .LVU264
 922 0026 0B4C     		ldr	r4, .L54+4
 923 0028 0021     		movs	r1, #0
 924 002a 2046     		mov	r0, r4
 925 002c FFF7FEFF 		bl	HAL_TIM_OC_Start
 926              	.LVL48:
 241:Core/Src/main.c ****   // TODO: Write current waveform to LCD(Sine is the first waveform)
 927              		.loc 1 241 3 view .LVU265
 928 0030 8023     		movs	r3, #128
ARM GAS  C:\Users\Ebrahim\AppData\Local\Temp\cc0Bv0tj.s 			page 47


 929 0032 094A     		ldr	r2, .L54+8
 930 0034 0949     		ldr	r1, .L54+12
 931 0036 0A48     		ldr	r0, .L54+16
 932 0038 FFF7FEFF 		bl	HAL_DMA_Start_IT
 933              	.LVL49:
 243:Core/Src/main.c ****   // TODO: Enable DMA (start transfer from LUT to CCR)
 934              		.loc 1 243 3 view .LVU266
 935 003c 0948     		ldr	r0, .L54+20
 936 003e FFF7FEFF 		bl	lcd_putstring
 937              	.LVL50:
 245:Core/Src/main.c ****   /* USER CODE END 2 */
 938              		.loc 1 245 3 view .LVU267
 939 0042 2268     		ldr	r2, [r4]
 940 0044 D368     		ldr	r3, [r2, #12]
 941 0046 43F40073 		orr	r3, r3, #512
 942 004a D360     		str	r3, [r2, #12]
 943              	.L52:
 250:Core/Src/main.c ****   {
 944              		.loc 1 250 3 view .LVU268
 255:Core/Src/main.c ****   /* USER CODE END 3 */
 945              		.loc 1 255 3 view .LVU269
 250:Core/Src/main.c ****   {
 946              		.loc 1 250 9 view .LVU270
 947 004c FEE7     		b	.L52
 948              	.L55:
 949 004e 00BF     		.align	2
 950              	.L54:
 951 0050 00000000 		.word	htim3
 952 0054 00000000 		.word	htim2
 953 0058 3C040040 		.word	1073742908
 954 005c 00000000 		.word	Sine_LUT
 955 0060 00000000 		.word	hdma_tim2_ch1
 956 0064 00000000 		.word	.LC0
 957              		.cfi_endproc
 958              	.LFE137:
 960              		.global	DestAddress
 961              		.section	.data.DestAddress,"aw"
 962              		.align	2
 965              	DestAddress:
 966 0000 3C040040 		.word	1073742908
 967              		.global	TIM2_Ticks
 968              		.section	.data.TIM2_Ticks,"aw"
 969              		.align	2
 972              	TIM2_Ticks:
 973 0000 01000000 		.word	1
 974              		.global	Drum_LUT
 975              		.section	.data.Drum_LUT,"aw"
 976              		.align	2
 979              	Drum_LUT:
 980 0000 FF070000 		.word	2047
 981 0004 440D0000 		.word	3396
 982 0008 48070000 		.word	1864
 983 000c 3E080000 		.word	2110
 984 0010 0F080000 		.word	2063
 985 0014 480D0000 		.word	3400
 986 0018 65070000 		.word	1893
 987 001c 8D070000 		.word	1933
ARM GAS  C:\Users\Ebrahim\AppData\Local\Temp\cc0Bv0tj.s 			page 48


 988 0020 26080000 		.word	2086
 989 0024 60080000 		.word	2144
 990 0028 F4070000 		.word	2036
 991 002c EE070000 		.word	2030
 992 0030 F7070000 		.word	2039
 993 0034 9D070000 		.word	1949
 994 0038 86050000 		.word	1414
 995 003c 38070000 		.word	1848
 996 0040 2B080000 		.word	2091
 997 0044 F0070000 		.word	2032
 998 0048 FC070000 		.word	2044
 999 004c 0B080000 		.word	2059
 1000 0050 00080000 		.word	2048
 1001 0054 2D080000 		.word	2093
 1002 0058 FC070000 		.word	2044
 1003 005c E4070000 		.word	2020
 1004 0060 2E080000 		.word	2094
 1005 0064 0B070000 		.word	1803
 1006 0068 18080000 		.word	2072
 1007 006c FD070000 		.word	2045
 1008 0070 7D080000 		.word	2173
 1009 0074 E1070000 		.word	2017
 1010 0078 A30C0000 		.word	3235
 1011 007c FC040000 		.word	1276
 1012 0080 87060000 		.word	1671
 1013 0084 91080000 		.word	2193
 1014 0088 84090000 		.word	2436
 1015 008c 38080000 		.word	2104
 1016 0090 8B070000 		.word	1931
 1017 0094 0E080000 		.word	2062
 1018 0098 EC070000 		.word	2028
 1019 009c F0070000 		.word	2032
 1020 00a0 FE0F0000 		.word	4094
 1021 00a4 82070000 		.word	1922
 1022 00a8 F3070000 		.word	2035
 1023 00ac FA070000 		.word	2042
 1024 00b0 C6090000 		.word	2502
 1025 00b4 44090000 		.word	2372
 1026 00b8 1C070000 		.word	1820
 1027 00bc CC070000 		.word	1996
 1028 00c0 EC080000 		.word	2284
 1029 00c4 18080000 		.word	2072
 1030 00c8 E2070000 		.word	2018
 1031 00cc 03080000 		.word	2051
 1032 00d0 9F020000 		.word	671
 1033 00d4 79090000 		.word	2425
 1034 00d8 1B080000 		.word	2075
 1035 00dc 14080000 		.word	2068
 1036 00e0 11000000 		.word	17
 1037 00e4 BF080000 		.word	2239
 1038 00e8 FA070000 		.word	2042
 1039 00ec E7070000 		.word	2023
 1040 00f0 90080000 		.word	2192
 1041 00f4 04080000 		.word	2052
 1042 00f8 560B0000 		.word	2902
 1043 00fc 52090000 		.word	2386
 1044 0100 E90F0000 		.word	4073
ARM GAS  C:\Users\Ebrahim\AppData\Local\Temp\cc0Bv0tj.s 			page 49


 1045 0104 D9070000 		.word	2009
 1046 0108 ED080000 		.word	2285
 1047 010c F6070000 		.word	2038
 1048 0110 D6090000 		.word	2518
 1049 0114 970A0000 		.word	2711
 1050 0118 00080000 		.word	2048
 1051 011c 30080000 		.word	2096
 1052 0120 5D060000 		.word	1629
 1053 0124 D1070000 		.word	2001
 1054 0128 26080000 		.word	2086
 1055 012c FB070000 		.word	2043
 1056 0130 F5090000 		.word	2549
 1057 0134 66070000 		.word	1894
 1058 0138 0D080000 		.word	2061
 1059 013c 1C080000 		.word	2076
 1060 0140 D1070000 		.word	2001
 1061 0144 07080000 		.word	2055
 1062 0148 FB070000 		.word	2043
 1063 014c 01080000 		.word	2049
 1064 0150 32080000 		.word	2098
 1065 0154 FF070000 		.word	2047
 1066 0158 11080000 		.word	2065
 1067 015c FF070000 		.word	2047
 1068 0160 6B0B0000 		.word	2923
 1069 0164 17080000 		.word	2071
 1070 0168 E1070000 		.word	2017
 1071 016c 20080000 		.word	2080
 1072 0170 E2070000 		.word	2018
 1073 0174 01080000 		.word	2049
 1074 0178 27070000 		.word	1831
 1075 017c DE070000 		.word	2014
 1076 0180 45030000 		.word	837
 1077 0184 F7080000 		.word	2295
 1078 0188 BA070000 		.word	1978
 1079 018c F8070000 		.word	2040
 1080 0190 BC070000 		.word	1980
 1081 0194 F4070000 		.word	2036
 1082 0198 3A080000 		.word	2106
 1083 019c FA070000 		.word	2042
 1084 01a0 6B060000 		.word	1643
 1085 01a4 07080000 		.word	2055
 1086 01a8 12080000 		.word	2066
 1087 01ac F0070000 		.word	2032
 1088 01b0 02080000 		.word	2050
 1089 01b4 8A090000 		.word	2442
 1090 01b8 61080000 		.word	2145
 1091 01bc AA080000 		.word	2218
 1092 01c0 4E080000 		.word	2126
 1093 01c4 F0070000 		.word	2032
 1094 01c8 F6070000 		.word	2038
 1095 01cc F5060000 		.word	1781
 1096 01d0 6A080000 		.word	2154
 1097 01d4 89090000 		.word	2441
 1098 01d8 54080000 		.word	2132
 1099 01dc FE0F0000 		.word	4094
 1100 01e0 66080000 		.word	2150
 1101 01e4 DC070000 		.word	2012
ARM GAS  C:\Users\Ebrahim\AppData\Local\Temp\cc0Bv0tj.s 			page 50


 1102 01e8 F4070000 		.word	2036
 1103 01ec 4F060000 		.word	1615
 1104 01f0 BD070000 		.word	1981
 1105 01f4 43010000 		.word	323
 1106 01f8 DD090000 		.word	2525
 1107 01fc FF070000 		.word	2047
 1108              		.global	Guitar_LUT
 1109              		.section	.data.Guitar_LUT,"aw"
 1110              		.align	2
 1113              	Guitar_LUT:
 1114 0000 FF070000 		.word	2047
 1115 0004 8B080000 		.word	2187
 1116 0008 8A080000 		.word	2186
 1117 000c 21080000 		.word	2081
 1118 0010 15080000 		.word	2069
 1119 0014 AD070000 		.word	1965
 1120 0018 A0070000 		.word	1952
 1121 001c F1070000 		.word	2033
 1122 0020 1B070000 		.word	1819
 1123 0024 13080000 		.word	2067
 1124 0028 0E080000 		.word	2062
 1125 002c 01080000 		.word	2049
 1126 0030 11080000 		.word	2065
 1127 0034 0C080000 		.word	2060
 1128 0038 BB070000 		.word	1979
 1129 003c FA070000 		.word	2042
 1130 0040 FD070000 		.word	2045
 1131 0044 F6070000 		.word	2038
 1132 0048 67070000 		.word	1895
 1133 004c C9080000 		.word	2249
 1134 0050 C5070000 		.word	1989
 1135 0054 BC070000 		.word	1980
 1136 0058 B9080000 		.word	2233
 1137 005c 51080000 		.word	2129
 1138 0060 86070000 		.word	1926
 1139 0064 01080000 		.word	2049
 1140 0068 F1070000 		.word	2033
 1141 006c 06080000 		.word	2054
 1142 0070 FA070000 		.word	2042
 1143 0074 E7070000 		.word	2023
 1144 0078 DA070000 		.word	2010
 1145 007c 02080000 		.word	2050
 1146 0080 01080000 		.word	2049
 1147 0084 16080000 		.word	2070
 1148 0088 AA070000 		.word	1962
 1149 008c 2C080000 		.word	2092
 1150 0090 AB070000 		.word	1963
 1151 0094 23080000 		.word	2083
 1152 0098 EB070000 		.word	2027
 1153 009c 7B070000 		.word	1915
 1154 00a0 59080000 		.word	2137
 1155 00a4 F5070000 		.word	2037
 1156 00a8 03080000 		.word	2051
 1157 00ac 01080000 		.word	2049
 1158 00b0 06080000 		.word	2054
 1159 00b4 CC070000 		.word	1996
 1160 00b8 2A080000 		.word	2090
ARM GAS  C:\Users\Ebrahim\AppData\Local\Temp\cc0Bv0tj.s 			page 51


 1161 00bc FC070000 		.word	2044
 1162 00c0 B3070000 		.word	1971
 1163 00c4 ED070000 		.word	2029
 1164 00c8 3B080000 		.word	2107
 1165 00cc EE070000 		.word	2030
 1166 00d0 3F080000 		.word	2111
 1167 00d4 2A080000 		.word	2090
 1168 00d8 BA070000 		.word	1978
 1169 00dc EC070000 		.word	2028
 1170 00e0 2B080000 		.word	2091
 1171 00e4 28080000 		.word	2088
 1172 00e8 14080000 		.word	2068
 1173 00ec 9D070000 		.word	1949
 1174 00f0 33080000 		.word	2099
 1175 00f4 15080000 		.word	2069
 1176 00f8 3C090000 		.word	2364
 1177 00fc 50080000 		.word	2128
 1178 0100 19080000 		.word	2073
 1179 0104 50080000 		.word	2128
 1180 0108 62080000 		.word	2146
 1181 010c 58080000 		.word	2136
 1182 0110 28080000 		.word	2088
 1183 0114 1F080000 		.word	2079
 1184 0118 34070000 		.word	1844
 1185 011c 5F070000 		.word	1887
 1186 0120 07080000 		.word	2055
 1187 0124 FC070000 		.word	2044
 1188 0128 0D080000 		.word	2061
 1189 012c 06080000 		.word	2054
 1190 0130 61080000 		.word	2145
 1191 0134 FE070000 		.word	2046
 1192 0138 F8070000 		.word	2040
 1193 013c 03080000 		.word	2051
 1194 0140 33080000 		.word	2099
 1195 0144 3A080000 		.word	2106
 1196 0148 92070000 		.word	1938
 1197 014c 24080000 		.word	2084
 1198 0150 0D080000 		.word	2061
 1199 0154 75070000 		.word	1909
 1200 0158 22080000 		.word	2082
 1201 015c B5070000 		.word	1973
 1202 0160 11080000 		.word	2065
 1203 0164 17080000 		.word	2071
 1204 0168 FE070000 		.word	2046
 1205 016c F9070000 		.word	2041
 1206 0170 D8070000 		.word	2008
 1207 0174 B9070000 		.word	1977
 1208 0178 1D080000 		.word	2077
 1209 017c FE070000 		.word	2046
 1210 0180 6A080000 		.word	2154
 1211 0184 DD070000 		.word	2013
 1212 0188 56080000 		.word	2134
 1213 018c E3070000 		.word	2019
 1214 0190 F7070000 		.word	2039
 1215 0194 EC070000 		.word	2028
 1216 0198 D1080000 		.word	2257
 1217 019c A7080000 		.word	2215
ARM GAS  C:\Users\Ebrahim\AppData\Local\Temp\cc0Bv0tj.s 			page 52


 1218 01a0 EF070000 		.word	2031
 1219 01a4 01080000 		.word	2049
 1220 01a8 F9070000 		.word	2041
 1221 01ac FD070000 		.word	2045
 1222 01b0 1E080000 		.word	2078
 1223 01b4 CE070000 		.word	1998
 1224 01b8 FE070000 		.word	2046
 1225 01bc 01080000 		.word	2049
 1226 01c0 CC070000 		.word	1996
 1227 01c4 F6070000 		.word	2038
 1228 01c8 30080000 		.word	2096
 1229 01cc BC070000 		.word	1980
 1230 01d0 6F080000 		.word	2159
 1231 01d4 D1070000 		.word	2001
 1232 01d8 49080000 		.word	2121
 1233 01dc 50070000 		.word	1872
 1234 01e0 19080000 		.word	2073
 1235 01e4 A9070000 		.word	1961
 1236 01e8 96080000 		.word	2198
 1237 01ec C0070000 		.word	1984
 1238 01f0 4A070000 		.word	1866
 1239 01f4 FC080000 		.word	2300
 1240 01f8 CD070000 		.word	1997
 1241 01fc FF070000 		.word	2047
 1242              		.global	Piano_LUT
 1243              		.section	.data.Piano_LUT,"aw"
 1244              		.align	2
 1247              	Piano_LUT:
 1248 0000 FF070000 		.word	2047
 1249 0004 80080000 		.word	2176
 1250 0008 C4070000 		.word	1988
 1251 000c 2F080000 		.word	2095
 1252 0010 0D080000 		.word	2061
 1253 0014 26080000 		.word	2086
 1254 0018 F6070000 		.word	2038
 1255 001c 69080000 		.word	2153
 1256 0020 2E080000 		.word	2094
 1257 0024 64080000 		.word	2148
 1258 0028 22080000 		.word	2082
 1259 002c 06080000 		.word	2054
 1260 0030 E1070000 		.word	2017
 1261 0034 0E090000 		.word	2318
 1262 0038 0A080000 		.word	2058
 1263 003c F4060000 		.word	1780
 1264 0040 EC070000 		.word	2028
 1265 0044 FE070000 		.word	2046
 1266 0048 B6070000 		.word	1974
 1267 004c 06080000 		.word	2054
 1268 0050 0E080000 		.word	2062
 1269 0054 02080000 		.word	2050
 1270 0058 47060000 		.word	1607
 1271 005c E7070000 		.word	2023
 1272 0060 0F090000 		.word	2319
 1273 0064 FC070000 		.word	2044
 1274 0068 190B0000 		.word	2841
 1275 006c AF060000 		.word	1711
 1276 0070 EE060000 		.word	1774
ARM GAS  C:\Users\Ebrahim\AppData\Local\Temp\cc0Bv0tj.s 			page 53


 1277 0074 3E070000 		.word	1854
 1278 0078 B8080000 		.word	2232
 1279 007c 8B080000 		.word	2187
 1280 0080 15060000 		.word	1557
 1281 0084 6D080000 		.word	2157
 1282 0088 B5070000 		.word	1973
 1283 008c 0C080000 		.word	2060
 1284 0090 C7070000 		.word	1991
 1285 0094 26080000 		.word	2086
 1286 0098 D6060000 		.word	1750
 1287 009c A5070000 		.word	1957
 1288 00a0 94070000 		.word	1940
 1289 00a4 32080000 		.word	2098
 1290 00a8 C1080000 		.word	2241
 1291 00ac 8A070000 		.word	1930
 1292 00b0 C2080000 		.word	2242
 1293 00b4 8F070000 		.word	1935
 1294 00b8 1A0A0000 		.word	2586
 1295 00bc EF070000 		.word	2031
 1296 00c0 2E080000 		.word	2094
 1297 00c4 0F080000 		.word	2063
 1298 00c8 C5070000 		.word	1989
 1299 00cc 0E080000 		.word	2062
 1300 00d0 E9070000 		.word	2025
 1301 00d4 F5070000 		.word	2037
 1302 00d8 DA0A0000 		.word	2778
 1303 00dc 9D070000 		.word	1949
 1304 00e0 47090000 		.word	2375
 1305 00e4 55070000 		.word	1877
 1306 00e8 D2070000 		.word	2002
 1307 00ec A2070000 		.word	1954
 1308 00f0 DE050000 		.word	1502
 1309 00f4 7E070000 		.word	1918
 1310 00f8 AD060000 		.word	1709
 1311 00fc F3070000 		.word	2035
 1312 0100 00070000 		.word	1792
 1313 0104 15080000 		.word	2069
 1314 0108 5A080000 		.word	2138
 1315 010c FF070000 		.word	2047
 1316 0110 E0070000 		.word	2016
 1317 0114 E7070000 		.word	2023
 1318 0118 C7060000 		.word	1735
 1319 011c 63080000 		.word	2147
 1320 0120 75070000 		.word	1909
 1321 0124 24080000 		.word	2084
 1322 0128 0F070000 		.word	1807
 1323 012c 83090000 		.word	2435
 1324 0130 91080000 		.word	2193
 1325 0134 F1070000 		.word	2033
 1326 0138 28090000 		.word	2344
 1327 013c 78080000 		.word	2168
 1328 0140 EC070000 		.word	2028
 1329 0144 FC070000 		.word	2044
 1330 0148 D7070000 		.word	2007
 1331 014c 17080000 		.word	2071
 1332 0150 F2070000 		.word	2034
 1333 0154 F9070000 		.word	2041
ARM GAS  C:\Users\Ebrahim\AppData\Local\Temp\cc0Bv0tj.s 			page 54


 1334 0158 84080000 		.word	2180
 1335 015c 05080000 		.word	2053
 1336 0160 27080000 		.word	2087
 1337 0164 8E070000 		.word	1934
 1338 0168 3D070000 		.word	1853
 1339 016c F2070000 		.word	2034
 1340 0170 DD070000 		.word	2013
 1341 0174 A9080000 		.word	2217
 1342 0178 DB070000 		.word	2011
 1343 017c 37080000 		.word	2103
 1344 0180 1B090000 		.word	2331
 1345 0184 04080000 		.word	2052
 1346 0188 1B080000 		.word	2075
 1347 018c F7070000 		.word	2039
 1348 0190 15080000 		.word	2069
 1349 0194 E8070000 		.word	2024
 1350 0198 EA060000 		.word	1770
 1351 019c 88070000 		.word	1928
 1352 01a0 CB070000 		.word	1995
 1353 01a4 CE070000 		.word	1998
 1354 01a8 6C080000 		.word	2156
 1355 01ac 22080000 		.word	2082
 1356 01b0 F4070000 		.word	2036
 1357 01b4 D1070000 		.word	2001
 1358 01b8 38070000 		.word	1848
 1359 01bc 61080000 		.word	2145
 1360 01c0 D7070000 		.word	2007
 1361 01c4 1D080000 		.word	2077
 1362 01c8 CF070000 		.word	1999
 1363 01cc 17080000 		.word	2071
 1364 01d0 F0070000 		.word	2032
 1365 01d4 0B080000 		.word	2059
 1366 01d8 9B070000 		.word	1947
 1367 01dc 7E070000 		.word	1918
 1368 01e0 5B060000 		.word	1627
 1369 01e4 02070000 		.word	1794
 1370 01e8 1B080000 		.word	2075
 1371 01ec 07080000 		.word	2055
 1372 01f0 D4070000 		.word	2004
 1373 01f4 97070000 		.word	1943
 1374 01f8 2C080000 		.word	2092
 1375 01fc FF070000 		.word	2047
 1376              		.global	Triangle_LUT
 1377              		.section	.data.Triangle_LUT,"aw"
 1378              		.align	2
 1381              	Triangle_LUT:
 1382 0000 00000000 		.word	0
 1383 0004 7F000000 		.word	127
 1384 0008 FF000000 		.word	255
 1385 000c 7F010000 		.word	383
 1386 0010 FF010000 		.word	511
 1387 0014 7F020000 		.word	639
 1388 0018 FF020000 		.word	767
 1389 001c 7F030000 		.word	895
 1390 0020 FF030000 		.word	1023
 1391 0024 7F040000 		.word	1151
 1392 0028 FF040000 		.word	1279
ARM GAS  C:\Users\Ebrahim\AppData\Local\Temp\cc0Bv0tj.s 			page 55


 1393 002c 7F050000 		.word	1407
 1394 0030 FF050000 		.word	1535
 1395 0034 7F060000 		.word	1663
 1396 0038 FF060000 		.word	1791
 1397 003c 7F070000 		.word	1919
 1398 0040 FF070000 		.word	2047
 1399 0044 7F080000 		.word	2175
 1400 0048 FF080000 		.word	2303
 1401 004c 7F090000 		.word	2431
 1402 0050 FF090000 		.word	2559
 1403 0054 7F0A0000 		.word	2687
 1404 0058 FF0A0000 		.word	2815
 1405 005c 7F0B0000 		.word	2943
 1406 0060 FF0B0000 		.word	3071
 1407 0064 7F0C0000 		.word	3199
 1408 0068 FF0C0000 		.word	3327
 1409 006c 7F0D0000 		.word	3455
 1410 0070 FF0D0000 		.word	3583
 1411 0074 7F0E0000 		.word	3711
 1412 0078 FF0E0000 		.word	3839
 1413 007c 7F0F0000 		.word	3967
 1414 0080 FF0F0000 		.word	4095
 1415 0084 7E100000 		.word	4222
 1416 0088 FE100000 		.word	4350
 1417 008c 7E110000 		.word	4478
 1418 0090 FE110000 		.word	4606
 1419 0094 7E120000 		.word	4734
 1420 0098 FE120000 		.word	4862
 1421 009c 7E130000 		.word	4990
 1422 00a0 FE130000 		.word	5118
 1423 00a4 7E140000 		.word	5246
 1424 00a8 FE140000 		.word	5374
 1425 00ac 7E150000 		.word	5502
 1426 00b0 FE150000 		.word	5630
 1427 00b4 7E160000 		.word	5758
 1428 00b8 FE160000 		.word	5886
 1429 00bc 7E170000 		.word	6014
 1430 00c0 FE170000 		.word	6142
 1431 00c4 7E180000 		.word	6270
 1432 00c8 FE180000 		.word	6398
 1433 00cc 7E190000 		.word	6526
 1434 00d0 FE190000 		.word	6654
 1435 00d4 7E1A0000 		.word	6782
 1436 00d8 FE1A0000 		.word	6910
 1437 00dc 7E1B0000 		.word	7038
 1438 00e0 FE1B0000 		.word	7166
 1439 00e4 7E1C0000 		.word	7294
 1440 00e8 FE1C0000 		.word	7422
 1441 00ec 7E1D0000 		.word	7550
 1442 00f0 FE1D0000 		.word	7678
 1443 00f4 7E1E0000 		.word	7806
 1444 00f8 FE1E0000 		.word	7934
 1445 00fc 7E1F0000 		.word	8062
 1446 0100 FE1F0000 		.word	8190
 1447 0104 7E1F0000 		.word	8062
 1448 0108 FE1E0000 		.word	7934
 1449 010c 7E1E0000 		.word	7806
ARM GAS  C:\Users\Ebrahim\AppData\Local\Temp\cc0Bv0tj.s 			page 56


 1450 0110 FE1D0000 		.word	7678
 1451 0114 7E1D0000 		.word	7550
 1452 0118 FE1C0000 		.word	7422
 1453 011c 7E1C0000 		.word	7294
 1454 0120 FE1B0000 		.word	7166
 1455 0124 7E1B0000 		.word	7038
 1456 0128 FE1A0000 		.word	6910
 1457 012c 7E1A0000 		.word	6782
 1458 0130 FE190000 		.word	6654
 1459 0134 7E190000 		.word	6526
 1460 0138 FE180000 		.word	6398
 1461 013c 7E180000 		.word	6270
 1462 0140 FE170000 		.word	6142
 1463 0144 7E170000 		.word	6014
 1464 0148 FE160000 		.word	5886
 1465 014c 7E160000 		.word	5758
 1466 0150 FE150000 		.word	5630
 1467 0154 7E150000 		.word	5502
 1468 0158 FE140000 		.word	5374
 1469 015c 7E140000 		.word	5246
 1470 0160 FE130000 		.word	5118
 1471 0164 7E130000 		.word	4990
 1472 0168 FE120000 		.word	4862
 1473 016c 7E120000 		.word	4734
 1474 0170 FE110000 		.word	4606
 1475 0174 7E110000 		.word	4478
 1476 0178 FE100000 		.word	4350
 1477 017c 7E100000 		.word	4222
 1478 0180 FF0F0000 		.word	4095
 1479 0184 7F0F0000 		.word	3967
 1480 0188 FF0E0000 		.word	3839
 1481 018c 7F0E0000 		.word	3711
 1482 0190 FF0D0000 		.word	3583
 1483 0194 7F0D0000 		.word	3455
 1484 0198 FF0C0000 		.word	3327
 1485 019c 7F0C0000 		.word	3199
 1486 01a0 FF0B0000 		.word	3071
 1487 01a4 7F0B0000 		.word	2943
 1488 01a8 FF0A0000 		.word	2815
 1489 01ac 7F0A0000 		.word	2687
 1490 01b0 FF090000 		.word	2559
 1491 01b4 7F090000 		.word	2431
 1492 01b8 FF080000 		.word	2303
 1493 01bc 7F080000 		.word	2175
 1494 01c0 FF070000 		.word	2047
 1495 01c4 7F070000 		.word	1919
 1496 01c8 FF060000 		.word	1791
 1497 01cc 7F060000 		.word	1663
 1498 01d0 FF050000 		.word	1535
 1499 01d4 7F050000 		.word	1407
 1500 01d8 FF040000 		.word	1279
 1501 01dc 7F040000 		.word	1151
 1502 01e0 FF030000 		.word	1023
 1503 01e4 7F030000 		.word	895
 1504 01e8 FF020000 		.word	767
 1505 01ec 7F020000 		.word	639
 1506 01f0 FF010000 		.word	511
ARM GAS  C:\Users\Ebrahim\AppData\Local\Temp\cc0Bv0tj.s 			page 57


 1507 01f4 7F010000 		.word	383
 1508 01f8 FF000000 		.word	255
 1509 01fc 7F000000 		.word	127
 1510              		.global	Saw_LUT
 1511              		.section	.data.Saw_LUT,"aw"
 1512              		.align	2
 1515              	Saw_LUT:
 1516 0000 00000000 		.word	0
 1517 0004 1F000000 		.word	31
 1518 0008 3F000000 		.word	63
 1519 000c 5F000000 		.word	95
 1520 0010 7F000000 		.word	127
 1521 0014 9F000000 		.word	159
 1522 0018 BF000000 		.word	191
 1523 001c DF000000 		.word	223
 1524 0020 FF000000 		.word	255
 1525 0024 1F010000 		.word	287
 1526 0028 3F010000 		.word	319
 1527 002c 5F010000 		.word	351
 1528 0030 7F010000 		.word	383
 1529 0034 9F010000 		.word	415
 1530 0038 BF010000 		.word	447
 1531 003c DF010000 		.word	479
 1532 0040 FF010000 		.word	511
 1533 0044 1F020000 		.word	543
 1534 0048 3F020000 		.word	575
 1535 004c 5F020000 		.word	607
 1536 0050 7F020000 		.word	639
 1537 0054 9F020000 		.word	671
 1538 0058 BF020000 		.word	703
 1539 005c DF020000 		.word	735
 1540 0060 FF020000 		.word	767
 1541 0064 1F030000 		.word	799
 1542 0068 3F030000 		.word	831
 1543 006c 5F030000 		.word	863
 1544 0070 7F030000 		.word	895
 1545 0074 9F030000 		.word	927
 1546 0078 BF030000 		.word	959
 1547 007c DF030000 		.word	991
 1548 0080 FF030000 		.word	1023
 1549 0084 1F040000 		.word	1055
 1550 0088 3F040000 		.word	1087
 1551 008c 5F040000 		.word	1119
 1552 0090 7F040000 		.word	1151
 1553 0094 9F040000 		.word	1183
 1554 0098 BF040000 		.word	1215
 1555 009c DF040000 		.word	1247
 1556 00a0 FF040000 		.word	1279
 1557 00a4 1F050000 		.word	1311
 1558 00a8 3F050000 		.word	1343
 1559 00ac 5F050000 		.word	1375
 1560 00b0 7F050000 		.word	1407
 1561 00b4 9F050000 		.word	1439
 1562 00b8 BF050000 		.word	1471
 1563 00bc DF050000 		.word	1503
 1564 00c0 FF050000 		.word	1535
 1565 00c4 1F060000 		.word	1567
ARM GAS  C:\Users\Ebrahim\AppData\Local\Temp\cc0Bv0tj.s 			page 58


 1566 00c8 3F060000 		.word	1599
 1567 00cc 5F060000 		.word	1631
 1568 00d0 7F060000 		.word	1663
 1569 00d4 9F060000 		.word	1695
 1570 00d8 BF060000 		.word	1727
 1571 00dc DF060000 		.word	1759
 1572 00e0 FF060000 		.word	1791
 1573 00e4 1F070000 		.word	1823
 1574 00e8 3F070000 		.word	1855
 1575 00ec 5F070000 		.word	1887
 1576 00f0 7F070000 		.word	1919
 1577 00f4 9F070000 		.word	1951
 1578 00f8 BF070000 		.word	1983
 1579 00fc DF070000 		.word	2015
 1580 0100 FF070000 		.word	2047
 1581 0104 1F080000 		.word	2079
 1582 0108 3F080000 		.word	2111
 1583 010c 5F080000 		.word	2143
 1584 0110 7F080000 		.word	2175
 1585 0114 9F080000 		.word	2207
 1586 0118 BF080000 		.word	2239
 1587 011c DF080000 		.word	2271
 1588 0120 FF080000 		.word	2303
 1589 0124 1F090000 		.word	2335
 1590 0128 3F090000 		.word	2367
 1591 012c 5F090000 		.word	2399
 1592 0130 7F090000 		.word	2431
 1593 0134 9F090000 		.word	2463
 1594 0138 BF090000 		.word	2495
 1595 013c DF090000 		.word	2527
 1596 0140 FF090000 		.word	2559
 1597 0144 1F0A0000 		.word	2591
 1598 0148 3F0A0000 		.word	2623
 1599 014c 5F0A0000 		.word	2655
 1600 0150 7F0A0000 		.word	2687
 1601 0154 9F0A0000 		.word	2719
 1602 0158 BF0A0000 		.word	2751
 1603 015c DF0A0000 		.word	2783
 1604 0160 FF0A0000 		.word	2815
 1605 0164 1F0B0000 		.word	2847
 1606 0168 3F0B0000 		.word	2879
 1607 016c 5F0B0000 		.word	2911
 1608 0170 7F0B0000 		.word	2943
 1609 0174 9F0B0000 		.word	2975
 1610 0178 BF0B0000 		.word	3007
 1611 017c DF0B0000 		.word	3039
 1612 0180 FF0B0000 		.word	3071
 1613 0184 1F0C0000 		.word	3103
 1614 0188 3F0C0000 		.word	3135
 1615 018c 5F0C0000 		.word	3167
 1616 0190 7F0C0000 		.word	3199
 1617 0194 9F0C0000 		.word	3231
 1618 0198 BF0C0000 		.word	3263
 1619 019c DF0C0000 		.word	3295
 1620 01a0 FF0C0000 		.word	3327
 1621 01a4 1F0D0000 		.word	3359
 1622 01a8 3F0D0000 		.word	3391
ARM GAS  C:\Users\Ebrahim\AppData\Local\Temp\cc0Bv0tj.s 			page 59


 1623 01ac 5F0D0000 		.word	3423
 1624 01b0 7F0D0000 		.word	3455
 1625 01b4 9F0D0000 		.word	3487
 1626 01b8 BF0D0000 		.word	3519
 1627 01bc DF0D0000 		.word	3551
 1628 01c0 FF0D0000 		.word	3583
 1629 01c4 1F0E0000 		.word	3615
 1630 01c8 3F0E0000 		.word	3647
 1631 01cc 5F0E0000 		.word	3679
 1632 01d0 7F0E0000 		.word	3711
 1633 01d4 9F0E0000 		.word	3743
 1634 01d8 BF0E0000 		.word	3775
 1635 01dc DF0E0000 		.word	3807
 1636 01e0 FF0E0000 		.word	3839
 1637 01e4 1F0F0000 		.word	3871
 1638 01e8 3F0F0000 		.word	3903
 1639 01ec 5F0F0000 		.word	3935
 1640 01f0 7F0F0000 		.word	3967
 1641 01f4 9F0F0000 		.word	3999
 1642 01f8 BF0F0000 		.word	4031
 1643 01fc DF0F0000 		.word	4063
 1644              		.global	Sine_LUT
 1645              		.section	.data.Sine_LUT,"aw"
 1646              		.align	2
 1649              	Sine_LUT:
 1650 0000 FF070000 		.word	2047
 1651 0004 63080000 		.word	2147
 1652 0008 C8080000 		.word	2248
 1653 000c 2B090000 		.word	2347
 1654 0010 8E090000 		.word	2446
 1655 0014 F1090000 		.word	2545
 1656 0018 510A0000 		.word	2641
 1657 001c B10A0000 		.word	2737
 1658 0020 0F0B0000 		.word	2831
 1659 0024 6A0B0000 		.word	2922
 1660 0028 C40B0000 		.word	3012
 1661 002c 1C0C0000 		.word	3100
 1662 0030 710C0000 		.word	3185
 1663 0034 C30C0000 		.word	3267
 1664 0038 120D0000 		.word	3346
 1665 003c 5E0D0000 		.word	3422
 1666 0040 A70D0000 		.word	3495
 1667 0044 EC0D0000 		.word	3564
 1668 0048 2E0E0000 		.word	3630
 1669 004c 6C0E0000 		.word	3692
 1670 0050 A50E0000 		.word	3749
 1671 0054 DB0E0000 		.word	3803
 1672 0058 0D0F0000 		.word	3853
 1673 005c 3A0F0000 		.word	3898
 1674 0060 630F0000 		.word	3939
 1675 0064 870F0000 		.word	3975
 1676 0068 A60F0000 		.word	4006
 1677 006c C10F0000 		.word	4033
 1678 0070 D70F0000 		.word	4055
 1679 0074 E80F0000 		.word	4072
 1680 0078 F50F0000 		.word	4085
 1681 007c FC0F0000 		.word	4092
ARM GAS  C:\Users\Ebrahim\AppData\Local\Temp\cc0Bv0tj.s 			page 60


 1682 0080 FF0F0000 		.word	4095
 1683 0084 FC0F0000 		.word	4092
 1684 0088 F50F0000 		.word	4085
 1685 008c E80F0000 		.word	4072
 1686 0090 D70F0000 		.word	4055
 1687 0094 C10F0000 		.word	4033
 1688 0098 A60F0000 		.word	4006
 1689 009c 870F0000 		.word	3975
 1690 00a0 630F0000 		.word	3939
 1691 00a4 3A0F0000 		.word	3898
 1692 00a8 0D0F0000 		.word	3853
 1693 00ac DB0E0000 		.word	3803
 1694 00b0 A50E0000 		.word	3749
 1695 00b4 6C0E0000 		.word	3692
 1696 00b8 2E0E0000 		.word	3630
 1697 00bc EC0D0000 		.word	3564
 1698 00c0 A70D0000 		.word	3495
 1699 00c4 5E0D0000 		.word	3422
 1700 00c8 120D0000 		.word	3346
 1701 00cc C30C0000 		.word	3267
 1702 00d0 710C0000 		.word	3185
 1703 00d4 1C0C0000 		.word	3100
 1704 00d8 C40B0000 		.word	3012
 1705 00dc 6A0B0000 		.word	2922
 1706 00e0 0F0B0000 		.word	2831
 1707 00e4 B10A0000 		.word	2737
 1708 00e8 510A0000 		.word	2641
 1709 00ec F1090000 		.word	2545
 1710 00f0 8E090000 		.word	2446
 1711 00f4 2B090000 		.word	2347
 1712 00f8 C8080000 		.word	2248
 1713 00fc 63080000 		.word	2147
 1714 0100 FF070000 		.word	2047
 1715 0104 9B070000 		.word	1947
 1716 0108 36070000 		.word	1846
 1717 010c D3060000 		.word	1747
 1718 0110 70060000 		.word	1648
 1719 0114 0D060000 		.word	1549
 1720 0118 AD050000 		.word	1453
 1721 011c 4D050000 		.word	1357
 1722 0120 EF040000 		.word	1263
 1723 0124 94040000 		.word	1172
 1724 0128 3A040000 		.word	1082
 1725 012c E2030000 		.word	994
 1726 0130 8D030000 		.word	909
 1727 0134 3B030000 		.word	827
 1728 0138 EC020000 		.word	748
 1729 013c A0020000 		.word	672
 1730 0140 57020000 		.word	599
 1731 0144 12020000 		.word	530
 1732 0148 D0010000 		.word	464
 1733 014c 92010000 		.word	402
 1734 0150 59010000 		.word	345
 1735 0154 23010000 		.word	291
 1736 0158 F1000000 		.word	241
 1737 015c C4000000 		.word	196
 1738 0160 9B000000 		.word	155
ARM GAS  C:\Users\Ebrahim\AppData\Local\Temp\cc0Bv0tj.s 			page 61


 1739 0164 77000000 		.word	119
 1740 0168 58000000 		.word	88
 1741 016c 3D000000 		.word	61
 1742 0170 27000000 		.word	39
 1743 0174 16000000 		.word	22
 1744 0178 09000000 		.word	9
 1745 017c 02000000 		.word	2
 1746 0180 00000000 		.word	0
 1747 0184 02000000 		.word	2
 1748 0188 09000000 		.word	9
 1749 018c 16000000 		.word	22
 1750 0190 27000000 		.word	39
 1751 0194 3D000000 		.word	61
 1752 0198 58000000 		.word	88
 1753 019c 77000000 		.word	119
 1754 01a0 9B000000 		.word	155
 1755 01a4 C4000000 		.word	196
 1756 01a8 F1000000 		.word	241
 1757 01ac 23010000 		.word	291
 1758 01b0 59010000 		.word	345
 1759 01b4 92010000 		.word	402
 1760 01b8 D0010000 		.word	464
 1761 01bc 12020000 		.word	530
 1762 01c0 57020000 		.word	599
 1763 01c4 A0020000 		.word	672
 1764 01c8 EC020000 		.word	748
 1765 01cc 3B030000 		.word	827
 1766 01d0 8D030000 		.word	909
 1767 01d4 E2030000 		.word	994
 1768 01d8 3A040000 		.word	1082
 1769 01dc 94040000 		.word	1172
 1770 01e0 EF040000 		.word	1263
 1771 01e4 4D050000 		.word	1357
 1772 01e8 AD050000 		.word	1453
 1773 01ec 0D060000 		.word	1549
 1774 01f0 70060000 		.word	1648
 1775 01f4 D3060000 		.word	1747
 1776 01f8 36070000 		.word	1846
 1777 01fc 9B070000 		.word	1947
 1778              		.global	hdma_tim2_ch1
 1779              		.section	.bss.hdma_tim2_ch1,"aw",%nobits
 1780              		.align	2
 1783              	hdma_tim2_ch1:
 1784 0000 00000000 		.space	96
 1784      00000000 
 1784      00000000 
 1784      00000000 
 1784      00000000 
 1785              		.global	htim3
 1786              		.section	.bss.htim3,"aw",%nobits
 1787              		.align	2
 1790              	htim3:
 1791 0000 00000000 		.space	72
 1791      00000000 
 1791      00000000 
 1791      00000000 
 1791      00000000 
ARM GAS  C:\Users\Ebrahim\AppData\Local\Temp\cc0Bv0tj.s 			page 62


 1792              		.global	htim2
 1793              		.section	.bss.htim2,"aw",%nobits
 1794              		.align	2
 1797              	htim2:
 1798 0000 00000000 		.space	72
 1798      00000000 
 1798      00000000 
 1798      00000000 
 1798      00000000 
 1799              		.text
 1800              	.Letext0:
 1801              		.file 3 "Drivers/CMSIS/Device/ST/STM32F4xx/Include/stm32f446xx.h"
 1802              		.file 4 "C:\\ST\\STM32CubeIDE_1.19.0\\STM32CubeIDE\\plugins\\com.st.stm32cube.ide.mcu.externaltool
 1803              		.file 5 "C:\\ST\\STM32CubeIDE_1.19.0\\STM32CubeIDE\\plugins\\com.st.stm32cube.ide.mcu.externaltool
 1804              		.file 6 "Drivers/STM32F4xx_HAL_Driver/Inc/stm32f4xx_hal_def.h"
 1805              		.file 7 "Drivers/STM32F4xx_HAL_Driver/Inc/stm32f4xx_hal_rcc_ex.h"
 1806              		.file 8 "Drivers/STM32F4xx_HAL_Driver/Inc/stm32f4xx_hal_rcc.h"
 1807              		.file 9 "Drivers/STM32F4xx_HAL_Driver/Inc/stm32f4xx_hal_gpio.h"
 1808              		.file 10 "Drivers/STM32F4xx_HAL_Driver/Inc/stm32f4xx_hal_dma.h"
 1809              		.file 11 "Drivers/STM32F4xx_HAL_Driver/Inc/stm32f4xx_hal_tim.h"
 1810              		.file 12 "Core/Inc/main.h"
 1811              		.file 13 "Drivers/STM32F4xx_HAL_Driver/Inc/stm32f4xx_hal_tim_ex.h"
 1812              		.file 14 "Drivers/STM32F4xx_HAL_Driver/Inc/stm32f4xx_hal_cortex.h"
 1813              		.file 15 "Core/Inc/lcd_stm32f4.h"
 1814              		.file 16 "Drivers/STM32F4xx_HAL_Driver/Inc/stm32f4xx_hal.h"
 1815              		.file 17 "<built-in>"
ARM GAS  C:\Users\Ebrahim\AppData\Local\Temp\cc0Bv0tj.s 			page 63


DEFINED SYMBOLS
                            *ABS*:00000000 main.c
C:\Users\Ebrahim\AppData\Local\Temp\cc0Bv0tj.s:21     .text.MX_GPIO_Init:00000000 $t
C:\Users\Ebrahim\AppData\Local\Temp\cc0Bv0tj.s:26     .text.MX_GPIO_Init:00000000 MX_GPIO_Init
C:\Users\Ebrahim\AppData\Local\Temp\cc0Bv0tj.s:192    .text.MX_GPIO_Init:000000d4 $d
C:\Users\Ebrahim\AppData\Local\Temp\cc0Bv0tj.s:200    .text.MX_DMA_Init:00000000 $t
C:\Users\Ebrahim\AppData\Local\Temp\cc0Bv0tj.s:205    .text.MX_DMA_Init:00000000 MX_DMA_Init
C:\Users\Ebrahim\AppData\Local\Temp\cc0Bv0tj.s:254    .text.MX_DMA_Init:00000030 $d
C:\Users\Ebrahim\AppData\Local\Temp\cc0Bv0tj.s:259    .text.EXTI0_IRQHandler:00000000 $t
C:\Users\Ebrahim\AppData\Local\Temp\cc0Bv0tj.s:265    .text.EXTI0_IRQHandler:00000000 EXTI0_IRQHandler
C:\Users\Ebrahim\AppData\Local\Temp\cc0Bv0tj.s:286    .text.Error_Handler:00000000 $t
C:\Users\Ebrahim\AppData\Local\Temp\cc0Bv0tj.s:292    .text.Error_Handler:00000000 Error_Handler
C:\Users\Ebrahim\AppData\Local\Temp\cc0Bv0tj.s:324    .text.MX_TIM2_Init:00000000 $t
C:\Users\Ebrahim\AppData\Local\Temp\cc0Bv0tj.s:329    .text.MX_TIM2_Init:00000000 MX_TIM2_Init
C:\Users\Ebrahim\AppData\Local\Temp\cc0Bv0tj.s:559    .text.MX_TIM2_Init:000000fc $d
C:\Users\Ebrahim\AppData\Local\Temp\cc0Bv0tj.s:1797   .bss.htim2:00000000 htim2
C:\Users\Ebrahim\AppData\Local\Temp\cc0Bv0tj.s:972    .data.TIM2_Ticks:00000000 TIM2_Ticks
C:\Users\Ebrahim\AppData\Local\Temp\cc0Bv0tj.s:1783   .bss.hdma_tim2_ch1:00000000 hdma_tim2_ch1
C:\Users\Ebrahim\AppData\Local\Temp\cc0Bv0tj.s:568    .text.MX_TIM3_Init:00000000 $t
C:\Users\Ebrahim\AppData\Local\Temp\cc0Bv0tj.s:573    .text.MX_TIM3_Init:00000000 MX_TIM3_Init
C:\Users\Ebrahim\AppData\Local\Temp\cc0Bv0tj.s:726    .text.MX_TIM3_Init:0000009c $d
C:\Users\Ebrahim\AppData\Local\Temp\cc0Bv0tj.s:1790   .bss.htim3:00000000 htim3
C:\Users\Ebrahim\AppData\Local\Temp\cc0Bv0tj.s:732    .text.SystemClock_Config:00000000 $t
C:\Users\Ebrahim\AppData\Local\Temp\cc0Bv0tj.s:738    .text.SystemClock_Config:00000000 SystemClock_Config
C:\Users\Ebrahim\AppData\Local\Temp\cc0Bv0tj.s:867    .text.SystemClock_Config:00000084 $d
C:\Users\Ebrahim\AppData\Local\Temp\cc0Bv0tj.s:873    .rodata.main.str1.4:00000000 $d
C:\Users\Ebrahim\AppData\Local\Temp\cc0Bv0tj.s:877    .text.main:00000000 $t
C:\Users\Ebrahim\AppData\Local\Temp\cc0Bv0tj.s:883    .text.main:00000000 main
C:\Users\Ebrahim\AppData\Local\Temp\cc0Bv0tj.s:951    .text.main:00000050 $d
C:\Users\Ebrahim\AppData\Local\Temp\cc0Bv0tj.s:1649   .data.Sine_LUT:00000000 Sine_LUT
C:\Users\Ebrahim\AppData\Local\Temp\cc0Bv0tj.s:965    .data.DestAddress:00000000 DestAddress
C:\Users\Ebrahim\AppData\Local\Temp\cc0Bv0tj.s:962    .data.DestAddress:00000000 $d
C:\Users\Ebrahim\AppData\Local\Temp\cc0Bv0tj.s:969    .data.TIM2_Ticks:00000000 $d
C:\Users\Ebrahim\AppData\Local\Temp\cc0Bv0tj.s:979    .data.Drum_LUT:00000000 Drum_LUT
C:\Users\Ebrahim\AppData\Local\Temp\cc0Bv0tj.s:976    .data.Drum_LUT:00000000 $d
C:\Users\Ebrahim\AppData\Local\Temp\cc0Bv0tj.s:1113   .data.Guitar_LUT:00000000 Guitar_LUT
C:\Users\Ebrahim\AppData\Local\Temp\cc0Bv0tj.s:1110   .data.Guitar_LUT:00000000 $d
C:\Users\Ebrahim\AppData\Local\Temp\cc0Bv0tj.s:1247   .data.Piano_LUT:00000000 Piano_LUT
C:\Users\Ebrahim\AppData\Local\Temp\cc0Bv0tj.s:1244   .data.Piano_LUT:00000000 $d
C:\Users\Ebrahim\AppData\Local\Temp\cc0Bv0tj.s:1381   .data.Triangle_LUT:00000000 Triangle_LUT
C:\Users\Ebrahim\AppData\Local\Temp\cc0Bv0tj.s:1378   .data.Triangle_LUT:00000000 $d
C:\Users\Ebrahim\AppData\Local\Temp\cc0Bv0tj.s:1515   .data.Saw_LUT:00000000 Saw_LUT
C:\Users\Ebrahim\AppData\Local\Temp\cc0Bv0tj.s:1512   .data.Saw_LUT:00000000 $d
C:\Users\Ebrahim\AppData\Local\Temp\cc0Bv0tj.s:1646   .data.Sine_LUT:00000000 $d
C:\Users\Ebrahim\AppData\Local\Temp\cc0Bv0tj.s:1780   .bss.hdma_tim2_ch1:00000000 $d
C:\Users\Ebrahim\AppData\Local\Temp\cc0Bv0tj.s:1787   .bss.htim3:00000000 $d
C:\Users\Ebrahim\AppData\Local\Temp\cc0Bv0tj.s:1794   .bss.htim2:00000000 $d

UNDEFINED SYMBOLS
HAL_GPIO_Init
HAL_GPIO_WritePin
HAL_NVIC_SetPriority
HAL_NVIC_EnableIRQ
HAL_GPIO_EXTI_IRQHandler
HAL_TIM_Base_Init
HAL_TIM_ConfigClockSource
HAL_TIM_OC_Init
ARM GAS  C:\Users\Ebrahim\AppData\Local\Temp\cc0Bv0tj.s 			page 64


HAL_TIMEx_MasterConfigSynchronization
HAL_TIM_OC_ConfigChannel
HAL_DMA_Init
HAL_TIM_PWM_Init
HAL_TIM_PWM_ConfigChannel
HAL_TIM_MspPostInit
memset
HAL_RCC_OscConfig
HAL_RCC_ClockConfig
HAL_Init
init_LCD
HAL_TIM_PWM_Start
HAL_TIM_OC_Start
HAL_DMA_Start_IT
lcd_putstring
