ARM GAS  C:\Users\Ebrahim\AppData\Local\Temp\ccXJohbJ.s 			page 1


   1              		.cpu cortex-m4
   2              		.arch armv7e-m
   3              		.fpu softvfp
   4              		.eabi_attribute 20, 1
   5              		.eabi_attribute 21, 1
   6              		.eabi_attribute 23, 3
   7              		.eabi_attribute 24, 1
   8              		.eabi_attribute 25, 1
   9              		.eabi_attribute 26, 1
  10              		.eabi_attribute 30, 1
  11              		.eabi_attribute 34, 1
  12              		.eabi_attribute 18, 4
  13              		.file	"main.c"
  14              		.text
  15              	.Ltext0:
  16              		.cfi_sections	.debug_frame
  17              		.file 1 "Core/Src/main.c"
  18              		.section	.text.DWT_Init,"ax",%progbits
  19              		.align	1
  20              		.syntax unified
  21              		.thumb
  22              		.thumb_func
  24              	DWT_Init:
  25              	.LFB140:
   1:Core/Src/main.c **** /* USER CODE BEGIN Header */
   2:Core/Src/main.c **** /**
   3:Core/Src/main.c ****   ******************************************************************************
   4:Core/Src/main.c ****   * @file           : main.c
   5:Core/Src/main.c ****   * @brief          : Main program body
   6:Core/Src/main.c ****   ******************************************************************************
   7:Core/Src/main.c ****   * @attention
   8:Core/Src/main.c ****   *
   9:Core/Src/main.c ****   * Copyright (c) 2025 STMicroelectronics.
  10:Core/Src/main.c ****   * All rights reserved.
  11:Core/Src/main.c ****   *
  12:Core/Src/main.c ****   * This software is licensed under terms that can be found in the LICENSE file
  13:Core/Src/main.c ****   * in the root directory of this software component.
  14:Core/Src/main.c ****   * If no LICENSE file comes with this software, it is provided AS-IS.
  15:Core/Src/main.c ****   *
  16:Core/Src/main.c ****   ******************************************************************************
  17:Core/Src/main.c ****   */
  18:Core/Src/main.c **** /* USER CODE END Header */
  19:Core/Src/main.c **** /* Includes ------------------------------------------------------------------*/
  20:Core/Src/main.c **** #include "main.h"
  21:Core/Src/main.c **** 
  22:Core/Src/main.c **** /* Private includes ----------------------------------------------------------*/
  23:Core/Src/main.c **** /* USER CODE BEGIN Includes */
  24:Core/Src/main.c **** #include <stdint.h>
  25:Core/Src/main.c **** #include "stm32f4xx.h"
  26:Core/Src/main.c **** //#include <lcd_stm32f0.c>
  27:Core/Src/main.c **** #include <stdlib.h>
  28:Core/Src/main.c **** 
  29:Core/Src/main.c **** /* USER CODE END Includes */
  30:Core/Src/main.c **** 
  31:Core/Src/main.c **** /* Private typedef -----------------------------------------------------------*/
  32:Core/Src/main.c **** /* USER CODE BEGIN PTD */
  33:Core/Src/main.c **** #define MAX_ITER 100
ARM GAS  C:\Users\Ebrahim\AppData\Local\Temp\ccXJohbJ.s 			page 2


  34:Core/Src/main.c **** #define SCALE 100
  35:Core/Src/main.c **** 
  36:Core/Src/main.c **** 
  37:Core/Src/main.c **** /* USER CODE END PTD */
  38:Core/Src/main.c **** 
  39:Core/Src/main.c **** /* Private define ------------------------------------------------------------*/
  40:Core/Src/main.c **** /* USER CODE BEGIN PD */
  41:Core/Src/main.c **** 
  42:Core/Src/main.c **** /* USER CODE END PD */
  43:Core/Src/main.c **** 
  44:Core/Src/main.c **** /* Private macro -------------------------------------------------------------*/
  45:Core/Src/main.c **** /* USER CODE BEGIN PM */
  46:Core/Src/main.c **** 
  47:Core/Src/main.c **** /* USER CODE END PM */
  48:Core/Src/main.c **** 
  49:Core/Src/main.c **** /* Private variables ---------------------------------------------------------*/
  50:Core/Src/main.c **** 
  51:Core/Src/main.c **** /* USER CODE BEGIN PV */
  52:Core/Src/main.c **** //TODO: Define variables you think you might need
  53:Core/Src/main.c **** // - Performance timing variables (e.g execution time, throughput, pixels per second, clock cycles)
  54:Core/Src/main.c **** int dim[] = {128, 160, 192, 224, 256};
  55:Core/Src/main.c **** uint32_t  start_time=0, end_time=0, execution_time=0;
  56:Core/Src/main.c **** uint64_t check_sum=0;
  57:Core/Src/main.c **** uint64_t checksums[5];
  58:Core/Src/main.c **** uint32_t exec_times[5];
  59:Core/Src/main.c **** 
  60:Core/Src/main.c **** uint32_t cycle_counts[5];
  61:Core/Src/main.c **** double time_secs[5];          // seconds for each image size
  62:Core/Src/main.c **** double throughput_pxps[5];  // pixels per second for each image size
  63:Core/Src/main.c **** /* USER CODE END PV */
  64:Core/Src/main.c **** 
  65:Core/Src/main.c **** /* Private function prototypes -----------------------------------------------*/
  66:Core/Src/main.c **** void SystemClock_Config(void);
  67:Core/Src/main.c **** static void MX_GPIO_Init(void);
  68:Core/Src/main.c **** /* USER CODE BEGIN PFP */
  69:Core/Src/main.c **** //TODO: Define any function prototypes you might need such as the calculate Mandelbrot function amo
  70:Core/Src/main.c **** uint64_t calculate_mandelbrot_fixed_point_arithmetic(int width, int height, int max_iterations);
  71:Core/Src/main.c **** uint64_t calculate_mandelbrot_double(int width, int height, int max_iterations);
  72:Core/Src/main.c **** uint64_t calculate_mandelbrot_float(int width, int height, int max_iterations);
  73:Core/Src/main.c **** 
  74:Core/Src/main.c **** static void DWT_Init(void);
  75:Core/Src/main.c **** static void DWT_Reset(void);
  76:Core/Src/main.c **** static uint32_t DWT_GetCycles(void);
  77:Core/Src/main.c **** 
  78:Core/Src/main.c **** 
  79:Core/Src/main.c **** /* USER CODE END PFP */
  80:Core/Src/main.c **** 
  81:Core/Src/main.c **** /* Private user code ---------------------------------------------------------*/
  82:Core/Src/main.c **** /* USER CODE BEGIN 0 */
  83:Core/Src/main.c **** 
  84:Core/Src/main.c **** /* USER CODE END 0 */
  85:Core/Src/main.c **** 
  86:Core/Src/main.c **** /**
  87:Core/Src/main.c ****   * @brief  The application entry point.
  88:Core/Src/main.c ****   * @retval int
  89:Core/Src/main.c ****   */
  90:Core/Src/main.c **** int main(void)
ARM GAS  C:\Users\Ebrahim\AppData\Local\Temp\ccXJohbJ.s 			page 3


  91:Core/Src/main.c **** {
  92:Core/Src/main.c **** 
  93:Core/Src/main.c ****   /* USER CODE BEGIN 1 */
  94:Core/Src/main.c **** 
  95:Core/Src/main.c ****   /* USER CODE END 1 */
  96:Core/Src/main.c **** 
  97:Core/Src/main.c ****   /* MCU Configuration--------------------------------------------------------*/
  98:Core/Src/main.c **** 
  99:Core/Src/main.c ****   /* Reset of all peripherals, Initializes the Flash interface and the Systick. */
 100:Core/Src/main.c ****   HAL_Init();
 101:Core/Src/main.c **** 
 102:Core/Src/main.c ****   /* USER CODE BEGIN Init */
 103:Core/Src/main.c ****   DWT_Init();
 104:Core/Src/main.c ****   /* USER CODE END Init */
 105:Core/Src/main.c **** 
 106:Core/Src/main.c ****   /* Configure the system clock */
 107:Core/Src/main.c ****   SystemClock_Config();
 108:Core/Src/main.c **** 
 109:Core/Src/main.c ****   /* USER CODE BEGIN SysInit */
 110:Core/Src/main.c **** 
 111:Core/Src/main.c ****   /* USER CODE END SysInit */
 112:Core/Src/main.c **** 
 113:Core/Src/main.c ****   /* Initialize all configured peripherals */
 114:Core/Src/main.c ****   MX_GPIO_Init();
 115:Core/Src/main.c ****   SCB->CPACR |= (0xF << 20);
 116:Core/Src/main.c ****   /* USER CODE BEGIN 2 */
 117:Core/Src/main.c **** 
 118:Core/Src/main.c ****   /* USER CODE END 2 */
 119:Core/Src/main.c **** 
 120:Core/Src/main.c ****   /* Infinite loop */
 121:Core/Src/main.c ****   /* USER CODE BEGIN WHILE */
 122:Core/Src/main.c ****   while (1)
 123:Core/Src/main.c ****   {
 124:Core/Src/main.c ****     /* USER CODE END WHILE */
 125:Core/Src/main.c **** 
 126:Core/Src/main.c ****     /* USER CODE BEGIN 3 */
 127:Core/Src/main.c **** 	  //TODO: Visual indicator: Turn on LED0 to signal processing start
 128:Core/Src/main.c **** 	  HAL_GPIO_WritePin(GPIOB, GPIO_PIN_0, GPIO_PIN_SET);
 129:Core/Src/main.c **** 
 130:Core/Src/main.c **** 	  //TODO: Benchmark and Profile Performance
 131:Core/Src/main.c **** 	  const int num_sizes = sizeof(dim) / sizeof(dim[0]);
 132:Core/Src/main.c **** 
 133:Core/Src/main.c **** 	        // Arrays to hold results for viewing in debugger
 134:Core/Src/main.c **** 
 135:Core/Src/main.c **** 	  for (int i = 0; i < num_sizes; i++)
 136:Core/Src/main.c **** 	  	  	  {
 137:Core/Src/main.c **** 	  	  		DWT_Reset();
 138:Core/Src/main.c **** 	  	  		  uint32_t start_cycles = DWT_GetCycles();
 139:Core/Src/main.c **** 
 140:Core/Src/main.c **** 	  	  		  start_time = HAL_GetTick();
 141:Core/Src/main.c **** 	  	  		  check_sum = calculate_mandelbrot_float(dim[i], dim[i], MAX_ITER);
 142:Core/Src/main.c **** 	  	  		  end_time = HAL_GetTick();
 143:Core/Src/main.c **** 	  	  		  execution_time = end_time - start_time;
 144:Core/Src/main.c **** 
 145:Core/Src/main.c **** 	  	  		  uint32_t stop_cycles = DWT_GetCycles();
 146:Core/Src/main.c **** 	  	  		  uint32_t cycle_diff = stop_cycles - start_cycles;
 147:Core/Src/main.c **** 
ARM GAS  C:\Users\Ebrahim\AppData\Local\Temp\ccXJohbJ.s 			page 4


 148:Core/Src/main.c **** 
 149:Core/Src/main.c **** 	  	  		  double time_s = (double)cycle_diff / 120e6;
 150:Core/Src/main.c **** 	  	  		  double throughput = (double)(dim[i] * dim[i]) / time_s;
 151:Core/Src/main.c **** 
 152:Core/Src/main.c **** 	  	  		  checksums[i]     = check_sum;
 153:Core/Src/main.c **** 	  	  		  exec_times[i]    = execution_time;  // ms from HAL_GetTick()
 154:Core/Src/main.c **** 	  	  		  cycle_counts[i]  = cycle_diff;      // raw CPU cycles
 155:Core/Src/main.c **** 	  	  		  time_secs[i]     = time_s;          // seconds
 156:Core/Src/main.c **** 	  	  		  throughput_pxps[i] = throughput;    // pixels per second
 157:Core/Src/main.c **** 	  	  	  }
 158:Core/Src/main.c **** 
 159:Core/Src/main.c **** 	  //TODO: Keep the LEDs ON for 2s
 160:Core/Src/main.c **** 	  HAL_Delay(2000);
 161:Core/Src/main.c **** 	  //TODO: Turn OFF LEDs
 162:Core/Src/main.c **** 	  HAL_GPIO_WritePin(GPIOB, GPIO_PIN_0, GPIO_PIN_RESET);
 163:Core/Src/main.c ****   }
 164:Core/Src/main.c ****   /* USER CODE END 3 */
 165:Core/Src/main.c **** }
 166:Core/Src/main.c **** 
 167:Core/Src/main.c **** /**
 168:Core/Src/main.c ****   * @brief System Clock Configuration
 169:Core/Src/main.c ****   * @retval None
 170:Core/Src/main.c ****   */
 171:Core/Src/main.c **** void SystemClock_Config(void)
 172:Core/Src/main.c **** {
 173:Core/Src/main.c ****   RCC_OscInitTypeDef RCC_OscInitStruct = {0};
 174:Core/Src/main.c ****   RCC_ClkInitTypeDef RCC_ClkInitStruct = {0};
 175:Core/Src/main.c **** 
 176:Core/Src/main.c ****   /** Configure the main internal regulator output voltage
 177:Core/Src/main.c ****   */
 178:Core/Src/main.c ****   __HAL_RCC_PWR_CLK_ENABLE();
 179:Core/Src/main.c ****   __HAL_PWR_VOLTAGESCALING_CONFIG(PWR_REGULATOR_VOLTAGE_SCALE3);
 180:Core/Src/main.c **** 
 181:Core/Src/main.c ****   /** Initializes the RCC Oscillators according to the specified parameters
 182:Core/Src/main.c ****   * in the RCC_OscInitTypeDef structure.
 183:Core/Src/main.c ****   */
 184:Core/Src/main.c ****   RCC_OscInitStruct.OscillatorType = RCC_OSCILLATORTYPE_HSE;
 185:Core/Src/main.c ****   RCC_OscInitStruct.HSEState = RCC_HSE_ON;
 186:Core/Src/main.c ****   RCC_OscInitStruct.PLL.PLLState = RCC_PLL_ON;
 187:Core/Src/main.c ****   RCC_OscInitStruct.PLL.PLLSource = RCC_PLLSOURCE_HSE;
 188:Core/Src/main.c ****   RCC_OscInitStruct.PLL.PLLM = 15;
 189:Core/Src/main.c ****   RCC_OscInitStruct.PLL.PLLN = 144;
 190:Core/Src/main.c ****   RCC_OscInitStruct.PLL.PLLP = RCC_PLLP_DIV2;
 191:Core/Src/main.c ****   RCC_OscInitStruct.PLL.PLLQ = 2;
 192:Core/Src/main.c ****   RCC_OscInitStruct.PLL.PLLR = 2;
 193:Core/Src/main.c ****   if (HAL_RCC_OscConfig(&RCC_OscInitStruct) != HAL_OK)
 194:Core/Src/main.c ****   {
 195:Core/Src/main.c ****     Error_Handler();
 196:Core/Src/main.c ****   }
 197:Core/Src/main.c **** 
 198:Core/Src/main.c ****   /** Initializes the CPU, AHB and APB buses clocks
 199:Core/Src/main.c ****   */
 200:Core/Src/main.c ****   RCC_ClkInitStruct.ClockType = RCC_CLOCKTYPE_HCLK|RCC_CLOCKTYPE_SYSCLK
 201:Core/Src/main.c ****                               |RCC_CLOCKTYPE_PCLK1|RCC_CLOCKTYPE_PCLK2;
 202:Core/Src/main.c ****   RCC_ClkInitStruct.SYSCLKSource = RCC_SYSCLKSOURCE_PLLCLK;
 203:Core/Src/main.c ****   RCC_ClkInitStruct.AHBCLKDivider = RCC_SYSCLK_DIV1;
 204:Core/Src/main.c ****   RCC_ClkInitStruct.APB1CLKDivider = RCC_HCLK_DIV4;
ARM GAS  C:\Users\Ebrahim\AppData\Local\Temp\ccXJohbJ.s 			page 5


 205:Core/Src/main.c ****   RCC_ClkInitStruct.APB2CLKDivider = RCC_HCLK_DIV2;
 206:Core/Src/main.c **** 
 207:Core/Src/main.c ****   if (HAL_RCC_ClockConfig(&RCC_ClkInitStruct, FLASH_LATENCY_3) != HAL_OK)
 208:Core/Src/main.c ****   {
 209:Core/Src/main.c ****     Error_Handler();
 210:Core/Src/main.c ****   }
 211:Core/Src/main.c **** }
 212:Core/Src/main.c **** 
 213:Core/Src/main.c **** /**
 214:Core/Src/main.c ****   * @brief GPIO Initialization Function
 215:Core/Src/main.c ****   * @param None
 216:Core/Src/main.c ****   * @retval None
 217:Core/Src/main.c ****   */
 218:Core/Src/main.c **** static void MX_GPIO_Init(void)
 219:Core/Src/main.c **** {
 220:Core/Src/main.c ****   GPIO_InitTypeDef GPIO_InitStruct = {0};
 221:Core/Src/main.c ****   /* USER CODE BEGIN MX_GPIO_Init_1 */
 222:Core/Src/main.c **** 
 223:Core/Src/main.c ****   /* USER CODE END MX_GPIO_Init_1 */
 224:Core/Src/main.c **** 
 225:Core/Src/main.c ****   /* GPIO Ports Clock Enable */
 226:Core/Src/main.c ****   __HAL_RCC_GPIOC_CLK_ENABLE();
 227:Core/Src/main.c ****   __HAL_RCC_GPIOH_CLK_ENABLE();
 228:Core/Src/main.c ****   __HAL_RCC_GPIOB_CLK_ENABLE();
 229:Core/Src/main.c **** 
 230:Core/Src/main.c ****   /*Configure GPIO pin Output Level */
 231:Core/Src/main.c ****   HAL_GPIO_WritePin(GPIOB, GPIO_PIN_0|GPIO_PIN_1|GPIO_PIN_2|GPIO_PIN_3
 232:Core/Src/main.c ****                           |GPIO_PIN_4|GPIO_PIN_5|GPIO_PIN_6|GPIO_PIN_7, GPIO_PIN_RESET);
 233:Core/Src/main.c **** 
 234:Core/Src/main.c ****   /*Configure GPIO pins : PB0 PB1 PB2 PB3
 235:Core/Src/main.c ****                            PB4 PB5 PB6 PB7 */
 236:Core/Src/main.c ****   GPIO_InitStruct.Pin = GPIO_PIN_0|GPIO_PIN_1|GPIO_PIN_2|GPIO_PIN_3
 237:Core/Src/main.c ****                           |GPIO_PIN_4|GPIO_PIN_5|GPIO_PIN_6|GPIO_PIN_7;
 238:Core/Src/main.c ****   GPIO_InitStruct.Mode = GPIO_MODE_OUTPUT_PP;
 239:Core/Src/main.c ****   GPIO_InitStruct.Pull = GPIO_NOPULL;
 240:Core/Src/main.c ****   GPIO_InitStruct.Speed = GPIO_SPEED_FREQ_LOW;
 241:Core/Src/main.c ****   HAL_GPIO_Init(GPIOB, &GPIO_InitStruct);
 242:Core/Src/main.c **** 
 243:Core/Src/main.c ****   /* USER CODE BEGIN MX_GPIO_Init_2 */
 244:Core/Src/main.c **** 
 245:Core/Src/main.c ****   /* USER CODE END MX_GPIO_Init_2 */
 246:Core/Src/main.c **** }
 247:Core/Src/main.c **** 
 248:Core/Src/main.c **** /* USER CODE BEGIN 4 */
 249:Core/Src/main.c **** //TODO: Function signatures you defined previously , implement them here
 250:Core/Src/main.c **** 
 251:Core/Src/main.c **** uint64_t calculate_mandelbrot_fixed_point_arithmetic(int width, int height, int max_iterations){
 252:Core/Src/main.c ****   uint64_t mandelbrot_sum = 0;
 253:Core/Src/main.c ****     //TODO: Complete the function implementation
 254:Core/Src/main.c **** 
 255:Core/Src/main.c ****   for (int y = 0; y < height; y++){
 256:Core/Src/main.c **** 	  for (int x = 0; x < width; x++){
 257:Core/Src/main.c **** 		  // Convert to fixed-point coordinates
 258:Core/Src/main.c **** 		  // x0 = (x/width) * 3.5 - 2.5
 259:Core/Src/main.c **** 		  int64_t x0 = ((int64_t)x * 3500000 / width) - 2500000;
 260:Core/Src/main.c **** 		  // y0 = (y/height) * 2.0 - 1.0
 261:Core/Src/main.c **** 		  int64_t y0 = ((int64_t)y * 2000000 / height) - 1000000;
ARM GAS  C:\Users\Ebrahim\AppData\Local\Temp\ccXJohbJ.s 			page 6


 262:Core/Src/main.c **** 		  int64_t xi = 0, yi =0;
 263:Core/Src/main.c **** 		  int iter = 0;
 264:Core/Src/main.c **** 
 265:Core/Src/main.c **** 		  while (iter< max_iterations){
 266:Core/Src/main.c **** 			  int64_t xi2 = (xi*xi)/SCALE;
 267:Core/Src/main.c **** 			  int64_t yi2 = (yi*yi)/SCALE;
 268:Core/Src/main.c **** 
 269:Core/Src/main.c **** 			  if (xi2 + yi2 > 4 * SCALE) {
 270:Core/Src/main.c ****                   break;
 271:Core/Src/main.c ****               }
 272:Core/Src/main.c **** 
 273:Core/Src/main.c **** 
 274:Core/Src/main.c **** 			  int64_t temp = xi2-yi2;
 275:Core/Src/main.c **** 			  yi = (2*xi*yi)/SCALE+y0;
 276:Core/Src/main.c **** 			  xi = temp + x0;
 277:Core/Src/main.c **** 			  iter++;
 278:Core/Src/main.c **** 		  }
 279:Core/Src/main.c **** 		  mandelbrot_sum = mandelbrot_sum + iter;
 280:Core/Src/main.c **** 
 281:Core/Src/main.c **** 	  }
 282:Core/Src/main.c ****   }
 283:Core/Src/main.c **** 
 284:Core/Src/main.c ****     return mandelbrot_sum;
 285:Core/Src/main.c **** 
 286:Core/Src/main.c **** }
 287:Core/Src/main.c **** 
 288:Core/Src/main.c **** uint64_t calculate_mandelbrot_float(int width, int height, int max_iterations){
 289:Core/Src/main.c ****   uint64_t mandelbrot_sum = 0;
 290:Core/Src/main.c ****     //TODO: Complete the function implementation
 291:Core/Src/main.c **** 
 292:Core/Src/main.c ****   for (int y = 0; y < height; y++){
 293:Core/Src/main.c **** 	  for (int x = 0; x < width; x++){
 294:Core/Src/main.c **** 		  // Convert to fixed-point coordinates
 295:Core/Src/main.c **** 		  // x0 = (x/width) * 3.5 - 2.5
 296:Core/Src/main.c **** 		  float x0 = ((float)x / width) * 3.5f - 2.5f;
 297:Core/Src/main.c **** 		  float y0 = ((float)y / height) * 2.0f - 1.0f;
 298:Core/Src/main.c **** 		  float xi = 0.0f, yi = 0.0f;
 299:Core/Src/main.c **** 		  int iter = 0;
 300:Core/Src/main.c **** 
 301:Core/Src/main.c **** 		  while (iter< max_iterations){
 302:Core/Src/main.c **** 			  float xi2 = (xi*xi);
 303:Core/Src/main.c **** 			  float yi2 = (yi*yi);
 304:Core/Src/main.c **** 
 305:Core/Src/main.c **** 			  if (xi2 + yi2 > 4.0f) {
 306:Core/Src/main.c ****                   break;
 307:Core/Src/main.c ****               }
 308:Core/Src/main.c **** 
 309:Core/Src/main.c **** 			  float temp = xi2 - yi2;
 310:Core/Src/main.c **** 			  yi = 2.0f * xi * yi + y0;
 311:Core/Src/main.c **** 			  xi = temp + x0;
 312:Core/Src/main.c **** 			  iter++;
 313:Core/Src/main.c **** 		  }
 314:Core/Src/main.c **** 		  mandelbrot_sum = mandelbrot_sum + iter;
 315:Core/Src/main.c **** 
 316:Core/Src/main.c **** 	  }
 317:Core/Src/main.c ****   }
 318:Core/Src/main.c **** 
ARM GAS  C:\Users\Ebrahim\AppData\Local\Temp\ccXJohbJ.s 			page 7


 319:Core/Src/main.c ****     return mandelbrot_sum;
 320:Core/Src/main.c **** 
 321:Core/Src/main.c **** }
 322:Core/Src/main.c **** 
 323:Core/Src/main.c **** uint64_t calculate_mandelbrot_double(int width, int height, int max_iterations)
 324:Core/Src/main.c **** {
 325:Core/Src/main.c ****     uint64_t mandelbrot_sum = 0;
 326:Core/Src/main.c ****     //TODO: Complete the function implementation
 327:Core/Src/main.c **** 
 328:Core/Src/main.c ****     for (int y = 0; y < height; y++)
 329:Core/Src/main.c ****     {
 330:Core/Src/main.c ****     	for (int x = 0; x < width ; x++)
 331:Core/Src/main.c ****     	{
 332:Core/Src/main.c ****     		double x_0 = ((double)x/width)*3.5 - 2.5;
 333:Core/Src/main.c ****     		double y_0 = (double)y/height * 2.0 - 1.0;
 334:Core/Src/main.c **** 
 335:Core/Src/main.c ****     		double x_i = 0;
 336:Core/Src/main.c ****     		double y_i = 0;
 337:Core/Src/main.c ****     		int iteration = 0;
 338:Core/Src/main.c **** 
 339:Core/Src/main.c **** 
 340:Core/Src/main.c ****     		while (iteration < max_iterations)
 341:Core/Src/main.c ****     		{
 342:Core/Src/main.c **** 
 343:Core/Src/main.c ****     			double x_i_sq = x_i*x_i;
 344:Core/Src/main.c ****     			double y_i_sq = y_i*y_i;
 345:Core/Src/main.c **** 
 346:Core/Src/main.c ****     			if(x_i_sq + y_i_sq > 4.0)
 347:Core/Src/main.c ****     			{
 348:Core/Src/main.c ****     				break;
 349:Core/Src/main.c ****     			}
 350:Core/Src/main.c ****     			double temp  = x_i_sq - y_i_sq;
 351:Core/Src/main.c ****     			y_i = 2.0*x_i*y_i + y_0;
 352:Core/Src/main.c **** 
 353:Core/Src/main.c ****     			x_i = temp + x_0;
 354:Core/Src/main.c **** 
 355:Core/Src/main.c ****     			iteration = iteration +1;
 356:Core/Src/main.c **** 
 357:Core/Src/main.c ****     		}
 358:Core/Src/main.c **** 
 359:Core/Src/main.c ****     		mandelbrot_sum = mandelbrot_sum + iteration;
 360:Core/Src/main.c **** 
 361:Core/Src/main.c ****     	}
 362:Core/Src/main.c ****     }
 363:Core/Src/main.c ****     //checksum = mandelbrot_sum;
 364:Core/Src/main.c ****     return mandelbrot_sum;
 365:Core/Src/main.c **** }
 366:Core/Src/main.c **** 
 367:Core/Src/main.c **** static void DWT_Init(void)
 368:Core/Src/main.c **** {
  26              		.loc 1 368 1 view -0
  27              		.cfi_startproc
  28              		@ args = 0, pretend = 0, frame = 0
  29              		@ frame_needed = 0, uses_anonymous_args = 0
  30              		@ link register save eliminated.
 369:Core/Src/main.c **** 
 370:Core/Src/main.c ****     CoreDebug->DEMCR |= CoreDebug_DEMCR_TRCENA_Msk;
ARM GAS  C:\Users\Ebrahim\AppData\Local\Temp\ccXJohbJ.s 			page 8


  31              		.loc 1 370 5 view .LVU1
  32              		.loc 1 370 14 is_stmt 0 view .LVU2
  33 0000 074A     		ldr	r2, .L2
  34 0002 D2F8FC30 		ldr	r3, [r2, #252]
  35              		.loc 1 370 22 view .LVU3
  36 0006 43F08073 		orr	r3, r3, #16777216
  37 000a C2F8FC30 		str	r3, [r2, #252]
 371:Core/Src/main.c ****     DWT->CYCCNT = 0;
  38              		.loc 1 371 5 is_stmt 1 view .LVU4
  39              		.loc 1 371 17 is_stmt 0 view .LVU5
  40 000e 054B     		ldr	r3, .L2+4
  41 0010 0022     		movs	r2, #0
  42 0012 5A60     		str	r2, [r3, #4]
 372:Core/Src/main.c ****     DWT->CTRL |= DWT_CTRL_CYCCNTENA_Msk;
  43              		.loc 1 372 5 is_stmt 1 view .LVU6
  44              		.loc 1 372 8 is_stmt 0 view .LVU7
  45 0014 1A68     		ldr	r2, [r3]
  46              		.loc 1 372 15 view .LVU8
  47 0016 42F00102 		orr	r2, r2, #1
  48 001a 1A60     		str	r2, [r3]
 373:Core/Src/main.c **** }
  49              		.loc 1 373 1 view .LVU9
  50 001c 7047     		bx	lr
  51              	.L3:
  52 001e 00BF     		.align	2
  53              	.L2:
  54 0020 00ED00E0 		.word	-536810240
  55 0024 001000E0 		.word	-536866816
  56              		.cfi_endproc
  57              	.LFE140:
  59              		.section	.text.DWT_GetCycles,"ax",%progbits
  60              		.align	1
  61              		.syntax unified
  62              		.thumb
  63              		.thumb_func
  65              	DWT_GetCycles:
  66              	.LFB141:
 374:Core/Src/main.c **** 
 375:Core/Src/main.c **** static uint32_t DWT_GetCycles(void)
 376:Core/Src/main.c **** {
  67              		.loc 1 376 1 is_stmt 1 view -0
  68              		.cfi_startproc
  69              		@ args = 0, pretend = 0, frame = 0
  70              		@ frame_needed = 0, uses_anonymous_args = 0
  71              		@ link register save eliminated.
 377:Core/Src/main.c ****     return DWT->CYCCNT;
  72              		.loc 1 377 5 view .LVU11
  73              		.loc 1 377 15 is_stmt 0 view .LVU12
  74 0000 014B     		ldr	r3, .L5
  75 0002 5868     		ldr	r0, [r3, #4]
 378:Core/Src/main.c **** }
  76              		.loc 1 378 1 view .LVU13
  77 0004 7047     		bx	lr
  78              	.L6:
  79 0006 00BF     		.align	2
  80              	.L5:
  81 0008 001000E0 		.word	-536866816
ARM GAS  C:\Users\Ebrahim\AppData\Local\Temp\ccXJohbJ.s 			page 9


  82              		.cfi_endproc
  83              	.LFE141:
  85              		.section	.text.DWT_Reset,"ax",%progbits
  86              		.align	1
  87              		.syntax unified
  88              		.thumb
  89              		.thumb_func
  91              	DWT_Reset:
  92              	.LFB142:
 379:Core/Src/main.c **** 
 380:Core/Src/main.c **** static void DWT_Reset(void)
 381:Core/Src/main.c **** {
  93              		.loc 1 381 1 is_stmt 1 view -0
  94              		.cfi_startproc
  95              		@ args = 0, pretend = 0, frame = 0
  96              		@ frame_needed = 0, uses_anonymous_args = 0
  97              		@ link register save eliminated.
 382:Core/Src/main.c ****     DWT->CYCCNT = 0;
  98              		.loc 1 382 5 view .LVU15
  99              		.loc 1 382 17 is_stmt 0 view .LVU16
 100 0000 014B     		ldr	r3, .L8
 101 0002 0022     		movs	r2, #0
 102 0004 5A60     		str	r2, [r3, #4]
 383:Core/Src/main.c **** }
 103              		.loc 1 383 1 view .LVU17
 104 0006 7047     		bx	lr
 105              	.L9:
 106              		.align	2
 107              	.L8:
 108 0008 001000E0 		.word	-536866816
 109              		.cfi_endproc
 110              	.LFE142:
 112              		.section	.text.MX_GPIO_Init,"ax",%progbits
 113              		.align	1
 114              		.syntax unified
 115              		.thumb
 116              		.thumb_func
 118              	MX_GPIO_Init:
 119              	.LFB136:
 219:Core/Src/main.c ****   GPIO_InitTypeDef GPIO_InitStruct = {0};
 120              		.loc 1 219 1 is_stmt 1 view -0
 121              		.cfi_startproc
 122              		@ args = 0, pretend = 0, frame = 32
 123              		@ frame_needed = 0, uses_anonymous_args = 0
 124 0000 30B5     		push	{r4, r5, lr}
 125              	.LCFI0:
 126              		.cfi_def_cfa_offset 12
 127              		.cfi_offset 4, -12
 128              		.cfi_offset 5, -8
 129              		.cfi_offset 14, -4
 130 0002 89B0     		sub	sp, sp, #36
 131              	.LCFI1:
 132              		.cfi_def_cfa_offset 48
 220:Core/Src/main.c ****   /* USER CODE BEGIN MX_GPIO_Init_1 */
 133              		.loc 1 220 3 view .LVU19
 220:Core/Src/main.c ****   /* USER CODE BEGIN MX_GPIO_Init_1 */
 134              		.loc 1 220 20 is_stmt 0 view .LVU20
ARM GAS  C:\Users\Ebrahim\AppData\Local\Temp\ccXJohbJ.s 			page 10


 135 0004 0024     		movs	r4, #0
 136 0006 0394     		str	r4, [sp, #12]
 137 0008 0494     		str	r4, [sp, #16]
 138 000a 0594     		str	r4, [sp, #20]
 139 000c 0694     		str	r4, [sp, #24]
 140 000e 0794     		str	r4, [sp, #28]
 226:Core/Src/main.c ****   __HAL_RCC_GPIOH_CLK_ENABLE();
 141              		.loc 1 226 3 is_stmt 1 view .LVU21
 142              	.LBB4:
 226:Core/Src/main.c ****   __HAL_RCC_GPIOH_CLK_ENABLE();
 143              		.loc 1 226 3 view .LVU22
 144 0010 0094     		str	r4, [sp]
 226:Core/Src/main.c ****   __HAL_RCC_GPIOH_CLK_ENABLE();
 145              		.loc 1 226 3 view .LVU23
 146 0012 184B     		ldr	r3, .L12
 147 0014 1A6B     		ldr	r2, [r3, #48]
 148 0016 42F00402 		orr	r2, r2, #4
 149 001a 1A63     		str	r2, [r3, #48]
 226:Core/Src/main.c ****   __HAL_RCC_GPIOH_CLK_ENABLE();
 150              		.loc 1 226 3 view .LVU24
 151 001c 1A6B     		ldr	r2, [r3, #48]
 152 001e 02F00402 		and	r2, r2, #4
 153 0022 0092     		str	r2, [sp]
 226:Core/Src/main.c ****   __HAL_RCC_GPIOH_CLK_ENABLE();
 154              		.loc 1 226 3 view .LVU25
 155 0024 009A     		ldr	r2, [sp]
 156              	.LBE4:
 226:Core/Src/main.c ****   __HAL_RCC_GPIOH_CLK_ENABLE();
 157              		.loc 1 226 3 view .LVU26
 227:Core/Src/main.c ****   __HAL_RCC_GPIOB_CLK_ENABLE();
 158              		.loc 1 227 3 view .LVU27
 159              	.LBB5:
 227:Core/Src/main.c ****   __HAL_RCC_GPIOB_CLK_ENABLE();
 160              		.loc 1 227 3 view .LVU28
 161 0026 0194     		str	r4, [sp, #4]
 227:Core/Src/main.c ****   __HAL_RCC_GPIOB_CLK_ENABLE();
 162              		.loc 1 227 3 view .LVU29
 163 0028 1A6B     		ldr	r2, [r3, #48]
 164 002a 42F08002 		orr	r2, r2, #128
 165 002e 1A63     		str	r2, [r3, #48]
 227:Core/Src/main.c ****   __HAL_RCC_GPIOB_CLK_ENABLE();
 166              		.loc 1 227 3 view .LVU30
 167 0030 1A6B     		ldr	r2, [r3, #48]
 168 0032 02F08002 		and	r2, r2, #128
 169 0036 0192     		str	r2, [sp, #4]
 227:Core/Src/main.c ****   __HAL_RCC_GPIOB_CLK_ENABLE();
 170              		.loc 1 227 3 view .LVU31
 171 0038 019A     		ldr	r2, [sp, #4]
 172              	.LBE5:
 227:Core/Src/main.c ****   __HAL_RCC_GPIOB_CLK_ENABLE();
 173              		.loc 1 227 3 view .LVU32
 228:Core/Src/main.c **** 
 174              		.loc 1 228 3 view .LVU33
 175              	.LBB6:
 228:Core/Src/main.c **** 
 176              		.loc 1 228 3 view .LVU34
 177 003a 0294     		str	r4, [sp, #8]
ARM GAS  C:\Users\Ebrahim\AppData\Local\Temp\ccXJohbJ.s 			page 11


 228:Core/Src/main.c **** 
 178              		.loc 1 228 3 view .LVU35
 179 003c 1A6B     		ldr	r2, [r3, #48]
 180 003e 42F00202 		orr	r2, r2, #2
 181 0042 1A63     		str	r2, [r3, #48]
 228:Core/Src/main.c **** 
 182              		.loc 1 228 3 view .LVU36
 183 0044 1B6B     		ldr	r3, [r3, #48]
 184 0046 03F00203 		and	r3, r3, #2
 185 004a 0293     		str	r3, [sp, #8]
 228:Core/Src/main.c **** 
 186              		.loc 1 228 3 view .LVU37
 187 004c 029B     		ldr	r3, [sp, #8]
 188              	.LBE6:
 228:Core/Src/main.c **** 
 189              		.loc 1 228 3 view .LVU38
 231:Core/Src/main.c ****                           |GPIO_PIN_4|GPIO_PIN_5|GPIO_PIN_6|GPIO_PIN_7, GPIO_PIN_RESET);
 190              		.loc 1 231 3 view .LVU39
 191 004e 0A4D     		ldr	r5, .L12+4
 192 0050 2246     		mov	r2, r4
 193 0052 FF21     		movs	r1, #255
 194 0054 2846     		mov	r0, r5
 195 0056 FFF7FEFF 		bl	HAL_GPIO_WritePin
 196              	.LVL0:
 236:Core/Src/main.c ****                           |GPIO_PIN_4|GPIO_PIN_5|GPIO_PIN_6|GPIO_PIN_7;
 197              		.loc 1 236 3 view .LVU40
 236:Core/Src/main.c ****                           |GPIO_PIN_4|GPIO_PIN_5|GPIO_PIN_6|GPIO_PIN_7;
 198              		.loc 1 236 23 is_stmt 0 view .LVU41
 199 005a FF23     		movs	r3, #255
 200 005c 0393     		str	r3, [sp, #12]
 238:Core/Src/main.c ****   GPIO_InitStruct.Pull = GPIO_NOPULL;
 201              		.loc 1 238 3 is_stmt 1 view .LVU42
 238:Core/Src/main.c ****   GPIO_InitStruct.Pull = GPIO_NOPULL;
 202              		.loc 1 238 24 is_stmt 0 view .LVU43
 203 005e 0123     		movs	r3, #1
 204 0060 0493     		str	r3, [sp, #16]
 239:Core/Src/main.c ****   GPIO_InitStruct.Speed = GPIO_SPEED_FREQ_LOW;
 205              		.loc 1 239 3 is_stmt 1 view .LVU44
 239:Core/Src/main.c ****   GPIO_InitStruct.Speed = GPIO_SPEED_FREQ_LOW;
 206              		.loc 1 239 24 is_stmt 0 view .LVU45
 207 0062 0594     		str	r4, [sp, #20]
 240:Core/Src/main.c ****   HAL_GPIO_Init(GPIOB, &GPIO_InitStruct);
 208              		.loc 1 240 3 is_stmt 1 view .LVU46
 240:Core/Src/main.c ****   HAL_GPIO_Init(GPIOB, &GPIO_InitStruct);
 209              		.loc 1 240 25 is_stmt 0 view .LVU47
 210 0064 0694     		str	r4, [sp, #24]
 241:Core/Src/main.c **** 
 211              		.loc 1 241 3 is_stmt 1 view .LVU48
 212 0066 03A9     		add	r1, sp, #12
 213 0068 2846     		mov	r0, r5
 214 006a FFF7FEFF 		bl	HAL_GPIO_Init
 215              	.LVL1:
 246:Core/Src/main.c **** 
 216              		.loc 1 246 1 is_stmt 0 view .LVU49
 217 006e 09B0     		add	sp, sp, #36
 218              	.LCFI2:
 219              		.cfi_def_cfa_offset 12
ARM GAS  C:\Users\Ebrahim\AppData\Local\Temp\ccXJohbJ.s 			page 12


 220              		@ sp needed
 221 0070 30BD     		pop	{r4, r5, pc}
 222              	.L13:
 223 0072 00BF     		.align	2
 224              	.L12:
 225 0074 00380240 		.word	1073887232
 226 0078 00040240 		.word	1073873920
 227              		.cfi_endproc
 228              	.LFE136:
 230              		.global	__aeabi_ldivmod
 231              		.section	.text.calculate_mandelbrot_fixed_point_arithmetic,"ax",%progbits
 232              		.align	1
 233              		.global	calculate_mandelbrot_fixed_point_arithmetic
 234              		.syntax unified
 235              		.thumb
 236              		.thumb_func
 238              	calculate_mandelbrot_fixed_point_arithmetic:
 239              	.LVL2:
 240              	.LFB137:
 251:Core/Src/main.c ****   uint64_t mandelbrot_sum = 0;
 241              		.loc 1 251 96 is_stmt 1 view -0
 242              		.cfi_startproc
 243              		@ args = 0, pretend = 0, frame = 40
 244              		@ frame_needed = 0, uses_anonymous_args = 0
 251:Core/Src/main.c ****   uint64_t mandelbrot_sum = 0;
 245              		.loc 1 251 96 is_stmt 0 view .LVU51
 246 0000 2DE9F04F 		push	{r4, r5, r6, r7, r8, r9, r10, fp, lr}
 247              	.LCFI3:
 248              		.cfi_def_cfa_offset 36
 249              		.cfi_offset 4, -36
 250              		.cfi_offset 5, -32
 251              		.cfi_offset 6, -28
 252              		.cfi_offset 7, -24
 253              		.cfi_offset 8, -20
 254              		.cfi_offset 9, -16
 255              		.cfi_offset 10, -12
 256              		.cfi_offset 11, -8
 257              		.cfi_offset 14, -4
 258 0004 8BB0     		sub	sp, sp, #44
 259              	.LCFI4:
 260              		.cfi_def_cfa_offset 80
 261 0006 0092     		str	r2, [sp]
 252:Core/Src/main.c ****     //TODO: Complete the function implementation
 262              		.loc 1 252 3 is_stmt 1 view .LVU52
 263              	.LVL3:
 255:Core/Src/main.c **** 	  for (int x = 0; x < width; x++){
 264              		.loc 1 255 3 view .LVU53
 265              	.LBB7:
 255:Core/Src/main.c **** 	  for (int x = 0; x < width; x++){
 266              		.loc 1 255 8 view .LVU54
 255:Core/Src/main.c **** 	  for (int x = 0; x < width; x++){
 267              		.loc 1 255 12 is_stmt 0 view .LVU55
 268 0008 0027     		movs	r7, #0
 269              	.LBE7:
 252:Core/Src/main.c ****     //TODO: Complete the function implementation
 270              		.loc 1 252 12 view .LVU56
 271 000a BB46     		mov	fp, r7
ARM GAS  C:\Users\Ebrahim\AppData\Local\Temp\ccXJohbJ.s 			page 13


 272 000c 3E46     		mov	r6, r7
 273 000e BA46     		mov	r10, r7
 274 0010 0746     		mov	r7, r0
 275 0012 CDF810B0 		str	fp, [sp, #16]
 276 0016 8B46     		mov	fp, r1
 277 0018 0596     		str	r6, [sp, #20]
 278              	.LBB14:
 255:Core/Src/main.c **** 	  for (int x = 0; x < width; x++){
 279              		.loc 1 255 3 view .LVU57
 280 001a 28E1     		b	.L15
 281              	.LVL4:
 282              	.L28:
 283              	.LBB8:
 284              	.LBB9:
 285              	.LBB10:
 266:Core/Src/main.c **** 			  int64_t yi2 = (yi*yi)/SCALE;
 286              		.loc 1 266 14 view .LVU58
 287 001c 0333     		adds	r3, r3, #3
 288 001e 44F10006 		adc	r6, r4, #0
 289 0022 8CE0     		b	.L18
 290              	.LVL5:
 291              	.L20:
 267:Core/Src/main.c **** 
 292              		.loc 1 267 14 view .LVU59
 293 0024 9B08     		lsrs	r3, r3, #2
 294 0026 B410     		asrs	r4, r6, #2
 295 0028 43EA8673 		orr	r3, r3, r6, lsl #30
 296 002c 2646     		mov	r6, r4
 297              	.LVL6:
 269:Core/Src/main.c ****                   break;
 298              		.loc 1 269 6 is_stmt 1 view .LVU60
 269:Core/Src/main.c ****                   break;
 299              		.loc 1 269 14 is_stmt 0 view .LVU61
 300 002e 11EB030A 		adds	r10, r1, r3
 301 0032 48EB0404 		adc	r4, r8, r4
 302              	.LVL7:
 269:Core/Src/main.c ****                   break;
 303              		.loc 1 269 9 view .LVU62
 304 0036 40F29117 		movw	r7, #401
 305 003a BA45     		cmp	r10, r7
 306 003c 74F10004 		sbcs	r4, r4, #0
 307 0040 80F2BC80 		bge	.L21
 274:Core/Src/main.c **** 			  yi = (2*xi*yi)/SCALE+y0;
 308              		.loc 1 274 6 is_stmt 1 view .LVU63
 274:Core/Src/main.c **** 			  yi = (2*xi*yi)/SCALE+y0;
 309              		.loc 1 274 14 is_stmt 0 view .LVU64
 310 0044 CB1A     		subs	r3, r1, r3
 311              	.LVL8:
 274:Core/Src/main.c **** 			  yi = (2*xi*yi)/SCALE+y0;
 312              		.loc 1 274 14 view .LVU65
 313 0046 68EB0606 		sbc	r6, r8, r6
 314              	.LVL9:
 275:Core/Src/main.c **** 			  xi = temp + x0;
 315              		.loc 1 275 6 is_stmt 1 view .LVU66
 275:Core/Src/main.c **** 			  xi = temp + x0;
 316              		.loc 1 275 16 is_stmt 0 view .LVU67
 317 004a 02FB0EFE 		mul	lr, r2, lr
ARM GAS  C:\Users\Ebrahim\AppData\Local\Temp\ccXJohbJ.s 			page 14


 318              	.LVL10:
 275:Core/Src/main.c **** 			  xi = temp + x0;
 319              		.loc 1 275 16 view .LVU68
 320 004e 00FB05EE 		mla	lr, r0, r5, lr
 321 0052 A2FB0020 		umull	r2, r0, r2, r0
 322              	.LVL11:
 275:Core/Src/main.c **** 			  xi = temp + x0;
 323              		.loc 1 275 16 view .LVU69
 324 0056 8644     		add	lr, lr, r0
 275:Core/Src/main.c **** 			  xi = temp + x0;
 325              		.loc 1 275 20 view .LVU70
 326 0058 4FEAEE74 		asr	r4, lr, #31
 327 005c 04F02100 		and	r0, r4, #33
 328 0060 C2F31305 		ubfx	r5, r2, #0, #20
 329 0064 110D     		lsrs	r1, r2, #20
 330              	.LVL12:
 275:Core/Src/main.c **** 			  xi = temp + x0;
 331              		.loc 1 275 20 view .LVU71
 332 0066 41EA0E31 		orr	r1, r1, lr, lsl #12
 333 006a C1F31301 		ubfx	r1, r1, #0, #20
 334 006e 2944     		add	r1, r1, r5
 335 0070 CEF31325 		ubfx	r5, lr, #8, #20
 336 0074 2944     		add	r1, r1, r5
 337 0076 01EB1E71 		add	r1, r1, lr, lsr #28
 338 007a 0144     		add	r1, r1, r0
 339 007c 834D     		ldr	r5, .L31
 340 007e A5FB0150 		umull	r5, r0, r5, r1
 341 0082 C008     		lsrs	r0, r0, #3
 342 0084 00EB8000 		add	r0, r0, r0, lsl #2
 343 0088 00EB8000 		add	r0, r0, r0, lsl #2
 344 008c 081A     		subs	r0, r1, r0
 345 008e 24F01704 		bic	r4, r4, #23
 346 0092 0444     		add	r4, r4, r0
 347 0094 121B     		subs	r2, r2, r4
 348 0096 6EEBE474 		sbc	r4, lr, r4, asr #31
 349 009a 7D49     		ldr	r1, .L31+4
 350 009c 7D48     		ldr	r0, .L31+8
 351 009e 02FB00F0 		mul	r0, r2, r0
 352 00a2 01FB0400 		mla	r0, r1, r4, r0
 353 00a6 A2FB0112 		umull	r1, r2, r2, r1
 354 00aa 0244     		add	r2, r2, r0
 355 00ac D00F     		lsrs	r0, r2, #31
 356 00ae 4018     		adds	r0, r0, r1
 357 00b0 42F10002 		adc	r2, r2, #0
 358 00b4 4008     		lsrs	r0, r0, #1
 359 00b6 40EAC270 		orr	r0, r0, r2, lsl #31
 275:Core/Src/main.c **** 			  xi = temp + x0;
 360              		.loc 1 275 9 view .LVU72
 361 00ba 10EB0900 		adds	r0, r0, r9
 362 00be 0399     		ldr	r1, [sp, #12]
 363 00c0 41EB620E 		adc	lr, r1, r2, asr #1
 364              	.LVL13:
 276:Core/Src/main.c **** 			  iter++;
 365              		.loc 1 276 6 is_stmt 1 view .LVU73
 276:Core/Src/main.c **** 			  iter++;
 366              		.loc 1 276 9 is_stmt 0 view .LVU74
 367 00c4 019A     		ldr	r2, [sp, #4]
ARM GAS  C:\Users\Ebrahim\AppData\Local\Temp\ccXJohbJ.s 			page 15


 368 00c6 D218     		adds	r2, r2, r3
 369 00c8 029B     		ldr	r3, [sp, #8]
 370              	.LVL14:
 276:Core/Src/main.c **** 			  iter++;
 371              		.loc 1 276 9 view .LVU75
 372 00ca 43EB0605 		adc	r5, r3, r6
 373              	.LVL15:
 277:Core/Src/main.c **** 		  }
 374              		.loc 1 277 6 is_stmt 1 view .LVU76
 277:Core/Src/main.c **** 		  }
 375              		.loc 1 277 10 is_stmt 0 view .LVU77
 376 00ce 0CF1010C 		add	ip, ip, #1
 377              	.LVL16:
 378              	.L16:
 277:Core/Src/main.c **** 		  }
 379              		.loc 1 277 10 view .LVU78
 380              	.LBE10:
 265:Core/Src/main.c **** 			  int64_t xi2 = (xi*xi)/SCALE;
 381              		.loc 1 265 16 is_stmt 1 view .LVU79
 382 00d2 009B     		ldr	r3, [sp]
 383 00d4 9C45     		cmp	ip, r3
 384 00d6 71DA     		bge	.L21
 385              	.LBB11:
 266:Core/Src/main.c **** 			  int64_t yi2 = (yi*yi)/SCALE;
 386              		.loc 1 266 6 view .LVU80
 266:Core/Src/main.c **** 			  int64_t yi2 = (yi*yi)/SCALE;
 387              		.loc 1 266 23 is_stmt 0 view .LVU81
 388 00d8 02FB05F1 		mul	r1, r2, r5
 389 00dc A2FB0236 		umull	r3, r6, r2, r2
 390 00e0 06EB4106 		add	r6, r6, r1, lsl #1
 266:Core/Src/main.c **** 			  int64_t yi2 = (yi*yi)/SCALE;
 391              		.loc 1 266 14 view .LVU82
 392 00e4 F417     		asrs	r4, r6, #31
 393 00e6 04F02107 		and	r7, r4, #33
 394 00ea C3F31308 		ubfx	r8, r3, #0, #20
 395 00ee 190D     		lsrs	r1, r3, #20
 396 00f0 41EA0631 		orr	r1, r1, r6, lsl #12
 397 00f4 C1F31301 		ubfx	r1, r1, #0, #20
 398 00f8 4144     		add	r1, r1, r8
 399 00fa C6F31328 		ubfx	r8, r6, #8, #20
 400 00fe 4144     		add	r1, r1, r8
 401 0100 01EB1671 		add	r1, r1, r6, lsr #28
 402 0104 3944     		add	r1, r1, r7
 403 0106 614F     		ldr	r7, .L31
 404 0108 A7FB0187 		umull	r8, r7, r7, r1
 405 010c FF08     		lsrs	r7, r7, #3
 406 010e 07EB8707 		add	r7, r7, r7, lsl #2
 407 0112 07EB8707 		add	r7, r7, r7, lsl #2
 408 0116 CF1B     		subs	r7, r1, r7
 409 0118 24F01704 		bic	r4, r4, #23
 410 011c 3C44     		add	r4, r4, r7
 411 011e 1B1B     		subs	r3, r3, r4
 412 0120 66EBE474 		sbc	r4, r6, r4, asr #31
 413 0124 5A49     		ldr	r1, .L31+4
 414 0126 5B4E     		ldr	r6, .L31+8
 415 0128 03FB06F6 		mul	r6, r3, r6
 416 012c 01FB0466 		mla	r6, r1, r4, r6
ARM GAS  C:\Users\Ebrahim\AppData\Local\Temp\ccXJohbJ.s 			page 16


 417 0130 A3FB0134 		umull	r3, r4, r3, r1
 418 0134 3444     		add	r4, r4, r6
 419 0136 2646     		mov	r6, r4
 420 0138 002C     		cmp	r4, #0
 421 013a FFF66FAF 		blt	.L28
 422              	.L18:
 423 013e 9B08     		lsrs	r3, r3, #2
 424 0140 4FEAA608 		asr	r8, r6, #2
 425 0144 43EA8671 		orr	r1, r3, r6, lsl #30
 426              	.LVL17:
 267:Core/Src/main.c **** 
 427              		.loc 1 267 6 is_stmt 1 view .LVU83
 267:Core/Src/main.c **** 
 428              		.loc 1 267 23 is_stmt 0 view .LVU84
 429 0148 00FB0EF4 		mul	r4, r0, lr
 430 014c A0FB0037 		umull	r3, r7, r0, r0
 431 0150 07EB4407 		add	r7, r7, r4, lsl #1
 267:Core/Src/main.c **** 
 432              		.loc 1 267 14 view .LVU85
 433 0154 FE17     		asrs	r6, r7, #31
 434 0156 06F0210A 		and	r10, r6, #33
 435 015a C3F3130B 		ubfx	fp, r3, #0, #20
 436 015e 1C0D     		lsrs	r4, r3, #20
 437 0160 44EA0734 		orr	r4, r4, r7, lsl #12
 438 0164 C4F31304 		ubfx	r4, r4, #0, #20
 439 0168 5C44     		add	r4, r4, fp
 440 016a C7F3132B 		ubfx	fp, r7, #8, #20
 441 016e 5C44     		add	r4, r4, fp
 442 0170 04EB1774 		add	r4, r4, r7, lsr #28
 443 0174 5444     		add	r4, r4, r10
 444 0176 DFF814B1 		ldr	fp, .L31
 445 017a ABFB04BA 		umull	fp, r10, fp, r4
 446 017e 4FEADA0A 		lsr	r10, r10, #3
 447 0182 0AEB8A0A 		add	r10, r10, r10, lsl #2
 448 0186 0AEB8A0A 		add	r10, r10, r10, lsl #2
 449 018a A4EB0A0A 		sub	r10, r4, r10
 450 018e 26F01706 		bic	r6, r6, #23
 451 0192 5644     		add	r6, r6, r10
 452 0194 9B1B     		subs	r3, r3, r6
 453 0196 67EBE676 		sbc	r6, r7, r6, asr #31
 454 019a 3D4C     		ldr	r4, .L31+4
 455 019c 3D4F     		ldr	r7, .L31+8
 456 019e 03FB07F7 		mul	r7, r3, r7
 457 01a2 04FB0677 		mla	r7, r4, r6, r7
 458 01a6 A3FB0434 		umull	r3, r4, r3, r4
 459 01aa 3C44     		add	r4, r4, r7
 460 01ac 2646     		mov	r6, r4
 461 01ae 002C     		cmp	r4, #0
 462 01b0 BFF638AF 		bge	.L20
 463 01b4 0333     		adds	r3, r3, #3
 464 01b6 44F10006 		adc	r6, r4, #0
 465 01ba 33E7     		b	.L20
 466              	.LVL18:
 467              	.L21:
 267:Core/Src/main.c **** 
 468              		.loc 1 267 14 view .LVU86
 469              	.LBE11:
ARM GAS  C:\Users\Ebrahim\AppData\Local\Temp\ccXJohbJ.s 			page 17


 279:Core/Src/main.c **** 
 470              		.loc 1 279 20 view .LVU87
 471 01bc DDF818A0 		ldr	r10, [sp, #24]
 472 01c0 079F     		ldr	r7, [sp, #28]
 473 01c2 089C     		ldr	r4, [sp, #32]
 474 01c4 DDF824B0 		ldr	fp, [sp, #36]
 279:Core/Src/main.c **** 
 475              		.loc 1 279 5 is_stmt 1 view .LVU88
 279:Core/Src/main.c **** 
 476              		.loc 1 279 20 is_stmt 0 view .LVU89
 477 01c8 049B     		ldr	r3, [sp, #16]
 478 01ca 1CEB0303 		adds	r3, ip, r3
 479 01ce 0493     		str	r3, [sp, #16]
 480              	.LVL19:
 279:Core/Src/main.c **** 
 481              		.loc 1 279 20 view .LVU90
 482 01d0 059B     		ldr	r3, [sp, #20]
 483 01d2 43EBEC73 		adc	r3, r3, ip, asr #31
 484 01d6 0593     		str	r3, [sp, #20]
 485              	.LVL20:
 279:Core/Src/main.c **** 
 486              		.loc 1 279 20 view .LVU91
 487              	.LBE9:
 256:Core/Src/main.c **** 		  // Convert to fixed-point coordinates
 488              		.loc 1 256 32 is_stmt 1 discriminator 2 view .LVU92
 489 01d8 0137     		adds	r7, r7, #1
 490              	.LVL21:
 491              	.L25:
 256:Core/Src/main.c **** 		  // Convert to fixed-point coordinates
 492              		.loc 1 256 22 discriminator 1 view .LVU93
 493 01da A742     		cmp	r7, r4
 494 01dc 44DA     		bge	.L29
 495              	.LBB12:
 259:Core/Src/main.c **** 		  // y0 = (y/height) * 2.0 - 1.0
 496              		.loc 1 259 5 view .LVU94
 259:Core/Src/main.c **** 		  // y0 = (y/height) * 2.0 - 1.0
 497              		.loc 1 259 19 is_stmt 0 view .LVU95
 498 01de FE17     		asrs	r6, r7, #31
 259:Core/Src/main.c **** 		  // y0 = (y/height) * 2.0 - 1.0
 499              		.loc 1 259 30 view .LVU96
 500 01e0 2D49     		ldr	r1, .L31+12
 501 01e2 0025     		movs	r5, #0
 502 01e4 A7FB010C 		umull	r0, ip, r7, r1
 259:Core/Src/main.c **** 		  // y0 = (y/height) * 2.0 - 1.0
 503              		.loc 1 259 40 view .LVU97
 504 01e8 2246     		mov	r2, r4
 505 01ea E317     		asrs	r3, r4, #31
 506 01ec 01FB06C1 		mla	r1, r1, r6, ip
 507 01f0 FFF7FEFF 		bl	__aeabi_ldivmod
 508              	.LVL22:
 259:Core/Src/main.c **** 		  // y0 = (y/height) * 2.0 - 1.0
 509              		.loc 1 259 13 view .LVU98
 510 01f4 294B     		ldr	r3, .L31+16
 511 01f6 1B18     		adds	r3, r3, r0
 512 01f8 0193     		str	r3, [sp, #4]
 513 01fa 61F10003 		sbc	r3, r1, #0
 514 01fe 0293     		str	r3, [sp, #8]
ARM GAS  C:\Users\Ebrahim\AppData\Local\Temp\ccXJohbJ.s 			page 18


 515              	.LVL23:
 261:Core/Src/main.c **** 		  int64_t xi = 0, yi =0;
 516              		.loc 1 261 5 is_stmt 1 view .LVU99
 261:Core/Src/main.c **** 		  int64_t xi = 0, yi =0;
 517              		.loc 1 261 19 is_stmt 0 view .LVU100
 518 0200 4FEAEA71 		asr	r1, r10, #31
 261:Core/Src/main.c **** 		  int64_t xi = 0, yi =0;
 519              		.loc 1 261 30 view .LVU101
 520 0204 4B01     		lsls	r3, r1, #5
 521              	.LVL24:
 261:Core/Src/main.c **** 		  int64_t xi = 0, yi =0;
 522              		.loc 1 261 30 view .LVU102
 523 0206 43EADA63 		orr	r3, r3, r10, lsr #27
 524 020a 4FEA4A10 		lsl	r0, r10, #5
 525 020e B0EB0A00 		subs	r0, r0, r10
 526 0212 63EB0106 		sbc	r6, r3, r1
 527 0216 B301     		lsls	r3, r6, #6
 528 0218 43EA9063 		orr	r3, r3, r0, lsr #26
 529 021c 8201     		lsls	r2, r0, #6
 530 021e 121A     		subs	r2, r2, r0
 531 0220 63EB0603 		sbc	r3, r3, r6
 532 0224 DB00     		lsls	r3, r3, #3
 533 0226 43EA5273 		orr	r3, r3, r2, lsr #29
 534 022a D200     		lsls	r2, r2, #3
 535 022c 12EB0A06 		adds	r6, r2, r10
 536 0230 41EB0301 		adc	r1, r1, r3
 537 0234 C901     		lsls	r1, r1, #7
 261:Core/Src/main.c **** 		  int64_t xi = 0, yi =0;
 538              		.loc 1 261 40 view .LVU103
 539 0236 5A46     		mov	r2, fp
 540 0238 4FEAEB73 		asr	r3, fp, #31
 541 023c F001     		lsls	r0, r6, #7
 542 023e 41EA5661 		orr	r1, r1, r6, lsr #25
 543 0242 FFF7FEFF 		bl	__aeabi_ldivmod
 544              	.LVL25:
 261:Core/Src/main.c **** 		  int64_t xi = 0, yi =0;
 545              		.loc 1 261 13 view .LVU104
 546 0246 164B     		ldr	r3, .L31+20
 547 0248 13EB0009 		adds	r9, r3, r0
 548 024c 61F10003 		sbc	r3, r1, #0
 549 0250 0393     		str	r3, [sp, #12]
 550              	.LVL26:
 262:Core/Src/main.c **** 		  int iter = 0;
 551              		.loc 1 262 5 is_stmt 1 view .LVU105
 263:Core/Src/main.c **** 
 552              		.loc 1 263 5 view .LVU106
 265:Core/Src/main.c **** 			  int64_t xi2 = (xi*xi)/SCALE;
 553              		.loc 1 265 5 view .LVU107
 263:Core/Src/main.c **** 
 554              		.loc 1 263 9 is_stmt 0 view .LVU108
 555 0252 AC46     		mov	ip, r5
 262:Core/Src/main.c **** 		  int iter = 0;
 556              		.loc 1 262 21 view .LVU109
 557 0254 2846     		mov	r0, r5
 558 0256 AE46     		mov	lr, r5
 262:Core/Src/main.c **** 		  int iter = 0;
 559              		.loc 1 262 13 view .LVU110
ARM GAS  C:\Users\Ebrahim\AppData\Local\Temp\ccXJohbJ.s 			page 19


 560 0258 2A46     		mov	r2, r5
 561 025a CDF818A0 		str	r10, [sp, #24]
 562 025e 0797     		str	r7, [sp, #28]
 563 0260 0894     		str	r4, [sp, #32]
 564 0262 CDF824B0 		str	fp, [sp, #36]
 265:Core/Src/main.c **** 			  int64_t xi2 = (xi*xi)/SCALE;
 565              		.loc 1 265 11 view .LVU111
 566 0266 34E7     		b	.L16
 567              	.LVL27:
 568              	.L29:
 265:Core/Src/main.c **** 			  int64_t xi2 = (xi*xi)/SCALE;
 569              		.loc 1 265 11 view .LVU112
 570              	.LBE12:
 571              	.LBE8:
 255:Core/Src/main.c **** 	  for (int x = 0; x < width; x++){
 572              		.loc 1 255 32 discriminator 2 view .LVU113
 573 0268 2746     		mov	r7, r4
 574              	.LVL28:
 255:Core/Src/main.c **** 	  for (int x = 0; x < width; x++){
 575              		.loc 1 255 32 is_stmt 1 discriminator 2 view .LVU114
 576 026a 0AF1010A 		add	r10, r10, #1
 577              	.LVL29:
 578              	.L15:
 255:Core/Src/main.c **** 	  for (int x = 0; x < width; x++){
 579              		.loc 1 255 21 discriminator 1 view .LVU115
 580 026e DA45     		cmp	r10, fp
 581 0270 03DA     		bge	.L30
 582              	.LBB13:
 256:Core/Src/main.c **** 		  // Convert to fixed-point coordinates
 583              		.loc 1 256 13 is_stmt 0 view .LVU116
 584 0272 0023     		movs	r3, #0
 585 0274 3C46     		mov	r4, r7
 586 0276 1F46     		mov	r7, r3
 587 0278 AFE7     		b	.L25
 588              	.L30:
 589              	.LBE13:
 590              	.LBE14:
 286:Core/Src/main.c **** 
 591              		.loc 1 286 1 view .LVU117
 592 027a DDF810B0 		ldr	fp, [sp, #16]
 593 027e 059E     		ldr	r6, [sp, #20]
 284:Core/Src/main.c **** 
 594              		.loc 1 284 5 is_stmt 1 view .LVU118
 286:Core/Src/main.c **** 
 595              		.loc 1 286 1 is_stmt 0 view .LVU119
 596 0280 5846     		mov	r0, fp
 597 0282 3146     		mov	r1, r6
 598 0284 0BB0     		add	sp, sp, #44
 599              	.LCFI5:
 600              		.cfi_def_cfa_offset 36
 601              	.LVL30:
 286:Core/Src/main.c **** 
 602              		.loc 1 286 1 view .LVU120
 603              		@ sp needed
 604 0286 BDE8F08F 		pop	{r4, r5, r6, r7, r8, r9, r10, fp, pc}
 605              	.LVL31:
 606              	.L32:
ARM GAS  C:\Users\Ebrahim\AppData\Local\Temp\ccXJohbJ.s 			page 20


 286:Core/Src/main.c **** 
 607              		.loc 1 286 1 view .LVU121
 608 028a 00BF     		.align	2
 609              	.L31:
 610 028c 1F85EB51 		.word	1374389535
 611 0290 295C8FC2 		.word	-1030792151
 612 0294 F5285C8F 		.word	-1889785611
 613 0298 E0673500 		.word	3500000
 614 029c 60DAD9FF 		.word	-2500000
 615 02a0 C0BDF0FF 		.word	-1000000
 616              		.cfi_endproc
 617              	.LFE137:
 619              		.global	__aeabi_i2f
 620              		.global	__aeabi_fdiv
 621              		.global	__aeabi_fmul
 622              		.global	__aeabi_fsub
 623              		.global	__aeabi_fadd
 624              		.global	__aeabi_fcmpgt
 625              		.section	.text.calculate_mandelbrot_float,"ax",%progbits
 626              		.align	1
 627              		.global	calculate_mandelbrot_float
 628              		.syntax unified
 629              		.thumb
 630              		.thumb_func
 632              	calculate_mandelbrot_float:
 633              	.LVL32:
 634              	.LFB138:
 288:Core/Src/main.c ****   uint64_t mandelbrot_sum = 0;
 635              		.loc 1 288 79 is_stmt 1 view -0
 636              		.cfi_startproc
 637              		@ args = 0, pretend = 0, frame = 24
 638              		@ frame_needed = 0, uses_anonymous_args = 0
 288:Core/Src/main.c ****   uint64_t mandelbrot_sum = 0;
 639              		.loc 1 288 79 is_stmt 0 view .LVU123
 640 0000 2DE9F04F 		push	{r4, r5, r6, r7, r8, r9, r10, fp, lr}
 641              	.LCFI6:
 642              		.cfi_def_cfa_offset 36
 643              		.cfi_offset 4, -36
 644              		.cfi_offset 5, -32
 645              		.cfi_offset 6, -28
 646              		.cfi_offset 7, -24
 647              		.cfi_offset 8, -20
 648              		.cfi_offset 9, -16
 649              		.cfi_offset 10, -12
 650              		.cfi_offset 11, -8
 651              		.cfi_offset 14, -4
 652 0004 87B0     		sub	sp, sp, #28
 653              	.LCFI7:
 654              		.cfi_def_cfa_offset 64
 655 0006 0190     		str	r0, [sp, #4]
 656 0008 0591     		str	r1, [sp, #20]
 657 000a 9146     		mov	r9, r2
 289:Core/Src/main.c ****     //TODO: Complete the function implementation
 658              		.loc 1 289 3 is_stmt 1 view .LVU124
 659              	.LVL33:
 292:Core/Src/main.c **** 	  for (int x = 0; x < width; x++){
 660              		.loc 1 292 3 view .LVU125
ARM GAS  C:\Users\Ebrahim\AppData\Local\Temp\ccXJohbJ.s 			page 21


 661              	.LBB15:
 292:Core/Src/main.c **** 	  for (int x = 0; x < width; x++){
 662              		.loc 1 292 8 view .LVU126
 292:Core/Src/main.c **** 	  for (int x = 0; x < width; x++){
 663              		.loc 1 292 12 is_stmt 0 view .LVU127
 664 000c 0022     		movs	r2, #0
 665              	.LVL34:
 292:Core/Src/main.c **** 	  for (int x = 0; x < width; x++){
 666              		.loc 1 292 12 view .LVU128
 667              	.LBE15:
 289:Core/Src/main.c ****     //TODO: Complete the function implementation
 668              		.loc 1 289 12 view .LVU129
 669 000e 1646     		mov	r6, r2
 670 0010 0292     		str	r2, [sp, #8]
 671 0012 0392     		str	r2, [sp, #12]
 672              	.LBB22:
 292:Core/Src/main.c **** 	  for (int x = 0; x < width; x++){
 673              		.loc 1 292 3 view .LVU130
 674 0014 64E0     		b	.L34
 675              	.LVL35:
 676              	.L42:
 677              	.LBB16:
 678              	.LBB17:
 679              	.LBB18:
 309:Core/Src/main.c **** 			  yi = 2.0f * xi * yi + y0;
 680              		.loc 1 309 6 is_stmt 1 view .LVU131
 309:Core/Src/main.c **** 			  yi = 2.0f * xi * yi + y0;
 681              		.loc 1 309 12 is_stmt 0 view .LVU132
 682 0016 5946     		mov	r1, fp
 683 0018 5046     		mov	r0, r10
 684 001a FFF7FEFF 		bl	__aeabi_fsub
 685              	.LVL36:
 686 001e 8246     		mov	r10, r0
 687              	.LVL37:
 310:Core/Src/main.c **** 			  xi = temp + x0;
 688              		.loc 1 310 6 is_stmt 1 view .LVU133
 310:Core/Src/main.c **** 			  xi = temp + x0;
 689              		.loc 1 310 16 is_stmt 0 view .LVU134
 690 0020 2146     		mov	r1, r4
 691 0022 2046     		mov	r0, r4
 692              	.LVL38:
 310:Core/Src/main.c **** 			  xi = temp + x0;
 693              		.loc 1 310 16 view .LVU135
 694 0024 FFF7FEFF 		bl	__aeabi_fadd
 695              	.LVL39:
 310:Core/Src/main.c **** 			  xi = temp + x0;
 696              		.loc 1 310 21 view .LVU136
 697 0028 3146     		mov	r1, r6
 698 002a FFF7FEFF 		bl	__aeabi_fmul
 699              	.LVL40:
 310:Core/Src/main.c **** 			  xi = temp + x0;
 700              		.loc 1 310 9 view .LVU137
 701 002e 3946     		mov	r1, r7
 702 0030 FFF7FEFF 		bl	__aeabi_fadd
 703              	.LVL41:
 704 0034 0646     		mov	r6, r0
 705              	.LVL42:
ARM GAS  C:\Users\Ebrahim\AppData\Local\Temp\ccXJohbJ.s 			page 22


 311:Core/Src/main.c **** 			  iter++;
 706              		.loc 1 311 6 is_stmt 1 view .LVU138
 311:Core/Src/main.c **** 			  iter++;
 707              		.loc 1 311 9 is_stmt 0 view .LVU139
 708 0036 5146     		mov	r1, r10
 709 0038 4046     		mov	r0, r8
 710              	.LVL43:
 311:Core/Src/main.c **** 			  iter++;
 711              		.loc 1 311 9 view .LVU140
 712 003a FFF7FEFF 		bl	__aeabi_fadd
 713              	.LVL44:
 714 003e 0446     		mov	r4, r0
 715              	.LVL45:
 312:Core/Src/main.c **** 		  }
 716              		.loc 1 312 6 is_stmt 1 view .LVU141
 312:Core/Src/main.c **** 		  }
 717              		.loc 1 312 10 is_stmt 0 view .LVU142
 718 0040 0135     		adds	r5, r5, #1
 719              	.LVL46:
 720              	.L35:
 312:Core/Src/main.c **** 		  }
 721              		.loc 1 312 10 view .LVU143
 722              	.LBE18:
 301:Core/Src/main.c **** 			  float xi2 = (xi*xi);
 723              		.loc 1 301 16 is_stmt 1 view .LVU144
 724 0042 4D45     		cmp	r5, r9
 725 0044 13DA     		bge	.L36
 726              	.LBB19:
 302:Core/Src/main.c **** 			  float yi2 = (yi*yi);
 727              		.loc 1 302 6 view .LVU145
 302:Core/Src/main.c **** 			  float yi2 = (yi*yi);
 728              		.loc 1 302 12 is_stmt 0 view .LVU146
 729 0046 2146     		mov	r1, r4
 730 0048 2046     		mov	r0, r4
 731 004a FFF7FEFF 		bl	__aeabi_fmul
 732              	.LVL47:
 733 004e 8246     		mov	r10, r0
 734              	.LVL48:
 303:Core/Src/main.c **** 
 735              		.loc 1 303 6 is_stmt 1 view .LVU147
 303:Core/Src/main.c **** 
 736              		.loc 1 303 12 is_stmt 0 view .LVU148
 737 0050 3146     		mov	r1, r6
 738 0052 3046     		mov	r0, r6
 739              	.LVL49:
 303:Core/Src/main.c **** 
 740              		.loc 1 303 12 view .LVU149
 741 0054 FFF7FEFF 		bl	__aeabi_fmul
 742              	.LVL50:
 743 0058 8346     		mov	fp, r0
 744              	.LVL51:
 305:Core/Src/main.c ****                   break;
 745              		.loc 1 305 6 is_stmt 1 view .LVU150
 305:Core/Src/main.c ****                   break;
 746              		.loc 1 305 14 is_stmt 0 view .LVU151
 747 005a 0146     		mov	r1, r0
 748 005c 5046     		mov	r0, r10
ARM GAS  C:\Users\Ebrahim\AppData\Local\Temp\ccXJohbJ.s 			page 23


 749              	.LVL52:
 305:Core/Src/main.c ****                   break;
 750              		.loc 1 305 14 view .LVU152
 751 005e FFF7FEFF 		bl	__aeabi_fadd
 752              	.LVL53:
 305:Core/Src/main.c ****                   break;
 753              		.loc 1 305 9 view .LVU153
 754 0062 4FF08141 		mov	r1, #1082130432
 755 0066 FFF7FEFF 		bl	__aeabi_fcmpgt
 756              	.LVL54:
 757 006a 0028     		cmp	r0, #0
 758 006c D3D0     		beq	.L42
 759              	.LVL55:
 760              	.L36:
 305:Core/Src/main.c ****                   break;
 761              		.loc 1 305 9 view .LVU154
 762              	.LBE19:
 314:Core/Src/main.c **** 
 763              		.loc 1 314 5 is_stmt 1 view .LVU155
 314:Core/Src/main.c **** 
 764              		.loc 1 314 20 is_stmt 0 view .LVU156
 765 006e 029B     		ldr	r3, [sp, #8]
 766 0070 EA18     		adds	r2, r5, r3
 767 0072 0292     		str	r2, [sp, #8]
 768              	.LVL56:
 314:Core/Src/main.c **** 
 769              		.loc 1 314 20 view .LVU157
 770 0074 039B     		ldr	r3, [sp, #12]
 771 0076 43EBE573 		adc	r3, r3, r5, asr #31
 772 007a 0393     		str	r3, [sp, #12]
 773              	.LVL57:
 314:Core/Src/main.c **** 
 774              		.loc 1 314 20 view .LVU158
 775              	.LBE17:
 293:Core/Src/main.c **** 		  // Convert to fixed-point coordinates
 776              		.loc 1 293 32 is_stmt 1 discriminator 2 view .LVU159
 777 007c 009B     		ldr	r3, [sp]
 778              	.LVL58:
 293:Core/Src/main.c **** 		  // Convert to fixed-point coordinates
 779              		.loc 1 293 32 is_stmt 0 discriminator 2 view .LVU160
 780 007e 0133     		adds	r3, r3, #1
 781 0080 0093     		str	r3, [sp]
 782              	.LVL59:
 783              	.L39:
 293:Core/Src/main.c **** 		  // Convert to fixed-point coordinates
 784              		.loc 1 293 22 is_stmt 1 discriminator 1 view .LVU161
 785 0082 009B     		ldr	r3, [sp]
 786 0084 019A     		ldr	r2, [sp, #4]
 787 0086 9342     		cmp	r3, r2
 788 0088 28DA     		bge	.L43
 789              	.LBB20:
 296:Core/Src/main.c **** 		  float y0 = ((float)y / height) * 2.0f - 1.0f;
 790              		.loc 1 296 5 view .LVU162
 296:Core/Src/main.c **** 		  float y0 = ((float)y / height) * 2.0f - 1.0f;
 791              		.loc 1 296 17 is_stmt 0 view .LVU163
 792 008a 0098     		ldr	r0, [sp]
 793 008c FFF7FEFF 		bl	__aeabi_i2f
ARM GAS  C:\Users\Ebrahim\AppData\Local\Temp\ccXJohbJ.s 			page 24


 794              	.LVL60:
 795 0090 0446     		mov	r4, r0
 296:Core/Src/main.c **** 		  float y0 = ((float)y / height) * 2.0f - 1.0f;
 796              		.loc 1 296 26 view .LVU164
 797 0092 0198     		ldr	r0, [sp, #4]
 798 0094 FFF7FEFF 		bl	__aeabi_i2f
 799              	.LVL61:
 800 0098 0146     		mov	r1, r0
 801 009a 2046     		mov	r0, r4
 802 009c FFF7FEFF 		bl	__aeabi_fdiv
 803              	.LVL62:
 296:Core/Src/main.c **** 		  float y0 = ((float)y / height) * 2.0f - 1.0f;
 804              		.loc 1 296 35 view .LVU165
 805 00a0 1749     		ldr	r1, .L45
 806 00a2 FFF7FEFF 		bl	__aeabi_fmul
 807              	.LVL63:
 296:Core/Src/main.c **** 		  float y0 = ((float)y / height) * 2.0f - 1.0f;
 808              		.loc 1 296 11 view .LVU166
 809 00a6 1749     		ldr	r1, .L45+4
 810 00a8 FFF7FEFF 		bl	__aeabi_fsub
 811              	.LVL64:
 812 00ac 8046     		mov	r8, r0
 813              	.LVL65:
 297:Core/Src/main.c **** 		  float xi = 0.0f, yi = 0.0f;
 814              		.loc 1 297 5 is_stmt 1 view .LVU167
 297:Core/Src/main.c **** 		  float xi = 0.0f, yi = 0.0f;
 815              		.loc 1 297 17 is_stmt 0 view .LVU168
 816 00ae 0498     		ldr	r0, [sp, #16]
 817              	.LVL66:
 297:Core/Src/main.c **** 		  float xi = 0.0f, yi = 0.0f;
 818              		.loc 1 297 17 view .LVU169
 819 00b0 FFF7FEFF 		bl	__aeabi_i2f
 820              	.LVL67:
 821 00b4 0446     		mov	r4, r0
 297:Core/Src/main.c **** 		  float xi = 0.0f, yi = 0.0f;
 822              		.loc 1 297 26 view .LVU170
 823 00b6 0598     		ldr	r0, [sp, #20]
 824 00b8 FFF7FEFF 		bl	__aeabi_i2f
 825              	.LVL68:
 826 00bc 0146     		mov	r1, r0
 827 00be 2046     		mov	r0, r4
 828 00c0 FFF7FEFF 		bl	__aeabi_fdiv
 829              	.LVL69:
 830 00c4 0146     		mov	r1, r0
 297:Core/Src/main.c **** 		  float xi = 0.0f, yi = 0.0f;
 831              		.loc 1 297 36 view .LVU171
 832 00c6 FFF7FEFF 		bl	__aeabi_fadd
 833              	.LVL70:
 297:Core/Src/main.c **** 		  float xi = 0.0f, yi = 0.0f;
 834              		.loc 1 297 11 view .LVU172
 835 00ca 4FF07E51 		mov	r1, #1065353216
 836 00ce FFF7FEFF 		bl	__aeabi_fsub
 837              	.LVL71:
 838 00d2 0746     		mov	r7, r0
 839              	.LVL72:
 298:Core/Src/main.c **** 		  int iter = 0;
 840              		.loc 1 298 5 is_stmt 1 view .LVU173
ARM GAS  C:\Users\Ebrahim\AppData\Local\Temp\ccXJohbJ.s 			page 25


 299:Core/Src/main.c **** 
 841              		.loc 1 299 5 view .LVU174
 301:Core/Src/main.c **** 			  float xi2 = (xi*xi);
 842              		.loc 1 301 5 view .LVU175
 299:Core/Src/main.c **** 
 843              		.loc 1 299 9 is_stmt 0 view .LVU176
 844 00d4 0025     		movs	r5, #0
 298:Core/Src/main.c **** 		  int iter = 0;
 845              		.loc 1 298 22 view .LVU177
 846 00d6 0026     		movs	r6, #0
 298:Core/Src/main.c **** 		  int iter = 0;
 847              		.loc 1 298 11 view .LVU178
 848 00d8 3446     		mov	r4, r6
 301:Core/Src/main.c **** 			  float xi2 = (xi*xi);
 849              		.loc 1 301 11 view .LVU179
 850 00da B2E7     		b	.L35
 851              	.LVL73:
 852              	.L43:
 301:Core/Src/main.c **** 			  float xi2 = (xi*xi);
 853              		.loc 1 301 11 view .LVU180
 854              	.LBE20:
 855              	.LBE16:
 292:Core/Src/main.c **** 	  for (int x = 0; x < width; x++){
 856              		.loc 1 292 32 discriminator 2 view .LVU181
 857 00dc 049E     		ldr	r6, [sp, #16]
 292:Core/Src/main.c **** 	  for (int x = 0; x < width; x++){
 858              		.loc 1 292 32 is_stmt 1 discriminator 2 view .LVU182
 859 00de 0136     		adds	r6, r6, #1
 860              	.LVL74:
 861              	.L34:
 292:Core/Src/main.c **** 	  for (int x = 0; x < width; x++){
 862              		.loc 1 292 21 discriminator 1 view .LVU183
 863 00e0 059B     		ldr	r3, [sp, #20]
 864 00e2 9E42     		cmp	r6, r3
 865 00e4 03DA     		bge	.L44
 866              	.LBB21:
 293:Core/Src/main.c **** 		  // Convert to fixed-point coordinates
 867              		.loc 1 293 13 is_stmt 0 view .LVU184
 868 00e6 0023     		movs	r3, #0
 869 00e8 0093     		str	r3, [sp]
 870 00ea 0496     		str	r6, [sp, #16]
 871 00ec C9E7     		b	.L39
 872              	.L44:
 293:Core/Src/main.c **** 		  // Convert to fixed-point coordinates
 873              		.loc 1 293 13 view .LVU185
 874              	.LBE21:
 875              	.LBE22:
 321:Core/Src/main.c **** 
 876              		.loc 1 321 1 view .LVU186
 877 00ee 029E     		ldr	r6, [sp, #8]
 878              	.LVL75:
 321:Core/Src/main.c **** 
 879              		.loc 1 321 1 view .LVU187
 880 00f0 DDF80CA0 		ldr	r10, [sp, #12]
 319:Core/Src/main.c **** 
 881              		.loc 1 319 5 is_stmt 1 view .LVU188
 321:Core/Src/main.c **** 
ARM GAS  C:\Users\Ebrahim\AppData\Local\Temp\ccXJohbJ.s 			page 26


 882              		.loc 1 321 1 is_stmt 0 view .LVU189
 883 00f4 3046     		mov	r0, r6
 884 00f6 5146     		mov	r1, r10
 885 00f8 07B0     		add	sp, sp, #28
 886              	.LCFI8:
 887              		.cfi_def_cfa_offset 36
 888              		@ sp needed
 889 00fa BDE8F08F 		pop	{r4, r5, r6, r7, r8, r9, r10, fp, pc}
 890              	.LVL76:
 891              	.L46:
 321:Core/Src/main.c **** 
 892              		.loc 1 321 1 view .LVU190
 893 00fe 00BF     		.align	2
 894              	.L45:
 895 0100 00006040 		.word	1080033280
 896 0104 00002040 		.word	1075838976
 897              		.cfi_endproc
 898              	.LFE138:
 900              		.global	__aeabi_i2d
 901              		.global	__aeabi_ddiv
 902              		.global	__aeabi_dmul
 903              		.global	__aeabi_dsub
 904              		.global	__aeabi_dadd
 905              		.global	__aeabi_dcmpgt
 906              		.section	.text.calculate_mandelbrot_double,"ax",%progbits
 907              		.align	1
 908              		.global	calculate_mandelbrot_double
 909              		.syntax unified
 910              		.thumb
 911              		.thumb_func
 913              	calculate_mandelbrot_double:
 914              	.LVL77:
 915              	.LFB139:
 324:Core/Src/main.c ****     uint64_t mandelbrot_sum = 0;
 916              		.loc 1 324 1 is_stmt 1 view -0
 917              		.cfi_startproc
 918              		@ args = 0, pretend = 0, frame = 56
 919              		@ frame_needed = 0, uses_anonymous_args = 0
 324:Core/Src/main.c ****     uint64_t mandelbrot_sum = 0;
 920              		.loc 1 324 1 is_stmt 0 view .LVU192
 921 0000 2DE9F04F 		push	{r4, r5, r6, r7, r8, r9, r10, fp, lr}
 922              	.LCFI9:
 923              		.cfi_def_cfa_offset 36
 924              		.cfi_offset 4, -36
 925              		.cfi_offset 5, -32
 926              		.cfi_offset 6, -28
 927              		.cfi_offset 7, -24
 928              		.cfi_offset 8, -20
 929              		.cfi_offset 9, -16
 930              		.cfi_offset 10, -12
 931              		.cfi_offset 11, -8
 932              		.cfi_offset 14, -4
 933 0004 8FB0     		sub	sp, sp, #60
 934              	.LCFI10:
 935              		.cfi_def_cfa_offset 96
 936 0006 0890     		str	r0, [sp, #32]
 937 0008 0C91     		str	r1, [sp, #48]
ARM GAS  C:\Users\Ebrahim\AppData\Local\Temp\ccXJohbJ.s 			page 27


 325:Core/Src/main.c ****     //TODO: Complete the function implementation
 938              		.loc 1 325 5 is_stmt 1 view .LVU193
 939              	.LVL78:
 328:Core/Src/main.c ****     {
 940              		.loc 1 328 5 view .LVU194
 941              	.LBB23:
 328:Core/Src/main.c ****     {
 942              		.loc 1 328 10 view .LVU195
 328:Core/Src/main.c ****     {
 943              		.loc 1 328 14 is_stmt 0 view .LVU196
 944 000a 4FF0000A 		mov	r10, #0
 945              	.LBE23:
 325:Core/Src/main.c ****     //TODO: Complete the function implementation
 946              		.loc 1 325 14 view .LVU197
 947 000e D146     		mov	r9, r10
 948 0010 CDF824A0 		str	r10, [sp, #36]
 949 0014 0D92     		str	r2, [sp, #52]
 950 0016 CDF828A0 		str	r10, [sp, #40]
 951              	.LBB30:
 328:Core/Src/main.c ****     {
 952              		.loc 1 328 5 view .LVU198
 953 001a 89E0     		b	.L48
 954              	.LVL79:
 955              	.L56:
 956              	.LBB24:
 957              	.LBB25:
 958              	.LBB26:
 350:Core/Src/main.c ****     			y_i = 2.0*x_i*y_i + y_0;
 959              		.loc 1 350 8 is_stmt 1 view .LVU199
 350:Core/Src/main.c ****     			y_i = 2.0*x_i*y_i + y_0;
 960              		.loc 1 350 15 is_stmt 0 view .LVU200
 961 001c 5246     		mov	r2, r10
 962 001e 5B46     		mov	r3, fp
 963 0020 DDE90001 		ldrd	r0, [sp]
 964 0024 FFF7FEFF 		bl	__aeabi_dsub
 965              	.LVL80:
 966 0028 8246     		mov	r10, r0
 967              	.LVL81:
 350:Core/Src/main.c ****     			y_i = 2.0*x_i*y_i + y_0;
 968              		.loc 1 350 15 view .LVU201
 969 002a 8B46     		mov	fp, r1
 970              	.LVL82:
 351:Core/Src/main.c **** 
 971              		.loc 1 351 8 is_stmt 1 view .LVU202
 351:Core/Src/main.c **** 
 972              		.loc 1 351 17 is_stmt 0 view .LVU203
 973 002c 2246     		mov	r2, r4
 974 002e 2B46     		mov	r3, r5
 975 0030 2046     		mov	r0, r4
 976 0032 2946     		mov	r1, r5
 977 0034 FFF7FEFF 		bl	__aeabi_dadd
 978              	.LVL83:
 351:Core/Src/main.c **** 
 979              		.loc 1 351 21 view .LVU204
 980 0038 4246     		mov	r2, r8
 981 003a 4B46     		mov	r3, r9
 982 003c FFF7FEFF 		bl	__aeabi_dmul
ARM GAS  C:\Users\Ebrahim\AppData\Local\Temp\ccXJohbJ.s 			page 28


 983              	.LVL84:
 351:Core/Src/main.c **** 
 984              		.loc 1 351 12 view .LVU205
 985 0040 DDE90423 		ldrd	r2, [sp, #16]
 986 0044 FFF7FEFF 		bl	__aeabi_dadd
 987              	.LVL85:
 988 0048 8046     		mov	r8, r0
 989              	.LVL86:
 351:Core/Src/main.c **** 
 990              		.loc 1 351 12 view .LVU206
 991 004a 8946     		mov	r9, r1
 992              	.LVL87:
 353:Core/Src/main.c **** 
 993              		.loc 1 353 8 is_stmt 1 view .LVU207
 353:Core/Src/main.c **** 
 994              		.loc 1 353 12 is_stmt 0 view .LVU208
 995 004c 5246     		mov	r2, r10
 996 004e 5B46     		mov	r3, fp
 997 0050 DDE90201 		ldrd	r0, [sp, #8]
 998 0054 FFF7FEFF 		bl	__aeabi_dadd
 999              	.LVL88:
 1000 0058 0446     		mov	r4, r0
 1001              	.LVL89:
 353:Core/Src/main.c **** 
 1002              		.loc 1 353 12 view .LVU209
 1003 005a 0D46     		mov	r5, r1
 1004              	.LVL90:
 355:Core/Src/main.c **** 
 1005              		.loc 1 355 8 is_stmt 1 view .LVU210
 355:Core/Src/main.c **** 
 1006              		.loc 1 355 18 is_stmt 0 view .LVU211
 1007 005c 0136     		adds	r6, r6, #1
 1008              	.LVL91:
 1009              	.L49:
 355:Core/Src/main.c **** 
 1010              		.loc 1 355 18 view .LVU212
 1011              	.LBE26:
 340:Core/Src/main.c ****     		{
 1012              		.loc 1 340 24 is_stmt 1 view .LVU213
 1013 005e BE42     		cmp	r6, r7
 1014 0060 1BDA     		bge	.L50
 1015              	.LBB27:
 343:Core/Src/main.c ****     			double y_i_sq = y_i*y_i;
 1016              		.loc 1 343 8 view .LVU214
 343:Core/Src/main.c ****     			double y_i_sq = y_i*y_i;
 1017              		.loc 1 343 15 is_stmt 0 view .LVU215
 1018 0062 2246     		mov	r2, r4
 1019 0064 2B46     		mov	r3, r5
 1020 0066 2046     		mov	r0, r4
 1021 0068 2946     		mov	r1, r5
 1022 006a FFF7FEFF 		bl	__aeabi_dmul
 1023              	.LVL92:
 1024 006e CDE90001 		strd	r0, [sp]
 1025              	.LVL93:
 344:Core/Src/main.c **** 
 1026              		.loc 1 344 8 is_stmt 1 view .LVU216
 344:Core/Src/main.c **** 
ARM GAS  C:\Users\Ebrahim\AppData\Local\Temp\ccXJohbJ.s 			page 29


 1027              		.loc 1 344 15 is_stmt 0 view .LVU217
 1028 0072 4246     		mov	r2, r8
 1029 0074 4B46     		mov	r3, r9
 1030 0076 4046     		mov	r0, r8
 1031              	.LVL94:
 344:Core/Src/main.c **** 
 1032              		.loc 1 344 15 view .LVU218
 1033 0078 4946     		mov	r1, r9
 1034 007a FFF7FEFF 		bl	__aeabi_dmul
 1035              	.LVL95:
 1036 007e 8246     		mov	r10, r0
 1037 0080 8B46     		mov	fp, r1
 1038              	.LVL96:
 346:Core/Src/main.c ****     			{
 1039              		.loc 1 346 8 is_stmt 1 view .LVU219
 346:Core/Src/main.c ****     			{
 1040              		.loc 1 346 18 is_stmt 0 view .LVU220
 1041 0082 0246     		mov	r2, r0
 1042 0084 0B46     		mov	r3, r1
 1043 0086 DDE90001 		ldrd	r0, [sp]
 1044 008a FFF7FEFF 		bl	__aeabi_dadd
 1045              	.LVL97:
 346:Core/Src/main.c ****     			{
 1046              		.loc 1 346 10 view .LVU221
 1047 008e 0022     		movs	r2, #0
 1048 0090 2F4B     		ldr	r3, .L59
 1049 0092 FFF7FEFF 		bl	__aeabi_dcmpgt
 1050              	.LVL98:
 1051 0096 0028     		cmp	r0, #0
 1052 0098 C0D0     		beq	.L56
 1053              	.LVL99:
 1054              	.L50:
 346:Core/Src/main.c ****     			{
 1055              		.loc 1 346 10 view .LVU222
 1056              	.LBE27:
 359:Core/Src/main.c **** 
 1057              		.loc 1 359 7 is_stmt 1 view .LVU223
 359:Core/Src/main.c **** 
 1058              		.loc 1 359 22 is_stmt 0 view .LVU224
 1059 009a 0A9B     		ldr	r3, [sp, #40]
 1060 009c F218     		adds	r2, r6, r3
 1061 009e 0A92     		str	r2, [sp, #40]
 1062              	.LVL100:
 359:Core/Src/main.c **** 
 1063              		.loc 1 359 22 view .LVU225
 1064 00a0 099B     		ldr	r3, [sp, #36]
 1065 00a2 43EBE673 		adc	r3, r3, r6, asr #31
 1066 00a6 0993     		str	r3, [sp, #36]
 1067              	.LVL101:
 359:Core/Src/main.c **** 
 1068              		.loc 1 359 22 view .LVU226
 1069              	.LBE25:
 330:Core/Src/main.c ****     	{
 1070              		.loc 1 330 35 is_stmt 1 discriminator 2 view .LVU227
 1071 00a8 079B     		ldr	r3, [sp, #28]
 1072              	.LVL102:
 330:Core/Src/main.c ****     	{
ARM GAS  C:\Users\Ebrahim\AppData\Local\Temp\ccXJohbJ.s 			page 30


 1073              		.loc 1 330 35 is_stmt 0 discriminator 2 view .LVU228
 1074 00aa 0133     		adds	r3, r3, #1
 1075 00ac 0793     		str	r3, [sp, #28]
 1076              	.LVL103:
 1077              	.L53:
 330:Core/Src/main.c ****     	{
 1078              		.loc 1 330 24 is_stmt 1 discriminator 1 view .LVU229
 1079 00ae 079B     		ldr	r3, [sp, #28]
 1080 00b0 089A     		ldr	r2, [sp, #32]
 1081 00b2 9342     		cmp	r3, r2
 1082 00b4 38DA     		bge	.L57
 1083              	.LBB28:
 332:Core/Src/main.c ****     		double y_0 = (double)y/height * 2.0 - 1.0;
 1084              		.loc 1 332 7 view .LVU230
 332:Core/Src/main.c ****     		double y_0 = (double)y/height * 2.0 - 1.0;
 1085              		.loc 1 332 21 is_stmt 0 view .LVU231
 1086 00b6 0798     		ldr	r0, [sp, #28]
 1087 00b8 FFF7FEFF 		bl	__aeabi_i2d
 1088              	.LVL104:
 1089 00bc 0446     		mov	r4, r0
 1090 00be 0D46     		mov	r5, r1
 332:Core/Src/main.c ****     		double y_0 = (double)y/height * 2.0 - 1.0;
 1091              		.loc 1 332 30 view .LVU232
 1092 00c0 0898     		ldr	r0, [sp, #32]
 1093 00c2 FFF7FEFF 		bl	__aeabi_i2d
 1094              	.LVL105:
 1095 00c6 0246     		mov	r2, r0
 1096 00c8 0B46     		mov	r3, r1
 1097 00ca 2046     		mov	r0, r4
 1098 00cc 2946     		mov	r1, r5
 1099 00ce FFF7FEFF 		bl	__aeabi_ddiv
 1100              	.LVL106:
 332:Core/Src/main.c ****     		double y_0 = (double)y/height * 2.0 - 1.0;
 1101              		.loc 1 332 37 view .LVU233
 1102 00d2 0022     		movs	r2, #0
 1103 00d4 1F4B     		ldr	r3, .L59+4
 1104 00d6 FFF7FEFF 		bl	__aeabi_dmul
 1105              	.LVL107:
 332:Core/Src/main.c ****     		double y_0 = (double)y/height * 2.0 - 1.0;
 1106              		.loc 1 332 14 view .LVU234
 1107 00da 0022     		movs	r2, #0
 1108 00dc 1E4B     		ldr	r3, .L59+8
 1109 00de FFF7FEFF 		bl	__aeabi_dsub
 1110              	.LVL108:
 1111 00e2 CDE90201 		strd	r0, [sp, #8]
 1112              	.LVL109:
 333:Core/Src/main.c **** 
 1113              		.loc 1 333 7 is_stmt 1 view .LVU235
 333:Core/Src/main.c **** 
 1114              		.loc 1 333 20 is_stmt 0 view .LVU236
 1115 00e6 0B98     		ldr	r0, [sp, #44]
 1116              	.LVL110:
 333:Core/Src/main.c **** 
 1117              		.loc 1 333 20 view .LVU237
 1118 00e8 FFF7FEFF 		bl	__aeabi_i2d
 1119              	.LVL111:
 1120 00ec 0446     		mov	r4, r0
ARM GAS  C:\Users\Ebrahim\AppData\Local\Temp\ccXJohbJ.s 			page 31


 1121 00ee 0D46     		mov	r5, r1
 333:Core/Src/main.c **** 
 1122              		.loc 1 333 29 view .LVU238
 1123 00f0 0C98     		ldr	r0, [sp, #48]
 1124 00f2 FFF7FEFF 		bl	__aeabi_i2d
 1125              	.LVL112:
 1126 00f6 0246     		mov	r2, r0
 1127 00f8 0B46     		mov	r3, r1
 1128 00fa 2046     		mov	r0, r4
 1129 00fc 2946     		mov	r1, r5
 1130 00fe FFF7FEFF 		bl	__aeabi_ddiv
 1131              	.LVL113:
 1132 0102 0246     		mov	r2, r0
 1133 0104 0B46     		mov	r3, r1
 333:Core/Src/main.c **** 
 1134              		.loc 1 333 37 view .LVU239
 1135 0106 FFF7FEFF 		bl	__aeabi_dadd
 1136              	.LVL114:
 333:Core/Src/main.c **** 
 1137              		.loc 1 333 14 view .LVU240
 1138 010a 0022     		movs	r2, #0
 1139 010c 134B     		ldr	r3, .L59+12
 1140 010e FFF7FEFF 		bl	__aeabi_dsub
 1141              	.LVL115:
 1142 0112 CDE90401 		strd	r0, [sp, #16]
 1143              	.LVL116:
 335:Core/Src/main.c ****     		double y_i = 0;
 1144              		.loc 1 335 7 is_stmt 1 view .LVU241
 336:Core/Src/main.c ****     		int iteration = 0;
 1145              		.loc 1 336 7 view .LVU242
 337:Core/Src/main.c **** 
 1146              		.loc 1 337 7 view .LVU243
 340:Core/Src/main.c ****     		{
 1147              		.loc 1 340 7 view .LVU244
 337:Core/Src/main.c **** 
 1148              		.loc 1 337 11 is_stmt 0 view .LVU245
 1149 0116 0026     		movs	r6, #0
 336:Core/Src/main.c ****     		int iteration = 0;
 1150              		.loc 1 336 14 view .LVU246
 1151 0118 4FF00008 		mov	r8, #0
 1152 011c 4FF00009 		mov	r9, #0
 335:Core/Src/main.c ****     		double y_i = 0;
 1153              		.loc 1 335 14 view .LVU247
 1154 0120 4446     		mov	r4, r8
 1155 0122 4D46     		mov	r5, r9
 1156 0124 0D9F     		ldr	r7, [sp, #52]
 340:Core/Src/main.c ****     		{
 1157              		.loc 1 340 13 view .LVU248
 1158 0126 9AE7     		b	.L49
 1159              	.LVL117:
 1160              	.L57:
 340:Core/Src/main.c ****     		{
 1161              		.loc 1 340 13 view .LVU249
 1162              	.LBE28:
 1163              	.LBE24:
 328:Core/Src/main.c ****     {
 1164              		.loc 1 328 34 discriminator 2 view .LVU250
ARM GAS  C:\Users\Ebrahim\AppData\Local\Temp\ccXJohbJ.s 			page 32


 1165 0128 DDF82C90 		ldr	r9, [sp, #44]
 328:Core/Src/main.c ****     {
 1166              		.loc 1 328 34 is_stmt 1 discriminator 2 view .LVU251
 1167 012c 09F10109 		add	r9, r9, #1
 1168              	.LVL118:
 1169              	.L48:
 328:Core/Src/main.c ****     {
 1170              		.loc 1 328 23 discriminator 1 view .LVU252
 1171 0130 0C9B     		ldr	r3, [sp, #48]
 1172 0132 9945     		cmp	r9, r3
 1173 0134 04DA     		bge	.L58
 1174              	.LBB29:
 330:Core/Src/main.c ****     	{
 1175              		.loc 1 330 15 is_stmt 0 view .LVU253
 1176 0136 0023     		movs	r3, #0
 1177 0138 0793     		str	r3, [sp, #28]
 1178 013a CDF82C90 		str	r9, [sp, #44]
 1179 013e B6E7     		b	.L53
 1180              	.L58:
 330:Core/Src/main.c ****     	{
 1181              		.loc 1 330 15 view .LVU254
 1182              	.LBE29:
 1183              	.LBE30:
 365:Core/Src/main.c **** 
 1184              		.loc 1 365 1 view .LVU255
 1185 0140 DDF82890 		ldr	r9, [sp, #40]
 1186              	.LVL119:
 364:Core/Src/main.c **** }
 1187              		.loc 1 364 5 is_stmt 1 view .LVU256
 365:Core/Src/main.c **** 
 1188              		.loc 1 365 1 is_stmt 0 view .LVU257
 1189 0144 4846     		mov	r0, r9
 1190 0146 0999     		ldr	r1, [sp, #36]
 1191 0148 0FB0     		add	sp, sp, #60
 1192              	.LCFI11:
 1193              		.cfi_def_cfa_offset 36
 1194              		@ sp needed
 1195 014a BDE8F08F 		pop	{r4, r5, r6, r7, r8, r9, r10, fp, pc}
 1196              	.LVL120:
 1197              	.L60:
 365:Core/Src/main.c **** 
 1198              		.loc 1 365 1 view .LVU258
 1199 014e 00BF     		.align	2
 1200              	.L59:
 1201 0150 00001040 		.word	1074790400
 1202 0154 00000C40 		.word	1074528256
 1203 0158 00000440 		.word	1074003968
 1204 015c 0000F03F 		.word	1072693248
 1205              		.cfi_endproc
 1206              	.LFE139:
 1208              		.section	.text.Error_Handler,"ax",%progbits
 1209              		.align	1
 1210              		.global	Error_Handler
 1211              		.syntax unified
 1212              		.thumb
 1213              		.thumb_func
 1215              	Error_Handler:
ARM GAS  C:\Users\Ebrahim\AppData\Local\Temp\ccXJohbJ.s 			page 33


 1216              	.LFB143:
 384:Core/Src/main.c **** 
 385:Core/Src/main.c **** /* USER CODE END 4 */
 386:Core/Src/main.c **** 
 387:Core/Src/main.c **** /**
 388:Core/Src/main.c ****   * @brief  This function is executed in case of error occurrence.
 389:Core/Src/main.c ****   * @retval None
 390:Core/Src/main.c ****   */
 391:Core/Src/main.c **** void Error_Handler(void)
 392:Core/Src/main.c **** {
 1217              		.loc 1 392 1 is_stmt 1 view -0
 1218              		.cfi_startproc
 1219              		@ Volatile: function does not return.
 1220              		@ args = 0, pretend = 0, frame = 0
 1221              		@ frame_needed = 0, uses_anonymous_args = 0
 1222              		@ link register save eliminated.
 393:Core/Src/main.c ****   /* USER CODE BEGIN Error_Handler_Debug */
 394:Core/Src/main.c ****   /* User can add his own implementation to report the HAL error return state */
 395:Core/Src/main.c ****   __disable_irq();
 1223              		.loc 1 395 3 view .LVU260
 1224              	.LBB31:
 1225              	.LBI31:
 1226              		.file 2 "Drivers/CMSIS/Include/cmsis_gcc.h"
   1:Drivers/CMSIS/Include/cmsis_gcc.h **** /**************************************************************************//**
   2:Drivers/CMSIS/Include/cmsis_gcc.h ****  * @file     cmsis_gcc.h
   3:Drivers/CMSIS/Include/cmsis_gcc.h ****  * @brief    CMSIS compiler GCC header file
   4:Drivers/CMSIS/Include/cmsis_gcc.h ****  * @version  V5.4.1
   5:Drivers/CMSIS/Include/cmsis_gcc.h ****  * @date     27. May 2021
   6:Drivers/CMSIS/Include/cmsis_gcc.h ****  ******************************************************************************/
   7:Drivers/CMSIS/Include/cmsis_gcc.h **** /*
   8:Drivers/CMSIS/Include/cmsis_gcc.h ****  * Copyright (c) 2009-2021 Arm Limited. All rights reserved.
   9:Drivers/CMSIS/Include/cmsis_gcc.h ****  *
  10:Drivers/CMSIS/Include/cmsis_gcc.h ****  * SPDX-License-Identifier: Apache-2.0
  11:Drivers/CMSIS/Include/cmsis_gcc.h ****  *
  12:Drivers/CMSIS/Include/cmsis_gcc.h ****  * Licensed under the Apache License, Version 2.0 (the License); you may
  13:Drivers/CMSIS/Include/cmsis_gcc.h ****  * not use this file except in compliance with the License.
  14:Drivers/CMSIS/Include/cmsis_gcc.h ****  * You may obtain a copy of the License at
  15:Drivers/CMSIS/Include/cmsis_gcc.h ****  *
  16:Drivers/CMSIS/Include/cmsis_gcc.h ****  * www.apache.org/licenses/LICENSE-2.0
  17:Drivers/CMSIS/Include/cmsis_gcc.h ****  *
  18:Drivers/CMSIS/Include/cmsis_gcc.h ****  * Unless required by applicable law or agreed to in writing, software
  19:Drivers/CMSIS/Include/cmsis_gcc.h ****  * distributed under the License is distributed on an AS IS BASIS, WITHOUT
  20:Drivers/CMSIS/Include/cmsis_gcc.h ****  * WARRANTIES OR CONDITIONS OF ANY KIND, either express or implied.
  21:Drivers/CMSIS/Include/cmsis_gcc.h ****  * See the License for the specific language governing permissions and
  22:Drivers/CMSIS/Include/cmsis_gcc.h ****  * limitations under the License.
  23:Drivers/CMSIS/Include/cmsis_gcc.h ****  */
  24:Drivers/CMSIS/Include/cmsis_gcc.h **** 
  25:Drivers/CMSIS/Include/cmsis_gcc.h **** #ifndef __CMSIS_GCC_H
  26:Drivers/CMSIS/Include/cmsis_gcc.h **** #define __CMSIS_GCC_H
  27:Drivers/CMSIS/Include/cmsis_gcc.h **** 
  28:Drivers/CMSIS/Include/cmsis_gcc.h **** /* ignore some GCC warnings */
  29:Drivers/CMSIS/Include/cmsis_gcc.h **** #pragma GCC diagnostic push
  30:Drivers/CMSIS/Include/cmsis_gcc.h **** #pragma GCC diagnostic ignored "-Wsign-conversion"
  31:Drivers/CMSIS/Include/cmsis_gcc.h **** #pragma GCC diagnostic ignored "-Wconversion"
  32:Drivers/CMSIS/Include/cmsis_gcc.h **** #pragma GCC diagnostic ignored "-Wunused-parameter"
  33:Drivers/CMSIS/Include/cmsis_gcc.h **** 
  34:Drivers/CMSIS/Include/cmsis_gcc.h **** /* Fallback for __has_builtin */
ARM GAS  C:\Users\Ebrahim\AppData\Local\Temp\ccXJohbJ.s 			page 34


  35:Drivers/CMSIS/Include/cmsis_gcc.h **** #ifndef __has_builtin
  36:Drivers/CMSIS/Include/cmsis_gcc.h ****   #define __has_builtin(x) (0)
  37:Drivers/CMSIS/Include/cmsis_gcc.h **** #endif
  38:Drivers/CMSIS/Include/cmsis_gcc.h **** 
  39:Drivers/CMSIS/Include/cmsis_gcc.h **** /* CMSIS compiler specific defines */
  40:Drivers/CMSIS/Include/cmsis_gcc.h **** #ifndef   __ASM
  41:Drivers/CMSIS/Include/cmsis_gcc.h ****   #define __ASM                                  __asm
  42:Drivers/CMSIS/Include/cmsis_gcc.h **** #endif
  43:Drivers/CMSIS/Include/cmsis_gcc.h **** #ifndef   __INLINE
  44:Drivers/CMSIS/Include/cmsis_gcc.h ****   #define __INLINE                               inline
  45:Drivers/CMSIS/Include/cmsis_gcc.h **** #endif
  46:Drivers/CMSIS/Include/cmsis_gcc.h **** #ifndef   __STATIC_INLINE
  47:Drivers/CMSIS/Include/cmsis_gcc.h ****   #define __STATIC_INLINE                        static inline
  48:Drivers/CMSIS/Include/cmsis_gcc.h **** #endif
  49:Drivers/CMSIS/Include/cmsis_gcc.h **** #ifndef   __STATIC_FORCEINLINE
  50:Drivers/CMSIS/Include/cmsis_gcc.h ****   #define __STATIC_FORCEINLINE                   __attribute__((always_inline)) static inline
  51:Drivers/CMSIS/Include/cmsis_gcc.h **** #endif
  52:Drivers/CMSIS/Include/cmsis_gcc.h **** #ifndef   __NO_RETURN
  53:Drivers/CMSIS/Include/cmsis_gcc.h ****   #define __NO_RETURN                            __attribute__((__noreturn__))
  54:Drivers/CMSIS/Include/cmsis_gcc.h **** #endif
  55:Drivers/CMSIS/Include/cmsis_gcc.h **** #ifndef   __USED
  56:Drivers/CMSIS/Include/cmsis_gcc.h ****   #define __USED                                 __attribute__((used))
  57:Drivers/CMSIS/Include/cmsis_gcc.h **** #endif
  58:Drivers/CMSIS/Include/cmsis_gcc.h **** #ifndef   __WEAK
  59:Drivers/CMSIS/Include/cmsis_gcc.h ****   #define __WEAK                                 __attribute__((weak))
  60:Drivers/CMSIS/Include/cmsis_gcc.h **** #endif
  61:Drivers/CMSIS/Include/cmsis_gcc.h **** #ifndef   __PACKED
  62:Drivers/CMSIS/Include/cmsis_gcc.h ****   #define __PACKED                               __attribute__((packed, aligned(1)))
  63:Drivers/CMSIS/Include/cmsis_gcc.h **** #endif
  64:Drivers/CMSIS/Include/cmsis_gcc.h **** #ifndef   __PACKED_STRUCT
  65:Drivers/CMSIS/Include/cmsis_gcc.h ****   #define __PACKED_STRUCT                        struct __attribute__((packed, aligned(1)))
  66:Drivers/CMSIS/Include/cmsis_gcc.h **** #endif
  67:Drivers/CMSIS/Include/cmsis_gcc.h **** #ifndef   __PACKED_UNION
  68:Drivers/CMSIS/Include/cmsis_gcc.h ****   #define __PACKED_UNION                         union __attribute__((packed, aligned(1)))
  69:Drivers/CMSIS/Include/cmsis_gcc.h **** #endif
  70:Drivers/CMSIS/Include/cmsis_gcc.h **** #ifndef   __UNALIGNED_UINT32        /* deprecated */
  71:Drivers/CMSIS/Include/cmsis_gcc.h ****   #pragma GCC diagnostic push
  72:Drivers/CMSIS/Include/cmsis_gcc.h ****   #pragma GCC diagnostic ignored "-Wpacked"
  73:Drivers/CMSIS/Include/cmsis_gcc.h ****   #pragma GCC diagnostic ignored "-Wattributes"
  74:Drivers/CMSIS/Include/cmsis_gcc.h ****   struct __attribute__((packed)) T_UINT32 { uint32_t v; };
  75:Drivers/CMSIS/Include/cmsis_gcc.h ****   #pragma GCC diagnostic pop
  76:Drivers/CMSIS/Include/cmsis_gcc.h ****   #define __UNALIGNED_UINT32(x)                  (((struct T_UINT32 *)(x))->v)
  77:Drivers/CMSIS/Include/cmsis_gcc.h **** #endif
  78:Drivers/CMSIS/Include/cmsis_gcc.h **** #ifndef   __UNALIGNED_UINT16_WRITE
  79:Drivers/CMSIS/Include/cmsis_gcc.h ****   #pragma GCC diagnostic push
  80:Drivers/CMSIS/Include/cmsis_gcc.h ****   #pragma GCC diagnostic ignored "-Wpacked"
  81:Drivers/CMSIS/Include/cmsis_gcc.h ****   #pragma GCC diagnostic ignored "-Wattributes"
  82:Drivers/CMSIS/Include/cmsis_gcc.h ****   __PACKED_STRUCT T_UINT16_WRITE { uint16_t v; };
  83:Drivers/CMSIS/Include/cmsis_gcc.h ****   #pragma GCC diagnostic pop
  84:Drivers/CMSIS/Include/cmsis_gcc.h ****   #define __UNALIGNED_UINT16_WRITE(addr, val)    (void)((((struct T_UINT16_WRITE *)(void *)(addr))-
  85:Drivers/CMSIS/Include/cmsis_gcc.h **** #endif
  86:Drivers/CMSIS/Include/cmsis_gcc.h **** #ifndef   __UNALIGNED_UINT16_READ
  87:Drivers/CMSIS/Include/cmsis_gcc.h ****   #pragma GCC diagnostic push
  88:Drivers/CMSIS/Include/cmsis_gcc.h ****   #pragma GCC diagnostic ignored "-Wpacked"
  89:Drivers/CMSIS/Include/cmsis_gcc.h ****   #pragma GCC diagnostic ignored "-Wattributes"
  90:Drivers/CMSIS/Include/cmsis_gcc.h ****   __PACKED_STRUCT T_UINT16_READ { uint16_t v; };
  91:Drivers/CMSIS/Include/cmsis_gcc.h ****   #pragma GCC diagnostic pop
ARM GAS  C:\Users\Ebrahim\AppData\Local\Temp\ccXJohbJ.s 			page 35


  92:Drivers/CMSIS/Include/cmsis_gcc.h ****   #define __UNALIGNED_UINT16_READ(addr)          (((const struct T_UINT16_READ *)(const void *)(add
  93:Drivers/CMSIS/Include/cmsis_gcc.h **** #endif
  94:Drivers/CMSIS/Include/cmsis_gcc.h **** #ifndef   __UNALIGNED_UINT32_WRITE
  95:Drivers/CMSIS/Include/cmsis_gcc.h ****   #pragma GCC diagnostic push
  96:Drivers/CMSIS/Include/cmsis_gcc.h ****   #pragma GCC diagnostic ignored "-Wpacked"
  97:Drivers/CMSIS/Include/cmsis_gcc.h ****   #pragma GCC diagnostic ignored "-Wattributes"
  98:Drivers/CMSIS/Include/cmsis_gcc.h ****   __PACKED_STRUCT T_UINT32_WRITE { uint32_t v; };
  99:Drivers/CMSIS/Include/cmsis_gcc.h ****   #pragma GCC diagnostic pop
 100:Drivers/CMSIS/Include/cmsis_gcc.h ****   #define __UNALIGNED_UINT32_WRITE(addr, val)    (void)((((struct T_UINT32_WRITE *)(void *)(addr))-
 101:Drivers/CMSIS/Include/cmsis_gcc.h **** #endif
 102:Drivers/CMSIS/Include/cmsis_gcc.h **** #ifndef   __UNALIGNED_UINT32_READ
 103:Drivers/CMSIS/Include/cmsis_gcc.h ****   #pragma GCC diagnostic push
 104:Drivers/CMSIS/Include/cmsis_gcc.h ****   #pragma GCC diagnostic ignored "-Wpacked"
 105:Drivers/CMSIS/Include/cmsis_gcc.h ****   #pragma GCC diagnostic ignored "-Wattributes"
 106:Drivers/CMSIS/Include/cmsis_gcc.h ****   __PACKED_STRUCT T_UINT32_READ { uint32_t v; };
 107:Drivers/CMSIS/Include/cmsis_gcc.h ****   #pragma GCC diagnostic pop
 108:Drivers/CMSIS/Include/cmsis_gcc.h ****   #define __UNALIGNED_UINT32_READ(addr)          (((const struct T_UINT32_READ *)(const void *)(add
 109:Drivers/CMSIS/Include/cmsis_gcc.h **** #endif
 110:Drivers/CMSIS/Include/cmsis_gcc.h **** #ifndef   __ALIGNED
 111:Drivers/CMSIS/Include/cmsis_gcc.h ****   #define __ALIGNED(x)                           __attribute__((aligned(x)))
 112:Drivers/CMSIS/Include/cmsis_gcc.h **** #endif
 113:Drivers/CMSIS/Include/cmsis_gcc.h **** #ifndef   __RESTRICT
 114:Drivers/CMSIS/Include/cmsis_gcc.h ****   #define __RESTRICT                             __restrict
 115:Drivers/CMSIS/Include/cmsis_gcc.h **** #endif
 116:Drivers/CMSIS/Include/cmsis_gcc.h **** #ifndef   __COMPILER_BARRIER
 117:Drivers/CMSIS/Include/cmsis_gcc.h ****   #define __COMPILER_BARRIER()                   __ASM volatile("":::"memory")
 118:Drivers/CMSIS/Include/cmsis_gcc.h **** #endif
 119:Drivers/CMSIS/Include/cmsis_gcc.h **** 
 120:Drivers/CMSIS/Include/cmsis_gcc.h **** /* #########################  Startup and Lowlevel Init  ######################## */
 121:Drivers/CMSIS/Include/cmsis_gcc.h **** 
 122:Drivers/CMSIS/Include/cmsis_gcc.h **** #ifndef __PROGRAM_START
 123:Drivers/CMSIS/Include/cmsis_gcc.h **** 
 124:Drivers/CMSIS/Include/cmsis_gcc.h **** /**
 125:Drivers/CMSIS/Include/cmsis_gcc.h ****   \brief   Initializes data and bss sections
 126:Drivers/CMSIS/Include/cmsis_gcc.h ****   \details This default implementations initialized all data and additional bss
 127:Drivers/CMSIS/Include/cmsis_gcc.h ****            sections relying on .copy.table and .zero.table specified properly
 128:Drivers/CMSIS/Include/cmsis_gcc.h ****            in the used linker script.
 129:Drivers/CMSIS/Include/cmsis_gcc.h **** 
 130:Drivers/CMSIS/Include/cmsis_gcc.h ****  */
 131:Drivers/CMSIS/Include/cmsis_gcc.h **** __STATIC_FORCEINLINE __NO_RETURN void __cmsis_start(void)
 132:Drivers/CMSIS/Include/cmsis_gcc.h **** {
 133:Drivers/CMSIS/Include/cmsis_gcc.h ****   extern void _start(void) __NO_RETURN;
 134:Drivers/CMSIS/Include/cmsis_gcc.h **** 
 135:Drivers/CMSIS/Include/cmsis_gcc.h ****   typedef struct {
 136:Drivers/CMSIS/Include/cmsis_gcc.h ****     uint32_t const* src;
 137:Drivers/CMSIS/Include/cmsis_gcc.h ****     uint32_t* dest;
 138:Drivers/CMSIS/Include/cmsis_gcc.h ****     uint32_t  wlen;
 139:Drivers/CMSIS/Include/cmsis_gcc.h ****   } __copy_table_t;
 140:Drivers/CMSIS/Include/cmsis_gcc.h **** 
 141:Drivers/CMSIS/Include/cmsis_gcc.h ****   typedef struct {
 142:Drivers/CMSIS/Include/cmsis_gcc.h ****     uint32_t* dest;
 143:Drivers/CMSIS/Include/cmsis_gcc.h ****     uint32_t  wlen;
 144:Drivers/CMSIS/Include/cmsis_gcc.h ****   } __zero_table_t;
 145:Drivers/CMSIS/Include/cmsis_gcc.h **** 
 146:Drivers/CMSIS/Include/cmsis_gcc.h ****   extern const __copy_table_t __copy_table_start__;
 147:Drivers/CMSIS/Include/cmsis_gcc.h ****   extern const __copy_table_t __copy_table_end__;
 148:Drivers/CMSIS/Include/cmsis_gcc.h ****   extern const __zero_table_t __zero_table_start__;
ARM GAS  C:\Users\Ebrahim\AppData\Local\Temp\ccXJohbJ.s 			page 36


 149:Drivers/CMSIS/Include/cmsis_gcc.h ****   extern const __zero_table_t __zero_table_end__;
 150:Drivers/CMSIS/Include/cmsis_gcc.h **** 
 151:Drivers/CMSIS/Include/cmsis_gcc.h ****   for (__copy_table_t const* pTable = &__copy_table_start__; pTable < &__copy_table_end__; ++pTable
 152:Drivers/CMSIS/Include/cmsis_gcc.h ****     for(uint32_t i=0u; i<pTable->wlen; ++i) {
 153:Drivers/CMSIS/Include/cmsis_gcc.h ****       pTable->dest[i] = pTable->src[i];
 154:Drivers/CMSIS/Include/cmsis_gcc.h ****     }
 155:Drivers/CMSIS/Include/cmsis_gcc.h ****   }
 156:Drivers/CMSIS/Include/cmsis_gcc.h **** 
 157:Drivers/CMSIS/Include/cmsis_gcc.h ****   for (__zero_table_t const* pTable = &__zero_table_start__; pTable < &__zero_table_end__; ++pTable
 158:Drivers/CMSIS/Include/cmsis_gcc.h ****     for(uint32_t i=0u; i<pTable->wlen; ++i) {
 159:Drivers/CMSIS/Include/cmsis_gcc.h ****       pTable->dest[i] = 0u;
 160:Drivers/CMSIS/Include/cmsis_gcc.h ****     }
 161:Drivers/CMSIS/Include/cmsis_gcc.h ****   }
 162:Drivers/CMSIS/Include/cmsis_gcc.h **** 
 163:Drivers/CMSIS/Include/cmsis_gcc.h ****   _start();
 164:Drivers/CMSIS/Include/cmsis_gcc.h **** }
 165:Drivers/CMSIS/Include/cmsis_gcc.h **** 
 166:Drivers/CMSIS/Include/cmsis_gcc.h **** #define __PROGRAM_START           __cmsis_start
 167:Drivers/CMSIS/Include/cmsis_gcc.h **** #endif
 168:Drivers/CMSIS/Include/cmsis_gcc.h **** 
 169:Drivers/CMSIS/Include/cmsis_gcc.h **** #ifndef __INITIAL_SP
 170:Drivers/CMSIS/Include/cmsis_gcc.h **** #define __INITIAL_SP              __StackTop
 171:Drivers/CMSIS/Include/cmsis_gcc.h **** #endif
 172:Drivers/CMSIS/Include/cmsis_gcc.h **** 
 173:Drivers/CMSIS/Include/cmsis_gcc.h **** #ifndef __STACK_LIMIT
 174:Drivers/CMSIS/Include/cmsis_gcc.h **** #define __STACK_LIMIT             __StackLimit
 175:Drivers/CMSIS/Include/cmsis_gcc.h **** #endif
 176:Drivers/CMSIS/Include/cmsis_gcc.h **** 
 177:Drivers/CMSIS/Include/cmsis_gcc.h **** #ifndef __VECTOR_TABLE
 178:Drivers/CMSIS/Include/cmsis_gcc.h **** #define __VECTOR_TABLE            __Vectors
 179:Drivers/CMSIS/Include/cmsis_gcc.h **** #endif
 180:Drivers/CMSIS/Include/cmsis_gcc.h **** 
 181:Drivers/CMSIS/Include/cmsis_gcc.h **** #ifndef __VECTOR_TABLE_ATTRIBUTE
 182:Drivers/CMSIS/Include/cmsis_gcc.h **** #define __VECTOR_TABLE_ATTRIBUTE  __attribute__((used, section(".vectors")))
 183:Drivers/CMSIS/Include/cmsis_gcc.h **** #endif
 184:Drivers/CMSIS/Include/cmsis_gcc.h **** 
 185:Drivers/CMSIS/Include/cmsis_gcc.h **** #if defined (__ARM_FEATURE_CMSE) && (__ARM_FEATURE_CMSE == 3U)
 186:Drivers/CMSIS/Include/cmsis_gcc.h **** #ifndef __STACK_SEAL
 187:Drivers/CMSIS/Include/cmsis_gcc.h **** #define __STACK_SEAL              __StackSeal
 188:Drivers/CMSIS/Include/cmsis_gcc.h **** #endif
 189:Drivers/CMSIS/Include/cmsis_gcc.h **** 
 190:Drivers/CMSIS/Include/cmsis_gcc.h **** #ifndef __TZ_STACK_SEAL_SIZE
 191:Drivers/CMSIS/Include/cmsis_gcc.h **** #define __TZ_STACK_SEAL_SIZE      8U
 192:Drivers/CMSIS/Include/cmsis_gcc.h **** #endif
 193:Drivers/CMSIS/Include/cmsis_gcc.h **** 
 194:Drivers/CMSIS/Include/cmsis_gcc.h **** #ifndef __TZ_STACK_SEAL_VALUE
 195:Drivers/CMSIS/Include/cmsis_gcc.h **** #define __TZ_STACK_SEAL_VALUE     0xFEF5EDA5FEF5EDA5ULL
 196:Drivers/CMSIS/Include/cmsis_gcc.h **** #endif
 197:Drivers/CMSIS/Include/cmsis_gcc.h **** 
 198:Drivers/CMSIS/Include/cmsis_gcc.h **** 
 199:Drivers/CMSIS/Include/cmsis_gcc.h **** __STATIC_FORCEINLINE void __TZ_set_STACKSEAL_S (uint32_t* stackTop) {
 200:Drivers/CMSIS/Include/cmsis_gcc.h ****   *((uint64_t *)stackTop) = __TZ_STACK_SEAL_VALUE;
 201:Drivers/CMSIS/Include/cmsis_gcc.h **** }
 202:Drivers/CMSIS/Include/cmsis_gcc.h **** #endif
 203:Drivers/CMSIS/Include/cmsis_gcc.h **** 
 204:Drivers/CMSIS/Include/cmsis_gcc.h **** 
 205:Drivers/CMSIS/Include/cmsis_gcc.h **** /* ##########################  Core Instruction Access  ######################### */
ARM GAS  C:\Users\Ebrahim\AppData\Local\Temp\ccXJohbJ.s 			page 37


 206:Drivers/CMSIS/Include/cmsis_gcc.h **** /** \defgroup CMSIS_Core_InstructionInterface CMSIS Core Instruction Interface
 207:Drivers/CMSIS/Include/cmsis_gcc.h ****   Access to dedicated instructions
 208:Drivers/CMSIS/Include/cmsis_gcc.h ****   @{
 209:Drivers/CMSIS/Include/cmsis_gcc.h **** */
 210:Drivers/CMSIS/Include/cmsis_gcc.h **** 
 211:Drivers/CMSIS/Include/cmsis_gcc.h **** /* Define macros for porting to both thumb1 and thumb2.
 212:Drivers/CMSIS/Include/cmsis_gcc.h ****  * For thumb1, use low register (r0-r7), specified by constraint "l"
 213:Drivers/CMSIS/Include/cmsis_gcc.h ****  * Otherwise, use general registers, specified by constraint "r" */
 214:Drivers/CMSIS/Include/cmsis_gcc.h **** #if defined (__thumb__) && !defined (__thumb2__)
 215:Drivers/CMSIS/Include/cmsis_gcc.h **** #define __CMSIS_GCC_OUT_REG(r) "=l" (r)
 216:Drivers/CMSIS/Include/cmsis_gcc.h **** #define __CMSIS_GCC_RW_REG(r) "+l" (r)
 217:Drivers/CMSIS/Include/cmsis_gcc.h **** #define __CMSIS_GCC_USE_REG(r) "l" (r)
 218:Drivers/CMSIS/Include/cmsis_gcc.h **** #else
 219:Drivers/CMSIS/Include/cmsis_gcc.h **** #define __CMSIS_GCC_OUT_REG(r) "=r" (r)
 220:Drivers/CMSIS/Include/cmsis_gcc.h **** #define __CMSIS_GCC_RW_REG(r) "+r" (r)
 221:Drivers/CMSIS/Include/cmsis_gcc.h **** #define __CMSIS_GCC_USE_REG(r) "r" (r)
 222:Drivers/CMSIS/Include/cmsis_gcc.h **** #endif
 223:Drivers/CMSIS/Include/cmsis_gcc.h **** 
 224:Drivers/CMSIS/Include/cmsis_gcc.h **** /**
 225:Drivers/CMSIS/Include/cmsis_gcc.h ****   \brief   No Operation
 226:Drivers/CMSIS/Include/cmsis_gcc.h ****   \details No Operation does nothing. This instruction can be used for code alignment purposes.
 227:Drivers/CMSIS/Include/cmsis_gcc.h ****  */
 228:Drivers/CMSIS/Include/cmsis_gcc.h **** #define __NOP()                             __ASM volatile ("nop")
 229:Drivers/CMSIS/Include/cmsis_gcc.h **** 
 230:Drivers/CMSIS/Include/cmsis_gcc.h **** /**
 231:Drivers/CMSIS/Include/cmsis_gcc.h ****   \brief   Wait For Interrupt
 232:Drivers/CMSIS/Include/cmsis_gcc.h ****   \details Wait For Interrupt is a hint instruction that suspends execution until one of a number o
 233:Drivers/CMSIS/Include/cmsis_gcc.h ****  */
 234:Drivers/CMSIS/Include/cmsis_gcc.h **** #define __WFI()                             __ASM volatile ("wfi":::"memory")
 235:Drivers/CMSIS/Include/cmsis_gcc.h **** 
 236:Drivers/CMSIS/Include/cmsis_gcc.h **** 
 237:Drivers/CMSIS/Include/cmsis_gcc.h **** /**
 238:Drivers/CMSIS/Include/cmsis_gcc.h ****   \brief   Wait For Event
 239:Drivers/CMSIS/Include/cmsis_gcc.h ****   \details Wait For Event is a hint instruction that permits the processor to enter
 240:Drivers/CMSIS/Include/cmsis_gcc.h ****            a low-power state until one of a number of events occurs.
 241:Drivers/CMSIS/Include/cmsis_gcc.h ****  */
 242:Drivers/CMSIS/Include/cmsis_gcc.h **** #define __WFE()                             __ASM volatile ("wfe":::"memory")
 243:Drivers/CMSIS/Include/cmsis_gcc.h **** 
 244:Drivers/CMSIS/Include/cmsis_gcc.h **** 
 245:Drivers/CMSIS/Include/cmsis_gcc.h **** /**
 246:Drivers/CMSIS/Include/cmsis_gcc.h ****   \brief   Send Event
 247:Drivers/CMSIS/Include/cmsis_gcc.h ****   \details Send Event is a hint instruction. It causes an event to be signaled to the CPU.
 248:Drivers/CMSIS/Include/cmsis_gcc.h ****  */
 249:Drivers/CMSIS/Include/cmsis_gcc.h **** #define __SEV()                             __ASM volatile ("sev")
 250:Drivers/CMSIS/Include/cmsis_gcc.h **** 
 251:Drivers/CMSIS/Include/cmsis_gcc.h **** 
 252:Drivers/CMSIS/Include/cmsis_gcc.h **** /**
 253:Drivers/CMSIS/Include/cmsis_gcc.h ****   \brief   Instruction Synchronization Barrier
 254:Drivers/CMSIS/Include/cmsis_gcc.h ****   \details Instruction Synchronization Barrier flushes the pipeline in the processor,
 255:Drivers/CMSIS/Include/cmsis_gcc.h ****            so that all instructions following the ISB are fetched from cache or memory,
 256:Drivers/CMSIS/Include/cmsis_gcc.h ****            after the instruction has been completed.
 257:Drivers/CMSIS/Include/cmsis_gcc.h ****  */
 258:Drivers/CMSIS/Include/cmsis_gcc.h **** __STATIC_FORCEINLINE void __ISB(void)
 259:Drivers/CMSIS/Include/cmsis_gcc.h **** {
 260:Drivers/CMSIS/Include/cmsis_gcc.h ****   __ASM volatile ("isb 0xF":::"memory");
 261:Drivers/CMSIS/Include/cmsis_gcc.h **** }
 262:Drivers/CMSIS/Include/cmsis_gcc.h **** 
ARM GAS  C:\Users\Ebrahim\AppData\Local\Temp\ccXJohbJ.s 			page 38


 263:Drivers/CMSIS/Include/cmsis_gcc.h **** 
 264:Drivers/CMSIS/Include/cmsis_gcc.h **** /**
 265:Drivers/CMSIS/Include/cmsis_gcc.h ****   \brief   Data Synchronization Barrier
 266:Drivers/CMSIS/Include/cmsis_gcc.h ****   \details Acts as a special kind of Data Memory Barrier.
 267:Drivers/CMSIS/Include/cmsis_gcc.h ****            It completes when all explicit memory accesses before this instruction complete.
 268:Drivers/CMSIS/Include/cmsis_gcc.h ****  */
 269:Drivers/CMSIS/Include/cmsis_gcc.h **** __STATIC_FORCEINLINE void __DSB(void)
 270:Drivers/CMSIS/Include/cmsis_gcc.h **** {
 271:Drivers/CMSIS/Include/cmsis_gcc.h ****   __ASM volatile ("dsb 0xF":::"memory");
 272:Drivers/CMSIS/Include/cmsis_gcc.h **** }
 273:Drivers/CMSIS/Include/cmsis_gcc.h **** 
 274:Drivers/CMSIS/Include/cmsis_gcc.h **** 
 275:Drivers/CMSIS/Include/cmsis_gcc.h **** /**
 276:Drivers/CMSIS/Include/cmsis_gcc.h ****   \brief   Data Memory Barrier
 277:Drivers/CMSIS/Include/cmsis_gcc.h ****   \details Ensures the apparent order of the explicit memory operations before
 278:Drivers/CMSIS/Include/cmsis_gcc.h ****            and after the instruction, without ensuring their completion.
 279:Drivers/CMSIS/Include/cmsis_gcc.h ****  */
 280:Drivers/CMSIS/Include/cmsis_gcc.h **** __STATIC_FORCEINLINE void __DMB(void)
 281:Drivers/CMSIS/Include/cmsis_gcc.h **** {
 282:Drivers/CMSIS/Include/cmsis_gcc.h ****   __ASM volatile ("dmb 0xF":::"memory");
 283:Drivers/CMSIS/Include/cmsis_gcc.h **** }
 284:Drivers/CMSIS/Include/cmsis_gcc.h **** 
 285:Drivers/CMSIS/Include/cmsis_gcc.h **** 
 286:Drivers/CMSIS/Include/cmsis_gcc.h **** /**
 287:Drivers/CMSIS/Include/cmsis_gcc.h ****   \brief   Reverse byte order (32 bit)
 288:Drivers/CMSIS/Include/cmsis_gcc.h ****   \details Reverses the byte order in unsigned integer value. For example, 0x12345678 becomes 0x785
 289:Drivers/CMSIS/Include/cmsis_gcc.h ****   \param [in]    value  Value to reverse
 290:Drivers/CMSIS/Include/cmsis_gcc.h ****   \return               Reversed value
 291:Drivers/CMSIS/Include/cmsis_gcc.h ****  */
 292:Drivers/CMSIS/Include/cmsis_gcc.h **** __STATIC_FORCEINLINE uint32_t __REV(uint32_t value)
 293:Drivers/CMSIS/Include/cmsis_gcc.h **** {
 294:Drivers/CMSIS/Include/cmsis_gcc.h **** #if (__GNUC__ > 4) || (__GNUC__ == 4 && __GNUC_MINOR__ >= 5)
 295:Drivers/CMSIS/Include/cmsis_gcc.h ****   return __builtin_bswap32(value);
 296:Drivers/CMSIS/Include/cmsis_gcc.h **** #else
 297:Drivers/CMSIS/Include/cmsis_gcc.h ****   uint32_t result;
 298:Drivers/CMSIS/Include/cmsis_gcc.h **** 
 299:Drivers/CMSIS/Include/cmsis_gcc.h ****   __ASM ("rev %0, %1" : __CMSIS_GCC_OUT_REG (result) : __CMSIS_GCC_USE_REG (value) );
 300:Drivers/CMSIS/Include/cmsis_gcc.h ****   return result;
 301:Drivers/CMSIS/Include/cmsis_gcc.h **** #endif
 302:Drivers/CMSIS/Include/cmsis_gcc.h **** }
 303:Drivers/CMSIS/Include/cmsis_gcc.h **** 
 304:Drivers/CMSIS/Include/cmsis_gcc.h **** 
 305:Drivers/CMSIS/Include/cmsis_gcc.h **** /**
 306:Drivers/CMSIS/Include/cmsis_gcc.h ****   \brief   Reverse byte order (16 bit)
 307:Drivers/CMSIS/Include/cmsis_gcc.h ****   \details Reverses the byte order within each halfword of a word. For example, 0x12345678 becomes 
 308:Drivers/CMSIS/Include/cmsis_gcc.h ****   \param [in]    value  Value to reverse
 309:Drivers/CMSIS/Include/cmsis_gcc.h ****   \return               Reversed value
 310:Drivers/CMSIS/Include/cmsis_gcc.h ****  */
 311:Drivers/CMSIS/Include/cmsis_gcc.h **** __STATIC_FORCEINLINE uint32_t __REV16(uint32_t value)
 312:Drivers/CMSIS/Include/cmsis_gcc.h **** {
 313:Drivers/CMSIS/Include/cmsis_gcc.h ****   uint32_t result;
 314:Drivers/CMSIS/Include/cmsis_gcc.h **** 
 315:Drivers/CMSIS/Include/cmsis_gcc.h ****   __ASM ("rev16 %0, %1" : __CMSIS_GCC_OUT_REG (result) : __CMSIS_GCC_USE_REG (value) );
 316:Drivers/CMSIS/Include/cmsis_gcc.h ****   return result;
 317:Drivers/CMSIS/Include/cmsis_gcc.h **** }
 318:Drivers/CMSIS/Include/cmsis_gcc.h **** 
 319:Drivers/CMSIS/Include/cmsis_gcc.h **** 
ARM GAS  C:\Users\Ebrahim\AppData\Local\Temp\ccXJohbJ.s 			page 39


 320:Drivers/CMSIS/Include/cmsis_gcc.h **** /**
 321:Drivers/CMSIS/Include/cmsis_gcc.h ****   \brief   Reverse byte order (16 bit)
 322:Drivers/CMSIS/Include/cmsis_gcc.h ****   \details Reverses the byte order in a 16-bit value and returns the signed 16-bit result. For exam
 323:Drivers/CMSIS/Include/cmsis_gcc.h ****   \param [in]    value  Value to reverse
 324:Drivers/CMSIS/Include/cmsis_gcc.h ****   \return               Reversed value
 325:Drivers/CMSIS/Include/cmsis_gcc.h ****  */
 326:Drivers/CMSIS/Include/cmsis_gcc.h **** __STATIC_FORCEINLINE int16_t __REVSH(int16_t value)
 327:Drivers/CMSIS/Include/cmsis_gcc.h **** {
 328:Drivers/CMSIS/Include/cmsis_gcc.h **** #if (__GNUC__ > 4) || (__GNUC__ == 4 && __GNUC_MINOR__ >= 8)
 329:Drivers/CMSIS/Include/cmsis_gcc.h ****   return (int16_t)__builtin_bswap16(value);
 330:Drivers/CMSIS/Include/cmsis_gcc.h **** #else
 331:Drivers/CMSIS/Include/cmsis_gcc.h ****   int16_t result;
 332:Drivers/CMSIS/Include/cmsis_gcc.h **** 
 333:Drivers/CMSIS/Include/cmsis_gcc.h ****   __ASM ("revsh %0, %1" : __CMSIS_GCC_OUT_REG (result) : __CMSIS_GCC_USE_REG (value) );
 334:Drivers/CMSIS/Include/cmsis_gcc.h ****   return result;
 335:Drivers/CMSIS/Include/cmsis_gcc.h **** #endif
 336:Drivers/CMSIS/Include/cmsis_gcc.h **** }
 337:Drivers/CMSIS/Include/cmsis_gcc.h **** 
 338:Drivers/CMSIS/Include/cmsis_gcc.h **** 
 339:Drivers/CMSIS/Include/cmsis_gcc.h **** /**
 340:Drivers/CMSIS/Include/cmsis_gcc.h ****   \brief   Rotate Right in unsigned value (32 bit)
 341:Drivers/CMSIS/Include/cmsis_gcc.h ****   \details Rotate Right (immediate) provides the value of the contents of a register rotated by a v
 342:Drivers/CMSIS/Include/cmsis_gcc.h ****   \param [in]    op1  Value to rotate
 343:Drivers/CMSIS/Include/cmsis_gcc.h ****   \param [in]    op2  Number of Bits to rotate
 344:Drivers/CMSIS/Include/cmsis_gcc.h ****   \return               Rotated value
 345:Drivers/CMSIS/Include/cmsis_gcc.h ****  */
 346:Drivers/CMSIS/Include/cmsis_gcc.h **** __STATIC_FORCEINLINE uint32_t __ROR(uint32_t op1, uint32_t op2)
 347:Drivers/CMSIS/Include/cmsis_gcc.h **** {
 348:Drivers/CMSIS/Include/cmsis_gcc.h ****   op2 %= 32U;
 349:Drivers/CMSIS/Include/cmsis_gcc.h ****   if (op2 == 0U)
 350:Drivers/CMSIS/Include/cmsis_gcc.h ****   {
 351:Drivers/CMSIS/Include/cmsis_gcc.h ****     return op1;
 352:Drivers/CMSIS/Include/cmsis_gcc.h ****   }
 353:Drivers/CMSIS/Include/cmsis_gcc.h ****   return (op1 >> op2) | (op1 << (32U - op2));
 354:Drivers/CMSIS/Include/cmsis_gcc.h **** }
 355:Drivers/CMSIS/Include/cmsis_gcc.h **** 
 356:Drivers/CMSIS/Include/cmsis_gcc.h **** 
 357:Drivers/CMSIS/Include/cmsis_gcc.h **** /**
 358:Drivers/CMSIS/Include/cmsis_gcc.h ****   \brief   Breakpoint
 359:Drivers/CMSIS/Include/cmsis_gcc.h ****   \details Causes the processor to enter Debug state.
 360:Drivers/CMSIS/Include/cmsis_gcc.h ****            Debug tools can use this to investigate system state when the instruction at a particula
 361:Drivers/CMSIS/Include/cmsis_gcc.h ****   \param [in]    value  is ignored by the processor.
 362:Drivers/CMSIS/Include/cmsis_gcc.h ****                  If required, a debugger can use it to store additional information about the break
 363:Drivers/CMSIS/Include/cmsis_gcc.h ****  */
 364:Drivers/CMSIS/Include/cmsis_gcc.h **** #define __BKPT(value)                       __ASM volatile ("bkpt "#value)
 365:Drivers/CMSIS/Include/cmsis_gcc.h **** 
 366:Drivers/CMSIS/Include/cmsis_gcc.h **** 
 367:Drivers/CMSIS/Include/cmsis_gcc.h **** /**
 368:Drivers/CMSIS/Include/cmsis_gcc.h ****   \brief   Reverse bit order of value
 369:Drivers/CMSIS/Include/cmsis_gcc.h ****   \details Reverses the bit order of the given value.
 370:Drivers/CMSIS/Include/cmsis_gcc.h ****   \param [in]    value  Value to reverse
 371:Drivers/CMSIS/Include/cmsis_gcc.h ****   \return               Reversed value
 372:Drivers/CMSIS/Include/cmsis_gcc.h ****  */
 373:Drivers/CMSIS/Include/cmsis_gcc.h **** __STATIC_FORCEINLINE uint32_t __RBIT(uint32_t value)
 374:Drivers/CMSIS/Include/cmsis_gcc.h **** {
 375:Drivers/CMSIS/Include/cmsis_gcc.h ****   uint32_t result;
 376:Drivers/CMSIS/Include/cmsis_gcc.h **** 
ARM GAS  C:\Users\Ebrahim\AppData\Local\Temp\ccXJohbJ.s 			page 40


 377:Drivers/CMSIS/Include/cmsis_gcc.h **** #if ((defined (__ARM_ARCH_7M__      ) && (__ARM_ARCH_7M__      == 1)) || \
 378:Drivers/CMSIS/Include/cmsis_gcc.h ****      (defined (__ARM_ARCH_7EM__     ) && (__ARM_ARCH_7EM__     == 1)) || \
 379:Drivers/CMSIS/Include/cmsis_gcc.h ****      (defined (__ARM_ARCH_8M_MAIN__ ) && (__ARM_ARCH_8M_MAIN__ == 1))    )
 380:Drivers/CMSIS/Include/cmsis_gcc.h ****    __ASM ("rbit %0, %1" : "=r" (result) : "r" (value) );
 381:Drivers/CMSIS/Include/cmsis_gcc.h **** #else
 382:Drivers/CMSIS/Include/cmsis_gcc.h ****   uint32_t s = (4U /*sizeof(v)*/ * 8U) - 1U; /* extra shift needed at end */
 383:Drivers/CMSIS/Include/cmsis_gcc.h **** 
 384:Drivers/CMSIS/Include/cmsis_gcc.h ****   result = value;                      /* r will be reversed bits of v; first get LSB of v */
 385:Drivers/CMSIS/Include/cmsis_gcc.h ****   for (value >>= 1U; value != 0U; value >>= 1U)
 386:Drivers/CMSIS/Include/cmsis_gcc.h ****   {
 387:Drivers/CMSIS/Include/cmsis_gcc.h ****     result <<= 1U;
 388:Drivers/CMSIS/Include/cmsis_gcc.h ****     result |= value & 1U;
 389:Drivers/CMSIS/Include/cmsis_gcc.h ****     s--;
 390:Drivers/CMSIS/Include/cmsis_gcc.h ****   }
 391:Drivers/CMSIS/Include/cmsis_gcc.h ****   result <<= s;                        /* shift when v's highest bits are zero */
 392:Drivers/CMSIS/Include/cmsis_gcc.h **** #endif
 393:Drivers/CMSIS/Include/cmsis_gcc.h ****   return result;
 394:Drivers/CMSIS/Include/cmsis_gcc.h **** }
 395:Drivers/CMSIS/Include/cmsis_gcc.h **** 
 396:Drivers/CMSIS/Include/cmsis_gcc.h **** 
 397:Drivers/CMSIS/Include/cmsis_gcc.h **** /**
 398:Drivers/CMSIS/Include/cmsis_gcc.h ****   \brief   Count leading zeros
 399:Drivers/CMSIS/Include/cmsis_gcc.h ****   \details Counts the number of leading zeros of a data value.
 400:Drivers/CMSIS/Include/cmsis_gcc.h ****   \param [in]  value  Value to count the leading zeros
 401:Drivers/CMSIS/Include/cmsis_gcc.h ****   \return             number of leading zeros in value
 402:Drivers/CMSIS/Include/cmsis_gcc.h ****  */
 403:Drivers/CMSIS/Include/cmsis_gcc.h **** __STATIC_FORCEINLINE uint8_t __CLZ(uint32_t value)
 404:Drivers/CMSIS/Include/cmsis_gcc.h **** {
 405:Drivers/CMSIS/Include/cmsis_gcc.h ****   /* Even though __builtin_clz produces a CLZ instruction on ARM, formally
 406:Drivers/CMSIS/Include/cmsis_gcc.h ****      __builtin_clz(0) is undefined behaviour, so handle this case specially.
 407:Drivers/CMSIS/Include/cmsis_gcc.h ****      This guarantees ARM-compatible results if happening to compile on a non-ARM
 408:Drivers/CMSIS/Include/cmsis_gcc.h ****      target, and ensures the compiler doesn't decide to activate any
 409:Drivers/CMSIS/Include/cmsis_gcc.h ****      optimisations using the logic "value was passed to __builtin_clz, so it
 410:Drivers/CMSIS/Include/cmsis_gcc.h ****      is non-zero".
 411:Drivers/CMSIS/Include/cmsis_gcc.h ****      ARM GCC 7.3 and possibly earlier will optimise this test away, leaving a
 412:Drivers/CMSIS/Include/cmsis_gcc.h ****      single CLZ instruction.
 413:Drivers/CMSIS/Include/cmsis_gcc.h ****    */
 414:Drivers/CMSIS/Include/cmsis_gcc.h ****   if (value == 0U)
 415:Drivers/CMSIS/Include/cmsis_gcc.h ****   {
 416:Drivers/CMSIS/Include/cmsis_gcc.h ****     return 32U;
 417:Drivers/CMSIS/Include/cmsis_gcc.h ****   }
 418:Drivers/CMSIS/Include/cmsis_gcc.h ****   return __builtin_clz(value);
 419:Drivers/CMSIS/Include/cmsis_gcc.h **** }
 420:Drivers/CMSIS/Include/cmsis_gcc.h **** 
 421:Drivers/CMSIS/Include/cmsis_gcc.h **** 
 422:Drivers/CMSIS/Include/cmsis_gcc.h **** #if ((defined (__ARM_ARCH_7M__      ) && (__ARM_ARCH_7M__      == 1)) || \
 423:Drivers/CMSIS/Include/cmsis_gcc.h ****      (defined (__ARM_ARCH_7EM__     ) && (__ARM_ARCH_7EM__     == 1)) || \
 424:Drivers/CMSIS/Include/cmsis_gcc.h ****      (defined (__ARM_ARCH_8M_MAIN__ ) && (__ARM_ARCH_8M_MAIN__ == 1)) || \
 425:Drivers/CMSIS/Include/cmsis_gcc.h ****      (defined (__ARM_ARCH_8M_BASE__ ) && (__ARM_ARCH_8M_BASE__ == 1))    )
 426:Drivers/CMSIS/Include/cmsis_gcc.h **** /**
 427:Drivers/CMSIS/Include/cmsis_gcc.h ****   \brief   LDR Exclusive (8 bit)
 428:Drivers/CMSIS/Include/cmsis_gcc.h ****   \details Executes a exclusive LDR instruction for 8 bit value.
 429:Drivers/CMSIS/Include/cmsis_gcc.h ****   \param [in]    ptr  Pointer to data
 430:Drivers/CMSIS/Include/cmsis_gcc.h ****   \return             value of type uint8_t at (*ptr)
 431:Drivers/CMSIS/Include/cmsis_gcc.h ****  */
 432:Drivers/CMSIS/Include/cmsis_gcc.h **** __STATIC_FORCEINLINE uint8_t __LDREXB(volatile uint8_t *addr)
 433:Drivers/CMSIS/Include/cmsis_gcc.h **** {
ARM GAS  C:\Users\Ebrahim\AppData\Local\Temp\ccXJohbJ.s 			page 41


 434:Drivers/CMSIS/Include/cmsis_gcc.h ****     uint32_t result;
 435:Drivers/CMSIS/Include/cmsis_gcc.h **** 
 436:Drivers/CMSIS/Include/cmsis_gcc.h **** #if (__GNUC__ > 4) || (__GNUC__ == 4 && __GNUC_MINOR__ >= 8)
 437:Drivers/CMSIS/Include/cmsis_gcc.h ****    __ASM volatile ("ldrexb %0, %1" : "=r" (result) : "Q" (*addr) );
 438:Drivers/CMSIS/Include/cmsis_gcc.h **** #else
 439:Drivers/CMSIS/Include/cmsis_gcc.h ****     /* Prior to GCC 4.8, "Q" will be expanded to [rx, #0] which is not
 440:Drivers/CMSIS/Include/cmsis_gcc.h ****        accepted by assembler. So has to use following less efficient pattern.
 441:Drivers/CMSIS/Include/cmsis_gcc.h ****     */
 442:Drivers/CMSIS/Include/cmsis_gcc.h ****    __ASM volatile ("ldrexb %0, [%1]" : "=r" (result) : "r" (addr) : "memory" );
 443:Drivers/CMSIS/Include/cmsis_gcc.h **** #endif
 444:Drivers/CMSIS/Include/cmsis_gcc.h ****    return ((uint8_t) result);    /* Add explicit type cast here */
 445:Drivers/CMSIS/Include/cmsis_gcc.h **** }
 446:Drivers/CMSIS/Include/cmsis_gcc.h **** 
 447:Drivers/CMSIS/Include/cmsis_gcc.h **** 
 448:Drivers/CMSIS/Include/cmsis_gcc.h **** /**
 449:Drivers/CMSIS/Include/cmsis_gcc.h ****   \brief   LDR Exclusive (16 bit)
 450:Drivers/CMSIS/Include/cmsis_gcc.h ****   \details Executes a exclusive LDR instruction for 16 bit values.
 451:Drivers/CMSIS/Include/cmsis_gcc.h ****   \param [in]    ptr  Pointer to data
 452:Drivers/CMSIS/Include/cmsis_gcc.h ****   \return        value of type uint16_t at (*ptr)
 453:Drivers/CMSIS/Include/cmsis_gcc.h ****  */
 454:Drivers/CMSIS/Include/cmsis_gcc.h **** __STATIC_FORCEINLINE uint16_t __LDREXH(volatile uint16_t *addr)
 455:Drivers/CMSIS/Include/cmsis_gcc.h **** {
 456:Drivers/CMSIS/Include/cmsis_gcc.h ****     uint32_t result;
 457:Drivers/CMSIS/Include/cmsis_gcc.h **** 
 458:Drivers/CMSIS/Include/cmsis_gcc.h **** #if (__GNUC__ > 4) || (__GNUC__ == 4 && __GNUC_MINOR__ >= 8)
 459:Drivers/CMSIS/Include/cmsis_gcc.h ****    __ASM volatile ("ldrexh %0, %1" : "=r" (result) : "Q" (*addr) );
 460:Drivers/CMSIS/Include/cmsis_gcc.h **** #else
 461:Drivers/CMSIS/Include/cmsis_gcc.h ****     /* Prior to GCC 4.8, "Q" will be expanded to [rx, #0] which is not
 462:Drivers/CMSIS/Include/cmsis_gcc.h ****        accepted by assembler. So has to use following less efficient pattern.
 463:Drivers/CMSIS/Include/cmsis_gcc.h ****     */
 464:Drivers/CMSIS/Include/cmsis_gcc.h ****    __ASM volatile ("ldrexh %0, [%1]" : "=r" (result) : "r" (addr) : "memory" );
 465:Drivers/CMSIS/Include/cmsis_gcc.h **** #endif
 466:Drivers/CMSIS/Include/cmsis_gcc.h ****    return ((uint16_t) result);    /* Add explicit type cast here */
 467:Drivers/CMSIS/Include/cmsis_gcc.h **** }
 468:Drivers/CMSIS/Include/cmsis_gcc.h **** 
 469:Drivers/CMSIS/Include/cmsis_gcc.h **** 
 470:Drivers/CMSIS/Include/cmsis_gcc.h **** /**
 471:Drivers/CMSIS/Include/cmsis_gcc.h ****   \brief   LDR Exclusive (32 bit)
 472:Drivers/CMSIS/Include/cmsis_gcc.h ****   \details Executes a exclusive LDR instruction for 32 bit values.
 473:Drivers/CMSIS/Include/cmsis_gcc.h ****   \param [in]    ptr  Pointer to data
 474:Drivers/CMSIS/Include/cmsis_gcc.h ****   \return        value of type uint32_t at (*ptr)
 475:Drivers/CMSIS/Include/cmsis_gcc.h ****  */
 476:Drivers/CMSIS/Include/cmsis_gcc.h **** __STATIC_FORCEINLINE uint32_t __LDREXW(volatile uint32_t *addr)
 477:Drivers/CMSIS/Include/cmsis_gcc.h **** {
 478:Drivers/CMSIS/Include/cmsis_gcc.h ****     uint32_t result;
 479:Drivers/CMSIS/Include/cmsis_gcc.h **** 
 480:Drivers/CMSIS/Include/cmsis_gcc.h ****    __ASM volatile ("ldrex %0, %1" : "=r" (result) : "Q" (*addr) );
 481:Drivers/CMSIS/Include/cmsis_gcc.h ****    return(result);
 482:Drivers/CMSIS/Include/cmsis_gcc.h **** }
 483:Drivers/CMSIS/Include/cmsis_gcc.h **** 
 484:Drivers/CMSIS/Include/cmsis_gcc.h **** 
 485:Drivers/CMSIS/Include/cmsis_gcc.h **** /**
 486:Drivers/CMSIS/Include/cmsis_gcc.h ****   \brief   STR Exclusive (8 bit)
 487:Drivers/CMSIS/Include/cmsis_gcc.h ****   \details Executes a exclusive STR instruction for 8 bit values.
 488:Drivers/CMSIS/Include/cmsis_gcc.h ****   \param [in]  value  Value to store
 489:Drivers/CMSIS/Include/cmsis_gcc.h ****   \param [in]    ptr  Pointer to location
 490:Drivers/CMSIS/Include/cmsis_gcc.h ****   \return          0  Function succeeded
ARM GAS  C:\Users\Ebrahim\AppData\Local\Temp\ccXJohbJ.s 			page 42


 491:Drivers/CMSIS/Include/cmsis_gcc.h ****   \return          1  Function failed
 492:Drivers/CMSIS/Include/cmsis_gcc.h ****  */
 493:Drivers/CMSIS/Include/cmsis_gcc.h **** __STATIC_FORCEINLINE uint32_t __STREXB(uint8_t value, volatile uint8_t *addr)
 494:Drivers/CMSIS/Include/cmsis_gcc.h **** {
 495:Drivers/CMSIS/Include/cmsis_gcc.h ****    uint32_t result;
 496:Drivers/CMSIS/Include/cmsis_gcc.h **** 
 497:Drivers/CMSIS/Include/cmsis_gcc.h ****    __ASM volatile ("strexb %0, %2, %1" : "=&r" (result), "=Q" (*addr) : "r" ((uint32_t)value) );
 498:Drivers/CMSIS/Include/cmsis_gcc.h ****    return(result);
 499:Drivers/CMSIS/Include/cmsis_gcc.h **** }
 500:Drivers/CMSIS/Include/cmsis_gcc.h **** 
 501:Drivers/CMSIS/Include/cmsis_gcc.h **** 
 502:Drivers/CMSIS/Include/cmsis_gcc.h **** /**
 503:Drivers/CMSIS/Include/cmsis_gcc.h ****   \brief   STR Exclusive (16 bit)
 504:Drivers/CMSIS/Include/cmsis_gcc.h ****   \details Executes a exclusive STR instruction for 16 bit values.
 505:Drivers/CMSIS/Include/cmsis_gcc.h ****   \param [in]  value  Value to store
 506:Drivers/CMSIS/Include/cmsis_gcc.h ****   \param [in]    ptr  Pointer to location
 507:Drivers/CMSIS/Include/cmsis_gcc.h ****   \return          0  Function succeeded
 508:Drivers/CMSIS/Include/cmsis_gcc.h ****   \return          1  Function failed
 509:Drivers/CMSIS/Include/cmsis_gcc.h ****  */
 510:Drivers/CMSIS/Include/cmsis_gcc.h **** __STATIC_FORCEINLINE uint32_t __STREXH(uint16_t value, volatile uint16_t *addr)
 511:Drivers/CMSIS/Include/cmsis_gcc.h **** {
 512:Drivers/CMSIS/Include/cmsis_gcc.h ****    uint32_t result;
 513:Drivers/CMSIS/Include/cmsis_gcc.h **** 
 514:Drivers/CMSIS/Include/cmsis_gcc.h ****    __ASM volatile ("strexh %0, %2, %1" : "=&r" (result), "=Q" (*addr) : "r" ((uint32_t)value) );
 515:Drivers/CMSIS/Include/cmsis_gcc.h ****    return(result);
 516:Drivers/CMSIS/Include/cmsis_gcc.h **** }
 517:Drivers/CMSIS/Include/cmsis_gcc.h **** 
 518:Drivers/CMSIS/Include/cmsis_gcc.h **** 
 519:Drivers/CMSIS/Include/cmsis_gcc.h **** /**
 520:Drivers/CMSIS/Include/cmsis_gcc.h ****   \brief   STR Exclusive (32 bit)
 521:Drivers/CMSIS/Include/cmsis_gcc.h ****   \details Executes a exclusive STR instruction for 32 bit values.
 522:Drivers/CMSIS/Include/cmsis_gcc.h ****   \param [in]  value  Value to store
 523:Drivers/CMSIS/Include/cmsis_gcc.h ****   \param [in]    ptr  Pointer to location
 524:Drivers/CMSIS/Include/cmsis_gcc.h ****   \return          0  Function succeeded
 525:Drivers/CMSIS/Include/cmsis_gcc.h ****   \return          1  Function failed
 526:Drivers/CMSIS/Include/cmsis_gcc.h ****  */
 527:Drivers/CMSIS/Include/cmsis_gcc.h **** __STATIC_FORCEINLINE uint32_t __STREXW(uint32_t value, volatile uint32_t *addr)
 528:Drivers/CMSIS/Include/cmsis_gcc.h **** {
 529:Drivers/CMSIS/Include/cmsis_gcc.h ****    uint32_t result;
 530:Drivers/CMSIS/Include/cmsis_gcc.h **** 
 531:Drivers/CMSIS/Include/cmsis_gcc.h ****    __ASM volatile ("strex %0, %2, %1" : "=&r" (result), "=Q" (*addr) : "r" (value) );
 532:Drivers/CMSIS/Include/cmsis_gcc.h ****    return(result);
 533:Drivers/CMSIS/Include/cmsis_gcc.h **** }
 534:Drivers/CMSIS/Include/cmsis_gcc.h **** 
 535:Drivers/CMSIS/Include/cmsis_gcc.h **** 
 536:Drivers/CMSIS/Include/cmsis_gcc.h **** /**
 537:Drivers/CMSIS/Include/cmsis_gcc.h ****   \brief   Remove the exclusive lock
 538:Drivers/CMSIS/Include/cmsis_gcc.h ****   \details Removes the exclusive lock which is created by LDREX.
 539:Drivers/CMSIS/Include/cmsis_gcc.h ****  */
 540:Drivers/CMSIS/Include/cmsis_gcc.h **** __STATIC_FORCEINLINE void __CLREX(void)
 541:Drivers/CMSIS/Include/cmsis_gcc.h **** {
 542:Drivers/CMSIS/Include/cmsis_gcc.h ****   __ASM volatile ("clrex" ::: "memory");
 543:Drivers/CMSIS/Include/cmsis_gcc.h **** }
 544:Drivers/CMSIS/Include/cmsis_gcc.h **** 
 545:Drivers/CMSIS/Include/cmsis_gcc.h **** #endif /* ((defined (__ARM_ARCH_7M__      ) && (__ARM_ARCH_7M__      == 1)) || \
 546:Drivers/CMSIS/Include/cmsis_gcc.h ****            (defined (__ARM_ARCH_7EM__     ) && (__ARM_ARCH_7EM__     == 1)) || \
 547:Drivers/CMSIS/Include/cmsis_gcc.h ****            (defined (__ARM_ARCH_8M_MAIN__ ) && (__ARM_ARCH_8M_MAIN__ == 1)) || \
ARM GAS  C:\Users\Ebrahim\AppData\Local\Temp\ccXJohbJ.s 			page 43


 548:Drivers/CMSIS/Include/cmsis_gcc.h ****            (defined (__ARM_ARCH_8M_BASE__ ) && (__ARM_ARCH_8M_BASE__ == 1))    ) */
 549:Drivers/CMSIS/Include/cmsis_gcc.h **** 
 550:Drivers/CMSIS/Include/cmsis_gcc.h **** 
 551:Drivers/CMSIS/Include/cmsis_gcc.h **** #if ((defined (__ARM_ARCH_7M__      ) && (__ARM_ARCH_7M__      == 1)) || \
 552:Drivers/CMSIS/Include/cmsis_gcc.h ****      (defined (__ARM_ARCH_7EM__     ) && (__ARM_ARCH_7EM__     == 1)) || \
 553:Drivers/CMSIS/Include/cmsis_gcc.h ****      (defined (__ARM_ARCH_8M_MAIN__ ) && (__ARM_ARCH_8M_MAIN__ == 1))    )
 554:Drivers/CMSIS/Include/cmsis_gcc.h **** /**
 555:Drivers/CMSIS/Include/cmsis_gcc.h ****   \brief   Signed Saturate
 556:Drivers/CMSIS/Include/cmsis_gcc.h ****   \details Saturates a signed value.
 557:Drivers/CMSIS/Include/cmsis_gcc.h ****   \param [in]  ARG1  Value to be saturated
 558:Drivers/CMSIS/Include/cmsis_gcc.h ****   \param [in]  ARG2  Bit position to saturate to (1..32)
 559:Drivers/CMSIS/Include/cmsis_gcc.h ****   \return             Saturated value
 560:Drivers/CMSIS/Include/cmsis_gcc.h ****  */
 561:Drivers/CMSIS/Include/cmsis_gcc.h **** #define __SSAT(ARG1, ARG2) \
 562:Drivers/CMSIS/Include/cmsis_gcc.h **** __extension__ \
 563:Drivers/CMSIS/Include/cmsis_gcc.h **** ({                          \
 564:Drivers/CMSIS/Include/cmsis_gcc.h ****   int32_t __RES, __ARG1 = (ARG1); \
 565:Drivers/CMSIS/Include/cmsis_gcc.h ****   __ASM volatile ("ssat %0, %1, %2" : "=r" (__RES) :  "I" (ARG2), "r" (__ARG1) : "cc" ); \
 566:Drivers/CMSIS/Include/cmsis_gcc.h ****   __RES; \
 567:Drivers/CMSIS/Include/cmsis_gcc.h ****  })
 568:Drivers/CMSIS/Include/cmsis_gcc.h **** 
 569:Drivers/CMSIS/Include/cmsis_gcc.h **** 
 570:Drivers/CMSIS/Include/cmsis_gcc.h **** /**
 571:Drivers/CMSIS/Include/cmsis_gcc.h ****   \brief   Unsigned Saturate
 572:Drivers/CMSIS/Include/cmsis_gcc.h ****   \details Saturates an unsigned value.
 573:Drivers/CMSIS/Include/cmsis_gcc.h ****   \param [in]  ARG1  Value to be saturated
 574:Drivers/CMSIS/Include/cmsis_gcc.h ****   \param [in]  ARG2  Bit position to saturate to (0..31)
 575:Drivers/CMSIS/Include/cmsis_gcc.h ****   \return             Saturated value
 576:Drivers/CMSIS/Include/cmsis_gcc.h ****  */
 577:Drivers/CMSIS/Include/cmsis_gcc.h **** #define __USAT(ARG1, ARG2) \
 578:Drivers/CMSIS/Include/cmsis_gcc.h **** __extension__ \
 579:Drivers/CMSIS/Include/cmsis_gcc.h **** ({                          \
 580:Drivers/CMSIS/Include/cmsis_gcc.h ****   uint32_t __RES, __ARG1 = (ARG1); \
 581:Drivers/CMSIS/Include/cmsis_gcc.h ****   __ASM volatile ("usat %0, %1, %2" : "=r" (__RES) :  "I" (ARG2), "r" (__ARG1) : "cc" ); \
 582:Drivers/CMSIS/Include/cmsis_gcc.h ****   __RES; \
 583:Drivers/CMSIS/Include/cmsis_gcc.h ****  })
 584:Drivers/CMSIS/Include/cmsis_gcc.h **** 
 585:Drivers/CMSIS/Include/cmsis_gcc.h **** 
 586:Drivers/CMSIS/Include/cmsis_gcc.h **** /**
 587:Drivers/CMSIS/Include/cmsis_gcc.h ****   \brief   Rotate Right with Extend (32 bit)
 588:Drivers/CMSIS/Include/cmsis_gcc.h ****   \details Moves each bit of a bitstring right by one bit.
 589:Drivers/CMSIS/Include/cmsis_gcc.h ****            The carry input is shifted in at the left end of the bitstring.
 590:Drivers/CMSIS/Include/cmsis_gcc.h ****   \param [in]    value  Value to rotate
 591:Drivers/CMSIS/Include/cmsis_gcc.h ****   \return               Rotated value
 592:Drivers/CMSIS/Include/cmsis_gcc.h ****  */
 593:Drivers/CMSIS/Include/cmsis_gcc.h **** __STATIC_FORCEINLINE uint32_t __RRX(uint32_t value)
 594:Drivers/CMSIS/Include/cmsis_gcc.h **** {
 595:Drivers/CMSIS/Include/cmsis_gcc.h ****   uint32_t result;
 596:Drivers/CMSIS/Include/cmsis_gcc.h **** 
 597:Drivers/CMSIS/Include/cmsis_gcc.h ****   __ASM volatile ("rrx %0, %1" : __CMSIS_GCC_OUT_REG (result) : __CMSIS_GCC_USE_REG (value) );
 598:Drivers/CMSIS/Include/cmsis_gcc.h ****   return(result);
 599:Drivers/CMSIS/Include/cmsis_gcc.h **** }
 600:Drivers/CMSIS/Include/cmsis_gcc.h **** 
 601:Drivers/CMSIS/Include/cmsis_gcc.h **** 
 602:Drivers/CMSIS/Include/cmsis_gcc.h **** /**
 603:Drivers/CMSIS/Include/cmsis_gcc.h ****   \brief   LDRT Unprivileged (8 bit)
 604:Drivers/CMSIS/Include/cmsis_gcc.h ****   \details Executes a Unprivileged LDRT instruction for 8 bit value.
ARM GAS  C:\Users\Ebrahim\AppData\Local\Temp\ccXJohbJ.s 			page 44


 605:Drivers/CMSIS/Include/cmsis_gcc.h ****   \param [in]    ptr  Pointer to data
 606:Drivers/CMSIS/Include/cmsis_gcc.h ****   \return             value of type uint8_t at (*ptr)
 607:Drivers/CMSIS/Include/cmsis_gcc.h ****  */
 608:Drivers/CMSIS/Include/cmsis_gcc.h **** __STATIC_FORCEINLINE uint8_t __LDRBT(volatile uint8_t *ptr)
 609:Drivers/CMSIS/Include/cmsis_gcc.h **** {
 610:Drivers/CMSIS/Include/cmsis_gcc.h ****     uint32_t result;
 611:Drivers/CMSIS/Include/cmsis_gcc.h **** 
 612:Drivers/CMSIS/Include/cmsis_gcc.h **** #if (__GNUC__ > 4) || (__GNUC__ == 4 && __GNUC_MINOR__ >= 8)
 613:Drivers/CMSIS/Include/cmsis_gcc.h ****    __ASM volatile ("ldrbt %0, %1" : "=r" (result) : "Q" (*ptr) );
 614:Drivers/CMSIS/Include/cmsis_gcc.h **** #else
 615:Drivers/CMSIS/Include/cmsis_gcc.h ****     /* Prior to GCC 4.8, "Q" will be expanded to [rx, #0] which is not
 616:Drivers/CMSIS/Include/cmsis_gcc.h ****        accepted by assembler. So has to use following less efficient pattern.
 617:Drivers/CMSIS/Include/cmsis_gcc.h ****     */
 618:Drivers/CMSIS/Include/cmsis_gcc.h ****    __ASM volatile ("ldrbt %0, [%1]" : "=r" (result) : "r" (ptr) : "memory" );
 619:Drivers/CMSIS/Include/cmsis_gcc.h **** #endif
 620:Drivers/CMSIS/Include/cmsis_gcc.h ****    return ((uint8_t) result);    /* Add explicit type cast here */
 621:Drivers/CMSIS/Include/cmsis_gcc.h **** }
 622:Drivers/CMSIS/Include/cmsis_gcc.h **** 
 623:Drivers/CMSIS/Include/cmsis_gcc.h **** 
 624:Drivers/CMSIS/Include/cmsis_gcc.h **** /**
 625:Drivers/CMSIS/Include/cmsis_gcc.h ****   \brief   LDRT Unprivileged (16 bit)
 626:Drivers/CMSIS/Include/cmsis_gcc.h ****   \details Executes a Unprivileged LDRT instruction for 16 bit values.
 627:Drivers/CMSIS/Include/cmsis_gcc.h ****   \param [in]    ptr  Pointer to data
 628:Drivers/CMSIS/Include/cmsis_gcc.h ****   \return        value of type uint16_t at (*ptr)
 629:Drivers/CMSIS/Include/cmsis_gcc.h ****  */
 630:Drivers/CMSIS/Include/cmsis_gcc.h **** __STATIC_FORCEINLINE uint16_t __LDRHT(volatile uint16_t *ptr)
 631:Drivers/CMSIS/Include/cmsis_gcc.h **** {
 632:Drivers/CMSIS/Include/cmsis_gcc.h ****     uint32_t result;
 633:Drivers/CMSIS/Include/cmsis_gcc.h **** 
 634:Drivers/CMSIS/Include/cmsis_gcc.h **** #if (__GNUC__ > 4) || (__GNUC__ == 4 && __GNUC_MINOR__ >= 8)
 635:Drivers/CMSIS/Include/cmsis_gcc.h ****    __ASM volatile ("ldrht %0, %1" : "=r" (result) : "Q" (*ptr) );
 636:Drivers/CMSIS/Include/cmsis_gcc.h **** #else
 637:Drivers/CMSIS/Include/cmsis_gcc.h ****     /* Prior to GCC 4.8, "Q" will be expanded to [rx, #0] which is not
 638:Drivers/CMSIS/Include/cmsis_gcc.h ****        accepted by assembler. So has to use following less efficient pattern.
 639:Drivers/CMSIS/Include/cmsis_gcc.h ****     */
 640:Drivers/CMSIS/Include/cmsis_gcc.h ****    __ASM volatile ("ldrht %0, [%1]" : "=r" (result) : "r" (ptr) : "memory" );
 641:Drivers/CMSIS/Include/cmsis_gcc.h **** #endif
 642:Drivers/CMSIS/Include/cmsis_gcc.h ****    return ((uint16_t) result);    /* Add explicit type cast here */
 643:Drivers/CMSIS/Include/cmsis_gcc.h **** }
 644:Drivers/CMSIS/Include/cmsis_gcc.h **** 
 645:Drivers/CMSIS/Include/cmsis_gcc.h **** 
 646:Drivers/CMSIS/Include/cmsis_gcc.h **** /**
 647:Drivers/CMSIS/Include/cmsis_gcc.h ****   \brief   LDRT Unprivileged (32 bit)
 648:Drivers/CMSIS/Include/cmsis_gcc.h ****   \details Executes a Unprivileged LDRT instruction for 32 bit values.
 649:Drivers/CMSIS/Include/cmsis_gcc.h ****   \param [in]    ptr  Pointer to data
 650:Drivers/CMSIS/Include/cmsis_gcc.h ****   \return        value of type uint32_t at (*ptr)
 651:Drivers/CMSIS/Include/cmsis_gcc.h ****  */
 652:Drivers/CMSIS/Include/cmsis_gcc.h **** __STATIC_FORCEINLINE uint32_t __LDRT(volatile uint32_t *ptr)
 653:Drivers/CMSIS/Include/cmsis_gcc.h **** {
 654:Drivers/CMSIS/Include/cmsis_gcc.h ****     uint32_t result;
 655:Drivers/CMSIS/Include/cmsis_gcc.h **** 
 656:Drivers/CMSIS/Include/cmsis_gcc.h ****    __ASM volatile ("ldrt %0, %1" : "=r" (result) : "Q" (*ptr) );
 657:Drivers/CMSIS/Include/cmsis_gcc.h ****    return(result);
 658:Drivers/CMSIS/Include/cmsis_gcc.h **** }
 659:Drivers/CMSIS/Include/cmsis_gcc.h **** 
 660:Drivers/CMSIS/Include/cmsis_gcc.h **** 
 661:Drivers/CMSIS/Include/cmsis_gcc.h **** /**
ARM GAS  C:\Users\Ebrahim\AppData\Local\Temp\ccXJohbJ.s 			page 45


 662:Drivers/CMSIS/Include/cmsis_gcc.h ****   \brief   STRT Unprivileged (8 bit)
 663:Drivers/CMSIS/Include/cmsis_gcc.h ****   \details Executes a Unprivileged STRT instruction for 8 bit values.
 664:Drivers/CMSIS/Include/cmsis_gcc.h ****   \param [in]  value  Value to store
 665:Drivers/CMSIS/Include/cmsis_gcc.h ****   \param [in]    ptr  Pointer to location
 666:Drivers/CMSIS/Include/cmsis_gcc.h ****  */
 667:Drivers/CMSIS/Include/cmsis_gcc.h **** __STATIC_FORCEINLINE void __STRBT(uint8_t value, volatile uint8_t *ptr)
 668:Drivers/CMSIS/Include/cmsis_gcc.h **** {
 669:Drivers/CMSIS/Include/cmsis_gcc.h ****    __ASM volatile ("strbt %1, %0" : "=Q" (*ptr) : "r" ((uint32_t)value) );
 670:Drivers/CMSIS/Include/cmsis_gcc.h **** }
 671:Drivers/CMSIS/Include/cmsis_gcc.h **** 
 672:Drivers/CMSIS/Include/cmsis_gcc.h **** 
 673:Drivers/CMSIS/Include/cmsis_gcc.h **** /**
 674:Drivers/CMSIS/Include/cmsis_gcc.h ****   \brief   STRT Unprivileged (16 bit)
 675:Drivers/CMSIS/Include/cmsis_gcc.h ****   \details Executes a Unprivileged STRT instruction for 16 bit values.
 676:Drivers/CMSIS/Include/cmsis_gcc.h ****   \param [in]  value  Value to store
 677:Drivers/CMSIS/Include/cmsis_gcc.h ****   \param [in]    ptr  Pointer to location
 678:Drivers/CMSIS/Include/cmsis_gcc.h ****  */
 679:Drivers/CMSIS/Include/cmsis_gcc.h **** __STATIC_FORCEINLINE void __STRHT(uint16_t value, volatile uint16_t *ptr)
 680:Drivers/CMSIS/Include/cmsis_gcc.h **** {
 681:Drivers/CMSIS/Include/cmsis_gcc.h ****    __ASM volatile ("strht %1, %0" : "=Q" (*ptr) : "r" ((uint32_t)value) );
 682:Drivers/CMSIS/Include/cmsis_gcc.h **** }
 683:Drivers/CMSIS/Include/cmsis_gcc.h **** 
 684:Drivers/CMSIS/Include/cmsis_gcc.h **** 
 685:Drivers/CMSIS/Include/cmsis_gcc.h **** /**
 686:Drivers/CMSIS/Include/cmsis_gcc.h ****   \brief   STRT Unprivileged (32 bit)
 687:Drivers/CMSIS/Include/cmsis_gcc.h ****   \details Executes a Unprivileged STRT instruction for 32 bit values.
 688:Drivers/CMSIS/Include/cmsis_gcc.h ****   \param [in]  value  Value to store
 689:Drivers/CMSIS/Include/cmsis_gcc.h ****   \param [in]    ptr  Pointer to location
 690:Drivers/CMSIS/Include/cmsis_gcc.h ****  */
 691:Drivers/CMSIS/Include/cmsis_gcc.h **** __STATIC_FORCEINLINE void __STRT(uint32_t value, volatile uint32_t *ptr)
 692:Drivers/CMSIS/Include/cmsis_gcc.h **** {
 693:Drivers/CMSIS/Include/cmsis_gcc.h ****    __ASM volatile ("strt %1, %0" : "=Q" (*ptr) : "r" (value) );
 694:Drivers/CMSIS/Include/cmsis_gcc.h **** }
 695:Drivers/CMSIS/Include/cmsis_gcc.h **** 
 696:Drivers/CMSIS/Include/cmsis_gcc.h **** #else  /* ((defined (__ARM_ARCH_7M__      ) && (__ARM_ARCH_7M__      == 1)) || \
 697:Drivers/CMSIS/Include/cmsis_gcc.h ****            (defined (__ARM_ARCH_7EM__     ) && (__ARM_ARCH_7EM__     == 1)) || \
 698:Drivers/CMSIS/Include/cmsis_gcc.h ****            (defined (__ARM_ARCH_8M_MAIN__ ) && (__ARM_ARCH_8M_MAIN__ == 1))    ) */
 699:Drivers/CMSIS/Include/cmsis_gcc.h **** 
 700:Drivers/CMSIS/Include/cmsis_gcc.h **** /**
 701:Drivers/CMSIS/Include/cmsis_gcc.h ****   \brief   Signed Saturate
 702:Drivers/CMSIS/Include/cmsis_gcc.h ****   \details Saturates a signed value.
 703:Drivers/CMSIS/Include/cmsis_gcc.h ****   \param [in]  value  Value to be saturated
 704:Drivers/CMSIS/Include/cmsis_gcc.h ****   \param [in]    sat  Bit position to saturate to (1..32)
 705:Drivers/CMSIS/Include/cmsis_gcc.h ****   \return             Saturated value
 706:Drivers/CMSIS/Include/cmsis_gcc.h ****  */
 707:Drivers/CMSIS/Include/cmsis_gcc.h **** __STATIC_FORCEINLINE int32_t __SSAT(int32_t val, uint32_t sat)
 708:Drivers/CMSIS/Include/cmsis_gcc.h **** {
 709:Drivers/CMSIS/Include/cmsis_gcc.h ****   if ((sat >= 1U) && (sat <= 32U))
 710:Drivers/CMSIS/Include/cmsis_gcc.h ****   {
 711:Drivers/CMSIS/Include/cmsis_gcc.h ****     const int32_t max = (int32_t)((1U << (sat - 1U)) - 1U);
 712:Drivers/CMSIS/Include/cmsis_gcc.h ****     const int32_t min = -1 - max ;
 713:Drivers/CMSIS/Include/cmsis_gcc.h ****     if (val > max)
 714:Drivers/CMSIS/Include/cmsis_gcc.h ****     {
 715:Drivers/CMSIS/Include/cmsis_gcc.h ****       return max;
 716:Drivers/CMSIS/Include/cmsis_gcc.h ****     }
 717:Drivers/CMSIS/Include/cmsis_gcc.h ****     else if (val < min)
 718:Drivers/CMSIS/Include/cmsis_gcc.h ****     {
ARM GAS  C:\Users\Ebrahim\AppData\Local\Temp\ccXJohbJ.s 			page 46


 719:Drivers/CMSIS/Include/cmsis_gcc.h ****       return min;
 720:Drivers/CMSIS/Include/cmsis_gcc.h ****     }
 721:Drivers/CMSIS/Include/cmsis_gcc.h ****   }
 722:Drivers/CMSIS/Include/cmsis_gcc.h ****   return val;
 723:Drivers/CMSIS/Include/cmsis_gcc.h **** }
 724:Drivers/CMSIS/Include/cmsis_gcc.h **** 
 725:Drivers/CMSIS/Include/cmsis_gcc.h **** /**
 726:Drivers/CMSIS/Include/cmsis_gcc.h ****   \brief   Unsigned Saturate
 727:Drivers/CMSIS/Include/cmsis_gcc.h ****   \details Saturates an unsigned value.
 728:Drivers/CMSIS/Include/cmsis_gcc.h ****   \param [in]  value  Value to be saturated
 729:Drivers/CMSIS/Include/cmsis_gcc.h ****   \param [in]    sat  Bit position to saturate to (0..31)
 730:Drivers/CMSIS/Include/cmsis_gcc.h ****   \return             Saturated value
 731:Drivers/CMSIS/Include/cmsis_gcc.h ****  */
 732:Drivers/CMSIS/Include/cmsis_gcc.h **** __STATIC_FORCEINLINE uint32_t __USAT(int32_t val, uint32_t sat)
 733:Drivers/CMSIS/Include/cmsis_gcc.h **** {
 734:Drivers/CMSIS/Include/cmsis_gcc.h ****   if (sat <= 31U)
 735:Drivers/CMSIS/Include/cmsis_gcc.h ****   {
 736:Drivers/CMSIS/Include/cmsis_gcc.h ****     const uint32_t max = ((1U << sat) - 1U);
 737:Drivers/CMSIS/Include/cmsis_gcc.h ****     if (val > (int32_t)max)
 738:Drivers/CMSIS/Include/cmsis_gcc.h ****     {
 739:Drivers/CMSIS/Include/cmsis_gcc.h ****       return max;
 740:Drivers/CMSIS/Include/cmsis_gcc.h ****     }
 741:Drivers/CMSIS/Include/cmsis_gcc.h ****     else if (val < 0)
 742:Drivers/CMSIS/Include/cmsis_gcc.h ****     {
 743:Drivers/CMSIS/Include/cmsis_gcc.h ****       return 0U;
 744:Drivers/CMSIS/Include/cmsis_gcc.h ****     }
 745:Drivers/CMSIS/Include/cmsis_gcc.h ****   }
 746:Drivers/CMSIS/Include/cmsis_gcc.h ****   return (uint32_t)val;
 747:Drivers/CMSIS/Include/cmsis_gcc.h **** }
 748:Drivers/CMSIS/Include/cmsis_gcc.h **** 
 749:Drivers/CMSIS/Include/cmsis_gcc.h **** #endif /* ((defined (__ARM_ARCH_7M__      ) && (__ARM_ARCH_7M__      == 1)) || \
 750:Drivers/CMSIS/Include/cmsis_gcc.h ****            (defined (__ARM_ARCH_7EM__     ) && (__ARM_ARCH_7EM__     == 1)) || \
 751:Drivers/CMSIS/Include/cmsis_gcc.h ****            (defined (__ARM_ARCH_8M_MAIN__ ) && (__ARM_ARCH_8M_MAIN__ == 1))    ) */
 752:Drivers/CMSIS/Include/cmsis_gcc.h **** 
 753:Drivers/CMSIS/Include/cmsis_gcc.h **** 
 754:Drivers/CMSIS/Include/cmsis_gcc.h **** #if ((defined (__ARM_ARCH_8M_MAIN__ ) && (__ARM_ARCH_8M_MAIN__ == 1)) || \
 755:Drivers/CMSIS/Include/cmsis_gcc.h ****      (defined (__ARM_ARCH_8M_BASE__ ) && (__ARM_ARCH_8M_BASE__ == 1))    )
 756:Drivers/CMSIS/Include/cmsis_gcc.h **** /**
 757:Drivers/CMSIS/Include/cmsis_gcc.h ****   \brief   Load-Acquire (8 bit)
 758:Drivers/CMSIS/Include/cmsis_gcc.h ****   \details Executes a LDAB instruction for 8 bit value.
 759:Drivers/CMSIS/Include/cmsis_gcc.h ****   \param [in]    ptr  Pointer to data
 760:Drivers/CMSIS/Include/cmsis_gcc.h ****   \return             value of type uint8_t at (*ptr)
 761:Drivers/CMSIS/Include/cmsis_gcc.h ****  */
 762:Drivers/CMSIS/Include/cmsis_gcc.h **** __STATIC_FORCEINLINE uint8_t __LDAB(volatile uint8_t *ptr)
 763:Drivers/CMSIS/Include/cmsis_gcc.h **** {
 764:Drivers/CMSIS/Include/cmsis_gcc.h ****     uint32_t result;
 765:Drivers/CMSIS/Include/cmsis_gcc.h **** 
 766:Drivers/CMSIS/Include/cmsis_gcc.h ****    __ASM volatile ("ldab %0, %1" : "=r" (result) : "Q" (*ptr) : "memory" );
 767:Drivers/CMSIS/Include/cmsis_gcc.h ****    return ((uint8_t) result);
 768:Drivers/CMSIS/Include/cmsis_gcc.h **** }
 769:Drivers/CMSIS/Include/cmsis_gcc.h **** 
 770:Drivers/CMSIS/Include/cmsis_gcc.h **** 
 771:Drivers/CMSIS/Include/cmsis_gcc.h **** /**
 772:Drivers/CMSIS/Include/cmsis_gcc.h ****   \brief   Load-Acquire (16 bit)
 773:Drivers/CMSIS/Include/cmsis_gcc.h ****   \details Executes a LDAH instruction for 16 bit values.
 774:Drivers/CMSIS/Include/cmsis_gcc.h ****   \param [in]    ptr  Pointer to data
 775:Drivers/CMSIS/Include/cmsis_gcc.h ****   \return        value of type uint16_t at (*ptr)
ARM GAS  C:\Users\Ebrahim\AppData\Local\Temp\ccXJohbJ.s 			page 47


 776:Drivers/CMSIS/Include/cmsis_gcc.h ****  */
 777:Drivers/CMSIS/Include/cmsis_gcc.h **** __STATIC_FORCEINLINE uint16_t __LDAH(volatile uint16_t *ptr)
 778:Drivers/CMSIS/Include/cmsis_gcc.h **** {
 779:Drivers/CMSIS/Include/cmsis_gcc.h ****     uint32_t result;
 780:Drivers/CMSIS/Include/cmsis_gcc.h **** 
 781:Drivers/CMSIS/Include/cmsis_gcc.h ****    __ASM volatile ("ldah %0, %1" : "=r" (result) : "Q" (*ptr) : "memory" );
 782:Drivers/CMSIS/Include/cmsis_gcc.h ****    return ((uint16_t) result);
 783:Drivers/CMSIS/Include/cmsis_gcc.h **** }
 784:Drivers/CMSIS/Include/cmsis_gcc.h **** 
 785:Drivers/CMSIS/Include/cmsis_gcc.h **** 
 786:Drivers/CMSIS/Include/cmsis_gcc.h **** /**
 787:Drivers/CMSIS/Include/cmsis_gcc.h ****   \brief   Load-Acquire (32 bit)
 788:Drivers/CMSIS/Include/cmsis_gcc.h ****   \details Executes a LDA instruction for 32 bit values.
 789:Drivers/CMSIS/Include/cmsis_gcc.h ****   \param [in]    ptr  Pointer to data
 790:Drivers/CMSIS/Include/cmsis_gcc.h ****   \return        value of type uint32_t at (*ptr)
 791:Drivers/CMSIS/Include/cmsis_gcc.h ****  */
 792:Drivers/CMSIS/Include/cmsis_gcc.h **** __STATIC_FORCEINLINE uint32_t __LDA(volatile uint32_t *ptr)
 793:Drivers/CMSIS/Include/cmsis_gcc.h **** {
 794:Drivers/CMSIS/Include/cmsis_gcc.h ****     uint32_t result;
 795:Drivers/CMSIS/Include/cmsis_gcc.h **** 
 796:Drivers/CMSIS/Include/cmsis_gcc.h ****    __ASM volatile ("lda %0, %1" : "=r" (result) : "Q" (*ptr) : "memory" );
 797:Drivers/CMSIS/Include/cmsis_gcc.h ****    return(result);
 798:Drivers/CMSIS/Include/cmsis_gcc.h **** }
 799:Drivers/CMSIS/Include/cmsis_gcc.h **** 
 800:Drivers/CMSIS/Include/cmsis_gcc.h **** 
 801:Drivers/CMSIS/Include/cmsis_gcc.h **** /**
 802:Drivers/CMSIS/Include/cmsis_gcc.h ****   \brief   Store-Release (8 bit)
 803:Drivers/CMSIS/Include/cmsis_gcc.h ****   \details Executes a STLB instruction for 8 bit values.
 804:Drivers/CMSIS/Include/cmsis_gcc.h ****   \param [in]  value  Value to store
 805:Drivers/CMSIS/Include/cmsis_gcc.h ****   \param [in]    ptr  Pointer to location
 806:Drivers/CMSIS/Include/cmsis_gcc.h ****  */
 807:Drivers/CMSIS/Include/cmsis_gcc.h **** __STATIC_FORCEINLINE void __STLB(uint8_t value, volatile uint8_t *ptr)
 808:Drivers/CMSIS/Include/cmsis_gcc.h **** {
 809:Drivers/CMSIS/Include/cmsis_gcc.h ****    __ASM volatile ("stlb %1, %0" : "=Q" (*ptr) : "r" ((uint32_t)value) : "memory" );
 810:Drivers/CMSIS/Include/cmsis_gcc.h **** }
 811:Drivers/CMSIS/Include/cmsis_gcc.h **** 
 812:Drivers/CMSIS/Include/cmsis_gcc.h **** 
 813:Drivers/CMSIS/Include/cmsis_gcc.h **** /**
 814:Drivers/CMSIS/Include/cmsis_gcc.h ****   \brief   Store-Release (16 bit)
 815:Drivers/CMSIS/Include/cmsis_gcc.h ****   \details Executes a STLH instruction for 16 bit values.
 816:Drivers/CMSIS/Include/cmsis_gcc.h ****   \param [in]  value  Value to store
 817:Drivers/CMSIS/Include/cmsis_gcc.h ****   \param [in]    ptr  Pointer to location
 818:Drivers/CMSIS/Include/cmsis_gcc.h ****  */
 819:Drivers/CMSIS/Include/cmsis_gcc.h **** __STATIC_FORCEINLINE void __STLH(uint16_t value, volatile uint16_t *ptr)
 820:Drivers/CMSIS/Include/cmsis_gcc.h **** {
 821:Drivers/CMSIS/Include/cmsis_gcc.h ****    __ASM volatile ("stlh %1, %0" : "=Q" (*ptr) : "r" ((uint32_t)value) : "memory" );
 822:Drivers/CMSIS/Include/cmsis_gcc.h **** }
 823:Drivers/CMSIS/Include/cmsis_gcc.h **** 
 824:Drivers/CMSIS/Include/cmsis_gcc.h **** 
 825:Drivers/CMSIS/Include/cmsis_gcc.h **** /**
 826:Drivers/CMSIS/Include/cmsis_gcc.h ****   \brief   Store-Release (32 bit)
 827:Drivers/CMSIS/Include/cmsis_gcc.h ****   \details Executes a STL instruction for 32 bit values.
 828:Drivers/CMSIS/Include/cmsis_gcc.h ****   \param [in]  value  Value to store
 829:Drivers/CMSIS/Include/cmsis_gcc.h ****   \param [in]    ptr  Pointer to location
 830:Drivers/CMSIS/Include/cmsis_gcc.h ****  */
 831:Drivers/CMSIS/Include/cmsis_gcc.h **** __STATIC_FORCEINLINE void __STL(uint32_t value, volatile uint32_t *ptr)
 832:Drivers/CMSIS/Include/cmsis_gcc.h **** {
ARM GAS  C:\Users\Ebrahim\AppData\Local\Temp\ccXJohbJ.s 			page 48


 833:Drivers/CMSIS/Include/cmsis_gcc.h ****    __ASM volatile ("stl %1, %0" : "=Q" (*ptr) : "r" ((uint32_t)value) : "memory" );
 834:Drivers/CMSIS/Include/cmsis_gcc.h **** }
 835:Drivers/CMSIS/Include/cmsis_gcc.h **** 
 836:Drivers/CMSIS/Include/cmsis_gcc.h **** 
 837:Drivers/CMSIS/Include/cmsis_gcc.h **** /**
 838:Drivers/CMSIS/Include/cmsis_gcc.h ****   \brief   Load-Acquire Exclusive (8 bit)
 839:Drivers/CMSIS/Include/cmsis_gcc.h ****   \details Executes a LDAB exclusive instruction for 8 bit value.
 840:Drivers/CMSIS/Include/cmsis_gcc.h ****   \param [in]    ptr  Pointer to data
 841:Drivers/CMSIS/Include/cmsis_gcc.h ****   \return             value of type uint8_t at (*ptr)
 842:Drivers/CMSIS/Include/cmsis_gcc.h ****  */
 843:Drivers/CMSIS/Include/cmsis_gcc.h **** __STATIC_FORCEINLINE uint8_t __LDAEXB(volatile uint8_t *ptr)
 844:Drivers/CMSIS/Include/cmsis_gcc.h **** {
 845:Drivers/CMSIS/Include/cmsis_gcc.h ****     uint32_t result;
 846:Drivers/CMSIS/Include/cmsis_gcc.h **** 
 847:Drivers/CMSIS/Include/cmsis_gcc.h ****    __ASM volatile ("ldaexb %0, %1" : "=r" (result) : "Q" (*ptr) : "memory" );
 848:Drivers/CMSIS/Include/cmsis_gcc.h ****    return ((uint8_t) result);
 849:Drivers/CMSIS/Include/cmsis_gcc.h **** }
 850:Drivers/CMSIS/Include/cmsis_gcc.h **** 
 851:Drivers/CMSIS/Include/cmsis_gcc.h **** 
 852:Drivers/CMSIS/Include/cmsis_gcc.h **** /**
 853:Drivers/CMSIS/Include/cmsis_gcc.h ****   \brief   Load-Acquire Exclusive (16 bit)
 854:Drivers/CMSIS/Include/cmsis_gcc.h ****   \details Executes a LDAH exclusive instruction for 16 bit values.
 855:Drivers/CMSIS/Include/cmsis_gcc.h ****   \param [in]    ptr  Pointer to data
 856:Drivers/CMSIS/Include/cmsis_gcc.h ****   \return        value of type uint16_t at (*ptr)
 857:Drivers/CMSIS/Include/cmsis_gcc.h ****  */
 858:Drivers/CMSIS/Include/cmsis_gcc.h **** __STATIC_FORCEINLINE uint16_t __LDAEXH(volatile uint16_t *ptr)
 859:Drivers/CMSIS/Include/cmsis_gcc.h **** {
 860:Drivers/CMSIS/Include/cmsis_gcc.h ****     uint32_t result;
 861:Drivers/CMSIS/Include/cmsis_gcc.h **** 
 862:Drivers/CMSIS/Include/cmsis_gcc.h ****    __ASM volatile ("ldaexh %0, %1" : "=r" (result) : "Q" (*ptr) : "memory" );
 863:Drivers/CMSIS/Include/cmsis_gcc.h ****    return ((uint16_t) result);
 864:Drivers/CMSIS/Include/cmsis_gcc.h **** }
 865:Drivers/CMSIS/Include/cmsis_gcc.h **** 
 866:Drivers/CMSIS/Include/cmsis_gcc.h **** 
 867:Drivers/CMSIS/Include/cmsis_gcc.h **** /**
 868:Drivers/CMSIS/Include/cmsis_gcc.h ****   \brief   Load-Acquire Exclusive (32 bit)
 869:Drivers/CMSIS/Include/cmsis_gcc.h ****   \details Executes a LDA exclusive instruction for 32 bit values.
 870:Drivers/CMSIS/Include/cmsis_gcc.h ****   \param [in]    ptr  Pointer to data
 871:Drivers/CMSIS/Include/cmsis_gcc.h ****   \return        value of type uint32_t at (*ptr)
 872:Drivers/CMSIS/Include/cmsis_gcc.h ****  */
 873:Drivers/CMSIS/Include/cmsis_gcc.h **** __STATIC_FORCEINLINE uint32_t __LDAEX(volatile uint32_t *ptr)
 874:Drivers/CMSIS/Include/cmsis_gcc.h **** {
 875:Drivers/CMSIS/Include/cmsis_gcc.h ****     uint32_t result;
 876:Drivers/CMSIS/Include/cmsis_gcc.h **** 
 877:Drivers/CMSIS/Include/cmsis_gcc.h ****    __ASM volatile ("ldaex %0, %1" : "=r" (result) : "Q" (*ptr) : "memory" );
 878:Drivers/CMSIS/Include/cmsis_gcc.h ****    return(result);
 879:Drivers/CMSIS/Include/cmsis_gcc.h **** }
 880:Drivers/CMSIS/Include/cmsis_gcc.h **** 
 881:Drivers/CMSIS/Include/cmsis_gcc.h **** 
 882:Drivers/CMSIS/Include/cmsis_gcc.h **** /**
 883:Drivers/CMSIS/Include/cmsis_gcc.h ****   \brief   Store-Release Exclusive (8 bit)
 884:Drivers/CMSIS/Include/cmsis_gcc.h ****   \details Executes a STLB exclusive instruction for 8 bit values.
 885:Drivers/CMSIS/Include/cmsis_gcc.h ****   \param [in]  value  Value to store
 886:Drivers/CMSIS/Include/cmsis_gcc.h ****   \param [in]    ptr  Pointer to location
 887:Drivers/CMSIS/Include/cmsis_gcc.h ****   \return          0  Function succeeded
 888:Drivers/CMSIS/Include/cmsis_gcc.h ****   \return          1  Function failed
 889:Drivers/CMSIS/Include/cmsis_gcc.h ****  */
ARM GAS  C:\Users\Ebrahim\AppData\Local\Temp\ccXJohbJ.s 			page 49


 890:Drivers/CMSIS/Include/cmsis_gcc.h **** __STATIC_FORCEINLINE uint32_t __STLEXB(uint8_t value, volatile uint8_t *ptr)
 891:Drivers/CMSIS/Include/cmsis_gcc.h **** {
 892:Drivers/CMSIS/Include/cmsis_gcc.h ****    uint32_t result;
 893:Drivers/CMSIS/Include/cmsis_gcc.h **** 
 894:Drivers/CMSIS/Include/cmsis_gcc.h ****    __ASM volatile ("stlexb %0, %2, %1" : "=&r" (result), "=Q" (*ptr) : "r" ((uint32_t)value) : "mem
 895:Drivers/CMSIS/Include/cmsis_gcc.h ****    return(result);
 896:Drivers/CMSIS/Include/cmsis_gcc.h **** }
 897:Drivers/CMSIS/Include/cmsis_gcc.h **** 
 898:Drivers/CMSIS/Include/cmsis_gcc.h **** 
 899:Drivers/CMSIS/Include/cmsis_gcc.h **** /**
 900:Drivers/CMSIS/Include/cmsis_gcc.h ****   \brief   Store-Release Exclusive (16 bit)
 901:Drivers/CMSIS/Include/cmsis_gcc.h ****   \details Executes a STLH exclusive instruction for 16 bit values.
 902:Drivers/CMSIS/Include/cmsis_gcc.h ****   \param [in]  value  Value to store
 903:Drivers/CMSIS/Include/cmsis_gcc.h ****   \param [in]    ptr  Pointer to location
 904:Drivers/CMSIS/Include/cmsis_gcc.h ****   \return          0  Function succeeded
 905:Drivers/CMSIS/Include/cmsis_gcc.h ****   \return          1  Function failed
 906:Drivers/CMSIS/Include/cmsis_gcc.h ****  */
 907:Drivers/CMSIS/Include/cmsis_gcc.h **** __STATIC_FORCEINLINE uint32_t __STLEXH(uint16_t value, volatile uint16_t *ptr)
 908:Drivers/CMSIS/Include/cmsis_gcc.h **** {
 909:Drivers/CMSIS/Include/cmsis_gcc.h ****    uint32_t result;
 910:Drivers/CMSIS/Include/cmsis_gcc.h **** 
 911:Drivers/CMSIS/Include/cmsis_gcc.h ****    __ASM volatile ("stlexh %0, %2, %1" : "=&r" (result), "=Q" (*ptr) : "r" ((uint32_t)value) : "mem
 912:Drivers/CMSIS/Include/cmsis_gcc.h ****    return(result);
 913:Drivers/CMSIS/Include/cmsis_gcc.h **** }
 914:Drivers/CMSIS/Include/cmsis_gcc.h **** 
 915:Drivers/CMSIS/Include/cmsis_gcc.h **** 
 916:Drivers/CMSIS/Include/cmsis_gcc.h **** /**
 917:Drivers/CMSIS/Include/cmsis_gcc.h ****   \brief   Store-Release Exclusive (32 bit)
 918:Drivers/CMSIS/Include/cmsis_gcc.h ****   \details Executes a STL exclusive instruction for 32 bit values.
 919:Drivers/CMSIS/Include/cmsis_gcc.h ****   \param [in]  value  Value to store
 920:Drivers/CMSIS/Include/cmsis_gcc.h ****   \param [in]    ptr  Pointer to location
 921:Drivers/CMSIS/Include/cmsis_gcc.h ****   \return          0  Function succeeded
 922:Drivers/CMSIS/Include/cmsis_gcc.h ****   \return          1  Function failed
 923:Drivers/CMSIS/Include/cmsis_gcc.h ****  */
 924:Drivers/CMSIS/Include/cmsis_gcc.h **** __STATIC_FORCEINLINE uint32_t __STLEX(uint32_t value, volatile uint32_t *ptr)
 925:Drivers/CMSIS/Include/cmsis_gcc.h **** {
 926:Drivers/CMSIS/Include/cmsis_gcc.h ****    uint32_t result;
 927:Drivers/CMSIS/Include/cmsis_gcc.h **** 
 928:Drivers/CMSIS/Include/cmsis_gcc.h ****    __ASM volatile ("stlex %0, %2, %1" : "=&r" (result), "=Q" (*ptr) : "r" ((uint32_t)value) : "memo
 929:Drivers/CMSIS/Include/cmsis_gcc.h ****    return(result);
 930:Drivers/CMSIS/Include/cmsis_gcc.h **** }
 931:Drivers/CMSIS/Include/cmsis_gcc.h **** 
 932:Drivers/CMSIS/Include/cmsis_gcc.h **** #endif /* ((defined (__ARM_ARCH_8M_MAIN__ ) && (__ARM_ARCH_8M_MAIN__ == 1)) || \
 933:Drivers/CMSIS/Include/cmsis_gcc.h ****            (defined (__ARM_ARCH_8M_BASE__ ) && (__ARM_ARCH_8M_BASE__ == 1))    ) */
 934:Drivers/CMSIS/Include/cmsis_gcc.h **** 
 935:Drivers/CMSIS/Include/cmsis_gcc.h **** /*@}*/ /* end of group CMSIS_Core_InstructionInterface */
 936:Drivers/CMSIS/Include/cmsis_gcc.h **** 
 937:Drivers/CMSIS/Include/cmsis_gcc.h **** 
 938:Drivers/CMSIS/Include/cmsis_gcc.h **** /* ###########################  Core Function Access  ########################### */
 939:Drivers/CMSIS/Include/cmsis_gcc.h **** /** \ingroup  CMSIS_Core_FunctionInterface
 940:Drivers/CMSIS/Include/cmsis_gcc.h ****     \defgroup CMSIS_Core_RegAccFunctions CMSIS Core Register Access Functions
 941:Drivers/CMSIS/Include/cmsis_gcc.h ****   @{
 942:Drivers/CMSIS/Include/cmsis_gcc.h ****  */
 943:Drivers/CMSIS/Include/cmsis_gcc.h **** 
 944:Drivers/CMSIS/Include/cmsis_gcc.h **** /**
 945:Drivers/CMSIS/Include/cmsis_gcc.h ****   \brief   Enable IRQ Interrupts
 946:Drivers/CMSIS/Include/cmsis_gcc.h ****   \details Enables IRQ interrupts by clearing special-purpose register PRIMASK.
ARM GAS  C:\Users\Ebrahim\AppData\Local\Temp\ccXJohbJ.s 			page 50


 947:Drivers/CMSIS/Include/cmsis_gcc.h ****            Can only be executed in Privileged modes.
 948:Drivers/CMSIS/Include/cmsis_gcc.h ****  */
 949:Drivers/CMSIS/Include/cmsis_gcc.h **** __STATIC_FORCEINLINE void __enable_irq(void)
 950:Drivers/CMSIS/Include/cmsis_gcc.h **** {
 951:Drivers/CMSIS/Include/cmsis_gcc.h ****   __ASM volatile ("cpsie i" : : : "memory");
 952:Drivers/CMSIS/Include/cmsis_gcc.h **** }
 953:Drivers/CMSIS/Include/cmsis_gcc.h **** 
 954:Drivers/CMSIS/Include/cmsis_gcc.h **** 
 955:Drivers/CMSIS/Include/cmsis_gcc.h **** /**
 956:Drivers/CMSIS/Include/cmsis_gcc.h ****   \brief   Disable IRQ Interrupts
 957:Drivers/CMSIS/Include/cmsis_gcc.h ****   \details Disables IRQ interrupts by setting special-purpose register PRIMASK.
 958:Drivers/CMSIS/Include/cmsis_gcc.h ****            Can only be executed in Privileged modes.
 959:Drivers/CMSIS/Include/cmsis_gcc.h ****  */
 960:Drivers/CMSIS/Include/cmsis_gcc.h **** __STATIC_FORCEINLINE void __disable_irq(void)
 1227              		.loc 2 960 27 view .LVU261
 1228              	.LBB32:
 961:Drivers/CMSIS/Include/cmsis_gcc.h **** {
 962:Drivers/CMSIS/Include/cmsis_gcc.h ****   __ASM volatile ("cpsid i" : : : "memory");
 1229              		.loc 2 962 3 view .LVU262
 1230              		.syntax unified
 1231              	@ 962 "Drivers/CMSIS/Include/cmsis_gcc.h" 1
 1232 0000 72B6     		cpsid i
 1233              	@ 0 "" 2
 1234              		.thumb
 1235              		.syntax unified
 1236              	.L62:
 1237              	.LBE32:
 1238              	.LBE31:
 396:Core/Src/main.c ****   while (1)
 1239              		.loc 1 396 3 view .LVU263
 397:Core/Src/main.c ****   {
 398:Core/Src/main.c ****   }
 1240              		.loc 1 398 3 view .LVU264
 396:Core/Src/main.c ****   while (1)
 1241              		.loc 1 396 9 view .LVU265
 1242 0002 FEE7     		b	.L62
 1243              		.cfi_endproc
 1244              	.LFE143:
 1246              		.section	.text.SystemClock_Config,"ax",%progbits
 1247              		.align	1
 1248              		.global	SystemClock_Config
 1249              		.syntax unified
 1250              		.thumb
 1251              		.thumb_func
 1253              	SystemClock_Config:
 1254              	.LFB135:
 172:Core/Src/main.c ****   RCC_OscInitTypeDef RCC_OscInitStruct = {0};
 1255              		.loc 1 172 1 view -0
 1256              		.cfi_startproc
 1257              		@ args = 0, pretend = 0, frame = 80
 1258              		@ frame_needed = 0, uses_anonymous_args = 0
 1259 0000 00B5     		push	{lr}
 1260              	.LCFI12:
 1261              		.cfi_def_cfa_offset 4
 1262              		.cfi_offset 14, -4
 1263 0002 95B0     		sub	sp, sp, #84
 1264              	.LCFI13:
ARM GAS  C:\Users\Ebrahim\AppData\Local\Temp\ccXJohbJ.s 			page 51


 1265              		.cfi_def_cfa_offset 88
 173:Core/Src/main.c ****   RCC_ClkInitTypeDef RCC_ClkInitStruct = {0};
 1266              		.loc 1 173 3 view .LVU267
 173:Core/Src/main.c ****   RCC_ClkInitTypeDef RCC_ClkInitStruct = {0};
 1267              		.loc 1 173 22 is_stmt 0 view .LVU268
 1268 0004 3422     		movs	r2, #52
 1269 0006 0021     		movs	r1, #0
 1270 0008 07A8     		add	r0, sp, #28
 1271 000a FFF7FEFF 		bl	memset
 1272              	.LVL121:
 174:Core/Src/main.c **** 
 1273              		.loc 1 174 3 is_stmt 1 view .LVU269
 174:Core/Src/main.c **** 
 1274              		.loc 1 174 22 is_stmt 0 view .LVU270
 1275 000e 0023     		movs	r3, #0
 1276 0010 0293     		str	r3, [sp, #8]
 1277 0012 0393     		str	r3, [sp, #12]
 1278 0014 0493     		str	r3, [sp, #16]
 1279 0016 0593     		str	r3, [sp, #20]
 1280 0018 0693     		str	r3, [sp, #24]
 178:Core/Src/main.c ****   __HAL_PWR_VOLTAGESCALING_CONFIG(PWR_REGULATOR_VOLTAGE_SCALE3);
 1281              		.loc 1 178 3 is_stmt 1 view .LVU271
 1282              	.LBB33:
 178:Core/Src/main.c ****   __HAL_PWR_VOLTAGESCALING_CONFIG(PWR_REGULATOR_VOLTAGE_SCALE3);
 1283              		.loc 1 178 3 view .LVU272
 1284 001a 0093     		str	r3, [sp]
 178:Core/Src/main.c ****   __HAL_PWR_VOLTAGESCALING_CONFIG(PWR_REGULATOR_VOLTAGE_SCALE3);
 1285              		.loc 1 178 3 view .LVU273
 1286 001c 214A     		ldr	r2, .L69
 1287 001e 116C     		ldr	r1, [r2, #64]
 1288 0020 41F08051 		orr	r1, r1, #268435456
 1289 0024 1164     		str	r1, [r2, #64]
 178:Core/Src/main.c ****   __HAL_PWR_VOLTAGESCALING_CONFIG(PWR_REGULATOR_VOLTAGE_SCALE3);
 1290              		.loc 1 178 3 view .LVU274
 1291 0026 126C     		ldr	r2, [r2, #64]
 1292 0028 02F08052 		and	r2, r2, #268435456
 1293 002c 0092     		str	r2, [sp]
 178:Core/Src/main.c ****   __HAL_PWR_VOLTAGESCALING_CONFIG(PWR_REGULATOR_VOLTAGE_SCALE3);
 1294              		.loc 1 178 3 view .LVU275
 1295 002e 009A     		ldr	r2, [sp]
 1296              	.LBE33:
 178:Core/Src/main.c ****   __HAL_PWR_VOLTAGESCALING_CONFIG(PWR_REGULATOR_VOLTAGE_SCALE3);
 1297              		.loc 1 178 3 view .LVU276
 179:Core/Src/main.c **** 
 1298              		.loc 1 179 3 view .LVU277
 1299              	.LBB34:
 179:Core/Src/main.c **** 
 1300              		.loc 1 179 3 view .LVU278
 1301 0030 0193     		str	r3, [sp, #4]
 179:Core/Src/main.c **** 
 1302              		.loc 1 179 3 view .LVU279
 1303 0032 1D4A     		ldr	r2, .L69+4
 1304 0034 1368     		ldr	r3, [r2]
 1305 0036 23F44043 		bic	r3, r3, #49152
 1306 003a 43F48043 		orr	r3, r3, #16384
 1307 003e 1360     		str	r3, [r2]
 179:Core/Src/main.c **** 
ARM GAS  C:\Users\Ebrahim\AppData\Local\Temp\ccXJohbJ.s 			page 52


 1308              		.loc 1 179 3 view .LVU280
 1309 0040 1368     		ldr	r3, [r2]
 1310 0042 03F44043 		and	r3, r3, #49152
 1311 0046 0193     		str	r3, [sp, #4]
 179:Core/Src/main.c **** 
 1312              		.loc 1 179 3 view .LVU281
 1313 0048 019B     		ldr	r3, [sp, #4]
 1314              	.LBE34:
 179:Core/Src/main.c **** 
 1315              		.loc 1 179 3 view .LVU282
 184:Core/Src/main.c ****   RCC_OscInitStruct.HSEState = RCC_HSE_ON;
 1316              		.loc 1 184 3 view .LVU283
 184:Core/Src/main.c ****   RCC_OscInitStruct.HSEState = RCC_HSE_ON;
 1317              		.loc 1 184 36 is_stmt 0 view .LVU284
 1318 004a 0123     		movs	r3, #1
 1319 004c 0793     		str	r3, [sp, #28]
 185:Core/Src/main.c ****   RCC_OscInitStruct.PLL.PLLState = RCC_PLL_ON;
 1320              		.loc 1 185 3 is_stmt 1 view .LVU285
 185:Core/Src/main.c ****   RCC_OscInitStruct.PLL.PLLState = RCC_PLL_ON;
 1321              		.loc 1 185 30 is_stmt 0 view .LVU286
 1322 004e 4FF48033 		mov	r3, #65536
 1323 0052 0893     		str	r3, [sp, #32]
 186:Core/Src/main.c ****   RCC_OscInitStruct.PLL.PLLSource = RCC_PLLSOURCE_HSE;
 1324              		.loc 1 186 3 is_stmt 1 view .LVU287
 186:Core/Src/main.c ****   RCC_OscInitStruct.PLL.PLLSource = RCC_PLLSOURCE_HSE;
 1325              		.loc 1 186 34 is_stmt 0 view .LVU288
 1326 0054 0223     		movs	r3, #2
 1327 0056 0D93     		str	r3, [sp, #52]
 187:Core/Src/main.c ****   RCC_OscInitStruct.PLL.PLLM = 15;
 1328              		.loc 1 187 3 is_stmt 1 view .LVU289
 187:Core/Src/main.c ****   RCC_OscInitStruct.PLL.PLLM = 15;
 1329              		.loc 1 187 35 is_stmt 0 view .LVU290
 1330 0058 4FF48002 		mov	r2, #4194304
 1331 005c 0E92     		str	r2, [sp, #56]
 188:Core/Src/main.c ****   RCC_OscInitStruct.PLL.PLLN = 144;
 1332              		.loc 1 188 3 is_stmt 1 view .LVU291
 188:Core/Src/main.c ****   RCC_OscInitStruct.PLL.PLLN = 144;
 1333              		.loc 1 188 30 is_stmt 0 view .LVU292
 1334 005e 0F22     		movs	r2, #15
 1335 0060 0F92     		str	r2, [sp, #60]
 189:Core/Src/main.c ****   RCC_OscInitStruct.PLL.PLLP = RCC_PLLP_DIV2;
 1336              		.loc 1 189 3 is_stmt 1 view .LVU293
 189:Core/Src/main.c ****   RCC_OscInitStruct.PLL.PLLP = RCC_PLLP_DIV2;
 1337              		.loc 1 189 30 is_stmt 0 view .LVU294
 1338 0062 9022     		movs	r2, #144
 1339 0064 1092     		str	r2, [sp, #64]
 190:Core/Src/main.c ****   RCC_OscInitStruct.PLL.PLLQ = 2;
 1340              		.loc 1 190 3 is_stmt 1 view .LVU295
 190:Core/Src/main.c ****   RCC_OscInitStruct.PLL.PLLQ = 2;
 1341              		.loc 1 190 30 is_stmt 0 view .LVU296
 1342 0066 1193     		str	r3, [sp, #68]
 191:Core/Src/main.c ****   RCC_OscInitStruct.PLL.PLLR = 2;
 1343              		.loc 1 191 3 is_stmt 1 view .LVU297
 191:Core/Src/main.c ****   RCC_OscInitStruct.PLL.PLLR = 2;
 1344              		.loc 1 191 30 is_stmt 0 view .LVU298
 1345 0068 1293     		str	r3, [sp, #72]
 192:Core/Src/main.c ****   if (HAL_RCC_OscConfig(&RCC_OscInitStruct) != HAL_OK)
ARM GAS  C:\Users\Ebrahim\AppData\Local\Temp\ccXJohbJ.s 			page 53


 1346              		.loc 1 192 3 is_stmt 1 view .LVU299
 192:Core/Src/main.c ****   if (HAL_RCC_OscConfig(&RCC_OscInitStruct) != HAL_OK)
 1347              		.loc 1 192 30 is_stmt 0 view .LVU300
 1348 006a 1393     		str	r3, [sp, #76]
 193:Core/Src/main.c ****   {
 1349              		.loc 1 193 3 is_stmt 1 view .LVU301
 193:Core/Src/main.c ****   {
 1350              		.loc 1 193 7 is_stmt 0 view .LVU302
 1351 006c 07A8     		add	r0, sp, #28
 1352 006e FFF7FEFF 		bl	HAL_RCC_OscConfig
 1353              	.LVL122:
 193:Core/Src/main.c ****   {
 1354              		.loc 1 193 6 discriminator 1 view .LVU303
 1355 0072 98B9     		cbnz	r0, .L67
 200:Core/Src/main.c ****                               |RCC_CLOCKTYPE_PCLK1|RCC_CLOCKTYPE_PCLK2;
 1356              		.loc 1 200 3 is_stmt 1 view .LVU304
 200:Core/Src/main.c ****                               |RCC_CLOCKTYPE_PCLK1|RCC_CLOCKTYPE_PCLK2;
 1357              		.loc 1 200 31 is_stmt 0 view .LVU305
 1358 0074 0F23     		movs	r3, #15
 1359 0076 0293     		str	r3, [sp, #8]
 202:Core/Src/main.c ****   RCC_ClkInitStruct.AHBCLKDivider = RCC_SYSCLK_DIV1;
 1360              		.loc 1 202 3 is_stmt 1 view .LVU306
 202:Core/Src/main.c ****   RCC_ClkInitStruct.AHBCLKDivider = RCC_SYSCLK_DIV1;
 1361              		.loc 1 202 34 is_stmt 0 view .LVU307
 1362 0078 0223     		movs	r3, #2
 1363 007a 0393     		str	r3, [sp, #12]
 203:Core/Src/main.c ****   RCC_ClkInitStruct.APB1CLKDivider = RCC_HCLK_DIV4;
 1364              		.loc 1 203 3 is_stmt 1 view .LVU308
 203:Core/Src/main.c ****   RCC_ClkInitStruct.APB1CLKDivider = RCC_HCLK_DIV4;
 1365              		.loc 1 203 35 is_stmt 0 view .LVU309
 1366 007c 0023     		movs	r3, #0
 1367 007e 0493     		str	r3, [sp, #16]
 204:Core/Src/main.c ****   RCC_ClkInitStruct.APB2CLKDivider = RCC_HCLK_DIV2;
 1368              		.loc 1 204 3 is_stmt 1 view .LVU310
 204:Core/Src/main.c ****   RCC_ClkInitStruct.APB2CLKDivider = RCC_HCLK_DIV2;
 1369              		.loc 1 204 36 is_stmt 0 view .LVU311
 1370 0080 4FF4A053 		mov	r3, #5120
 1371 0084 0593     		str	r3, [sp, #20]
 205:Core/Src/main.c **** 
 1372              		.loc 1 205 3 is_stmt 1 view .LVU312
 205:Core/Src/main.c **** 
 1373              		.loc 1 205 36 is_stmt 0 view .LVU313
 1374 0086 4FF48053 		mov	r3, #4096
 1375 008a 0693     		str	r3, [sp, #24]
 207:Core/Src/main.c ****   {
 1376              		.loc 1 207 3 is_stmt 1 view .LVU314
 207:Core/Src/main.c ****   {
 1377              		.loc 1 207 7 is_stmt 0 view .LVU315
 1378 008c 0321     		movs	r1, #3
 1379 008e 02A8     		add	r0, sp, #8
 1380 0090 FFF7FEFF 		bl	HAL_RCC_ClockConfig
 1381              	.LVL123:
 207:Core/Src/main.c ****   {
 1382              		.loc 1 207 6 discriminator 1 view .LVU316
 1383 0094 20B9     		cbnz	r0, .L68
 211:Core/Src/main.c **** 
 1384              		.loc 1 211 1 view .LVU317
ARM GAS  C:\Users\Ebrahim\AppData\Local\Temp\ccXJohbJ.s 			page 54


 1385 0096 15B0     		add	sp, sp, #84
 1386              	.LCFI14:
 1387              		.cfi_remember_state
 1388              		.cfi_def_cfa_offset 4
 1389              		@ sp needed
 1390 0098 5DF804FB 		ldr	pc, [sp], #4
 1391              	.L67:
 1392              	.LCFI15:
 1393              		.cfi_restore_state
 195:Core/Src/main.c ****   }
 1394              		.loc 1 195 5 is_stmt 1 view .LVU318
 1395 009c FFF7FEFF 		bl	Error_Handler
 1396              	.LVL124:
 1397              	.L68:
 209:Core/Src/main.c ****   }
 1398              		.loc 1 209 5 view .LVU319
 1399 00a0 FFF7FEFF 		bl	Error_Handler
 1400              	.LVL125:
 1401              	.L70:
 1402              		.align	2
 1403              	.L69:
 1404 00a4 00380240 		.word	1073887232
 1405 00a8 00700040 		.word	1073770496
 1406              		.cfi_endproc
 1407              	.LFE135:
 1409              		.global	__aeabi_ui2d
 1410              		.section	.text.main,"ax",%progbits
 1411              		.align	1
 1412              		.global	main
 1413              		.syntax unified
 1414              		.thumb
 1415              		.thumb_func
 1417              	main:
 1418              	.LFB134:
  91:Core/Src/main.c **** 
 1419              		.loc 1 91 1 view -0
 1420              		.cfi_startproc
 1421              		@ args = 0, pretend = 0, frame = 0
 1422              		@ frame_needed = 0, uses_anonymous_args = 0
 1423 0000 2DE9F047 		push	{r4, r5, r6, r7, r8, r9, r10, lr}
 1424              	.LCFI16:
 1425              		.cfi_def_cfa_offset 32
 1426              		.cfi_offset 4, -32
 1427              		.cfi_offset 5, -28
 1428              		.cfi_offset 6, -24
 1429              		.cfi_offset 7, -20
 1430              		.cfi_offset 8, -16
 1431              		.cfi_offset 9, -12
 1432              		.cfi_offset 10, -8
 1433              		.cfi_offset 14, -4
 100:Core/Src/main.c **** 
 1434              		.loc 1 100 3 view .LVU321
 1435 0004 FFF7FEFF 		bl	HAL_Init
 1436              	.LVL126:
 103:Core/Src/main.c ****   /* USER CODE END Init */
 1437              		.loc 1 103 3 view .LVU322
 1438 0008 FFF7FEFF 		bl	DWT_Init
ARM GAS  C:\Users\Ebrahim\AppData\Local\Temp\ccXJohbJ.s 			page 55


 1439              	.LVL127:
 107:Core/Src/main.c **** 
 1440              		.loc 1 107 3 view .LVU323
 1441 000c FFF7FEFF 		bl	SystemClock_Config
 1442              	.LVL128:
 114:Core/Src/main.c ****   SCB->CPACR |= (0xF << 20);
 1443              		.loc 1 114 3 view .LVU324
 1444 0010 FFF7FEFF 		bl	MX_GPIO_Init
 1445              	.LVL129:
 115:Core/Src/main.c ****   /* USER CODE BEGIN 2 */
 1446              		.loc 1 115 3 view .LVU325
 115:Core/Src/main.c ****   /* USER CODE BEGIN 2 */
 1447              		.loc 1 115 6 is_stmt 0 view .LVU326
 1448 0014 364A     		ldr	r2, .L76+8
 1449 0016 D2F88830 		ldr	r3, [r2, #136]
 115:Core/Src/main.c ****   /* USER CODE BEGIN 2 */
 1450              		.loc 1 115 14 view .LVU327
 1451 001a 43F47003 		orr	r3, r3, #15728640
 1452 001e C2F88830 		str	r3, [r2, #136]
 1453 0022 5AE0     		b	.L74
 1454              	.LVL130:
 1455              	.L73:
 1456              	.LBB35:
 1457              	.LBB36:
 1458              	.LBB37:
 137:Core/Src/main.c **** 	  	  		  uint32_t start_cycles = DWT_GetCycles();
 1459              		.loc 1 137 9 is_stmt 1 view .LVU328
 1460 0024 FFF7FEFF 		bl	DWT_Reset
 1461              	.LVL131:
 138:Core/Src/main.c **** 
 1462              		.loc 1 138 11 view .LVU329
 138:Core/Src/main.c **** 
 1463              		.loc 1 138 35 is_stmt 0 view .LVU330
 1464 0028 FFF7FEFF 		bl	DWT_GetCycles
 1465              	.LVL132:
 1466 002c 8146     		mov	r9, r0
 1467              	.LVL133:
 140:Core/Src/main.c **** 	  	  		  check_sum = calculate_mandelbrot_float(dim[i], dim[i], MAX_ITER);
 1468              		.loc 1 140 11 is_stmt 1 view .LVU331
 140:Core/Src/main.c **** 	  	  		  check_sum = calculate_mandelbrot_float(dim[i], dim[i], MAX_ITER);
 1469              		.loc 1 140 24 is_stmt 0 view .LVU332
 1470 002e FFF7FEFF 		bl	HAL_GetTick
 1471              	.LVL134:
 140:Core/Src/main.c **** 	  	  		  check_sum = calculate_mandelbrot_float(dim[i], dim[i], MAX_ITER);
 1472              		.loc 1 140 22 discriminator 1 view .LVU333
 1473 0032 304F     		ldr	r7, .L76+12
 1474 0034 3860     		str	r0, [r7]
 141:Core/Src/main.c **** 	  	  		  end_time = HAL_GetTick();
 1475              		.loc 1 141 11 is_stmt 1 view .LVU334
 141:Core/Src/main.c **** 	  	  		  end_time = HAL_GetTick();
 1476              		.loc 1 141 23 is_stmt 0 view .LVU335
 1477 0036 DFF8C080 		ldr	r8, .L76+16
 1478 003a 58F82400 		ldr	r0, [r8, r4, lsl #2]
 1479 003e 6422     		movs	r2, #100
 1480 0040 0146     		mov	r1, r0
 1481 0042 FFF7FEFF 		bl	calculate_mandelbrot_float
 1482              	.LVL135:
ARM GAS  C:\Users\Ebrahim\AppData\Local\Temp\ccXJohbJ.s 			page 56


 141:Core/Src/main.c **** 	  	  		  end_time = HAL_GetTick();
 1483              		.loc 1 141 21 discriminator 1 view .LVU336
 1484 0046 2D4D     		ldr	r5, .L76+20
 1485 0048 C5E90001 		strd	r0, [r5]
 142:Core/Src/main.c **** 	  	  		  execution_time = end_time - start_time;
 1486              		.loc 1 142 11 is_stmt 1 view .LVU337
 142:Core/Src/main.c **** 	  	  		  execution_time = end_time - start_time;
 1487              		.loc 1 142 22 is_stmt 0 view .LVU338
 1488 004c FFF7FEFF 		bl	HAL_GetTick
 1489              	.LVL136:
 142:Core/Src/main.c **** 	  	  		  execution_time = end_time - start_time;
 1490              		.loc 1 142 20 discriminator 1 view .LVU339
 1491 0050 2B4B     		ldr	r3, .L76+24
 1492 0052 1860     		str	r0, [r3]
 143:Core/Src/main.c **** 
 1493              		.loc 1 143 11 is_stmt 1 view .LVU340
 143:Core/Src/main.c **** 
 1494              		.loc 1 143 37 is_stmt 0 view .LVU341
 1495 0054 3B68     		ldr	r3, [r7]
 1496 0056 C31A     		subs	r3, r0, r3
 143:Core/Src/main.c **** 
 1497              		.loc 1 143 26 view .LVU342
 1498 0058 DFF8A8A0 		ldr	r10, .L76+28
 1499 005c CAF80030 		str	r3, [r10]
 145:Core/Src/main.c **** 	  	  		  uint32_t cycle_diff = stop_cycles - start_cycles;
 1500              		.loc 1 145 11 is_stmt 1 view .LVU343
 145:Core/Src/main.c **** 	  	  		  uint32_t cycle_diff = stop_cycles - start_cycles;
 1501              		.loc 1 145 34 is_stmt 0 view .LVU344
 1502 0060 FFF7FEFF 		bl	DWT_GetCycles
 1503              	.LVL137:
 146:Core/Src/main.c **** 
 1504              		.loc 1 146 11 is_stmt 1 view .LVU345
 146:Core/Src/main.c **** 
 1505              		.loc 1 146 20 is_stmt 0 view .LVU346
 1506 0064 A0EB0909 		sub	r9, r0, r9
 1507              	.LVL138:
 149:Core/Src/main.c **** 	  	  		  double throughput = (double)(dim[i] * dim[i]) / time_s;
 1508              		.loc 1 149 11 is_stmt 1 view .LVU347
 149:Core/Src/main.c **** 	  	  		  double throughput = (double)(dim[i] * dim[i]) / time_s;
 1509              		.loc 1 149 27 is_stmt 0 view .LVU348
 1510 0068 4846     		mov	r0, r9
 1511              	.LVL139:
 149:Core/Src/main.c **** 	  	  		  double throughput = (double)(dim[i] * dim[i]) / time_s;
 1512              		.loc 1 149 27 view .LVU349
 1513 006a FFF7FEFF 		bl	__aeabi_ui2d
 1514              	.LVL140:
 149:Core/Src/main.c **** 	  	  		  double throughput = (double)(dim[i] * dim[i]) / time_s;
 1515              		.loc 1 149 18 view .LVU350
 1516 006e 1EA3     		adr	r3, .L76
 1517 0070 D3E90023 		ldrd	r2, [r3]
 1518 0074 FFF7FEFF 		bl	__aeabi_ddiv
 1519              	.LVL141:
 1520 0078 0646     		mov	r6, r0
 1521 007a 0F46     		mov	r7, r1
 1522              	.LVL142:
 150:Core/Src/main.c **** 
 1523              		.loc 1 150 11 is_stmt 1 view .LVU351
ARM GAS  C:\Users\Ebrahim\AppData\Local\Temp\ccXJohbJ.s 			page 57


 150:Core/Src/main.c **** 
 1524              		.loc 1 150 43 is_stmt 0 view .LVU352
 1525 007c 58F82400 		ldr	r0, [r8, r4, lsl #2]
 150:Core/Src/main.c **** 
 1526              		.loc 1 150 31 view .LVU353
 1527 0080 00FB00F0 		mul	r0, r0, r0
 1528 0084 FFF7FEFF 		bl	__aeabi_i2d
 1529              	.LVL143:
 150:Core/Src/main.c **** 
 1530              		.loc 1 150 18 view .LVU354
 1531 0088 3246     		mov	r2, r6
 1532 008a 3B46     		mov	r3, r7
 1533 008c FFF7FEFF 		bl	__aeabi_ddiv
 1534              	.LVL144:
 152:Core/Src/main.c **** 	  	  		  exec_times[i]    = execution_time;  // ms from HAL_GetTick()
 1535              		.loc 1 152 11 is_stmt 1 view .LVU355
 152:Core/Src/main.c **** 	  	  		  exec_times[i]    = execution_time;  // ms from HAL_GetTick()
 1536              		.loc 1 152 28 is_stmt 0 view .LVU356
 1537 0090 1D4B     		ldr	r3, .L76+32
 1538 0092 03EBC40C 		add	ip, r3, r4, lsl #3
 1539 0096 D5E90023 		ldrd	r2, [r5]
 1540 009a CCE90023 		strd	r2, [ip]
 153:Core/Src/main.c **** 	  	  		  cycle_counts[i]  = cycle_diff;      // raw CPU cycles
 1541              		.loc 1 153 11 is_stmt 1 view .LVU357
 153:Core/Src/main.c **** 	  	  		  cycle_counts[i]  = cycle_diff;      // raw CPU cycles
 1542              		.loc 1 153 28 is_stmt 0 view .LVU358
 1543 009e DAF80020 		ldr	r2, [r10]
 1544 00a2 1A4B     		ldr	r3, .L76+36
 1545 00a4 43F82420 		str	r2, [r3, r4, lsl #2]
 154:Core/Src/main.c **** 	  	  		  time_secs[i]     = time_s;          // seconds
 1546              		.loc 1 154 11 is_stmt 1 view .LVU359
 154:Core/Src/main.c **** 	  	  		  time_secs[i]     = time_s;          // seconds
 1547              		.loc 1 154 28 is_stmt 0 view .LVU360
 1548 00a8 194B     		ldr	r3, .L76+40
 1549 00aa 43F82490 		str	r9, [r3, r4, lsl #2]
 155:Core/Src/main.c **** 	  	  		  throughput_pxps[i] = throughput;    // pixels per second
 1550              		.loc 1 155 11 is_stmt 1 view .LVU361
 155:Core/Src/main.c **** 	  	  		  throughput_pxps[i] = throughput;    // pixels per second
 1551              		.loc 1 155 28 is_stmt 0 view .LVU362
 1552 00ae 194B     		ldr	r3, .L76+44
 1553 00b0 03EBC403 		add	r3, r3, r4, lsl #3
 1554 00b4 C3E90067 		strd	r6, [r3]
 156:Core/Src/main.c **** 	  	  	  }
 1555              		.loc 1 156 11 is_stmt 1 view .LVU363
 156:Core/Src/main.c **** 	  	  	  }
 1556              		.loc 1 156 30 is_stmt 0 view .LVU364
 1557 00b8 174B     		ldr	r3, .L76+48
 1558 00ba 03EBC403 		add	r3, r3, r4, lsl #3
 1559 00be C3E90001 		strd	r0, [r3]
 1560              	.LBE37:
 135:Core/Src/main.c **** 	  	  	  {
 1561              		.loc 1 135 36 is_stmt 1 discriminator 3 view .LVU365
 1562 00c2 0134     		adds	r4, r4, #1
 1563              	.LVL145:
 1564              	.L72:
 135:Core/Src/main.c **** 	  	  	  {
 1565              		.loc 1 135 22 discriminator 1 view .LVU366
ARM GAS  C:\Users\Ebrahim\AppData\Local\Temp\ccXJohbJ.s 			page 58


 1566 00c4 042C     		cmp	r4, #4
 1567 00c6 ADDD     		ble	.L73
 1568              	.LBE36:
 160:Core/Src/main.c **** 	  //TODO: Turn OFF LEDs
 1569              		.loc 1 160 4 view .LVU367
 1570 00c8 4FF4FA60 		mov	r0, #2000
 1571 00cc FFF7FEFF 		bl	HAL_Delay
 1572              	.LVL146:
 162:Core/Src/main.c ****   }
 1573              		.loc 1 162 4 view .LVU368
 1574 00d0 0022     		movs	r2, #0
 1575 00d2 0121     		movs	r1, #1
 1576 00d4 1148     		ldr	r0, .L76+52
 1577 00d6 FFF7FEFF 		bl	HAL_GPIO_WritePin
 1578              	.LVL147:
 1579              	.LBE35:
 122:Core/Src/main.c ****   {
 1580              		.loc 1 122 9 view .LVU369
 1581              	.L74:
 122:Core/Src/main.c ****   {
 1582              		.loc 1 122 3 view .LVU370
 1583              	.LBB39:
 128:Core/Src/main.c **** 
 1584              		.loc 1 128 4 view .LVU371
 1585 00da 0122     		movs	r2, #1
 1586 00dc 1146     		mov	r1, r2
 1587 00de 0F48     		ldr	r0, .L76+52
 1588 00e0 FFF7FEFF 		bl	HAL_GPIO_WritePin
 1589              	.LVL148:
 131:Core/Src/main.c **** 
 1590              		.loc 1 131 4 view .LVU372
 135:Core/Src/main.c **** 	  	  	  {
 1591              		.loc 1 135 4 view .LVU373
 1592              	.LBB38:
 135:Core/Src/main.c **** 	  	  	  {
 1593              		.loc 1 135 9 view .LVU374
 135:Core/Src/main.c **** 	  	  	  {
 1594              		.loc 1 135 13 is_stmt 0 view .LVU375
 1595 00e4 0024     		movs	r4, #0
 135:Core/Src/main.c **** 	  	  	  {
 1596              		.loc 1 135 4 view .LVU376
 1597 00e6 EDE7     		b	.L72
 1598              	.L77:
 1599              		.align	3
 1600              	.L76:
 1601 00e8 00000000 		.word	0
 1602 00ec 389C9C41 		.word	1100782648
 1603 00f0 00ED00E0 		.word	-536810240
 1604 00f4 00000000 		.word	start_time
 1605 00f8 00000000 		.word	dim
 1606 00fc 00000000 		.word	check_sum
 1607 0100 00000000 		.word	end_time
 1608 0104 00000000 		.word	execution_time
 1609 0108 00000000 		.word	checksums
 1610 010c 00000000 		.word	exec_times
 1611 0110 00000000 		.word	cycle_counts
 1612 0114 00000000 		.word	time_secs
ARM GAS  C:\Users\Ebrahim\AppData\Local\Temp\ccXJohbJ.s 			page 59


 1613 0118 00000000 		.word	throughput_pxps
 1614 011c 00040240 		.word	1073873920
 1615              	.LBE38:
 1616              	.LBE39:
 1617              		.cfi_endproc
 1618              	.LFE134:
 1620              		.global	throughput_pxps
 1621              		.section	.bss.throughput_pxps,"aw",%nobits
 1622              		.align	3
 1625              	throughput_pxps:
 1626 0000 00000000 		.space	40
 1626      00000000 
 1626      00000000 
 1626      00000000 
 1626      00000000 
 1627              		.global	time_secs
 1628              		.section	.bss.time_secs,"aw",%nobits
 1629              		.align	3
 1632              	time_secs:
 1633 0000 00000000 		.space	40
 1633      00000000 
 1633      00000000 
 1633      00000000 
 1633      00000000 
 1634              		.global	cycle_counts
 1635              		.section	.bss.cycle_counts,"aw",%nobits
 1636              		.align	2
 1639              	cycle_counts:
 1640 0000 00000000 		.space	20
 1640      00000000 
 1640      00000000 
 1640      00000000 
 1640      00000000 
 1641              		.global	exec_times
 1642              		.section	.bss.exec_times,"aw",%nobits
 1643              		.align	2
 1646              	exec_times:
 1647 0000 00000000 		.space	20
 1647      00000000 
 1647      00000000 
 1647      00000000 
 1647      00000000 
 1648              		.global	checksums
 1649              		.section	.bss.checksums,"aw",%nobits
 1650              		.align	3
 1653              	checksums:
 1654 0000 00000000 		.space	40
 1654      00000000 
 1654      00000000 
 1654      00000000 
 1654      00000000 
 1655              		.global	check_sum
 1656              		.section	.bss.check_sum,"aw",%nobits
 1657              		.align	3
 1660              	check_sum:
 1661 0000 00000000 		.space	8
 1661      00000000 
ARM GAS  C:\Users\Ebrahim\AppData\Local\Temp\ccXJohbJ.s 			page 60


 1662              		.global	execution_time
 1663              		.section	.bss.execution_time,"aw",%nobits
 1664              		.align	2
 1667              	execution_time:
 1668 0000 00000000 		.space	4
 1669              		.global	end_time
 1670              		.section	.bss.end_time,"aw",%nobits
 1671              		.align	2
 1674              	end_time:
 1675 0000 00000000 		.space	4
 1676              		.global	start_time
 1677              		.section	.bss.start_time,"aw",%nobits
 1678              		.align	2
 1681              	start_time:
 1682 0000 00000000 		.space	4
 1683              		.global	dim
 1684              		.section	.data.dim,"aw"
 1685              		.align	2
 1688              	dim:
 1689 0000 80000000 		.word	128
 1690 0004 A0000000 		.word	160
 1691 0008 C0000000 		.word	192
 1692 000c E0000000 		.word	224
 1693 0010 00010000 		.word	256
 1694              		.text
 1695              	.Letext0:
 1696              		.file 3 "C:\\ST\\STM32CubeIDE_1.19.0\\STM32CubeIDE\\plugins\\com.st.stm32cube.ide.mcu.externaltool
 1697              		.file 4 "C:\\ST\\STM32CubeIDE_1.19.0\\STM32CubeIDE\\plugins\\com.st.stm32cube.ide.mcu.externaltool
 1698              		.file 5 "Drivers/CMSIS/Include/core_cm4.h"
 1699              		.file 6 "Drivers/CMSIS/Device/ST/STM32F4xx/Include/stm32f446xx.h"
 1700              		.file 7 "Drivers/STM32F4xx_HAL_Driver/Inc/stm32f4xx_hal_def.h"
 1701              		.file 8 "Drivers/STM32F4xx_HAL_Driver/Inc/stm32f4xx_hal_rcc_ex.h"
 1702              		.file 9 "Drivers/STM32F4xx_HAL_Driver/Inc/stm32f4xx_hal_rcc.h"
 1703              		.file 10 "Drivers/STM32F4xx_HAL_Driver/Inc/stm32f4xx_hal_gpio.h"
 1704              		.file 11 "Drivers/STM32F4xx_HAL_Driver/Inc/stm32f4xx_hal.h"
 1705              		.file 12 "<built-in>"
ARM GAS  C:\Users\Ebrahim\AppData\Local\Temp\ccXJohbJ.s 			page 61


DEFINED SYMBOLS
                            *ABS*:00000000 main.c
C:\Users\Ebrahim\AppData\Local\Temp\ccXJohbJ.s:19     .text.DWT_Init:00000000 $t
C:\Users\Ebrahim\AppData\Local\Temp\ccXJohbJ.s:24     .text.DWT_Init:00000000 DWT_Init
C:\Users\Ebrahim\AppData\Local\Temp\ccXJohbJ.s:54     .text.DWT_Init:00000020 $d
C:\Users\Ebrahim\AppData\Local\Temp\ccXJohbJ.s:60     .text.DWT_GetCycles:00000000 $t
C:\Users\Ebrahim\AppData\Local\Temp\ccXJohbJ.s:65     .text.DWT_GetCycles:00000000 DWT_GetCycles
C:\Users\Ebrahim\AppData\Local\Temp\ccXJohbJ.s:81     .text.DWT_GetCycles:00000008 $d
C:\Users\Ebrahim\AppData\Local\Temp\ccXJohbJ.s:86     .text.DWT_Reset:00000000 $t
C:\Users\Ebrahim\AppData\Local\Temp\ccXJohbJ.s:91     .text.DWT_Reset:00000000 DWT_Reset
C:\Users\Ebrahim\AppData\Local\Temp\ccXJohbJ.s:108    .text.DWT_Reset:00000008 $d
C:\Users\Ebrahim\AppData\Local\Temp\ccXJohbJ.s:113    .text.MX_GPIO_Init:00000000 $t
C:\Users\Ebrahim\AppData\Local\Temp\ccXJohbJ.s:118    .text.MX_GPIO_Init:00000000 MX_GPIO_Init
C:\Users\Ebrahim\AppData\Local\Temp\ccXJohbJ.s:225    .text.MX_GPIO_Init:00000074 $d
C:\Users\Ebrahim\AppData\Local\Temp\ccXJohbJ.s:232    .text.calculate_mandelbrot_fixed_point_arithmetic:00000000 $t
C:\Users\Ebrahim\AppData\Local\Temp\ccXJohbJ.s:238    .text.calculate_mandelbrot_fixed_point_arithmetic:00000000 calculate_mandelbrot_fixed_point_arithmetic
C:\Users\Ebrahim\AppData\Local\Temp\ccXJohbJ.s:610    .text.calculate_mandelbrot_fixed_point_arithmetic:0000028c $d
C:\Users\Ebrahim\AppData\Local\Temp\ccXJohbJ.s:626    .text.calculate_mandelbrot_float:00000000 $t
C:\Users\Ebrahim\AppData\Local\Temp\ccXJohbJ.s:632    .text.calculate_mandelbrot_float:00000000 calculate_mandelbrot_float
C:\Users\Ebrahim\AppData\Local\Temp\ccXJohbJ.s:895    .text.calculate_mandelbrot_float:00000100 $d
C:\Users\Ebrahim\AppData\Local\Temp\ccXJohbJ.s:907    .text.calculate_mandelbrot_double:00000000 $t
C:\Users\Ebrahim\AppData\Local\Temp\ccXJohbJ.s:913    .text.calculate_mandelbrot_double:00000000 calculate_mandelbrot_double
C:\Users\Ebrahim\AppData\Local\Temp\ccXJohbJ.s:1201   .text.calculate_mandelbrot_double:00000150 $d
C:\Users\Ebrahim\AppData\Local\Temp\ccXJohbJ.s:1209   .text.Error_Handler:00000000 $t
C:\Users\Ebrahim\AppData\Local\Temp\ccXJohbJ.s:1215   .text.Error_Handler:00000000 Error_Handler
C:\Users\Ebrahim\AppData\Local\Temp\ccXJohbJ.s:1247   .text.SystemClock_Config:00000000 $t
C:\Users\Ebrahim\AppData\Local\Temp\ccXJohbJ.s:1253   .text.SystemClock_Config:00000000 SystemClock_Config
C:\Users\Ebrahim\AppData\Local\Temp\ccXJohbJ.s:1404   .text.SystemClock_Config:000000a4 $d
C:\Users\Ebrahim\AppData\Local\Temp\ccXJohbJ.s:1411   .text.main:00000000 $t
C:\Users\Ebrahim\AppData\Local\Temp\ccXJohbJ.s:1417   .text.main:00000000 main
C:\Users\Ebrahim\AppData\Local\Temp\ccXJohbJ.s:1601   .text.main:000000e8 $d
C:\Users\Ebrahim\AppData\Local\Temp\ccXJohbJ.s:1681   .bss.start_time:00000000 start_time
C:\Users\Ebrahim\AppData\Local\Temp\ccXJohbJ.s:1688   .data.dim:00000000 dim
C:\Users\Ebrahim\AppData\Local\Temp\ccXJohbJ.s:1660   .bss.check_sum:00000000 check_sum
C:\Users\Ebrahim\AppData\Local\Temp\ccXJohbJ.s:1674   .bss.end_time:00000000 end_time
C:\Users\Ebrahim\AppData\Local\Temp\ccXJohbJ.s:1667   .bss.execution_time:00000000 execution_time
C:\Users\Ebrahim\AppData\Local\Temp\ccXJohbJ.s:1653   .bss.checksums:00000000 checksums
C:\Users\Ebrahim\AppData\Local\Temp\ccXJohbJ.s:1646   .bss.exec_times:00000000 exec_times
C:\Users\Ebrahim\AppData\Local\Temp\ccXJohbJ.s:1639   .bss.cycle_counts:00000000 cycle_counts
C:\Users\Ebrahim\AppData\Local\Temp\ccXJohbJ.s:1632   .bss.time_secs:00000000 time_secs
C:\Users\Ebrahim\AppData\Local\Temp\ccXJohbJ.s:1625   .bss.throughput_pxps:00000000 throughput_pxps
C:\Users\Ebrahim\AppData\Local\Temp\ccXJohbJ.s:1622   .bss.throughput_pxps:00000000 $d
C:\Users\Ebrahim\AppData\Local\Temp\ccXJohbJ.s:1629   .bss.time_secs:00000000 $d
C:\Users\Ebrahim\AppData\Local\Temp\ccXJohbJ.s:1636   .bss.cycle_counts:00000000 $d
C:\Users\Ebrahim\AppData\Local\Temp\ccXJohbJ.s:1643   .bss.exec_times:00000000 $d
C:\Users\Ebrahim\AppData\Local\Temp\ccXJohbJ.s:1650   .bss.checksums:00000000 $d
C:\Users\Ebrahim\AppData\Local\Temp\ccXJohbJ.s:1657   .bss.check_sum:00000000 $d
C:\Users\Ebrahim\AppData\Local\Temp\ccXJohbJ.s:1664   .bss.execution_time:00000000 $d
C:\Users\Ebrahim\AppData\Local\Temp\ccXJohbJ.s:1671   .bss.end_time:00000000 $d
C:\Users\Ebrahim\AppData\Local\Temp\ccXJohbJ.s:1678   .bss.start_time:00000000 $d
C:\Users\Ebrahim\AppData\Local\Temp\ccXJohbJ.s:1685   .data.dim:00000000 $d

UNDEFINED SYMBOLS
HAL_GPIO_WritePin
HAL_GPIO_Init
__aeabi_ldivmod
__aeabi_i2f
ARM GAS  C:\Users\Ebrahim\AppData\Local\Temp\ccXJohbJ.s 			page 62


__aeabi_fdiv
__aeabi_fmul
__aeabi_fsub
__aeabi_fadd
__aeabi_fcmpgt
__aeabi_i2d
__aeabi_ddiv
__aeabi_dmul
__aeabi_dsub
__aeabi_dadd
__aeabi_dcmpgt
memset
HAL_RCC_OscConfig
HAL_RCC_ClockConfig
__aeabi_ui2d
HAL_Init
HAL_GetTick
HAL_Delay
