ARM GAS  C:\Users\joshr\AppData\Local\Temp\ccU0Bdkv.s 			page 1


   1              		.cpu cortex-m4
   2              		.arch armv7e-m
   3              		.fpu fpv4-sp-d16
   4              		.eabi_attribute 27, 1
   5              		.eabi_attribute 28, 1
   6              		.eabi_attribute 20, 1
   7              		.eabi_attribute 21, 1
   8              		.eabi_attribute 23, 3
   9              		.eabi_attribute 24, 1
  10              		.eabi_attribute 25, 1
  11              		.eabi_attribute 26, 1
  12              		.eabi_attribute 30, 2
  13              		.eabi_attribute 34, 1
  14              		.eabi_attribute 18, 4
  15              		.file	"stm32f4xx_hal.c"
  16              		.text
  17              	.Ltext0:
  18              		.cfi_sections	.debug_frame
  19              		.file 1 "Drivers/STM32F4xx_HAL_Driver/Src/stm32f4xx_hal.c"
  20              		.section	.text.HAL_MspInit,"ax",%progbits
  21              		.align	1
  22              		.p2align 2,,3
  23              		.weak	HAL_MspInit
  24              		.syntax unified
  25              		.thumb
  26              		.thumb_func
  28              	HAL_MspInit:
  29              	.LFB136:
   1:Drivers/STM32F4xx_HAL_Driver/Src/stm32f4xx_hal.c **** /**
   2:Drivers/STM32F4xx_HAL_Driver/Src/stm32f4xx_hal.c ****   ******************************************************************************
   3:Drivers/STM32F4xx_HAL_Driver/Src/stm32f4xx_hal.c ****   * @file    stm32f4xx_hal.c
   4:Drivers/STM32F4xx_HAL_Driver/Src/stm32f4xx_hal.c ****   * @author  MCD Application Team
   5:Drivers/STM32F4xx_HAL_Driver/Src/stm32f4xx_hal.c ****   * @brief   HAL module driver.
   6:Drivers/STM32F4xx_HAL_Driver/Src/stm32f4xx_hal.c ****   *          This is the common part of the HAL initialization
   7:Drivers/STM32F4xx_HAL_Driver/Src/stm32f4xx_hal.c ****   *
   8:Drivers/STM32F4xx_HAL_Driver/Src/stm32f4xx_hal.c ****   ******************************************************************************
   9:Drivers/STM32F4xx_HAL_Driver/Src/stm32f4xx_hal.c ****   * @attention
  10:Drivers/STM32F4xx_HAL_Driver/Src/stm32f4xx_hal.c ****   *
  11:Drivers/STM32F4xx_HAL_Driver/Src/stm32f4xx_hal.c ****   * Copyright (c) 2017 STMicroelectronics.
  12:Drivers/STM32F4xx_HAL_Driver/Src/stm32f4xx_hal.c ****   * All rights reserved.
  13:Drivers/STM32F4xx_HAL_Driver/Src/stm32f4xx_hal.c ****   *
  14:Drivers/STM32F4xx_HAL_Driver/Src/stm32f4xx_hal.c ****   * This software is licensed under terms that can be found in the LICENSE file
  15:Drivers/STM32F4xx_HAL_Driver/Src/stm32f4xx_hal.c ****   * in the root directory of this software component.
  16:Drivers/STM32F4xx_HAL_Driver/Src/stm32f4xx_hal.c ****   * If no LICENSE file comes with this software, it is provided AS-IS.
  17:Drivers/STM32F4xx_HAL_Driver/Src/stm32f4xx_hal.c ****   *
  18:Drivers/STM32F4xx_HAL_Driver/Src/stm32f4xx_hal.c ****   ******************************************************************************
  19:Drivers/STM32F4xx_HAL_Driver/Src/stm32f4xx_hal.c ****   @verbatim
  20:Drivers/STM32F4xx_HAL_Driver/Src/stm32f4xx_hal.c ****   ==============================================================================
  21:Drivers/STM32F4xx_HAL_Driver/Src/stm32f4xx_hal.c ****                      ##### How to use this driver #####
  22:Drivers/STM32F4xx_HAL_Driver/Src/stm32f4xx_hal.c ****   ==============================================================================
  23:Drivers/STM32F4xx_HAL_Driver/Src/stm32f4xx_hal.c ****     [..]
  24:Drivers/STM32F4xx_HAL_Driver/Src/stm32f4xx_hal.c ****     The common HAL driver contains a set of generic and common APIs that can be
  25:Drivers/STM32F4xx_HAL_Driver/Src/stm32f4xx_hal.c ****     used by the PPP peripheral drivers and the user to start using the HAL. 
  26:Drivers/STM32F4xx_HAL_Driver/Src/stm32f4xx_hal.c ****     [..]
  27:Drivers/STM32F4xx_HAL_Driver/Src/stm32f4xx_hal.c ****     The HAL contains two APIs' categories: 
  28:Drivers/STM32F4xx_HAL_Driver/Src/stm32f4xx_hal.c ****          (+) Common HAL APIs
  29:Drivers/STM32F4xx_HAL_Driver/Src/stm32f4xx_hal.c ****          (+) Services HAL APIs
ARM GAS  C:\Users\joshr\AppData\Local\Temp\ccU0Bdkv.s 			page 2


  30:Drivers/STM32F4xx_HAL_Driver/Src/stm32f4xx_hal.c **** 
  31:Drivers/STM32F4xx_HAL_Driver/Src/stm32f4xx_hal.c ****   @endverbatim
  32:Drivers/STM32F4xx_HAL_Driver/Src/stm32f4xx_hal.c ****   ******************************************************************************
  33:Drivers/STM32F4xx_HAL_Driver/Src/stm32f4xx_hal.c ****   */ 
  34:Drivers/STM32F4xx_HAL_Driver/Src/stm32f4xx_hal.c **** 
  35:Drivers/STM32F4xx_HAL_Driver/Src/stm32f4xx_hal.c **** /* Includes ------------------------------------------------------------------*/
  36:Drivers/STM32F4xx_HAL_Driver/Src/stm32f4xx_hal.c **** #include "stm32f4xx_hal.h"
  37:Drivers/STM32F4xx_HAL_Driver/Src/stm32f4xx_hal.c **** 
  38:Drivers/STM32F4xx_HAL_Driver/Src/stm32f4xx_hal.c **** /** @addtogroup STM32F4xx_HAL_Driver
  39:Drivers/STM32F4xx_HAL_Driver/Src/stm32f4xx_hal.c ****   * @{
  40:Drivers/STM32F4xx_HAL_Driver/Src/stm32f4xx_hal.c ****   */
  41:Drivers/STM32F4xx_HAL_Driver/Src/stm32f4xx_hal.c **** 
  42:Drivers/STM32F4xx_HAL_Driver/Src/stm32f4xx_hal.c **** /** @defgroup HAL HAL
  43:Drivers/STM32F4xx_HAL_Driver/Src/stm32f4xx_hal.c ****   * @brief HAL module driver.
  44:Drivers/STM32F4xx_HAL_Driver/Src/stm32f4xx_hal.c ****   * @{
  45:Drivers/STM32F4xx_HAL_Driver/Src/stm32f4xx_hal.c ****   */
  46:Drivers/STM32F4xx_HAL_Driver/Src/stm32f4xx_hal.c **** 
  47:Drivers/STM32F4xx_HAL_Driver/Src/stm32f4xx_hal.c **** /* Private typedef -----------------------------------------------------------*/
  48:Drivers/STM32F4xx_HAL_Driver/Src/stm32f4xx_hal.c **** /* Private define ------------------------------------------------------------*/
  49:Drivers/STM32F4xx_HAL_Driver/Src/stm32f4xx_hal.c **** /** @addtogroup HAL_Private_Constants
  50:Drivers/STM32F4xx_HAL_Driver/Src/stm32f4xx_hal.c ****   * @{
  51:Drivers/STM32F4xx_HAL_Driver/Src/stm32f4xx_hal.c ****   */
  52:Drivers/STM32F4xx_HAL_Driver/Src/stm32f4xx_hal.c **** /**
  53:Drivers/STM32F4xx_HAL_Driver/Src/stm32f4xx_hal.c ****   * @brief STM32F4xx HAL Driver version number V1.8.5
  54:Drivers/STM32F4xx_HAL_Driver/Src/stm32f4xx_hal.c ****   */
  55:Drivers/STM32F4xx_HAL_Driver/Src/stm32f4xx_hal.c **** #define __STM32F4xx_HAL_VERSION_MAIN   (0x01U) /*!< [31:24] main version */
  56:Drivers/STM32F4xx_HAL_Driver/Src/stm32f4xx_hal.c **** #define __STM32F4xx_HAL_VERSION_SUB1   (0x08U) /*!< [23:16] sub1 version */
  57:Drivers/STM32F4xx_HAL_Driver/Src/stm32f4xx_hal.c **** #define __STM32F4xx_HAL_VERSION_SUB2   (0x05U) /*!< [15:8]  sub2 version */
  58:Drivers/STM32F4xx_HAL_Driver/Src/stm32f4xx_hal.c **** #define __STM32F4xx_HAL_VERSION_RC     (0x00U) /*!< [7:0]  release candidate */ 
  59:Drivers/STM32F4xx_HAL_Driver/Src/stm32f4xx_hal.c **** #define __STM32F4xx_HAL_VERSION         ((__STM32F4xx_HAL_VERSION_MAIN << 24U)\
  60:Drivers/STM32F4xx_HAL_Driver/Src/stm32f4xx_hal.c ****                                         |(__STM32F4xx_HAL_VERSION_SUB1 << 16U)\
  61:Drivers/STM32F4xx_HAL_Driver/Src/stm32f4xx_hal.c ****                                         |(__STM32F4xx_HAL_VERSION_SUB2 << 8U )\
  62:Drivers/STM32F4xx_HAL_Driver/Src/stm32f4xx_hal.c ****                                         |(__STM32F4xx_HAL_VERSION_RC))
  63:Drivers/STM32F4xx_HAL_Driver/Src/stm32f4xx_hal.c ****                                         
  64:Drivers/STM32F4xx_HAL_Driver/Src/stm32f4xx_hal.c **** #define IDCODE_DEVID_MASK    0x00000FFFU
  65:Drivers/STM32F4xx_HAL_Driver/Src/stm32f4xx_hal.c **** 
  66:Drivers/STM32F4xx_HAL_Driver/Src/stm32f4xx_hal.c **** /* ------------ RCC registers bit address in the alias region ----------- */
  67:Drivers/STM32F4xx_HAL_Driver/Src/stm32f4xx_hal.c **** #define SYSCFG_OFFSET             (SYSCFG_BASE - PERIPH_BASE)
  68:Drivers/STM32F4xx_HAL_Driver/Src/stm32f4xx_hal.c **** /* ---  MEMRMP Register ---*/ 
  69:Drivers/STM32F4xx_HAL_Driver/Src/stm32f4xx_hal.c **** /* Alias word address of UFB_MODE bit */ 
  70:Drivers/STM32F4xx_HAL_Driver/Src/stm32f4xx_hal.c **** #define MEMRMP_OFFSET             SYSCFG_OFFSET 
  71:Drivers/STM32F4xx_HAL_Driver/Src/stm32f4xx_hal.c **** #define UFB_MODE_BIT_NUMBER       SYSCFG_MEMRMP_UFB_MODE_Pos
  72:Drivers/STM32F4xx_HAL_Driver/Src/stm32f4xx_hal.c **** #define UFB_MODE_BB               (uint32_t)(PERIPH_BB_BASE + (MEMRMP_OFFSET * 32U) + (UFB_MODE_BIT
  73:Drivers/STM32F4xx_HAL_Driver/Src/stm32f4xx_hal.c **** 
  74:Drivers/STM32F4xx_HAL_Driver/Src/stm32f4xx_hal.c **** /* ---  CMPCR Register ---*/ 
  75:Drivers/STM32F4xx_HAL_Driver/Src/stm32f4xx_hal.c **** /* Alias word address of CMP_PD bit */ 
  76:Drivers/STM32F4xx_HAL_Driver/Src/stm32f4xx_hal.c **** #define CMPCR_OFFSET              (SYSCFG_OFFSET + 0x20U) 
  77:Drivers/STM32F4xx_HAL_Driver/Src/stm32f4xx_hal.c **** #define CMP_PD_BIT_NUMBER         SYSCFG_CMPCR_CMP_PD_Pos
  78:Drivers/STM32F4xx_HAL_Driver/Src/stm32f4xx_hal.c **** #define CMPCR_CMP_PD_BB           (uint32_t)(PERIPH_BB_BASE + (CMPCR_OFFSET * 32U) + (CMP_PD_BIT_NU
  79:Drivers/STM32F4xx_HAL_Driver/Src/stm32f4xx_hal.c **** 
  80:Drivers/STM32F4xx_HAL_Driver/Src/stm32f4xx_hal.c **** /* ---  MCHDLYCR Register ---*/ 
  81:Drivers/STM32F4xx_HAL_Driver/Src/stm32f4xx_hal.c **** /* Alias word address of BSCKSEL bit */ 
  82:Drivers/STM32F4xx_HAL_Driver/Src/stm32f4xx_hal.c **** #define MCHDLYCR_OFFSET            (SYSCFG_OFFSET + 0x30U) 
  83:Drivers/STM32F4xx_HAL_Driver/Src/stm32f4xx_hal.c **** #define BSCKSEL_BIT_NUMBER         SYSCFG_MCHDLYCR_BSCKSEL_Pos
  84:Drivers/STM32F4xx_HAL_Driver/Src/stm32f4xx_hal.c **** #define MCHDLYCR_BSCKSEL_BB        (uint32_t)(PERIPH_BB_BASE + (MCHDLYCR_OFFSET * 32U) + (BSCKSEL_B
  85:Drivers/STM32F4xx_HAL_Driver/Src/stm32f4xx_hal.c **** /**
  86:Drivers/STM32F4xx_HAL_Driver/Src/stm32f4xx_hal.c ****   * @}
ARM GAS  C:\Users\joshr\AppData\Local\Temp\ccU0Bdkv.s 			page 3


  87:Drivers/STM32F4xx_HAL_Driver/Src/stm32f4xx_hal.c ****   */
  88:Drivers/STM32F4xx_HAL_Driver/Src/stm32f4xx_hal.c **** 
  89:Drivers/STM32F4xx_HAL_Driver/Src/stm32f4xx_hal.c **** /* Private macro -------------------------------------------------------------*/
  90:Drivers/STM32F4xx_HAL_Driver/Src/stm32f4xx_hal.c **** /* Private variables ---------------------------------------------------------*/
  91:Drivers/STM32F4xx_HAL_Driver/Src/stm32f4xx_hal.c **** /** @addtogroup HAL_Private_Variables
  92:Drivers/STM32F4xx_HAL_Driver/Src/stm32f4xx_hal.c ****   * @{
  93:Drivers/STM32F4xx_HAL_Driver/Src/stm32f4xx_hal.c ****   */
  94:Drivers/STM32F4xx_HAL_Driver/Src/stm32f4xx_hal.c **** __IO uint32_t uwTick;
  95:Drivers/STM32F4xx_HAL_Driver/Src/stm32f4xx_hal.c **** uint32_t uwTickPrio   = (1UL << __NVIC_PRIO_BITS); /* Invalid PRIO */
  96:Drivers/STM32F4xx_HAL_Driver/Src/stm32f4xx_hal.c **** HAL_TickFreqTypeDef uwTickFreq = HAL_TICK_FREQ_DEFAULT;  /* 1KHz */
  97:Drivers/STM32F4xx_HAL_Driver/Src/stm32f4xx_hal.c **** /**
  98:Drivers/STM32F4xx_HAL_Driver/Src/stm32f4xx_hal.c ****   * @}
  99:Drivers/STM32F4xx_HAL_Driver/Src/stm32f4xx_hal.c ****   */
 100:Drivers/STM32F4xx_HAL_Driver/Src/stm32f4xx_hal.c **** /* Private function prototypes -----------------------------------------------*/
 101:Drivers/STM32F4xx_HAL_Driver/Src/stm32f4xx_hal.c **** /* Private functions ---------------------------------------------------------*/
 102:Drivers/STM32F4xx_HAL_Driver/Src/stm32f4xx_hal.c **** 
 103:Drivers/STM32F4xx_HAL_Driver/Src/stm32f4xx_hal.c **** /** @defgroup HAL_Exported_Functions HAL Exported Functions
 104:Drivers/STM32F4xx_HAL_Driver/Src/stm32f4xx_hal.c ****   * @{
 105:Drivers/STM32F4xx_HAL_Driver/Src/stm32f4xx_hal.c ****   */
 106:Drivers/STM32F4xx_HAL_Driver/Src/stm32f4xx_hal.c **** 
 107:Drivers/STM32F4xx_HAL_Driver/Src/stm32f4xx_hal.c **** /** @defgroup HAL_Exported_Functions_Group1 Initialization and de-initialization Functions 
 108:Drivers/STM32F4xx_HAL_Driver/Src/stm32f4xx_hal.c ****  *  @brief    Initialization and de-initialization functions
 109:Drivers/STM32F4xx_HAL_Driver/Src/stm32f4xx_hal.c ****  *
 110:Drivers/STM32F4xx_HAL_Driver/Src/stm32f4xx_hal.c **** @verbatim    
 111:Drivers/STM32F4xx_HAL_Driver/Src/stm32f4xx_hal.c ****  ===============================================================================
 112:Drivers/STM32F4xx_HAL_Driver/Src/stm32f4xx_hal.c ****               ##### Initialization and Configuration functions #####
 113:Drivers/STM32F4xx_HAL_Driver/Src/stm32f4xx_hal.c ****  ===============================================================================
 114:Drivers/STM32F4xx_HAL_Driver/Src/stm32f4xx_hal.c ****     [..]  This section provides functions allowing to:
 115:Drivers/STM32F4xx_HAL_Driver/Src/stm32f4xx_hal.c ****       (+) Initializes the Flash interface the NVIC allocation and initial clock 
 116:Drivers/STM32F4xx_HAL_Driver/Src/stm32f4xx_hal.c ****           configuration. It initializes the systick also when timeout is needed 
 117:Drivers/STM32F4xx_HAL_Driver/Src/stm32f4xx_hal.c ****           and the backup domain when enabled.
 118:Drivers/STM32F4xx_HAL_Driver/Src/stm32f4xx_hal.c ****       (+) De-Initializes common part of the HAL.
 119:Drivers/STM32F4xx_HAL_Driver/Src/stm32f4xx_hal.c ****       (+) Configure the time base source to have 1ms time base with a dedicated 
 120:Drivers/STM32F4xx_HAL_Driver/Src/stm32f4xx_hal.c ****           Tick interrupt priority. 
 121:Drivers/STM32F4xx_HAL_Driver/Src/stm32f4xx_hal.c ****         (++) SysTick timer is used by default as source of time base, but user
 122:Drivers/STM32F4xx_HAL_Driver/Src/stm32f4xx_hal.c ****              can eventually implement his proper time base source (a general purpose 
 123:Drivers/STM32F4xx_HAL_Driver/Src/stm32f4xx_hal.c ****              timer for example or other time source), keeping in mind that Time base 
 124:Drivers/STM32F4xx_HAL_Driver/Src/stm32f4xx_hal.c ****              duration should be kept 1ms since PPP_TIMEOUT_VALUEs are defined and 
 125:Drivers/STM32F4xx_HAL_Driver/Src/stm32f4xx_hal.c ****              handled in milliseconds basis.
 126:Drivers/STM32F4xx_HAL_Driver/Src/stm32f4xx_hal.c ****         (++) Time base configuration function (HAL_InitTick ()) is called automatically 
 127:Drivers/STM32F4xx_HAL_Driver/Src/stm32f4xx_hal.c ****              at the beginning of the program after reset by HAL_Init() or at any time 
 128:Drivers/STM32F4xx_HAL_Driver/Src/stm32f4xx_hal.c ****              when clock is configured, by HAL_RCC_ClockConfig(). 
 129:Drivers/STM32F4xx_HAL_Driver/Src/stm32f4xx_hal.c ****         (++) Source of time base is configured  to generate interrupts at regular 
 130:Drivers/STM32F4xx_HAL_Driver/Src/stm32f4xx_hal.c ****              time intervals. Care must be taken if HAL_Delay() is called from a 
 131:Drivers/STM32F4xx_HAL_Driver/Src/stm32f4xx_hal.c ****              peripheral ISR process, the Tick interrupt line must have higher priority 
 132:Drivers/STM32F4xx_HAL_Driver/Src/stm32f4xx_hal.c ****             (numerically lower) than the peripheral interrupt. Otherwise the caller 
 133:Drivers/STM32F4xx_HAL_Driver/Src/stm32f4xx_hal.c ****             ISR process will be blocked. 
 134:Drivers/STM32F4xx_HAL_Driver/Src/stm32f4xx_hal.c ****        (++) functions affecting time base configurations are declared as __weak  
 135:Drivers/STM32F4xx_HAL_Driver/Src/stm32f4xx_hal.c ****              to make  override possible  in case of other  implementations in user file.
 136:Drivers/STM32F4xx_HAL_Driver/Src/stm32f4xx_hal.c **** @endverbatim
 137:Drivers/STM32F4xx_HAL_Driver/Src/stm32f4xx_hal.c ****   * @{
 138:Drivers/STM32F4xx_HAL_Driver/Src/stm32f4xx_hal.c ****   */
 139:Drivers/STM32F4xx_HAL_Driver/Src/stm32f4xx_hal.c **** 
 140:Drivers/STM32F4xx_HAL_Driver/Src/stm32f4xx_hal.c **** /**
 141:Drivers/STM32F4xx_HAL_Driver/Src/stm32f4xx_hal.c ****   * @brief  This function is used to initialize the HAL Library; it must be the first 
 142:Drivers/STM32F4xx_HAL_Driver/Src/stm32f4xx_hal.c ****   *         instruction to be executed in the main program (before to call any other
 143:Drivers/STM32F4xx_HAL_Driver/Src/stm32f4xx_hal.c ****   *         HAL function), it performs the following:
ARM GAS  C:\Users\joshr\AppData\Local\Temp\ccU0Bdkv.s 			page 4


 144:Drivers/STM32F4xx_HAL_Driver/Src/stm32f4xx_hal.c ****   *           Configure the Flash prefetch, instruction and Data caches.
 145:Drivers/STM32F4xx_HAL_Driver/Src/stm32f4xx_hal.c ****   *           Configures the SysTick to generate an interrupt each 1 millisecond,
 146:Drivers/STM32F4xx_HAL_Driver/Src/stm32f4xx_hal.c ****   *           which is clocked by the HSI (at this stage, the clock is not yet
 147:Drivers/STM32F4xx_HAL_Driver/Src/stm32f4xx_hal.c ****   *           configured and thus the system is running from the internal HSI at 16 MHz).
 148:Drivers/STM32F4xx_HAL_Driver/Src/stm32f4xx_hal.c ****   *           Set NVIC Group Priority to 4.
 149:Drivers/STM32F4xx_HAL_Driver/Src/stm32f4xx_hal.c ****   *           Calls the HAL_MspInit() callback function defined in user file 
 150:Drivers/STM32F4xx_HAL_Driver/Src/stm32f4xx_hal.c ****   *           "stm32f4xx_hal_msp.c" to do the global low level hardware initialization 
 151:Drivers/STM32F4xx_HAL_Driver/Src/stm32f4xx_hal.c ****   *            
 152:Drivers/STM32F4xx_HAL_Driver/Src/stm32f4xx_hal.c ****   * @note   SysTick is used as time base for the HAL_Delay() function, the application
 153:Drivers/STM32F4xx_HAL_Driver/Src/stm32f4xx_hal.c ****   *         need to ensure that the SysTick time base is always set to 1 millisecond
 154:Drivers/STM32F4xx_HAL_Driver/Src/stm32f4xx_hal.c ****   *         to have correct HAL operation.
 155:Drivers/STM32F4xx_HAL_Driver/Src/stm32f4xx_hal.c ****   * @retval HAL status
 156:Drivers/STM32F4xx_HAL_Driver/Src/stm32f4xx_hal.c ****   */
 157:Drivers/STM32F4xx_HAL_Driver/Src/stm32f4xx_hal.c **** HAL_StatusTypeDef HAL_Init(void)
 158:Drivers/STM32F4xx_HAL_Driver/Src/stm32f4xx_hal.c **** {
 159:Drivers/STM32F4xx_HAL_Driver/Src/stm32f4xx_hal.c ****   /* Configure Flash prefetch, Instruction cache, Data cache */ 
 160:Drivers/STM32F4xx_HAL_Driver/Src/stm32f4xx_hal.c **** #if (INSTRUCTION_CACHE_ENABLE != 0U)
 161:Drivers/STM32F4xx_HAL_Driver/Src/stm32f4xx_hal.c ****   __HAL_FLASH_INSTRUCTION_CACHE_ENABLE();
 162:Drivers/STM32F4xx_HAL_Driver/Src/stm32f4xx_hal.c **** #endif /* INSTRUCTION_CACHE_ENABLE */
 163:Drivers/STM32F4xx_HAL_Driver/Src/stm32f4xx_hal.c **** 
 164:Drivers/STM32F4xx_HAL_Driver/Src/stm32f4xx_hal.c **** #if (DATA_CACHE_ENABLE != 0U)
 165:Drivers/STM32F4xx_HAL_Driver/Src/stm32f4xx_hal.c ****   __HAL_FLASH_DATA_CACHE_ENABLE();
 166:Drivers/STM32F4xx_HAL_Driver/Src/stm32f4xx_hal.c **** #endif /* DATA_CACHE_ENABLE */
 167:Drivers/STM32F4xx_HAL_Driver/Src/stm32f4xx_hal.c **** 
 168:Drivers/STM32F4xx_HAL_Driver/Src/stm32f4xx_hal.c **** #if (PREFETCH_ENABLE != 0U)
 169:Drivers/STM32F4xx_HAL_Driver/Src/stm32f4xx_hal.c ****   __HAL_FLASH_PREFETCH_BUFFER_ENABLE();
 170:Drivers/STM32F4xx_HAL_Driver/Src/stm32f4xx_hal.c **** #endif /* PREFETCH_ENABLE */
 171:Drivers/STM32F4xx_HAL_Driver/Src/stm32f4xx_hal.c **** 
 172:Drivers/STM32F4xx_HAL_Driver/Src/stm32f4xx_hal.c ****   /* Set Interrupt Group Priority */
 173:Drivers/STM32F4xx_HAL_Driver/Src/stm32f4xx_hal.c ****   HAL_NVIC_SetPriorityGrouping(NVIC_PRIORITYGROUP_4);
 174:Drivers/STM32F4xx_HAL_Driver/Src/stm32f4xx_hal.c **** 
 175:Drivers/STM32F4xx_HAL_Driver/Src/stm32f4xx_hal.c ****   /* Use systick as time base source and configure 1ms tick (default clock after Reset is HSI) */
 176:Drivers/STM32F4xx_HAL_Driver/Src/stm32f4xx_hal.c ****   HAL_InitTick(TICK_INT_PRIORITY);
 177:Drivers/STM32F4xx_HAL_Driver/Src/stm32f4xx_hal.c **** 
 178:Drivers/STM32F4xx_HAL_Driver/Src/stm32f4xx_hal.c ****   /* Init the low level hardware */
 179:Drivers/STM32F4xx_HAL_Driver/Src/stm32f4xx_hal.c ****   HAL_MspInit();
 180:Drivers/STM32F4xx_HAL_Driver/Src/stm32f4xx_hal.c **** 
 181:Drivers/STM32F4xx_HAL_Driver/Src/stm32f4xx_hal.c ****   /* Return function status */
 182:Drivers/STM32F4xx_HAL_Driver/Src/stm32f4xx_hal.c ****   return HAL_OK;
 183:Drivers/STM32F4xx_HAL_Driver/Src/stm32f4xx_hal.c **** }
 184:Drivers/STM32F4xx_HAL_Driver/Src/stm32f4xx_hal.c **** 
 185:Drivers/STM32F4xx_HAL_Driver/Src/stm32f4xx_hal.c **** /**
 186:Drivers/STM32F4xx_HAL_Driver/Src/stm32f4xx_hal.c ****   * @brief  This function de-Initializes common part of the HAL and stops the systick.
 187:Drivers/STM32F4xx_HAL_Driver/Src/stm32f4xx_hal.c ****   *         This function is optional.   
 188:Drivers/STM32F4xx_HAL_Driver/Src/stm32f4xx_hal.c ****   * @retval HAL status
 189:Drivers/STM32F4xx_HAL_Driver/Src/stm32f4xx_hal.c ****   */
 190:Drivers/STM32F4xx_HAL_Driver/Src/stm32f4xx_hal.c **** HAL_StatusTypeDef HAL_DeInit(void)
 191:Drivers/STM32F4xx_HAL_Driver/Src/stm32f4xx_hal.c **** {
 192:Drivers/STM32F4xx_HAL_Driver/Src/stm32f4xx_hal.c ****   /* Reset of all peripherals */
 193:Drivers/STM32F4xx_HAL_Driver/Src/stm32f4xx_hal.c ****   __HAL_RCC_APB1_FORCE_RESET();
 194:Drivers/STM32F4xx_HAL_Driver/Src/stm32f4xx_hal.c ****   __HAL_RCC_APB1_RELEASE_RESET();
 195:Drivers/STM32F4xx_HAL_Driver/Src/stm32f4xx_hal.c **** 
 196:Drivers/STM32F4xx_HAL_Driver/Src/stm32f4xx_hal.c ****   __HAL_RCC_APB2_FORCE_RESET();
 197:Drivers/STM32F4xx_HAL_Driver/Src/stm32f4xx_hal.c ****   __HAL_RCC_APB2_RELEASE_RESET();
 198:Drivers/STM32F4xx_HAL_Driver/Src/stm32f4xx_hal.c **** 
 199:Drivers/STM32F4xx_HAL_Driver/Src/stm32f4xx_hal.c ****   __HAL_RCC_AHB1_FORCE_RESET();
 200:Drivers/STM32F4xx_HAL_Driver/Src/stm32f4xx_hal.c ****   __HAL_RCC_AHB1_RELEASE_RESET();
ARM GAS  C:\Users\joshr\AppData\Local\Temp\ccU0Bdkv.s 			page 5


 201:Drivers/STM32F4xx_HAL_Driver/Src/stm32f4xx_hal.c **** 
 202:Drivers/STM32F4xx_HAL_Driver/Src/stm32f4xx_hal.c ****   __HAL_RCC_AHB2_FORCE_RESET();
 203:Drivers/STM32F4xx_HAL_Driver/Src/stm32f4xx_hal.c ****   __HAL_RCC_AHB2_RELEASE_RESET();
 204:Drivers/STM32F4xx_HAL_Driver/Src/stm32f4xx_hal.c **** 
 205:Drivers/STM32F4xx_HAL_Driver/Src/stm32f4xx_hal.c ****   __HAL_RCC_AHB3_FORCE_RESET();
 206:Drivers/STM32F4xx_HAL_Driver/Src/stm32f4xx_hal.c ****   __HAL_RCC_AHB3_RELEASE_RESET();
 207:Drivers/STM32F4xx_HAL_Driver/Src/stm32f4xx_hal.c **** 
 208:Drivers/STM32F4xx_HAL_Driver/Src/stm32f4xx_hal.c ****   /* De-Init the low level hardware */
 209:Drivers/STM32F4xx_HAL_Driver/Src/stm32f4xx_hal.c ****   HAL_MspDeInit();
 210:Drivers/STM32F4xx_HAL_Driver/Src/stm32f4xx_hal.c ****     
 211:Drivers/STM32F4xx_HAL_Driver/Src/stm32f4xx_hal.c ****   /* Return function status */
 212:Drivers/STM32F4xx_HAL_Driver/Src/stm32f4xx_hal.c ****   return HAL_OK;
 213:Drivers/STM32F4xx_HAL_Driver/Src/stm32f4xx_hal.c **** }
 214:Drivers/STM32F4xx_HAL_Driver/Src/stm32f4xx_hal.c **** 
 215:Drivers/STM32F4xx_HAL_Driver/Src/stm32f4xx_hal.c **** /**
 216:Drivers/STM32F4xx_HAL_Driver/Src/stm32f4xx_hal.c ****   * @brief  Initialize the MSP.
 217:Drivers/STM32F4xx_HAL_Driver/Src/stm32f4xx_hal.c ****   * @retval None
 218:Drivers/STM32F4xx_HAL_Driver/Src/stm32f4xx_hal.c ****   */
 219:Drivers/STM32F4xx_HAL_Driver/Src/stm32f4xx_hal.c **** __weak void HAL_MspInit(void)
 220:Drivers/STM32F4xx_HAL_Driver/Src/stm32f4xx_hal.c **** {
  30              		.loc 1 220 1 view -0
  31              		.cfi_startproc
  32              		@ args = 0, pretend = 0, frame = 0
  33              		@ frame_needed = 0, uses_anonymous_args = 0
  34              		@ link register save eliminated.
 221:Drivers/STM32F4xx_HAL_Driver/Src/stm32f4xx_hal.c ****   /* NOTE : This function should not be modified, when the callback is needed,
 222:Drivers/STM32F4xx_HAL_Driver/Src/stm32f4xx_hal.c ****             the HAL_MspInit could be implemented in the user file
 223:Drivers/STM32F4xx_HAL_Driver/Src/stm32f4xx_hal.c ****    */
 224:Drivers/STM32F4xx_HAL_Driver/Src/stm32f4xx_hal.c **** }
  35              		.loc 1 224 1 view .LVU1
  36 0000 7047     		bx	lr
  37              		.cfi_endproc
  38              	.LFE136:
  40 0002 00BF     		.section	.text.HAL_MspDeInit,"ax",%progbits
  41              		.align	1
  42              		.p2align 2,,3
  43              		.weak	HAL_MspDeInit
  44              		.syntax unified
  45              		.thumb
  46              		.thumb_func
  48              	HAL_MspDeInit:
  49              	.LFB163:
  50              		.cfi_startproc
 225:Drivers/STM32F4xx_HAL_Driver/Src/stm32f4xx_hal.c **** 
 226:Drivers/STM32F4xx_HAL_Driver/Src/stm32f4xx_hal.c **** /**
 227:Drivers/STM32F4xx_HAL_Driver/Src/stm32f4xx_hal.c ****   * @brief  DeInitializes the MSP.
 228:Drivers/STM32F4xx_HAL_Driver/Src/stm32f4xx_hal.c ****   * @retval None
 229:Drivers/STM32F4xx_HAL_Driver/Src/stm32f4xx_hal.c ****   */
 230:Drivers/STM32F4xx_HAL_Driver/Src/stm32f4xx_hal.c **** __weak void HAL_MspDeInit(void)
  51              		.loc 1 230 13 view -0
  52              		@ args = 0, pretend = 0, frame = 0
  53              		@ frame_needed = 0, uses_anonymous_args = 0
  54              		@ link register save eliminated.
  55 0000 7047     		bx	lr
  56              		.cfi_endproc
  57              	.LFE163:
  59 0002 00BF     		.section	.text.HAL_DeInit,"ax",%progbits
ARM GAS  C:\Users\joshr\AppData\Local\Temp\ccU0Bdkv.s 			page 6


  60              		.align	1
  61              		.p2align 2,,3
  62              		.global	HAL_DeInit
  63              		.syntax unified
  64              		.thumb
  65              		.thumb_func
  67              	HAL_DeInit:
  68              	.LFB135:
 191:Drivers/STM32F4xx_HAL_Driver/Src/stm32f4xx_hal.c ****   /* Reset of all peripherals */
  69              		.loc 1 191 1 view -0
  70              		.cfi_startproc
  71              		@ args = 0, pretend = 0, frame = 0
  72              		@ frame_needed = 0, uses_anonymous_args = 0
 193:Drivers/STM32F4xx_HAL_Driver/Src/stm32f4xx_hal.c ****   __HAL_RCC_APB1_RELEASE_RESET();
  73              		.loc 1 193 3 view .LVU4
 191:Drivers/STM32F4xx_HAL_Driver/Src/stm32f4xx_hal.c ****   /* Reset of all peripherals */
  74              		.loc 1 191 1 is_stmt 0 view .LVU5
  75 0000 10B5     		push	{r4, lr}
  76              	.LCFI0:
  77              		.cfi_def_cfa_offset 8
  78              		.cfi_offset 4, -8
  79              		.cfi_offset 14, -4
 193:Drivers/STM32F4xx_HAL_Driver/Src/stm32f4xx_hal.c ****   __HAL_RCC_APB1_RELEASE_RESET();
  80              		.loc 1 193 3 view .LVU6
  81 0002 0A4B     		ldr	r3, .L6
  82 0004 0A49     		ldr	r1, .L6+4
 196:Drivers/STM32F4xx_HAL_Driver/Src/stm32f4xx_hal.c ****   __HAL_RCC_APB2_RELEASE_RESET();
  83              		.loc 1 196 3 view .LVU7
  84 0006 0B4A     		ldr	r2, .L6+8
 193:Drivers/STM32F4xx_HAL_Driver/Src/stm32f4xx_hal.c ****   __HAL_RCC_APB1_RELEASE_RESET();
  85              		.loc 1 193 3 view .LVU8
  86 0008 1962     		str	r1, [r3, #32]
 194:Drivers/STM32F4xx_HAL_Driver/Src/stm32f4xx_hal.c **** 
  87              		.loc 1 194 3 is_stmt 1 view .LVU9
  88 000a 0024     		movs	r4, #0
  89 000c 1C62     		str	r4, [r3, #32]
 196:Drivers/STM32F4xx_HAL_Driver/Src/stm32f4xx_hal.c ****   __HAL_RCC_APB2_RELEASE_RESET();
  90              		.loc 1 196 3 view .LVU10
 199:Drivers/STM32F4xx_HAL_Driver/Src/stm32f4xx_hal.c ****   __HAL_RCC_AHB1_RELEASE_RESET();
  91              		.loc 1 199 3 is_stmt 0 view .LVU11
  92 000e 0A48     		ldr	r0, .L6+12
 196:Drivers/STM32F4xx_HAL_Driver/Src/stm32f4xx_hal.c ****   __HAL_RCC_APB2_RELEASE_RESET();
  93              		.loc 1 196 3 view .LVU12
  94 0010 5A62     		str	r2, [r3, #36]
 197:Drivers/STM32F4xx_HAL_Driver/Src/stm32f4xx_hal.c **** 
  95              		.loc 1 197 3 is_stmt 1 view .LVU13
 202:Drivers/STM32F4xx_HAL_Driver/Src/stm32f4xx_hal.c ****   __HAL_RCC_AHB2_RELEASE_RESET();
  96              		.loc 1 202 3 is_stmt 0 view .LVU14
  97 0012 8121     		movs	r1, #129
 205:Drivers/STM32F4xx_HAL_Driver/Src/stm32f4xx_hal.c ****   __HAL_RCC_AHB3_RELEASE_RESET();
  98              		.loc 1 205 3 view .LVU15
  99 0014 0322     		movs	r2, #3
 197:Drivers/STM32F4xx_HAL_Driver/Src/stm32f4xx_hal.c **** 
 100              		.loc 1 197 3 view .LVU16
 101 0016 5C62     		str	r4, [r3, #36]
 199:Drivers/STM32F4xx_HAL_Driver/Src/stm32f4xx_hal.c ****   __HAL_RCC_AHB1_RELEASE_RESET();
 102              		.loc 1 199 3 is_stmt 1 view .LVU17
ARM GAS  C:\Users\joshr\AppData\Local\Temp\ccU0Bdkv.s 			page 7


 103 0018 1861     		str	r0, [r3, #16]
 200:Drivers/STM32F4xx_HAL_Driver/Src/stm32f4xx_hal.c **** 
 104              		.loc 1 200 3 view .LVU18
 105 001a 1C61     		str	r4, [r3, #16]
 202:Drivers/STM32F4xx_HAL_Driver/Src/stm32f4xx_hal.c ****   __HAL_RCC_AHB2_RELEASE_RESET();
 106              		.loc 1 202 3 view .LVU19
 107 001c 5961     		str	r1, [r3, #20]
 203:Drivers/STM32F4xx_HAL_Driver/Src/stm32f4xx_hal.c **** 
 108              		.loc 1 203 3 view .LVU20
 109 001e 5C61     		str	r4, [r3, #20]
 205:Drivers/STM32F4xx_HAL_Driver/Src/stm32f4xx_hal.c ****   __HAL_RCC_AHB3_RELEASE_RESET();
 110              		.loc 1 205 3 view .LVU21
 111 0020 9A61     		str	r2, [r3, #24]
 206:Drivers/STM32F4xx_HAL_Driver/Src/stm32f4xx_hal.c **** 
 112              		.loc 1 206 3 view .LVU22
 113 0022 9C61     		str	r4, [r3, #24]
 209:Drivers/STM32F4xx_HAL_Driver/Src/stm32f4xx_hal.c ****     
 114              		.loc 1 209 3 view .LVU23
 115 0024 FFF7FEFF 		bl	HAL_MspDeInit
 116              	.LVL0:
 212:Drivers/STM32F4xx_HAL_Driver/Src/stm32f4xx_hal.c **** }
 117              		.loc 1 212 3 view .LVU24
 213:Drivers/STM32F4xx_HAL_Driver/Src/stm32f4xx_hal.c **** 
 118              		.loc 1 213 1 is_stmt 0 view .LVU25
 119 0028 2046     		mov	r0, r4
 120 002a 10BD     		pop	{r4, pc}
 121              	.L7:
 122              		.align	2
 123              	.L6:
 124 002c 00380240 		.word	1073887232
 125 0030 FFC9FF3F 		.word	1073727999
 126 0034 3379C700 		.word	13072691
 127 0038 FF106020 		.word	543166719
 128              		.cfi_endproc
 129              	.LFE135:
 131              		.section	.text.HAL_InitTick,"ax",%progbits
 132              		.align	1
 133              		.p2align 2,,3
 134              		.weak	HAL_InitTick
 135              		.syntax unified
 136              		.thumb
 137              		.thumb_func
 139              	HAL_InitTick:
 140              	.LVL1:
 141              	.LFB138:
 231:Drivers/STM32F4xx_HAL_Driver/Src/stm32f4xx_hal.c **** {
 232:Drivers/STM32F4xx_HAL_Driver/Src/stm32f4xx_hal.c ****   /* NOTE : This function should not be modified, when the callback is needed,
 233:Drivers/STM32F4xx_HAL_Driver/Src/stm32f4xx_hal.c ****             the HAL_MspDeInit could be implemented in the user file
 234:Drivers/STM32F4xx_HAL_Driver/Src/stm32f4xx_hal.c ****    */ 
 235:Drivers/STM32F4xx_HAL_Driver/Src/stm32f4xx_hal.c **** }
 236:Drivers/STM32F4xx_HAL_Driver/Src/stm32f4xx_hal.c **** 
 237:Drivers/STM32F4xx_HAL_Driver/Src/stm32f4xx_hal.c **** /**
 238:Drivers/STM32F4xx_HAL_Driver/Src/stm32f4xx_hal.c ****   * @brief This function configures the source of the time base.
 239:Drivers/STM32F4xx_HAL_Driver/Src/stm32f4xx_hal.c ****   *        The time source is configured  to have 1ms time base with a dedicated 
 240:Drivers/STM32F4xx_HAL_Driver/Src/stm32f4xx_hal.c ****   *        Tick interrupt priority.
 241:Drivers/STM32F4xx_HAL_Driver/Src/stm32f4xx_hal.c ****   * @note This function is called  automatically at the beginning of program after
 242:Drivers/STM32F4xx_HAL_Driver/Src/stm32f4xx_hal.c ****   *       reset by HAL_Init() or at any time when clock is reconfigured  by HAL_RCC_ClockConfig().
ARM GAS  C:\Users\joshr\AppData\Local\Temp\ccU0Bdkv.s 			page 8


 243:Drivers/STM32F4xx_HAL_Driver/Src/stm32f4xx_hal.c ****   * @note In the default implementation, SysTick timer is the source of time base. 
 244:Drivers/STM32F4xx_HAL_Driver/Src/stm32f4xx_hal.c ****   *       It is used to generate interrupts at regular time intervals. 
 245:Drivers/STM32F4xx_HAL_Driver/Src/stm32f4xx_hal.c ****   *       Care must be taken if HAL_Delay() is called from a peripheral ISR process, 
 246:Drivers/STM32F4xx_HAL_Driver/Src/stm32f4xx_hal.c ****   *       The SysTick interrupt must have higher priority (numerically lower)
 247:Drivers/STM32F4xx_HAL_Driver/Src/stm32f4xx_hal.c ****   *       than the peripheral interrupt. Otherwise the caller ISR process will be blocked.
 248:Drivers/STM32F4xx_HAL_Driver/Src/stm32f4xx_hal.c ****   *       The function is declared as __weak  to be overwritten  in case of other
 249:Drivers/STM32F4xx_HAL_Driver/Src/stm32f4xx_hal.c ****   *       implementation  in user file.
 250:Drivers/STM32F4xx_HAL_Driver/Src/stm32f4xx_hal.c ****   * @param TickPriority Tick interrupt priority.
 251:Drivers/STM32F4xx_HAL_Driver/Src/stm32f4xx_hal.c ****   * @retval HAL status
 252:Drivers/STM32F4xx_HAL_Driver/Src/stm32f4xx_hal.c ****   */
 253:Drivers/STM32F4xx_HAL_Driver/Src/stm32f4xx_hal.c **** __weak HAL_StatusTypeDef HAL_InitTick(uint32_t TickPriority)
 254:Drivers/STM32F4xx_HAL_Driver/Src/stm32f4xx_hal.c **** {
 142              		.loc 1 254 1 is_stmt 1 view -0
 143              		.cfi_startproc
 144              		@ args = 0, pretend = 0, frame = 0
 145              		@ frame_needed = 0, uses_anonymous_args = 0
 255:Drivers/STM32F4xx_HAL_Driver/Src/stm32f4xx_hal.c ****   /* Configure the SysTick to have interrupt in 1ms time basis*/
 256:Drivers/STM32F4xx_HAL_Driver/Src/stm32f4xx_hal.c ****   if (HAL_SYSTICK_Config(SystemCoreClock / (1000U / uwTickFreq)) > 0U)
 146              		.loc 1 256 3 view .LVU27
 254:Drivers/STM32F4xx_HAL_Driver/Src/stm32f4xx_hal.c ****   /* Configure the SysTick to have interrupt in 1ms time basis*/
 147              		.loc 1 254 1 is_stmt 0 view .LVU28
 148 0000 38B5     		push	{r3, r4, r5, lr}
 149              	.LCFI1:
 150              		.cfi_def_cfa_offset 16
 151              		.cfi_offset 3, -16
 152              		.cfi_offset 4, -12
 153              		.cfi_offset 5, -8
 154              		.cfi_offset 14, -4
 155              		.loc 1 256 51 view .LVU29
 156 0002 0E4A     		ldr	r2, .L14
 157              		.loc 1 256 7 view .LVU30
 158 0004 0E4B     		ldr	r3, .L14+4
 159              		.loc 1 256 51 view .LVU31
 160 0006 1278     		ldrb	r2, [r2]	@ zero_extendqisi2
 254:Drivers/STM32F4xx_HAL_Driver/Src/stm32f4xx_hal.c ****   /* Configure the SysTick to have interrupt in 1ms time basis*/
 161              		.loc 1 254 1 view .LVU32
 162 0008 0546     		mov	r5, r0
 163              		.loc 1 256 7 view .LVU33
 164 000a 1868     		ldr	r0, [r3]
 165              	.LVL2:
 166              		.loc 1 256 51 view .LVU34
 167 000c 4FF47A73 		mov	r3, #1000
 168 0010 B3FBF2F3 		udiv	r3, r3, r2
 169              		.loc 1 256 7 view .LVU35
 170 0014 B0FBF3F0 		udiv	r0, r0, r3
 171 0018 FFF7FEFF 		bl	HAL_SYSTICK_Config
 172              	.LVL3:
 173              		.loc 1 256 6 discriminator 1 view .LVU36
 174 001c 08B9     		cbnz	r0, .L11
 257:Drivers/STM32F4xx_HAL_Driver/Src/stm32f4xx_hal.c ****   {
 258:Drivers/STM32F4xx_HAL_Driver/Src/stm32f4xx_hal.c ****     return HAL_ERROR;
 259:Drivers/STM32F4xx_HAL_Driver/Src/stm32f4xx_hal.c ****   }
 260:Drivers/STM32F4xx_HAL_Driver/Src/stm32f4xx_hal.c **** 
 261:Drivers/STM32F4xx_HAL_Driver/Src/stm32f4xx_hal.c ****   /* Configure the SysTick IRQ priority */
 262:Drivers/STM32F4xx_HAL_Driver/Src/stm32f4xx_hal.c ****   if (TickPriority < (1UL << __NVIC_PRIO_BITS))
 175              		.loc 1 262 3 is_stmt 1 view .LVU37
 176              		.loc 1 262 6 is_stmt 0 view .LVU38
ARM GAS  C:\Users\joshr\AppData\Local\Temp\ccU0Bdkv.s 			page 9


 177 001e 0F2D     		cmp	r5, #15
 178 0020 01D9     		bls	.L13
 179              	.L11:
 258:Drivers/STM32F4xx_HAL_Driver/Src/stm32f4xx_hal.c ****   }
 180              		.loc 1 258 12 view .LVU39
 181 0022 0120     		movs	r0, #1
 263:Drivers/STM32F4xx_HAL_Driver/Src/stm32f4xx_hal.c ****   {
 264:Drivers/STM32F4xx_HAL_Driver/Src/stm32f4xx_hal.c ****     HAL_NVIC_SetPriority(SysTick_IRQn, TickPriority, 0U);
 265:Drivers/STM32F4xx_HAL_Driver/Src/stm32f4xx_hal.c ****     uwTickPrio = TickPriority;
 266:Drivers/STM32F4xx_HAL_Driver/Src/stm32f4xx_hal.c ****   }
 267:Drivers/STM32F4xx_HAL_Driver/Src/stm32f4xx_hal.c ****   else
 268:Drivers/STM32F4xx_HAL_Driver/Src/stm32f4xx_hal.c ****   {
 269:Drivers/STM32F4xx_HAL_Driver/Src/stm32f4xx_hal.c ****     return HAL_ERROR;
 270:Drivers/STM32F4xx_HAL_Driver/Src/stm32f4xx_hal.c ****   }
 271:Drivers/STM32F4xx_HAL_Driver/Src/stm32f4xx_hal.c **** 
 272:Drivers/STM32F4xx_HAL_Driver/Src/stm32f4xx_hal.c ****   /* Return function status */
 273:Drivers/STM32F4xx_HAL_Driver/Src/stm32f4xx_hal.c ****   return HAL_OK;
 274:Drivers/STM32F4xx_HAL_Driver/Src/stm32f4xx_hal.c **** }
 182              		.loc 1 274 1 view .LVU40
 183 0024 38BD     		pop	{r3, r4, r5, pc}
 184              	.LVL4:
 185              	.L13:
 186              		.loc 1 274 1 view .LVU41
 187 0026 0446     		mov	r4, r0
 188              	.LVL5:
 189              	.LBB4:
 190              	.LBI4:
 253:Drivers/STM32F4xx_HAL_Driver/Src/stm32f4xx_hal.c **** {
 191              		.loc 1 253 26 is_stmt 1 view .LVU42
 192              	.LBB5:
 264:Drivers/STM32F4xx_HAL_Driver/Src/stm32f4xx_hal.c ****     uwTickPrio = TickPriority;
 193              		.loc 1 264 5 view .LVU43
 194 0028 0246     		mov	r2, r0
 195 002a 2946     		mov	r1, r5
 196 002c 4FF0FF30 		mov	r0, #-1
 197 0030 FFF7FEFF 		bl	HAL_NVIC_SetPriority
 198              	.LVL6:
 265:Drivers/STM32F4xx_HAL_Driver/Src/stm32f4xx_hal.c ****   }
 199              		.loc 1 265 5 view .LVU44
 265:Drivers/STM32F4xx_HAL_Driver/Src/stm32f4xx_hal.c ****   }
 200              		.loc 1 265 16 is_stmt 0 view .LVU45
 201 0034 034B     		ldr	r3, .L14+8
 202 0036 2046     		mov	r0, r4
 203 0038 1D60     		str	r5, [r3]
 273:Drivers/STM32F4xx_HAL_Driver/Src/stm32f4xx_hal.c **** }
 204              		.loc 1 273 3 is_stmt 1 view .LVU46
 205              	.LVL7:
 273:Drivers/STM32F4xx_HAL_Driver/Src/stm32f4xx_hal.c **** }
 206              		.loc 1 273 3 is_stmt 0 view .LVU47
 207              	.LBE5:
 208              	.LBE4:
 209              		.loc 1 274 1 view .LVU48
 210 003a 38BD     		pop	{r3, r4, r5, pc}
 211              	.LVL8:
 212              	.L15:
 213              		.loc 1 274 1 view .LVU49
 214              		.align	2
ARM GAS  C:\Users\joshr\AppData\Local\Temp\ccU0Bdkv.s 			page 10


 215              	.L14:
 216 003c 00000000 		.word	uwTickFreq
 217 0040 00000000 		.word	SystemCoreClock
 218 0044 00000000 		.word	uwTickPrio
 219              		.cfi_endproc
 220              	.LFE138:
 222              		.section	.text.HAL_Init,"ax",%progbits
 223              		.align	1
 224              		.p2align 2,,3
 225              		.global	HAL_Init
 226              		.syntax unified
 227              		.thumb
 228              		.thumb_func
 230              	HAL_Init:
 231              	.LFB134:
 158:Drivers/STM32F4xx_HAL_Driver/Src/stm32f4xx_hal.c ****   /* Configure Flash prefetch, Instruction cache, Data cache */ 
 232              		.loc 1 158 1 is_stmt 1 view -0
 233              		.cfi_startproc
 234              		@ args = 0, pretend = 0, frame = 0
 235              		@ frame_needed = 0, uses_anonymous_args = 0
 161:Drivers/STM32F4xx_HAL_Driver/Src/stm32f4xx_hal.c **** #endif /* INSTRUCTION_CACHE_ENABLE */
 236              		.loc 1 161 3 view .LVU51
 158:Drivers/STM32F4xx_HAL_Driver/Src/stm32f4xx_hal.c ****   /* Configure Flash prefetch, Instruction cache, Data cache */ 
 237              		.loc 1 158 1 is_stmt 0 view .LVU52
 238 0000 08B5     		push	{r3, lr}
 239              	.LCFI2:
 240              		.cfi_def_cfa_offset 8
 241              		.cfi_offset 3, -8
 242              		.cfi_offset 14, -4
 161:Drivers/STM32F4xx_HAL_Driver/Src/stm32f4xx_hal.c **** #endif /* INSTRUCTION_CACHE_ENABLE */
 243              		.loc 1 161 3 view .LVU53
 244 0002 0B4B     		ldr	r3, .L18
 245 0004 1A68     		ldr	r2, [r3]
 246 0006 42F40072 		orr	r2, r2, #512
 247 000a 1A60     		str	r2, [r3]
 165:Drivers/STM32F4xx_HAL_Driver/Src/stm32f4xx_hal.c **** #endif /* DATA_CACHE_ENABLE */
 248              		.loc 1 165 3 is_stmt 1 view .LVU54
 249 000c 1A68     		ldr	r2, [r3]
 250 000e 42F48062 		orr	r2, r2, #1024
 251 0012 1A60     		str	r2, [r3]
 169:Drivers/STM32F4xx_HAL_Driver/Src/stm32f4xx_hal.c **** #endif /* PREFETCH_ENABLE */
 252              		.loc 1 169 3 view .LVU55
 253 0014 1A68     		ldr	r2, [r3]
 254 0016 42F48072 		orr	r2, r2, #256
 255 001a 1A60     		str	r2, [r3]
 173:Drivers/STM32F4xx_HAL_Driver/Src/stm32f4xx_hal.c **** 
 256              		.loc 1 173 3 view .LVU56
 257 001c 0320     		movs	r0, #3
 258 001e FFF7FEFF 		bl	HAL_NVIC_SetPriorityGrouping
 259              	.LVL9:
 176:Drivers/STM32F4xx_HAL_Driver/Src/stm32f4xx_hal.c **** 
 260              		.loc 1 176 3 view .LVU57
 261 0022 0F20     		movs	r0, #15
 262 0024 FFF7FEFF 		bl	HAL_InitTick
 263              	.LVL10:
 179:Drivers/STM32F4xx_HAL_Driver/Src/stm32f4xx_hal.c **** 
 264              		.loc 1 179 3 view .LVU58
ARM GAS  C:\Users\joshr\AppData\Local\Temp\ccU0Bdkv.s 			page 11


 265 0028 FFF7FEFF 		bl	HAL_MspInit
 266              	.LVL11:
 182:Drivers/STM32F4xx_HAL_Driver/Src/stm32f4xx_hal.c **** }
 267              		.loc 1 182 3 view .LVU59
 183:Drivers/STM32F4xx_HAL_Driver/Src/stm32f4xx_hal.c **** 
 268              		.loc 1 183 1 is_stmt 0 view .LVU60
 269 002c 0020     		movs	r0, #0
 270 002e 08BD     		pop	{r3, pc}
 271              	.L19:
 272              		.align	2
 273              	.L18:
 274 0030 003C0240 		.word	1073888256
 275              		.cfi_endproc
 276              	.LFE134:
 278              		.section	.text.HAL_IncTick,"ax",%progbits
 279              		.align	1
 280              		.p2align 2,,3
 281              		.weak	HAL_IncTick
 282              		.syntax unified
 283              		.thumb
 284              		.thumb_func
 286              	HAL_IncTick:
 287              	.LFB139:
 275:Drivers/STM32F4xx_HAL_Driver/Src/stm32f4xx_hal.c **** 
 276:Drivers/STM32F4xx_HAL_Driver/Src/stm32f4xx_hal.c **** /**
 277:Drivers/STM32F4xx_HAL_Driver/Src/stm32f4xx_hal.c ****   * @}
 278:Drivers/STM32F4xx_HAL_Driver/Src/stm32f4xx_hal.c ****   */
 279:Drivers/STM32F4xx_HAL_Driver/Src/stm32f4xx_hal.c **** 
 280:Drivers/STM32F4xx_HAL_Driver/Src/stm32f4xx_hal.c **** /** @defgroup HAL_Exported_Functions_Group2 HAL Control functions 
 281:Drivers/STM32F4xx_HAL_Driver/Src/stm32f4xx_hal.c ****  *  @brief    HAL Control functions
 282:Drivers/STM32F4xx_HAL_Driver/Src/stm32f4xx_hal.c ****  *
 283:Drivers/STM32F4xx_HAL_Driver/Src/stm32f4xx_hal.c **** @verbatim
 284:Drivers/STM32F4xx_HAL_Driver/Src/stm32f4xx_hal.c ****  ===============================================================================
 285:Drivers/STM32F4xx_HAL_Driver/Src/stm32f4xx_hal.c ****                       ##### HAL Control functions #####
 286:Drivers/STM32F4xx_HAL_Driver/Src/stm32f4xx_hal.c ****  ===============================================================================
 287:Drivers/STM32F4xx_HAL_Driver/Src/stm32f4xx_hal.c ****     [..]  This section provides functions allowing to:
 288:Drivers/STM32F4xx_HAL_Driver/Src/stm32f4xx_hal.c ****       (+) Provide a tick value in millisecond
 289:Drivers/STM32F4xx_HAL_Driver/Src/stm32f4xx_hal.c ****       (+) Provide a blocking delay in millisecond
 290:Drivers/STM32F4xx_HAL_Driver/Src/stm32f4xx_hal.c ****       (+) Suspend the time base source interrupt
 291:Drivers/STM32F4xx_HAL_Driver/Src/stm32f4xx_hal.c ****       (+) Resume the time base source interrupt
 292:Drivers/STM32F4xx_HAL_Driver/Src/stm32f4xx_hal.c ****       (+) Get the HAL API driver version
 293:Drivers/STM32F4xx_HAL_Driver/Src/stm32f4xx_hal.c ****       (+) Get the device identifier
 294:Drivers/STM32F4xx_HAL_Driver/Src/stm32f4xx_hal.c ****       (+) Get the device revision identifier
 295:Drivers/STM32F4xx_HAL_Driver/Src/stm32f4xx_hal.c ****       (+) Enable/Disable Debug module during SLEEP mode
 296:Drivers/STM32F4xx_HAL_Driver/Src/stm32f4xx_hal.c ****       (+) Enable/Disable Debug module during STOP mode
 297:Drivers/STM32F4xx_HAL_Driver/Src/stm32f4xx_hal.c ****       (+) Enable/Disable Debug module during STANDBY mode
 298:Drivers/STM32F4xx_HAL_Driver/Src/stm32f4xx_hal.c **** 
 299:Drivers/STM32F4xx_HAL_Driver/Src/stm32f4xx_hal.c **** @endverbatim
 300:Drivers/STM32F4xx_HAL_Driver/Src/stm32f4xx_hal.c ****   * @{
 301:Drivers/STM32F4xx_HAL_Driver/Src/stm32f4xx_hal.c ****   */
 302:Drivers/STM32F4xx_HAL_Driver/Src/stm32f4xx_hal.c **** 
 303:Drivers/STM32F4xx_HAL_Driver/Src/stm32f4xx_hal.c **** /**
 304:Drivers/STM32F4xx_HAL_Driver/Src/stm32f4xx_hal.c ****   * @brief This function is called to increment  a global variable "uwTick"
 305:Drivers/STM32F4xx_HAL_Driver/Src/stm32f4xx_hal.c ****   *        used as application time base.
 306:Drivers/STM32F4xx_HAL_Driver/Src/stm32f4xx_hal.c ****   * @note In the default implementation, this variable is incremented each 1ms
 307:Drivers/STM32F4xx_HAL_Driver/Src/stm32f4xx_hal.c ****   *       in SysTick ISR.
 308:Drivers/STM32F4xx_HAL_Driver/Src/stm32f4xx_hal.c ****  * @note This function is declared as __weak to be overwritten in case of other 
ARM GAS  C:\Users\joshr\AppData\Local\Temp\ccU0Bdkv.s 			page 12


 309:Drivers/STM32F4xx_HAL_Driver/Src/stm32f4xx_hal.c ****   *      implementations in user file.
 310:Drivers/STM32F4xx_HAL_Driver/Src/stm32f4xx_hal.c ****   * @retval None
 311:Drivers/STM32F4xx_HAL_Driver/Src/stm32f4xx_hal.c ****   */
 312:Drivers/STM32F4xx_HAL_Driver/Src/stm32f4xx_hal.c **** __weak void HAL_IncTick(void)
 313:Drivers/STM32F4xx_HAL_Driver/Src/stm32f4xx_hal.c **** {
 288              		.loc 1 313 1 is_stmt 1 view -0
 289              		.cfi_startproc
 290              		@ args = 0, pretend = 0, frame = 0
 291              		@ frame_needed = 0, uses_anonymous_args = 0
 292              		@ link register save eliminated.
 314:Drivers/STM32F4xx_HAL_Driver/Src/stm32f4xx_hal.c ****   uwTick += uwTickFreq;
 293              		.loc 1 314 3 view .LVU62
 294              		.loc 1 314 10 is_stmt 0 view .LVU63
 295 0000 034A     		ldr	r2, .L21
 296 0002 044B     		ldr	r3, .L21+4
 297 0004 1168     		ldr	r1, [r2]
 298 0006 1B78     		ldrb	r3, [r3]	@ zero_extendqisi2
 299 0008 0B44     		add	r3, r3, r1
 300 000a 1360     		str	r3, [r2]
 315:Drivers/STM32F4xx_HAL_Driver/Src/stm32f4xx_hal.c **** }
 301              		.loc 1 315 1 view .LVU64
 302 000c 7047     		bx	lr
 303              	.L22:
 304 000e 00BF     		.align	2
 305              	.L21:
 306 0010 00000000 		.word	uwTick
 307 0014 00000000 		.word	uwTickFreq
 308              		.cfi_endproc
 309              	.LFE139:
 311              		.section	.text.HAL_GetTick,"ax",%progbits
 312              		.align	1
 313              		.p2align 2,,3
 314              		.weak	HAL_GetTick
 315              		.syntax unified
 316              		.thumb
 317              		.thumb_func
 319              	HAL_GetTick:
 320              	.LFB140:
 316:Drivers/STM32F4xx_HAL_Driver/Src/stm32f4xx_hal.c **** 
 317:Drivers/STM32F4xx_HAL_Driver/Src/stm32f4xx_hal.c **** /**
 318:Drivers/STM32F4xx_HAL_Driver/Src/stm32f4xx_hal.c ****   * @brief Provides a tick value in millisecond.
 319:Drivers/STM32F4xx_HAL_Driver/Src/stm32f4xx_hal.c ****   * @note This function is declared as __weak to be overwritten in case of other 
 320:Drivers/STM32F4xx_HAL_Driver/Src/stm32f4xx_hal.c ****   *       implementations in user file.
 321:Drivers/STM32F4xx_HAL_Driver/Src/stm32f4xx_hal.c ****   * @retval tick value
 322:Drivers/STM32F4xx_HAL_Driver/Src/stm32f4xx_hal.c ****   */
 323:Drivers/STM32F4xx_HAL_Driver/Src/stm32f4xx_hal.c **** __weak uint32_t HAL_GetTick(void)
 324:Drivers/STM32F4xx_HAL_Driver/Src/stm32f4xx_hal.c **** {
 321              		.loc 1 324 1 is_stmt 1 view -0
 322              		.cfi_startproc
 323              		@ args = 0, pretend = 0, frame = 0
 324              		@ frame_needed = 0, uses_anonymous_args = 0
 325              		@ link register save eliminated.
 325:Drivers/STM32F4xx_HAL_Driver/Src/stm32f4xx_hal.c ****   return uwTick;
 326              		.loc 1 325 3 view .LVU66
 327              		.loc 1 325 10 is_stmt 0 view .LVU67
 328 0000 014B     		ldr	r3, .L24
 329 0002 1868     		ldr	r0, [r3]
ARM GAS  C:\Users\joshr\AppData\Local\Temp\ccU0Bdkv.s 			page 13


 326:Drivers/STM32F4xx_HAL_Driver/Src/stm32f4xx_hal.c **** }
 330              		.loc 1 326 1 view .LVU68
 331 0004 7047     		bx	lr
 332              	.L25:
 333 0006 00BF     		.align	2
 334              	.L24:
 335 0008 00000000 		.word	uwTick
 336              		.cfi_endproc
 337              	.LFE140:
 339              		.section	.text.HAL_GetTickPrio,"ax",%progbits
 340              		.align	1
 341              		.p2align 2,,3
 342              		.global	HAL_GetTickPrio
 343              		.syntax unified
 344              		.thumb
 345              		.thumb_func
 347              	HAL_GetTickPrio:
 348              	.LFB141:
 327:Drivers/STM32F4xx_HAL_Driver/Src/stm32f4xx_hal.c **** 
 328:Drivers/STM32F4xx_HAL_Driver/Src/stm32f4xx_hal.c **** /**
 329:Drivers/STM32F4xx_HAL_Driver/Src/stm32f4xx_hal.c ****   * @brief This function returns a tick priority.
 330:Drivers/STM32F4xx_HAL_Driver/Src/stm32f4xx_hal.c ****   * @retval tick priority
 331:Drivers/STM32F4xx_HAL_Driver/Src/stm32f4xx_hal.c ****   */
 332:Drivers/STM32F4xx_HAL_Driver/Src/stm32f4xx_hal.c **** uint32_t HAL_GetTickPrio(void)
 333:Drivers/STM32F4xx_HAL_Driver/Src/stm32f4xx_hal.c **** {
 349              		.loc 1 333 1 is_stmt 1 view -0
 350              		.cfi_startproc
 351              		@ args = 0, pretend = 0, frame = 0
 352              		@ frame_needed = 0, uses_anonymous_args = 0
 353              		@ link register save eliminated.
 334:Drivers/STM32F4xx_HAL_Driver/Src/stm32f4xx_hal.c ****   return uwTickPrio;
 354              		.loc 1 334 3 view .LVU70
 355              		.loc 1 334 10 is_stmt 0 view .LVU71
 356 0000 014B     		ldr	r3, .L27
 335:Drivers/STM32F4xx_HAL_Driver/Src/stm32f4xx_hal.c **** }
 357              		.loc 1 335 1 view .LVU72
 358 0002 1868     		ldr	r0, [r3]
 359 0004 7047     		bx	lr
 360              	.L28:
 361 0006 00BF     		.align	2
 362              	.L27:
 363 0008 00000000 		.word	uwTickPrio
 364              		.cfi_endproc
 365              	.LFE141:
 367              		.section	.text.HAL_SetTickFreq,"ax",%progbits
 368              		.align	1
 369              		.p2align 2,,3
 370              		.global	HAL_SetTickFreq
 371              		.syntax unified
 372              		.thumb
 373              		.thumb_func
 375              	HAL_SetTickFreq:
 376              	.LVL12:
 377              	.LFB142:
 336:Drivers/STM32F4xx_HAL_Driver/Src/stm32f4xx_hal.c **** 
 337:Drivers/STM32F4xx_HAL_Driver/Src/stm32f4xx_hal.c **** /**
 338:Drivers/STM32F4xx_HAL_Driver/Src/stm32f4xx_hal.c ****   * @brief Set new tick Freq.
ARM GAS  C:\Users\joshr\AppData\Local\Temp\ccU0Bdkv.s 			page 14


 339:Drivers/STM32F4xx_HAL_Driver/Src/stm32f4xx_hal.c ****   * @retval Status
 340:Drivers/STM32F4xx_HAL_Driver/Src/stm32f4xx_hal.c ****   */
 341:Drivers/STM32F4xx_HAL_Driver/Src/stm32f4xx_hal.c **** HAL_StatusTypeDef HAL_SetTickFreq(HAL_TickFreqTypeDef Freq)
 342:Drivers/STM32F4xx_HAL_Driver/Src/stm32f4xx_hal.c **** {
 378              		.loc 1 342 1 is_stmt 1 view -0
 379              		.cfi_startproc
 380              		@ args = 0, pretend = 0, frame = 0
 381              		@ frame_needed = 0, uses_anonymous_args = 0
 343:Drivers/STM32F4xx_HAL_Driver/Src/stm32f4xx_hal.c ****   HAL_StatusTypeDef status  = HAL_OK;
 382              		.loc 1 343 3 view .LVU74
 344:Drivers/STM32F4xx_HAL_Driver/Src/stm32f4xx_hal.c ****   HAL_TickFreqTypeDef prevTickFreq;
 383              		.loc 1 344 3 view .LVU75
 345:Drivers/STM32F4xx_HAL_Driver/Src/stm32f4xx_hal.c **** 
 346:Drivers/STM32F4xx_HAL_Driver/Src/stm32f4xx_hal.c ****   assert_param(IS_TICKFREQ(Freq));
 384              		.loc 1 346 3 view .LVU76
 347:Drivers/STM32F4xx_HAL_Driver/Src/stm32f4xx_hal.c **** 
 348:Drivers/STM32F4xx_HAL_Driver/Src/stm32f4xx_hal.c ****   if (uwTickFreq != Freq)
 385              		.loc 1 348 3 view .LVU77
 342:Drivers/STM32F4xx_HAL_Driver/Src/stm32f4xx_hal.c ****   HAL_StatusTypeDef status  = HAL_OK;
 386              		.loc 1 342 1 is_stmt 0 view .LVU78
 387 0000 38B5     		push	{r3, r4, r5, lr}
 388              	.LCFI3:
 389              		.cfi_def_cfa_offset 16
 390              		.cfi_offset 3, -16
 391              		.cfi_offset 4, -12
 392              		.cfi_offset 5, -8
 393              		.cfi_offset 14, -4
 394              		.loc 1 348 18 view .LVU79
 395 0002 074C     		ldr	r4, .L36
 396 0004 2578     		ldrb	r5, [r4]	@ zero_extendqisi2
 397              		.loc 1 348 6 view .LVU80
 398 0006 8542     		cmp	r5, r0
 399 0008 01D1     		bne	.L35
 343:Drivers/STM32F4xx_HAL_Driver/Src/stm32f4xx_hal.c ****   HAL_TickFreqTypeDef prevTickFreq;
 400              		.loc 1 343 21 view .LVU81
 401 000a 0020     		movs	r0, #0
 402              	.LVL13:
 403              	.L30:
 349:Drivers/STM32F4xx_HAL_Driver/Src/stm32f4xx_hal.c ****   {
 350:Drivers/STM32F4xx_HAL_Driver/Src/stm32f4xx_hal.c ****     /* Back up uwTickFreq frequency */
 351:Drivers/STM32F4xx_HAL_Driver/Src/stm32f4xx_hal.c ****     prevTickFreq = uwTickFreq;
 352:Drivers/STM32F4xx_HAL_Driver/Src/stm32f4xx_hal.c **** 
 353:Drivers/STM32F4xx_HAL_Driver/Src/stm32f4xx_hal.c ****     /* Update uwTickFreq global variable used by HAL_InitTick() */
 354:Drivers/STM32F4xx_HAL_Driver/Src/stm32f4xx_hal.c ****     uwTickFreq = Freq;
 355:Drivers/STM32F4xx_HAL_Driver/Src/stm32f4xx_hal.c **** 
 356:Drivers/STM32F4xx_HAL_Driver/Src/stm32f4xx_hal.c ****     /* Apply the new tick Freq  */
 357:Drivers/STM32F4xx_HAL_Driver/Src/stm32f4xx_hal.c ****     status = HAL_InitTick(uwTickPrio);
 358:Drivers/STM32F4xx_HAL_Driver/Src/stm32f4xx_hal.c **** 
 359:Drivers/STM32F4xx_HAL_Driver/Src/stm32f4xx_hal.c ****     if (status != HAL_OK)
 360:Drivers/STM32F4xx_HAL_Driver/Src/stm32f4xx_hal.c ****     {
 361:Drivers/STM32F4xx_HAL_Driver/Src/stm32f4xx_hal.c ****       /* Restore previous tick frequency */
 362:Drivers/STM32F4xx_HAL_Driver/Src/stm32f4xx_hal.c ****       uwTickFreq = prevTickFreq;
 363:Drivers/STM32F4xx_HAL_Driver/Src/stm32f4xx_hal.c ****     }
 364:Drivers/STM32F4xx_HAL_Driver/Src/stm32f4xx_hal.c ****   }
 365:Drivers/STM32F4xx_HAL_Driver/Src/stm32f4xx_hal.c **** 
 366:Drivers/STM32F4xx_HAL_Driver/Src/stm32f4xx_hal.c ****   return status;
 404              		.loc 1 366 3 is_stmt 1 view .LVU82
ARM GAS  C:\Users\joshr\AppData\Local\Temp\ccU0Bdkv.s 			page 15


 367:Drivers/STM32F4xx_HAL_Driver/Src/stm32f4xx_hal.c **** }
 405              		.loc 1 367 1 is_stmt 0 view .LVU83
 406 000c 38BD     		pop	{r3, r4, r5, pc}
 407              	.LVL14:
 408              	.L35:
 351:Drivers/STM32F4xx_HAL_Driver/Src/stm32f4xx_hal.c **** 
 409              		.loc 1 351 5 is_stmt 1 view .LVU84
 354:Drivers/STM32F4xx_HAL_Driver/Src/stm32f4xx_hal.c **** 
 410              		.loc 1 354 5 view .LVU85
 357:Drivers/STM32F4xx_HAL_Driver/Src/stm32f4xx_hal.c **** 
 411              		.loc 1 357 14 is_stmt 0 view .LVU86
 412 000e 054B     		ldr	r3, .L36+4
 354:Drivers/STM32F4xx_HAL_Driver/Src/stm32f4xx_hal.c **** 
 413              		.loc 1 354 16 view .LVU87
 414 0010 2070     		strb	r0, [r4]
 357:Drivers/STM32F4xx_HAL_Driver/Src/stm32f4xx_hal.c **** 
 415              		.loc 1 357 5 is_stmt 1 view .LVU88
 357:Drivers/STM32F4xx_HAL_Driver/Src/stm32f4xx_hal.c **** 
 416              		.loc 1 357 14 is_stmt 0 view .LVU89
 417 0012 1868     		ldr	r0, [r3]
 418              	.LVL15:
 357:Drivers/STM32F4xx_HAL_Driver/Src/stm32f4xx_hal.c **** 
 419              		.loc 1 357 14 view .LVU90
 420 0014 FFF7FEFF 		bl	HAL_InitTick
 421              	.LVL16:
 359:Drivers/STM32F4xx_HAL_Driver/Src/stm32f4xx_hal.c ****     {
 422              		.loc 1 359 5 is_stmt 1 view .LVU91
 359:Drivers/STM32F4xx_HAL_Driver/Src/stm32f4xx_hal.c ****     {
 423              		.loc 1 359 8 is_stmt 0 view .LVU92
 424 0018 0028     		cmp	r0, #0
 425 001a F7D0     		beq	.L30
 362:Drivers/STM32F4xx_HAL_Driver/Src/stm32f4xx_hal.c ****     }
 426              		.loc 1 362 7 is_stmt 1 view .LVU93
 362:Drivers/STM32F4xx_HAL_Driver/Src/stm32f4xx_hal.c ****     }
 427              		.loc 1 362 18 is_stmt 0 view .LVU94
 428 001c 2570     		strb	r5, [r4]
 366:Drivers/STM32F4xx_HAL_Driver/Src/stm32f4xx_hal.c **** }
 429              		.loc 1 366 3 is_stmt 1 view .LVU95
 430              		.loc 1 367 1 is_stmt 0 view .LVU96
 431 001e 38BD     		pop	{r3, r4, r5, pc}
 432              	.LVL17:
 433              	.L37:
 434              		.loc 1 367 1 view .LVU97
 435              		.align	2
 436              	.L36:
 437 0020 00000000 		.word	uwTickFreq
 438 0024 00000000 		.word	uwTickPrio
 439              		.cfi_endproc
 440              	.LFE142:
 442              		.section	.text.HAL_GetTickFreq,"ax",%progbits
 443              		.align	1
 444              		.p2align 2,,3
 445              		.global	HAL_GetTickFreq
 446              		.syntax unified
 447              		.thumb
 448              		.thumb_func
 450              	HAL_GetTickFreq:
ARM GAS  C:\Users\joshr\AppData\Local\Temp\ccU0Bdkv.s 			page 16


 451              	.LFB143:
 368:Drivers/STM32F4xx_HAL_Driver/Src/stm32f4xx_hal.c **** 
 369:Drivers/STM32F4xx_HAL_Driver/Src/stm32f4xx_hal.c **** /**
 370:Drivers/STM32F4xx_HAL_Driver/Src/stm32f4xx_hal.c ****   * @brief Return tick frequency.
 371:Drivers/STM32F4xx_HAL_Driver/Src/stm32f4xx_hal.c ****   * @retval Tick frequency.
 372:Drivers/STM32F4xx_HAL_Driver/Src/stm32f4xx_hal.c ****   *         Value of @ref HAL_TickFreqTypeDef.
 373:Drivers/STM32F4xx_HAL_Driver/Src/stm32f4xx_hal.c ****   */
 374:Drivers/STM32F4xx_HAL_Driver/Src/stm32f4xx_hal.c **** HAL_TickFreqTypeDef HAL_GetTickFreq(void)
 375:Drivers/STM32F4xx_HAL_Driver/Src/stm32f4xx_hal.c **** {
 452              		.loc 1 375 1 is_stmt 1 view -0
 453              		.cfi_startproc
 454              		@ args = 0, pretend = 0, frame = 0
 455              		@ frame_needed = 0, uses_anonymous_args = 0
 456              		@ link register save eliminated.
 376:Drivers/STM32F4xx_HAL_Driver/Src/stm32f4xx_hal.c ****   return uwTickFreq;
 457              		.loc 1 376 3 view .LVU99
 458              		.loc 1 376 10 is_stmt 0 view .LVU100
 459 0000 014B     		ldr	r3, .L39
 377:Drivers/STM32F4xx_HAL_Driver/Src/stm32f4xx_hal.c **** }
 460              		.loc 1 377 1 view .LVU101
 461 0002 1878     		ldrb	r0, [r3]	@ zero_extendqisi2
 462 0004 7047     		bx	lr
 463              	.L40:
 464 0006 00BF     		.align	2
 465              	.L39:
 466 0008 00000000 		.word	uwTickFreq
 467              		.cfi_endproc
 468              	.LFE143:
 470              		.section	.text.HAL_Delay,"ax",%progbits
 471              		.align	1
 472              		.p2align 2,,3
 473              		.weak	HAL_Delay
 474              		.syntax unified
 475              		.thumb
 476              		.thumb_func
 478              	HAL_Delay:
 479              	.LVL18:
 480              	.LFB144:
 378:Drivers/STM32F4xx_HAL_Driver/Src/stm32f4xx_hal.c **** 
 379:Drivers/STM32F4xx_HAL_Driver/Src/stm32f4xx_hal.c **** /**
 380:Drivers/STM32F4xx_HAL_Driver/Src/stm32f4xx_hal.c ****   * @brief This function provides minimum delay (in milliseconds) based 
 381:Drivers/STM32F4xx_HAL_Driver/Src/stm32f4xx_hal.c ****   *        on variable incremented.
 382:Drivers/STM32F4xx_HAL_Driver/Src/stm32f4xx_hal.c ****   * @note In the default implementation , SysTick timer is the source of time base.
 383:Drivers/STM32F4xx_HAL_Driver/Src/stm32f4xx_hal.c ****   *       It is used to generate interrupts at regular time intervals where uwTick
 384:Drivers/STM32F4xx_HAL_Driver/Src/stm32f4xx_hal.c ****   *       is incremented.
 385:Drivers/STM32F4xx_HAL_Driver/Src/stm32f4xx_hal.c ****   * @note This function is declared as __weak to be overwritten in case of other
 386:Drivers/STM32F4xx_HAL_Driver/Src/stm32f4xx_hal.c ****   *       implementations in user file.
 387:Drivers/STM32F4xx_HAL_Driver/Src/stm32f4xx_hal.c ****   * @param Delay specifies the delay time length, in milliseconds.
 388:Drivers/STM32F4xx_HAL_Driver/Src/stm32f4xx_hal.c ****   * @retval None
 389:Drivers/STM32F4xx_HAL_Driver/Src/stm32f4xx_hal.c ****   */
 390:Drivers/STM32F4xx_HAL_Driver/Src/stm32f4xx_hal.c **** __weak void HAL_Delay(uint32_t Delay)
 391:Drivers/STM32F4xx_HAL_Driver/Src/stm32f4xx_hal.c **** {
 481              		.loc 1 391 1 is_stmt 1 view -0
 482              		.cfi_startproc
 483              		@ args = 0, pretend = 0, frame = 0
 484              		@ frame_needed = 0, uses_anonymous_args = 0
 392:Drivers/STM32F4xx_HAL_Driver/Src/stm32f4xx_hal.c ****   uint32_t tickstart = HAL_GetTick();
ARM GAS  C:\Users\joshr\AppData\Local\Temp\ccU0Bdkv.s 			page 17


 485              		.loc 1 392 3 view .LVU103
 391:Drivers/STM32F4xx_HAL_Driver/Src/stm32f4xx_hal.c ****   uint32_t tickstart = HAL_GetTick();
 486              		.loc 1 391 1 is_stmt 0 view .LVU104
 487 0000 38B5     		push	{r3, r4, r5, lr}
 488              	.LCFI4:
 489              		.cfi_def_cfa_offset 16
 490              		.cfi_offset 3, -16
 491              		.cfi_offset 4, -12
 492              		.cfi_offset 5, -8
 493              		.cfi_offset 14, -4
 391:Drivers/STM32F4xx_HAL_Driver/Src/stm32f4xx_hal.c ****   uint32_t tickstart = HAL_GetTick();
 494              		.loc 1 391 1 view .LVU105
 495 0002 0446     		mov	r4, r0
 496              		.loc 1 392 24 view .LVU106
 497 0004 FFF7FEFF 		bl	HAL_GetTick
 498              	.LVL19:
 393:Drivers/STM32F4xx_HAL_Driver/Src/stm32f4xx_hal.c ****   uint32_t wait = Delay;
 394:Drivers/STM32F4xx_HAL_Driver/Src/stm32f4xx_hal.c **** 
 395:Drivers/STM32F4xx_HAL_Driver/Src/stm32f4xx_hal.c ****   /* Add a freq to guarantee minimum wait */
 396:Drivers/STM32F4xx_HAL_Driver/Src/stm32f4xx_hal.c ****   if (wait < HAL_MAX_DELAY)
 499              		.loc 1 396 6 view .LVU107
 500 0008 631C     		adds	r3, r4, #1
 392:Drivers/STM32F4xx_HAL_Driver/Src/stm32f4xx_hal.c ****   uint32_t wait = Delay;
 501              		.loc 1 392 24 view .LVU108
 502 000a 0546     		mov	r5, r0
 503              	.LVL20:
 393:Drivers/STM32F4xx_HAL_Driver/Src/stm32f4xx_hal.c ****   uint32_t wait = Delay;
 504              		.loc 1 393 3 is_stmt 1 view .LVU109
 505              		.loc 1 396 3 view .LVU110
 506              		.loc 1 396 6 is_stmt 0 view .LVU111
 507 000c 02D0     		beq	.L43
 397:Drivers/STM32F4xx_HAL_Driver/Src/stm32f4xx_hal.c ****   {
 398:Drivers/STM32F4xx_HAL_Driver/Src/stm32f4xx_hal.c ****     wait += (uint32_t)(uwTickFreq);
 508              		.loc 1 398 5 is_stmt 1 view .LVU112
 509              		.loc 1 398 13 is_stmt 0 view .LVU113
 510 000e 044B     		ldr	r3, .L49
 511 0010 1B78     		ldrb	r3, [r3]	@ zero_extendqisi2
 512              		.loc 1 398 10 view .LVU114
 513 0012 1C44     		add	r4, r4, r3
 514              	.LVL21:
 515              	.L43:
 399:Drivers/STM32F4xx_HAL_Driver/Src/stm32f4xx_hal.c ****   }
 400:Drivers/STM32F4xx_HAL_Driver/Src/stm32f4xx_hal.c **** 
 401:Drivers/STM32F4xx_HAL_Driver/Src/stm32f4xx_hal.c ****   while((HAL_GetTick() - tickstart) < wait)
 402:Drivers/STM32F4xx_HAL_Driver/Src/stm32f4xx_hal.c ****   {
 403:Drivers/STM32F4xx_HAL_Driver/Src/stm32f4xx_hal.c ****   }
 516              		.loc 1 403 3 is_stmt 1 view .LVU115
 401:Drivers/STM32F4xx_HAL_Driver/Src/stm32f4xx_hal.c ****   {
 517              		.loc 1 401 37 discriminator 1 view .LVU116
 401:Drivers/STM32F4xx_HAL_Driver/Src/stm32f4xx_hal.c ****   {
 518              		.loc 1 401 10 is_stmt 0 discriminator 1 view .LVU117
 519 0014 FFF7FEFF 		bl	HAL_GetTick
 520              	.LVL22:
 401:Drivers/STM32F4xx_HAL_Driver/Src/stm32f4xx_hal.c ****   {
 521              		.loc 1 401 24 discriminator 1 view .LVU118
 522 0018 401B     		subs	r0, r0, r5
 401:Drivers/STM32F4xx_HAL_Driver/Src/stm32f4xx_hal.c ****   {
ARM GAS  C:\Users\joshr\AppData\Local\Temp\ccU0Bdkv.s 			page 18


 523              		.loc 1 401 37 discriminator 1 view .LVU119
 524 001a A042     		cmp	r0, r4
 525 001c FAD3     		bcc	.L43
 404:Drivers/STM32F4xx_HAL_Driver/Src/stm32f4xx_hal.c **** }
 526              		.loc 1 404 1 view .LVU120
 527 001e 38BD     		pop	{r3, r4, r5, pc}
 528              	.LVL23:
 529              	.L50:
 530              		.loc 1 404 1 view .LVU121
 531              		.align	2
 532              	.L49:
 533 0020 00000000 		.word	uwTickFreq
 534              		.cfi_endproc
 535              	.LFE144:
 537              		.section	.text.HAL_SuspendTick,"ax",%progbits
 538              		.align	1
 539              		.p2align 2,,3
 540              		.weak	HAL_SuspendTick
 541              		.syntax unified
 542              		.thumb
 543              		.thumb_func
 545              	HAL_SuspendTick:
 546              	.LFB145:
 405:Drivers/STM32F4xx_HAL_Driver/Src/stm32f4xx_hal.c **** 
 406:Drivers/STM32F4xx_HAL_Driver/Src/stm32f4xx_hal.c **** /**
 407:Drivers/STM32F4xx_HAL_Driver/Src/stm32f4xx_hal.c ****   * @brief Suspend Tick increment.
 408:Drivers/STM32F4xx_HAL_Driver/Src/stm32f4xx_hal.c ****   * @note In the default implementation , SysTick timer is the source of time base. It is
 409:Drivers/STM32F4xx_HAL_Driver/Src/stm32f4xx_hal.c ****   *       used to generate interrupts at regular time intervals. Once HAL_SuspendTick()
 410:Drivers/STM32F4xx_HAL_Driver/Src/stm32f4xx_hal.c ****   *       is called, the SysTick interrupt will be disabled and so Tick increment 
 411:Drivers/STM32F4xx_HAL_Driver/Src/stm32f4xx_hal.c ****   *       is suspended.
 412:Drivers/STM32F4xx_HAL_Driver/Src/stm32f4xx_hal.c ****   * @note This function is declared as __weak to be overwritten in case of other
 413:Drivers/STM32F4xx_HAL_Driver/Src/stm32f4xx_hal.c ****   *       implementations in user file.
 414:Drivers/STM32F4xx_HAL_Driver/Src/stm32f4xx_hal.c ****   * @retval None
 415:Drivers/STM32F4xx_HAL_Driver/Src/stm32f4xx_hal.c ****   */
 416:Drivers/STM32F4xx_HAL_Driver/Src/stm32f4xx_hal.c **** __weak void HAL_SuspendTick(void)
 417:Drivers/STM32F4xx_HAL_Driver/Src/stm32f4xx_hal.c **** {
 547              		.loc 1 417 1 is_stmt 1 view -0
 548              		.cfi_startproc
 549              		@ args = 0, pretend = 0, frame = 0
 550              		@ frame_needed = 0, uses_anonymous_args = 0
 551              		@ link register save eliminated.
 418:Drivers/STM32F4xx_HAL_Driver/Src/stm32f4xx_hal.c ****   /* Disable SysTick Interrupt */
 419:Drivers/STM32F4xx_HAL_Driver/Src/stm32f4xx_hal.c ****   SysTick->CTRL &= ~SysTick_CTRL_TICKINT_Msk;
 552              		.loc 1 419 3 view .LVU123
 553              		.loc 1 419 10 is_stmt 0 view .LVU124
 554 0000 4FF0E022 		mov	r2, #-536813568
 555 0004 1369     		ldr	r3, [r2, #16]
 556              		.loc 1 419 17 view .LVU125
 557 0006 23F00203 		bic	r3, r3, #2
 558 000a 1361     		str	r3, [r2, #16]
 420:Drivers/STM32F4xx_HAL_Driver/Src/stm32f4xx_hal.c **** }
 559              		.loc 1 420 1 view .LVU126
 560 000c 7047     		bx	lr
 561              		.cfi_endproc
 562              	.LFE145:
 564 000e 00BF     		.section	.text.HAL_ResumeTick,"ax",%progbits
 565              		.align	1
ARM GAS  C:\Users\joshr\AppData\Local\Temp\ccU0Bdkv.s 			page 19


 566              		.p2align 2,,3
 567              		.weak	HAL_ResumeTick
 568              		.syntax unified
 569              		.thumb
 570              		.thumb_func
 572              	HAL_ResumeTick:
 573              	.LFB146:
 421:Drivers/STM32F4xx_HAL_Driver/Src/stm32f4xx_hal.c **** 
 422:Drivers/STM32F4xx_HAL_Driver/Src/stm32f4xx_hal.c **** /**
 423:Drivers/STM32F4xx_HAL_Driver/Src/stm32f4xx_hal.c ****   * @brief Resume Tick increment.
 424:Drivers/STM32F4xx_HAL_Driver/Src/stm32f4xx_hal.c ****   * @note In the default implementation , SysTick timer is the source of time base. It is
 425:Drivers/STM32F4xx_HAL_Driver/Src/stm32f4xx_hal.c ****   *       used to generate interrupts at regular time intervals. Once HAL_ResumeTick()
 426:Drivers/STM32F4xx_HAL_Driver/Src/stm32f4xx_hal.c ****   *       is called, the SysTick interrupt will be enabled and so Tick increment 
 427:Drivers/STM32F4xx_HAL_Driver/Src/stm32f4xx_hal.c ****   *       is resumed.
 428:Drivers/STM32F4xx_HAL_Driver/Src/stm32f4xx_hal.c ****   * @note This function is declared as __weak to be overwritten in case of other
 429:Drivers/STM32F4xx_HAL_Driver/Src/stm32f4xx_hal.c ****   *       implementations in user file.
 430:Drivers/STM32F4xx_HAL_Driver/Src/stm32f4xx_hal.c ****   * @retval None
 431:Drivers/STM32F4xx_HAL_Driver/Src/stm32f4xx_hal.c ****   */
 432:Drivers/STM32F4xx_HAL_Driver/Src/stm32f4xx_hal.c **** __weak void HAL_ResumeTick(void)
 433:Drivers/STM32F4xx_HAL_Driver/Src/stm32f4xx_hal.c **** {
 574              		.loc 1 433 1 is_stmt 1 view -0
 575              		.cfi_startproc
 576              		@ args = 0, pretend = 0, frame = 0
 577              		@ frame_needed = 0, uses_anonymous_args = 0
 578              		@ link register save eliminated.
 434:Drivers/STM32F4xx_HAL_Driver/Src/stm32f4xx_hal.c ****   /* Enable SysTick Interrupt */
 435:Drivers/STM32F4xx_HAL_Driver/Src/stm32f4xx_hal.c ****   SysTick->CTRL  |= SysTick_CTRL_TICKINT_Msk;
 579              		.loc 1 435 3 view .LVU128
 580              		.loc 1 435 10 is_stmt 0 view .LVU129
 581 0000 4FF0E022 		mov	r2, #-536813568
 582 0004 1369     		ldr	r3, [r2, #16]
 583              		.loc 1 435 18 view .LVU130
 584 0006 43F00203 		orr	r3, r3, #2
 585 000a 1361     		str	r3, [r2, #16]
 436:Drivers/STM32F4xx_HAL_Driver/Src/stm32f4xx_hal.c **** }
 586              		.loc 1 436 1 view .LVU131
 587 000c 7047     		bx	lr
 588              		.cfi_endproc
 589              	.LFE146:
 591 000e 00BF     		.section	.text.HAL_GetHalVersion,"ax",%progbits
 592              		.align	1
 593              		.p2align 2,,3
 594              		.global	HAL_GetHalVersion
 595              		.syntax unified
 596              		.thumb
 597              		.thumb_func
 599              	HAL_GetHalVersion:
 600              	.LFB147:
 437:Drivers/STM32F4xx_HAL_Driver/Src/stm32f4xx_hal.c **** 
 438:Drivers/STM32F4xx_HAL_Driver/Src/stm32f4xx_hal.c **** /**
 439:Drivers/STM32F4xx_HAL_Driver/Src/stm32f4xx_hal.c ****   * @brief  Returns the HAL revision
 440:Drivers/STM32F4xx_HAL_Driver/Src/stm32f4xx_hal.c ****   * @retval version : 0xXYZR (8bits for each decimal, R for RC)
 441:Drivers/STM32F4xx_HAL_Driver/Src/stm32f4xx_hal.c ****   */
 442:Drivers/STM32F4xx_HAL_Driver/Src/stm32f4xx_hal.c **** uint32_t HAL_GetHalVersion(void)
 443:Drivers/STM32F4xx_HAL_Driver/Src/stm32f4xx_hal.c **** {
 601              		.loc 1 443 1 is_stmt 1 view -0
 602              		.cfi_startproc
ARM GAS  C:\Users\joshr\AppData\Local\Temp\ccU0Bdkv.s 			page 20


 603              		@ args = 0, pretend = 0, frame = 0
 604              		@ frame_needed = 0, uses_anonymous_args = 0
 605              		@ link register save eliminated.
 444:Drivers/STM32F4xx_HAL_Driver/Src/stm32f4xx_hal.c ****   return __STM32F4xx_HAL_VERSION;
 606              		.loc 1 444 3 view .LVU133
 445:Drivers/STM32F4xx_HAL_Driver/Src/stm32f4xx_hal.c **** }
 607              		.loc 1 445 1 is_stmt 0 view .LVU134
 608 0000 0048     		ldr	r0, .L54
 609 0002 7047     		bx	lr
 610              	.L55:
 611              		.align	2
 612              	.L54:
 613 0004 00050801 		.word	17302784
 614              		.cfi_endproc
 615              	.LFE147:
 617              		.section	.text.HAL_GetREVID,"ax",%progbits
 618              		.align	1
 619              		.p2align 2,,3
 620              		.global	HAL_GetREVID
 621              		.syntax unified
 622              		.thumb
 623              		.thumb_func
 625              	HAL_GetREVID:
 626              	.LFB148:
 446:Drivers/STM32F4xx_HAL_Driver/Src/stm32f4xx_hal.c **** 
 447:Drivers/STM32F4xx_HAL_Driver/Src/stm32f4xx_hal.c **** /**
 448:Drivers/STM32F4xx_HAL_Driver/Src/stm32f4xx_hal.c ****   * @brief  Returns the device revision identifier.
 449:Drivers/STM32F4xx_HAL_Driver/Src/stm32f4xx_hal.c ****   * @retval Device revision identifier
 450:Drivers/STM32F4xx_HAL_Driver/Src/stm32f4xx_hal.c ****   */
 451:Drivers/STM32F4xx_HAL_Driver/Src/stm32f4xx_hal.c **** uint32_t HAL_GetREVID(void)
 452:Drivers/STM32F4xx_HAL_Driver/Src/stm32f4xx_hal.c **** {
 627              		.loc 1 452 1 is_stmt 1 view -0
 628              		.cfi_startproc
 629              		@ args = 0, pretend = 0, frame = 0
 630              		@ frame_needed = 0, uses_anonymous_args = 0
 631              		@ link register save eliminated.
 453:Drivers/STM32F4xx_HAL_Driver/Src/stm32f4xx_hal.c ****   return((DBGMCU->IDCODE) >> 16U);
 632              		.loc 1 453 3 view .LVU136
 633              		.loc 1 453 17 is_stmt 0 view .LVU137
 634 0000 014B     		ldr	r3, .L57
 635 0002 1868     		ldr	r0, [r3]
 454:Drivers/STM32F4xx_HAL_Driver/Src/stm32f4xx_hal.c **** }
 636              		.loc 1 454 1 view .LVU138
 637 0004 000C     		lsrs	r0, r0, #16
 638 0006 7047     		bx	lr
 639              	.L58:
 640              		.align	2
 641              	.L57:
 642 0008 002004E0 		.word	-536600576
 643              		.cfi_endproc
 644              	.LFE148:
 646              		.section	.text.HAL_GetDEVID,"ax",%progbits
 647              		.align	1
 648              		.p2align 2,,3
 649              		.global	HAL_GetDEVID
 650              		.syntax unified
 651              		.thumb
ARM GAS  C:\Users\joshr\AppData\Local\Temp\ccU0Bdkv.s 			page 21


 652              		.thumb_func
 654              	HAL_GetDEVID:
 655              	.LFB149:
 455:Drivers/STM32F4xx_HAL_Driver/Src/stm32f4xx_hal.c **** 
 456:Drivers/STM32F4xx_HAL_Driver/Src/stm32f4xx_hal.c **** /**
 457:Drivers/STM32F4xx_HAL_Driver/Src/stm32f4xx_hal.c ****   * @brief  Returns the device identifier.
 458:Drivers/STM32F4xx_HAL_Driver/Src/stm32f4xx_hal.c ****   * @retval Device identifier
 459:Drivers/STM32F4xx_HAL_Driver/Src/stm32f4xx_hal.c ****   */
 460:Drivers/STM32F4xx_HAL_Driver/Src/stm32f4xx_hal.c **** uint32_t HAL_GetDEVID(void)
 461:Drivers/STM32F4xx_HAL_Driver/Src/stm32f4xx_hal.c **** {
 656              		.loc 1 461 1 is_stmt 1 view -0
 657              		.cfi_startproc
 658              		@ args = 0, pretend = 0, frame = 0
 659              		@ frame_needed = 0, uses_anonymous_args = 0
 660              		@ link register save eliminated.
 462:Drivers/STM32F4xx_HAL_Driver/Src/stm32f4xx_hal.c ****   return((DBGMCU->IDCODE) & IDCODE_DEVID_MASK);
 661              		.loc 1 462 3 view .LVU140
 662              		.loc 1 462 17 is_stmt 0 view .LVU141
 663 0000 024B     		ldr	r3, .L60
 664 0002 1868     		ldr	r0, [r3]
 463:Drivers/STM32F4xx_HAL_Driver/Src/stm32f4xx_hal.c **** }
 665              		.loc 1 463 1 view .LVU142
 666 0004 C0F30B00 		ubfx	r0, r0, #0, #12
 667 0008 7047     		bx	lr
 668              	.L61:
 669 000a 00BF     		.align	2
 670              	.L60:
 671 000c 002004E0 		.word	-536600576
 672              		.cfi_endproc
 673              	.LFE149:
 675              		.section	.text.HAL_DBGMCU_EnableDBGSleepMode,"ax",%progbits
 676              		.align	1
 677              		.p2align 2,,3
 678              		.global	HAL_DBGMCU_EnableDBGSleepMode
 679              		.syntax unified
 680              		.thumb
 681              		.thumb_func
 683              	HAL_DBGMCU_EnableDBGSleepMode:
 684              	.LFB150:
 464:Drivers/STM32F4xx_HAL_Driver/Src/stm32f4xx_hal.c **** 
 465:Drivers/STM32F4xx_HAL_Driver/Src/stm32f4xx_hal.c **** /**
 466:Drivers/STM32F4xx_HAL_Driver/Src/stm32f4xx_hal.c ****   * @brief  Enable the Debug Module during SLEEP mode
 467:Drivers/STM32F4xx_HAL_Driver/Src/stm32f4xx_hal.c ****   * @retval None
 468:Drivers/STM32F4xx_HAL_Driver/Src/stm32f4xx_hal.c ****   */
 469:Drivers/STM32F4xx_HAL_Driver/Src/stm32f4xx_hal.c **** void HAL_DBGMCU_EnableDBGSleepMode(void)
 470:Drivers/STM32F4xx_HAL_Driver/Src/stm32f4xx_hal.c **** {
 685              		.loc 1 470 1 is_stmt 1 view -0
 686              		.cfi_startproc
 687              		@ args = 0, pretend = 0, frame = 0
 688              		@ frame_needed = 0, uses_anonymous_args = 0
 689              		@ link register save eliminated.
 471:Drivers/STM32F4xx_HAL_Driver/Src/stm32f4xx_hal.c ****   SET_BIT(DBGMCU->CR, DBGMCU_CR_DBG_SLEEP);
 690              		.loc 1 471 3 view .LVU144
 691 0000 024A     		ldr	r2, .L63
 692 0002 5368     		ldr	r3, [r2, #4]
 693 0004 43F00103 		orr	r3, r3, #1
 694 0008 5360     		str	r3, [r2, #4]
ARM GAS  C:\Users\joshr\AppData\Local\Temp\ccU0Bdkv.s 			page 22


 472:Drivers/STM32F4xx_HAL_Driver/Src/stm32f4xx_hal.c **** }
 695              		.loc 1 472 1 is_stmt 0 view .LVU145
 696 000a 7047     		bx	lr
 697              	.L64:
 698              		.align	2
 699              	.L63:
 700 000c 002004E0 		.word	-536600576
 701              		.cfi_endproc
 702              	.LFE150:
 704              		.section	.text.HAL_DBGMCU_DisableDBGSleepMode,"ax",%progbits
 705              		.align	1
 706              		.p2align 2,,3
 707              		.global	HAL_DBGMCU_DisableDBGSleepMode
 708              		.syntax unified
 709              		.thumb
 710              		.thumb_func
 712              	HAL_DBGMCU_DisableDBGSleepMode:
 713              	.LFB151:
 473:Drivers/STM32F4xx_HAL_Driver/Src/stm32f4xx_hal.c **** 
 474:Drivers/STM32F4xx_HAL_Driver/Src/stm32f4xx_hal.c **** /**
 475:Drivers/STM32F4xx_HAL_Driver/Src/stm32f4xx_hal.c ****   * @brief  Disable the Debug Module during SLEEP mode
 476:Drivers/STM32F4xx_HAL_Driver/Src/stm32f4xx_hal.c ****   * @retval None
 477:Drivers/STM32F4xx_HAL_Driver/Src/stm32f4xx_hal.c ****   */
 478:Drivers/STM32F4xx_HAL_Driver/Src/stm32f4xx_hal.c **** void HAL_DBGMCU_DisableDBGSleepMode(void)
 479:Drivers/STM32F4xx_HAL_Driver/Src/stm32f4xx_hal.c **** {
 714              		.loc 1 479 1 is_stmt 1 view -0
 715              		.cfi_startproc
 716              		@ args = 0, pretend = 0, frame = 0
 717              		@ frame_needed = 0, uses_anonymous_args = 0
 718              		@ link register save eliminated.
 480:Drivers/STM32F4xx_HAL_Driver/Src/stm32f4xx_hal.c ****   CLEAR_BIT(DBGMCU->CR, DBGMCU_CR_DBG_SLEEP);
 719              		.loc 1 480 3 view .LVU147
 720 0000 024A     		ldr	r2, .L66
 721 0002 5368     		ldr	r3, [r2, #4]
 722 0004 23F00103 		bic	r3, r3, #1
 723 0008 5360     		str	r3, [r2, #4]
 481:Drivers/STM32F4xx_HAL_Driver/Src/stm32f4xx_hal.c **** }
 724              		.loc 1 481 1 is_stmt 0 view .LVU148
 725 000a 7047     		bx	lr
 726              	.L67:
 727              		.align	2
 728              	.L66:
 729 000c 002004E0 		.word	-536600576
 730              		.cfi_endproc
 731              	.LFE151:
 733              		.section	.text.HAL_DBGMCU_EnableDBGStopMode,"ax",%progbits
 734              		.align	1
 735              		.p2align 2,,3
 736              		.global	HAL_DBGMCU_EnableDBGStopMode
 737              		.syntax unified
 738              		.thumb
 739              		.thumb_func
 741              	HAL_DBGMCU_EnableDBGStopMode:
 742              	.LFB152:
 482:Drivers/STM32F4xx_HAL_Driver/Src/stm32f4xx_hal.c **** 
 483:Drivers/STM32F4xx_HAL_Driver/Src/stm32f4xx_hal.c **** /**
 484:Drivers/STM32F4xx_HAL_Driver/Src/stm32f4xx_hal.c ****   * @brief  Enable the Debug Module during STOP mode
ARM GAS  C:\Users\joshr\AppData\Local\Temp\ccU0Bdkv.s 			page 23


 485:Drivers/STM32F4xx_HAL_Driver/Src/stm32f4xx_hal.c ****   * @retval None
 486:Drivers/STM32F4xx_HAL_Driver/Src/stm32f4xx_hal.c ****   */
 487:Drivers/STM32F4xx_HAL_Driver/Src/stm32f4xx_hal.c **** void HAL_DBGMCU_EnableDBGStopMode(void)
 488:Drivers/STM32F4xx_HAL_Driver/Src/stm32f4xx_hal.c **** {
 743              		.loc 1 488 1 is_stmt 1 view -0
 744              		.cfi_startproc
 745              		@ args = 0, pretend = 0, frame = 0
 746              		@ frame_needed = 0, uses_anonymous_args = 0
 747              		@ link register save eliminated.
 489:Drivers/STM32F4xx_HAL_Driver/Src/stm32f4xx_hal.c ****   SET_BIT(DBGMCU->CR, DBGMCU_CR_DBG_STOP);
 748              		.loc 1 489 3 view .LVU150
 749 0000 024A     		ldr	r2, .L69
 750 0002 5368     		ldr	r3, [r2, #4]
 751 0004 43F00203 		orr	r3, r3, #2
 752 0008 5360     		str	r3, [r2, #4]
 490:Drivers/STM32F4xx_HAL_Driver/Src/stm32f4xx_hal.c **** }
 753              		.loc 1 490 1 is_stmt 0 view .LVU151
 754 000a 7047     		bx	lr
 755              	.L70:
 756              		.align	2
 757              	.L69:
 758 000c 002004E0 		.word	-536600576
 759              		.cfi_endproc
 760              	.LFE152:
 762              		.section	.text.HAL_DBGMCU_DisableDBGStopMode,"ax",%progbits
 763              		.align	1
 764              		.p2align 2,,3
 765              		.global	HAL_DBGMCU_DisableDBGStopMode
 766              		.syntax unified
 767              		.thumb
 768              		.thumb_func
 770              	HAL_DBGMCU_DisableDBGStopMode:
 771              	.LFB153:
 491:Drivers/STM32F4xx_HAL_Driver/Src/stm32f4xx_hal.c **** 
 492:Drivers/STM32F4xx_HAL_Driver/Src/stm32f4xx_hal.c **** /**
 493:Drivers/STM32F4xx_HAL_Driver/Src/stm32f4xx_hal.c ****   * @brief  Disable the Debug Module during STOP mode
 494:Drivers/STM32F4xx_HAL_Driver/Src/stm32f4xx_hal.c ****   * @retval None
 495:Drivers/STM32F4xx_HAL_Driver/Src/stm32f4xx_hal.c ****   */
 496:Drivers/STM32F4xx_HAL_Driver/Src/stm32f4xx_hal.c **** void HAL_DBGMCU_DisableDBGStopMode(void)
 497:Drivers/STM32F4xx_HAL_Driver/Src/stm32f4xx_hal.c **** {
 772              		.loc 1 497 1 is_stmt 1 view -0
 773              		.cfi_startproc
 774              		@ args = 0, pretend = 0, frame = 0
 775              		@ frame_needed = 0, uses_anonymous_args = 0
 776              		@ link register save eliminated.
 498:Drivers/STM32F4xx_HAL_Driver/Src/stm32f4xx_hal.c ****   CLEAR_BIT(DBGMCU->CR, DBGMCU_CR_DBG_STOP);
 777              		.loc 1 498 3 view .LVU153
 778 0000 024A     		ldr	r2, .L72
 779 0002 5368     		ldr	r3, [r2, #4]
 780 0004 23F00203 		bic	r3, r3, #2
 781 0008 5360     		str	r3, [r2, #4]
 499:Drivers/STM32F4xx_HAL_Driver/Src/stm32f4xx_hal.c **** }
 782              		.loc 1 499 1 is_stmt 0 view .LVU154
 783 000a 7047     		bx	lr
 784              	.L73:
 785              		.align	2
 786              	.L72:
ARM GAS  C:\Users\joshr\AppData\Local\Temp\ccU0Bdkv.s 			page 24


 787 000c 002004E0 		.word	-536600576
 788              		.cfi_endproc
 789              	.LFE153:
 791              		.section	.text.HAL_DBGMCU_EnableDBGStandbyMode,"ax",%progbits
 792              		.align	1
 793              		.p2align 2,,3
 794              		.global	HAL_DBGMCU_EnableDBGStandbyMode
 795              		.syntax unified
 796              		.thumb
 797              		.thumb_func
 799              	HAL_DBGMCU_EnableDBGStandbyMode:
 800              	.LFB154:
 500:Drivers/STM32F4xx_HAL_Driver/Src/stm32f4xx_hal.c **** 
 501:Drivers/STM32F4xx_HAL_Driver/Src/stm32f4xx_hal.c **** /**
 502:Drivers/STM32F4xx_HAL_Driver/Src/stm32f4xx_hal.c ****   * @brief  Enable the Debug Module during STANDBY mode
 503:Drivers/STM32F4xx_HAL_Driver/Src/stm32f4xx_hal.c ****   * @retval None
 504:Drivers/STM32F4xx_HAL_Driver/Src/stm32f4xx_hal.c ****   */
 505:Drivers/STM32F4xx_HAL_Driver/Src/stm32f4xx_hal.c **** void HAL_DBGMCU_EnableDBGStandbyMode(void)
 506:Drivers/STM32F4xx_HAL_Driver/Src/stm32f4xx_hal.c **** {
 801              		.loc 1 506 1 is_stmt 1 view -0
 802              		.cfi_startproc
 803              		@ args = 0, pretend = 0, frame = 0
 804              		@ frame_needed = 0, uses_anonymous_args = 0
 805              		@ link register save eliminated.
 507:Drivers/STM32F4xx_HAL_Driver/Src/stm32f4xx_hal.c ****   SET_BIT(DBGMCU->CR, DBGMCU_CR_DBG_STANDBY);
 806              		.loc 1 507 3 view .LVU156
 807 0000 024A     		ldr	r2, .L75
 808 0002 5368     		ldr	r3, [r2, #4]
 809 0004 43F00403 		orr	r3, r3, #4
 810 0008 5360     		str	r3, [r2, #4]
 508:Drivers/STM32F4xx_HAL_Driver/Src/stm32f4xx_hal.c **** }
 811              		.loc 1 508 1 is_stmt 0 view .LVU157
 812 000a 7047     		bx	lr
 813              	.L76:
 814              		.align	2
 815              	.L75:
 816 000c 002004E0 		.word	-536600576
 817              		.cfi_endproc
 818              	.LFE154:
 820              		.section	.text.HAL_DBGMCU_DisableDBGStandbyMode,"ax",%progbits
 821              		.align	1
 822              		.p2align 2,,3
 823              		.global	HAL_DBGMCU_DisableDBGStandbyMode
 824              		.syntax unified
 825              		.thumb
 826              		.thumb_func
 828              	HAL_DBGMCU_DisableDBGStandbyMode:
 829              	.LFB155:
 509:Drivers/STM32F4xx_HAL_Driver/Src/stm32f4xx_hal.c **** 
 510:Drivers/STM32F4xx_HAL_Driver/Src/stm32f4xx_hal.c **** /**
 511:Drivers/STM32F4xx_HAL_Driver/Src/stm32f4xx_hal.c ****   * @brief  Disable the Debug Module during STANDBY mode
 512:Drivers/STM32F4xx_HAL_Driver/Src/stm32f4xx_hal.c ****   * @retval None
 513:Drivers/STM32F4xx_HAL_Driver/Src/stm32f4xx_hal.c ****   */
 514:Drivers/STM32F4xx_HAL_Driver/Src/stm32f4xx_hal.c **** void HAL_DBGMCU_DisableDBGStandbyMode(void)
 515:Drivers/STM32F4xx_HAL_Driver/Src/stm32f4xx_hal.c **** {
 830              		.loc 1 515 1 is_stmt 1 view -0
 831              		.cfi_startproc
ARM GAS  C:\Users\joshr\AppData\Local\Temp\ccU0Bdkv.s 			page 25


 832              		@ args = 0, pretend = 0, frame = 0
 833              		@ frame_needed = 0, uses_anonymous_args = 0
 834              		@ link register save eliminated.
 516:Drivers/STM32F4xx_HAL_Driver/Src/stm32f4xx_hal.c ****   CLEAR_BIT(DBGMCU->CR, DBGMCU_CR_DBG_STANDBY);
 835              		.loc 1 516 3 view .LVU159
 836 0000 024A     		ldr	r2, .L78
 837 0002 5368     		ldr	r3, [r2, #4]
 838 0004 23F00403 		bic	r3, r3, #4
 839 0008 5360     		str	r3, [r2, #4]
 517:Drivers/STM32F4xx_HAL_Driver/Src/stm32f4xx_hal.c **** }
 840              		.loc 1 517 1 is_stmt 0 view .LVU160
 841 000a 7047     		bx	lr
 842              	.L79:
 843              		.align	2
 844              	.L78:
 845 000c 002004E0 		.word	-536600576
 846              		.cfi_endproc
 847              	.LFE155:
 849              		.section	.text.HAL_EnableCompensationCell,"ax",%progbits
 850              		.align	1
 851              		.p2align 2,,3
 852              		.global	HAL_EnableCompensationCell
 853              		.syntax unified
 854              		.thumb
 855              		.thumb_func
 857              	HAL_EnableCompensationCell:
 858              	.LFB156:
 518:Drivers/STM32F4xx_HAL_Driver/Src/stm32f4xx_hal.c **** 
 519:Drivers/STM32F4xx_HAL_Driver/Src/stm32f4xx_hal.c **** /**
 520:Drivers/STM32F4xx_HAL_Driver/Src/stm32f4xx_hal.c ****   * @brief  Enables the I/O Compensation Cell.
 521:Drivers/STM32F4xx_HAL_Driver/Src/stm32f4xx_hal.c ****   * @note   The I/O compensation cell can be used only when the device supply
 522:Drivers/STM32F4xx_HAL_Driver/Src/stm32f4xx_hal.c ****   *         voltage ranges from 2.4 to 3.6 V.  
 523:Drivers/STM32F4xx_HAL_Driver/Src/stm32f4xx_hal.c ****   * @retval None
 524:Drivers/STM32F4xx_HAL_Driver/Src/stm32f4xx_hal.c ****   */
 525:Drivers/STM32F4xx_HAL_Driver/Src/stm32f4xx_hal.c **** void HAL_EnableCompensationCell(void)
 526:Drivers/STM32F4xx_HAL_Driver/Src/stm32f4xx_hal.c **** {
 859              		.loc 1 526 1 is_stmt 1 view -0
 860              		.cfi_startproc
 861              		@ args = 0, pretend = 0, frame = 0
 862              		@ frame_needed = 0, uses_anonymous_args = 0
 863              		@ link register save eliminated.
 527:Drivers/STM32F4xx_HAL_Driver/Src/stm32f4xx_hal.c ****   *(__IO uint32_t *)CMPCR_CMP_PD_BB = (uint32_t)ENABLE;
 864              		.loc 1 527 3 view .LVU162
 865              		.loc 1 527 37 is_stmt 0 view .LVU163
 866 0000 024B     		ldr	r3, .L81
 867 0002 0122     		movs	r2, #1
 868 0004 C3F80024 		str	r2, [r3, #1024]
 528:Drivers/STM32F4xx_HAL_Driver/Src/stm32f4xx_hal.c **** }
 869              		.loc 1 528 1 view .LVU164
 870 0008 7047     		bx	lr
 871              	.L82:
 872 000a 00BF     		.align	2
 873              	.L81:
 874 000c 00002742 		.word	1109852160
 875              		.cfi_endproc
 876              	.LFE156:
 878              		.section	.text.HAL_DisableCompensationCell,"ax",%progbits
ARM GAS  C:\Users\joshr\AppData\Local\Temp\ccU0Bdkv.s 			page 26


 879              		.align	1
 880              		.p2align 2,,3
 881              		.global	HAL_DisableCompensationCell
 882              		.syntax unified
 883              		.thumb
 884              		.thumb_func
 886              	HAL_DisableCompensationCell:
 887              	.LFB157:
 529:Drivers/STM32F4xx_HAL_Driver/Src/stm32f4xx_hal.c **** 
 530:Drivers/STM32F4xx_HAL_Driver/Src/stm32f4xx_hal.c **** /**
 531:Drivers/STM32F4xx_HAL_Driver/Src/stm32f4xx_hal.c ****   * @brief  Power-down the I/O Compensation Cell.
 532:Drivers/STM32F4xx_HAL_Driver/Src/stm32f4xx_hal.c ****   * @note   The I/O compensation cell can be used only when the device supply
 533:Drivers/STM32F4xx_HAL_Driver/Src/stm32f4xx_hal.c ****   *         voltage ranges from 2.4 to 3.6 V.  
 534:Drivers/STM32F4xx_HAL_Driver/Src/stm32f4xx_hal.c ****   * @retval None
 535:Drivers/STM32F4xx_HAL_Driver/Src/stm32f4xx_hal.c ****   */
 536:Drivers/STM32F4xx_HAL_Driver/Src/stm32f4xx_hal.c **** void HAL_DisableCompensationCell(void)
 537:Drivers/STM32F4xx_HAL_Driver/Src/stm32f4xx_hal.c **** {
 888              		.loc 1 537 1 is_stmt 1 view -0
 889              		.cfi_startproc
 890              		@ args = 0, pretend = 0, frame = 0
 891              		@ frame_needed = 0, uses_anonymous_args = 0
 892              		@ link register save eliminated.
 538:Drivers/STM32F4xx_HAL_Driver/Src/stm32f4xx_hal.c ****   *(__IO uint32_t *)CMPCR_CMP_PD_BB = (uint32_t)DISABLE;
 893              		.loc 1 538 3 view .LVU166
 894              		.loc 1 538 37 is_stmt 0 view .LVU167
 895 0000 024B     		ldr	r3, .L84
 896 0002 0022     		movs	r2, #0
 897 0004 C3F80024 		str	r2, [r3, #1024]
 539:Drivers/STM32F4xx_HAL_Driver/Src/stm32f4xx_hal.c **** }
 898              		.loc 1 539 1 view .LVU168
 899 0008 7047     		bx	lr
 900              	.L85:
 901 000a 00BF     		.align	2
 902              	.L84:
 903 000c 00002742 		.word	1109852160
 904              		.cfi_endproc
 905              	.LFE157:
 907              		.section	.text.HAL_GetUIDw0,"ax",%progbits
 908              		.align	1
 909              		.p2align 2,,3
 910              		.global	HAL_GetUIDw0
 911              		.syntax unified
 912              		.thumb
 913              		.thumb_func
 915              	HAL_GetUIDw0:
 916              	.LFB158:
 540:Drivers/STM32F4xx_HAL_Driver/Src/stm32f4xx_hal.c **** 
 541:Drivers/STM32F4xx_HAL_Driver/Src/stm32f4xx_hal.c **** /**
 542:Drivers/STM32F4xx_HAL_Driver/Src/stm32f4xx_hal.c ****   * @brief  Returns first word of the unique device identifier (UID based on 96 bits)
 543:Drivers/STM32F4xx_HAL_Driver/Src/stm32f4xx_hal.c ****   * @retval Device identifier
 544:Drivers/STM32F4xx_HAL_Driver/Src/stm32f4xx_hal.c ****   */
 545:Drivers/STM32F4xx_HAL_Driver/Src/stm32f4xx_hal.c **** uint32_t HAL_GetUIDw0(void)
 546:Drivers/STM32F4xx_HAL_Driver/Src/stm32f4xx_hal.c **** {
 917              		.loc 1 546 1 is_stmt 1 view -0
 918              		.cfi_startproc
 919              		@ args = 0, pretend = 0, frame = 0
 920              		@ frame_needed = 0, uses_anonymous_args = 0
ARM GAS  C:\Users\joshr\AppData\Local\Temp\ccU0Bdkv.s 			page 27


 921              		@ link register save eliminated.
 547:Drivers/STM32F4xx_HAL_Driver/Src/stm32f4xx_hal.c ****   return (READ_REG(*((uint32_t *)UID_BASE)));
 922              		.loc 1 547 3 view .LVU170
 923              		.loc 1 547 11 is_stmt 0 view .LVU171
 924 0000 014B     		ldr	r3, .L87
 548:Drivers/STM32F4xx_HAL_Driver/Src/stm32f4xx_hal.c **** }
 925              		.loc 1 548 1 view .LVU172
 926 0002 D3F8100A 		ldr	r0, [r3, #2576]
 927 0006 7047     		bx	lr
 928              	.L88:
 929              		.align	2
 930              	.L87:
 931 0008 0070FF1F 		.word	536834048
 932              		.cfi_endproc
 933              	.LFE158:
 935              		.section	.text.HAL_GetUIDw1,"ax",%progbits
 936              		.align	1
 937              		.p2align 2,,3
 938              		.global	HAL_GetUIDw1
 939              		.syntax unified
 940              		.thumb
 941              		.thumb_func
 943              	HAL_GetUIDw1:
 944              	.LFB159:
 549:Drivers/STM32F4xx_HAL_Driver/Src/stm32f4xx_hal.c **** 
 550:Drivers/STM32F4xx_HAL_Driver/Src/stm32f4xx_hal.c **** /**
 551:Drivers/STM32F4xx_HAL_Driver/Src/stm32f4xx_hal.c ****   * @brief  Returns second word of the unique device identifier (UID based on 96 bits)
 552:Drivers/STM32F4xx_HAL_Driver/Src/stm32f4xx_hal.c ****   * @retval Device identifier
 553:Drivers/STM32F4xx_HAL_Driver/Src/stm32f4xx_hal.c ****   */
 554:Drivers/STM32F4xx_HAL_Driver/Src/stm32f4xx_hal.c **** uint32_t HAL_GetUIDw1(void)
 555:Drivers/STM32F4xx_HAL_Driver/Src/stm32f4xx_hal.c **** {
 945              		.loc 1 555 1 is_stmt 1 view -0
 946              		.cfi_startproc
 947              		@ args = 0, pretend = 0, frame = 0
 948              		@ frame_needed = 0, uses_anonymous_args = 0
 949              		@ link register save eliminated.
 556:Drivers/STM32F4xx_HAL_Driver/Src/stm32f4xx_hal.c ****   return (READ_REG(*((uint32_t *)(UID_BASE + 4U))));
 950              		.loc 1 556 3 view .LVU174
 951              		.loc 1 556 11 is_stmt 0 view .LVU175
 952 0000 014B     		ldr	r3, .L90
 557:Drivers/STM32F4xx_HAL_Driver/Src/stm32f4xx_hal.c **** }
 953              		.loc 1 557 1 view .LVU176
 954 0002 D3F8140A 		ldr	r0, [r3, #2580]
 955 0006 7047     		bx	lr
 956              	.L91:
 957              		.align	2
 958              	.L90:
 959 0008 0070FF1F 		.word	536834048
 960              		.cfi_endproc
 961              	.LFE159:
 963              		.section	.text.HAL_GetUIDw2,"ax",%progbits
 964              		.align	1
 965              		.p2align 2,,3
 966              		.global	HAL_GetUIDw2
 967              		.syntax unified
 968              		.thumb
 969              		.thumb_func
ARM GAS  C:\Users\joshr\AppData\Local\Temp\ccU0Bdkv.s 			page 28


 971              	HAL_GetUIDw2:
 972              	.LFB160:
 558:Drivers/STM32F4xx_HAL_Driver/Src/stm32f4xx_hal.c **** 
 559:Drivers/STM32F4xx_HAL_Driver/Src/stm32f4xx_hal.c **** /**
 560:Drivers/STM32F4xx_HAL_Driver/Src/stm32f4xx_hal.c ****   * @brief  Returns third word of the unique device identifier (UID based on 96 bits)
 561:Drivers/STM32F4xx_HAL_Driver/Src/stm32f4xx_hal.c ****   * @retval Device identifier
 562:Drivers/STM32F4xx_HAL_Driver/Src/stm32f4xx_hal.c ****   */
 563:Drivers/STM32F4xx_HAL_Driver/Src/stm32f4xx_hal.c **** uint32_t HAL_GetUIDw2(void)
 564:Drivers/STM32F4xx_HAL_Driver/Src/stm32f4xx_hal.c **** {
 973              		.loc 1 564 1 is_stmt 1 view -0
 974              		.cfi_startproc
 975              		@ args = 0, pretend = 0, frame = 0
 976              		@ frame_needed = 0, uses_anonymous_args = 0
 977              		@ link register save eliminated.
 565:Drivers/STM32F4xx_HAL_Driver/Src/stm32f4xx_hal.c ****   return (READ_REG(*((uint32_t *)(UID_BASE + 8U))));
 978              		.loc 1 565 3 view .LVU178
 979              		.loc 1 565 11 is_stmt 0 view .LVU179
 980 0000 014B     		ldr	r3, .L93
 566:Drivers/STM32F4xx_HAL_Driver/Src/stm32f4xx_hal.c **** }
 981              		.loc 1 566 1 view .LVU180
 982 0002 D3F8180A 		ldr	r0, [r3, #2584]
 983 0006 7047     		bx	lr
 984              	.L94:
 985              		.align	2
 986              	.L93:
 987 0008 0070FF1F 		.word	536834048
 988              		.cfi_endproc
 989              	.LFE160:
 991              		.global	uwTickFreq
 992              		.section	.data.uwTickFreq,"aw"
 995              	uwTickFreq:
 996 0000 01       		.byte	1
 997              		.global	uwTickPrio
 998              		.section	.data.uwTickPrio,"aw"
 999              		.align	2
 1002              	uwTickPrio:
 1003 0000 10000000 		.word	16
 1004              		.global	uwTick
 1005              		.section	.bss.uwTick,"aw",%nobits
 1006              		.align	2
 1009              	uwTick:
 1010 0000 00000000 		.space	4
 1011              		.text
 1012              	.Letext0:
 1013              		.file 2 "Drivers/CMSIS/Device/ST/STM32F4xx/Include/stm32f446xx.h"
 1014              		.file 3 "C:\\ST\\STM32CubeIDE_1.19.0\\STM32CubeIDE\\plugins\\com.st.stm32cube.ide.mcu.externaltool
 1015              		.file 4 "C:\\ST\\STM32CubeIDE_1.19.0\\STM32CubeIDE\\plugins\\com.st.stm32cube.ide.mcu.externaltool
 1016              		.file 5 "Drivers/CMSIS/Include/core_cm4.h"
 1017              		.file 6 "Drivers/CMSIS/Device/ST/STM32F4xx/Include/stm32f4xx.h"
 1018              		.file 7 "Drivers/STM32F4xx_HAL_Driver/Inc/stm32f4xx_hal_def.h"
 1019              		.file 8 "Drivers/STM32F4xx_HAL_Driver/Inc/stm32f4xx_hal.h"
 1020              		.file 9 "Drivers/CMSIS/Device/ST/STM32F4xx/Include/system_stm32f4xx.h"
 1021              		.file 10 "Drivers/STM32F4xx_HAL_Driver/Inc/stm32f4xx_hal_cortex.h"
ARM GAS  C:\Users\joshr\AppData\Local\Temp\ccU0Bdkv.s 			page 29


DEFINED SYMBOLS
                            *ABS*:00000000 stm32f4xx_hal.c
C:\Users\joshr\AppData\Local\Temp\ccU0Bdkv.s:21     .text.HAL_MspInit:00000000 $t
C:\Users\joshr\AppData\Local\Temp\ccU0Bdkv.s:28     .text.HAL_MspInit:00000000 HAL_MspInit
C:\Users\joshr\AppData\Local\Temp\ccU0Bdkv.s:41     .text.HAL_MspDeInit:00000000 $t
C:\Users\joshr\AppData\Local\Temp\ccU0Bdkv.s:48     .text.HAL_MspDeInit:00000000 HAL_MspDeInit
C:\Users\joshr\AppData\Local\Temp\ccU0Bdkv.s:60     .text.HAL_DeInit:00000000 $t
C:\Users\joshr\AppData\Local\Temp\ccU0Bdkv.s:67     .text.HAL_DeInit:00000000 HAL_DeInit
C:\Users\joshr\AppData\Local\Temp\ccU0Bdkv.s:124    .text.HAL_DeInit:0000002c $d
C:\Users\joshr\AppData\Local\Temp\ccU0Bdkv.s:132    .text.HAL_InitTick:00000000 $t
C:\Users\joshr\AppData\Local\Temp\ccU0Bdkv.s:139    .text.HAL_InitTick:00000000 HAL_InitTick
C:\Users\joshr\AppData\Local\Temp\ccU0Bdkv.s:216    .text.HAL_InitTick:0000003c $d
C:\Users\joshr\AppData\Local\Temp\ccU0Bdkv.s:995    .data.uwTickFreq:00000000 uwTickFreq
C:\Users\joshr\AppData\Local\Temp\ccU0Bdkv.s:1002   .data.uwTickPrio:00000000 uwTickPrio
C:\Users\joshr\AppData\Local\Temp\ccU0Bdkv.s:223    .text.HAL_Init:00000000 $t
C:\Users\joshr\AppData\Local\Temp\ccU0Bdkv.s:230    .text.HAL_Init:00000000 HAL_Init
C:\Users\joshr\AppData\Local\Temp\ccU0Bdkv.s:274    .text.HAL_Init:00000030 $d
C:\Users\joshr\AppData\Local\Temp\ccU0Bdkv.s:279    .text.HAL_IncTick:00000000 $t
C:\Users\joshr\AppData\Local\Temp\ccU0Bdkv.s:286    .text.HAL_IncTick:00000000 HAL_IncTick
C:\Users\joshr\AppData\Local\Temp\ccU0Bdkv.s:306    .text.HAL_IncTick:00000010 $d
C:\Users\joshr\AppData\Local\Temp\ccU0Bdkv.s:1009   .bss.uwTick:00000000 uwTick
C:\Users\joshr\AppData\Local\Temp\ccU0Bdkv.s:312    .text.HAL_GetTick:00000000 $t
C:\Users\joshr\AppData\Local\Temp\ccU0Bdkv.s:319    .text.HAL_GetTick:00000000 HAL_GetTick
C:\Users\joshr\AppData\Local\Temp\ccU0Bdkv.s:335    .text.HAL_GetTick:00000008 $d
C:\Users\joshr\AppData\Local\Temp\ccU0Bdkv.s:340    .text.HAL_GetTickPrio:00000000 $t
C:\Users\joshr\AppData\Local\Temp\ccU0Bdkv.s:347    .text.HAL_GetTickPrio:00000000 HAL_GetTickPrio
C:\Users\joshr\AppData\Local\Temp\ccU0Bdkv.s:363    .text.HAL_GetTickPrio:00000008 $d
C:\Users\joshr\AppData\Local\Temp\ccU0Bdkv.s:368    .text.HAL_SetTickFreq:00000000 $t
C:\Users\joshr\AppData\Local\Temp\ccU0Bdkv.s:375    .text.HAL_SetTickFreq:00000000 HAL_SetTickFreq
C:\Users\joshr\AppData\Local\Temp\ccU0Bdkv.s:437    .text.HAL_SetTickFreq:00000020 $d
C:\Users\joshr\AppData\Local\Temp\ccU0Bdkv.s:443    .text.HAL_GetTickFreq:00000000 $t
C:\Users\joshr\AppData\Local\Temp\ccU0Bdkv.s:450    .text.HAL_GetTickFreq:00000000 HAL_GetTickFreq
C:\Users\joshr\AppData\Local\Temp\ccU0Bdkv.s:466    .text.HAL_GetTickFreq:00000008 $d
C:\Users\joshr\AppData\Local\Temp\ccU0Bdkv.s:471    .text.HAL_Delay:00000000 $t
C:\Users\joshr\AppData\Local\Temp\ccU0Bdkv.s:478    .text.HAL_Delay:00000000 HAL_Delay
C:\Users\joshr\AppData\Local\Temp\ccU0Bdkv.s:533    .text.HAL_Delay:00000020 $d
C:\Users\joshr\AppData\Local\Temp\ccU0Bdkv.s:538    .text.HAL_SuspendTick:00000000 $t
C:\Users\joshr\AppData\Local\Temp\ccU0Bdkv.s:545    .text.HAL_SuspendTick:00000000 HAL_SuspendTick
C:\Users\joshr\AppData\Local\Temp\ccU0Bdkv.s:565    .text.HAL_ResumeTick:00000000 $t
C:\Users\joshr\AppData\Local\Temp\ccU0Bdkv.s:572    .text.HAL_ResumeTick:00000000 HAL_ResumeTick
C:\Users\joshr\AppData\Local\Temp\ccU0Bdkv.s:592    .text.HAL_GetHalVersion:00000000 $t
C:\Users\joshr\AppData\Local\Temp\ccU0Bdkv.s:599    .text.HAL_GetHalVersion:00000000 HAL_GetHalVersion
C:\Users\joshr\AppData\Local\Temp\ccU0Bdkv.s:613    .text.HAL_GetHalVersion:00000004 $d
C:\Users\joshr\AppData\Local\Temp\ccU0Bdkv.s:618    .text.HAL_GetREVID:00000000 $t
C:\Users\joshr\AppData\Local\Temp\ccU0Bdkv.s:625    .text.HAL_GetREVID:00000000 HAL_GetREVID
C:\Users\joshr\AppData\Local\Temp\ccU0Bdkv.s:642    .text.HAL_GetREVID:00000008 $d
C:\Users\joshr\AppData\Local\Temp\ccU0Bdkv.s:647    .text.HAL_GetDEVID:00000000 $t
C:\Users\joshr\AppData\Local\Temp\ccU0Bdkv.s:654    .text.HAL_GetDEVID:00000000 HAL_GetDEVID
C:\Users\joshr\AppData\Local\Temp\ccU0Bdkv.s:671    .text.HAL_GetDEVID:0000000c $d
C:\Users\joshr\AppData\Local\Temp\ccU0Bdkv.s:676    .text.HAL_DBGMCU_EnableDBGSleepMode:00000000 $t
C:\Users\joshr\AppData\Local\Temp\ccU0Bdkv.s:683    .text.HAL_DBGMCU_EnableDBGSleepMode:00000000 HAL_DBGMCU_EnableDBGSleepMode
C:\Users\joshr\AppData\Local\Temp\ccU0Bdkv.s:700    .text.HAL_DBGMCU_EnableDBGSleepMode:0000000c $d
C:\Users\joshr\AppData\Local\Temp\ccU0Bdkv.s:705    .text.HAL_DBGMCU_DisableDBGSleepMode:00000000 $t
C:\Users\joshr\AppData\Local\Temp\ccU0Bdkv.s:712    .text.HAL_DBGMCU_DisableDBGSleepMode:00000000 HAL_DBGMCU_DisableDBGSleepMode
C:\Users\joshr\AppData\Local\Temp\ccU0Bdkv.s:729    .text.HAL_DBGMCU_DisableDBGSleepMode:0000000c $d
C:\Users\joshr\AppData\Local\Temp\ccU0Bdkv.s:734    .text.HAL_DBGMCU_EnableDBGStopMode:00000000 $t
C:\Users\joshr\AppData\Local\Temp\ccU0Bdkv.s:741    .text.HAL_DBGMCU_EnableDBGStopMode:00000000 HAL_DBGMCU_EnableDBGStopMode
ARM GAS  C:\Users\joshr\AppData\Local\Temp\ccU0Bdkv.s 			page 30


C:\Users\joshr\AppData\Local\Temp\ccU0Bdkv.s:758    .text.HAL_DBGMCU_EnableDBGStopMode:0000000c $d
C:\Users\joshr\AppData\Local\Temp\ccU0Bdkv.s:763    .text.HAL_DBGMCU_DisableDBGStopMode:00000000 $t
C:\Users\joshr\AppData\Local\Temp\ccU0Bdkv.s:770    .text.HAL_DBGMCU_DisableDBGStopMode:00000000 HAL_DBGMCU_DisableDBGStopMode
C:\Users\joshr\AppData\Local\Temp\ccU0Bdkv.s:787    .text.HAL_DBGMCU_DisableDBGStopMode:0000000c $d
C:\Users\joshr\AppData\Local\Temp\ccU0Bdkv.s:792    .text.HAL_DBGMCU_EnableDBGStandbyMode:00000000 $t
C:\Users\joshr\AppData\Local\Temp\ccU0Bdkv.s:799    .text.HAL_DBGMCU_EnableDBGStandbyMode:00000000 HAL_DBGMCU_EnableDBGStandbyMode
C:\Users\joshr\AppData\Local\Temp\ccU0Bdkv.s:816    .text.HAL_DBGMCU_EnableDBGStandbyMode:0000000c $d
C:\Users\joshr\AppData\Local\Temp\ccU0Bdkv.s:821    .text.HAL_DBGMCU_DisableDBGStandbyMode:00000000 $t
C:\Users\joshr\AppData\Local\Temp\ccU0Bdkv.s:828    .text.HAL_DBGMCU_DisableDBGStandbyMode:00000000 HAL_DBGMCU_DisableDBGStandbyMode
C:\Users\joshr\AppData\Local\Temp\ccU0Bdkv.s:845    .text.HAL_DBGMCU_DisableDBGStandbyMode:0000000c $d
C:\Users\joshr\AppData\Local\Temp\ccU0Bdkv.s:850    .text.HAL_EnableCompensationCell:00000000 $t
C:\Users\joshr\AppData\Local\Temp\ccU0Bdkv.s:857    .text.HAL_EnableCompensationCell:00000000 HAL_EnableCompensationCell
C:\Users\joshr\AppData\Local\Temp\ccU0Bdkv.s:874    .text.HAL_EnableCompensationCell:0000000c $d
C:\Users\joshr\AppData\Local\Temp\ccU0Bdkv.s:879    .text.HAL_DisableCompensationCell:00000000 $t
C:\Users\joshr\AppData\Local\Temp\ccU0Bdkv.s:886    .text.HAL_DisableCompensationCell:00000000 HAL_DisableCompensationCell
C:\Users\joshr\AppData\Local\Temp\ccU0Bdkv.s:903    .text.HAL_DisableCompensationCell:0000000c $d
C:\Users\joshr\AppData\Local\Temp\ccU0Bdkv.s:908    .text.HAL_GetUIDw0:00000000 $t
C:\Users\joshr\AppData\Local\Temp\ccU0Bdkv.s:915    .text.HAL_GetUIDw0:00000000 HAL_GetUIDw0
C:\Users\joshr\AppData\Local\Temp\ccU0Bdkv.s:931    .text.HAL_GetUIDw0:00000008 $d
C:\Users\joshr\AppData\Local\Temp\ccU0Bdkv.s:936    .text.HAL_GetUIDw1:00000000 $t
C:\Users\joshr\AppData\Local\Temp\ccU0Bdkv.s:943    .text.HAL_GetUIDw1:00000000 HAL_GetUIDw1
C:\Users\joshr\AppData\Local\Temp\ccU0Bdkv.s:959    .text.HAL_GetUIDw1:00000008 $d
C:\Users\joshr\AppData\Local\Temp\ccU0Bdkv.s:964    .text.HAL_GetUIDw2:00000000 $t
C:\Users\joshr\AppData\Local\Temp\ccU0Bdkv.s:971    .text.HAL_GetUIDw2:00000000 HAL_GetUIDw2
C:\Users\joshr\AppData\Local\Temp\ccU0Bdkv.s:987    .text.HAL_GetUIDw2:00000008 $d
C:\Users\joshr\AppData\Local\Temp\ccU0Bdkv.s:999    .data.uwTickPrio:00000000 $d
C:\Users\joshr\AppData\Local\Temp\ccU0Bdkv.s:1006   .bss.uwTick:00000000 $d

UNDEFINED SYMBOLS
HAL_SYSTICK_Config
HAL_NVIC_SetPriority
SystemCoreClock
HAL_NVIC_SetPriorityGrouping
