ARM GAS  C:\Users\joshr\AppData\Local\Temp\ccqXMkG0.s 			page 1


   1              		.cpu cortex-m4
   2              		.arch armv7e-m
   3              		.fpu fpv4-sp-d16
   4              		.eabi_attribute 27, 1
   5              		.eabi_attribute 28, 1
   6              		.eabi_attribute 20, 1
   7              		.eabi_attribute 21, 1
   8              		.eabi_attribute 23, 3
   9              		.eabi_attribute 24, 1
  10              		.eabi_attribute 25, 1
  11              		.eabi_attribute 26, 1
  12              		.eabi_attribute 30, 2
  13              		.eabi_attribute 34, 1
  14              		.eabi_attribute 18, 4
  15              		.file	"stm32f4xx_hal_dma_ex.c"
  16              		.text
  17              	.Ltext0:
  18              		.cfi_sections	.debug_frame
  19              		.file 1 "Drivers/STM32F4xx_HAL_Driver/Src/stm32f4xx_hal_dma_ex.c"
  20              		.section	.text.HAL_DMAEx_MultiBufferStart,"ax",%progbits
  21              		.align	1
  22              		.p2align 2,,3
  23              		.global	HAL_DMAEx_MultiBufferStart
  24              		.syntax unified
  25              		.thumb
  26              		.thumb_func
  28              	HAL_DMAEx_MultiBufferStart:
  29              	.LVL0:
  30              	.LFB134:
   1:Drivers/STM32F4xx_HAL_Driver/Src/stm32f4xx_hal_dma_ex.c **** /**
   2:Drivers/STM32F4xx_HAL_Driver/Src/stm32f4xx_hal_dma_ex.c ****   ******************************************************************************
   3:Drivers/STM32F4xx_HAL_Driver/Src/stm32f4xx_hal_dma_ex.c ****   * @file    stm32f4xx_hal_dma_ex.c
   4:Drivers/STM32F4xx_HAL_Driver/Src/stm32f4xx_hal_dma_ex.c ****   * @author  MCD Application Team
   5:Drivers/STM32F4xx_HAL_Driver/Src/stm32f4xx_hal_dma_ex.c ****   * @brief   DMA Extension HAL module driver
   6:Drivers/STM32F4xx_HAL_Driver/Src/stm32f4xx_hal_dma_ex.c ****   *         This file provides firmware functions to manage the following 
   7:Drivers/STM32F4xx_HAL_Driver/Src/stm32f4xx_hal_dma_ex.c ****   *         functionalities of the DMA Extension peripheral:
   8:Drivers/STM32F4xx_HAL_Driver/Src/stm32f4xx_hal_dma_ex.c ****   *           + Extended features functions
   9:Drivers/STM32F4xx_HAL_Driver/Src/stm32f4xx_hal_dma_ex.c ****   *
  10:Drivers/STM32F4xx_HAL_Driver/Src/stm32f4xx_hal_dma_ex.c ****   @verbatim
  11:Drivers/STM32F4xx_HAL_Driver/Src/stm32f4xx_hal_dma_ex.c ****   ==============================================================================
  12:Drivers/STM32F4xx_HAL_Driver/Src/stm32f4xx_hal_dma_ex.c ****                         ##### How to use this driver #####
  13:Drivers/STM32F4xx_HAL_Driver/Src/stm32f4xx_hal_dma_ex.c ****   ==============================================================================
  14:Drivers/STM32F4xx_HAL_Driver/Src/stm32f4xx_hal_dma_ex.c ****   [..]
  15:Drivers/STM32F4xx_HAL_Driver/Src/stm32f4xx_hal_dma_ex.c ****   The DMA Extension HAL driver can be used as follows:
  16:Drivers/STM32F4xx_HAL_Driver/Src/stm32f4xx_hal_dma_ex.c ****    (#) Start a multi buffer transfer using the HAL_DMA_MultiBufferStart() function
  17:Drivers/STM32F4xx_HAL_Driver/Src/stm32f4xx_hal_dma_ex.c ****        for polling mode or HAL_DMA_MultiBufferStart_IT() for interrupt mode.
  18:Drivers/STM32F4xx_HAL_Driver/Src/stm32f4xx_hal_dma_ex.c ****                    
  19:Drivers/STM32F4xx_HAL_Driver/Src/stm32f4xx_hal_dma_ex.c ****      -@-  In Memory-to-Memory transfer mode, Multi (Double) Buffer mode is not allowed.
  20:Drivers/STM32F4xx_HAL_Driver/Src/stm32f4xx_hal_dma_ex.c ****      -@-  When Multi (Double) Buffer mode is enabled the, transfer is circular by default.
  21:Drivers/STM32F4xx_HAL_Driver/Src/stm32f4xx_hal_dma_ex.c ****      -@-  In Multi (Double) buffer mode, it is possible to update the base address for 
  22:Drivers/STM32F4xx_HAL_Driver/Src/stm32f4xx_hal_dma_ex.c ****           the AHB memory port on the fly (DMA_SxM0AR or DMA_SxM1AR) when the stream is enabled. 
  23:Drivers/STM32F4xx_HAL_Driver/Src/stm32f4xx_hal_dma_ex.c ****   
  24:Drivers/STM32F4xx_HAL_Driver/Src/stm32f4xx_hal_dma_ex.c ****   @endverbatim
  25:Drivers/STM32F4xx_HAL_Driver/Src/stm32f4xx_hal_dma_ex.c ****   ******************************************************************************
  26:Drivers/STM32F4xx_HAL_Driver/Src/stm32f4xx_hal_dma_ex.c ****   * @attention
  27:Drivers/STM32F4xx_HAL_Driver/Src/stm32f4xx_hal_dma_ex.c ****   *
  28:Drivers/STM32F4xx_HAL_Driver/Src/stm32f4xx_hal_dma_ex.c ****   * Copyright (c) 2017 STMicroelectronics.
ARM GAS  C:\Users\joshr\AppData\Local\Temp\ccqXMkG0.s 			page 2


  29:Drivers/STM32F4xx_HAL_Driver/Src/stm32f4xx_hal_dma_ex.c ****   * All rights reserved.
  30:Drivers/STM32F4xx_HAL_Driver/Src/stm32f4xx_hal_dma_ex.c ****   *
  31:Drivers/STM32F4xx_HAL_Driver/Src/stm32f4xx_hal_dma_ex.c ****   * This software is licensed under terms that can be found in the LICENSE file in
  32:Drivers/STM32F4xx_HAL_Driver/Src/stm32f4xx_hal_dma_ex.c ****   * the root directory of this software component.
  33:Drivers/STM32F4xx_HAL_Driver/Src/stm32f4xx_hal_dma_ex.c ****   * If no LICENSE file comes with this software, it is provided AS-IS.
  34:Drivers/STM32F4xx_HAL_Driver/Src/stm32f4xx_hal_dma_ex.c ****   *
  35:Drivers/STM32F4xx_HAL_Driver/Src/stm32f4xx_hal_dma_ex.c ****   ******************************************************************************
  36:Drivers/STM32F4xx_HAL_Driver/Src/stm32f4xx_hal_dma_ex.c ****   */
  37:Drivers/STM32F4xx_HAL_Driver/Src/stm32f4xx_hal_dma_ex.c **** 
  38:Drivers/STM32F4xx_HAL_Driver/Src/stm32f4xx_hal_dma_ex.c **** /* Includes ------------------------------------------------------------------*/
  39:Drivers/STM32F4xx_HAL_Driver/Src/stm32f4xx_hal_dma_ex.c **** #include "stm32f4xx_hal.h"
  40:Drivers/STM32F4xx_HAL_Driver/Src/stm32f4xx_hal_dma_ex.c **** 
  41:Drivers/STM32F4xx_HAL_Driver/Src/stm32f4xx_hal_dma_ex.c **** /** @addtogroup STM32F4xx_HAL_Driver
  42:Drivers/STM32F4xx_HAL_Driver/Src/stm32f4xx_hal_dma_ex.c ****   * @{
  43:Drivers/STM32F4xx_HAL_Driver/Src/stm32f4xx_hal_dma_ex.c ****   */
  44:Drivers/STM32F4xx_HAL_Driver/Src/stm32f4xx_hal_dma_ex.c **** 
  45:Drivers/STM32F4xx_HAL_Driver/Src/stm32f4xx_hal_dma_ex.c **** /** @defgroup DMAEx DMAEx
  46:Drivers/STM32F4xx_HAL_Driver/Src/stm32f4xx_hal_dma_ex.c ****   * @brief DMA Extended HAL module driver
  47:Drivers/STM32F4xx_HAL_Driver/Src/stm32f4xx_hal_dma_ex.c ****   * @{
  48:Drivers/STM32F4xx_HAL_Driver/Src/stm32f4xx_hal_dma_ex.c ****   */
  49:Drivers/STM32F4xx_HAL_Driver/Src/stm32f4xx_hal_dma_ex.c **** 
  50:Drivers/STM32F4xx_HAL_Driver/Src/stm32f4xx_hal_dma_ex.c **** #ifdef HAL_DMA_MODULE_ENABLED
  51:Drivers/STM32F4xx_HAL_Driver/Src/stm32f4xx_hal_dma_ex.c **** 
  52:Drivers/STM32F4xx_HAL_Driver/Src/stm32f4xx_hal_dma_ex.c **** /* Private types -------------------------------------------------------------*/
  53:Drivers/STM32F4xx_HAL_Driver/Src/stm32f4xx_hal_dma_ex.c **** /* Private variables ---------------------------------------------------------*/
  54:Drivers/STM32F4xx_HAL_Driver/Src/stm32f4xx_hal_dma_ex.c **** /* Private Constants ---------------------------------------------------------*/
  55:Drivers/STM32F4xx_HAL_Driver/Src/stm32f4xx_hal_dma_ex.c **** /* Private macros ------------------------------------------------------------*/
  56:Drivers/STM32F4xx_HAL_Driver/Src/stm32f4xx_hal_dma_ex.c **** /* Private functions ---------------------------------------------------------*/
  57:Drivers/STM32F4xx_HAL_Driver/Src/stm32f4xx_hal_dma_ex.c **** /** @addtogroup DMAEx_Private_Functions
  58:Drivers/STM32F4xx_HAL_Driver/Src/stm32f4xx_hal_dma_ex.c ****   * @{
  59:Drivers/STM32F4xx_HAL_Driver/Src/stm32f4xx_hal_dma_ex.c ****   */
  60:Drivers/STM32F4xx_HAL_Driver/Src/stm32f4xx_hal_dma_ex.c **** static void DMA_MultiBufferSetConfig(DMA_HandleTypeDef *hdma, uint32_t SrcAddress, uint32_t DstAddr
  61:Drivers/STM32F4xx_HAL_Driver/Src/stm32f4xx_hal_dma_ex.c **** /**
  62:Drivers/STM32F4xx_HAL_Driver/Src/stm32f4xx_hal_dma_ex.c ****   * @}
  63:Drivers/STM32F4xx_HAL_Driver/Src/stm32f4xx_hal_dma_ex.c ****   */
  64:Drivers/STM32F4xx_HAL_Driver/Src/stm32f4xx_hal_dma_ex.c **** 
  65:Drivers/STM32F4xx_HAL_Driver/Src/stm32f4xx_hal_dma_ex.c **** /* Exported functions ---------------------------------------------------------*/
  66:Drivers/STM32F4xx_HAL_Driver/Src/stm32f4xx_hal_dma_ex.c **** 
  67:Drivers/STM32F4xx_HAL_Driver/Src/stm32f4xx_hal_dma_ex.c **** /** @addtogroup DMAEx_Exported_Functions
  68:Drivers/STM32F4xx_HAL_Driver/Src/stm32f4xx_hal_dma_ex.c ****   * @{
  69:Drivers/STM32F4xx_HAL_Driver/Src/stm32f4xx_hal_dma_ex.c ****   */
  70:Drivers/STM32F4xx_HAL_Driver/Src/stm32f4xx_hal_dma_ex.c **** 
  71:Drivers/STM32F4xx_HAL_Driver/Src/stm32f4xx_hal_dma_ex.c **** 
  72:Drivers/STM32F4xx_HAL_Driver/Src/stm32f4xx_hal_dma_ex.c **** /** @addtogroup DMAEx_Exported_Functions_Group1
  73:Drivers/STM32F4xx_HAL_Driver/Src/stm32f4xx_hal_dma_ex.c ****   *
  74:Drivers/STM32F4xx_HAL_Driver/Src/stm32f4xx_hal_dma_ex.c **** @verbatim   
  75:Drivers/STM32F4xx_HAL_Driver/Src/stm32f4xx_hal_dma_ex.c ****  ===============================================================================
  76:Drivers/STM32F4xx_HAL_Driver/Src/stm32f4xx_hal_dma_ex.c ****                 #####  Extended features functions  #####
  77:Drivers/STM32F4xx_HAL_Driver/Src/stm32f4xx_hal_dma_ex.c ****  ===============================================================================  
  78:Drivers/STM32F4xx_HAL_Driver/Src/stm32f4xx_hal_dma_ex.c ****     [..]  This section provides functions allowing to:
  79:Drivers/STM32F4xx_HAL_Driver/Src/stm32f4xx_hal_dma_ex.c ****       (+) Configure the source, destination address and data length and 
  80:Drivers/STM32F4xx_HAL_Driver/Src/stm32f4xx_hal_dma_ex.c ****           Start MultiBuffer DMA transfer
  81:Drivers/STM32F4xx_HAL_Driver/Src/stm32f4xx_hal_dma_ex.c ****       (+) Configure the source, destination address and data length and 
  82:Drivers/STM32F4xx_HAL_Driver/Src/stm32f4xx_hal_dma_ex.c ****           Start MultiBuffer DMA transfer with interrupt
  83:Drivers/STM32F4xx_HAL_Driver/Src/stm32f4xx_hal_dma_ex.c ****       (+) Change on the fly the memory0 or memory1 address.
  84:Drivers/STM32F4xx_HAL_Driver/Src/stm32f4xx_hal_dma_ex.c ****       
  85:Drivers/STM32F4xx_HAL_Driver/Src/stm32f4xx_hal_dma_ex.c **** @endverbatim
ARM GAS  C:\Users\joshr\AppData\Local\Temp\ccqXMkG0.s 			page 3


  86:Drivers/STM32F4xx_HAL_Driver/Src/stm32f4xx_hal_dma_ex.c ****   * @{
  87:Drivers/STM32F4xx_HAL_Driver/Src/stm32f4xx_hal_dma_ex.c ****   */
  88:Drivers/STM32F4xx_HAL_Driver/Src/stm32f4xx_hal_dma_ex.c **** 
  89:Drivers/STM32F4xx_HAL_Driver/Src/stm32f4xx_hal_dma_ex.c **** 
  90:Drivers/STM32F4xx_HAL_Driver/Src/stm32f4xx_hal_dma_ex.c **** /**
  91:Drivers/STM32F4xx_HAL_Driver/Src/stm32f4xx_hal_dma_ex.c ****   * @brief  Starts the multi_buffer DMA Transfer.
  92:Drivers/STM32F4xx_HAL_Driver/Src/stm32f4xx_hal_dma_ex.c ****   * @param  hdma       pointer to a DMA_HandleTypeDef structure that contains
  93:Drivers/STM32F4xx_HAL_Driver/Src/stm32f4xx_hal_dma_ex.c ****   *                     the configuration information for the specified DMA Stream.  
  94:Drivers/STM32F4xx_HAL_Driver/Src/stm32f4xx_hal_dma_ex.c ****   * @param  SrcAddress The source memory Buffer address
  95:Drivers/STM32F4xx_HAL_Driver/Src/stm32f4xx_hal_dma_ex.c ****   * @param  DstAddress The destination memory Buffer address
  96:Drivers/STM32F4xx_HAL_Driver/Src/stm32f4xx_hal_dma_ex.c ****   * @param  SecondMemAddress The second memory Buffer address in case of multi buffer Transfer  
  97:Drivers/STM32F4xx_HAL_Driver/Src/stm32f4xx_hal_dma_ex.c ****   * @param  DataLength The length of data to be transferred from source to destination
  98:Drivers/STM32F4xx_HAL_Driver/Src/stm32f4xx_hal_dma_ex.c ****   * @retval HAL status
  99:Drivers/STM32F4xx_HAL_Driver/Src/stm32f4xx_hal_dma_ex.c ****   */
 100:Drivers/STM32F4xx_HAL_Driver/Src/stm32f4xx_hal_dma_ex.c **** HAL_StatusTypeDef HAL_DMAEx_MultiBufferStart(DMA_HandleTypeDef *hdma, uint32_t SrcAddress, uint32_t
 101:Drivers/STM32F4xx_HAL_Driver/Src/stm32f4xx_hal_dma_ex.c **** {
  31              		.loc 1 101 1 view -0
  32              		.cfi_startproc
  33              		@ args = 4, pretend = 0, frame = 0
  34              		@ frame_needed = 0, uses_anonymous_args = 0
  35              		@ link register save eliminated.
 102:Drivers/STM32F4xx_HAL_Driver/Src/stm32f4xx_hal_dma_ex.c ****   HAL_StatusTypeDef status = HAL_OK;
  36              		.loc 1 102 3 view .LVU1
 103:Drivers/STM32F4xx_HAL_Driver/Src/stm32f4xx_hal_dma_ex.c ****   
 104:Drivers/STM32F4xx_HAL_Driver/Src/stm32f4xx_hal_dma_ex.c ****   /* Check the parameters */
 105:Drivers/STM32F4xx_HAL_Driver/Src/stm32f4xx_hal_dma_ex.c ****   assert_param(IS_DMA_BUFFER_SIZE(DataLength));
  37              		.loc 1 105 3 view .LVU2
 106:Drivers/STM32F4xx_HAL_Driver/Src/stm32f4xx_hal_dma_ex.c ****   
 107:Drivers/STM32F4xx_HAL_Driver/Src/stm32f4xx_hal_dma_ex.c ****   /* Memory-to-memory transfer not supported in double buffering mode */
 108:Drivers/STM32F4xx_HAL_Driver/Src/stm32f4xx_hal_dma_ex.c ****   if (hdma->Init.Direction == DMA_MEMORY_TO_MEMORY)
  38              		.loc 1 108 3 view .LVU3
 101:Drivers/STM32F4xx_HAL_Driver/Src/stm32f4xx_hal_dma_ex.c ****   HAL_StatusTypeDef status = HAL_OK;
  39              		.loc 1 101 1 is_stmt 0 view .LVU4
  40 0000 30B4     		push	{r4, r5}
  41              	.LCFI0:
  42              		.cfi_def_cfa_offset 8
  43              		.cfi_offset 4, -8
  44              		.cfi_offset 5, -4
  45              		.loc 1 108 17 view .LVU5
  46 0002 8568     		ldr	r5, [r0, #8]
  47              		.loc 1 108 6 view .LVU6
  48 0004 802D     		cmp	r5, #128
  49 0006 27D0     		beq	.L10
 109:Drivers/STM32F4xx_HAL_Driver/Src/stm32f4xx_hal_dma_ex.c ****   {
 110:Drivers/STM32F4xx_HAL_Driver/Src/stm32f4xx_hal_dma_ex.c ****     hdma->ErrorCode = HAL_DMA_ERROR_NOT_SUPPORTED;
 111:Drivers/STM32F4xx_HAL_Driver/Src/stm32f4xx_hal_dma_ex.c ****     status = HAL_ERROR;
 112:Drivers/STM32F4xx_HAL_Driver/Src/stm32f4xx_hal_dma_ex.c ****   }
 113:Drivers/STM32F4xx_HAL_Driver/Src/stm32f4xx_hal_dma_ex.c ****   else
 114:Drivers/STM32F4xx_HAL_Driver/Src/stm32f4xx_hal_dma_ex.c ****   {
 115:Drivers/STM32F4xx_HAL_Driver/Src/stm32f4xx_hal_dma_ex.c ****     /* Process Locked */
 116:Drivers/STM32F4xx_HAL_Driver/Src/stm32f4xx_hal_dma_ex.c ****     __HAL_LOCK(hdma);
  50              		.loc 1 116 5 is_stmt 1 view .LVU7
  51              		.loc 1 116 5 view .LVU8
  52 0008 90F83440 		ldrb	r4, [r0, #52]	@ zero_extendqisi2
  53 000c 012C     		cmp	r4, #1
  54 000e 07D0     		beq	.L5
  55              		.loc 1 116 5 discriminator 2 view .LVU9
ARM GAS  C:\Users\joshr\AppData\Local\Temp\ccqXMkG0.s 			page 4


 117:Drivers/STM32F4xx_HAL_Driver/Src/stm32f4xx_hal_dma_ex.c ****     
 118:Drivers/STM32F4xx_HAL_Driver/Src/stm32f4xx_hal_dma_ex.c ****     if(HAL_DMA_STATE_READY == hdma->State)
  56              		.loc 1 118 35 is_stmt 0 view .LVU10
  57 0010 90F83540 		ldrb	r4, [r0, #53]	@ zero_extendqisi2
 116:Drivers/STM32F4xx_HAL_Driver/Src/stm32f4xx_hal_dma_ex.c ****     
  58              		.loc 1 116 5 discriminator 2 view .LVU11
  59 0014 4FF0010C 		mov	ip, #1
  60              		.loc 1 118 7 view .LVU12
  61 0018 6445     		cmp	r4, ip
 116:Drivers/STM32F4xx_HAL_Driver/Src/stm32f4xx_hal_dma_ex.c ****     
  62              		.loc 1 116 5 discriminator 2 view .LVU13
  63 001a 80F834C0 		strb	ip, [r0, #52]
 116:Drivers/STM32F4xx_HAL_Driver/Src/stm32f4xx_hal_dma_ex.c ****     
  64              		.loc 1 116 5 is_stmt 1 discriminator 2 view .LVU14
  65              		.loc 1 118 5 view .LVU15
  66              		.loc 1 118 7 is_stmt 0 view .LVU16
  67 001e 02D0     		beq	.L11
  68              	.L5:
 116:Drivers/STM32F4xx_HAL_Driver/Src/stm32f4xx_hal_dma_ex.c ****     
  69              		.loc 1 116 5 discriminator 1 view .LVU17
  70 0020 0220     		movs	r0, #2
  71              	.LVL1:
 119:Drivers/STM32F4xx_HAL_Driver/Src/stm32f4xx_hal_dma_ex.c ****     {
 120:Drivers/STM32F4xx_HAL_Driver/Src/stm32f4xx_hal_dma_ex.c ****       /* Change DMA peripheral state */
 121:Drivers/STM32F4xx_HAL_Driver/Src/stm32f4xx_hal_dma_ex.c ****       hdma->State = HAL_DMA_STATE_BUSY; 
 122:Drivers/STM32F4xx_HAL_Driver/Src/stm32f4xx_hal_dma_ex.c ****       
 123:Drivers/STM32F4xx_HAL_Driver/Src/stm32f4xx_hal_dma_ex.c ****       /* Enable the double buffer mode */
 124:Drivers/STM32F4xx_HAL_Driver/Src/stm32f4xx_hal_dma_ex.c ****       hdma->Instance->CR |= (uint32_t)DMA_SxCR_DBM;
 125:Drivers/STM32F4xx_HAL_Driver/Src/stm32f4xx_hal_dma_ex.c ****       
 126:Drivers/STM32F4xx_HAL_Driver/Src/stm32f4xx_hal_dma_ex.c ****       /* Configure DMA Stream destination address */
 127:Drivers/STM32F4xx_HAL_Driver/Src/stm32f4xx_hal_dma_ex.c ****       hdma->Instance->M1AR = SecondMemAddress;
 128:Drivers/STM32F4xx_HAL_Driver/Src/stm32f4xx_hal_dma_ex.c ****       
 129:Drivers/STM32F4xx_HAL_Driver/Src/stm32f4xx_hal_dma_ex.c ****       /* Configure the source, destination address and the data length */
 130:Drivers/STM32F4xx_HAL_Driver/Src/stm32f4xx_hal_dma_ex.c ****       DMA_MultiBufferSetConfig(hdma, SrcAddress, DstAddress, DataLength);
 131:Drivers/STM32F4xx_HAL_Driver/Src/stm32f4xx_hal_dma_ex.c ****       
 132:Drivers/STM32F4xx_HAL_Driver/Src/stm32f4xx_hal_dma_ex.c ****       /* Enable the peripheral */
 133:Drivers/STM32F4xx_HAL_Driver/Src/stm32f4xx_hal_dma_ex.c ****       __HAL_DMA_ENABLE(hdma);
 134:Drivers/STM32F4xx_HAL_Driver/Src/stm32f4xx_hal_dma_ex.c ****     }
 135:Drivers/STM32F4xx_HAL_Driver/Src/stm32f4xx_hal_dma_ex.c ****     else
 136:Drivers/STM32F4xx_HAL_Driver/Src/stm32f4xx_hal_dma_ex.c ****     {
 137:Drivers/STM32F4xx_HAL_Driver/Src/stm32f4xx_hal_dma_ex.c ****       /* Return error status */
 138:Drivers/STM32F4xx_HAL_Driver/Src/stm32f4xx_hal_dma_ex.c ****       status = HAL_BUSY;
 139:Drivers/STM32F4xx_HAL_Driver/Src/stm32f4xx_hal_dma_ex.c ****     }
 140:Drivers/STM32F4xx_HAL_Driver/Src/stm32f4xx_hal_dma_ex.c ****   }
 141:Drivers/STM32F4xx_HAL_Driver/Src/stm32f4xx_hal_dma_ex.c ****   return status;
 142:Drivers/STM32F4xx_HAL_Driver/Src/stm32f4xx_hal_dma_ex.c **** }
  72              		.loc 1 142 1 view .LVU18
  73 0022 30BC     		pop	{r4, r5}
  74              	.LCFI1:
  75              		.cfi_remember_state
  76              		.cfi_restore 5
  77              		.cfi_restore 4
  78              		.cfi_def_cfa_offset 0
  79              	.LVL2:
  80              		.loc 1 142 1 view .LVU19
  81 0024 7047     		bx	lr
  82              	.LVL3:
ARM GAS  C:\Users\joshr\AppData\Local\Temp\ccqXMkG0.s 			page 5


  83              	.L11:
  84              	.LCFI2:
  85              		.cfi_restore_state
 121:Drivers/STM32F4xx_HAL_Driver/Src/stm32f4xx_hal_dma_ex.c ****       
  86              		.loc 1 121 7 is_stmt 1 view .LVU20
 124:Drivers/STM32F4xx_HAL_Driver/Src/stm32f4xx_hal_dma_ex.c ****       
  87              		.loc 1 124 11 is_stmt 0 view .LVU21
  88 0026 0468     		ldr	r4, [r0]
 121:Drivers/STM32F4xx_HAL_Driver/Src/stm32f4xx_hal_dma_ex.c ****       
  89              		.loc 1 121 19 view .LVU22
  90 0028 4FF0020C 		mov	ip, #2
  91 002c 80F835C0 		strb	ip, [r0, #53]
 124:Drivers/STM32F4xx_HAL_Driver/Src/stm32f4xx_hal_dma_ex.c ****       
  92              		.loc 1 124 7 is_stmt 1 view .LVU23
 124:Drivers/STM32F4xx_HAL_Driver/Src/stm32f4xx_hal_dma_ex.c ****       
  93              		.loc 1 124 21 is_stmt 0 view .LVU24
  94 0030 2068     		ldr	r0, [r4]
  95              	.LVL4:
 124:Drivers/STM32F4xx_HAL_Driver/Src/stm32f4xx_hal_dma_ex.c ****       
  96              		.loc 1 124 26 view .LVU25
  97 0032 40F48020 		orr	r0, r0, #262144
  98 0036 2060     		str	r0, [r4]
 127:Drivers/STM32F4xx_HAL_Driver/Src/stm32f4xx_hal_dma_ex.c ****       
  99              		.loc 1 127 7 is_stmt 1 view .LVU26
 100              	.LBB6:
 101              	.LBB7:
 143:Drivers/STM32F4xx_HAL_Driver/Src/stm32f4xx_hal_dma_ex.c **** 
 144:Drivers/STM32F4xx_HAL_Driver/Src/stm32f4xx_hal_dma_ex.c **** /**
 145:Drivers/STM32F4xx_HAL_Driver/Src/stm32f4xx_hal_dma_ex.c ****   * @brief  Starts the multi_buffer DMA Transfer with interrupt enabled.
 146:Drivers/STM32F4xx_HAL_Driver/Src/stm32f4xx_hal_dma_ex.c ****   * @param  hdma       pointer to a DMA_HandleTypeDef structure that contains
 147:Drivers/STM32F4xx_HAL_Driver/Src/stm32f4xx_hal_dma_ex.c ****   *                     the configuration information for the specified DMA Stream.  
 148:Drivers/STM32F4xx_HAL_Driver/Src/stm32f4xx_hal_dma_ex.c ****   * @param  SrcAddress The source memory Buffer address
 149:Drivers/STM32F4xx_HAL_Driver/Src/stm32f4xx_hal_dma_ex.c ****   * @param  DstAddress The destination memory Buffer address
 150:Drivers/STM32F4xx_HAL_Driver/Src/stm32f4xx_hal_dma_ex.c ****   * @param  SecondMemAddress The second memory Buffer address in case of multi buffer Transfer  
 151:Drivers/STM32F4xx_HAL_Driver/Src/stm32f4xx_hal_dma_ex.c ****   * @param  DataLength The length of data to be transferred from source to destination
 152:Drivers/STM32F4xx_HAL_Driver/Src/stm32f4xx_hal_dma_ex.c ****   * @retval HAL status
 153:Drivers/STM32F4xx_HAL_Driver/Src/stm32f4xx_hal_dma_ex.c ****   */
 154:Drivers/STM32F4xx_HAL_Driver/Src/stm32f4xx_hal_dma_ex.c **** HAL_StatusTypeDef HAL_DMAEx_MultiBufferStart_IT(DMA_HandleTypeDef *hdma, uint32_t SrcAddress, uint3
 155:Drivers/STM32F4xx_HAL_Driver/Src/stm32f4xx_hal_dma_ex.c **** {
 156:Drivers/STM32F4xx_HAL_Driver/Src/stm32f4xx_hal_dma_ex.c ****   HAL_StatusTypeDef status = HAL_OK;
 157:Drivers/STM32F4xx_HAL_Driver/Src/stm32f4xx_hal_dma_ex.c ****   
 158:Drivers/STM32F4xx_HAL_Driver/Src/stm32f4xx_hal_dma_ex.c ****   /* Check the parameters */
 159:Drivers/STM32F4xx_HAL_Driver/Src/stm32f4xx_hal_dma_ex.c ****   assert_param(IS_DMA_BUFFER_SIZE(DataLength));
 160:Drivers/STM32F4xx_HAL_Driver/Src/stm32f4xx_hal_dma_ex.c ****   
 161:Drivers/STM32F4xx_HAL_Driver/Src/stm32f4xx_hal_dma_ex.c ****   /* Memory-to-memory transfer not supported in double buffering mode */
 162:Drivers/STM32F4xx_HAL_Driver/Src/stm32f4xx_hal_dma_ex.c ****   if (hdma->Init.Direction == DMA_MEMORY_TO_MEMORY)
 163:Drivers/STM32F4xx_HAL_Driver/Src/stm32f4xx_hal_dma_ex.c ****   {
 164:Drivers/STM32F4xx_HAL_Driver/Src/stm32f4xx_hal_dma_ex.c ****     hdma->ErrorCode = HAL_DMA_ERROR_NOT_SUPPORTED;
 165:Drivers/STM32F4xx_HAL_Driver/Src/stm32f4xx_hal_dma_ex.c ****     return HAL_ERROR;
 166:Drivers/STM32F4xx_HAL_Driver/Src/stm32f4xx_hal_dma_ex.c ****   }
 167:Drivers/STM32F4xx_HAL_Driver/Src/stm32f4xx_hal_dma_ex.c ****   
 168:Drivers/STM32F4xx_HAL_Driver/Src/stm32f4xx_hal_dma_ex.c ****   /* Check callback functions */
 169:Drivers/STM32F4xx_HAL_Driver/Src/stm32f4xx_hal_dma_ex.c ****   if ((NULL == hdma->XferCpltCallback) || (NULL == hdma->XferM1CpltCallback) || (NULL == hdma->Xfer
 170:Drivers/STM32F4xx_HAL_Driver/Src/stm32f4xx_hal_dma_ex.c ****   {
 171:Drivers/STM32F4xx_HAL_Driver/Src/stm32f4xx_hal_dma_ex.c ****     hdma->ErrorCode = HAL_DMA_ERROR_PARAM;
 172:Drivers/STM32F4xx_HAL_Driver/Src/stm32f4xx_hal_dma_ex.c ****     return HAL_ERROR;
 173:Drivers/STM32F4xx_HAL_Driver/Src/stm32f4xx_hal_dma_ex.c ****   }
ARM GAS  C:\Users\joshr\AppData\Local\Temp\ccqXMkG0.s 			page 6


 174:Drivers/STM32F4xx_HAL_Driver/Src/stm32f4xx_hal_dma_ex.c ****   
 175:Drivers/STM32F4xx_HAL_Driver/Src/stm32f4xx_hal_dma_ex.c ****   /* Process locked */
 176:Drivers/STM32F4xx_HAL_Driver/Src/stm32f4xx_hal_dma_ex.c ****   __HAL_LOCK(hdma);
 177:Drivers/STM32F4xx_HAL_Driver/Src/stm32f4xx_hal_dma_ex.c ****   
 178:Drivers/STM32F4xx_HAL_Driver/Src/stm32f4xx_hal_dma_ex.c ****   if(HAL_DMA_STATE_READY == hdma->State)
 179:Drivers/STM32F4xx_HAL_Driver/Src/stm32f4xx_hal_dma_ex.c ****   {
 180:Drivers/STM32F4xx_HAL_Driver/Src/stm32f4xx_hal_dma_ex.c ****     /* Change DMA peripheral state */
 181:Drivers/STM32F4xx_HAL_Driver/Src/stm32f4xx_hal_dma_ex.c ****     hdma->State = HAL_DMA_STATE_BUSY;
 182:Drivers/STM32F4xx_HAL_Driver/Src/stm32f4xx_hal_dma_ex.c ****     
 183:Drivers/STM32F4xx_HAL_Driver/Src/stm32f4xx_hal_dma_ex.c ****     /* Initialize the error code */
 184:Drivers/STM32F4xx_HAL_Driver/Src/stm32f4xx_hal_dma_ex.c ****     hdma->ErrorCode = HAL_DMA_ERROR_NONE;
 185:Drivers/STM32F4xx_HAL_Driver/Src/stm32f4xx_hal_dma_ex.c ****     
 186:Drivers/STM32F4xx_HAL_Driver/Src/stm32f4xx_hal_dma_ex.c ****     /* Enable the Double buffer mode */
 187:Drivers/STM32F4xx_HAL_Driver/Src/stm32f4xx_hal_dma_ex.c ****     hdma->Instance->CR |= (uint32_t)DMA_SxCR_DBM;
 188:Drivers/STM32F4xx_HAL_Driver/Src/stm32f4xx_hal_dma_ex.c ****     
 189:Drivers/STM32F4xx_HAL_Driver/Src/stm32f4xx_hal_dma_ex.c ****     /* Configure DMA Stream destination address */
 190:Drivers/STM32F4xx_HAL_Driver/Src/stm32f4xx_hal_dma_ex.c ****     hdma->Instance->M1AR = SecondMemAddress;
 191:Drivers/STM32F4xx_HAL_Driver/Src/stm32f4xx_hal_dma_ex.c ****     
 192:Drivers/STM32F4xx_HAL_Driver/Src/stm32f4xx_hal_dma_ex.c ****     /* Configure the source, destination address and the data length */
 193:Drivers/STM32F4xx_HAL_Driver/Src/stm32f4xx_hal_dma_ex.c ****     DMA_MultiBufferSetConfig(hdma, SrcAddress, DstAddress, DataLength); 
 194:Drivers/STM32F4xx_HAL_Driver/Src/stm32f4xx_hal_dma_ex.c ****     
 195:Drivers/STM32F4xx_HAL_Driver/Src/stm32f4xx_hal_dma_ex.c ****     /* Clear all flags */
 196:Drivers/STM32F4xx_HAL_Driver/Src/stm32f4xx_hal_dma_ex.c ****     __HAL_DMA_CLEAR_FLAG (hdma, __HAL_DMA_GET_TC_FLAG_INDEX(hdma));
 197:Drivers/STM32F4xx_HAL_Driver/Src/stm32f4xx_hal_dma_ex.c ****     __HAL_DMA_CLEAR_FLAG (hdma, __HAL_DMA_GET_HT_FLAG_INDEX(hdma));
 198:Drivers/STM32F4xx_HAL_Driver/Src/stm32f4xx_hal_dma_ex.c ****     __HAL_DMA_CLEAR_FLAG (hdma, __HAL_DMA_GET_TE_FLAG_INDEX(hdma));
 199:Drivers/STM32F4xx_HAL_Driver/Src/stm32f4xx_hal_dma_ex.c ****     __HAL_DMA_CLEAR_FLAG (hdma, __HAL_DMA_GET_DME_FLAG_INDEX(hdma));
 200:Drivers/STM32F4xx_HAL_Driver/Src/stm32f4xx_hal_dma_ex.c ****     __HAL_DMA_CLEAR_FLAG (hdma, __HAL_DMA_GET_FE_FLAG_INDEX(hdma));
 201:Drivers/STM32F4xx_HAL_Driver/Src/stm32f4xx_hal_dma_ex.c **** 
 202:Drivers/STM32F4xx_HAL_Driver/Src/stm32f4xx_hal_dma_ex.c ****     /* Enable Common interrupts*/
 203:Drivers/STM32F4xx_HAL_Driver/Src/stm32f4xx_hal_dma_ex.c ****     hdma->Instance->CR  |= DMA_IT_TC | DMA_IT_TE | DMA_IT_DME;
 204:Drivers/STM32F4xx_HAL_Driver/Src/stm32f4xx_hal_dma_ex.c ****     hdma->Instance->FCR |= DMA_IT_FE;
 205:Drivers/STM32F4xx_HAL_Driver/Src/stm32f4xx_hal_dma_ex.c ****     
 206:Drivers/STM32F4xx_HAL_Driver/Src/stm32f4xx_hal_dma_ex.c ****     if((hdma->XferHalfCpltCallback != NULL) || (hdma->XferM1HalfCpltCallback != NULL))
 207:Drivers/STM32F4xx_HAL_Driver/Src/stm32f4xx_hal_dma_ex.c ****     {
 208:Drivers/STM32F4xx_HAL_Driver/Src/stm32f4xx_hal_dma_ex.c ****       hdma->Instance->CR  |= DMA_IT_HT;
 209:Drivers/STM32F4xx_HAL_Driver/Src/stm32f4xx_hal_dma_ex.c ****     }
 210:Drivers/STM32F4xx_HAL_Driver/Src/stm32f4xx_hal_dma_ex.c ****     
 211:Drivers/STM32F4xx_HAL_Driver/Src/stm32f4xx_hal_dma_ex.c ****     /* Enable the peripheral */
 212:Drivers/STM32F4xx_HAL_Driver/Src/stm32f4xx_hal_dma_ex.c ****     __HAL_DMA_ENABLE(hdma); 
 213:Drivers/STM32F4xx_HAL_Driver/Src/stm32f4xx_hal_dma_ex.c ****   }
 214:Drivers/STM32F4xx_HAL_Driver/Src/stm32f4xx_hal_dma_ex.c ****   else
 215:Drivers/STM32F4xx_HAL_Driver/Src/stm32f4xx_hal_dma_ex.c ****   {     
 216:Drivers/STM32F4xx_HAL_Driver/Src/stm32f4xx_hal_dma_ex.c ****     /* Process unlocked */
 217:Drivers/STM32F4xx_HAL_Driver/Src/stm32f4xx_hal_dma_ex.c ****     __HAL_UNLOCK(hdma);	  
 218:Drivers/STM32F4xx_HAL_Driver/Src/stm32f4xx_hal_dma_ex.c ****     
 219:Drivers/STM32F4xx_HAL_Driver/Src/stm32f4xx_hal_dma_ex.c ****     /* Return error status */
 220:Drivers/STM32F4xx_HAL_Driver/Src/stm32f4xx_hal_dma_ex.c ****     status = HAL_BUSY;
 221:Drivers/STM32F4xx_HAL_Driver/Src/stm32f4xx_hal_dma_ex.c ****   }  
 222:Drivers/STM32F4xx_HAL_Driver/Src/stm32f4xx_hal_dma_ex.c ****   return status; 
 223:Drivers/STM32F4xx_HAL_Driver/Src/stm32f4xx_hal_dma_ex.c **** }
 224:Drivers/STM32F4xx_HAL_Driver/Src/stm32f4xx_hal_dma_ex.c **** 
 225:Drivers/STM32F4xx_HAL_Driver/Src/stm32f4xx_hal_dma_ex.c **** /**
 226:Drivers/STM32F4xx_HAL_Driver/Src/stm32f4xx_hal_dma_ex.c ****   * @brief  Change the memory0 or memory1 address on the fly.
 227:Drivers/STM32F4xx_HAL_Driver/Src/stm32f4xx_hal_dma_ex.c ****   * @param  hdma       pointer to a DMA_HandleTypeDef structure that contains
 228:Drivers/STM32F4xx_HAL_Driver/Src/stm32f4xx_hal_dma_ex.c ****   *                     the configuration information for the specified DMA Stream.  
 229:Drivers/STM32F4xx_HAL_Driver/Src/stm32f4xx_hal_dma_ex.c ****   * @param  Address    The new address
 230:Drivers/STM32F4xx_HAL_Driver/Src/stm32f4xx_hal_dma_ex.c ****   * @param  memory     the memory to be changed, This parameter can be one of 
ARM GAS  C:\Users\joshr\AppData\Local\Temp\ccqXMkG0.s 			page 7


 231:Drivers/STM32F4xx_HAL_Driver/Src/stm32f4xx_hal_dma_ex.c ****   *                     the following values:
 232:Drivers/STM32F4xx_HAL_Driver/Src/stm32f4xx_hal_dma_ex.c ****   *                      MEMORY0 /
 233:Drivers/STM32F4xx_HAL_Driver/Src/stm32f4xx_hal_dma_ex.c ****   *                      MEMORY1
 234:Drivers/STM32F4xx_HAL_Driver/Src/stm32f4xx_hal_dma_ex.c ****   * @note   The MEMORY0 address can be changed only when the current transfer use
 235:Drivers/STM32F4xx_HAL_Driver/Src/stm32f4xx_hal_dma_ex.c ****   *         MEMORY1 and the MEMORY1 address can be changed only when the current 
 236:Drivers/STM32F4xx_HAL_Driver/Src/stm32f4xx_hal_dma_ex.c ****   *         transfer use MEMORY0.
 237:Drivers/STM32F4xx_HAL_Driver/Src/stm32f4xx_hal_dma_ex.c ****   * @retval HAL status
 238:Drivers/STM32F4xx_HAL_Driver/Src/stm32f4xx_hal_dma_ex.c ****   */
 239:Drivers/STM32F4xx_HAL_Driver/Src/stm32f4xx_hal_dma_ex.c **** HAL_StatusTypeDef HAL_DMAEx_ChangeMemory(DMA_HandleTypeDef *hdma, uint32_t Address, HAL_DMA_MemoryT
 240:Drivers/STM32F4xx_HAL_Driver/Src/stm32f4xx_hal_dma_ex.c **** {
 241:Drivers/STM32F4xx_HAL_Driver/Src/stm32f4xx_hal_dma_ex.c ****   if(memory == MEMORY0)
 242:Drivers/STM32F4xx_HAL_Driver/Src/stm32f4xx_hal_dma_ex.c ****   {
 243:Drivers/STM32F4xx_HAL_Driver/Src/stm32f4xx_hal_dma_ex.c ****     /* change the memory0 address */
 244:Drivers/STM32F4xx_HAL_Driver/Src/stm32f4xx_hal_dma_ex.c ****     hdma->Instance->M0AR = Address;
 245:Drivers/STM32F4xx_HAL_Driver/Src/stm32f4xx_hal_dma_ex.c ****   }
 246:Drivers/STM32F4xx_HAL_Driver/Src/stm32f4xx_hal_dma_ex.c ****   else
 247:Drivers/STM32F4xx_HAL_Driver/Src/stm32f4xx_hal_dma_ex.c ****   {
 248:Drivers/STM32F4xx_HAL_Driver/Src/stm32f4xx_hal_dma_ex.c ****     /* change the memory1 address */
 249:Drivers/STM32F4xx_HAL_Driver/Src/stm32f4xx_hal_dma_ex.c ****     hdma->Instance->M1AR = Address;
 250:Drivers/STM32F4xx_HAL_Driver/Src/stm32f4xx_hal_dma_ex.c ****   }
 251:Drivers/STM32F4xx_HAL_Driver/Src/stm32f4xx_hal_dma_ex.c **** 
 252:Drivers/STM32F4xx_HAL_Driver/Src/stm32f4xx_hal_dma_ex.c ****   return HAL_OK;
 253:Drivers/STM32F4xx_HAL_Driver/Src/stm32f4xx_hal_dma_ex.c **** }
 254:Drivers/STM32F4xx_HAL_Driver/Src/stm32f4xx_hal_dma_ex.c **** 
 255:Drivers/STM32F4xx_HAL_Driver/Src/stm32f4xx_hal_dma_ex.c **** /**
 256:Drivers/STM32F4xx_HAL_Driver/Src/stm32f4xx_hal_dma_ex.c ****   * @}
 257:Drivers/STM32F4xx_HAL_Driver/Src/stm32f4xx_hal_dma_ex.c ****   */
 258:Drivers/STM32F4xx_HAL_Driver/Src/stm32f4xx_hal_dma_ex.c **** 
 259:Drivers/STM32F4xx_HAL_Driver/Src/stm32f4xx_hal_dma_ex.c **** /**
 260:Drivers/STM32F4xx_HAL_Driver/Src/stm32f4xx_hal_dma_ex.c ****   * @}
 261:Drivers/STM32F4xx_HAL_Driver/Src/stm32f4xx_hal_dma_ex.c ****   */
 262:Drivers/STM32F4xx_HAL_Driver/Src/stm32f4xx_hal_dma_ex.c **** 
 263:Drivers/STM32F4xx_HAL_Driver/Src/stm32f4xx_hal_dma_ex.c **** /** @addtogroup DMAEx_Private_Functions
 264:Drivers/STM32F4xx_HAL_Driver/Src/stm32f4xx_hal_dma_ex.c ****   * @{
 265:Drivers/STM32F4xx_HAL_Driver/Src/stm32f4xx_hal_dma_ex.c ****   */
 266:Drivers/STM32F4xx_HAL_Driver/Src/stm32f4xx_hal_dma_ex.c **** 
 267:Drivers/STM32F4xx_HAL_Driver/Src/stm32f4xx_hal_dma_ex.c **** /**
 268:Drivers/STM32F4xx_HAL_Driver/Src/stm32f4xx_hal_dma_ex.c ****   * @brief  Set the DMA Transfer parameter.
 269:Drivers/STM32F4xx_HAL_Driver/Src/stm32f4xx_hal_dma_ex.c ****   * @param  hdma       pointer to a DMA_HandleTypeDef structure that contains
 270:Drivers/STM32F4xx_HAL_Driver/Src/stm32f4xx_hal_dma_ex.c ****   *                     the configuration information for the specified DMA Stream.  
 271:Drivers/STM32F4xx_HAL_Driver/Src/stm32f4xx_hal_dma_ex.c ****   * @param  SrcAddress The source memory Buffer address
 272:Drivers/STM32F4xx_HAL_Driver/Src/stm32f4xx_hal_dma_ex.c ****   * @param  DstAddress The destination memory Buffer address
 273:Drivers/STM32F4xx_HAL_Driver/Src/stm32f4xx_hal_dma_ex.c ****   * @param  DataLength The length of data to be transferred from source to destination
 274:Drivers/STM32F4xx_HAL_Driver/Src/stm32f4xx_hal_dma_ex.c ****   * @retval HAL status
 275:Drivers/STM32F4xx_HAL_Driver/Src/stm32f4xx_hal_dma_ex.c ****   */
 276:Drivers/STM32F4xx_HAL_Driver/Src/stm32f4xx_hal_dma_ex.c **** static void DMA_MultiBufferSetConfig(DMA_HandleTypeDef *hdma, uint32_t SrcAddress, uint32_t DstAddr
 277:Drivers/STM32F4xx_HAL_Driver/Src/stm32f4xx_hal_dma_ex.c **** {  
 278:Drivers/STM32F4xx_HAL_Driver/Src/stm32f4xx_hal_dma_ex.c ****   /* Configure DMA Stream data length */
 279:Drivers/STM32F4xx_HAL_Driver/Src/stm32f4xx_hal_dma_ex.c ****   hdma->Instance->NDTR = DataLength;
 280:Drivers/STM32F4xx_HAL_Driver/Src/stm32f4xx_hal_dma_ex.c ****   
 281:Drivers/STM32F4xx_HAL_Driver/Src/stm32f4xx_hal_dma_ex.c ****   /* Peripheral to Memory */
 282:Drivers/STM32F4xx_HAL_Driver/Src/stm32f4xx_hal_dma_ex.c ****   if((hdma->Init.Direction) == DMA_MEMORY_TO_PERIPH)
 102              		.loc 1 282 5 is_stmt 0 view .LVU27
 103 0038 402D     		cmp	r5, #64
 104              	.LBE7:
 105              	.LBE6:
 127:Drivers/STM32F4xx_HAL_Driver/Src/stm32f4xx_hal_dma_ex.c ****       
ARM GAS  C:\Users\joshr\AppData\Local\Temp\ccqXMkG0.s 			page 8


 106              		.loc 1 127 28 view .LVU28
 107 003a 2361     		str	r3, [r4, #16]
 130:Drivers/STM32F4xx_HAL_Driver/Src/stm32f4xx_hal_dma_ex.c ****       
 108              		.loc 1 130 7 is_stmt 1 view .LVU29
 109              	.LVL5:
 110              	.LBB9:
 111              	.LBI6:
 276:Drivers/STM32F4xx_HAL_Driver/Src/stm32f4xx_hal_dma_ex.c **** {  
 112              		.loc 1 276 13 view .LVU30
 113              	.LBB8:
 279:Drivers/STM32F4xx_HAL_Driver/Src/stm32f4xx_hal_dma_ex.c ****   
 114              		.loc 1 279 3 view .LVU31
 279:Drivers/STM32F4xx_HAL_Driver/Src/stm32f4xx_hal_dma_ex.c ****   
 115              		.loc 1 279 24 is_stmt 0 view .LVU32
 116 003c 029B     		ldr	r3, [sp, #8]
 117              	.LVL6:
 279:Drivers/STM32F4xx_HAL_Driver/Src/stm32f4xx_hal_dma_ex.c ****   
 118              		.loc 1 279 24 view .LVU33
 119 003e 6360     		str	r3, [r4, #4]
 120              	.LVL7:
 121              		.loc 1 282 3 is_stmt 1 view .LVU34
 283:Drivers/STM32F4xx_HAL_Driver/Src/stm32f4xx_hal_dma_ex.c ****   {   
 284:Drivers/STM32F4xx_HAL_Driver/Src/stm32f4xx_hal_dma_ex.c ****     /* Configure DMA Stream destination address */
 285:Drivers/STM32F4xx_HAL_Driver/Src/stm32f4xx_hal_dma_ex.c ****     hdma->Instance->PAR = DstAddress;
 122              		.loc 1 285 5 view .LVU35
 123              		.loc 1 285 25 is_stmt 0 view .LVU36
 124 0040 0BBF     		itete	eq
 125 0042 A260     		streq	r2, [r4, #8]
 286:Drivers/STM32F4xx_HAL_Driver/Src/stm32f4xx_hal_dma_ex.c ****     
 287:Drivers/STM32F4xx_HAL_Driver/Src/stm32f4xx_hal_dma_ex.c ****     /* Configure DMA Stream source address */
 288:Drivers/STM32F4xx_HAL_Driver/Src/stm32f4xx_hal_dma_ex.c ****     hdma->Instance->M0AR = SrcAddress;
 126              		.loc 1 288 5 is_stmt 1 view .LVU37
 289:Drivers/STM32F4xx_HAL_Driver/Src/stm32f4xx_hal_dma_ex.c ****   }
 290:Drivers/STM32F4xx_HAL_Driver/Src/stm32f4xx_hal_dma_ex.c ****   /* Memory to Peripheral */
 291:Drivers/STM32F4xx_HAL_Driver/Src/stm32f4xx_hal_dma_ex.c ****   else
 292:Drivers/STM32F4xx_HAL_Driver/Src/stm32f4xx_hal_dma_ex.c ****   {
 293:Drivers/STM32F4xx_HAL_Driver/Src/stm32f4xx_hal_dma_ex.c ****     /* Configure DMA Stream source address */
 294:Drivers/STM32F4xx_HAL_Driver/Src/stm32f4xx_hal_dma_ex.c ****     hdma->Instance->PAR = SrcAddress;
 127              		.loc 1 294 25 is_stmt 0 view .LVU38
 128 0044 A160     		strne	r1, [r4, #8]
 288:Drivers/STM32F4xx_HAL_Driver/Src/stm32f4xx_hal_dma_ex.c ****   }
 129              		.loc 1 288 26 view .LVU39
 130 0046 E160     		streq	r1, [r4, #12]
 131              		.loc 1 294 5 is_stmt 1 view .LVU40
 295:Drivers/STM32F4xx_HAL_Driver/Src/stm32f4xx_hal_dma_ex.c ****     
 296:Drivers/STM32F4xx_HAL_Driver/Src/stm32f4xx_hal_dma_ex.c ****     /* Configure DMA Stream destination address */
 297:Drivers/STM32F4xx_HAL_Driver/Src/stm32f4xx_hal_dma_ex.c ****     hdma->Instance->M0AR = DstAddress;
 132              		.loc 1 297 5 view .LVU41
 133              		.loc 1 297 26 is_stmt 0 view .LVU42
 134 0048 E260     		strne	r2, [r4, #12]
 135              	.LVL8:
 136              		.loc 1 297 26 view .LVU43
 137              	.LBE8:
 138              	.LBE9:
 133:Drivers/STM32F4xx_HAL_Driver/Src/stm32f4xx_hal_dma_ex.c ****     }
 139              		.loc 1 133 7 is_stmt 1 view .LVU44
 140 004a 2368     		ldr	r3, [r4]
ARM GAS  C:\Users\joshr\AppData\Local\Temp\ccqXMkG0.s 			page 9


 141 004c 43F00103 		orr	r3, r3, #1
 102:Drivers/STM32F4xx_HAL_Driver/Src/stm32f4xx_hal_dma_ex.c ****   
 142              		.loc 1 102 21 is_stmt 0 view .LVU45
 143 0050 0020     		movs	r0, #0
 133:Drivers/STM32F4xx_HAL_Driver/Src/stm32f4xx_hal_dma_ex.c ****     }
 144              		.loc 1 133 7 view .LVU46
 145 0052 2360     		str	r3, [r4]
 146              	.LVL9:
 142:Drivers/STM32F4xx_HAL_Driver/Src/stm32f4xx_hal_dma_ex.c **** 
 147              		.loc 1 142 1 view .LVU47
 148 0054 30BC     		pop	{r4, r5}
 149              	.LCFI3:
 150              		.cfi_remember_state
 151              		.cfi_restore 5
 152              		.cfi_restore 4
 153              		.cfi_def_cfa_offset 0
 154              	.LVL10:
 142:Drivers/STM32F4xx_HAL_Driver/Src/stm32f4xx_hal_dma_ex.c **** 
 155              		.loc 1 142 1 view .LVU48
 156 0056 7047     		bx	lr
 157              	.LVL11:
 158              	.L10:
 159              	.LCFI4:
 160              		.cfi_restore_state
 110:Drivers/STM32F4xx_HAL_Driver/Src/stm32f4xx_hal_dma_ex.c ****     status = HAL_ERROR;
 161              		.loc 1 110 5 is_stmt 1 view .LVU49
 110:Drivers/STM32F4xx_HAL_Driver/Src/stm32f4xx_hal_dma_ex.c ****     status = HAL_ERROR;
 162              		.loc 1 110 21 is_stmt 0 view .LVU50
 163 0058 4FF48073 		mov	r3, #256
 164              	.LVL12:
 110:Drivers/STM32F4xx_HAL_Driver/Src/stm32f4xx_hal_dma_ex.c ****     status = HAL_ERROR;
 165              		.loc 1 110 21 view .LVU51
 166 005c 4365     		str	r3, [r0, #84]
 111:Drivers/STM32F4xx_HAL_Driver/Src/stm32f4xx_hal_dma_ex.c ****   }
 167              		.loc 1 111 5 is_stmt 1 view .LVU52
 168              	.LVL13:
 142:Drivers/STM32F4xx_HAL_Driver/Src/stm32f4xx_hal_dma_ex.c **** 
 169              		.loc 1 142 1 is_stmt 0 view .LVU53
 170 005e 30BC     		pop	{r4, r5}
 171              	.LCFI5:
 172              		.cfi_restore 5
 173              		.cfi_restore 4
 174              		.cfi_def_cfa_offset 0
 175              	.LVL14:
 111:Drivers/STM32F4xx_HAL_Driver/Src/stm32f4xx_hal_dma_ex.c ****   }
 176              		.loc 1 111 12 view .LVU54
 177 0060 0120     		movs	r0, #1
 178              	.LVL15:
 142:Drivers/STM32F4xx_HAL_Driver/Src/stm32f4xx_hal_dma_ex.c **** 
 179              		.loc 1 142 1 view .LVU55
 180 0062 7047     		bx	lr
 181              		.cfi_endproc
 182              	.LFE134:
 184              		.section	.text.HAL_DMAEx_MultiBufferStart_IT,"ax",%progbits
 185              		.align	1
 186              		.p2align 2,,3
 187              		.global	HAL_DMAEx_MultiBufferStart_IT
ARM GAS  C:\Users\joshr\AppData\Local\Temp\ccqXMkG0.s 			page 10


 188              		.syntax unified
 189              		.thumb
 190              		.thumb_func
 192              	HAL_DMAEx_MultiBufferStart_IT:
 193              	.LVL16:
 194              	.LFB135:
 155:Drivers/STM32F4xx_HAL_Driver/Src/stm32f4xx_hal_dma_ex.c ****   HAL_StatusTypeDef status = HAL_OK;
 195              		.loc 1 155 1 is_stmt 1 view -0
 196              		.cfi_startproc
 197              		@ args = 4, pretend = 0, frame = 0
 198              		@ frame_needed = 0, uses_anonymous_args = 0
 199              		@ link register save eliminated.
 156:Drivers/STM32F4xx_HAL_Driver/Src/stm32f4xx_hal_dma_ex.c ****   
 200              		.loc 1 156 3 view .LVU57
 159:Drivers/STM32F4xx_HAL_Driver/Src/stm32f4xx_hal_dma_ex.c ****   
 201              		.loc 1 159 3 view .LVU58
 162:Drivers/STM32F4xx_HAL_Driver/Src/stm32f4xx_hal_dma_ex.c ****   {
 202              		.loc 1 162 3 view .LVU59
 155:Drivers/STM32F4xx_HAL_Driver/Src/stm32f4xx_hal_dma_ex.c ****   HAL_StatusTypeDef status = HAL_OK;
 203              		.loc 1 155 1 is_stmt 0 view .LVU60
 204 0000 70B4     		push	{r4, r5, r6}
 205              	.LCFI6:
 206              		.cfi_def_cfa_offset 12
 207              		.cfi_offset 4, -12
 208              		.cfi_offset 5, -8
 209              		.cfi_offset 6, -4
 162:Drivers/STM32F4xx_HAL_Driver/Src/stm32f4xx_hal_dma_ex.c ****   {
 210              		.loc 1 162 17 view .LVU61
 211 0002 8568     		ldr	r5, [r0, #8]
 162:Drivers/STM32F4xx_HAL_Driver/Src/stm32f4xx_hal_dma_ex.c ****   {
 212              		.loc 1 162 6 view .LVU62
 213 0004 802D     		cmp	r5, #128
 214 0006 1CD0     		beq	.L57
 169:Drivers/STM32F4xx_HAL_Driver/Src/stm32f4xx_hal_dma_ex.c ****   {
 215              		.loc 1 169 3 is_stmt 1 view .LVU63
 169:Drivers/STM32F4xx_HAL_Driver/Src/stm32f4xx_hal_dma_ex.c ****   {
 216              		.loc 1 169 6 is_stmt 0 view .LVU64
 217 0008 C46B     		ldr	r4, [r0, #60]
 218 000a ACB1     		cbz	r4, .L15
 169:Drivers/STM32F4xx_HAL_Driver/Src/stm32f4xx_hal_dma_ex.c ****   {
 219              		.loc 1 169 40 discriminator 1 view .LVU65
 220 000c 446C     		ldr	r4, [r0, #68]
 221 000e 9CB1     		cbz	r4, .L15
 169:Drivers/STM32F4xx_HAL_Driver/Src/stm32f4xx_hal_dma_ex.c ****   {
 222              		.loc 1 169 78 discriminator 2 view .LVU66
 223 0010 C46C     		ldr	r4, [r0, #76]
 224 0012 8CB1     		cbz	r4, .L15
 176:Drivers/STM32F4xx_HAL_Driver/Src/stm32f4xx_hal_dma_ex.c ****   
 225              		.loc 1 176 3 is_stmt 1 view .LVU67
 176:Drivers/STM32F4xx_HAL_Driver/Src/stm32f4xx_hal_dma_ex.c ****   
 226              		.loc 1 176 3 view .LVU68
 227 0014 90F83440 		ldrb	r4, [r0, #52]	@ zero_extendqisi2
 228 0018 012C     		cmp	r4, #1
 229 001a 0AD0     		beq	.L18
 176:Drivers/STM32F4xx_HAL_Driver/Src/stm32f4xx_hal_dma_ex.c ****   
 230              		.loc 1 176 3 discriminator 2 view .LVU69
 178:Drivers/STM32F4xx_HAL_Driver/Src/stm32f4xx_hal_dma_ex.c ****   {
ARM GAS  C:\Users\joshr\AppData\Local\Temp\ccqXMkG0.s 			page 11


 231              		.loc 1 178 33 is_stmt 0 view .LVU70
 232 001c 90F83540 		ldrb	r4, [r0, #53]	@ zero_extendqisi2
 176:Drivers/STM32F4xx_HAL_Driver/Src/stm32f4xx_hal_dma_ex.c ****   
 233              		.loc 1 176 3 discriminator 2 view .LVU71
 234 0020 4FF0010C 		mov	ip, #1
 178:Drivers/STM32F4xx_HAL_Driver/Src/stm32f4xx_hal_dma_ex.c ****   {
 235              		.loc 1 178 5 view .LVU72
 236 0024 6445     		cmp	r4, ip
 176:Drivers/STM32F4xx_HAL_Driver/Src/stm32f4xx_hal_dma_ex.c ****   
 237              		.loc 1 176 3 discriminator 2 view .LVU73
 238 0026 80F834C0 		strb	ip, [r0, #52]
 176:Drivers/STM32F4xx_HAL_Driver/Src/stm32f4xx_hal_dma_ex.c ****   
 239              		.loc 1 176 3 is_stmt 1 discriminator 2 view .LVU74
 178:Drivers/STM32F4xx_HAL_Driver/Src/stm32f4xx_hal_dma_ex.c ****   {
 240              		.loc 1 178 3 view .LVU75
 178:Drivers/STM32F4xx_HAL_Driver/Src/stm32f4xx_hal_dma_ex.c ****   {
 241              		.loc 1 178 5 is_stmt 0 view .LVU76
 242 002a 0ED0     		beq	.L58
 217:Drivers/STM32F4xx_HAL_Driver/Src/stm32f4xx_hal_dma_ex.c ****     
 243              		.loc 1 217 5 is_stmt 1 view .LVU77
 217:Drivers/STM32F4xx_HAL_Driver/Src/stm32f4xx_hal_dma_ex.c ****     
 244              		.loc 1 217 5 view .LVU78
 245 002c 0023     		movs	r3, #0
 246              	.LVL17:
 217:Drivers/STM32F4xx_HAL_Driver/Src/stm32f4xx_hal_dma_ex.c ****     
 247              		.loc 1 217 5 is_stmt 0 view .LVU79
 248 002e 80F83430 		strb	r3, [r0, #52]
 217:Drivers/STM32F4xx_HAL_Driver/Src/stm32f4xx_hal_dma_ex.c ****     
 249              		.loc 1 217 5 is_stmt 1 view .LVU80
 220:Drivers/STM32F4xx_HAL_Driver/Src/stm32f4xx_hal_dma_ex.c ****   }  
 250              		.loc 1 220 5 view .LVU81
 251              	.LVL18:
 252              	.L18:
 176:Drivers/STM32F4xx_HAL_Driver/Src/stm32f4xx_hal_dma_ex.c ****   
 253              		.loc 1 176 3 is_stmt 0 discriminator 1 view .LVU82
 254 0032 0220     		movs	r0, #2
 255              	.LVL19:
 223:Drivers/STM32F4xx_HAL_Driver/Src/stm32f4xx_hal_dma_ex.c **** 
 256              		.loc 1 223 1 view .LVU83
 257 0034 70BC     		pop	{r4, r5, r6}
 258              	.LCFI7:
 259              		.cfi_remember_state
 260              		.cfi_restore 6
 261              		.cfi_restore 5
 262              		.cfi_restore 4
 263              		.cfi_def_cfa_offset 0
 264              	.LVL20:
 223:Drivers/STM32F4xx_HAL_Driver/Src/stm32f4xx_hal_dma_ex.c **** 
 265              		.loc 1 223 1 view .LVU84
 266 0036 7047     		bx	lr
 267              	.LVL21:
 268              	.L15:
 269              	.LCFI8:
 270              		.cfi_restore_state
 171:Drivers/STM32F4xx_HAL_Driver/Src/stm32f4xx_hal_dma_ex.c ****     return HAL_ERROR;
 271              		.loc 1 171 5 is_stmt 1 view .LVU85
 171:Drivers/STM32F4xx_HAL_Driver/Src/stm32f4xx_hal_dma_ex.c ****     return HAL_ERROR;
ARM GAS  C:\Users\joshr\AppData\Local\Temp\ccqXMkG0.s 			page 12


 272              		.loc 1 171 21 is_stmt 0 view .LVU86
 273 0038 4023     		movs	r3, #64
 274              	.LVL22:
 171:Drivers/STM32F4xx_HAL_Driver/Src/stm32f4xx_hal_dma_ex.c ****     return HAL_ERROR;
 275              		.loc 1 171 21 view .LVU87
 276 003a 4365     		str	r3, [r0, #84]
 277              	.LVL23:
 172:Drivers/STM32F4xx_HAL_Driver/Src/stm32f4xx_hal_dma_ex.c ****   }
 278              		.loc 1 172 5 is_stmt 1 view .LVU88
 279              	.L14:
 165:Drivers/STM32F4xx_HAL_Driver/Src/stm32f4xx_hal_dma_ex.c ****   }
 280              		.loc 1 165 12 is_stmt 0 view .LVU89
 281 003c 0120     		movs	r0, #1
 282              	.LVL24:
 223:Drivers/STM32F4xx_HAL_Driver/Src/stm32f4xx_hal_dma_ex.c **** 
 283              		.loc 1 223 1 view .LVU90
 284 003e 70BC     		pop	{r4, r5, r6}
 285              	.LCFI9:
 286              		.cfi_remember_state
 287              		.cfi_restore 6
 288              		.cfi_restore 5
 289              		.cfi_restore 4
 290              		.cfi_def_cfa_offset 0
 291 0040 7047     		bx	lr
 292              	.LVL25:
 293              	.L57:
 294              	.LCFI10:
 295              		.cfi_restore_state
 164:Drivers/STM32F4xx_HAL_Driver/Src/stm32f4xx_hal_dma_ex.c ****     return HAL_ERROR;
 296              		.loc 1 164 5 is_stmt 1 view .LVU91
 164:Drivers/STM32F4xx_HAL_Driver/Src/stm32f4xx_hal_dma_ex.c ****     return HAL_ERROR;
 297              		.loc 1 164 21 is_stmt 0 view .LVU92
 298 0042 4FF48073 		mov	r3, #256
 299              	.LVL26:
 164:Drivers/STM32F4xx_HAL_Driver/Src/stm32f4xx_hal_dma_ex.c ****     return HAL_ERROR;
 300              		.loc 1 164 21 view .LVU93
 301 0046 4365     		str	r3, [r0, #84]
 302              	.LVL27:
 165:Drivers/STM32F4xx_HAL_Driver/Src/stm32f4xx_hal_dma_ex.c ****   }
 303              		.loc 1 165 5 is_stmt 1 view .LVU94
 165:Drivers/STM32F4xx_HAL_Driver/Src/stm32f4xx_hal_dma_ex.c ****   }
 304              		.loc 1 165 12 is_stmt 0 view .LVU95
 305 0048 F8E7     		b	.L14
 306              	.LVL28:
 307              	.L58:
 181:Drivers/STM32F4xx_HAL_Driver/Src/stm32f4xx_hal_dma_ex.c ****     
 308              		.loc 1 181 5 is_stmt 1 view .LVU96
 181:Drivers/STM32F4xx_HAL_Driver/Src/stm32f4xx_hal_dma_ex.c ****     
 309              		.loc 1 181 17 is_stmt 0 view .LVU97
 310 004a 0226     		movs	r6, #2
 311 004c 80F83560 		strb	r6, [r0, #53]
 184:Drivers/STM32F4xx_HAL_Driver/Src/stm32f4xx_hal_dma_ex.c ****     
 312              		.loc 1 184 5 is_stmt 1 view .LVU98
 187:Drivers/STM32F4xx_HAL_Driver/Src/stm32f4xx_hal_dma_ex.c ****     
 313              		.loc 1 187 9 is_stmt 0 view .LVU99
 314 0050 0468     		ldr	r4, [r0]
 184:Drivers/STM32F4xx_HAL_Driver/Src/stm32f4xx_hal_dma_ex.c ****     
ARM GAS  C:\Users\joshr\AppData\Local\Temp\ccqXMkG0.s 			page 13


 315              		.loc 1 184 21 view .LVU100
 316 0052 0026     		movs	r6, #0
 317 0054 4665     		str	r6, [r0, #84]
 187:Drivers/STM32F4xx_HAL_Driver/Src/stm32f4xx_hal_dma_ex.c ****     
 318              		.loc 1 187 5 is_stmt 1 view .LVU101
 187:Drivers/STM32F4xx_HAL_Driver/Src/stm32f4xx_hal_dma_ex.c ****     
 319              		.loc 1 187 19 is_stmt 0 view .LVU102
 320 0056 2668     		ldr	r6, [r4]
 187:Drivers/STM32F4xx_HAL_Driver/Src/stm32f4xx_hal_dma_ex.c ****     
 321              		.loc 1 187 24 view .LVU103
 322 0058 46F48026 		orr	r6, r6, #262144
 323 005c 2660     		str	r6, [r4]
 190:Drivers/STM32F4xx_HAL_Driver/Src/stm32f4xx_hal_dma_ex.c ****     
 324              		.loc 1 190 5 is_stmt 1 view .LVU104
 190:Drivers/STM32F4xx_HAL_Driver/Src/stm32f4xx_hal_dma_ex.c ****     
 325              		.loc 1 190 26 is_stmt 0 view .LVU105
 326 005e 2361     		str	r3, [r4, #16]
 193:Drivers/STM32F4xx_HAL_Driver/Src/stm32f4xx_hal_dma_ex.c ****     
 327              		.loc 1 193 5 is_stmt 1 view .LVU106
 328              	.LVL29:
 329              	.LBB10:
 330              	.LBI10:
 276:Drivers/STM32F4xx_HAL_Driver/Src/stm32f4xx_hal_dma_ex.c **** {  
 331              		.loc 1 276 13 view .LVU107
 332              	.LBB11:
 279:Drivers/STM32F4xx_HAL_Driver/Src/stm32f4xx_hal_dma_ex.c ****   
 333              		.loc 1 279 3 view .LVU108
 279:Drivers/STM32F4xx_HAL_Driver/Src/stm32f4xx_hal_dma_ex.c ****   
 334              		.loc 1 279 24 is_stmt 0 view .LVU109
 335 0060 039B     		ldr	r3, [sp, #12]
 336              	.LVL30:
 279:Drivers/STM32F4xx_HAL_Driver/Src/stm32f4xx_hal_dma_ex.c ****   
 337              		.loc 1 279 24 view .LVU110
 338 0062 6360     		str	r3, [r4, #4]
 339              	.LVL31:
 282:Drivers/STM32F4xx_HAL_Driver/Src/stm32f4xx_hal_dma_ex.c ****   {   
 340              		.loc 1 282 3 is_stmt 1 view .LVU111
 341              	.LBE11:
 342              	.LBE10:
 196:Drivers/STM32F4xx_HAL_Driver/Src/stm32f4xx_hal_dma_ex.c ****     __HAL_DMA_CLEAR_FLAG (hdma, __HAL_DMA_GET_HT_FLAG_INDEX(hdma));
 343              		.loc 1 196 5 is_stmt 0 view .LVU112
 344 0064 AA4B     		ldr	r3, .L64
 345              	.LBB13:
 346              	.LBB12:
 282:Drivers/STM32F4xx_HAL_Driver/Src/stm32f4xx_hal_dma_ex.c ****   {   
 347              		.loc 1 282 5 view .LVU113
 348 0066 402D     		cmp	r5, #64
 285:Drivers/STM32F4xx_HAL_Driver/Src/stm32f4xx_hal_dma_ex.c ****     
 349              		.loc 1 285 5 is_stmt 1 view .LVU114
 285:Drivers/STM32F4xx_HAL_Driver/Src/stm32f4xx_hal_dma_ex.c ****     
 350              		.loc 1 285 25 is_stmt 0 view .LVU115
 351 0068 0BBF     		itete	eq
 352 006a A260     		streq	r2, [r4, #8]
 288:Drivers/STM32F4xx_HAL_Driver/Src/stm32f4xx_hal_dma_ex.c ****   }
 353              		.loc 1 288 5 is_stmt 1 view .LVU116
 294:Drivers/STM32F4xx_HAL_Driver/Src/stm32f4xx_hal_dma_ex.c ****     
 354              		.loc 1 294 25 is_stmt 0 view .LVU117
ARM GAS  C:\Users\joshr\AppData\Local\Temp\ccqXMkG0.s 			page 14


 355 006c A160     		strne	r1, [r4, #8]
 288:Drivers/STM32F4xx_HAL_Driver/Src/stm32f4xx_hal_dma_ex.c ****   }
 356              		.loc 1 288 26 view .LVU118
 357 006e E160     		streq	r1, [r4, #12]
 294:Drivers/STM32F4xx_HAL_Driver/Src/stm32f4xx_hal_dma_ex.c ****     
 358              		.loc 1 294 5 is_stmt 1 view .LVU119
 359              		.loc 1 297 5 view .LVU120
 360              		.loc 1 297 26 is_stmt 0 view .LVU121
 361 0070 E260     		strne	r2, [r4, #12]
 362              	.LVL32:
 363              		.loc 1 297 26 view .LVU122
 364              	.LBE12:
 365              	.LBE13:
 196:Drivers/STM32F4xx_HAL_Driver/Src/stm32f4xx_hal_dma_ex.c ****     __HAL_DMA_CLEAR_FLAG (hdma, __HAL_DMA_GET_HT_FLAG_INDEX(hdma));
 366              		.loc 1 196 5 is_stmt 1 view .LVU123
 367 0072 9C42     		cmp	r4, r3
 368 0074 1FD9     		bls	.L22
 196:Drivers/STM32F4xx_HAL_Driver/Src/stm32f4xx_hal_dma_ex.c ****     __HAL_DMA_CLEAR_FLAG (hdma, __HAL_DMA_GET_HT_FLAG_INDEX(hdma));
 369              		.loc 1 196 5 is_stmt 0 discriminator 7 view .LVU124
 370 0076 1833     		adds	r3, r3, #24
 371 0078 9C42     		cmp	r4, r3
 372 007a 00F08B80 		beq	.L59
 196:Drivers/STM32F4xx_HAL_Driver/Src/stm32f4xx_hal_dma_ex.c ****     __HAL_DMA_CLEAR_FLAG (hdma, __HAL_DMA_GET_HT_FLAG_INDEX(hdma));
 373              		.loc 1 196 5 discriminator 15 view .LVU125
 374 007e A54B     		ldr	r3, .L64+4
 375 0080 9C42     		cmp	r4, r3
 376 0082 71D0     		beq	.L60
 196:Drivers/STM32F4xx_HAL_Driver/Src/stm32f4xx_hal_dma_ex.c ****     __HAL_DMA_CLEAR_FLAG (hdma, __HAL_DMA_GET_HT_FLAG_INDEX(hdma));
 377              		.loc 1 196 5 discriminator 23 view .LVU126
 378 0084 A44B     		ldr	r3, .L64+8
 379 0086 9C42     		cmp	r4, r3
 380 0088 00F0BC80 		beq	.L26
 196:Drivers/STM32F4xx_HAL_Driver/Src/stm32f4xx_hal_dma_ex.c ****     __HAL_DMA_CLEAR_FLAG (hdma, __HAL_DMA_GET_HT_FLAG_INDEX(hdma));
 381              		.loc 1 196 5 discriminator 50 view .LVU127
 382 008c 4FF00061 		mov	r1, #134217728
 383              	.LVL33:
 197:Drivers/STM32F4xx_HAL_Driver/Src/stm32f4xx_hal_dma_ex.c ****     __HAL_DMA_CLEAR_FLAG (hdma, __HAL_DMA_GET_TE_FLAG_INDEX(hdma));
 384              		.loc 1 197 5 discriminator 50 view .LVU128
 385 0090 4FF08062 		mov	r2, #67108864
 386              	.LVL34:
 196:Drivers/STM32F4xx_HAL_Driver/Src/stm32f4xx_hal_dma_ex.c ****     __HAL_DMA_CLEAR_FLAG (hdma, __HAL_DMA_GET_HT_FLAG_INDEX(hdma));
 387              		.loc 1 196 5 discriminator 50 view .LVU129
 388 0094 43F8941C 		str	r1, [r3, #-148]
 389              	.LVL35:
 197:Drivers/STM32F4xx_HAL_Driver/Src/stm32f4xx_hal_dma_ex.c ****     __HAL_DMA_CLEAR_FLAG (hdma, __HAL_DMA_GET_TE_FLAG_INDEX(hdma));
 390              		.loc 1 197 5 is_stmt 1 view .LVU130
 197:Drivers/STM32F4xx_HAL_Driver/Src/stm32f4xx_hal_dma_ex.c ****     __HAL_DMA_CLEAR_FLAG (hdma, __HAL_DMA_GET_TE_FLAG_INDEX(hdma));
 391              		.loc 1 197 5 is_stmt 0 discriminator 50 view .LVU131
 392 0098 43F8942C 		str	r2, [r3, #-148]
 198:Drivers/STM32F4xx_HAL_Driver/Src/stm32f4xx_hal_dma_ex.c ****     __HAL_DMA_CLEAR_FLAG (hdma, __HAL_DMA_GET_DME_FLAG_INDEX(hdma));
 393              		.loc 1 198 5 is_stmt 1 view .LVU132
 198:Drivers/STM32F4xx_HAL_Driver/Src/stm32f4xx_hal_dma_ex.c ****     __HAL_DMA_CLEAR_FLAG (hdma, __HAL_DMA_GET_DME_FLAG_INDEX(hdma));
 394              		.loc 1 198 5 is_stmt 0 discriminator 50 view .LVU133
 395 009c 4FF00071 		mov	r1, #33554432
 199:Drivers/STM32F4xx_HAL_Driver/Src/stm32f4xx_hal_dma_ex.c ****     __HAL_DMA_CLEAR_FLAG (hdma, __HAL_DMA_GET_FE_FLAG_INDEX(hdma));
 396              		.loc 1 199 5 discriminator 50 view .LVU134
 397 00a0 4FF08072 		mov	r2, #16777216
ARM GAS  C:\Users\joshr\AppData\Local\Temp\ccqXMkG0.s 			page 15


 198:Drivers/STM32F4xx_HAL_Driver/Src/stm32f4xx_hal_dma_ex.c ****     __HAL_DMA_CLEAR_FLAG (hdma, __HAL_DMA_GET_DME_FLAG_INDEX(hdma));
 398              		.loc 1 198 5 discriminator 50 view .LVU135
 399 00a4 43F8941C 		str	r1, [r3, #-148]
 199:Drivers/STM32F4xx_HAL_Driver/Src/stm32f4xx_hal_dma_ex.c ****     __HAL_DMA_CLEAR_FLAG (hdma, __HAL_DMA_GET_FE_FLAG_INDEX(hdma));
 400              		.loc 1 199 5 is_stmt 1 view .LVU136
 199:Drivers/STM32F4xx_HAL_Driver/Src/stm32f4xx_hal_dma_ex.c ****     __HAL_DMA_CLEAR_FLAG (hdma, __HAL_DMA_GET_FE_FLAG_INDEX(hdma));
 401              		.loc 1 199 5 is_stmt 0 discriminator 50 view .LVU137
 402 00a8 43F8942C 		str	r2, [r3, #-148]
 200:Drivers/STM32F4xx_HAL_Driver/Src/stm32f4xx_hal_dma_ex.c **** 
 403              		.loc 1 200 5 is_stmt 1 view .LVU138
 200:Drivers/STM32F4xx_HAL_Driver/Src/stm32f4xx_hal_dma_ex.c **** 
 404              		.loc 1 200 5 is_stmt 0 discriminator 26 view .LVU139
 405 00ac 4FF48003 		mov	r3, #4194304
 406              	.L24:
 200:Drivers/STM32F4xx_HAL_Driver/Src/stm32f4xx_hal_dma_ex.c **** 
 407              		.loc 1 200 5 discriminator 50 view .LVU140
 408 00b0 9A4A     		ldr	r2, .L64+12
 409 00b2 D360     		str	r3, [r2, #12]
 410 00b4 25E0     		b	.L41
 411              	.LVL36:
 412              	.L22:
 196:Drivers/STM32F4xx_HAL_Driver/Src/stm32f4xx_hal_dma_ex.c ****     __HAL_DMA_CLEAR_FLAG (hdma, __HAL_DMA_GET_HT_FLAG_INDEX(hdma));
 413              		.loc 1 196 5 discriminator 2 view .LVU141
 414 00b6 9A4B     		ldr	r3, .L64+16
 415 00b8 9C42     		cmp	r4, r3
 416 00ba 38D8     		bhi	.L61
 196:Drivers/STM32F4xx_HAL_Driver/Src/stm32f4xx_hal_dma_ex.c ****     __HAL_DMA_CLEAR_FLAG (hdma, __HAL_DMA_GET_HT_FLAG_INDEX(hdma));
 417              		.loc 1 196 5 discriminator 52 view .LVU142
 418 00bc 994B     		ldr	r3, .L64+20
 419 00be 9C42     		cmp	r4, r3
 420 00c0 76D9     		bls	.L32
 196:Drivers/STM32F4xx_HAL_Driver/Src/stm32f4xx_hal_dma_ex.c ****     __HAL_DMA_CLEAR_FLAG (hdma, __HAL_DMA_GET_HT_FLAG_INDEX(hdma));
 421              		.loc 1 196 5 discriminator 106 view .LVU143
 422 00c2 1833     		adds	r3, r3, #24
 423 00c4 9C42     		cmp	r4, r3
 424 00c6 00F0C780 		beq	.L33
 196:Drivers/STM32F4xx_HAL_Driver/Src/stm32f4xx_hal_dma_ex.c ****     __HAL_DMA_CLEAR_FLAG (hdma, __HAL_DMA_GET_HT_FLAG_INDEX(hdma));
 425              		.loc 1 196 5 discriminator 114 view .LVU144
 426 00ca 1833     		adds	r3, r3, #24
 427 00cc 9C42     		cmp	r4, r3
 428 00ce 00F0F080 		beq	.L34
 196:Drivers/STM32F4xx_HAL_Driver/Src/stm32f4xx_hal_dma_ex.c ****     __HAL_DMA_CLEAR_FLAG (hdma, __HAL_DMA_GET_HT_FLAG_INDEX(hdma));
 429              		.loc 1 196 5 discriminator 122 view .LVU145
 430 00d2 1833     		adds	r3, r3, #24
 431 00d4 9C42     		cmp	r4, r3
 432 00d6 00F00B81 		beq	.L35
 196:Drivers/STM32F4xx_HAL_Driver/Src/stm32f4xx_hal_dma_ex.c ****     __HAL_DMA_CLEAR_FLAG (hdma, __HAL_DMA_GET_HT_FLAG_INDEX(hdma));
 433              		.loc 1 196 5 discriminator 151 view .LVU146
 434 00da 4FF00061 		mov	r1, #134217728
 435              	.LVL37:
 197:Drivers/STM32F4xx_HAL_Driver/Src/stm32f4xx_hal_dma_ex.c ****     __HAL_DMA_CLEAR_FLAG (hdma, __HAL_DMA_GET_TE_FLAG_INDEX(hdma));
 436              		.loc 1 197 5 discriminator 151 view .LVU147
 437 00de 4FF08062 		mov	r2, #67108864
 438              	.LVL38:
 196:Drivers/STM32F4xx_HAL_Driver/Src/stm32f4xx_hal_dma_ex.c ****     __HAL_DMA_CLEAR_FLAG (hdma, __HAL_DMA_GET_HT_FLAG_INDEX(hdma));
 439              		.loc 1 196 5 discriminator 151 view .LVU148
 440 00e2 43F8941C 		str	r1, [r3, #-148]
ARM GAS  C:\Users\joshr\AppData\Local\Temp\ccqXMkG0.s 			page 16


 441              	.LVL39:
 197:Drivers/STM32F4xx_HAL_Driver/Src/stm32f4xx_hal_dma_ex.c ****     __HAL_DMA_CLEAR_FLAG (hdma, __HAL_DMA_GET_TE_FLAG_INDEX(hdma));
 442              		.loc 1 197 5 is_stmt 1 view .LVU149
 197:Drivers/STM32F4xx_HAL_Driver/Src/stm32f4xx_hal_dma_ex.c ****     __HAL_DMA_CLEAR_FLAG (hdma, __HAL_DMA_GET_TE_FLAG_INDEX(hdma));
 443              		.loc 1 197 5 is_stmt 0 discriminator 151 view .LVU150
 444 00e6 43F8942C 		str	r2, [r3, #-148]
 198:Drivers/STM32F4xx_HAL_Driver/Src/stm32f4xx_hal_dma_ex.c ****     __HAL_DMA_CLEAR_FLAG (hdma, __HAL_DMA_GET_DME_FLAG_INDEX(hdma));
 445              		.loc 1 198 5 is_stmt 1 view .LVU151
 198:Drivers/STM32F4xx_HAL_Driver/Src/stm32f4xx_hal_dma_ex.c ****     __HAL_DMA_CLEAR_FLAG (hdma, __HAL_DMA_GET_DME_FLAG_INDEX(hdma));
 446              		.loc 1 198 5 is_stmt 0 discriminator 151 view .LVU152
 447 00ea 4FF00071 		mov	r1, #33554432
 199:Drivers/STM32F4xx_HAL_Driver/Src/stm32f4xx_hal_dma_ex.c ****     __HAL_DMA_CLEAR_FLAG (hdma, __HAL_DMA_GET_FE_FLAG_INDEX(hdma));
 448              		.loc 1 199 5 discriminator 151 view .LVU153
 449 00ee 4FF08072 		mov	r2, #16777216
 198:Drivers/STM32F4xx_HAL_Driver/Src/stm32f4xx_hal_dma_ex.c ****     __HAL_DMA_CLEAR_FLAG (hdma, __HAL_DMA_GET_DME_FLAG_INDEX(hdma));
 450              		.loc 1 198 5 discriminator 151 view .LVU154
 451 00f2 43F8941C 		str	r1, [r3, #-148]
 199:Drivers/STM32F4xx_HAL_Driver/Src/stm32f4xx_hal_dma_ex.c ****     __HAL_DMA_CLEAR_FLAG (hdma, __HAL_DMA_GET_FE_FLAG_INDEX(hdma));
 452              		.loc 1 199 5 is_stmt 1 view .LVU155
 199:Drivers/STM32F4xx_HAL_Driver/Src/stm32f4xx_hal_dma_ex.c ****     __HAL_DMA_CLEAR_FLAG (hdma, __HAL_DMA_GET_FE_FLAG_INDEX(hdma));
 453              		.loc 1 199 5 is_stmt 0 discriminator 151 view .LVU156
 454 00f6 43F8942C 		str	r2, [r3, #-148]
 200:Drivers/STM32F4xx_HAL_Driver/Src/stm32f4xx_hal_dma_ex.c **** 
 455              		.loc 1 200 5 is_stmt 1 view .LVU157
 200:Drivers/STM32F4xx_HAL_Driver/Src/stm32f4xx_hal_dma_ex.c **** 
 456              		.loc 1 200 5 is_stmt 0 discriminator 129 view .LVU158
 457 00fa 4FF48002 		mov	r2, #4194304
 458              	.L36:
 200:Drivers/STM32F4xx_HAL_Driver/Src/stm32f4xx_hal_dma_ex.c **** 
 459              		.loc 1 200 5 discriminator 151 view .LVU159
 460 00fe 8A4B     		ldr	r3, .L64+24
 461 0100 DA60     		str	r2, [r3, #12]
 462              	.L41:
 203:Drivers/STM32F4xx_HAL_Driver/Src/stm32f4xx_hal_dma_ex.c ****     hdma->Instance->FCR |= DMA_IT_FE;
 463              		.loc 1 203 5 is_stmt 1 view .LVU160
 203:Drivers/STM32F4xx_HAL_Driver/Src/stm32f4xx_hal_dma_ex.c ****     hdma->Instance->FCR |= DMA_IT_FE;
 464              		.loc 1 203 19 is_stmt 0 view .LVU161
 465 0102 2368     		ldr	r3, [r4]
 206:Drivers/STM32F4xx_HAL_Driver/Src/stm32f4xx_hal_dma_ex.c ****     {
 466              		.loc 1 206 7 view .LVU162
 467 0104 026C     		ldr	r2, [r0, #64]
 203:Drivers/STM32F4xx_HAL_Driver/Src/stm32f4xx_hal_dma_ex.c ****     hdma->Instance->FCR |= DMA_IT_FE;
 468              		.loc 1 203 25 view .LVU163
 469 0106 43F01603 		orr	r3, r3, #22
 470 010a 2360     		str	r3, [r4]
 204:Drivers/STM32F4xx_HAL_Driver/Src/stm32f4xx_hal_dma_ex.c ****     
 471              		.loc 1 204 5 is_stmt 1 view .LVU164
 204:Drivers/STM32F4xx_HAL_Driver/Src/stm32f4xx_hal_dma_ex.c ****     
 472              		.loc 1 204 19 is_stmt 0 view .LVU165
 473 010c 6369     		ldr	r3, [r4, #20]
 204:Drivers/STM32F4xx_HAL_Driver/Src/stm32f4xx_hal_dma_ex.c ****     
 474              		.loc 1 204 25 view .LVU166
 475 010e 43F08003 		orr	r3, r3, #128
 476 0112 6361     		str	r3, [r4, #20]
 206:Drivers/STM32F4xx_HAL_Driver/Src/stm32f4xx_hal_dma_ex.c ****     {
 477              		.loc 1 206 5 is_stmt 1 view .LVU167
 206:Drivers/STM32F4xx_HAL_Driver/Src/stm32f4xx_hal_dma_ex.c ****     {
ARM GAS  C:\Users\joshr\AppData\Local\Temp\ccqXMkG0.s 			page 17


 478              		.loc 1 206 7 is_stmt 0 view .LVU168
 479 0114 002A     		cmp	r2, #0
 480 0116 39D0     		beq	.L62
 481              	.L42:
 208:Drivers/STM32F4xx_HAL_Driver/Src/stm32f4xx_hal_dma_ex.c ****     }
 482              		.loc 1 208 7 is_stmt 1 view .LVU169
 208:Drivers/STM32F4xx_HAL_Driver/Src/stm32f4xx_hal_dma_ex.c ****     }
 483              		.loc 1 208 21 is_stmt 0 view .LVU170
 484 0118 2368     		ldr	r3, [r4]
 208:Drivers/STM32F4xx_HAL_Driver/Src/stm32f4xx_hal_dma_ex.c ****     }
 485              		.loc 1 208 27 view .LVU171
 486 011a 43F00803 		orr	r3, r3, #8
 487 011e 2360     		str	r3, [r4]
 488              	.L43:
 212:Drivers/STM32F4xx_HAL_Driver/Src/stm32f4xx_hal_dma_ex.c ****   }
 489              		.loc 1 212 5 is_stmt 1 view .LVU172
 490 0120 2368     		ldr	r3, [r4]
 491 0122 43F00103 		orr	r3, r3, #1
 156:Drivers/STM32F4xx_HAL_Driver/Src/stm32f4xx_hal_dma_ex.c ****   
 492              		.loc 1 156 21 is_stmt 0 view .LVU173
 493 0126 0020     		movs	r0, #0
 494              	.LVL40:
 212:Drivers/STM32F4xx_HAL_Driver/Src/stm32f4xx_hal_dma_ex.c ****   }
 495              		.loc 1 212 5 view .LVU174
 496 0128 2360     		str	r3, [r4]
 497              	.LVL41:
 223:Drivers/STM32F4xx_HAL_Driver/Src/stm32f4xx_hal_dma_ex.c **** 
 498              		.loc 1 223 1 view .LVU175
 499 012a 70BC     		pop	{r4, r5, r6}
 500              	.LCFI11:
 501              		.cfi_remember_state
 502              		.cfi_restore 6
 503              		.cfi_restore 5
 504              		.cfi_restore 4
 505              		.cfi_def_cfa_offset 0
 506 012c 7047     		bx	lr
 507              	.LVL42:
 508              	.L61:
 509              	.LCFI12:
 510              		.cfi_restore_state
 196:Drivers/STM32F4xx_HAL_Driver/Src/stm32f4xx_hal_dma_ex.c ****     __HAL_DMA_CLEAR_FLAG (hdma, __HAL_DMA_GET_HT_FLAG_INDEX(hdma));
 511              		.loc 1 196 5 discriminator 53 view .LVU176
 512 012e 03F55673 		add	r3, r3, #856
 513 0132 9C42     		cmp	r4, r3
 514 0134 5BD0     		beq	.L28
 196:Drivers/STM32F4xx_HAL_Driver/Src/stm32f4xx_hal_dma_ex.c ****     __HAL_DMA_CLEAR_FLAG (hdma, __HAL_DMA_GET_HT_FLAG_INDEX(hdma));
 515              		.loc 1 196 5 discriminator 61 view .LVU177
 516 0136 1833     		adds	r3, r3, #24
 517 0138 9C42     		cmp	r4, r3
 518 013a 73D0     		beq	.L29
 196:Drivers/STM32F4xx_HAL_Driver/Src/stm32f4xx_hal_dma_ex.c ****     __HAL_DMA_CLEAR_FLAG (hdma, __HAL_DMA_GET_HT_FLAG_INDEX(hdma));
 519              		.loc 1 196 5 discriminator 69 view .LVU178
 520 013c 1833     		adds	r3, r3, #24
 521 013e 9C42     		cmp	r4, r3
 522 0140 00F09580 		beq	.L63
 196:Drivers/STM32F4xx_HAL_Driver/Src/stm32f4xx_hal_dma_ex.c ****     __HAL_DMA_CLEAR_FLAG (hdma, __HAL_DMA_GET_HT_FLAG_INDEX(hdma));
 523              		.loc 1 196 5 discriminator 100 view .LVU179
ARM GAS  C:\Users\joshr\AppData\Local\Temp\ccqXMkG0.s 			page 18


 524 0144 754B     		ldr	r3, .L64+12
 525 0146 4FF00061 		mov	r1, #134217728
 526              	.LVL43:
 197:Drivers/STM32F4xx_HAL_Driver/Src/stm32f4xx_hal_dma_ex.c ****     __HAL_DMA_CLEAR_FLAG (hdma, __HAL_DMA_GET_TE_FLAG_INDEX(hdma));
 527              		.loc 1 197 5 discriminator 100 view .LVU180
 528 014a 4FF08062 		mov	r2, #67108864
 529              	.LVL44:
 196:Drivers/STM32F4xx_HAL_Driver/Src/stm32f4xx_hal_dma_ex.c ****     __HAL_DMA_CLEAR_FLAG (hdma, __HAL_DMA_GET_HT_FLAG_INDEX(hdma));
 530              		.loc 1 196 5 discriminator 100 view .LVU181
 531 014e 9960     		str	r1, [r3, #8]
 532              	.LVL45:
 197:Drivers/STM32F4xx_HAL_Driver/Src/stm32f4xx_hal_dma_ex.c ****     __HAL_DMA_CLEAR_FLAG (hdma, __HAL_DMA_GET_TE_FLAG_INDEX(hdma));
 533              		.loc 1 197 5 is_stmt 1 view .LVU182
 197:Drivers/STM32F4xx_HAL_Driver/Src/stm32f4xx_hal_dma_ex.c ****     __HAL_DMA_CLEAR_FLAG (hdma, __HAL_DMA_GET_TE_FLAG_INDEX(hdma));
 534              		.loc 1 197 5 is_stmt 0 discriminator 100 view .LVU183
 535 0150 9A60     		str	r2, [r3, #8]
 198:Drivers/STM32F4xx_HAL_Driver/Src/stm32f4xx_hal_dma_ex.c ****     __HAL_DMA_CLEAR_FLAG (hdma, __HAL_DMA_GET_DME_FLAG_INDEX(hdma));
 536              		.loc 1 198 5 is_stmt 1 view .LVU184
 198:Drivers/STM32F4xx_HAL_Driver/Src/stm32f4xx_hal_dma_ex.c ****     __HAL_DMA_CLEAR_FLAG (hdma, __HAL_DMA_GET_DME_FLAG_INDEX(hdma));
 537              		.loc 1 198 5 is_stmt 0 discriminator 100 view .LVU185
 538 0152 4FF00071 		mov	r1, #33554432
 199:Drivers/STM32F4xx_HAL_Driver/Src/stm32f4xx_hal_dma_ex.c ****     __HAL_DMA_CLEAR_FLAG (hdma, __HAL_DMA_GET_FE_FLAG_INDEX(hdma));
 539              		.loc 1 199 5 discriminator 100 view .LVU186
 540 0156 4FF08072 		mov	r2, #16777216
 198:Drivers/STM32F4xx_HAL_Driver/Src/stm32f4xx_hal_dma_ex.c ****     __HAL_DMA_CLEAR_FLAG (hdma, __HAL_DMA_GET_DME_FLAG_INDEX(hdma));
 541              		.loc 1 198 5 discriminator 100 view .LVU187
 542 015a 9960     		str	r1, [r3, #8]
 199:Drivers/STM32F4xx_HAL_Driver/Src/stm32f4xx_hal_dma_ex.c ****     __HAL_DMA_CLEAR_FLAG (hdma, __HAL_DMA_GET_FE_FLAG_INDEX(hdma));
 543              		.loc 1 199 5 is_stmt 1 view .LVU188
 199:Drivers/STM32F4xx_HAL_Driver/Src/stm32f4xx_hal_dma_ex.c ****     __HAL_DMA_CLEAR_FLAG (hdma, __HAL_DMA_GET_FE_FLAG_INDEX(hdma));
 544              		.loc 1 199 5 is_stmt 0 discriminator 100 view .LVU189
 545 015c 9A60     		str	r2, [r3, #8]
 200:Drivers/STM32F4xx_HAL_Driver/Src/stm32f4xx_hal_dma_ex.c **** 
 546              		.loc 1 200 5 is_stmt 1 view .LVU190
 200:Drivers/STM32F4xx_HAL_Driver/Src/stm32f4xx_hal_dma_ex.c **** 
 547              		.loc 1 200 5 is_stmt 0 discriminator 80 view .LVU191
 548 015e 4FF48002 		mov	r2, #4194304
 549              	.L31:
 200:Drivers/STM32F4xx_HAL_Driver/Src/stm32f4xx_hal_dma_ex.c **** 
 550              		.loc 1 200 5 discriminator 100 view .LVU192
 551 0162 6E4B     		ldr	r3, .L64+12
 552 0164 9A60     		str	r2, [r3, #8]
 553 0166 CCE7     		b	.L41
 554              	.LVL46:
 555              	.L60:
 196:Drivers/STM32F4xx_HAL_Driver/Src/stm32f4xx_hal_dma_ex.c ****     __HAL_DMA_CLEAR_FLAG (hdma, __HAL_DMA_GET_HT_FLAG_INDEX(hdma));
 556              		.loc 1 196 5 discriminator 50 view .LVU193
 557 0168 4FF40061 		mov	r1, #2048
 558              	.LVL47:
 197:Drivers/STM32F4xx_HAL_Driver/Src/stm32f4xx_hal_dma_ex.c ****     __HAL_DMA_CLEAR_FLAG (hdma, __HAL_DMA_GET_TE_FLAG_INDEX(hdma));
 559              		.loc 1 197 5 discriminator 50 view .LVU194
 560 016c 4FF48062 		mov	r2, #1024
 561              	.LVL48:
 196:Drivers/STM32F4xx_HAL_Driver/Src/stm32f4xx_hal_dma_ex.c ****     __HAL_DMA_CLEAR_FLAG (hdma, __HAL_DMA_GET_HT_FLAG_INDEX(hdma));
 562              		.loc 1 196 5 discriminator 50 view .LVU195
 563 0170 43F87C1C 		str	r1, [r3, #-124]
 564              	.LVL49:
ARM GAS  C:\Users\joshr\AppData\Local\Temp\ccqXMkG0.s 			page 19


 197:Drivers/STM32F4xx_HAL_Driver/Src/stm32f4xx_hal_dma_ex.c ****     __HAL_DMA_CLEAR_FLAG (hdma, __HAL_DMA_GET_TE_FLAG_INDEX(hdma));
 565              		.loc 1 197 5 is_stmt 1 view .LVU196
 197:Drivers/STM32F4xx_HAL_Driver/Src/stm32f4xx_hal_dma_ex.c ****     __HAL_DMA_CLEAR_FLAG (hdma, __HAL_DMA_GET_TE_FLAG_INDEX(hdma));
 566              		.loc 1 197 5 is_stmt 0 discriminator 50 view .LVU197
 567 0174 43F87C2C 		str	r2, [r3, #-124]
 198:Drivers/STM32F4xx_HAL_Driver/Src/stm32f4xx_hal_dma_ex.c ****     __HAL_DMA_CLEAR_FLAG (hdma, __HAL_DMA_GET_DME_FLAG_INDEX(hdma));
 568              		.loc 1 198 5 is_stmt 1 view .LVU198
 198:Drivers/STM32F4xx_HAL_Driver/Src/stm32f4xx_hal_dma_ex.c ****     __HAL_DMA_CLEAR_FLAG (hdma, __HAL_DMA_GET_DME_FLAG_INDEX(hdma));
 569              		.loc 1 198 5 is_stmt 0 discriminator 50 view .LVU199
 570 0178 4FF40071 		mov	r1, #512
 199:Drivers/STM32F4xx_HAL_Driver/Src/stm32f4xx_hal_dma_ex.c ****     __HAL_DMA_CLEAR_FLAG (hdma, __HAL_DMA_GET_FE_FLAG_INDEX(hdma));
 571              		.loc 1 199 5 discriminator 50 view .LVU200
 572 017c 4FF48072 		mov	r2, #256
 198:Drivers/STM32F4xx_HAL_Driver/Src/stm32f4xx_hal_dma_ex.c ****     __HAL_DMA_CLEAR_FLAG (hdma, __HAL_DMA_GET_DME_FLAG_INDEX(hdma));
 573              		.loc 1 198 5 discriminator 50 view .LVU201
 574 0180 43F87C1C 		str	r1, [r3, #-124]
 199:Drivers/STM32F4xx_HAL_Driver/Src/stm32f4xx_hal_dma_ex.c ****     __HAL_DMA_CLEAR_FLAG (hdma, __HAL_DMA_GET_FE_FLAG_INDEX(hdma));
 575              		.loc 1 199 5 is_stmt 1 view .LVU202
 199:Drivers/STM32F4xx_HAL_Driver/Src/stm32f4xx_hal_dma_ex.c ****     __HAL_DMA_CLEAR_FLAG (hdma, __HAL_DMA_GET_FE_FLAG_INDEX(hdma));
 576              		.loc 1 199 5 is_stmt 0 discriminator 50 view .LVU203
 577 0184 43F87C2C 		str	r2, [r3, #-124]
 200:Drivers/STM32F4xx_HAL_Driver/Src/stm32f4xx_hal_dma_ex.c **** 
 578              		.loc 1 200 5 is_stmt 1 view .LVU204
 200:Drivers/STM32F4xx_HAL_Driver/Src/stm32f4xx_hal_dma_ex.c **** 
 579              		.loc 1 200 5 is_stmt 0 discriminator 18 view .LVU205
 580 0188 4023     		movs	r3, #64
 581 018a 91E7     		b	.L24
 582              	.L62:
 206:Drivers/STM32F4xx_HAL_Driver/Src/stm32f4xx_hal_dma_ex.c ****     {
 583              		.loc 1 206 45 discriminator 1 view .LVU206
 584 018c 836C     		ldr	r3, [r0, #72]
 585 018e 002B     		cmp	r3, #0
 586 0190 C2D1     		bne	.L42
 587 0192 C5E7     		b	.L43
 588              	.LVL50:
 589              	.L59:
 196:Drivers/STM32F4xx_HAL_Driver/Src/stm32f4xx_hal_dma_ex.c ****     __HAL_DMA_CLEAR_FLAG (hdma, __HAL_DMA_GET_HT_FLAG_INDEX(hdma));
 590              		.loc 1 196 5 discriminator 50 view .LVU207
 591 0194 2021     		movs	r1, #32
 592              	.LVL51:
 197:Drivers/STM32F4xx_HAL_Driver/Src/stm32f4xx_hal_dma_ex.c ****     __HAL_DMA_CLEAR_FLAG (hdma, __HAL_DMA_GET_TE_FLAG_INDEX(hdma));
 593              		.loc 1 197 5 discriminator 50 view .LVU208
 594 0196 1022     		movs	r2, #16
 595              	.LVL52:
 196:Drivers/STM32F4xx_HAL_Driver/Src/stm32f4xx_hal_dma_ex.c ****     __HAL_DMA_CLEAR_FLAG (hdma, __HAL_DMA_GET_HT_FLAG_INDEX(hdma));
 596              		.loc 1 196 5 discriminator 50 view .LVU209
 597 0198 43F8641C 		str	r1, [r3, #-100]
 598              	.LVL53:
 197:Drivers/STM32F4xx_HAL_Driver/Src/stm32f4xx_hal_dma_ex.c ****     __HAL_DMA_CLEAR_FLAG (hdma, __HAL_DMA_GET_TE_FLAG_INDEX(hdma));
 599              		.loc 1 197 5 is_stmt 1 view .LVU210
 197:Drivers/STM32F4xx_HAL_Driver/Src/stm32f4xx_hal_dma_ex.c ****     __HAL_DMA_CLEAR_FLAG (hdma, __HAL_DMA_GET_TE_FLAG_INDEX(hdma));
 600              		.loc 1 197 5 is_stmt 0 discriminator 50 view .LVU211
 601 019c 43F8642C 		str	r2, [r3, #-100]
 198:Drivers/STM32F4xx_HAL_Driver/Src/stm32f4xx_hal_dma_ex.c ****     __HAL_DMA_CLEAR_FLAG (hdma, __HAL_DMA_GET_DME_FLAG_INDEX(hdma));
 602              		.loc 1 198 5 is_stmt 1 view .LVU212
 198:Drivers/STM32F4xx_HAL_Driver/Src/stm32f4xx_hal_dma_ex.c ****     __HAL_DMA_CLEAR_FLAG (hdma, __HAL_DMA_GET_DME_FLAG_INDEX(hdma));
 603              		.loc 1 198 5 is_stmt 0 discriminator 50 view .LVU213
ARM GAS  C:\Users\joshr\AppData\Local\Temp\ccqXMkG0.s 			page 20


 604 01a0 0821     		movs	r1, #8
 199:Drivers/STM32F4xx_HAL_Driver/Src/stm32f4xx_hal_dma_ex.c ****     __HAL_DMA_CLEAR_FLAG (hdma, __HAL_DMA_GET_FE_FLAG_INDEX(hdma));
 605              		.loc 1 199 5 discriminator 50 view .LVU214
 606 01a2 0422     		movs	r2, #4
 198:Drivers/STM32F4xx_HAL_Driver/Src/stm32f4xx_hal_dma_ex.c ****     __HAL_DMA_CLEAR_FLAG (hdma, __HAL_DMA_GET_DME_FLAG_INDEX(hdma));
 607              		.loc 1 198 5 discriminator 50 view .LVU215
 608 01a4 43F8641C 		str	r1, [r3, #-100]
 199:Drivers/STM32F4xx_HAL_Driver/Src/stm32f4xx_hal_dma_ex.c ****     __HAL_DMA_CLEAR_FLAG (hdma, __HAL_DMA_GET_FE_FLAG_INDEX(hdma));
 609              		.loc 1 199 5 is_stmt 1 view .LVU216
 199:Drivers/STM32F4xx_HAL_Driver/Src/stm32f4xx_hal_dma_ex.c ****     __HAL_DMA_CLEAR_FLAG (hdma, __HAL_DMA_GET_FE_FLAG_INDEX(hdma));
 610              		.loc 1 199 5 is_stmt 0 discriminator 50 view .LVU217
 611 01a8 43F8642C 		str	r2, [r3, #-100]
 200:Drivers/STM32F4xx_HAL_Driver/Src/stm32f4xx_hal_dma_ex.c **** 
 612              		.loc 1 200 5 is_stmt 1 view .LVU218
 200:Drivers/STM32F4xx_HAL_Driver/Src/stm32f4xx_hal_dma_ex.c **** 
 613              		.loc 1 200 5 is_stmt 0 discriminator 10 view .LVU219
 614 01ac 0123     		movs	r3, #1
 615 01ae 7FE7     		b	.L24
 616              	.LVL54:
 617              	.L32:
 196:Drivers/STM32F4xx_HAL_Driver/Src/stm32f4xx_hal_dma_ex.c ****     __HAL_DMA_CLEAR_FLAG (hdma, __HAL_DMA_GET_HT_FLAG_INDEX(hdma));
 618              		.loc 1 196 5 discriminator 103 view .LVU220
 619 01b0 5E4B     		ldr	r3, .L64+28
 620 01b2 9C42     		cmp	r4, r3
 621 01b4 45D0     		beq	.L37
 196:Drivers/STM32F4xx_HAL_Driver/Src/stm32f4xx_hal_dma_ex.c ****     __HAL_DMA_CLEAR_FLAG (hdma, __HAL_DMA_GET_HT_FLAG_INDEX(hdma));
 622              		.loc 1 196 5 discriminator 159 view .LVU221
 623 01b6 1833     		adds	r3, r3, #24
 624 01b8 9C42     		cmp	r4, r3
 625 01ba 6BD0     		beq	.L38
 196:Drivers/STM32F4xx_HAL_Driver/Src/stm32f4xx_hal_dma_ex.c ****     __HAL_DMA_CLEAR_FLAG (hdma, __HAL_DMA_GET_HT_FLAG_INDEX(hdma));
 626              		.loc 1 196 5 discriminator 167 view .LVU222
 627 01bc 1833     		adds	r3, r3, #24
 628 01be 9C42     		cmp	r4, r3
 629 01c0 00F08680 		beq	.L39
 196:Drivers/STM32F4xx_HAL_Driver/Src/stm32f4xx_hal_dma_ex.c ****     __HAL_DMA_CLEAR_FLAG (hdma, __HAL_DMA_GET_HT_FLAG_INDEX(hdma));
 630              		.loc 1 196 5 discriminator 200 view .LVU223
 631 01c4 4FF00061 		mov	r1, #134217728
 632              	.LVL55:
 197:Drivers/STM32F4xx_HAL_Driver/Src/stm32f4xx_hal_dma_ex.c ****     __HAL_DMA_CLEAR_FLAG (hdma, __HAL_DMA_GET_TE_FLAG_INDEX(hdma));
 633              		.loc 1 197 5 discriminator 200 view .LVU224
 634 01c8 4FF08062 		mov	r2, #67108864
 635              	.LVL56:
 196:Drivers/STM32F4xx_HAL_Driver/Src/stm32f4xx_hal_dma_ex.c ****     __HAL_DMA_CLEAR_FLAG (hdma, __HAL_DMA_GET_HT_FLAG_INDEX(hdma));
 636              		.loc 1 196 5 discriminator 200 view .LVU225
 637 01cc 43F8381C 		str	r1, [r3, #-56]
 638              	.LVL57:
 197:Drivers/STM32F4xx_HAL_Driver/Src/stm32f4xx_hal_dma_ex.c ****     __HAL_DMA_CLEAR_FLAG (hdma, __HAL_DMA_GET_TE_FLAG_INDEX(hdma));
 639              		.loc 1 197 5 is_stmt 1 view .LVU226
 197:Drivers/STM32F4xx_HAL_Driver/Src/stm32f4xx_hal_dma_ex.c ****     __HAL_DMA_CLEAR_FLAG (hdma, __HAL_DMA_GET_TE_FLAG_INDEX(hdma));
 640              		.loc 1 197 5 is_stmt 0 discriminator 200 view .LVU227
 641 01d0 43F8382C 		str	r2, [r3, #-56]
 198:Drivers/STM32F4xx_HAL_Driver/Src/stm32f4xx_hal_dma_ex.c ****     __HAL_DMA_CLEAR_FLAG (hdma, __HAL_DMA_GET_DME_FLAG_INDEX(hdma));
 642              		.loc 1 198 5 is_stmt 1 view .LVU228
 198:Drivers/STM32F4xx_HAL_Driver/Src/stm32f4xx_hal_dma_ex.c ****     __HAL_DMA_CLEAR_FLAG (hdma, __HAL_DMA_GET_DME_FLAG_INDEX(hdma));
 643              		.loc 1 198 5 is_stmt 0 discriminator 200 view .LVU229
 644 01d4 4FF00071 		mov	r1, #33554432
ARM GAS  C:\Users\joshr\AppData\Local\Temp\ccqXMkG0.s 			page 21


 199:Drivers/STM32F4xx_HAL_Driver/Src/stm32f4xx_hal_dma_ex.c ****     __HAL_DMA_CLEAR_FLAG (hdma, __HAL_DMA_GET_FE_FLAG_INDEX(hdma));
 645              		.loc 1 199 5 discriminator 200 view .LVU230
 646 01d8 4FF08072 		mov	r2, #16777216
 198:Drivers/STM32F4xx_HAL_Driver/Src/stm32f4xx_hal_dma_ex.c ****     __HAL_DMA_CLEAR_FLAG (hdma, __HAL_DMA_GET_DME_FLAG_INDEX(hdma));
 647              		.loc 1 198 5 discriminator 200 view .LVU231
 648 01dc 43F8381C 		str	r1, [r3, #-56]
 199:Drivers/STM32F4xx_HAL_Driver/Src/stm32f4xx_hal_dma_ex.c ****     __HAL_DMA_CLEAR_FLAG (hdma, __HAL_DMA_GET_FE_FLAG_INDEX(hdma));
 649              		.loc 1 199 5 is_stmt 1 view .LVU232
 199:Drivers/STM32F4xx_HAL_Driver/Src/stm32f4xx_hal_dma_ex.c ****     __HAL_DMA_CLEAR_FLAG (hdma, __HAL_DMA_GET_FE_FLAG_INDEX(hdma));
 650              		.loc 1 199 5 is_stmt 0 discriminator 200 view .LVU233
 651 01e0 43F8382C 		str	r2, [r3, #-56]
 200:Drivers/STM32F4xx_HAL_Driver/Src/stm32f4xx_hal_dma_ex.c **** 
 652              		.loc 1 200 5 is_stmt 1 view .LVU234
 200:Drivers/STM32F4xx_HAL_Driver/Src/stm32f4xx_hal_dma_ex.c **** 
 653              		.loc 1 200 5 is_stmt 0 discriminator 182 view .LVU235
 654 01e4 4FF48002 		mov	r2, #4194304
 655              	.L40:
 200:Drivers/STM32F4xx_HAL_Driver/Src/stm32f4xx_hal_dma_ex.c **** 
 656              		.loc 1 200 5 discriminator 200 view .LVU236
 657 01e8 4F4B     		ldr	r3, .L64+24
 658 01ea 9A60     		str	r2, [r3, #8]
 659 01ec 89E7     		b	.L41
 660              	.LVL58:
 661              	.L28:
 196:Drivers/STM32F4xx_HAL_Driver/Src/stm32f4xx_hal_dma_ex.c ****     __HAL_DMA_CLEAR_FLAG (hdma, __HAL_DMA_GET_HT_FLAG_INDEX(hdma));
 662              		.loc 1 196 5 discriminator 100 view .LVU237
 663 01ee 4B4B     		ldr	r3, .L64+12
 664 01f0 2021     		movs	r1, #32
 665              	.LVL59:
 197:Drivers/STM32F4xx_HAL_Driver/Src/stm32f4xx_hal_dma_ex.c ****     __HAL_DMA_CLEAR_FLAG (hdma, __HAL_DMA_GET_TE_FLAG_INDEX(hdma));
 666              		.loc 1 197 5 discriminator 100 view .LVU238
 667 01f2 1022     		movs	r2, #16
 668              	.LVL60:
 196:Drivers/STM32F4xx_HAL_Driver/Src/stm32f4xx_hal_dma_ex.c ****     __HAL_DMA_CLEAR_FLAG (hdma, __HAL_DMA_GET_HT_FLAG_INDEX(hdma));
 669              		.loc 1 196 5 discriminator 100 view .LVU239
 670 01f4 9960     		str	r1, [r3, #8]
 671              	.LVL61:
 197:Drivers/STM32F4xx_HAL_Driver/Src/stm32f4xx_hal_dma_ex.c ****     __HAL_DMA_CLEAR_FLAG (hdma, __HAL_DMA_GET_TE_FLAG_INDEX(hdma));
 672              		.loc 1 197 5 is_stmt 1 view .LVU240
 197:Drivers/STM32F4xx_HAL_Driver/Src/stm32f4xx_hal_dma_ex.c ****     __HAL_DMA_CLEAR_FLAG (hdma, __HAL_DMA_GET_TE_FLAG_INDEX(hdma));
 673              		.loc 1 197 5 is_stmt 0 discriminator 100 view .LVU241
 674 01f6 9A60     		str	r2, [r3, #8]
 198:Drivers/STM32F4xx_HAL_Driver/Src/stm32f4xx_hal_dma_ex.c ****     __HAL_DMA_CLEAR_FLAG (hdma, __HAL_DMA_GET_DME_FLAG_INDEX(hdma));
 675              		.loc 1 198 5 is_stmt 1 view .LVU242
 198:Drivers/STM32F4xx_HAL_Driver/Src/stm32f4xx_hal_dma_ex.c ****     __HAL_DMA_CLEAR_FLAG (hdma, __HAL_DMA_GET_DME_FLAG_INDEX(hdma));
 676              		.loc 1 198 5 is_stmt 0 discriminator 100 view .LVU243
 677 01f8 0821     		movs	r1, #8
 199:Drivers/STM32F4xx_HAL_Driver/Src/stm32f4xx_hal_dma_ex.c ****     __HAL_DMA_CLEAR_FLAG (hdma, __HAL_DMA_GET_FE_FLAG_INDEX(hdma));
 678              		.loc 1 199 5 discriminator 100 view .LVU244
 679 01fa 0422     		movs	r2, #4
 198:Drivers/STM32F4xx_HAL_Driver/Src/stm32f4xx_hal_dma_ex.c ****     __HAL_DMA_CLEAR_FLAG (hdma, __HAL_DMA_GET_DME_FLAG_INDEX(hdma));
 680              		.loc 1 198 5 discriminator 100 view .LVU245
 681 01fc 9960     		str	r1, [r3, #8]
 199:Drivers/STM32F4xx_HAL_Driver/Src/stm32f4xx_hal_dma_ex.c ****     __HAL_DMA_CLEAR_FLAG (hdma, __HAL_DMA_GET_FE_FLAG_INDEX(hdma));
 682              		.loc 1 199 5 is_stmt 1 view .LVU246
 199:Drivers/STM32F4xx_HAL_Driver/Src/stm32f4xx_hal_dma_ex.c ****     __HAL_DMA_CLEAR_FLAG (hdma, __HAL_DMA_GET_FE_FLAG_INDEX(hdma));
 683              		.loc 1 199 5 is_stmt 0 discriminator 100 view .LVU247
ARM GAS  C:\Users\joshr\AppData\Local\Temp\ccqXMkG0.s 			page 22


 684 01fe 9A60     		str	r2, [r3, #8]
 200:Drivers/STM32F4xx_HAL_Driver/Src/stm32f4xx_hal_dma_ex.c **** 
 685              		.loc 1 200 5 is_stmt 1 view .LVU248
 200:Drivers/STM32F4xx_HAL_Driver/Src/stm32f4xx_hal_dma_ex.c **** 
 686              		.loc 1 200 5 is_stmt 0 discriminator 56 view .LVU249
 687 0200 0122     		movs	r2, #1
 688 0202 AEE7     		b	.L31
 689              	.LVL62:
 690              	.L26:
 196:Drivers/STM32F4xx_HAL_Driver/Src/stm32f4xx_hal_dma_ex.c ****     __HAL_DMA_CLEAR_FLAG (hdma, __HAL_DMA_GET_HT_FLAG_INDEX(hdma));
 691              		.loc 1 196 5 discriminator 50 view .LVU250
 692 0204 454B     		ldr	r3, .L64+12
 693 0206 4FF40011 		mov	r1, #2097152
 694              	.LVL63:
 197:Drivers/STM32F4xx_HAL_Driver/Src/stm32f4xx_hal_dma_ex.c ****     __HAL_DMA_CLEAR_FLAG (hdma, __HAL_DMA_GET_TE_FLAG_INDEX(hdma));
 695              		.loc 1 197 5 discriminator 50 view .LVU251
 696 020a 4FF48012 		mov	r2, #1048576
 697              	.LVL64:
 196:Drivers/STM32F4xx_HAL_Driver/Src/stm32f4xx_hal_dma_ex.c ****     __HAL_DMA_CLEAR_FLAG (hdma, __HAL_DMA_GET_HT_FLAG_INDEX(hdma));
 698              		.loc 1 196 5 discriminator 50 view .LVU252
 699 020e D960     		str	r1, [r3, #12]
 700              	.LVL65:
 197:Drivers/STM32F4xx_HAL_Driver/Src/stm32f4xx_hal_dma_ex.c ****     __HAL_DMA_CLEAR_FLAG (hdma, __HAL_DMA_GET_TE_FLAG_INDEX(hdma));
 701              		.loc 1 197 5 is_stmt 1 view .LVU253
 197:Drivers/STM32F4xx_HAL_Driver/Src/stm32f4xx_hal_dma_ex.c ****     __HAL_DMA_CLEAR_FLAG (hdma, __HAL_DMA_GET_TE_FLAG_INDEX(hdma));
 702              		.loc 1 197 5 is_stmt 0 discriminator 50 view .LVU254
 703 0210 DA60     		str	r2, [r3, #12]
 198:Drivers/STM32F4xx_HAL_Driver/Src/stm32f4xx_hal_dma_ex.c ****     __HAL_DMA_CLEAR_FLAG (hdma, __HAL_DMA_GET_DME_FLAG_INDEX(hdma));
 704              		.loc 1 198 5 is_stmt 1 view .LVU255
 198:Drivers/STM32F4xx_HAL_Driver/Src/stm32f4xx_hal_dma_ex.c ****     __HAL_DMA_CLEAR_FLAG (hdma, __HAL_DMA_GET_DME_FLAG_INDEX(hdma));
 705              		.loc 1 198 5 is_stmt 0 discriminator 50 view .LVU256
 706 0212 4FF40021 		mov	r1, #524288
 199:Drivers/STM32F4xx_HAL_Driver/Src/stm32f4xx_hal_dma_ex.c ****     __HAL_DMA_CLEAR_FLAG (hdma, __HAL_DMA_GET_FE_FLAG_INDEX(hdma));
 707              		.loc 1 199 5 discriminator 50 view .LVU257
 708 0216 4FF48022 		mov	r2, #262144
 198:Drivers/STM32F4xx_HAL_Driver/Src/stm32f4xx_hal_dma_ex.c ****     __HAL_DMA_CLEAR_FLAG (hdma, __HAL_DMA_GET_DME_FLAG_INDEX(hdma));
 709              		.loc 1 198 5 discriminator 50 view .LVU258
 710 021a D960     		str	r1, [r3, #12]
 199:Drivers/STM32F4xx_HAL_Driver/Src/stm32f4xx_hal_dma_ex.c ****     __HAL_DMA_CLEAR_FLAG (hdma, __HAL_DMA_GET_FE_FLAG_INDEX(hdma));
 711              		.loc 1 199 5 is_stmt 1 view .LVU259
 199:Drivers/STM32F4xx_HAL_Driver/Src/stm32f4xx_hal_dma_ex.c ****     __HAL_DMA_CLEAR_FLAG (hdma, __HAL_DMA_GET_FE_FLAG_INDEX(hdma));
 712              		.loc 1 199 5 is_stmt 0 discriminator 50 view .LVU260
 713 021c DA60     		str	r2, [r3, #12]
 200:Drivers/STM32F4xx_HAL_Driver/Src/stm32f4xx_hal_dma_ex.c **** 
 714              		.loc 1 200 5 is_stmt 1 view .LVU261
 200:Drivers/STM32F4xx_HAL_Driver/Src/stm32f4xx_hal_dma_ex.c **** 
 715              		.loc 1 200 5 is_stmt 0 discriminator 25 view .LVU262
 716 021e 4FF48033 		mov	r3, #65536
 717 0222 45E7     		b	.L24
 718              	.LVL66:
 719              	.L29:
 196:Drivers/STM32F4xx_HAL_Driver/Src/stm32f4xx_hal_dma_ex.c ****     __HAL_DMA_CLEAR_FLAG (hdma, __HAL_DMA_GET_HT_FLAG_INDEX(hdma));
 720              		.loc 1 196 5 discriminator 100 view .LVU263
 721 0224 3D4B     		ldr	r3, .L64+12
 722 0226 4FF40061 		mov	r1, #2048
 723              	.LVL67:
 197:Drivers/STM32F4xx_HAL_Driver/Src/stm32f4xx_hal_dma_ex.c ****     __HAL_DMA_CLEAR_FLAG (hdma, __HAL_DMA_GET_TE_FLAG_INDEX(hdma));
ARM GAS  C:\Users\joshr\AppData\Local\Temp\ccqXMkG0.s 			page 23


 724              		.loc 1 197 5 discriminator 100 view .LVU264
 725 022a 4FF48062 		mov	r2, #1024
 726              	.LVL68:
 196:Drivers/STM32F4xx_HAL_Driver/Src/stm32f4xx_hal_dma_ex.c ****     __HAL_DMA_CLEAR_FLAG (hdma, __HAL_DMA_GET_HT_FLAG_INDEX(hdma));
 727              		.loc 1 196 5 discriminator 100 view .LVU265
 728 022e 9960     		str	r1, [r3, #8]
 729              	.LVL69:
 197:Drivers/STM32F4xx_HAL_Driver/Src/stm32f4xx_hal_dma_ex.c ****     __HAL_DMA_CLEAR_FLAG (hdma, __HAL_DMA_GET_TE_FLAG_INDEX(hdma));
 730              		.loc 1 197 5 is_stmt 1 view .LVU266
 197:Drivers/STM32F4xx_HAL_Driver/Src/stm32f4xx_hal_dma_ex.c ****     __HAL_DMA_CLEAR_FLAG (hdma, __HAL_DMA_GET_TE_FLAG_INDEX(hdma));
 731              		.loc 1 197 5 is_stmt 0 discriminator 100 view .LVU267
 732 0230 9A60     		str	r2, [r3, #8]
 198:Drivers/STM32F4xx_HAL_Driver/Src/stm32f4xx_hal_dma_ex.c ****     __HAL_DMA_CLEAR_FLAG (hdma, __HAL_DMA_GET_DME_FLAG_INDEX(hdma));
 733              		.loc 1 198 5 is_stmt 1 view .LVU268
 198:Drivers/STM32F4xx_HAL_Driver/Src/stm32f4xx_hal_dma_ex.c ****     __HAL_DMA_CLEAR_FLAG (hdma, __HAL_DMA_GET_DME_FLAG_INDEX(hdma));
 734              		.loc 1 198 5 is_stmt 0 discriminator 100 view .LVU269
 735 0232 4FF40071 		mov	r1, #512
 199:Drivers/STM32F4xx_HAL_Driver/Src/stm32f4xx_hal_dma_ex.c ****     __HAL_DMA_CLEAR_FLAG (hdma, __HAL_DMA_GET_FE_FLAG_INDEX(hdma));
 736              		.loc 1 199 5 discriminator 100 view .LVU270
 737 0236 4FF48072 		mov	r2, #256
 198:Drivers/STM32F4xx_HAL_Driver/Src/stm32f4xx_hal_dma_ex.c ****     __HAL_DMA_CLEAR_FLAG (hdma, __HAL_DMA_GET_DME_FLAG_INDEX(hdma));
 738              		.loc 1 198 5 discriminator 100 view .LVU271
 739 023a 9960     		str	r1, [r3, #8]
 199:Drivers/STM32F4xx_HAL_Driver/Src/stm32f4xx_hal_dma_ex.c ****     __HAL_DMA_CLEAR_FLAG (hdma, __HAL_DMA_GET_FE_FLAG_INDEX(hdma));
 740              		.loc 1 199 5 is_stmt 1 view .LVU272
 199:Drivers/STM32F4xx_HAL_Driver/Src/stm32f4xx_hal_dma_ex.c ****     __HAL_DMA_CLEAR_FLAG (hdma, __HAL_DMA_GET_FE_FLAG_INDEX(hdma));
 741              		.loc 1 199 5 is_stmt 0 discriminator 100 view .LVU273
 742 023c 9A60     		str	r2, [r3, #8]
 200:Drivers/STM32F4xx_HAL_Driver/Src/stm32f4xx_hal_dma_ex.c **** 
 743              		.loc 1 200 5 is_stmt 1 view .LVU274
 200:Drivers/STM32F4xx_HAL_Driver/Src/stm32f4xx_hal_dma_ex.c **** 
 744              		.loc 1 200 5 is_stmt 0 discriminator 64 view .LVU275
 745 023e 4022     		movs	r2, #64
 746 0240 8FE7     		b	.L31
 747              	.LVL70:
 748              	.L37:
 196:Drivers/STM32F4xx_HAL_Driver/Src/stm32f4xx_hal_dma_ex.c ****     __HAL_DMA_CLEAR_FLAG (hdma, __HAL_DMA_GET_HT_FLAG_INDEX(hdma));
 749              		.loc 1 196 5 discriminator 200 view .LVU276
 750 0242 394B     		ldr	r3, .L64+24
 751 0244 2021     		movs	r1, #32
 752              	.LVL71:
 197:Drivers/STM32F4xx_HAL_Driver/Src/stm32f4xx_hal_dma_ex.c ****     __HAL_DMA_CLEAR_FLAG (hdma, __HAL_DMA_GET_TE_FLAG_INDEX(hdma));
 753              		.loc 1 197 5 discriminator 200 view .LVU277
 754 0246 1022     		movs	r2, #16
 755              	.LVL72:
 196:Drivers/STM32F4xx_HAL_Driver/Src/stm32f4xx_hal_dma_ex.c ****     __HAL_DMA_CLEAR_FLAG (hdma, __HAL_DMA_GET_HT_FLAG_INDEX(hdma));
 756              		.loc 1 196 5 discriminator 200 view .LVU278
 757 0248 9960     		str	r1, [r3, #8]
 758              	.LVL73:
 197:Drivers/STM32F4xx_HAL_Driver/Src/stm32f4xx_hal_dma_ex.c ****     __HAL_DMA_CLEAR_FLAG (hdma, __HAL_DMA_GET_TE_FLAG_INDEX(hdma));
 759              		.loc 1 197 5 is_stmt 1 view .LVU279
 197:Drivers/STM32F4xx_HAL_Driver/Src/stm32f4xx_hal_dma_ex.c ****     __HAL_DMA_CLEAR_FLAG (hdma, __HAL_DMA_GET_TE_FLAG_INDEX(hdma));
 760              		.loc 1 197 5 is_stmt 0 discriminator 200 view .LVU280
 761 024a 9A60     		str	r2, [r3, #8]
 198:Drivers/STM32F4xx_HAL_Driver/Src/stm32f4xx_hal_dma_ex.c ****     __HAL_DMA_CLEAR_FLAG (hdma, __HAL_DMA_GET_DME_FLAG_INDEX(hdma));
 762              		.loc 1 198 5 is_stmt 1 view .LVU281
 198:Drivers/STM32F4xx_HAL_Driver/Src/stm32f4xx_hal_dma_ex.c ****     __HAL_DMA_CLEAR_FLAG (hdma, __HAL_DMA_GET_DME_FLAG_INDEX(hdma));
ARM GAS  C:\Users\joshr\AppData\Local\Temp\ccqXMkG0.s 			page 24


 763              		.loc 1 198 5 is_stmt 0 discriminator 200 view .LVU282
 764 024c 0821     		movs	r1, #8
 199:Drivers/STM32F4xx_HAL_Driver/Src/stm32f4xx_hal_dma_ex.c ****     __HAL_DMA_CLEAR_FLAG (hdma, __HAL_DMA_GET_FE_FLAG_INDEX(hdma));
 765              		.loc 1 199 5 discriminator 200 view .LVU283
 766 024e 0422     		movs	r2, #4
 198:Drivers/STM32F4xx_HAL_Driver/Src/stm32f4xx_hal_dma_ex.c ****     __HAL_DMA_CLEAR_FLAG (hdma, __HAL_DMA_GET_DME_FLAG_INDEX(hdma));
 767              		.loc 1 198 5 discriminator 200 view .LVU284
 768 0250 9960     		str	r1, [r3, #8]
 199:Drivers/STM32F4xx_HAL_Driver/Src/stm32f4xx_hal_dma_ex.c ****     __HAL_DMA_CLEAR_FLAG (hdma, __HAL_DMA_GET_FE_FLAG_INDEX(hdma));
 769              		.loc 1 199 5 is_stmt 1 view .LVU285
 199:Drivers/STM32F4xx_HAL_Driver/Src/stm32f4xx_hal_dma_ex.c ****     __HAL_DMA_CLEAR_FLAG (hdma, __HAL_DMA_GET_FE_FLAG_INDEX(hdma));
 770              		.loc 1 199 5 is_stmt 0 discriminator 200 view .LVU286
 771 0252 9A60     		str	r2, [r3, #8]
 200:Drivers/STM32F4xx_HAL_Driver/Src/stm32f4xx_hal_dma_ex.c **** 
 772              		.loc 1 200 5 is_stmt 1 view .LVU287
 200:Drivers/STM32F4xx_HAL_Driver/Src/stm32f4xx_hal_dma_ex.c **** 
 773              		.loc 1 200 5 is_stmt 0 discriminator 154 view .LVU288
 774 0254 0122     		movs	r2, #1
 775 0256 C7E7     		b	.L40
 776              	.LVL74:
 777              	.L33:
 196:Drivers/STM32F4xx_HAL_Driver/Src/stm32f4xx_hal_dma_ex.c ****     __HAL_DMA_CLEAR_FLAG (hdma, __HAL_DMA_GET_HT_FLAG_INDEX(hdma));
 778              		.loc 1 196 5 discriminator 151 view .LVU289
 779 0258 334B     		ldr	r3, .L64+24
 780 025a 2021     		movs	r1, #32
 781              	.LVL75:
 197:Drivers/STM32F4xx_HAL_Driver/Src/stm32f4xx_hal_dma_ex.c ****     __HAL_DMA_CLEAR_FLAG (hdma, __HAL_DMA_GET_TE_FLAG_INDEX(hdma));
 782              		.loc 1 197 5 discriminator 151 view .LVU290
 783 025c 1022     		movs	r2, #16
 784              	.LVL76:
 196:Drivers/STM32F4xx_HAL_Driver/Src/stm32f4xx_hal_dma_ex.c ****     __HAL_DMA_CLEAR_FLAG (hdma, __HAL_DMA_GET_HT_FLAG_INDEX(hdma));
 785              		.loc 1 196 5 discriminator 151 view .LVU291
 786 025e D960     		str	r1, [r3, #12]
 787              	.LVL77:
 197:Drivers/STM32F4xx_HAL_Driver/Src/stm32f4xx_hal_dma_ex.c ****     __HAL_DMA_CLEAR_FLAG (hdma, __HAL_DMA_GET_TE_FLAG_INDEX(hdma));
 788              		.loc 1 197 5 is_stmt 1 view .LVU292
 197:Drivers/STM32F4xx_HAL_Driver/Src/stm32f4xx_hal_dma_ex.c ****     __HAL_DMA_CLEAR_FLAG (hdma, __HAL_DMA_GET_TE_FLAG_INDEX(hdma));
 789              		.loc 1 197 5 is_stmt 0 discriminator 151 view .LVU293
 790 0260 DA60     		str	r2, [r3, #12]
 198:Drivers/STM32F4xx_HAL_Driver/Src/stm32f4xx_hal_dma_ex.c ****     __HAL_DMA_CLEAR_FLAG (hdma, __HAL_DMA_GET_DME_FLAG_INDEX(hdma));
 791              		.loc 1 198 5 is_stmt 1 view .LVU294
 198:Drivers/STM32F4xx_HAL_Driver/Src/stm32f4xx_hal_dma_ex.c ****     __HAL_DMA_CLEAR_FLAG (hdma, __HAL_DMA_GET_DME_FLAG_INDEX(hdma));
 792              		.loc 1 198 5 is_stmt 0 discriminator 151 view .LVU295
 793 0262 0821     		movs	r1, #8
 199:Drivers/STM32F4xx_HAL_Driver/Src/stm32f4xx_hal_dma_ex.c ****     __HAL_DMA_CLEAR_FLAG (hdma, __HAL_DMA_GET_FE_FLAG_INDEX(hdma));
 794              		.loc 1 199 5 discriminator 151 view .LVU296
 795 0264 0422     		movs	r2, #4
 198:Drivers/STM32F4xx_HAL_Driver/Src/stm32f4xx_hal_dma_ex.c ****     __HAL_DMA_CLEAR_FLAG (hdma, __HAL_DMA_GET_DME_FLAG_INDEX(hdma));
 796              		.loc 1 198 5 discriminator 151 view .LVU297
 797 0266 D960     		str	r1, [r3, #12]
 199:Drivers/STM32F4xx_HAL_Driver/Src/stm32f4xx_hal_dma_ex.c ****     __HAL_DMA_CLEAR_FLAG (hdma, __HAL_DMA_GET_FE_FLAG_INDEX(hdma));
 798              		.loc 1 199 5 is_stmt 1 view .LVU298
 199:Drivers/STM32F4xx_HAL_Driver/Src/stm32f4xx_hal_dma_ex.c ****     __HAL_DMA_CLEAR_FLAG (hdma, __HAL_DMA_GET_FE_FLAG_INDEX(hdma));
 799              		.loc 1 199 5 is_stmt 0 discriminator 151 view .LVU299
 800 0268 DA60     		str	r2, [r3, #12]
 200:Drivers/STM32F4xx_HAL_Driver/Src/stm32f4xx_hal_dma_ex.c **** 
 801              		.loc 1 200 5 is_stmt 1 view .LVU300
ARM GAS  C:\Users\joshr\AppData\Local\Temp\ccqXMkG0.s 			page 25


 200:Drivers/STM32F4xx_HAL_Driver/Src/stm32f4xx_hal_dma_ex.c **** 
 802              		.loc 1 200 5 is_stmt 0 discriminator 109 view .LVU301
 803 026a 0122     		movs	r2, #1
 804 026c 47E7     		b	.L36
 805              	.LVL78:
 806              	.L63:
 196:Drivers/STM32F4xx_HAL_Driver/Src/stm32f4xx_hal_dma_ex.c ****     __HAL_DMA_CLEAR_FLAG (hdma, __HAL_DMA_GET_HT_FLAG_INDEX(hdma));
 807              		.loc 1 196 5 discriminator 100 view .LVU302
 808 026e 4FF40011 		mov	r1, #2097152
 809              	.LVL79:
 197:Drivers/STM32F4xx_HAL_Driver/Src/stm32f4xx_hal_dma_ex.c ****     __HAL_DMA_CLEAR_FLAG (hdma, __HAL_DMA_GET_TE_FLAG_INDEX(hdma));
 810              		.loc 1 197 5 discriminator 100 view .LVU303
 811 0272 4FF48012 		mov	r2, #1048576
 812              	.LVL80:
 196:Drivers/STM32F4xx_HAL_Driver/Src/stm32f4xx_hal_dma_ex.c ****     __HAL_DMA_CLEAR_FLAG (hdma, __HAL_DMA_GET_HT_FLAG_INDEX(hdma));
 813              		.loc 1 196 5 discriminator 100 view .LVU304
 814 0276 43F8381C 		str	r1, [r3, #-56]
 815              	.LVL81:
 197:Drivers/STM32F4xx_HAL_Driver/Src/stm32f4xx_hal_dma_ex.c ****     __HAL_DMA_CLEAR_FLAG (hdma, __HAL_DMA_GET_TE_FLAG_INDEX(hdma));
 816              		.loc 1 197 5 is_stmt 1 view .LVU305
 197:Drivers/STM32F4xx_HAL_Driver/Src/stm32f4xx_hal_dma_ex.c ****     __HAL_DMA_CLEAR_FLAG (hdma, __HAL_DMA_GET_TE_FLAG_INDEX(hdma));
 817              		.loc 1 197 5 is_stmt 0 discriminator 100 view .LVU306
 818 027a 43F8382C 		str	r2, [r3, #-56]
 198:Drivers/STM32F4xx_HAL_Driver/Src/stm32f4xx_hal_dma_ex.c ****     __HAL_DMA_CLEAR_FLAG (hdma, __HAL_DMA_GET_DME_FLAG_INDEX(hdma));
 819              		.loc 1 198 5 is_stmt 1 view .LVU307
 198:Drivers/STM32F4xx_HAL_Driver/Src/stm32f4xx_hal_dma_ex.c ****     __HAL_DMA_CLEAR_FLAG (hdma, __HAL_DMA_GET_DME_FLAG_INDEX(hdma));
 820              		.loc 1 198 5 is_stmt 0 discriminator 100 view .LVU308
 821 027e 4FF40021 		mov	r1, #524288
 199:Drivers/STM32F4xx_HAL_Driver/Src/stm32f4xx_hal_dma_ex.c ****     __HAL_DMA_CLEAR_FLAG (hdma, __HAL_DMA_GET_FE_FLAG_INDEX(hdma));
 822              		.loc 1 199 5 discriminator 100 view .LVU309
 823 0282 4FF48022 		mov	r2, #262144
 198:Drivers/STM32F4xx_HAL_Driver/Src/stm32f4xx_hal_dma_ex.c ****     __HAL_DMA_CLEAR_FLAG (hdma, __HAL_DMA_GET_DME_FLAG_INDEX(hdma));
 824              		.loc 1 198 5 discriminator 100 view .LVU310
 825 0286 43F8381C 		str	r1, [r3, #-56]
 199:Drivers/STM32F4xx_HAL_Driver/Src/stm32f4xx_hal_dma_ex.c ****     __HAL_DMA_CLEAR_FLAG (hdma, __HAL_DMA_GET_FE_FLAG_INDEX(hdma));
 826              		.loc 1 199 5 is_stmt 1 view .LVU311
 199:Drivers/STM32F4xx_HAL_Driver/Src/stm32f4xx_hal_dma_ex.c ****     __HAL_DMA_CLEAR_FLAG (hdma, __HAL_DMA_GET_FE_FLAG_INDEX(hdma));
 827              		.loc 1 199 5 is_stmt 0 discriminator 100 view .LVU312
 828 028a 43F8382C 		str	r2, [r3, #-56]
 200:Drivers/STM32F4xx_HAL_Driver/Src/stm32f4xx_hal_dma_ex.c **** 
 829              		.loc 1 200 5 is_stmt 1 view .LVU313
 200:Drivers/STM32F4xx_HAL_Driver/Src/stm32f4xx_hal_dma_ex.c **** 
 830              		.loc 1 200 5 is_stmt 0 discriminator 72 view .LVU314
 831 028e 4FF48032 		mov	r2, #65536
 832 0292 66E7     		b	.L31
 833              	.LVL82:
 834              	.L38:
 196:Drivers/STM32F4xx_HAL_Driver/Src/stm32f4xx_hal_dma_ex.c ****     __HAL_DMA_CLEAR_FLAG (hdma, __HAL_DMA_GET_HT_FLAG_INDEX(hdma));
 835              		.loc 1 196 5 discriminator 200 view .LVU315
 836 0294 244B     		ldr	r3, .L64+24
 837 0296 4FF40061 		mov	r1, #2048
 838              	.LVL83:
 197:Drivers/STM32F4xx_HAL_Driver/Src/stm32f4xx_hal_dma_ex.c ****     __HAL_DMA_CLEAR_FLAG (hdma, __HAL_DMA_GET_TE_FLAG_INDEX(hdma));
 839              		.loc 1 197 5 discriminator 200 view .LVU316
 840 029a 4FF48062 		mov	r2, #1024
 841              	.LVL84:
 196:Drivers/STM32F4xx_HAL_Driver/Src/stm32f4xx_hal_dma_ex.c ****     __HAL_DMA_CLEAR_FLAG (hdma, __HAL_DMA_GET_HT_FLAG_INDEX(hdma));
ARM GAS  C:\Users\joshr\AppData\Local\Temp\ccqXMkG0.s 			page 26


 842              		.loc 1 196 5 discriminator 200 view .LVU317
 843 029e 9960     		str	r1, [r3, #8]
 844              	.LVL85:
 197:Drivers/STM32F4xx_HAL_Driver/Src/stm32f4xx_hal_dma_ex.c ****     __HAL_DMA_CLEAR_FLAG (hdma, __HAL_DMA_GET_TE_FLAG_INDEX(hdma));
 845              		.loc 1 197 5 is_stmt 1 view .LVU318
 197:Drivers/STM32F4xx_HAL_Driver/Src/stm32f4xx_hal_dma_ex.c ****     __HAL_DMA_CLEAR_FLAG (hdma, __HAL_DMA_GET_TE_FLAG_INDEX(hdma));
 846              		.loc 1 197 5 is_stmt 0 discriminator 200 view .LVU319
 847 02a0 9A60     		str	r2, [r3, #8]
 198:Drivers/STM32F4xx_HAL_Driver/Src/stm32f4xx_hal_dma_ex.c ****     __HAL_DMA_CLEAR_FLAG (hdma, __HAL_DMA_GET_DME_FLAG_INDEX(hdma));
 848              		.loc 1 198 5 is_stmt 1 view .LVU320
 198:Drivers/STM32F4xx_HAL_Driver/Src/stm32f4xx_hal_dma_ex.c ****     __HAL_DMA_CLEAR_FLAG (hdma, __HAL_DMA_GET_DME_FLAG_INDEX(hdma));
 849              		.loc 1 198 5 is_stmt 0 discriminator 200 view .LVU321
 850 02a2 4FF40071 		mov	r1, #512
 199:Drivers/STM32F4xx_HAL_Driver/Src/stm32f4xx_hal_dma_ex.c ****     __HAL_DMA_CLEAR_FLAG (hdma, __HAL_DMA_GET_FE_FLAG_INDEX(hdma));
 851              		.loc 1 199 5 discriminator 200 view .LVU322
 852 02a6 4FF48072 		mov	r2, #256
 198:Drivers/STM32F4xx_HAL_Driver/Src/stm32f4xx_hal_dma_ex.c ****     __HAL_DMA_CLEAR_FLAG (hdma, __HAL_DMA_GET_DME_FLAG_INDEX(hdma));
 853              		.loc 1 198 5 discriminator 200 view .LVU323
 854 02aa 9960     		str	r1, [r3, #8]
 199:Drivers/STM32F4xx_HAL_Driver/Src/stm32f4xx_hal_dma_ex.c ****     __HAL_DMA_CLEAR_FLAG (hdma, __HAL_DMA_GET_FE_FLAG_INDEX(hdma));
 855              		.loc 1 199 5 is_stmt 1 view .LVU324
 199:Drivers/STM32F4xx_HAL_Driver/Src/stm32f4xx_hal_dma_ex.c ****     __HAL_DMA_CLEAR_FLAG (hdma, __HAL_DMA_GET_FE_FLAG_INDEX(hdma));
 856              		.loc 1 199 5 is_stmt 0 discriminator 200 view .LVU325
 857 02ac 9A60     		str	r2, [r3, #8]
 200:Drivers/STM32F4xx_HAL_Driver/Src/stm32f4xx_hal_dma_ex.c **** 
 858              		.loc 1 200 5 is_stmt 1 view .LVU326
 200:Drivers/STM32F4xx_HAL_Driver/Src/stm32f4xx_hal_dma_ex.c **** 
 859              		.loc 1 200 5 is_stmt 0 discriminator 162 view .LVU327
 860 02ae 4022     		movs	r2, #64
 861 02b0 9AE7     		b	.L40
 862              	.LVL86:
 863              	.L34:
 196:Drivers/STM32F4xx_HAL_Driver/Src/stm32f4xx_hal_dma_ex.c ****     __HAL_DMA_CLEAR_FLAG (hdma, __HAL_DMA_GET_HT_FLAG_INDEX(hdma));
 864              		.loc 1 196 5 discriminator 151 view .LVU328
 865 02b2 1D4B     		ldr	r3, .L64+24
 866 02b4 4FF40061 		mov	r1, #2048
 867              	.LVL87:
 197:Drivers/STM32F4xx_HAL_Driver/Src/stm32f4xx_hal_dma_ex.c ****     __HAL_DMA_CLEAR_FLAG (hdma, __HAL_DMA_GET_TE_FLAG_INDEX(hdma));
 868              		.loc 1 197 5 discriminator 151 view .LVU329
 869 02b8 4FF48062 		mov	r2, #1024
 870              	.LVL88:
 196:Drivers/STM32F4xx_HAL_Driver/Src/stm32f4xx_hal_dma_ex.c ****     __HAL_DMA_CLEAR_FLAG (hdma, __HAL_DMA_GET_HT_FLAG_INDEX(hdma));
 871              		.loc 1 196 5 discriminator 151 view .LVU330
 872 02bc D960     		str	r1, [r3, #12]
 873              	.LVL89:
 197:Drivers/STM32F4xx_HAL_Driver/Src/stm32f4xx_hal_dma_ex.c ****     __HAL_DMA_CLEAR_FLAG (hdma, __HAL_DMA_GET_TE_FLAG_INDEX(hdma));
 874              		.loc 1 197 5 is_stmt 1 view .LVU331
 197:Drivers/STM32F4xx_HAL_Driver/Src/stm32f4xx_hal_dma_ex.c ****     __HAL_DMA_CLEAR_FLAG (hdma, __HAL_DMA_GET_TE_FLAG_INDEX(hdma));
 875              		.loc 1 197 5 is_stmt 0 discriminator 151 view .LVU332
 876 02be DA60     		str	r2, [r3, #12]
 198:Drivers/STM32F4xx_HAL_Driver/Src/stm32f4xx_hal_dma_ex.c ****     __HAL_DMA_CLEAR_FLAG (hdma, __HAL_DMA_GET_DME_FLAG_INDEX(hdma));
 877              		.loc 1 198 5 is_stmt 1 view .LVU333
 198:Drivers/STM32F4xx_HAL_Driver/Src/stm32f4xx_hal_dma_ex.c ****     __HAL_DMA_CLEAR_FLAG (hdma, __HAL_DMA_GET_DME_FLAG_INDEX(hdma));
 878              		.loc 1 198 5 is_stmt 0 discriminator 151 view .LVU334
 879 02c0 4FF40071 		mov	r1, #512
 199:Drivers/STM32F4xx_HAL_Driver/Src/stm32f4xx_hal_dma_ex.c ****     __HAL_DMA_CLEAR_FLAG (hdma, __HAL_DMA_GET_FE_FLAG_INDEX(hdma));
 880              		.loc 1 199 5 discriminator 151 view .LVU335
ARM GAS  C:\Users\joshr\AppData\Local\Temp\ccqXMkG0.s 			page 27


 881 02c4 4FF48072 		mov	r2, #256
 198:Drivers/STM32F4xx_HAL_Driver/Src/stm32f4xx_hal_dma_ex.c ****     __HAL_DMA_CLEAR_FLAG (hdma, __HAL_DMA_GET_DME_FLAG_INDEX(hdma));
 882              		.loc 1 198 5 discriminator 151 view .LVU336
 883 02c8 D960     		str	r1, [r3, #12]
 199:Drivers/STM32F4xx_HAL_Driver/Src/stm32f4xx_hal_dma_ex.c ****     __HAL_DMA_CLEAR_FLAG (hdma, __HAL_DMA_GET_FE_FLAG_INDEX(hdma));
 884              		.loc 1 199 5 is_stmt 1 view .LVU337
 199:Drivers/STM32F4xx_HAL_Driver/Src/stm32f4xx_hal_dma_ex.c ****     __HAL_DMA_CLEAR_FLAG (hdma, __HAL_DMA_GET_FE_FLAG_INDEX(hdma));
 885              		.loc 1 199 5 is_stmt 0 discriminator 151 view .LVU338
 886 02ca DA60     		str	r2, [r3, #12]
 200:Drivers/STM32F4xx_HAL_Driver/Src/stm32f4xx_hal_dma_ex.c **** 
 887              		.loc 1 200 5 is_stmt 1 view .LVU339
 200:Drivers/STM32F4xx_HAL_Driver/Src/stm32f4xx_hal_dma_ex.c **** 
 888              		.loc 1 200 5 is_stmt 0 discriminator 117 view .LVU340
 889 02cc 4022     		movs	r2, #64
 890 02ce 16E7     		b	.L36
 891              	.LVL90:
 892              	.L39:
 196:Drivers/STM32F4xx_HAL_Driver/Src/stm32f4xx_hal_dma_ex.c ****     __HAL_DMA_CLEAR_FLAG (hdma, __HAL_DMA_GET_HT_FLAG_INDEX(hdma));
 893              		.loc 1 196 5 discriminator 200 view .LVU341
 894 02d0 154B     		ldr	r3, .L64+24
 895 02d2 4FF40011 		mov	r1, #2097152
 896              	.LVL91:
 197:Drivers/STM32F4xx_HAL_Driver/Src/stm32f4xx_hal_dma_ex.c ****     __HAL_DMA_CLEAR_FLAG (hdma, __HAL_DMA_GET_TE_FLAG_INDEX(hdma));
 897              		.loc 1 197 5 discriminator 200 view .LVU342
 898 02d6 4FF48012 		mov	r2, #1048576
 899              	.LVL92:
 196:Drivers/STM32F4xx_HAL_Driver/Src/stm32f4xx_hal_dma_ex.c ****     __HAL_DMA_CLEAR_FLAG (hdma, __HAL_DMA_GET_HT_FLAG_INDEX(hdma));
 900              		.loc 1 196 5 discriminator 200 view .LVU343
 901 02da 9960     		str	r1, [r3, #8]
 902              	.LVL93:
 197:Drivers/STM32F4xx_HAL_Driver/Src/stm32f4xx_hal_dma_ex.c ****     __HAL_DMA_CLEAR_FLAG (hdma, __HAL_DMA_GET_TE_FLAG_INDEX(hdma));
 903              		.loc 1 197 5 is_stmt 1 view .LVU344
 197:Drivers/STM32F4xx_HAL_Driver/Src/stm32f4xx_hal_dma_ex.c ****     __HAL_DMA_CLEAR_FLAG (hdma, __HAL_DMA_GET_TE_FLAG_INDEX(hdma));
 904              		.loc 1 197 5 is_stmt 0 discriminator 200 view .LVU345
 905 02dc 9A60     		str	r2, [r3, #8]
 198:Drivers/STM32F4xx_HAL_Driver/Src/stm32f4xx_hal_dma_ex.c ****     __HAL_DMA_CLEAR_FLAG (hdma, __HAL_DMA_GET_DME_FLAG_INDEX(hdma));
 906              		.loc 1 198 5 is_stmt 1 view .LVU346
 198:Drivers/STM32F4xx_HAL_Driver/Src/stm32f4xx_hal_dma_ex.c ****     __HAL_DMA_CLEAR_FLAG (hdma, __HAL_DMA_GET_DME_FLAG_INDEX(hdma));
 907              		.loc 1 198 5 is_stmt 0 discriminator 200 view .LVU347
 908 02de 4FF40021 		mov	r1, #524288
 199:Drivers/STM32F4xx_HAL_Driver/Src/stm32f4xx_hal_dma_ex.c ****     __HAL_DMA_CLEAR_FLAG (hdma, __HAL_DMA_GET_FE_FLAG_INDEX(hdma));
 909              		.loc 1 199 5 discriminator 200 view .LVU348
 910 02e2 4FF48022 		mov	r2, #262144
 198:Drivers/STM32F4xx_HAL_Driver/Src/stm32f4xx_hal_dma_ex.c ****     __HAL_DMA_CLEAR_FLAG (hdma, __HAL_DMA_GET_DME_FLAG_INDEX(hdma));
 911              		.loc 1 198 5 discriminator 200 view .LVU349
 912 02e6 9960     		str	r1, [r3, #8]
 199:Drivers/STM32F4xx_HAL_Driver/Src/stm32f4xx_hal_dma_ex.c ****     __HAL_DMA_CLEAR_FLAG (hdma, __HAL_DMA_GET_FE_FLAG_INDEX(hdma));
 913              		.loc 1 199 5 is_stmt 1 view .LVU350
 199:Drivers/STM32F4xx_HAL_Driver/Src/stm32f4xx_hal_dma_ex.c ****     __HAL_DMA_CLEAR_FLAG (hdma, __HAL_DMA_GET_FE_FLAG_INDEX(hdma));
 914              		.loc 1 199 5 is_stmt 0 discriminator 200 view .LVU351
 915 02e8 9A60     		str	r2, [r3, #8]
 200:Drivers/STM32F4xx_HAL_Driver/Src/stm32f4xx_hal_dma_ex.c **** 
 916              		.loc 1 200 5 is_stmt 1 view .LVU352
 200:Drivers/STM32F4xx_HAL_Driver/Src/stm32f4xx_hal_dma_ex.c **** 
 917              		.loc 1 200 5 is_stmt 0 discriminator 170 view .LVU353
 918 02ea 4FF48032 		mov	r2, #65536
 919 02ee 7BE7     		b	.L40
ARM GAS  C:\Users\joshr\AppData\Local\Temp\ccqXMkG0.s 			page 28


 920              	.LVL94:
 921              	.L35:
 196:Drivers/STM32F4xx_HAL_Driver/Src/stm32f4xx_hal_dma_ex.c ****     __HAL_DMA_CLEAR_FLAG (hdma, __HAL_DMA_GET_HT_FLAG_INDEX(hdma));
 922              		.loc 1 196 5 discriminator 151 view .LVU354
 923 02f0 0D4B     		ldr	r3, .L64+24
 924 02f2 4FF40011 		mov	r1, #2097152
 925              	.LVL95:
 197:Drivers/STM32F4xx_HAL_Driver/Src/stm32f4xx_hal_dma_ex.c ****     __HAL_DMA_CLEAR_FLAG (hdma, __HAL_DMA_GET_TE_FLAG_INDEX(hdma));
 926              		.loc 1 197 5 discriminator 151 view .LVU355
 927 02f6 4FF48012 		mov	r2, #1048576
 928              	.LVL96:
 196:Drivers/STM32F4xx_HAL_Driver/Src/stm32f4xx_hal_dma_ex.c ****     __HAL_DMA_CLEAR_FLAG (hdma, __HAL_DMA_GET_HT_FLAG_INDEX(hdma));
 929              		.loc 1 196 5 discriminator 151 view .LVU356
 930 02fa D960     		str	r1, [r3, #12]
 931              	.LVL97:
 197:Drivers/STM32F4xx_HAL_Driver/Src/stm32f4xx_hal_dma_ex.c ****     __HAL_DMA_CLEAR_FLAG (hdma, __HAL_DMA_GET_TE_FLAG_INDEX(hdma));
 932              		.loc 1 197 5 is_stmt 1 view .LVU357
 197:Drivers/STM32F4xx_HAL_Driver/Src/stm32f4xx_hal_dma_ex.c ****     __HAL_DMA_CLEAR_FLAG (hdma, __HAL_DMA_GET_TE_FLAG_INDEX(hdma));
 933              		.loc 1 197 5 is_stmt 0 discriminator 151 view .LVU358
 934 02fc DA60     		str	r2, [r3, #12]
 198:Drivers/STM32F4xx_HAL_Driver/Src/stm32f4xx_hal_dma_ex.c ****     __HAL_DMA_CLEAR_FLAG (hdma, __HAL_DMA_GET_DME_FLAG_INDEX(hdma));
 935              		.loc 1 198 5 is_stmt 1 view .LVU359
 198:Drivers/STM32F4xx_HAL_Driver/Src/stm32f4xx_hal_dma_ex.c ****     __HAL_DMA_CLEAR_FLAG (hdma, __HAL_DMA_GET_DME_FLAG_INDEX(hdma));
 936              		.loc 1 198 5 is_stmt 0 discriminator 151 view .LVU360
 937 02fe 4FF40021 		mov	r1, #524288
 199:Drivers/STM32F4xx_HAL_Driver/Src/stm32f4xx_hal_dma_ex.c ****     __HAL_DMA_CLEAR_FLAG (hdma, __HAL_DMA_GET_FE_FLAG_INDEX(hdma));
 938              		.loc 1 199 5 discriminator 151 view .LVU361
 939 0302 4FF48022 		mov	r2, #262144
 198:Drivers/STM32F4xx_HAL_Driver/Src/stm32f4xx_hal_dma_ex.c ****     __HAL_DMA_CLEAR_FLAG (hdma, __HAL_DMA_GET_DME_FLAG_INDEX(hdma));
 940              		.loc 1 198 5 discriminator 151 view .LVU362
 941 0306 D960     		str	r1, [r3, #12]
 199:Drivers/STM32F4xx_HAL_Driver/Src/stm32f4xx_hal_dma_ex.c ****     __HAL_DMA_CLEAR_FLAG (hdma, __HAL_DMA_GET_FE_FLAG_INDEX(hdma));
 942              		.loc 1 199 5 is_stmt 1 view .LVU363
 199:Drivers/STM32F4xx_HAL_Driver/Src/stm32f4xx_hal_dma_ex.c ****     __HAL_DMA_CLEAR_FLAG (hdma, __HAL_DMA_GET_FE_FLAG_INDEX(hdma));
 943              		.loc 1 199 5 is_stmt 0 discriminator 151 view .LVU364
 944 0308 DA60     		str	r2, [r3, #12]
 200:Drivers/STM32F4xx_HAL_Driver/Src/stm32f4xx_hal_dma_ex.c **** 
 945              		.loc 1 200 5 is_stmt 1 view .LVU365
 200:Drivers/STM32F4xx_HAL_Driver/Src/stm32f4xx_hal_dma_ex.c **** 
 946              		.loc 1 200 5 is_stmt 0 discriminator 125 view .LVU366
 947 030a 4FF48032 		mov	r2, #65536
 948 030e F6E6     		b	.L36
 949              	.L65:
 950              		.align	2
 951              	.L64:
 952 0310 58640240 		.word	1073898584
 953 0314 88640240 		.word	1073898632
 954 0318 A0640240 		.word	1073898656
 955 031c 00640240 		.word	1073898496
 956 0320 B8600240 		.word	1073897656
 957 0324 58600240 		.word	1073897560
 958 0328 00600240 		.word	1073897472
 959 032c 10600240 		.word	1073897488
 960              		.cfi_endproc
 961              	.LFE135:
 963              		.section	.text.HAL_DMAEx_ChangeMemory,"ax",%progbits
 964              		.align	1
ARM GAS  C:\Users\joshr\AppData\Local\Temp\ccqXMkG0.s 			page 29


 965              		.p2align 2,,3
 966              		.global	HAL_DMAEx_ChangeMemory
 967              		.syntax unified
 968              		.thumb
 969              		.thumb_func
 971              	HAL_DMAEx_ChangeMemory:
 972              	.LVL98:
 973              	.LFB136:
 240:Drivers/STM32F4xx_HAL_Driver/Src/stm32f4xx_hal_dma_ex.c ****   if(memory == MEMORY0)
 974              		.loc 1 240 1 is_stmt 1 view -0
 975              		.cfi_startproc
 976              		@ args = 0, pretend = 0, frame = 0
 977              		@ frame_needed = 0, uses_anonymous_args = 0
 978              		@ link register save eliminated.
 241:Drivers/STM32F4xx_HAL_Driver/Src/stm32f4xx_hal_dma_ex.c ****   {
 979              		.loc 1 241 3 view .LVU368
 244:Drivers/STM32F4xx_HAL_Driver/Src/stm32f4xx_hal_dma_ex.c ****   }
 980              		.loc 1 244 9 is_stmt 0 view .LVU369
 981 0000 0368     		ldr	r3, [r0]
 241:Drivers/STM32F4xx_HAL_Driver/Src/stm32f4xx_hal_dma_ex.c ****   {
 982              		.loc 1 241 5 view .LVU370
 983 0002 12B9     		cbnz	r2, .L67
 244:Drivers/STM32F4xx_HAL_Driver/Src/stm32f4xx_hal_dma_ex.c ****   }
 984              		.loc 1 244 5 is_stmt 1 view .LVU371
 244:Drivers/STM32F4xx_HAL_Driver/Src/stm32f4xx_hal_dma_ex.c ****   }
 985              		.loc 1 244 26 is_stmt 0 view .LVU372
 986 0004 D960     		str	r1, [r3, #12]
 252:Drivers/STM32F4xx_HAL_Driver/Src/stm32f4xx_hal_dma_ex.c **** }
 987              		.loc 1 252 3 is_stmt 1 view .LVU373
 253:Drivers/STM32F4xx_HAL_Driver/Src/stm32f4xx_hal_dma_ex.c **** 
 988              		.loc 1 253 1 is_stmt 0 view .LVU374
 989 0006 0020     		movs	r0, #0
 990              	.LVL99:
 253:Drivers/STM32F4xx_HAL_Driver/Src/stm32f4xx_hal_dma_ex.c **** 
 991              		.loc 1 253 1 view .LVU375
 992 0008 7047     		bx	lr
 993              	.LVL100:
 994              	.L67:
 249:Drivers/STM32F4xx_HAL_Driver/Src/stm32f4xx_hal_dma_ex.c ****   }
 995              		.loc 1 249 5 is_stmt 1 view .LVU376
 249:Drivers/STM32F4xx_HAL_Driver/Src/stm32f4xx_hal_dma_ex.c ****   }
 996              		.loc 1 249 26 is_stmt 0 view .LVU377
 997 000a 1961     		str	r1, [r3, #16]
 252:Drivers/STM32F4xx_HAL_Driver/Src/stm32f4xx_hal_dma_ex.c **** }
 998              		.loc 1 252 3 is_stmt 1 view .LVU378
 253:Drivers/STM32F4xx_HAL_Driver/Src/stm32f4xx_hal_dma_ex.c **** 
 999              		.loc 1 253 1 is_stmt 0 view .LVU379
 1000 000c 0020     		movs	r0, #0
 1001              	.LVL101:
 253:Drivers/STM32F4xx_HAL_Driver/Src/stm32f4xx_hal_dma_ex.c **** 
 1002              		.loc 1 253 1 view .LVU380
 1003 000e 7047     		bx	lr
 1004              		.cfi_endproc
 1005              	.LFE136:
 1007              		.text
 1008              	.Letext0:
 1009              		.file 2 "C:\\ST\\STM32CubeIDE_1.19.0\\STM32CubeIDE\\plugins\\com.st.stm32cube.ide.mcu.externaltool
ARM GAS  C:\Users\joshr\AppData\Local\Temp\ccqXMkG0.s 			page 30


 1010              		.file 3 "C:\\ST\\STM32CubeIDE_1.19.0\\STM32CubeIDE\\plugins\\com.st.stm32cube.ide.mcu.externaltool
 1011              		.file 4 "Drivers/CMSIS/Device/ST/STM32F4xx/Include/stm32f446xx.h"
 1012              		.file 5 "Drivers/STM32F4xx_HAL_Driver/Inc/stm32f4xx_hal_def.h"
 1013              		.file 6 "Drivers/STM32F4xx_HAL_Driver/Inc/stm32f4xx_hal_dma.h"
 1014              		.file 7 "Drivers/STM32F4xx_HAL_Driver/Inc/stm32f4xx_hal_dma_ex.h"
ARM GAS  C:\Users\joshr\AppData\Local\Temp\ccqXMkG0.s 			page 31


DEFINED SYMBOLS
                            *ABS*:00000000 stm32f4xx_hal_dma_ex.c
C:\Users\joshr\AppData\Local\Temp\ccqXMkG0.s:21     .text.HAL_DMAEx_MultiBufferStart:00000000 $t
C:\Users\joshr\AppData\Local\Temp\ccqXMkG0.s:28     .text.HAL_DMAEx_MultiBufferStart:00000000 HAL_DMAEx_MultiBufferStart
C:\Users\joshr\AppData\Local\Temp\ccqXMkG0.s:185    .text.HAL_DMAEx_MultiBufferStart_IT:00000000 $t
C:\Users\joshr\AppData\Local\Temp\ccqXMkG0.s:192    .text.HAL_DMAEx_MultiBufferStart_IT:00000000 HAL_DMAEx_MultiBufferStart_IT
C:\Users\joshr\AppData\Local\Temp\ccqXMkG0.s:952    .text.HAL_DMAEx_MultiBufferStart_IT:00000310 $d
C:\Users\joshr\AppData\Local\Temp\ccqXMkG0.s:964    .text.HAL_DMAEx_ChangeMemory:00000000 $t
C:\Users\joshr\AppData\Local\Temp\ccqXMkG0.s:971    .text.HAL_DMAEx_ChangeMemory:00000000 HAL_DMAEx_ChangeMemory

NO UNDEFINED SYMBOLS
