ARM GAS  C:\Users\Ebrahim\AppData\Local\Temp\ccl7RNMP.s 			page 1


   1              		.cpu cortex-m4
   2              		.arch armv7e-m
   3              		.fpu softvfp
   4              		.eabi_attribute 20, 1
   5              		.eabi_attribute 21, 1
   6              		.eabi_attribute 23, 3
   7              		.eabi_attribute 24, 1
   8              		.eabi_attribute 25, 1
   9              		.eabi_attribute 26, 1
  10              		.eabi_attribute 30, 1
  11              		.eabi_attribute 34, 1
  12              		.eabi_attribute 18, 4
  13              		.file	"stm32f4xx_hal_gpio.c"
  14              		.text
  15              	.Ltext0:
  16              		.cfi_sections	.debug_frame
  17              		.file 1 "Drivers/STM32F4xx_HAL_Driver/Src/stm32f4xx_hal_gpio.c"
  18              		.section	.text.HAL_GPIO_Init,"ax",%progbits
  19              		.align	1
  20              		.global	HAL_GPIO_Init
  21              		.syntax unified
  22              		.thumb
  23              		.thumb_func
  25              	HAL_GPIO_Init:
  26              	.LVL0:
  27              	.LFB134:
   1:Drivers/STM32F4xx_HAL_Driver/Src/stm32f4xx_hal_gpio.c **** /**
   2:Drivers/STM32F4xx_HAL_Driver/Src/stm32f4xx_hal_gpio.c ****   ******************************************************************************
   3:Drivers/STM32F4xx_HAL_Driver/Src/stm32f4xx_hal_gpio.c ****   * @file    stm32f4xx_hal_gpio.c
   4:Drivers/STM32F4xx_HAL_Driver/Src/stm32f4xx_hal_gpio.c ****   * @author  MCD Application Team
   5:Drivers/STM32F4xx_HAL_Driver/Src/stm32f4xx_hal_gpio.c ****   * @brief   GPIO HAL module driver.
   6:Drivers/STM32F4xx_HAL_Driver/Src/stm32f4xx_hal_gpio.c ****   *          This file provides firmware functions to manage the following 
   7:Drivers/STM32F4xx_HAL_Driver/Src/stm32f4xx_hal_gpio.c ****   *          functionalities of the General Purpose Input/Output (GPIO) peripheral:
   8:Drivers/STM32F4xx_HAL_Driver/Src/stm32f4xx_hal_gpio.c ****   *           + Initialization and de-initialization functions
   9:Drivers/STM32F4xx_HAL_Driver/Src/stm32f4xx_hal_gpio.c ****   *           + IO operation functions
  10:Drivers/STM32F4xx_HAL_Driver/Src/stm32f4xx_hal_gpio.c ****   *
  11:Drivers/STM32F4xx_HAL_Driver/Src/stm32f4xx_hal_gpio.c ****   ******************************************************************************
  12:Drivers/STM32F4xx_HAL_Driver/Src/stm32f4xx_hal_gpio.c ****   * @attention
  13:Drivers/STM32F4xx_HAL_Driver/Src/stm32f4xx_hal_gpio.c ****   *
  14:Drivers/STM32F4xx_HAL_Driver/Src/stm32f4xx_hal_gpio.c ****   * Copyright (c) 2017 STMicroelectronics.
  15:Drivers/STM32F4xx_HAL_Driver/Src/stm32f4xx_hal_gpio.c ****   * All rights reserved.
  16:Drivers/STM32F4xx_HAL_Driver/Src/stm32f4xx_hal_gpio.c ****   *
  17:Drivers/STM32F4xx_HAL_Driver/Src/stm32f4xx_hal_gpio.c ****   * This software is licensed under terms that can be found in the LICENSE file
  18:Drivers/STM32F4xx_HAL_Driver/Src/stm32f4xx_hal_gpio.c ****   * in the root directory of this software component.
  19:Drivers/STM32F4xx_HAL_Driver/Src/stm32f4xx_hal_gpio.c ****   * If no LICENSE file comes with this software, it is provided AS-IS.
  20:Drivers/STM32F4xx_HAL_Driver/Src/stm32f4xx_hal_gpio.c ****   *
  21:Drivers/STM32F4xx_HAL_Driver/Src/stm32f4xx_hal_gpio.c ****   ******************************************************************************
  22:Drivers/STM32F4xx_HAL_Driver/Src/stm32f4xx_hal_gpio.c ****   @verbatim
  23:Drivers/STM32F4xx_HAL_Driver/Src/stm32f4xx_hal_gpio.c ****   ==============================================================================
  24:Drivers/STM32F4xx_HAL_Driver/Src/stm32f4xx_hal_gpio.c ****                     ##### GPIO Peripheral features #####
  25:Drivers/STM32F4xx_HAL_Driver/Src/stm32f4xx_hal_gpio.c ****   ==============================================================================
  26:Drivers/STM32F4xx_HAL_Driver/Src/stm32f4xx_hal_gpio.c ****   [..] 
  27:Drivers/STM32F4xx_HAL_Driver/Src/stm32f4xx_hal_gpio.c ****   Subject to the specific hardware characteristics of each I/O port listed in the datasheet, each
  28:Drivers/STM32F4xx_HAL_Driver/Src/stm32f4xx_hal_gpio.c ****   port bit of the General Purpose IO (GPIO) Ports, can be individually configured by software
  29:Drivers/STM32F4xx_HAL_Driver/Src/stm32f4xx_hal_gpio.c ****   in several modes:
  30:Drivers/STM32F4xx_HAL_Driver/Src/stm32f4xx_hal_gpio.c ****   (+) Input mode 
  31:Drivers/STM32F4xx_HAL_Driver/Src/stm32f4xx_hal_gpio.c ****   (+) Analog mode
ARM GAS  C:\Users\Ebrahim\AppData\Local\Temp\ccl7RNMP.s 			page 2


  32:Drivers/STM32F4xx_HAL_Driver/Src/stm32f4xx_hal_gpio.c ****   (+) Output mode
  33:Drivers/STM32F4xx_HAL_Driver/Src/stm32f4xx_hal_gpio.c ****   (+) Alternate function mode
  34:Drivers/STM32F4xx_HAL_Driver/Src/stm32f4xx_hal_gpio.c ****   (+) External interrupt/event lines
  35:Drivers/STM32F4xx_HAL_Driver/Src/stm32f4xx_hal_gpio.c **** 
  36:Drivers/STM32F4xx_HAL_Driver/Src/stm32f4xx_hal_gpio.c ****   [..]  
  37:Drivers/STM32F4xx_HAL_Driver/Src/stm32f4xx_hal_gpio.c ****   During and just after reset, the alternate functions and external interrupt  
  38:Drivers/STM32F4xx_HAL_Driver/Src/stm32f4xx_hal_gpio.c ****   lines are not active and the I/O ports are configured in input floating mode.
  39:Drivers/STM32F4xx_HAL_Driver/Src/stm32f4xx_hal_gpio.c ****   
  40:Drivers/STM32F4xx_HAL_Driver/Src/stm32f4xx_hal_gpio.c ****   [..]   
  41:Drivers/STM32F4xx_HAL_Driver/Src/stm32f4xx_hal_gpio.c ****   All GPIO pins have weak internal pull-up and pull-down resistors, which can be 
  42:Drivers/STM32F4xx_HAL_Driver/Src/stm32f4xx_hal_gpio.c ****   activated or not.
  43:Drivers/STM32F4xx_HAL_Driver/Src/stm32f4xx_hal_gpio.c **** 
  44:Drivers/STM32F4xx_HAL_Driver/Src/stm32f4xx_hal_gpio.c ****   [..]
  45:Drivers/STM32F4xx_HAL_Driver/Src/stm32f4xx_hal_gpio.c ****   In Output or Alternate mode, each IO can be configured on open-drain or push-pull
  46:Drivers/STM32F4xx_HAL_Driver/Src/stm32f4xx_hal_gpio.c ****   type and the IO speed can be selected depending on the VDD value.
  47:Drivers/STM32F4xx_HAL_Driver/Src/stm32f4xx_hal_gpio.c **** 
  48:Drivers/STM32F4xx_HAL_Driver/Src/stm32f4xx_hal_gpio.c ****   [..]  
  49:Drivers/STM32F4xx_HAL_Driver/Src/stm32f4xx_hal_gpio.c ****   All ports have external interrupt/event capability. To use external interrupt 
  50:Drivers/STM32F4xx_HAL_Driver/Src/stm32f4xx_hal_gpio.c ****   lines, the port must be configured in input mode. All available GPIO pins are 
  51:Drivers/STM32F4xx_HAL_Driver/Src/stm32f4xx_hal_gpio.c ****   connected to the 16 external interrupt/event lines from EXTI0 to EXTI15.
  52:Drivers/STM32F4xx_HAL_Driver/Src/stm32f4xx_hal_gpio.c ****   
  53:Drivers/STM32F4xx_HAL_Driver/Src/stm32f4xx_hal_gpio.c ****   [..]
  54:Drivers/STM32F4xx_HAL_Driver/Src/stm32f4xx_hal_gpio.c ****   The external interrupt/event controller consists of up to 23 edge detectors 
  55:Drivers/STM32F4xx_HAL_Driver/Src/stm32f4xx_hal_gpio.c ****   (16 lines are connected to GPIO) for generating event/interrupt requests (each 
  56:Drivers/STM32F4xx_HAL_Driver/Src/stm32f4xx_hal_gpio.c ****   input line can be independently configured to select the type (interrupt or event) 
  57:Drivers/STM32F4xx_HAL_Driver/Src/stm32f4xx_hal_gpio.c ****   and the corresponding trigger event (rising or falling or both). Each line can 
  58:Drivers/STM32F4xx_HAL_Driver/Src/stm32f4xx_hal_gpio.c ****   also be masked independently. 
  59:Drivers/STM32F4xx_HAL_Driver/Src/stm32f4xx_hal_gpio.c **** 
  60:Drivers/STM32F4xx_HAL_Driver/Src/stm32f4xx_hal_gpio.c ****                      ##### How to use this driver #####
  61:Drivers/STM32F4xx_HAL_Driver/Src/stm32f4xx_hal_gpio.c ****   ==============================================================================  
  62:Drivers/STM32F4xx_HAL_Driver/Src/stm32f4xx_hal_gpio.c ****   [..]
  63:Drivers/STM32F4xx_HAL_Driver/Src/stm32f4xx_hal_gpio.c ****     (#) Enable the GPIO AHB clock using the following function: __HAL_RCC_GPIOx_CLK_ENABLE(). 
  64:Drivers/STM32F4xx_HAL_Driver/Src/stm32f4xx_hal_gpio.c **** 
  65:Drivers/STM32F4xx_HAL_Driver/Src/stm32f4xx_hal_gpio.c ****     (#) Configure the GPIO pin(s) using HAL_GPIO_Init().
  66:Drivers/STM32F4xx_HAL_Driver/Src/stm32f4xx_hal_gpio.c ****         (++) Configure the IO mode using "Mode" member from GPIO_InitTypeDef structure
  67:Drivers/STM32F4xx_HAL_Driver/Src/stm32f4xx_hal_gpio.c ****         (++) Activate Pull-up, Pull-down resistor using "Pull" member from GPIO_InitTypeDef 
  68:Drivers/STM32F4xx_HAL_Driver/Src/stm32f4xx_hal_gpio.c ****              structure.
  69:Drivers/STM32F4xx_HAL_Driver/Src/stm32f4xx_hal_gpio.c ****         (++) In case of Output or alternate function mode selection: the speed is 
  70:Drivers/STM32F4xx_HAL_Driver/Src/stm32f4xx_hal_gpio.c ****              configured through "Speed" member from GPIO_InitTypeDef structure.
  71:Drivers/STM32F4xx_HAL_Driver/Src/stm32f4xx_hal_gpio.c ****         (++) In alternate mode is selection, the alternate function connected to the IO
  72:Drivers/STM32F4xx_HAL_Driver/Src/stm32f4xx_hal_gpio.c ****              is configured through "Alternate" member from GPIO_InitTypeDef structure.
  73:Drivers/STM32F4xx_HAL_Driver/Src/stm32f4xx_hal_gpio.c ****         (++) Analog mode is required when a pin is to be used as ADC channel 
  74:Drivers/STM32F4xx_HAL_Driver/Src/stm32f4xx_hal_gpio.c ****              or DAC output.
  75:Drivers/STM32F4xx_HAL_Driver/Src/stm32f4xx_hal_gpio.c ****         (++) In case of external interrupt/event selection the "Mode" member from 
  76:Drivers/STM32F4xx_HAL_Driver/Src/stm32f4xx_hal_gpio.c ****              GPIO_InitTypeDef structure select the type (interrupt or event) and 
  77:Drivers/STM32F4xx_HAL_Driver/Src/stm32f4xx_hal_gpio.c ****              the corresponding trigger event (rising or falling or both).
  78:Drivers/STM32F4xx_HAL_Driver/Src/stm32f4xx_hal_gpio.c **** 
  79:Drivers/STM32F4xx_HAL_Driver/Src/stm32f4xx_hal_gpio.c ****     (#) In case of external interrupt/event mode selection, configure NVIC IRQ priority 
  80:Drivers/STM32F4xx_HAL_Driver/Src/stm32f4xx_hal_gpio.c ****         mapped to the EXTI line using HAL_NVIC_SetPriority() and enable it using
  81:Drivers/STM32F4xx_HAL_Driver/Src/stm32f4xx_hal_gpio.c ****         HAL_NVIC_EnableIRQ().
  82:Drivers/STM32F4xx_HAL_Driver/Src/stm32f4xx_hal_gpio.c ****          
  83:Drivers/STM32F4xx_HAL_Driver/Src/stm32f4xx_hal_gpio.c ****     (#) To get the level of a pin configured in input mode use HAL_GPIO_ReadPin().
  84:Drivers/STM32F4xx_HAL_Driver/Src/stm32f4xx_hal_gpio.c ****             
  85:Drivers/STM32F4xx_HAL_Driver/Src/stm32f4xx_hal_gpio.c ****     (#) To set/reset the level of a pin configured in output mode use 
  86:Drivers/STM32F4xx_HAL_Driver/Src/stm32f4xx_hal_gpio.c ****         HAL_GPIO_WritePin()/HAL_GPIO_TogglePin().
  87:Drivers/STM32F4xx_HAL_Driver/Src/stm32f4xx_hal_gpio.c ****     
  88:Drivers/STM32F4xx_HAL_Driver/Src/stm32f4xx_hal_gpio.c ****     (#) To lock pin configuration until next reset use HAL_GPIO_LockPin().
ARM GAS  C:\Users\Ebrahim\AppData\Local\Temp\ccl7RNMP.s 			page 3


  89:Drivers/STM32F4xx_HAL_Driver/Src/stm32f4xx_hal_gpio.c **** 
  90:Drivers/STM32F4xx_HAL_Driver/Src/stm32f4xx_hal_gpio.c ****                  
  91:Drivers/STM32F4xx_HAL_Driver/Src/stm32f4xx_hal_gpio.c ****     (#) During and just after reset, the alternate functions are not 
  92:Drivers/STM32F4xx_HAL_Driver/Src/stm32f4xx_hal_gpio.c ****         active and the GPIO pins are configured in input floating mode (except JTAG
  93:Drivers/STM32F4xx_HAL_Driver/Src/stm32f4xx_hal_gpio.c ****         pins).
  94:Drivers/STM32F4xx_HAL_Driver/Src/stm32f4xx_hal_gpio.c ****   
  95:Drivers/STM32F4xx_HAL_Driver/Src/stm32f4xx_hal_gpio.c ****     (#) The LSE oscillator pins OSC32_IN and OSC32_OUT can be used as general purpose 
  96:Drivers/STM32F4xx_HAL_Driver/Src/stm32f4xx_hal_gpio.c ****         (PC14 and PC15, respectively) when the LSE oscillator is off. The LSE has 
  97:Drivers/STM32F4xx_HAL_Driver/Src/stm32f4xx_hal_gpio.c ****         priority over the GPIO function.
  98:Drivers/STM32F4xx_HAL_Driver/Src/stm32f4xx_hal_gpio.c ****   
  99:Drivers/STM32F4xx_HAL_Driver/Src/stm32f4xx_hal_gpio.c ****     (#) The HSE oscillator pins OSC_IN/OSC_OUT can be used as 
 100:Drivers/STM32F4xx_HAL_Driver/Src/stm32f4xx_hal_gpio.c ****         general purpose PH0 and PH1, respectively, when the HSE oscillator is off. 
 101:Drivers/STM32F4xx_HAL_Driver/Src/stm32f4xx_hal_gpio.c ****         The HSE has priority over the GPIO function.
 102:Drivers/STM32F4xx_HAL_Driver/Src/stm32f4xx_hal_gpio.c ****   
 103:Drivers/STM32F4xx_HAL_Driver/Src/stm32f4xx_hal_gpio.c ****   @endverbatim
 104:Drivers/STM32F4xx_HAL_Driver/Src/stm32f4xx_hal_gpio.c ****   ******************************************************************************
 105:Drivers/STM32F4xx_HAL_Driver/Src/stm32f4xx_hal_gpio.c ****   */ 
 106:Drivers/STM32F4xx_HAL_Driver/Src/stm32f4xx_hal_gpio.c **** 
 107:Drivers/STM32F4xx_HAL_Driver/Src/stm32f4xx_hal_gpio.c **** /* Includes ------------------------------------------------------------------*/
 108:Drivers/STM32F4xx_HAL_Driver/Src/stm32f4xx_hal_gpio.c **** #include "stm32f4xx_hal.h"
 109:Drivers/STM32F4xx_HAL_Driver/Src/stm32f4xx_hal_gpio.c **** 
 110:Drivers/STM32F4xx_HAL_Driver/Src/stm32f4xx_hal_gpio.c **** /** @addtogroup STM32F4xx_HAL_Driver
 111:Drivers/STM32F4xx_HAL_Driver/Src/stm32f4xx_hal_gpio.c ****   * @{
 112:Drivers/STM32F4xx_HAL_Driver/Src/stm32f4xx_hal_gpio.c ****   */
 113:Drivers/STM32F4xx_HAL_Driver/Src/stm32f4xx_hal_gpio.c **** 
 114:Drivers/STM32F4xx_HAL_Driver/Src/stm32f4xx_hal_gpio.c **** /** @defgroup GPIO GPIO
 115:Drivers/STM32F4xx_HAL_Driver/Src/stm32f4xx_hal_gpio.c ****   * @brief GPIO HAL module driver
 116:Drivers/STM32F4xx_HAL_Driver/Src/stm32f4xx_hal_gpio.c ****   * @{
 117:Drivers/STM32F4xx_HAL_Driver/Src/stm32f4xx_hal_gpio.c ****   */
 118:Drivers/STM32F4xx_HAL_Driver/Src/stm32f4xx_hal_gpio.c **** 
 119:Drivers/STM32F4xx_HAL_Driver/Src/stm32f4xx_hal_gpio.c **** #ifdef HAL_GPIO_MODULE_ENABLED
 120:Drivers/STM32F4xx_HAL_Driver/Src/stm32f4xx_hal_gpio.c **** 
 121:Drivers/STM32F4xx_HAL_Driver/Src/stm32f4xx_hal_gpio.c **** /* Private typedef -----------------------------------------------------------*/
 122:Drivers/STM32F4xx_HAL_Driver/Src/stm32f4xx_hal_gpio.c **** /* Private define ------------------------------------------------------------*/
 123:Drivers/STM32F4xx_HAL_Driver/Src/stm32f4xx_hal_gpio.c **** /** @addtogroup GPIO_Private_Constants GPIO Private Constants
 124:Drivers/STM32F4xx_HAL_Driver/Src/stm32f4xx_hal_gpio.c ****   * @{
 125:Drivers/STM32F4xx_HAL_Driver/Src/stm32f4xx_hal_gpio.c ****   */
 126:Drivers/STM32F4xx_HAL_Driver/Src/stm32f4xx_hal_gpio.c **** 
 127:Drivers/STM32F4xx_HAL_Driver/Src/stm32f4xx_hal_gpio.c **** #define GPIO_NUMBER           16U
 128:Drivers/STM32F4xx_HAL_Driver/Src/stm32f4xx_hal_gpio.c **** /**
 129:Drivers/STM32F4xx_HAL_Driver/Src/stm32f4xx_hal_gpio.c ****   * @}
 130:Drivers/STM32F4xx_HAL_Driver/Src/stm32f4xx_hal_gpio.c ****   */
 131:Drivers/STM32F4xx_HAL_Driver/Src/stm32f4xx_hal_gpio.c **** /* Private macro -------------------------------------------------------------*/
 132:Drivers/STM32F4xx_HAL_Driver/Src/stm32f4xx_hal_gpio.c **** /* Private variables ---------------------------------------------------------*/
 133:Drivers/STM32F4xx_HAL_Driver/Src/stm32f4xx_hal_gpio.c **** /* Private function prototypes -----------------------------------------------*/
 134:Drivers/STM32F4xx_HAL_Driver/Src/stm32f4xx_hal_gpio.c **** /* Private functions ---------------------------------------------------------*/
 135:Drivers/STM32F4xx_HAL_Driver/Src/stm32f4xx_hal_gpio.c **** /* Exported functions --------------------------------------------------------*/
 136:Drivers/STM32F4xx_HAL_Driver/Src/stm32f4xx_hal_gpio.c **** /** @defgroup GPIO_Exported_Functions GPIO Exported Functions
 137:Drivers/STM32F4xx_HAL_Driver/Src/stm32f4xx_hal_gpio.c ****   * @{
 138:Drivers/STM32F4xx_HAL_Driver/Src/stm32f4xx_hal_gpio.c ****   */
 139:Drivers/STM32F4xx_HAL_Driver/Src/stm32f4xx_hal_gpio.c **** 
 140:Drivers/STM32F4xx_HAL_Driver/Src/stm32f4xx_hal_gpio.c **** /** @defgroup GPIO_Exported_Functions_Group1 Initialization and de-initialization functions
 141:Drivers/STM32F4xx_HAL_Driver/Src/stm32f4xx_hal_gpio.c ****   *  @brief    Initialization and Configuration functions
 142:Drivers/STM32F4xx_HAL_Driver/Src/stm32f4xx_hal_gpio.c ****   *
 143:Drivers/STM32F4xx_HAL_Driver/Src/stm32f4xx_hal_gpio.c **** @verbatim    
 144:Drivers/STM32F4xx_HAL_Driver/Src/stm32f4xx_hal_gpio.c ****  ===============================================================================
 145:Drivers/STM32F4xx_HAL_Driver/Src/stm32f4xx_hal_gpio.c ****               ##### Initialization and de-initialization functions #####
ARM GAS  C:\Users\Ebrahim\AppData\Local\Temp\ccl7RNMP.s 			page 4


 146:Drivers/STM32F4xx_HAL_Driver/Src/stm32f4xx_hal_gpio.c ****  ===============================================================================
 147:Drivers/STM32F4xx_HAL_Driver/Src/stm32f4xx_hal_gpio.c ****   [..]
 148:Drivers/STM32F4xx_HAL_Driver/Src/stm32f4xx_hal_gpio.c ****     This section provides functions allowing to initialize and de-initialize the GPIOs
 149:Drivers/STM32F4xx_HAL_Driver/Src/stm32f4xx_hal_gpio.c ****     to be ready for use.
 150:Drivers/STM32F4xx_HAL_Driver/Src/stm32f4xx_hal_gpio.c ****  
 151:Drivers/STM32F4xx_HAL_Driver/Src/stm32f4xx_hal_gpio.c **** @endverbatim
 152:Drivers/STM32F4xx_HAL_Driver/Src/stm32f4xx_hal_gpio.c ****   * @{
 153:Drivers/STM32F4xx_HAL_Driver/Src/stm32f4xx_hal_gpio.c ****   */
 154:Drivers/STM32F4xx_HAL_Driver/Src/stm32f4xx_hal_gpio.c **** 
 155:Drivers/STM32F4xx_HAL_Driver/Src/stm32f4xx_hal_gpio.c **** 
 156:Drivers/STM32F4xx_HAL_Driver/Src/stm32f4xx_hal_gpio.c **** /**
 157:Drivers/STM32F4xx_HAL_Driver/Src/stm32f4xx_hal_gpio.c ****   * @brief  Initializes the GPIOx peripheral according to the specified parameters in the GPIO_Init
 158:Drivers/STM32F4xx_HAL_Driver/Src/stm32f4xx_hal_gpio.c ****   * @param  GPIOx where x can be (A..K) to select the GPIO peripheral for STM32F429X device or
 159:Drivers/STM32F4xx_HAL_Driver/Src/stm32f4xx_hal_gpio.c ****   *                      x can be (A..I) to select the GPIO peripheral for STM32F40XX and STM32F427
 160:Drivers/STM32F4xx_HAL_Driver/Src/stm32f4xx_hal_gpio.c ****   * @param  GPIO_Init pointer to a GPIO_InitTypeDef structure that contains
 161:Drivers/STM32F4xx_HAL_Driver/Src/stm32f4xx_hal_gpio.c ****   *         the configuration information for the specified GPIO peripheral.
 162:Drivers/STM32F4xx_HAL_Driver/Src/stm32f4xx_hal_gpio.c ****   * @retval None
 163:Drivers/STM32F4xx_HAL_Driver/Src/stm32f4xx_hal_gpio.c ****   */
 164:Drivers/STM32F4xx_HAL_Driver/Src/stm32f4xx_hal_gpio.c **** void HAL_GPIO_Init(GPIO_TypeDef  *GPIOx, GPIO_InitTypeDef *GPIO_Init)
 165:Drivers/STM32F4xx_HAL_Driver/Src/stm32f4xx_hal_gpio.c **** {
  28              		.loc 1 165 1 view -0
  29              		.cfi_startproc
  30              		@ args = 0, pretend = 0, frame = 8
  31              		@ frame_needed = 0, uses_anonymous_args = 0
 166:Drivers/STM32F4xx_HAL_Driver/Src/stm32f4xx_hal_gpio.c ****   uint32_t position;
  32              		.loc 1 166 3 view .LVU1
 167:Drivers/STM32F4xx_HAL_Driver/Src/stm32f4xx_hal_gpio.c ****   uint32_t ioposition = 0x00U;
  33              		.loc 1 167 3 view .LVU2
 168:Drivers/STM32F4xx_HAL_Driver/Src/stm32f4xx_hal_gpio.c ****   uint32_t iocurrent = 0x00U;
  34              		.loc 1 168 3 view .LVU3
 169:Drivers/STM32F4xx_HAL_Driver/Src/stm32f4xx_hal_gpio.c ****   uint32_t temp = 0x00U;
  35              		.loc 1 169 3 view .LVU4
 170:Drivers/STM32F4xx_HAL_Driver/Src/stm32f4xx_hal_gpio.c **** 
 171:Drivers/STM32F4xx_HAL_Driver/Src/stm32f4xx_hal_gpio.c ****   /* Check the parameters */
 172:Drivers/STM32F4xx_HAL_Driver/Src/stm32f4xx_hal_gpio.c ****   assert_param(IS_GPIO_ALL_INSTANCE(GPIOx));
  36              		.loc 1 172 3 view .LVU5
 173:Drivers/STM32F4xx_HAL_Driver/Src/stm32f4xx_hal_gpio.c ****   assert_param(IS_GPIO_PIN(GPIO_Init->Pin));
  37              		.loc 1 173 3 view .LVU6
 174:Drivers/STM32F4xx_HAL_Driver/Src/stm32f4xx_hal_gpio.c ****   assert_param(IS_GPIO_MODE(GPIO_Init->Mode));
  38              		.loc 1 174 3 view .LVU7
 175:Drivers/STM32F4xx_HAL_Driver/Src/stm32f4xx_hal_gpio.c **** 
 176:Drivers/STM32F4xx_HAL_Driver/Src/stm32f4xx_hal_gpio.c ****   /* Configure the port pins */
 177:Drivers/STM32F4xx_HAL_Driver/Src/stm32f4xx_hal_gpio.c ****   for(position = 0U; position < GPIO_NUMBER; position++)
  39              		.loc 1 177 3 view .LVU8
  40              		.loc 1 177 16 is_stmt 0 view .LVU9
  41 0000 0023     		movs	r3, #0
  42              	.LVL1:
  43              		.loc 1 177 31 is_stmt 1 discriminator 1 view .LVU10
  44 0002 0F2B     		cmp	r3, #15
  45 0004 00F2E680 		bhi	.L23
 165:Drivers/STM32F4xx_HAL_Driver/Src/stm32f4xx_hal_gpio.c ****   uint32_t position;
  46              		.loc 1 165 1 is_stmt 0 view .LVU11
  47 0008 30B5     		push	{r4, r5, lr}
  48              	.LCFI0:
  49              		.cfi_def_cfa_offset 12
  50              		.cfi_offset 4, -12
  51              		.cfi_offset 5, -8
ARM GAS  C:\Users\Ebrahim\AppData\Local\Temp\ccl7RNMP.s 			page 5


  52              		.cfi_offset 14, -4
  53 000a 83B0     		sub	sp, sp, #12
  54              	.LCFI1:
  55              		.cfi_def_cfa_offset 24
  56 000c 68E0     		b	.L12
  57              	.LVL2:
  58              	.L25:
 178:Drivers/STM32F4xx_HAL_Driver/Src/stm32f4xx_hal_gpio.c ****   {
 179:Drivers/STM32F4xx_HAL_Driver/Src/stm32f4xx_hal_gpio.c ****     /* Get the IO position */
 180:Drivers/STM32F4xx_HAL_Driver/Src/stm32f4xx_hal_gpio.c ****     ioposition = 0x01U << position;
 181:Drivers/STM32F4xx_HAL_Driver/Src/stm32f4xx_hal_gpio.c ****     /* Get the current IO position */
 182:Drivers/STM32F4xx_HAL_Driver/Src/stm32f4xx_hal_gpio.c ****     iocurrent = (uint32_t)(GPIO_Init->Pin) & ioposition;
 183:Drivers/STM32F4xx_HAL_Driver/Src/stm32f4xx_hal_gpio.c **** 
 184:Drivers/STM32F4xx_HAL_Driver/Src/stm32f4xx_hal_gpio.c ****     if(iocurrent == ioposition)
 185:Drivers/STM32F4xx_HAL_Driver/Src/stm32f4xx_hal_gpio.c ****     {
 186:Drivers/STM32F4xx_HAL_Driver/Src/stm32f4xx_hal_gpio.c ****       /*--------------------- GPIO Mode Configuration ------------------------*/
 187:Drivers/STM32F4xx_HAL_Driver/Src/stm32f4xx_hal_gpio.c ****       /* In case of Output or Alternate function mode selection */
 188:Drivers/STM32F4xx_HAL_Driver/Src/stm32f4xx_hal_gpio.c ****       if(((GPIO_Init->Mode & GPIO_MODE) == MODE_OUTPUT) || \
 189:Drivers/STM32F4xx_HAL_Driver/Src/stm32f4xx_hal_gpio.c ****           (GPIO_Init->Mode & GPIO_MODE) == MODE_AF)
 190:Drivers/STM32F4xx_HAL_Driver/Src/stm32f4xx_hal_gpio.c ****       {
 191:Drivers/STM32F4xx_HAL_Driver/Src/stm32f4xx_hal_gpio.c ****         /* Check the Speed parameter */
 192:Drivers/STM32F4xx_HAL_Driver/Src/stm32f4xx_hal_gpio.c ****         assert_param(IS_GPIO_SPEED(GPIO_Init->Speed));
  59              		.loc 1 192 9 is_stmt 1 view .LVU12
 193:Drivers/STM32F4xx_HAL_Driver/Src/stm32f4xx_hal_gpio.c ****         /* Configure the IO Speed */
 194:Drivers/STM32F4xx_HAL_Driver/Src/stm32f4xx_hal_gpio.c ****         temp = GPIOx->OSPEEDR; 
  60              		.loc 1 194 9 view .LVU13
  61              		.loc 1 194 14 is_stmt 0 view .LVU14
  62 000e 8568     		ldr	r5, [r0, #8]
  63              	.LVL3:
 195:Drivers/STM32F4xx_HAL_Driver/Src/stm32f4xx_hal_gpio.c ****         temp &= ~(GPIO_OSPEEDER_OSPEEDR0 << (position * 2U));
  64              		.loc 1 195 9 is_stmt 1 view .LVU15
  65              		.loc 1 195 55 is_stmt 0 view .LVU16
  66 0010 4FEA430E 		lsl	lr, r3, #1
  67              		.loc 1 195 42 view .LVU17
  68 0014 0324     		movs	r4, #3
  69 0016 04FA0EF4 		lsl	r4, r4, lr
  70              		.loc 1 195 14 view .LVU18
  71 001a 25EA0405 		bic	r5, r5, r4
  72              	.LVL4:
 196:Drivers/STM32F4xx_HAL_Driver/Src/stm32f4xx_hal_gpio.c ****         temp |= (GPIO_Init->Speed << (position * 2U));
  73              		.loc 1 196 9 is_stmt 1 view .LVU19
  74              		.loc 1 196 27 is_stmt 0 view .LVU20
  75 001e CC68     		ldr	r4, [r1, #12]
  76              		.loc 1 196 35 view .LVU21
  77 0020 04FA0EF4 		lsl	r4, r4, lr
  78              		.loc 1 196 14 view .LVU22
  79 0024 2C43     		orrs	r4, r4, r5
  80              	.LVL5:
 197:Drivers/STM32F4xx_HAL_Driver/Src/stm32f4xx_hal_gpio.c ****         GPIOx->OSPEEDR = temp;
  81              		.loc 1 197 9 is_stmt 1 view .LVU23
  82              		.loc 1 197 24 is_stmt 0 view .LVU24
  83 0026 8460     		str	r4, [r0, #8]
 198:Drivers/STM32F4xx_HAL_Driver/Src/stm32f4xx_hal_gpio.c **** 
 199:Drivers/STM32F4xx_HAL_Driver/Src/stm32f4xx_hal_gpio.c ****         /* Configure the IO Output Type */
 200:Drivers/STM32F4xx_HAL_Driver/Src/stm32f4xx_hal_gpio.c ****         temp = GPIOx->OTYPER;
  84              		.loc 1 200 9 is_stmt 1 view .LVU25
  85              		.loc 1 200 14 is_stmt 0 view .LVU26
ARM GAS  C:\Users\Ebrahim\AppData\Local\Temp\ccl7RNMP.s 			page 6


  86 0028 4468     		ldr	r4, [r0, #4]
  87              	.LVL6:
 201:Drivers/STM32F4xx_HAL_Driver/Src/stm32f4xx_hal_gpio.c ****         temp &= ~(GPIO_OTYPER_OT_0 << position) ;
  88              		.loc 1 201 9 is_stmt 1 view .LVU27
  89              		.loc 1 201 14 is_stmt 0 view .LVU28
  90 002a 24EA0204 		bic	r4, r4, r2
  91              	.LVL7:
 202:Drivers/STM32F4xx_HAL_Driver/Src/stm32f4xx_hal_gpio.c ****         temp |= (((GPIO_Init->Mode & OUTPUT_TYPE) >> OUTPUT_TYPE_Pos) << position);
  92              		.loc 1 202 9 is_stmt 1 view .LVU29
  93              		.loc 1 202 29 is_stmt 0 view .LVU30
  94 002e 4A68     		ldr	r2, [r1, #4]
  95              	.LVL8:
  96              		.loc 1 202 51 view .LVU31
  97 0030 C2F30012 		ubfx	r2, r2, #4, #1
  98              		.loc 1 202 71 view .LVU32
  99 0034 9A40     		lsls	r2, r2, r3
 100              		.loc 1 202 14 view .LVU33
 101 0036 2243     		orrs	r2, r2, r4
 102              	.LVL9:
 203:Drivers/STM32F4xx_HAL_Driver/Src/stm32f4xx_hal_gpio.c ****         GPIOx->OTYPER = temp;
 103              		.loc 1 203 9 is_stmt 1 view .LVU34
 104              		.loc 1 203 23 is_stmt 0 view .LVU35
 105 0038 4260     		str	r2, [r0, #4]
 106 003a 5FE0     		b	.L4
 107              	.LVL10:
 108              	.L26:
 204:Drivers/STM32F4xx_HAL_Driver/Src/stm32f4xx_hal_gpio.c ****        }
 205:Drivers/STM32F4xx_HAL_Driver/Src/stm32f4xx_hal_gpio.c **** 
 206:Drivers/STM32F4xx_HAL_Driver/Src/stm32f4xx_hal_gpio.c ****       if((GPIO_Init->Mode & GPIO_MODE) != MODE_ANALOG)
 207:Drivers/STM32F4xx_HAL_Driver/Src/stm32f4xx_hal_gpio.c ****       {
 208:Drivers/STM32F4xx_HAL_Driver/Src/stm32f4xx_hal_gpio.c ****         /* Check the parameters */
 209:Drivers/STM32F4xx_HAL_Driver/Src/stm32f4xx_hal_gpio.c ****         assert_param(IS_GPIO_PULL(GPIO_Init->Pull));
 210:Drivers/STM32F4xx_HAL_Driver/Src/stm32f4xx_hal_gpio.c ****         
 211:Drivers/STM32F4xx_HAL_Driver/Src/stm32f4xx_hal_gpio.c ****         /* Activate the Pull-up or Pull down resistor for the current IO */
 212:Drivers/STM32F4xx_HAL_Driver/Src/stm32f4xx_hal_gpio.c ****         temp = GPIOx->PUPDR;
 213:Drivers/STM32F4xx_HAL_Driver/Src/stm32f4xx_hal_gpio.c ****         temp &= ~(GPIO_PUPDR_PUPDR0 << (position * 2U));
 214:Drivers/STM32F4xx_HAL_Driver/Src/stm32f4xx_hal_gpio.c ****         temp |= ((GPIO_Init->Pull) << (position * 2U));
 215:Drivers/STM32F4xx_HAL_Driver/Src/stm32f4xx_hal_gpio.c ****         GPIOx->PUPDR = temp;
 216:Drivers/STM32F4xx_HAL_Driver/Src/stm32f4xx_hal_gpio.c ****       }
 217:Drivers/STM32F4xx_HAL_Driver/Src/stm32f4xx_hal_gpio.c **** 
 218:Drivers/STM32F4xx_HAL_Driver/Src/stm32f4xx_hal_gpio.c ****       /* In case of Alternate function mode selection */
 219:Drivers/STM32F4xx_HAL_Driver/Src/stm32f4xx_hal_gpio.c ****       if((GPIO_Init->Mode & GPIO_MODE) == MODE_AF)
 220:Drivers/STM32F4xx_HAL_Driver/Src/stm32f4xx_hal_gpio.c ****       {
 221:Drivers/STM32F4xx_HAL_Driver/Src/stm32f4xx_hal_gpio.c ****         /* Check the Alternate function parameter */
 222:Drivers/STM32F4xx_HAL_Driver/Src/stm32f4xx_hal_gpio.c ****         assert_param(IS_GPIO_AF(GPIO_Init->Alternate));
 109              		.loc 1 222 9 is_stmt 1 view .LVU36
 223:Drivers/STM32F4xx_HAL_Driver/Src/stm32f4xx_hal_gpio.c ****         /* Configure Alternate function mapped with the current IO */
 224:Drivers/STM32F4xx_HAL_Driver/Src/stm32f4xx_hal_gpio.c ****         temp = GPIOx->AFR[position >> 3U];
 110              		.loc 1 224 9 view .LVU37
 111              		.loc 1 224 36 is_stmt 0 view .LVU38
 112 003c DC08     		lsrs	r4, r3, #3
 113              		.loc 1 224 14 view .LVU39
 114 003e 0834     		adds	r4, r4, #8
 115 0040 50F82420 		ldr	r2, [r0, r4, lsl #2]
 116              	.LVL11:
 225:Drivers/STM32F4xx_HAL_Driver/Src/stm32f4xx_hal_gpio.c ****         temp &= ~(0xFU << ((uint32_t)(position & 0x07U) * 4U)) ;
 117              		.loc 1 225 9 is_stmt 1 view .LVU40
ARM GAS  C:\Users\Ebrahim\AppData\Local\Temp\ccl7RNMP.s 			page 7


 118              		.loc 1 225 28 is_stmt 0 view .LVU41
 119 0044 03F00705 		and	r5, r3, #7
 120              		.loc 1 225 57 view .LVU42
 121 0048 AD00     		lsls	r5, r5, #2
 122              		.loc 1 225 24 view .LVU43
 123 004a 4FF00F0E 		mov	lr, #15
 124 004e 0EFA05FE 		lsl	lr, lr, r5
 125              		.loc 1 225 14 view .LVU44
 126 0052 22EA0E0E 		bic	lr, r2, lr
 127              	.LVL12:
 226:Drivers/STM32F4xx_HAL_Driver/Src/stm32f4xx_hal_gpio.c ****         temp |= ((uint32_t)(GPIO_Init->Alternate) << (((uint32_t)position & 0x07U) * 4U));
 128              		.loc 1 226 9 is_stmt 1 view .LVU45
 129              		.loc 1 226 38 is_stmt 0 view .LVU46
 130 0056 0A69     		ldr	r2, [r1, #16]
 131              		.loc 1 226 51 view .LVU47
 132 0058 AA40     		lsls	r2, r2, r5
 133              		.loc 1 226 14 view .LVU48
 134 005a 42EA0E02 		orr	r2, r2, lr
 135              	.LVL13:
 227:Drivers/STM32F4xx_HAL_Driver/Src/stm32f4xx_hal_gpio.c ****         GPIOx->AFR[position >> 3U] = temp;
 136              		.loc 1 227 9 is_stmt 1 view .LVU49
 137              		.loc 1 227 36 is_stmt 0 view .LVU50
 138 005e 40F82420 		str	r2, [r0, r4, lsl #2]
 139 0062 5FE0     		b	.L6
 140              	.LVL14:
 141              	.L27:
 228:Drivers/STM32F4xx_HAL_Driver/Src/stm32f4xx_hal_gpio.c ****       }
 229:Drivers/STM32F4xx_HAL_Driver/Src/stm32f4xx_hal_gpio.c **** 
 230:Drivers/STM32F4xx_HAL_Driver/Src/stm32f4xx_hal_gpio.c ****       /* Configure IO Direction mode (Input, Output, Alternate or Analog) */
 231:Drivers/STM32F4xx_HAL_Driver/Src/stm32f4xx_hal_gpio.c ****       temp = GPIOx->MODER;
 232:Drivers/STM32F4xx_HAL_Driver/Src/stm32f4xx_hal_gpio.c ****       temp &= ~(GPIO_MODER_MODER0 << (position * 2U));
 233:Drivers/STM32F4xx_HAL_Driver/Src/stm32f4xx_hal_gpio.c ****       temp |= ((GPIO_Init->Mode & GPIO_MODE) << (position * 2U));
 234:Drivers/STM32F4xx_HAL_Driver/Src/stm32f4xx_hal_gpio.c ****       GPIOx->MODER = temp;
 235:Drivers/STM32F4xx_HAL_Driver/Src/stm32f4xx_hal_gpio.c **** 
 236:Drivers/STM32F4xx_HAL_Driver/Src/stm32f4xx_hal_gpio.c ****       /*--------------------- EXTI Mode Configuration ------------------------*/
 237:Drivers/STM32F4xx_HAL_Driver/Src/stm32f4xx_hal_gpio.c ****       /* Configure the External Interrupt or event for the current IO */
 238:Drivers/STM32F4xx_HAL_Driver/Src/stm32f4xx_hal_gpio.c ****       if((GPIO_Init->Mode & EXTI_MODE) != 0x00U)
 239:Drivers/STM32F4xx_HAL_Driver/Src/stm32f4xx_hal_gpio.c ****       {
 240:Drivers/STM32F4xx_HAL_Driver/Src/stm32f4xx_hal_gpio.c ****         /* Enable SYSCFG Clock */
 241:Drivers/STM32F4xx_HAL_Driver/Src/stm32f4xx_hal_gpio.c ****         __HAL_RCC_SYSCFG_CLK_ENABLE();
 242:Drivers/STM32F4xx_HAL_Driver/Src/stm32f4xx_hal_gpio.c **** 
 243:Drivers/STM32F4xx_HAL_Driver/Src/stm32f4xx_hal_gpio.c ****         temp = SYSCFG->EXTICR[position >> 2U];
 244:Drivers/STM32F4xx_HAL_Driver/Src/stm32f4xx_hal_gpio.c ****         temp &= ~(0x0FU << (4U * (position & 0x03U)));
 245:Drivers/STM32F4xx_HAL_Driver/Src/stm32f4xx_hal_gpio.c ****         temp |= ((uint32_t)(GPIO_GET_INDEX(GPIOx)) << (4U * (position & 0x03U)));
 142              		.loc 1 245 29 discriminator 13 view .LVU51
 143 0064 0622     		movs	r2, #6
 144 0066 00E0     		b	.L7
 145              	.L13:
 146              		.loc 1 245 18 discriminator 2 view .LVU52
 147 0068 0022     		movs	r2, #0
 148              	.L7:
 149              		.loc 1 245 52 discriminator 28 view .LVU53
 150 006a 02FA0EF2 		lsl	r2, r2, lr
 151              		.loc 1 245 14 discriminator 28 view .LVU54
 152 006e 2A43     		orrs	r2, r2, r5
 153              	.LVL15:
 246:Drivers/STM32F4xx_HAL_Driver/Src/stm32f4xx_hal_gpio.c ****         SYSCFG->EXTICR[position >> 2U] = temp;
ARM GAS  C:\Users\Ebrahim\AppData\Local\Temp\ccl7RNMP.s 			page 8


 154              		.loc 1 246 9 is_stmt 1 view .LVU55
 155              		.loc 1 246 40 is_stmt 0 view .LVU56
 156 0070 0234     		adds	r4, r4, #2
 157 0072 594D     		ldr	r5, .L28
 158 0074 45F82420 		str	r2, [r5, r4, lsl #2]
 247:Drivers/STM32F4xx_HAL_Driver/Src/stm32f4xx_hal_gpio.c **** 
 248:Drivers/STM32F4xx_HAL_Driver/Src/stm32f4xx_hal_gpio.c ****         /* Clear Rising Falling edge configuration */
 249:Drivers/STM32F4xx_HAL_Driver/Src/stm32f4xx_hal_gpio.c ****         temp = EXTI->RTSR;
 159              		.loc 1 249 9 is_stmt 1 view .LVU57
 160              		.loc 1 249 14 is_stmt 0 view .LVU58
 161 0078 584A     		ldr	r2, .L28+4
 162              	.LVL16:
 163              		.loc 1 249 14 view .LVU59
 164 007a 9468     		ldr	r4, [r2, #8]
 165              	.LVL17:
 250:Drivers/STM32F4xx_HAL_Driver/Src/stm32f4xx_hal_gpio.c ****         temp &= ~((uint32_t)iocurrent);
 166              		.loc 1 250 9 is_stmt 1 view .LVU60
 167              		.loc 1 250 17 is_stmt 0 view .LVU61
 168 007c 6FEA0C02 		mvn	r2, ip
 169              		.loc 1 250 14 view .LVU62
 170 0080 24EA0C05 		bic	r5, r4, ip
 171              	.LVL18:
 251:Drivers/STM32F4xx_HAL_Driver/Src/stm32f4xx_hal_gpio.c ****         if((GPIO_Init->Mode & TRIGGER_RISING) != 0x00U)
 172              		.loc 1 251 9 is_stmt 1 view .LVU63
 173              		.loc 1 251 11 is_stmt 0 view .LVU64
 174 0084 D1F804E0 		ldr	lr, [r1, #4]
 175 0088 1EF4801F 		tst	lr, #1048576
 176 008c 01D0     		beq	.L8
 252:Drivers/STM32F4xx_HAL_Driver/Src/stm32f4xx_hal_gpio.c ****         {
 253:Drivers/STM32F4xx_HAL_Driver/Src/stm32f4xx_hal_gpio.c ****           temp |= iocurrent;
 177              		.loc 1 253 11 is_stmt 1 view .LVU65
 178              		.loc 1 253 16 is_stmt 0 view .LVU66
 179 008e 4CEA0405 		orr	r5, ip, r4
 180              	.LVL19:
 181              	.L8:
 254:Drivers/STM32F4xx_HAL_Driver/Src/stm32f4xx_hal_gpio.c ****         }
 255:Drivers/STM32F4xx_HAL_Driver/Src/stm32f4xx_hal_gpio.c ****         EXTI->RTSR = temp;
 182              		.loc 1 255 9 is_stmt 1 view .LVU67
 183              		.loc 1 255 20 is_stmt 0 view .LVU68
 184 0092 524C     		ldr	r4, .L28+4
 185 0094 A560     		str	r5, [r4, #8]
 256:Drivers/STM32F4xx_HAL_Driver/Src/stm32f4xx_hal_gpio.c **** 
 257:Drivers/STM32F4xx_HAL_Driver/Src/stm32f4xx_hal_gpio.c ****         temp = EXTI->FTSR;
 186              		.loc 1 257 9 is_stmt 1 view .LVU69
 187              		.loc 1 257 14 is_stmt 0 view .LVU70
 188 0096 E468     		ldr	r4, [r4, #12]
 189              	.LVL20:
 258:Drivers/STM32F4xx_HAL_Driver/Src/stm32f4xx_hal_gpio.c ****         temp &= ~((uint32_t)iocurrent);
 190              		.loc 1 258 9 is_stmt 1 view .LVU71
 191              		.loc 1 258 14 is_stmt 0 view .LVU72
 192 0098 02EA0405 		and	r5, r2, r4
 193              	.LVL21:
 259:Drivers/STM32F4xx_HAL_Driver/Src/stm32f4xx_hal_gpio.c ****         if((GPIO_Init->Mode & TRIGGER_FALLING) != 0x00U)
 194              		.loc 1 259 9 is_stmt 1 view .LVU73
 195              		.loc 1 259 11 is_stmt 0 view .LVU74
 196 009c D1F804E0 		ldr	lr, [r1, #4]
 197 00a0 1EF4001F 		tst	lr, #2097152
ARM GAS  C:\Users\Ebrahim\AppData\Local\Temp\ccl7RNMP.s 			page 9


 198 00a4 01D0     		beq	.L9
 260:Drivers/STM32F4xx_HAL_Driver/Src/stm32f4xx_hal_gpio.c ****         {
 261:Drivers/STM32F4xx_HAL_Driver/Src/stm32f4xx_hal_gpio.c ****           temp |= iocurrent;
 199              		.loc 1 261 11 is_stmt 1 view .LVU75
 200              		.loc 1 261 16 is_stmt 0 view .LVU76
 201 00a6 4CEA0405 		orr	r5, ip, r4
 202              	.LVL22:
 203              	.L9:
 262:Drivers/STM32F4xx_HAL_Driver/Src/stm32f4xx_hal_gpio.c ****         }
 263:Drivers/STM32F4xx_HAL_Driver/Src/stm32f4xx_hal_gpio.c ****         EXTI->FTSR = temp;
 204              		.loc 1 263 9 is_stmt 1 view .LVU77
 205              		.loc 1 263 20 is_stmt 0 view .LVU78
 206 00aa 4C4C     		ldr	r4, .L28+4
 207 00ac E560     		str	r5, [r4, #12]
 264:Drivers/STM32F4xx_HAL_Driver/Src/stm32f4xx_hal_gpio.c **** 
 265:Drivers/STM32F4xx_HAL_Driver/Src/stm32f4xx_hal_gpio.c ****         temp = EXTI->EMR;
 208              		.loc 1 265 9 is_stmt 1 view .LVU79
 209              		.loc 1 265 14 is_stmt 0 view .LVU80
 210 00ae 6468     		ldr	r4, [r4, #4]
 211              	.LVL23:
 266:Drivers/STM32F4xx_HAL_Driver/Src/stm32f4xx_hal_gpio.c ****         temp &= ~((uint32_t)iocurrent);
 212              		.loc 1 266 9 is_stmt 1 view .LVU81
 213              		.loc 1 266 14 is_stmt 0 view .LVU82
 214 00b0 02EA0405 		and	r5, r2, r4
 215              	.LVL24:
 267:Drivers/STM32F4xx_HAL_Driver/Src/stm32f4xx_hal_gpio.c ****         if((GPIO_Init->Mode & EXTI_EVT) != 0x00U)
 216              		.loc 1 267 9 is_stmt 1 view .LVU83
 217              		.loc 1 267 11 is_stmt 0 view .LVU84
 218 00b4 D1F804E0 		ldr	lr, [r1, #4]
 219 00b8 1EF4003F 		tst	lr, #131072
 220 00bc 01D0     		beq	.L10
 268:Drivers/STM32F4xx_HAL_Driver/Src/stm32f4xx_hal_gpio.c ****         {
 269:Drivers/STM32F4xx_HAL_Driver/Src/stm32f4xx_hal_gpio.c ****           temp |= iocurrent;
 221              		.loc 1 269 11 is_stmt 1 view .LVU85
 222              		.loc 1 269 16 is_stmt 0 view .LVU86
 223 00be 4CEA0405 		orr	r5, ip, r4
 224              	.LVL25:
 225              	.L10:
 270:Drivers/STM32F4xx_HAL_Driver/Src/stm32f4xx_hal_gpio.c ****         }
 271:Drivers/STM32F4xx_HAL_Driver/Src/stm32f4xx_hal_gpio.c ****         EXTI->EMR = temp;
 226              		.loc 1 271 9 is_stmt 1 view .LVU87
 227              		.loc 1 271 19 is_stmt 0 view .LVU88
 228 00c2 464C     		ldr	r4, .L28+4
 229 00c4 6560     		str	r5, [r4, #4]
 272:Drivers/STM32F4xx_HAL_Driver/Src/stm32f4xx_hal_gpio.c **** 
 273:Drivers/STM32F4xx_HAL_Driver/Src/stm32f4xx_hal_gpio.c ****         /* Clear EXTI line configuration */
 274:Drivers/STM32F4xx_HAL_Driver/Src/stm32f4xx_hal_gpio.c ****         temp = EXTI->IMR;
 230              		.loc 1 274 9 is_stmt 1 view .LVU89
 231              		.loc 1 274 14 is_stmt 0 view .LVU90
 232 00c6 2468     		ldr	r4, [r4]
 233              	.LVL26:
 275:Drivers/STM32F4xx_HAL_Driver/Src/stm32f4xx_hal_gpio.c ****         temp &= ~((uint32_t)iocurrent);
 234              		.loc 1 275 9 is_stmt 1 view .LVU91
 235              		.loc 1 275 14 is_stmt 0 view .LVU92
 236 00c8 2240     		ands	r2, r2, r4
 237              	.LVL27:
 276:Drivers/STM32F4xx_HAL_Driver/Src/stm32f4xx_hal_gpio.c ****         if((GPIO_Init->Mode & EXTI_IT) != 0x00U)
ARM GAS  C:\Users\Ebrahim\AppData\Local\Temp\ccl7RNMP.s 			page 10


 238              		.loc 1 276 9 is_stmt 1 view .LVU93
 239              		.loc 1 276 22 is_stmt 0 view .LVU94
 240 00ca 4D68     		ldr	r5, [r1, #4]
 241              		.loc 1 276 11 view .LVU95
 242 00cc 15F4803F 		tst	r5, #65536
 243 00d0 01D0     		beq	.L11
 277:Drivers/STM32F4xx_HAL_Driver/Src/stm32f4xx_hal_gpio.c ****         {
 278:Drivers/STM32F4xx_HAL_Driver/Src/stm32f4xx_hal_gpio.c ****           temp |= iocurrent;
 244              		.loc 1 278 11 is_stmt 1 view .LVU96
 245              		.loc 1 278 16 is_stmt 0 view .LVU97
 246 00d2 4CEA0402 		orr	r2, ip, r4
 247              	.LVL28:
 248              	.L11:
 279:Drivers/STM32F4xx_HAL_Driver/Src/stm32f4xx_hal_gpio.c ****         }
 280:Drivers/STM32F4xx_HAL_Driver/Src/stm32f4xx_hal_gpio.c ****         EXTI->IMR = temp;
 249              		.loc 1 280 9 is_stmt 1 view .LVU98
 250              		.loc 1 280 19 is_stmt 0 view .LVU99
 251 00d6 414C     		ldr	r4, .L28+4
 252 00d8 2260     		str	r2, [r4]
 253              	.LVL29:
 254              	.L3:
 177:Drivers/STM32F4xx_HAL_Driver/Src/stm32f4xx_hal_gpio.c ****   {
 255              		.loc 1 177 54 is_stmt 1 discriminator 2 view .LVU100
 256 00da 0133     		adds	r3, r3, #1
 257              	.LVL30:
 177:Drivers/STM32F4xx_HAL_Driver/Src/stm32f4xx_hal_gpio.c ****   {
 258              		.loc 1 177 31 discriminator 1 view .LVU101
 259 00dc 0F2B     		cmp	r3, #15
 260 00de 77D8     		bhi	.L24
 261              	.LVL31:
 262              	.L12:
 180:Drivers/STM32F4xx_HAL_Driver/Src/stm32f4xx_hal_gpio.c ****     /* Get the current IO position */
 263              		.loc 1 180 5 view .LVU102
 180:Drivers/STM32F4xx_HAL_Driver/Src/stm32f4xx_hal_gpio.c ****     /* Get the current IO position */
 264              		.loc 1 180 16 is_stmt 0 view .LVU103
 265 00e0 0122     		movs	r2, #1
 266 00e2 9A40     		lsls	r2, r2, r3
 267              	.LVL32:
 182:Drivers/STM32F4xx_HAL_Driver/Src/stm32f4xx_hal_gpio.c **** 
 268              		.loc 1 182 5 is_stmt 1 view .LVU104
 182:Drivers/STM32F4xx_HAL_Driver/Src/stm32f4xx_hal_gpio.c **** 
 269              		.loc 1 182 37 is_stmt 0 view .LVU105
 270 00e4 0C68     		ldr	r4, [r1]
 182:Drivers/STM32F4xx_HAL_Driver/Src/stm32f4xx_hal_gpio.c **** 
 271              		.loc 1 182 15 view .LVU106
 272 00e6 04EA020C 		and	ip, r4, r2
 273              	.LVL33:
 184:Drivers/STM32F4xx_HAL_Driver/Src/stm32f4xx_hal_gpio.c ****     {
 274              		.loc 1 184 5 is_stmt 1 view .LVU107
 184:Drivers/STM32F4xx_HAL_Driver/Src/stm32f4xx_hal_gpio.c ****     {
 275              		.loc 1 184 7 is_stmt 0 view .LVU108
 276 00ea 32EA0404 		bics	r4, r2, r4
 277 00ee F4D1     		bne	.L3
 188:Drivers/STM32F4xx_HAL_Driver/Src/stm32f4xx_hal_gpio.c ****           (GPIO_Init->Mode & GPIO_MODE) == MODE_AF)
 278              		.loc 1 188 7 is_stmt 1 view .LVU109
 188:Drivers/STM32F4xx_HAL_Driver/Src/stm32f4xx_hal_gpio.c ****           (GPIO_Init->Mode & GPIO_MODE) == MODE_AF)
 279              		.loc 1 188 21 is_stmt 0 view .LVU110
ARM GAS  C:\Users\Ebrahim\AppData\Local\Temp\ccl7RNMP.s 			page 11


 280 00f0 4C68     		ldr	r4, [r1, #4]
 188:Drivers/STM32F4xx_HAL_Driver/Src/stm32f4xx_hal_gpio.c ****           (GPIO_Init->Mode & GPIO_MODE) == MODE_AF)
 281              		.loc 1 188 28 view .LVU111
 282 00f2 04F00304 		and	r4, r4, #3
 188:Drivers/STM32F4xx_HAL_Driver/Src/stm32f4xx_hal_gpio.c ****           (GPIO_Init->Mode & GPIO_MODE) == MODE_AF)
 283              		.loc 1 188 57 view .LVU112
 284 00f6 013C     		subs	r4, r4, #1
 188:Drivers/STM32F4xx_HAL_Driver/Src/stm32f4xx_hal_gpio.c ****           (GPIO_Init->Mode & GPIO_MODE) == MODE_AF)
 285              		.loc 1 188 9 view .LVU113
 286 00f8 012C     		cmp	r4, #1
 287 00fa 88D9     		bls	.L25
 288              	.LVL34:
 289              	.L4:
 206:Drivers/STM32F4xx_HAL_Driver/Src/stm32f4xx_hal_gpio.c ****       {
 290              		.loc 1 206 7 is_stmt 1 view .LVU114
 206:Drivers/STM32F4xx_HAL_Driver/Src/stm32f4xx_hal_gpio.c ****       {
 291              		.loc 1 206 20 is_stmt 0 view .LVU115
 292 00fc 4A68     		ldr	r2, [r1, #4]
 206:Drivers/STM32F4xx_HAL_Driver/Src/stm32f4xx_hal_gpio.c ****       {
 293              		.loc 1 206 27 view .LVU116
 294 00fe 02F00302 		and	r2, r2, #3
 206:Drivers/STM32F4xx_HAL_Driver/Src/stm32f4xx_hal_gpio.c ****       {
 295              		.loc 1 206 9 view .LVU117
 296 0102 032A     		cmp	r2, #3
 297 0104 09D0     		beq	.L5
 209:Drivers/STM32F4xx_HAL_Driver/Src/stm32f4xx_hal_gpio.c ****         
 298              		.loc 1 209 9 is_stmt 1 view .LVU118
 212:Drivers/STM32F4xx_HAL_Driver/Src/stm32f4xx_hal_gpio.c ****         temp &= ~(GPIO_PUPDR_PUPDR0 << (position * 2U));
 299              		.loc 1 212 9 view .LVU119
 212:Drivers/STM32F4xx_HAL_Driver/Src/stm32f4xx_hal_gpio.c ****         temp &= ~(GPIO_PUPDR_PUPDR0 << (position * 2U));
 300              		.loc 1 212 14 is_stmt 0 view .LVU120
 301 0106 C468     		ldr	r4, [r0, #12]
 302              	.LVL35:
 213:Drivers/STM32F4xx_HAL_Driver/Src/stm32f4xx_hal_gpio.c ****         temp |= ((GPIO_Init->Pull) << (position * 2U));
 303              		.loc 1 213 9 is_stmt 1 view .LVU121
 213:Drivers/STM32F4xx_HAL_Driver/Src/stm32f4xx_hal_gpio.c ****         temp |= ((GPIO_Init->Pull) << (position * 2U));
 304              		.loc 1 213 50 is_stmt 0 view .LVU122
 305 0108 5D00     		lsls	r5, r3, #1
 213:Drivers/STM32F4xx_HAL_Driver/Src/stm32f4xx_hal_gpio.c ****         temp |= ((GPIO_Init->Pull) << (position * 2U));
 306              		.loc 1 213 37 view .LVU123
 307 010a 0322     		movs	r2, #3
 308 010c AA40     		lsls	r2, r2, r5
 213:Drivers/STM32F4xx_HAL_Driver/Src/stm32f4xx_hal_gpio.c ****         temp |= ((GPIO_Init->Pull) << (position * 2U));
 309              		.loc 1 213 14 view .LVU124
 310 010e 24EA0204 		bic	r4, r4, r2
 311              	.LVL36:
 214:Drivers/STM32F4xx_HAL_Driver/Src/stm32f4xx_hal_gpio.c ****         GPIOx->PUPDR = temp;
 312              		.loc 1 214 9 is_stmt 1 view .LVU125
 214:Drivers/STM32F4xx_HAL_Driver/Src/stm32f4xx_hal_gpio.c ****         GPIOx->PUPDR = temp;
 313              		.loc 1 214 28 is_stmt 0 view .LVU126
 314 0112 8A68     		ldr	r2, [r1, #8]
 214:Drivers/STM32F4xx_HAL_Driver/Src/stm32f4xx_hal_gpio.c ****         GPIOx->PUPDR = temp;
 315              		.loc 1 214 36 view .LVU127
 316 0114 AA40     		lsls	r2, r2, r5
 214:Drivers/STM32F4xx_HAL_Driver/Src/stm32f4xx_hal_gpio.c ****         GPIOx->PUPDR = temp;
 317              		.loc 1 214 14 view .LVU128
 318 0116 2243     		orrs	r2, r2, r4
ARM GAS  C:\Users\Ebrahim\AppData\Local\Temp\ccl7RNMP.s 			page 12


 319              	.LVL37:
 215:Drivers/STM32F4xx_HAL_Driver/Src/stm32f4xx_hal_gpio.c ****       }
 320              		.loc 1 215 9 is_stmt 1 view .LVU129
 215:Drivers/STM32F4xx_HAL_Driver/Src/stm32f4xx_hal_gpio.c ****       }
 321              		.loc 1 215 22 is_stmt 0 view .LVU130
 322 0118 C260     		str	r2, [r0, #12]
 323              	.LVL38:
 324              	.L5:
 219:Drivers/STM32F4xx_HAL_Driver/Src/stm32f4xx_hal_gpio.c ****       {
 325              		.loc 1 219 7 is_stmt 1 view .LVU131
 219:Drivers/STM32F4xx_HAL_Driver/Src/stm32f4xx_hal_gpio.c ****       {
 326              		.loc 1 219 20 is_stmt 0 view .LVU132
 327 011a 4A68     		ldr	r2, [r1, #4]
 219:Drivers/STM32F4xx_HAL_Driver/Src/stm32f4xx_hal_gpio.c ****       {
 328              		.loc 1 219 27 view .LVU133
 329 011c 02F00302 		and	r2, r2, #3
 219:Drivers/STM32F4xx_HAL_Driver/Src/stm32f4xx_hal_gpio.c ****       {
 330              		.loc 1 219 9 view .LVU134
 331 0120 022A     		cmp	r2, #2
 332 0122 8BD0     		beq	.L26
 333              	.L6:
 231:Drivers/STM32F4xx_HAL_Driver/Src/stm32f4xx_hal_gpio.c ****       temp &= ~(GPIO_MODER_MODER0 << (position * 2U));
 334              		.loc 1 231 7 is_stmt 1 view .LVU135
 231:Drivers/STM32F4xx_HAL_Driver/Src/stm32f4xx_hal_gpio.c ****       temp &= ~(GPIO_MODER_MODER0 << (position * 2U));
 335              		.loc 1 231 12 is_stmt 0 view .LVU136
 336 0124 0468     		ldr	r4, [r0]
 337              	.LVL39:
 232:Drivers/STM32F4xx_HAL_Driver/Src/stm32f4xx_hal_gpio.c ****       temp |= ((GPIO_Init->Mode & GPIO_MODE) << (position * 2U));
 338              		.loc 1 232 7 is_stmt 1 view .LVU137
 232:Drivers/STM32F4xx_HAL_Driver/Src/stm32f4xx_hal_gpio.c ****       temp |= ((GPIO_Init->Mode & GPIO_MODE) << (position * 2U));
 339              		.loc 1 232 48 is_stmt 0 view .LVU138
 340 0126 4FEA430E 		lsl	lr, r3, #1
 232:Drivers/STM32F4xx_HAL_Driver/Src/stm32f4xx_hal_gpio.c ****       temp |= ((GPIO_Init->Mode & GPIO_MODE) << (position * 2U));
 341              		.loc 1 232 35 view .LVU139
 342 012a 0322     		movs	r2, #3
 343 012c 02FA0EF2 		lsl	r2, r2, lr
 232:Drivers/STM32F4xx_HAL_Driver/Src/stm32f4xx_hal_gpio.c ****       temp |= ((GPIO_Init->Mode & GPIO_MODE) << (position * 2U));
 344              		.loc 1 232 12 view .LVU140
 345 0130 24EA0204 		bic	r4, r4, r2
 346              	.LVL40:
 233:Drivers/STM32F4xx_HAL_Driver/Src/stm32f4xx_hal_gpio.c ****       GPIOx->MODER = temp;
 347              		.loc 1 233 7 is_stmt 1 view .LVU141
 233:Drivers/STM32F4xx_HAL_Driver/Src/stm32f4xx_hal_gpio.c ****       GPIOx->MODER = temp;
 348              		.loc 1 233 26 is_stmt 0 view .LVU142
 349 0134 4A68     		ldr	r2, [r1, #4]
 233:Drivers/STM32F4xx_HAL_Driver/Src/stm32f4xx_hal_gpio.c ****       GPIOx->MODER = temp;
 350              		.loc 1 233 33 view .LVU143
 351 0136 02F00302 		and	r2, r2, #3
 233:Drivers/STM32F4xx_HAL_Driver/Src/stm32f4xx_hal_gpio.c ****       GPIOx->MODER = temp;
 352              		.loc 1 233 46 view .LVU144
 353 013a 02FA0EF2 		lsl	r2, r2, lr
 233:Drivers/STM32F4xx_HAL_Driver/Src/stm32f4xx_hal_gpio.c ****       GPIOx->MODER = temp;
 354              		.loc 1 233 12 view .LVU145
 355 013e 2243     		orrs	r2, r2, r4
 356              	.LVL41:
 234:Drivers/STM32F4xx_HAL_Driver/Src/stm32f4xx_hal_gpio.c **** 
 357              		.loc 1 234 7 is_stmt 1 view .LVU146
ARM GAS  C:\Users\Ebrahim\AppData\Local\Temp\ccl7RNMP.s 			page 13


 234:Drivers/STM32F4xx_HAL_Driver/Src/stm32f4xx_hal_gpio.c **** 
 358              		.loc 1 234 20 is_stmt 0 view .LVU147
 359 0140 0260     		str	r2, [r0]
 238:Drivers/STM32F4xx_HAL_Driver/Src/stm32f4xx_hal_gpio.c ****       {
 360              		.loc 1 238 7 is_stmt 1 view .LVU148
 238:Drivers/STM32F4xx_HAL_Driver/Src/stm32f4xx_hal_gpio.c ****       {
 361              		.loc 1 238 20 is_stmt 0 view .LVU149
 362 0142 4A68     		ldr	r2, [r1, #4]
 363              	.LVL42:
 238:Drivers/STM32F4xx_HAL_Driver/Src/stm32f4xx_hal_gpio.c ****       {
 364              		.loc 1 238 9 view .LVU150
 365 0144 12F4403F 		tst	r2, #196608
 366 0148 C7D0     		beq	.L3
 241:Drivers/STM32F4xx_HAL_Driver/Src/stm32f4xx_hal_gpio.c **** 
 367              		.loc 1 241 9 is_stmt 1 view .LVU151
 368              	.LBB2:
 241:Drivers/STM32F4xx_HAL_Driver/Src/stm32f4xx_hal_gpio.c **** 
 369              		.loc 1 241 9 view .LVU152
 370 014a 0022     		movs	r2, #0
 371 014c 0192     		str	r2, [sp, #4]
 372              	.LVL43:
 241:Drivers/STM32F4xx_HAL_Driver/Src/stm32f4xx_hal_gpio.c **** 
 373              		.loc 1 241 9 view .LVU153
 374 014e 244A     		ldr	r2, .L28+8
 375 0150 546C     		ldr	r4, [r2, #68]
 376 0152 44F48044 		orr	r4, r4, #16384
 377 0156 5464     		str	r4, [r2, #68]
 241:Drivers/STM32F4xx_HAL_Driver/Src/stm32f4xx_hal_gpio.c **** 
 378              		.loc 1 241 9 view .LVU154
 379 0158 526C     		ldr	r2, [r2, #68]
 380 015a 02F48042 		and	r2, r2, #16384
 381 015e 0192     		str	r2, [sp, #4]
 241:Drivers/STM32F4xx_HAL_Driver/Src/stm32f4xx_hal_gpio.c **** 
 382              		.loc 1 241 9 view .LVU155
 383 0160 019A     		ldr	r2, [sp, #4]
 384              	.LBE2:
 241:Drivers/STM32F4xx_HAL_Driver/Src/stm32f4xx_hal_gpio.c **** 
 385              		.loc 1 241 9 view .LVU156
 243:Drivers/STM32F4xx_HAL_Driver/Src/stm32f4xx_hal_gpio.c ****         temp &= ~(0x0FU << (4U * (position & 0x03U)));
 386              		.loc 1 243 9 view .LVU157
 243:Drivers/STM32F4xx_HAL_Driver/Src/stm32f4xx_hal_gpio.c ****         temp &= ~(0x0FU << (4U * (position & 0x03U)));
 387              		.loc 1 243 40 is_stmt 0 view .LVU158
 388 0162 9C08     		lsrs	r4, r3, #2
 243:Drivers/STM32F4xx_HAL_Driver/Src/stm32f4xx_hal_gpio.c ****         temp &= ~(0x0FU << (4U * (position & 0x03U)));
 389              		.loc 1 243 14 view .LVU159
 390 0164 A51C     		adds	r5, r4, #2
 391 0166 1C4A     		ldr	r2, .L28
 392 0168 52F82550 		ldr	r5, [r2, r5, lsl #2]
 393              	.LVL44:
 244:Drivers/STM32F4xx_HAL_Driver/Src/stm32f4xx_hal_gpio.c ****         temp |= ((uint32_t)(GPIO_GET_INDEX(GPIOx)) << (4U * (position & 0x03U)));
 394              		.loc 1 244 9 is_stmt 1 view .LVU160
 244:Drivers/STM32F4xx_HAL_Driver/Src/stm32f4xx_hal_gpio.c ****         temp |= ((uint32_t)(GPIO_GET_INDEX(GPIOx)) << (4U * (position & 0x03U)));
 395              		.loc 1 244 44 is_stmt 0 view .LVU161
 396 016c 03F0030E 		and	lr, r3, #3
 244:Drivers/STM32F4xx_HAL_Driver/Src/stm32f4xx_hal_gpio.c ****         temp |= ((uint32_t)(GPIO_GET_INDEX(GPIOx)) << (4U * (position & 0x03U)));
 397              		.loc 1 244 32 view .LVU162
 398 0170 4FEA8E0E 		lsl	lr, lr, #2
ARM GAS  C:\Users\Ebrahim\AppData\Local\Temp\ccl7RNMP.s 			page 14


 244:Drivers/STM32F4xx_HAL_Driver/Src/stm32f4xx_hal_gpio.c ****         temp |= ((uint32_t)(GPIO_GET_INDEX(GPIOx)) << (4U * (position & 0x03U)));
 399              		.loc 1 244 25 view .LVU163
 400 0174 0F22     		movs	r2, #15
 401 0176 02FA0EF2 		lsl	r2, r2, lr
 244:Drivers/STM32F4xx_HAL_Driver/Src/stm32f4xx_hal_gpio.c ****         temp |= ((uint32_t)(GPIO_GET_INDEX(GPIOx)) << (4U * (position & 0x03U)));
 402              		.loc 1 244 14 view .LVU164
 403 017a 25EA0205 		bic	r5, r5, r2
 404              	.LVL45:
 245:Drivers/STM32F4xx_HAL_Driver/Src/stm32f4xx_hal_gpio.c ****         SYSCFG->EXTICR[position >> 2U] = temp;
 405              		.loc 1 245 9 is_stmt 1 view .LVU165
 245:Drivers/STM32F4xx_HAL_Driver/Src/stm32f4xx_hal_gpio.c ****         SYSCFG->EXTICR[position >> 2U] = temp;
 406              		.loc 1 245 18 is_stmt 0 view .LVU166
 407 017e 194A     		ldr	r2, .L28+12
 408 0180 9042     		cmp	r0, r2
 409 0182 3FF471AF 		beq	.L13
 245:Drivers/STM32F4xx_HAL_Driver/Src/stm32f4xx_hal_gpio.c ****         SYSCFG->EXTICR[position >> 2U] = temp;
 410              		.loc 1 245 29 discriminator 1 view .LVU167
 411 0186 02F58062 		add	r2, r2, #1024
 412 018a 9042     		cmp	r0, r2
 413 018c 16D0     		beq	.L14
 245:Drivers/STM32F4xx_HAL_Driver/Src/stm32f4xx_hal_gpio.c ****         SYSCFG->EXTICR[position >> 2U] = temp;
 414              		.loc 1 245 29 discriminator 3 view .LVU168
 415 018e 02F58062 		add	r2, r2, #1024
 416 0192 9042     		cmp	r0, r2
 417 0194 14D0     		beq	.L15
 245:Drivers/STM32F4xx_HAL_Driver/Src/stm32f4xx_hal_gpio.c ****         SYSCFG->EXTICR[position >> 2U] = temp;
 418              		.loc 1 245 29 discriminator 5 view .LVU169
 419 0196 02F58062 		add	r2, r2, #1024
 420 019a 9042     		cmp	r0, r2
 421 019c 12D0     		beq	.L16
 245:Drivers/STM32F4xx_HAL_Driver/Src/stm32f4xx_hal_gpio.c ****         SYSCFG->EXTICR[position >> 2U] = temp;
 422              		.loc 1 245 29 discriminator 7 view .LVU170
 423 019e 02F58062 		add	r2, r2, #1024
 424 01a2 9042     		cmp	r0, r2
 425 01a4 10D0     		beq	.L17
 245:Drivers/STM32F4xx_HAL_Driver/Src/stm32f4xx_hal_gpio.c ****         SYSCFG->EXTICR[position >> 2U] = temp;
 426              		.loc 1 245 29 discriminator 9 view .LVU171
 427 01a6 02F58062 		add	r2, r2, #1024
 428 01aa 9042     		cmp	r0, r2
 429 01ac 0ED0     		beq	.L18
 245:Drivers/STM32F4xx_HAL_Driver/Src/stm32f4xx_hal_gpio.c ****         SYSCFG->EXTICR[position >> 2U] = temp;
 430              		.loc 1 245 29 discriminator 11 view .LVU172
 431 01ae 02F58062 		add	r2, r2, #1024
 432 01b2 9042     		cmp	r0, r2
 433 01b4 3FF456AF 		beq	.L27
 245:Drivers/STM32F4xx_HAL_Driver/Src/stm32f4xx_hal_gpio.c ****         SYSCFG->EXTICR[position >> 2U] = temp;
 434              		.loc 1 245 29 discriminator 14 view .LVU173
 435 01b8 0722     		movs	r2, #7
 436 01ba 56E7     		b	.L7
 437              	.L14:
 245:Drivers/STM32F4xx_HAL_Driver/Src/stm32f4xx_hal_gpio.c ****         SYSCFG->EXTICR[position >> 2U] = temp;
 438              		.loc 1 245 29 discriminator 4 view .LVU174
 439 01bc 0122     		movs	r2, #1
 440              	.LVL46:
 245:Drivers/STM32F4xx_HAL_Driver/Src/stm32f4xx_hal_gpio.c ****         SYSCFG->EXTICR[position >> 2U] = temp;
 441              		.loc 1 245 29 discriminator 4 view .LVU175
 442 01be 54E7     		b	.L7
ARM GAS  C:\Users\Ebrahim\AppData\Local\Temp\ccl7RNMP.s 			page 15


 443              	.LVL47:
 444              	.L15:
 245:Drivers/STM32F4xx_HAL_Driver/Src/stm32f4xx_hal_gpio.c ****         SYSCFG->EXTICR[position >> 2U] = temp;
 445              		.loc 1 245 29 discriminator 6 view .LVU176
 446 01c0 0222     		movs	r2, #2
 447 01c2 52E7     		b	.L7
 448              	.L16:
 245:Drivers/STM32F4xx_HAL_Driver/Src/stm32f4xx_hal_gpio.c ****         SYSCFG->EXTICR[position >> 2U] = temp;
 449              		.loc 1 245 29 discriminator 8 view .LVU177
 450 01c4 0322     		movs	r2, #3
 451 01c6 50E7     		b	.L7
 452              	.L17:
 245:Drivers/STM32F4xx_HAL_Driver/Src/stm32f4xx_hal_gpio.c ****         SYSCFG->EXTICR[position >> 2U] = temp;
 453              		.loc 1 245 29 discriminator 10 view .LVU178
 454 01c8 0422     		movs	r2, #4
 455 01ca 4EE7     		b	.L7
 456              	.L18:
 245:Drivers/STM32F4xx_HAL_Driver/Src/stm32f4xx_hal_gpio.c ****         SYSCFG->EXTICR[position >> 2U] = temp;
 457              		.loc 1 245 29 discriminator 12 view .LVU179
 458 01cc 0522     		movs	r2, #5
 459 01ce 4CE7     		b	.L7
 460              	.LVL48:
 461              	.L24:
 281:Drivers/STM32F4xx_HAL_Driver/Src/stm32f4xx_hal_gpio.c ****       }
 282:Drivers/STM32F4xx_HAL_Driver/Src/stm32f4xx_hal_gpio.c ****     }
 283:Drivers/STM32F4xx_HAL_Driver/Src/stm32f4xx_hal_gpio.c ****   }
 284:Drivers/STM32F4xx_HAL_Driver/Src/stm32f4xx_hal_gpio.c **** }
 462              		.loc 1 284 1 view .LVU180
 463 01d0 03B0     		add	sp, sp, #12
 464              	.LCFI2:
 465              		.cfi_def_cfa_offset 12
 466              		@ sp needed
 467 01d2 30BD     		pop	{r4, r5, pc}
 468              	.LVL49:
 469              	.L23:
 470              	.LCFI3:
 471              		.cfi_def_cfa_offset 0
 472              		.cfi_restore 4
 473              		.cfi_restore 5
 474              		.cfi_restore 14
 475              		.loc 1 284 1 view .LVU181
 476 01d4 7047     		bx	lr
 477              	.L29:
 478 01d6 00BF     		.align	2
 479              	.L28:
 480 01d8 00380140 		.word	1073821696
 481 01dc 003C0140 		.word	1073822720
 482 01e0 00380240 		.word	1073887232
 483 01e4 00000240 		.word	1073872896
 484              		.cfi_endproc
 485              	.LFE134:
 487              		.section	.text.HAL_GPIO_DeInit,"ax",%progbits
 488              		.align	1
 489              		.global	HAL_GPIO_DeInit
 490              		.syntax unified
 491              		.thumb
 492              		.thumb_func
ARM GAS  C:\Users\Ebrahim\AppData\Local\Temp\ccl7RNMP.s 			page 16


 494              	HAL_GPIO_DeInit:
 495              	.LVL50:
 496              	.LFB135:
 285:Drivers/STM32F4xx_HAL_Driver/Src/stm32f4xx_hal_gpio.c **** 
 286:Drivers/STM32F4xx_HAL_Driver/Src/stm32f4xx_hal_gpio.c **** /**
 287:Drivers/STM32F4xx_HAL_Driver/Src/stm32f4xx_hal_gpio.c ****   * @brief  De-initializes the GPIOx peripheral registers to their default reset values.
 288:Drivers/STM32F4xx_HAL_Driver/Src/stm32f4xx_hal_gpio.c ****   * @param  GPIOx where x can be (A..K) to select the GPIO peripheral for STM32F429X device or
 289:Drivers/STM32F4xx_HAL_Driver/Src/stm32f4xx_hal_gpio.c ****   *                      x can be (A..I) to select the GPIO peripheral for STM32F40XX and STM32F427
 290:Drivers/STM32F4xx_HAL_Driver/Src/stm32f4xx_hal_gpio.c ****   * @param  GPIO_Pin specifies the port bit to be written.
 291:Drivers/STM32F4xx_HAL_Driver/Src/stm32f4xx_hal_gpio.c ****   *          This parameter can be one of GPIO_PIN_x where x can be (0..15).
 292:Drivers/STM32F4xx_HAL_Driver/Src/stm32f4xx_hal_gpio.c ****   * @retval None
 293:Drivers/STM32F4xx_HAL_Driver/Src/stm32f4xx_hal_gpio.c ****   */
 294:Drivers/STM32F4xx_HAL_Driver/Src/stm32f4xx_hal_gpio.c **** void HAL_GPIO_DeInit(GPIO_TypeDef  *GPIOx, uint32_t GPIO_Pin)
 295:Drivers/STM32F4xx_HAL_Driver/Src/stm32f4xx_hal_gpio.c **** {
 497              		.loc 1 295 1 is_stmt 1 view -0
 498              		.cfi_startproc
 499              		@ args = 0, pretend = 0, frame = 0
 500              		@ frame_needed = 0, uses_anonymous_args = 0
 296:Drivers/STM32F4xx_HAL_Driver/Src/stm32f4xx_hal_gpio.c ****   uint32_t position;
 501              		.loc 1 296 3 view .LVU183
 297:Drivers/STM32F4xx_HAL_Driver/Src/stm32f4xx_hal_gpio.c ****   uint32_t ioposition = 0x00U;
 502              		.loc 1 297 3 view .LVU184
 298:Drivers/STM32F4xx_HAL_Driver/Src/stm32f4xx_hal_gpio.c ****   uint32_t iocurrent = 0x00U;
 503              		.loc 1 298 3 view .LVU185
 299:Drivers/STM32F4xx_HAL_Driver/Src/stm32f4xx_hal_gpio.c ****   uint32_t tmp = 0x00U;
 504              		.loc 1 299 3 view .LVU186
 300:Drivers/STM32F4xx_HAL_Driver/Src/stm32f4xx_hal_gpio.c **** 
 301:Drivers/STM32F4xx_HAL_Driver/Src/stm32f4xx_hal_gpio.c ****   /* Check the parameters */
 302:Drivers/STM32F4xx_HAL_Driver/Src/stm32f4xx_hal_gpio.c ****   assert_param(IS_GPIO_ALL_INSTANCE(GPIOx));
 505              		.loc 1 302 3 view .LVU187
 303:Drivers/STM32F4xx_HAL_Driver/Src/stm32f4xx_hal_gpio.c ****   
 304:Drivers/STM32F4xx_HAL_Driver/Src/stm32f4xx_hal_gpio.c ****   /* Configure the port pins */
 305:Drivers/STM32F4xx_HAL_Driver/Src/stm32f4xx_hal_gpio.c ****   for(position = 0U; position < GPIO_NUMBER; position++)
 506              		.loc 1 305 3 view .LVU188
 507              		.loc 1 305 16 is_stmt 0 view .LVU189
 508 0000 0023     		movs	r3, #0
 509              	.LVL51:
 510              		.loc 1 305 31 is_stmt 1 discriminator 1 view .LVU190
 511 0002 0F2B     		cmp	r3, #15
 512 0004 00F28980 		bhi	.L46
 295:Drivers/STM32F4xx_HAL_Driver/Src/stm32f4xx_hal_gpio.c ****   uint32_t position;
 513              		.loc 1 295 1 is_stmt 0 view .LVU191
 514 0008 F0B5     		push	{r4, r5, r6, r7, lr}
 515              	.LCFI4:
 516              		.cfi_def_cfa_offset 20
 517              		.cfi_offset 4, -20
 518              		.cfi_offset 5, -16
 519              		.cfi_offset 6, -12
 520              		.cfi_offset 7, -8
 521              		.cfi_offset 14, -4
 522 000a 2DE0     		b	.L35
 523              	.LVL52:
 524              	.L49:
 306:Drivers/STM32F4xx_HAL_Driver/Src/stm32f4xx_hal_gpio.c ****   {
 307:Drivers/STM32F4xx_HAL_Driver/Src/stm32f4xx_hal_gpio.c ****     /* Get the IO position */
 308:Drivers/STM32F4xx_HAL_Driver/Src/stm32f4xx_hal_gpio.c ****     ioposition = 0x01U << position;
 309:Drivers/STM32F4xx_HAL_Driver/Src/stm32f4xx_hal_gpio.c ****     /* Get the current IO position */
ARM GAS  C:\Users\Ebrahim\AppData\Local\Temp\ccl7RNMP.s 			page 17


 310:Drivers/STM32F4xx_HAL_Driver/Src/stm32f4xx_hal_gpio.c ****     iocurrent = (GPIO_Pin) & ioposition;
 311:Drivers/STM32F4xx_HAL_Driver/Src/stm32f4xx_hal_gpio.c **** 
 312:Drivers/STM32F4xx_HAL_Driver/Src/stm32f4xx_hal_gpio.c ****     if(iocurrent == ioposition)
 313:Drivers/STM32F4xx_HAL_Driver/Src/stm32f4xx_hal_gpio.c ****     {
 314:Drivers/STM32F4xx_HAL_Driver/Src/stm32f4xx_hal_gpio.c ****       /*------------------------- EXTI Mode Configuration --------------------*/
 315:Drivers/STM32F4xx_HAL_Driver/Src/stm32f4xx_hal_gpio.c ****       tmp = SYSCFG->EXTICR[position >> 2U];
 316:Drivers/STM32F4xx_HAL_Driver/Src/stm32f4xx_hal_gpio.c ****       tmp &= (0x0FU << (4U * (position & 0x03U)));
 317:Drivers/STM32F4xx_HAL_Driver/Src/stm32f4xx_hal_gpio.c ****       if(tmp == ((uint32_t)(GPIO_GET_INDEX(GPIOx)) << (4U * (position & 0x03U))))
 525              		.loc 1 317 29 discriminator 13 view .LVU192
 526 000c 0625     		movs	r5, #6
 527 000e 00E0     		b	.L33
 528              	.L36:
 529              		.loc 1 317 18 discriminator 2 view .LVU193
 530 0010 0025     		movs	r5, #0
 531              	.L33:
 532              		.loc 1 317 52 discriminator 28 view .LVU194
 533 0012 05FA0CF5 		lsl	r5, r5, ip
 534              		.loc 1 317 9 discriminator 28 view .LVU195
 535 0016 A542     		cmp	r5, r4
 536 0018 63D0     		beq	.L47
 537              	.LVL53:
 538              	.L34:
 318:Drivers/STM32F4xx_HAL_Driver/Src/stm32f4xx_hal_gpio.c ****       {
 319:Drivers/STM32F4xx_HAL_Driver/Src/stm32f4xx_hal_gpio.c ****         /* Clear EXTI line configuration */
 320:Drivers/STM32F4xx_HAL_Driver/Src/stm32f4xx_hal_gpio.c ****         EXTI->IMR &= ~((uint32_t)iocurrent);
 321:Drivers/STM32F4xx_HAL_Driver/Src/stm32f4xx_hal_gpio.c ****         EXTI->EMR &= ~((uint32_t)iocurrent);
 322:Drivers/STM32F4xx_HAL_Driver/Src/stm32f4xx_hal_gpio.c ****         
 323:Drivers/STM32F4xx_HAL_Driver/Src/stm32f4xx_hal_gpio.c ****         /* Clear Rising Falling edge configuration */
 324:Drivers/STM32F4xx_HAL_Driver/Src/stm32f4xx_hal_gpio.c ****         EXTI->FTSR &= ~((uint32_t)iocurrent);
 325:Drivers/STM32F4xx_HAL_Driver/Src/stm32f4xx_hal_gpio.c ****         EXTI->RTSR &= ~((uint32_t)iocurrent);
 326:Drivers/STM32F4xx_HAL_Driver/Src/stm32f4xx_hal_gpio.c **** 
 327:Drivers/STM32F4xx_HAL_Driver/Src/stm32f4xx_hal_gpio.c ****         /* Configure the External Interrupt or event for the current IO */
 328:Drivers/STM32F4xx_HAL_Driver/Src/stm32f4xx_hal_gpio.c ****         tmp = 0x0FU << (4U * (position & 0x03U));
 329:Drivers/STM32F4xx_HAL_Driver/Src/stm32f4xx_hal_gpio.c ****         SYSCFG->EXTICR[position >> 2U] &= ~tmp;
 330:Drivers/STM32F4xx_HAL_Driver/Src/stm32f4xx_hal_gpio.c ****       }
 331:Drivers/STM32F4xx_HAL_Driver/Src/stm32f4xx_hal_gpio.c **** 
 332:Drivers/STM32F4xx_HAL_Driver/Src/stm32f4xx_hal_gpio.c ****       /*------------------------- GPIO Mode Configuration --------------------*/
 333:Drivers/STM32F4xx_HAL_Driver/Src/stm32f4xx_hal_gpio.c ****       /* Configure IO Direction in Input Floating Mode */
 334:Drivers/STM32F4xx_HAL_Driver/Src/stm32f4xx_hal_gpio.c ****       GPIOx->MODER &= ~(GPIO_MODER_MODER0 << (position * 2U));
 539              		.loc 1 334 7 is_stmt 1 view .LVU196
 540              		.loc 1 334 12 is_stmt 0 view .LVU197
 541 001a 0468     		ldr	r4, [r0]
 542              		.loc 1 334 56 view .LVU198
 543 001c 5D00     		lsls	r5, r3, #1
 544              		.loc 1 334 43 view .LVU199
 545 001e 4FF0030C 		mov	ip, #3
 546 0022 0CFA05FC 		lsl	ip, ip, r5
 547              		.loc 1 334 20 view .LVU200
 548 0026 24EA0C04 		bic	r4, r4, ip
 549 002a 0460     		str	r4, [r0]
 335:Drivers/STM32F4xx_HAL_Driver/Src/stm32f4xx_hal_gpio.c **** 
 336:Drivers/STM32F4xx_HAL_Driver/Src/stm32f4xx_hal_gpio.c ****       /* Configure the default Alternate Function in current IO */
 337:Drivers/STM32F4xx_HAL_Driver/Src/stm32f4xx_hal_gpio.c ****       GPIOx->AFR[position >> 3U] &= ~(0xFU << ((uint32_t)(position & 0x07U) * 4U)) ;
 550              		.loc 1 337 7 is_stmt 1 view .LVU201
 551              		.loc 1 337 17 is_stmt 0 view .LVU202
 552 002c 4FEAD30E 		lsr	lr, r3, #3
 553 0030 0EF1080E 		add	lr, lr, #8
ARM GAS  C:\Users\Ebrahim\AppData\Local\Temp\ccl7RNMP.s 			page 18


 554 0034 50F82E40 		ldr	r4, [r0, lr, lsl #2]
 555              		.loc 1 337 48 view .LVU203
 556 0038 03F00706 		and	r6, r3, #7
 557              		.loc 1 337 77 view .LVU204
 558 003c B600     		lsls	r6, r6, #2
 559              		.loc 1 337 44 view .LVU205
 560 003e 0F25     		movs	r5, #15
 561 0040 B540     		lsls	r5, r5, r6
 562              		.loc 1 337 34 view .LVU206
 563 0042 24EA0504 		bic	r4, r4, r5
 564 0046 40F82E40 		str	r4, [r0, lr, lsl #2]
 338:Drivers/STM32F4xx_HAL_Driver/Src/stm32f4xx_hal_gpio.c **** 
 339:Drivers/STM32F4xx_HAL_Driver/Src/stm32f4xx_hal_gpio.c ****       /* Deactivate the Pull-up and Pull-down resistor for the current IO */
 340:Drivers/STM32F4xx_HAL_Driver/Src/stm32f4xx_hal_gpio.c ****       GPIOx->PUPDR &= ~(GPIO_PUPDR_PUPDR0 << (position * 2U));
 565              		.loc 1 340 7 is_stmt 1 view .LVU207
 566              		.loc 1 340 12 is_stmt 0 view .LVU208
 567 004a C468     		ldr	r4, [r0, #12]
 568              		.loc 1 340 20 view .LVU209
 569 004c 24EA0C04 		bic	r4, r4, ip
 570 0050 C460     		str	r4, [r0, #12]
 341:Drivers/STM32F4xx_HAL_Driver/Src/stm32f4xx_hal_gpio.c **** 
 342:Drivers/STM32F4xx_HAL_Driver/Src/stm32f4xx_hal_gpio.c ****       /* Configure the default value IO Output Type */
 343:Drivers/STM32F4xx_HAL_Driver/Src/stm32f4xx_hal_gpio.c ****       GPIOx->OTYPER  &= ~(GPIO_OTYPER_OT_0 << position) ;
 571              		.loc 1 343 7 is_stmt 1 view .LVU210
 572              		.loc 1 343 12 is_stmt 0 view .LVU211
 573 0052 4468     		ldr	r4, [r0, #4]
 574              		.loc 1 343 22 view .LVU212
 575 0054 24EA0202 		bic	r2, r4, r2
 576              	.LVL54:
 577              		.loc 1 343 22 view .LVU213
 578 0058 4260     		str	r2, [r0, #4]
 344:Drivers/STM32F4xx_HAL_Driver/Src/stm32f4xx_hal_gpio.c **** 
 345:Drivers/STM32F4xx_HAL_Driver/Src/stm32f4xx_hal_gpio.c ****       /* Configure the default value for IO Speed */
 346:Drivers/STM32F4xx_HAL_Driver/Src/stm32f4xx_hal_gpio.c ****       GPIOx->OSPEEDR &= ~(GPIO_OSPEEDER_OSPEEDR0 << (position * 2U));
 579              		.loc 1 346 7 is_stmt 1 view .LVU214
 580              		.loc 1 346 12 is_stmt 0 view .LVU215
 581 005a 8268     		ldr	r2, [r0, #8]
 582              		.loc 1 346 22 view .LVU216
 583 005c 22EA0C02 		bic	r2, r2, ip
 584 0060 8260     		str	r2, [r0, #8]
 585              	.L32:
 305:Drivers/STM32F4xx_HAL_Driver/Src/stm32f4xx_hal_gpio.c ****   {
 586              		.loc 1 305 54 is_stmt 1 discriminator 2 view .LVU217
 587 0062 0133     		adds	r3, r3, #1
 588              	.LVL55:
 305:Drivers/STM32F4xx_HAL_Driver/Src/stm32f4xx_hal_gpio.c ****   {
 589              		.loc 1 305 31 discriminator 1 view .LVU218
 590 0064 0F2B     		cmp	r3, #15
 591 0066 57D8     		bhi	.L48
 592              	.LVL56:
 593              	.L35:
 308:Drivers/STM32F4xx_HAL_Driver/Src/stm32f4xx_hal_gpio.c ****     /* Get the current IO position */
 594              		.loc 1 308 5 view .LVU219
 308:Drivers/STM32F4xx_HAL_Driver/Src/stm32f4xx_hal_gpio.c ****     /* Get the current IO position */
 595              		.loc 1 308 16 is_stmt 0 view .LVU220
 596 0068 0122     		movs	r2, #1
 597 006a 9A40     		lsls	r2, r2, r3
ARM GAS  C:\Users\Ebrahim\AppData\Local\Temp\ccl7RNMP.s 			page 19


 598              	.LVL57:
 310:Drivers/STM32F4xx_HAL_Driver/Src/stm32f4xx_hal_gpio.c **** 
 599              		.loc 1 310 5 is_stmt 1 view .LVU221
 310:Drivers/STM32F4xx_HAL_Driver/Src/stm32f4xx_hal_gpio.c **** 
 600              		.loc 1 310 15 is_stmt 0 view .LVU222
 601 006c 02EA0106 		and	r6, r2, r1
 602              	.LVL58:
 312:Drivers/STM32F4xx_HAL_Driver/Src/stm32f4xx_hal_gpio.c ****     {
 603              		.loc 1 312 5 is_stmt 1 view .LVU223
 312:Drivers/STM32F4xx_HAL_Driver/Src/stm32f4xx_hal_gpio.c ****     {
 604              		.loc 1 312 7 is_stmt 0 view .LVU224
 605 0070 32EA0104 		bics	r4, r2, r1
 606 0074 F5D1     		bne	.L32
 315:Drivers/STM32F4xx_HAL_Driver/Src/stm32f4xx_hal_gpio.c ****       tmp &= (0x0FU << (4U * (position & 0x03U)));
 607              		.loc 1 315 7 is_stmt 1 view .LVU225
 315:Drivers/STM32F4xx_HAL_Driver/Src/stm32f4xx_hal_gpio.c ****       tmp &= (0x0FU << (4U * (position & 0x03U)));
 608              		.loc 1 315 37 is_stmt 0 view .LVU226
 609 0076 4FEA930E 		lsr	lr, r3, #2
 315:Drivers/STM32F4xx_HAL_Driver/Src/stm32f4xx_hal_gpio.c ****       tmp &= (0x0FU << (4U * (position & 0x03U)));
 610              		.loc 1 315 11 view .LVU227
 611 007a 0EF10205 		add	r5, lr, #2
 612 007e 274C     		ldr	r4, .L50
 613 0080 54F82540 		ldr	r4, [r4, r5, lsl #2]
 614              	.LVL59:
 316:Drivers/STM32F4xx_HAL_Driver/Src/stm32f4xx_hal_gpio.c ****       if(tmp == ((uint32_t)(GPIO_GET_INDEX(GPIOx)) << (4U * (position & 0x03U))))
 615              		.loc 1 316 7 is_stmt 1 view .LVU228
 316:Drivers/STM32F4xx_HAL_Driver/Src/stm32f4xx_hal_gpio.c ****       if(tmp == ((uint32_t)(GPIO_GET_INDEX(GPIOx)) << (4U * (position & 0x03U))))
 616              		.loc 1 316 40 is_stmt 0 view .LVU229
 617 0084 03F0030C 		and	ip, r3, #3
 316:Drivers/STM32F4xx_HAL_Driver/Src/stm32f4xx_hal_gpio.c ****       if(tmp == ((uint32_t)(GPIO_GET_INDEX(GPIOx)) << (4U * (position & 0x03U))))
 618              		.loc 1 316 28 view .LVU230
 619 0088 4FEA8C0C 		lsl	ip, ip, #2
 316:Drivers/STM32F4xx_HAL_Driver/Src/stm32f4xx_hal_gpio.c ****       if(tmp == ((uint32_t)(GPIO_GET_INDEX(GPIOx)) << (4U * (position & 0x03U))))
 620              		.loc 1 316 21 view .LVU231
 621 008c 0F25     		movs	r5, #15
 622 008e 05FA0CF7 		lsl	r7, r5, ip
 316:Drivers/STM32F4xx_HAL_Driver/Src/stm32f4xx_hal_gpio.c ****       if(tmp == ((uint32_t)(GPIO_GET_INDEX(GPIOx)) << (4U * (position & 0x03U))))
 623              		.loc 1 316 11 view .LVU232
 624 0092 3C40     		ands	r4, r4, r7
 625              	.LVL60:
 317:Drivers/STM32F4xx_HAL_Driver/Src/stm32f4xx_hal_gpio.c ****       {
 626              		.loc 1 317 7 is_stmt 1 view .LVU233
 317:Drivers/STM32F4xx_HAL_Driver/Src/stm32f4xx_hal_gpio.c ****       {
 627              		.loc 1 317 18 is_stmt 0 view .LVU234
 628 0094 224D     		ldr	r5, .L50+4
 629 0096 A842     		cmp	r0, r5
 630 0098 BAD0     		beq	.L36
 317:Drivers/STM32F4xx_HAL_Driver/Src/stm32f4xx_hal_gpio.c ****       {
 631              		.loc 1 317 29 discriminator 1 view .LVU235
 632 009a 05F58065 		add	r5, r5, #1024
 633 009e A842     		cmp	r0, r5
 634 00a0 15D0     		beq	.L37
 317:Drivers/STM32F4xx_HAL_Driver/Src/stm32f4xx_hal_gpio.c ****       {
 635              		.loc 1 317 29 discriminator 3 view .LVU236
 636 00a2 05F58065 		add	r5, r5, #1024
 637 00a6 A842     		cmp	r0, r5
 638 00a8 13D0     		beq	.L38
ARM GAS  C:\Users\Ebrahim\AppData\Local\Temp\ccl7RNMP.s 			page 20


 317:Drivers/STM32F4xx_HAL_Driver/Src/stm32f4xx_hal_gpio.c ****       {
 639              		.loc 1 317 29 discriminator 5 view .LVU237
 640 00aa 05F58065 		add	r5, r5, #1024
 641 00ae A842     		cmp	r0, r5
 642 00b0 11D0     		beq	.L39
 317:Drivers/STM32F4xx_HAL_Driver/Src/stm32f4xx_hal_gpio.c ****       {
 643              		.loc 1 317 29 discriminator 7 view .LVU238
 644 00b2 05F58065 		add	r5, r5, #1024
 645 00b6 A842     		cmp	r0, r5
 646 00b8 0FD0     		beq	.L40
 317:Drivers/STM32F4xx_HAL_Driver/Src/stm32f4xx_hal_gpio.c ****       {
 647              		.loc 1 317 29 discriminator 9 view .LVU239
 648 00ba 05F58065 		add	r5, r5, #1024
 649 00be A842     		cmp	r0, r5
 650 00c0 0DD0     		beq	.L41
 317:Drivers/STM32F4xx_HAL_Driver/Src/stm32f4xx_hal_gpio.c ****       {
 651              		.loc 1 317 29 discriminator 11 view .LVU240
 652 00c2 05F58065 		add	r5, r5, #1024
 653 00c6 A842     		cmp	r0, r5
 654 00c8 A0D0     		beq	.L49
 317:Drivers/STM32F4xx_HAL_Driver/Src/stm32f4xx_hal_gpio.c ****       {
 655              		.loc 1 317 29 discriminator 14 view .LVU241
 656 00ca 0725     		movs	r5, #7
 657 00cc A1E7     		b	.L33
 658              	.L37:
 317:Drivers/STM32F4xx_HAL_Driver/Src/stm32f4xx_hal_gpio.c ****       {
 659              		.loc 1 317 29 discriminator 4 view .LVU242
 660 00ce 0125     		movs	r5, #1
 661 00d0 9FE7     		b	.L33
 662              	.L38:
 317:Drivers/STM32F4xx_HAL_Driver/Src/stm32f4xx_hal_gpio.c ****       {
 663              		.loc 1 317 29 discriminator 6 view .LVU243
 664 00d2 0225     		movs	r5, #2
 665 00d4 9DE7     		b	.L33
 666              	.L39:
 317:Drivers/STM32F4xx_HAL_Driver/Src/stm32f4xx_hal_gpio.c ****       {
 667              		.loc 1 317 29 discriminator 8 view .LVU244
 668 00d6 0325     		movs	r5, #3
 669 00d8 9BE7     		b	.L33
 670              	.L40:
 317:Drivers/STM32F4xx_HAL_Driver/Src/stm32f4xx_hal_gpio.c ****       {
 671              		.loc 1 317 29 discriminator 10 view .LVU245
 672 00da 0425     		movs	r5, #4
 673 00dc 99E7     		b	.L33
 674              	.L41:
 317:Drivers/STM32F4xx_HAL_Driver/Src/stm32f4xx_hal_gpio.c ****       {
 675              		.loc 1 317 29 discriminator 12 view .LVU246
 676 00de 0525     		movs	r5, #5
 677 00e0 97E7     		b	.L33
 678              	.L47:
 320:Drivers/STM32F4xx_HAL_Driver/Src/stm32f4xx_hal_gpio.c ****         EXTI->EMR &= ~((uint32_t)iocurrent);
 679              		.loc 1 320 9 is_stmt 1 view .LVU247
 320:Drivers/STM32F4xx_HAL_Driver/Src/stm32f4xx_hal_gpio.c ****         EXTI->EMR &= ~((uint32_t)iocurrent);
 680              		.loc 1 320 13 is_stmt 0 view .LVU248
 681 00e2 104C     		ldr	r4, .L50+8
 682              	.LVL61:
 320:Drivers/STM32F4xx_HAL_Driver/Src/stm32f4xx_hal_gpio.c ****         EXTI->EMR &= ~((uint32_t)iocurrent);
ARM GAS  C:\Users\Ebrahim\AppData\Local\Temp\ccl7RNMP.s 			page 21


 683              		.loc 1 320 13 view .LVU249
 684 00e4 2568     		ldr	r5, [r4]
 320:Drivers/STM32F4xx_HAL_Driver/Src/stm32f4xx_hal_gpio.c ****         EXTI->EMR &= ~((uint32_t)iocurrent);
 685              		.loc 1 320 19 view .LVU250
 686 00e6 25EA0605 		bic	r5, r5, r6
 687 00ea 2560     		str	r5, [r4]
 321:Drivers/STM32F4xx_HAL_Driver/Src/stm32f4xx_hal_gpio.c ****         
 688              		.loc 1 321 9 is_stmt 1 view .LVU251
 321:Drivers/STM32F4xx_HAL_Driver/Src/stm32f4xx_hal_gpio.c ****         
 689              		.loc 1 321 13 is_stmt 0 view .LVU252
 690 00ec 6568     		ldr	r5, [r4, #4]
 321:Drivers/STM32F4xx_HAL_Driver/Src/stm32f4xx_hal_gpio.c ****         
 691              		.loc 1 321 19 view .LVU253
 692 00ee 25EA0605 		bic	r5, r5, r6
 693 00f2 6560     		str	r5, [r4, #4]
 324:Drivers/STM32F4xx_HAL_Driver/Src/stm32f4xx_hal_gpio.c ****         EXTI->RTSR &= ~((uint32_t)iocurrent);
 694              		.loc 1 324 9 is_stmt 1 view .LVU254
 324:Drivers/STM32F4xx_HAL_Driver/Src/stm32f4xx_hal_gpio.c ****         EXTI->RTSR &= ~((uint32_t)iocurrent);
 695              		.loc 1 324 13 is_stmt 0 view .LVU255
 696 00f4 E568     		ldr	r5, [r4, #12]
 324:Drivers/STM32F4xx_HAL_Driver/Src/stm32f4xx_hal_gpio.c ****         EXTI->RTSR &= ~((uint32_t)iocurrent);
 697              		.loc 1 324 20 view .LVU256
 698 00f6 25EA0605 		bic	r5, r5, r6
 699 00fa E560     		str	r5, [r4, #12]
 325:Drivers/STM32F4xx_HAL_Driver/Src/stm32f4xx_hal_gpio.c **** 
 700              		.loc 1 325 9 is_stmt 1 view .LVU257
 325:Drivers/STM32F4xx_HAL_Driver/Src/stm32f4xx_hal_gpio.c **** 
 701              		.loc 1 325 13 is_stmt 0 view .LVU258
 702 00fc A568     		ldr	r5, [r4, #8]
 325:Drivers/STM32F4xx_HAL_Driver/Src/stm32f4xx_hal_gpio.c **** 
 703              		.loc 1 325 20 view .LVU259
 704 00fe 25EA0605 		bic	r5, r5, r6
 705 0102 A560     		str	r5, [r4, #8]
 328:Drivers/STM32F4xx_HAL_Driver/Src/stm32f4xx_hal_gpio.c ****         SYSCFG->EXTICR[position >> 2U] &= ~tmp;
 706              		.loc 1 328 9 is_stmt 1 view .LVU260
 707              	.LVL62:
 329:Drivers/STM32F4xx_HAL_Driver/Src/stm32f4xx_hal_gpio.c ****       }
 708              		.loc 1 329 9 view .LVU261
 329:Drivers/STM32F4xx_HAL_Driver/Src/stm32f4xx_hal_gpio.c ****       }
 709              		.loc 1 329 23 is_stmt 0 view .LVU262
 710 0104 054E     		ldr	r6, .L50
 711              	.LVL63:
 329:Drivers/STM32F4xx_HAL_Driver/Src/stm32f4xx_hal_gpio.c ****       }
 712              		.loc 1 329 23 view .LVU263
 713 0106 0EF10204 		add	r4, lr, #2
 714 010a 56F82450 		ldr	r5, [r6, r4, lsl #2]
 329:Drivers/STM32F4xx_HAL_Driver/Src/stm32f4xx_hal_gpio.c ****       }
 715              		.loc 1 329 40 view .LVU264
 716 010e 25EA0705 		bic	r5, r5, r7
 717 0112 46F82450 		str	r5, [r6, r4, lsl #2]
 718 0116 80E7     		b	.L34
 719              	.LVL64:
 720              	.L48:
 347:Drivers/STM32F4xx_HAL_Driver/Src/stm32f4xx_hal_gpio.c ****     }
 348:Drivers/STM32F4xx_HAL_Driver/Src/stm32f4xx_hal_gpio.c ****   }
 349:Drivers/STM32F4xx_HAL_Driver/Src/stm32f4xx_hal_gpio.c **** }
 721              		.loc 1 349 1 view .LVU265
ARM GAS  C:\Users\Ebrahim\AppData\Local\Temp\ccl7RNMP.s 			page 22


 722 0118 F0BD     		pop	{r4, r5, r6, r7, pc}
 723              	.LVL65:
 724              	.L46:
 725              	.LCFI5:
 726              		.cfi_def_cfa_offset 0
 727              		.cfi_restore 4
 728              		.cfi_restore 5
 729              		.cfi_restore 6
 730              		.cfi_restore 7
 731              		.cfi_restore 14
 732              		.loc 1 349 1 view .LVU266
 733 011a 7047     		bx	lr
 734              	.L51:
 735              		.align	2
 736              	.L50:
 737 011c 00380140 		.word	1073821696
 738 0120 00000240 		.word	1073872896
 739 0124 003C0140 		.word	1073822720
 740              		.cfi_endproc
 741              	.LFE135:
 743              		.section	.text.HAL_GPIO_ReadPin,"ax",%progbits
 744              		.align	1
 745              		.global	HAL_GPIO_ReadPin
 746              		.syntax unified
 747              		.thumb
 748              		.thumb_func
 750              	HAL_GPIO_ReadPin:
 751              	.LVL66:
 752              	.LFB136:
 350:Drivers/STM32F4xx_HAL_Driver/Src/stm32f4xx_hal_gpio.c **** 
 351:Drivers/STM32F4xx_HAL_Driver/Src/stm32f4xx_hal_gpio.c **** /**
 352:Drivers/STM32F4xx_HAL_Driver/Src/stm32f4xx_hal_gpio.c ****   * @}
 353:Drivers/STM32F4xx_HAL_Driver/Src/stm32f4xx_hal_gpio.c ****   */
 354:Drivers/STM32F4xx_HAL_Driver/Src/stm32f4xx_hal_gpio.c **** 
 355:Drivers/STM32F4xx_HAL_Driver/Src/stm32f4xx_hal_gpio.c **** /** @defgroup GPIO_Exported_Functions_Group2 IO operation functions 
 356:Drivers/STM32F4xx_HAL_Driver/Src/stm32f4xx_hal_gpio.c ****   *  @brief   GPIO Read and Write
 357:Drivers/STM32F4xx_HAL_Driver/Src/stm32f4xx_hal_gpio.c ****   *
 358:Drivers/STM32F4xx_HAL_Driver/Src/stm32f4xx_hal_gpio.c **** @verbatim
 359:Drivers/STM32F4xx_HAL_Driver/Src/stm32f4xx_hal_gpio.c ****  ===============================================================================
 360:Drivers/STM32F4xx_HAL_Driver/Src/stm32f4xx_hal_gpio.c ****                        ##### IO operation functions #####
 361:Drivers/STM32F4xx_HAL_Driver/Src/stm32f4xx_hal_gpio.c ****  ===============================================================================
 362:Drivers/STM32F4xx_HAL_Driver/Src/stm32f4xx_hal_gpio.c **** 
 363:Drivers/STM32F4xx_HAL_Driver/Src/stm32f4xx_hal_gpio.c **** @endverbatim
 364:Drivers/STM32F4xx_HAL_Driver/Src/stm32f4xx_hal_gpio.c ****   * @{
 365:Drivers/STM32F4xx_HAL_Driver/Src/stm32f4xx_hal_gpio.c ****   */
 366:Drivers/STM32F4xx_HAL_Driver/Src/stm32f4xx_hal_gpio.c **** 
 367:Drivers/STM32F4xx_HAL_Driver/Src/stm32f4xx_hal_gpio.c **** /**
 368:Drivers/STM32F4xx_HAL_Driver/Src/stm32f4xx_hal_gpio.c ****   * @brief  Reads the specified input port pin.
 369:Drivers/STM32F4xx_HAL_Driver/Src/stm32f4xx_hal_gpio.c ****   * @param  GPIOx where x can be (A..K) to select the GPIO peripheral for STM32F429X device or
 370:Drivers/STM32F4xx_HAL_Driver/Src/stm32f4xx_hal_gpio.c ****   *                      x can be (A..I) to select the GPIO peripheral for STM32F40XX and STM32F427
 371:Drivers/STM32F4xx_HAL_Driver/Src/stm32f4xx_hal_gpio.c ****   * @param  GPIO_Pin specifies the port bit to read.
 372:Drivers/STM32F4xx_HAL_Driver/Src/stm32f4xx_hal_gpio.c ****   *         This parameter can be GPIO_PIN_x where x can be (0..15).
 373:Drivers/STM32F4xx_HAL_Driver/Src/stm32f4xx_hal_gpio.c ****   * @retval The input port pin value.
 374:Drivers/STM32F4xx_HAL_Driver/Src/stm32f4xx_hal_gpio.c ****   */
 375:Drivers/STM32F4xx_HAL_Driver/Src/stm32f4xx_hal_gpio.c **** GPIO_PinState HAL_GPIO_ReadPin(GPIO_TypeDef* GPIOx, uint16_t GPIO_Pin)
 376:Drivers/STM32F4xx_HAL_Driver/Src/stm32f4xx_hal_gpio.c **** {
 753              		.loc 1 376 1 is_stmt 1 view -0
ARM GAS  C:\Users\Ebrahim\AppData\Local\Temp\ccl7RNMP.s 			page 23


 754              		.cfi_startproc
 755              		@ args = 0, pretend = 0, frame = 0
 756              		@ frame_needed = 0, uses_anonymous_args = 0
 757              		@ link register save eliminated.
 377:Drivers/STM32F4xx_HAL_Driver/Src/stm32f4xx_hal_gpio.c ****   GPIO_PinState bitstatus;
 758              		.loc 1 377 3 view .LVU268
 378:Drivers/STM32F4xx_HAL_Driver/Src/stm32f4xx_hal_gpio.c **** 
 379:Drivers/STM32F4xx_HAL_Driver/Src/stm32f4xx_hal_gpio.c ****   /* Check the parameters */
 380:Drivers/STM32F4xx_HAL_Driver/Src/stm32f4xx_hal_gpio.c ****   assert_param(IS_GPIO_PIN(GPIO_Pin));
 759              		.loc 1 380 3 view .LVU269
 381:Drivers/STM32F4xx_HAL_Driver/Src/stm32f4xx_hal_gpio.c **** 
 382:Drivers/STM32F4xx_HAL_Driver/Src/stm32f4xx_hal_gpio.c ****   if((GPIOx->IDR & GPIO_Pin) != (uint32_t)GPIO_PIN_RESET)
 760              		.loc 1 382 3 view .LVU270
 761              		.loc 1 382 12 is_stmt 0 view .LVU271
 762 0000 0369     		ldr	r3, [r0, #16]
 763              		.loc 1 382 5 view .LVU272
 764 0002 1942     		tst	r1, r3
 765 0004 01D0     		beq	.L54
 383:Drivers/STM32F4xx_HAL_Driver/Src/stm32f4xx_hal_gpio.c ****   {
 384:Drivers/STM32F4xx_HAL_Driver/Src/stm32f4xx_hal_gpio.c ****     bitstatus = GPIO_PIN_SET;
 766              		.loc 1 384 15 view .LVU273
 767 0006 0120     		movs	r0, #1
 768              	.LVL67:
 769              		.loc 1 384 15 view .LVU274
 770 0008 7047     		bx	lr
 771              	.LVL68:
 772              	.L54:
 385:Drivers/STM32F4xx_HAL_Driver/Src/stm32f4xx_hal_gpio.c ****   }
 386:Drivers/STM32F4xx_HAL_Driver/Src/stm32f4xx_hal_gpio.c ****   else
 387:Drivers/STM32F4xx_HAL_Driver/Src/stm32f4xx_hal_gpio.c ****   {
 388:Drivers/STM32F4xx_HAL_Driver/Src/stm32f4xx_hal_gpio.c ****     bitstatus = GPIO_PIN_RESET;
 773              		.loc 1 388 15 view .LVU275
 774 000a 0020     		movs	r0, #0
 775              	.LVL69:
 389:Drivers/STM32F4xx_HAL_Driver/Src/stm32f4xx_hal_gpio.c ****   }
 390:Drivers/STM32F4xx_HAL_Driver/Src/stm32f4xx_hal_gpio.c ****   return bitstatus;
 776              		.loc 1 390 3 is_stmt 1 view .LVU276
 391:Drivers/STM32F4xx_HAL_Driver/Src/stm32f4xx_hal_gpio.c **** }
 777              		.loc 1 391 1 is_stmt 0 view .LVU277
 778 000c 7047     		bx	lr
 779              		.cfi_endproc
 780              	.LFE136:
 782              		.section	.text.HAL_GPIO_WritePin,"ax",%progbits
 783              		.align	1
 784              		.global	HAL_GPIO_WritePin
 785              		.syntax unified
 786              		.thumb
 787              		.thumb_func
 789              	HAL_GPIO_WritePin:
 790              	.LVL70:
 791              	.LFB137:
 392:Drivers/STM32F4xx_HAL_Driver/Src/stm32f4xx_hal_gpio.c **** 
 393:Drivers/STM32F4xx_HAL_Driver/Src/stm32f4xx_hal_gpio.c **** /**
 394:Drivers/STM32F4xx_HAL_Driver/Src/stm32f4xx_hal_gpio.c ****   * @brief  Sets or clears the selected data port bit.
 395:Drivers/STM32F4xx_HAL_Driver/Src/stm32f4xx_hal_gpio.c ****   *
 396:Drivers/STM32F4xx_HAL_Driver/Src/stm32f4xx_hal_gpio.c ****   * @note   This function uses GPIOx_BSRR register to allow atomic read/modify
 397:Drivers/STM32F4xx_HAL_Driver/Src/stm32f4xx_hal_gpio.c ****   *         accesses. In this way, there is no risk of an IRQ occurring between
ARM GAS  C:\Users\Ebrahim\AppData\Local\Temp\ccl7RNMP.s 			page 24


 398:Drivers/STM32F4xx_HAL_Driver/Src/stm32f4xx_hal_gpio.c ****   *         the read and the modify access.
 399:Drivers/STM32F4xx_HAL_Driver/Src/stm32f4xx_hal_gpio.c ****   *
 400:Drivers/STM32F4xx_HAL_Driver/Src/stm32f4xx_hal_gpio.c ****   * @param  GPIOx where x can be (A..K) to select the GPIO peripheral for STM32F429X device or
 401:Drivers/STM32F4xx_HAL_Driver/Src/stm32f4xx_hal_gpio.c ****   *                      x can be (A..I) to select the GPIO peripheral for STM32F40XX and STM32F427
 402:Drivers/STM32F4xx_HAL_Driver/Src/stm32f4xx_hal_gpio.c ****   * @param  GPIO_Pin specifies the port bit to be written.
 403:Drivers/STM32F4xx_HAL_Driver/Src/stm32f4xx_hal_gpio.c ****   *          This parameter can be one of GPIO_PIN_x where x can be (0..15).
 404:Drivers/STM32F4xx_HAL_Driver/Src/stm32f4xx_hal_gpio.c ****   * @param  PinState specifies the value to be written to the selected bit.
 405:Drivers/STM32F4xx_HAL_Driver/Src/stm32f4xx_hal_gpio.c ****   *          This parameter can be one of the GPIO_PinState enum values:
 406:Drivers/STM32F4xx_HAL_Driver/Src/stm32f4xx_hal_gpio.c ****   *            @arg GPIO_PIN_RESET: to clear the port pin
 407:Drivers/STM32F4xx_HAL_Driver/Src/stm32f4xx_hal_gpio.c ****   *            @arg GPIO_PIN_SET: to set the port pin
 408:Drivers/STM32F4xx_HAL_Driver/Src/stm32f4xx_hal_gpio.c ****   * @retval None
 409:Drivers/STM32F4xx_HAL_Driver/Src/stm32f4xx_hal_gpio.c ****   */
 410:Drivers/STM32F4xx_HAL_Driver/Src/stm32f4xx_hal_gpio.c **** void HAL_GPIO_WritePin(GPIO_TypeDef* GPIOx, uint16_t GPIO_Pin, GPIO_PinState PinState)
 411:Drivers/STM32F4xx_HAL_Driver/Src/stm32f4xx_hal_gpio.c **** {
 792              		.loc 1 411 1 is_stmt 1 view -0
 793              		.cfi_startproc
 794              		@ args = 0, pretend = 0, frame = 0
 795              		@ frame_needed = 0, uses_anonymous_args = 0
 796              		@ link register save eliminated.
 412:Drivers/STM32F4xx_HAL_Driver/Src/stm32f4xx_hal_gpio.c ****   /* Check the parameters */
 413:Drivers/STM32F4xx_HAL_Driver/Src/stm32f4xx_hal_gpio.c ****   assert_param(IS_GPIO_PIN(GPIO_Pin));
 797              		.loc 1 413 3 view .LVU279
 414:Drivers/STM32F4xx_HAL_Driver/Src/stm32f4xx_hal_gpio.c ****   assert_param(IS_GPIO_PIN_ACTION(PinState));
 798              		.loc 1 414 3 view .LVU280
 415:Drivers/STM32F4xx_HAL_Driver/Src/stm32f4xx_hal_gpio.c **** 
 416:Drivers/STM32F4xx_HAL_Driver/Src/stm32f4xx_hal_gpio.c ****   if(PinState != GPIO_PIN_RESET)
 799              		.loc 1 416 3 view .LVU281
 800              		.loc 1 416 5 is_stmt 0 view .LVU282
 801 0000 0AB1     		cbz	r2, .L56
 417:Drivers/STM32F4xx_HAL_Driver/Src/stm32f4xx_hal_gpio.c ****   {
 418:Drivers/STM32F4xx_HAL_Driver/Src/stm32f4xx_hal_gpio.c ****     GPIOx->BSRR = GPIO_Pin;
 802              		.loc 1 418 5 is_stmt 1 view .LVU283
 803              		.loc 1 418 17 is_stmt 0 view .LVU284
 804 0002 8161     		str	r1, [r0, #24]
 805 0004 7047     		bx	lr
 806              	.L56:
 419:Drivers/STM32F4xx_HAL_Driver/Src/stm32f4xx_hal_gpio.c ****   }
 420:Drivers/STM32F4xx_HAL_Driver/Src/stm32f4xx_hal_gpio.c ****   else
 421:Drivers/STM32F4xx_HAL_Driver/Src/stm32f4xx_hal_gpio.c ****   {
 422:Drivers/STM32F4xx_HAL_Driver/Src/stm32f4xx_hal_gpio.c ****     GPIOx->BSRR = (uint32_t)GPIO_Pin << 16U;
 807              		.loc 1 422 5 is_stmt 1 view .LVU285
 808              		.loc 1 422 38 is_stmt 0 view .LVU286
 809 0006 0904     		lsls	r1, r1, #16
 810              	.LVL71:
 811              		.loc 1 422 17 view .LVU287
 812 0008 8161     		str	r1, [r0, #24]
 423:Drivers/STM32F4xx_HAL_Driver/Src/stm32f4xx_hal_gpio.c ****   }
 424:Drivers/STM32F4xx_HAL_Driver/Src/stm32f4xx_hal_gpio.c **** }
 813              		.loc 1 424 1 view .LVU288
 814 000a 7047     		bx	lr
 815              		.cfi_endproc
 816              	.LFE137:
 818              		.section	.text.HAL_GPIO_TogglePin,"ax",%progbits
 819              		.align	1
 820              		.global	HAL_GPIO_TogglePin
 821              		.syntax unified
 822              		.thumb
ARM GAS  C:\Users\Ebrahim\AppData\Local\Temp\ccl7RNMP.s 			page 25


 823              		.thumb_func
 825              	HAL_GPIO_TogglePin:
 826              	.LVL72:
 827              	.LFB138:
 425:Drivers/STM32F4xx_HAL_Driver/Src/stm32f4xx_hal_gpio.c **** 
 426:Drivers/STM32F4xx_HAL_Driver/Src/stm32f4xx_hal_gpio.c **** /**
 427:Drivers/STM32F4xx_HAL_Driver/Src/stm32f4xx_hal_gpio.c ****   * @brief  Toggles the specified GPIO pins.
 428:Drivers/STM32F4xx_HAL_Driver/Src/stm32f4xx_hal_gpio.c ****   * @param  GPIOx Where x can be (A..K) to select the GPIO peripheral for STM32F429X device or
 429:Drivers/STM32F4xx_HAL_Driver/Src/stm32f4xx_hal_gpio.c ****   *                      x can be (A..I) to select the GPIO peripheral for STM32F40XX and STM32F427
 430:Drivers/STM32F4xx_HAL_Driver/Src/stm32f4xx_hal_gpio.c ****   * @param  GPIO_Pin Specifies the pins to be toggled.
 431:Drivers/STM32F4xx_HAL_Driver/Src/stm32f4xx_hal_gpio.c ****   * @retval None
 432:Drivers/STM32F4xx_HAL_Driver/Src/stm32f4xx_hal_gpio.c ****   */
 433:Drivers/STM32F4xx_HAL_Driver/Src/stm32f4xx_hal_gpio.c **** void HAL_GPIO_TogglePin(GPIO_TypeDef* GPIOx, uint16_t GPIO_Pin)
 434:Drivers/STM32F4xx_HAL_Driver/Src/stm32f4xx_hal_gpio.c **** {
 828              		.loc 1 434 1 is_stmt 1 view -0
 829              		.cfi_startproc
 830              		@ args = 0, pretend = 0, frame = 0
 831              		@ frame_needed = 0, uses_anonymous_args = 0
 832              		@ link register save eliminated.
 435:Drivers/STM32F4xx_HAL_Driver/Src/stm32f4xx_hal_gpio.c ****   uint32_t odr;
 833              		.loc 1 435 3 view .LVU290
 436:Drivers/STM32F4xx_HAL_Driver/Src/stm32f4xx_hal_gpio.c **** 
 437:Drivers/STM32F4xx_HAL_Driver/Src/stm32f4xx_hal_gpio.c ****   /* Check the parameters */
 438:Drivers/STM32F4xx_HAL_Driver/Src/stm32f4xx_hal_gpio.c ****   assert_param(IS_GPIO_PIN(GPIO_Pin));
 834              		.loc 1 438 3 view .LVU291
 439:Drivers/STM32F4xx_HAL_Driver/Src/stm32f4xx_hal_gpio.c **** 
 440:Drivers/STM32F4xx_HAL_Driver/Src/stm32f4xx_hal_gpio.c ****   /* get current Output Data Register value */
 441:Drivers/STM32F4xx_HAL_Driver/Src/stm32f4xx_hal_gpio.c ****   odr = GPIOx->ODR;
 835              		.loc 1 441 3 view .LVU292
 836              		.loc 1 441 7 is_stmt 0 view .LVU293
 837 0000 4369     		ldr	r3, [r0, #20]
 838              	.LVL73:
 442:Drivers/STM32F4xx_HAL_Driver/Src/stm32f4xx_hal_gpio.c **** 
 443:Drivers/STM32F4xx_HAL_Driver/Src/stm32f4xx_hal_gpio.c ****   /* Set selected pins that were at low level, and reset ones that were high */
 444:Drivers/STM32F4xx_HAL_Driver/Src/stm32f4xx_hal_gpio.c ****   GPIOx->BSRR = ((odr & GPIO_Pin) << GPIO_NUMBER) | (~odr & GPIO_Pin);
 839              		.loc 1 444 3 is_stmt 1 view .LVU294
 840              		.loc 1 444 23 is_stmt 0 view .LVU295
 841 0002 01EA0302 		and	r2, r1, r3
 842              		.loc 1 444 59 view .LVU296
 843 0006 21EA0301 		bic	r1, r1, r3
 844              	.LVL74:
 845              		.loc 1 444 51 view .LVU297
 846 000a 41EA0241 		orr	r1, r1, r2, lsl #16
 847              		.loc 1 444 15 view .LVU298
 848 000e 8161     		str	r1, [r0, #24]
 445:Drivers/STM32F4xx_HAL_Driver/Src/stm32f4xx_hal_gpio.c **** }
 849              		.loc 1 445 1 view .LVU299
 850 0010 7047     		bx	lr
 851              		.cfi_endproc
 852              	.LFE138:
 854              		.section	.text.HAL_GPIO_LockPin,"ax",%progbits
 855              		.align	1
 856              		.global	HAL_GPIO_LockPin
 857              		.syntax unified
 858              		.thumb
 859              		.thumb_func
 861              	HAL_GPIO_LockPin:
ARM GAS  C:\Users\Ebrahim\AppData\Local\Temp\ccl7RNMP.s 			page 26


 862              	.LVL75:
 863              	.LFB139:
 446:Drivers/STM32F4xx_HAL_Driver/Src/stm32f4xx_hal_gpio.c **** 
 447:Drivers/STM32F4xx_HAL_Driver/Src/stm32f4xx_hal_gpio.c **** /**
 448:Drivers/STM32F4xx_HAL_Driver/Src/stm32f4xx_hal_gpio.c ****   * @brief  Locks GPIO Pins configuration registers.
 449:Drivers/STM32F4xx_HAL_Driver/Src/stm32f4xx_hal_gpio.c ****   * @note   The locked registers are GPIOx_MODER, GPIOx_OTYPER, GPIOx_OSPEEDR,
 450:Drivers/STM32F4xx_HAL_Driver/Src/stm32f4xx_hal_gpio.c ****   *         GPIOx_PUPDR, GPIOx_AFRL and GPIOx_AFRH.
 451:Drivers/STM32F4xx_HAL_Driver/Src/stm32f4xx_hal_gpio.c ****   * @note   The configuration of the locked GPIO pins can no longer be modified
 452:Drivers/STM32F4xx_HAL_Driver/Src/stm32f4xx_hal_gpio.c ****   *         until the next reset.
 453:Drivers/STM32F4xx_HAL_Driver/Src/stm32f4xx_hal_gpio.c ****   * @param  GPIOx where x can be (A..F) to select the GPIO peripheral for STM32F4 family
 454:Drivers/STM32F4xx_HAL_Driver/Src/stm32f4xx_hal_gpio.c ****   * @param  GPIO_Pin specifies the port bit to be locked.
 455:Drivers/STM32F4xx_HAL_Driver/Src/stm32f4xx_hal_gpio.c ****   *         This parameter can be any combination of GPIO_PIN_x where x can be (0..15).
 456:Drivers/STM32F4xx_HAL_Driver/Src/stm32f4xx_hal_gpio.c ****   * @retval None
 457:Drivers/STM32F4xx_HAL_Driver/Src/stm32f4xx_hal_gpio.c ****   */
 458:Drivers/STM32F4xx_HAL_Driver/Src/stm32f4xx_hal_gpio.c **** HAL_StatusTypeDef HAL_GPIO_LockPin(GPIO_TypeDef* GPIOx, uint16_t GPIO_Pin)
 459:Drivers/STM32F4xx_HAL_Driver/Src/stm32f4xx_hal_gpio.c **** {
 864              		.loc 1 459 1 is_stmt 1 view -0
 865              		.cfi_startproc
 866              		@ args = 0, pretend = 0, frame = 8
 867              		@ frame_needed = 0, uses_anonymous_args = 0
 868              		@ link register save eliminated.
 869              		.loc 1 459 1 is_stmt 0 view .LVU301
 870 0000 82B0     		sub	sp, sp, #8
 871              	.LCFI6:
 872              		.cfi_def_cfa_offset 8
 460:Drivers/STM32F4xx_HAL_Driver/Src/stm32f4xx_hal_gpio.c ****   __IO uint32_t tmp = GPIO_LCKR_LCKK;
 873              		.loc 1 460 3 is_stmt 1 view .LVU302
 874              		.loc 1 460 17 is_stmt 0 view .LVU303
 875 0002 4FF48033 		mov	r3, #65536
 876 0006 0193     		str	r3, [sp, #4]
 461:Drivers/STM32F4xx_HAL_Driver/Src/stm32f4xx_hal_gpio.c **** 
 462:Drivers/STM32F4xx_HAL_Driver/Src/stm32f4xx_hal_gpio.c ****   /* Check the parameters */
 463:Drivers/STM32F4xx_HAL_Driver/Src/stm32f4xx_hal_gpio.c ****   assert_param(IS_GPIO_PIN(GPIO_Pin));
 877              		.loc 1 463 3 is_stmt 1 view .LVU304
 464:Drivers/STM32F4xx_HAL_Driver/Src/stm32f4xx_hal_gpio.c **** 
 465:Drivers/STM32F4xx_HAL_Driver/Src/stm32f4xx_hal_gpio.c ****   /* Apply lock key write sequence */
 466:Drivers/STM32F4xx_HAL_Driver/Src/stm32f4xx_hal_gpio.c ****   tmp |= GPIO_Pin;
 878              		.loc 1 466 3 view .LVU305
 879              		.loc 1 466 7 is_stmt 0 view .LVU306
 880 0008 019B     		ldr	r3, [sp, #4]
 881 000a 0B43     		orrs	r3, r3, r1
 882 000c 0193     		str	r3, [sp, #4]
 467:Drivers/STM32F4xx_HAL_Driver/Src/stm32f4xx_hal_gpio.c ****   /* Set LCKx bit(s): LCKK='1' + LCK[15-0] */
 468:Drivers/STM32F4xx_HAL_Driver/Src/stm32f4xx_hal_gpio.c ****   GPIOx->LCKR = tmp;
 883              		.loc 1 468 3 is_stmt 1 view .LVU307
 884              		.loc 1 468 15 is_stmt 0 view .LVU308
 885 000e 019B     		ldr	r3, [sp, #4]
 886 0010 C361     		str	r3, [r0, #28]
 469:Drivers/STM32F4xx_HAL_Driver/Src/stm32f4xx_hal_gpio.c ****   /* Reset LCKx bit(s): LCKK='0' + LCK[15-0] */
 470:Drivers/STM32F4xx_HAL_Driver/Src/stm32f4xx_hal_gpio.c ****   GPIOx->LCKR = GPIO_Pin;
 887              		.loc 1 470 3 is_stmt 1 view .LVU309
 888              		.loc 1 470 15 is_stmt 0 view .LVU310
 889 0012 C161     		str	r1, [r0, #28]
 471:Drivers/STM32F4xx_HAL_Driver/Src/stm32f4xx_hal_gpio.c ****   /* Set LCKx bit(s): LCKK='1' + LCK[15-0] */
 472:Drivers/STM32F4xx_HAL_Driver/Src/stm32f4xx_hal_gpio.c ****   GPIOx->LCKR = tmp;
 890              		.loc 1 472 3 is_stmt 1 view .LVU311
 891              		.loc 1 472 15 is_stmt 0 view .LVU312
ARM GAS  C:\Users\Ebrahim\AppData\Local\Temp\ccl7RNMP.s 			page 27


 892 0014 019B     		ldr	r3, [sp, #4]
 893 0016 C361     		str	r3, [r0, #28]
 473:Drivers/STM32F4xx_HAL_Driver/Src/stm32f4xx_hal_gpio.c ****   /* Read LCKR register. This read is mandatory to complete key lock sequence */
 474:Drivers/STM32F4xx_HAL_Driver/Src/stm32f4xx_hal_gpio.c ****   tmp = GPIOx->LCKR;
 894              		.loc 1 474 3 is_stmt 1 view .LVU313
 895              		.loc 1 474 14 is_stmt 0 view .LVU314
 896 0018 C369     		ldr	r3, [r0, #28]
 897              		.loc 1 474 7 view .LVU315
 898 001a 0193     		str	r3, [sp, #4]
 475:Drivers/STM32F4xx_HAL_Driver/Src/stm32f4xx_hal_gpio.c **** 
 476:Drivers/STM32F4xx_HAL_Driver/Src/stm32f4xx_hal_gpio.c ****   /* Read again in order to confirm lock is active */
 477:Drivers/STM32F4xx_HAL_Driver/Src/stm32f4xx_hal_gpio.c ****  if((GPIOx->LCKR & GPIO_LCKR_LCKK) != RESET)
 899              		.loc 1 477 2 is_stmt 1 view .LVU316
 900              		.loc 1 477 11 is_stmt 0 view .LVU317
 901 001c C369     		ldr	r3, [r0, #28]
 902              		.loc 1 477 4 view .LVU318
 903 001e 13F4803F 		tst	r3, #65536
 904 0022 02D0     		beq	.L61
 478:Drivers/STM32F4xx_HAL_Driver/Src/stm32f4xx_hal_gpio.c ****   {
 479:Drivers/STM32F4xx_HAL_Driver/Src/stm32f4xx_hal_gpio.c ****     return HAL_OK;
 905              		.loc 1 479 12 view .LVU319
 906 0024 0020     		movs	r0, #0
 907              	.LVL76:
 908              	.L60:
 480:Drivers/STM32F4xx_HAL_Driver/Src/stm32f4xx_hal_gpio.c ****   }
 481:Drivers/STM32F4xx_HAL_Driver/Src/stm32f4xx_hal_gpio.c ****   else
 482:Drivers/STM32F4xx_HAL_Driver/Src/stm32f4xx_hal_gpio.c ****   {
 483:Drivers/STM32F4xx_HAL_Driver/Src/stm32f4xx_hal_gpio.c ****     return HAL_ERROR;
 484:Drivers/STM32F4xx_HAL_Driver/Src/stm32f4xx_hal_gpio.c ****   }
 485:Drivers/STM32F4xx_HAL_Driver/Src/stm32f4xx_hal_gpio.c **** }
 909              		.loc 1 485 1 view .LVU320
 910 0026 02B0     		add	sp, sp, #8
 911              	.LCFI7:
 912              		.cfi_remember_state
 913              		.cfi_def_cfa_offset 0
 914              		@ sp needed
 915 0028 7047     		bx	lr
 916              	.LVL77:
 917              	.L61:
 918              	.LCFI8:
 919              		.cfi_restore_state
 483:Drivers/STM32F4xx_HAL_Driver/Src/stm32f4xx_hal_gpio.c ****   }
 920              		.loc 1 483 12 view .LVU321
 921 002a 0120     		movs	r0, #1
 922              	.LVL78:
 483:Drivers/STM32F4xx_HAL_Driver/Src/stm32f4xx_hal_gpio.c ****   }
 923              		.loc 1 483 12 view .LVU322
 924 002c FBE7     		b	.L60
 925              		.cfi_endproc
 926              	.LFE139:
 928              		.section	.text.HAL_GPIO_EXTI_Callback,"ax",%progbits
 929              		.align	1
 930              		.weak	HAL_GPIO_EXTI_Callback
 931              		.syntax unified
 932              		.thumb
 933              		.thumb_func
 935              	HAL_GPIO_EXTI_Callback:
ARM GAS  C:\Users\Ebrahim\AppData\Local\Temp\ccl7RNMP.s 			page 28


 936              	.LVL79:
 937              	.LFB141:
 486:Drivers/STM32F4xx_HAL_Driver/Src/stm32f4xx_hal_gpio.c **** 
 487:Drivers/STM32F4xx_HAL_Driver/Src/stm32f4xx_hal_gpio.c **** /**
 488:Drivers/STM32F4xx_HAL_Driver/Src/stm32f4xx_hal_gpio.c ****   * @brief  This function handles EXTI interrupt request.
 489:Drivers/STM32F4xx_HAL_Driver/Src/stm32f4xx_hal_gpio.c ****   * @param  GPIO_Pin Specifies the pins connected EXTI line
 490:Drivers/STM32F4xx_HAL_Driver/Src/stm32f4xx_hal_gpio.c ****   * @retval None
 491:Drivers/STM32F4xx_HAL_Driver/Src/stm32f4xx_hal_gpio.c ****   */
 492:Drivers/STM32F4xx_HAL_Driver/Src/stm32f4xx_hal_gpio.c **** void HAL_GPIO_EXTI_IRQHandler(uint16_t GPIO_Pin)
 493:Drivers/STM32F4xx_HAL_Driver/Src/stm32f4xx_hal_gpio.c **** {
 494:Drivers/STM32F4xx_HAL_Driver/Src/stm32f4xx_hal_gpio.c ****   /* EXTI line interrupt detected */
 495:Drivers/STM32F4xx_HAL_Driver/Src/stm32f4xx_hal_gpio.c ****   if(__HAL_GPIO_EXTI_GET_IT(GPIO_Pin) != RESET)
 496:Drivers/STM32F4xx_HAL_Driver/Src/stm32f4xx_hal_gpio.c ****   {
 497:Drivers/STM32F4xx_HAL_Driver/Src/stm32f4xx_hal_gpio.c ****     __HAL_GPIO_EXTI_CLEAR_IT(GPIO_Pin);
 498:Drivers/STM32F4xx_HAL_Driver/Src/stm32f4xx_hal_gpio.c ****     HAL_GPIO_EXTI_Callback(GPIO_Pin);
 499:Drivers/STM32F4xx_HAL_Driver/Src/stm32f4xx_hal_gpio.c ****   }
 500:Drivers/STM32F4xx_HAL_Driver/Src/stm32f4xx_hal_gpio.c **** }
 501:Drivers/STM32F4xx_HAL_Driver/Src/stm32f4xx_hal_gpio.c **** 
 502:Drivers/STM32F4xx_HAL_Driver/Src/stm32f4xx_hal_gpio.c **** /**
 503:Drivers/STM32F4xx_HAL_Driver/Src/stm32f4xx_hal_gpio.c ****   * @brief  EXTI line detection callbacks.
 504:Drivers/STM32F4xx_HAL_Driver/Src/stm32f4xx_hal_gpio.c ****   * @param  GPIO_Pin Specifies the pins connected EXTI line
 505:Drivers/STM32F4xx_HAL_Driver/Src/stm32f4xx_hal_gpio.c ****   * @retval None
 506:Drivers/STM32F4xx_HAL_Driver/Src/stm32f4xx_hal_gpio.c ****   */
 507:Drivers/STM32F4xx_HAL_Driver/Src/stm32f4xx_hal_gpio.c **** __weak void HAL_GPIO_EXTI_Callback(uint16_t GPIO_Pin)
 508:Drivers/STM32F4xx_HAL_Driver/Src/stm32f4xx_hal_gpio.c **** {
 938              		.loc 1 508 1 is_stmt 1 view -0
 939              		.cfi_startproc
 940              		@ args = 0, pretend = 0, frame = 0
 941              		@ frame_needed = 0, uses_anonymous_args = 0
 942              		@ link register save eliminated.
 509:Drivers/STM32F4xx_HAL_Driver/Src/stm32f4xx_hal_gpio.c ****   /* Prevent unused argument(s) compilation warning */
 510:Drivers/STM32F4xx_HAL_Driver/Src/stm32f4xx_hal_gpio.c ****   UNUSED(GPIO_Pin);
 943              		.loc 1 510 3 view .LVU324
 511:Drivers/STM32F4xx_HAL_Driver/Src/stm32f4xx_hal_gpio.c ****   /* NOTE: This function Should not be modified, when the callback is needed,
 512:Drivers/STM32F4xx_HAL_Driver/Src/stm32f4xx_hal_gpio.c ****            the HAL_GPIO_EXTI_Callback could be implemented in the user file
 513:Drivers/STM32F4xx_HAL_Driver/Src/stm32f4xx_hal_gpio.c ****    */
 514:Drivers/STM32F4xx_HAL_Driver/Src/stm32f4xx_hal_gpio.c **** }
 944              		.loc 1 514 1 is_stmt 0 view .LVU325
 945 0000 7047     		bx	lr
 946              		.cfi_endproc
 947              	.LFE141:
 949              		.section	.text.HAL_GPIO_EXTI_IRQHandler,"ax",%progbits
 950              		.align	1
 951              		.global	HAL_GPIO_EXTI_IRQHandler
 952              		.syntax unified
 953              		.thumb
 954              		.thumb_func
 956              	HAL_GPIO_EXTI_IRQHandler:
 957              	.LVL80:
 958              	.LFB140:
 493:Drivers/STM32F4xx_HAL_Driver/Src/stm32f4xx_hal_gpio.c ****   /* EXTI line interrupt detected */
 959              		.loc 1 493 1 is_stmt 1 view -0
 960              		.cfi_startproc
 961              		@ args = 0, pretend = 0, frame = 0
 962              		@ frame_needed = 0, uses_anonymous_args = 0
 493:Drivers/STM32F4xx_HAL_Driver/Src/stm32f4xx_hal_gpio.c ****   /* EXTI line interrupt detected */
 963              		.loc 1 493 1 is_stmt 0 view .LVU327
ARM GAS  C:\Users\Ebrahim\AppData\Local\Temp\ccl7RNMP.s 			page 29


 964 0000 08B5     		push	{r3, lr}
 965              	.LCFI9:
 966              		.cfi_def_cfa_offset 8
 967              		.cfi_offset 3, -8
 968              		.cfi_offset 14, -4
 495:Drivers/STM32F4xx_HAL_Driver/Src/stm32f4xx_hal_gpio.c ****   {
 969              		.loc 1 495 3 is_stmt 1 view .LVU328
 495:Drivers/STM32F4xx_HAL_Driver/Src/stm32f4xx_hal_gpio.c ****   {
 970              		.loc 1 495 6 is_stmt 0 view .LVU329
 971 0002 054B     		ldr	r3, .L68
 972 0004 5B69     		ldr	r3, [r3, #20]
 495:Drivers/STM32F4xx_HAL_Driver/Src/stm32f4xx_hal_gpio.c ****   {
 973              		.loc 1 495 5 view .LVU330
 974 0006 0342     		tst	r3, r0
 975 0008 00D1     		bne	.L67
 976              	.LVL81:
 977              	.L64:
 500:Drivers/STM32F4xx_HAL_Driver/Src/stm32f4xx_hal_gpio.c **** 
 978              		.loc 1 500 1 view .LVU331
 979 000a 08BD     		pop	{r3, pc}
 980              	.LVL82:
 981              	.L67:
 497:Drivers/STM32F4xx_HAL_Driver/Src/stm32f4xx_hal_gpio.c ****     HAL_GPIO_EXTI_Callback(GPIO_Pin);
 982              		.loc 1 497 5 is_stmt 1 view .LVU332
 983 000c 024B     		ldr	r3, .L68
 984 000e 5861     		str	r0, [r3, #20]
 498:Drivers/STM32F4xx_HAL_Driver/Src/stm32f4xx_hal_gpio.c ****   }
 985              		.loc 1 498 5 view .LVU333
 986 0010 FFF7FEFF 		bl	HAL_GPIO_EXTI_Callback
 987              	.LVL83:
 500:Drivers/STM32F4xx_HAL_Driver/Src/stm32f4xx_hal_gpio.c **** 
 988              		.loc 1 500 1 is_stmt 0 view .LVU334
 989 0014 F9E7     		b	.L64
 990              	.L69:
 991 0016 00BF     		.align	2
 992              	.L68:
 993 0018 003C0140 		.word	1073822720
 994              		.cfi_endproc
 995              	.LFE140:
 997              		.text
 998              	.Letext0:
 999              		.file 2 "C:\\ST\\STM32CubeIDE_1.19.0\\STM32CubeIDE\\plugins\\com.st.stm32cube.ide.mcu.externaltool
 1000              		.file 3 "C:\\ST\\STM32CubeIDE_1.19.0\\STM32CubeIDE\\plugins\\com.st.stm32cube.ide.mcu.externaltool
 1001              		.file 4 "Drivers/CMSIS/Device/ST/STM32F4xx/Include/stm32f446xx.h"
 1002              		.file 5 "Drivers/CMSIS/Device/ST/STM32F4xx/Include/stm32f4xx.h"
 1003              		.file 6 "Drivers/STM32F4xx_HAL_Driver/Inc/stm32f4xx_hal_def.h"
 1004              		.file 7 "Drivers/STM32F4xx_HAL_Driver/Inc/stm32f4xx_hal_gpio.h"
ARM GAS  C:\Users\Ebrahim\AppData\Local\Temp\ccl7RNMP.s 			page 30


DEFINED SYMBOLS
                            *ABS*:00000000 stm32f4xx_hal_gpio.c
C:\Users\Ebrahim\AppData\Local\Temp\ccl7RNMP.s:19     .text.HAL_GPIO_Init:00000000 $t
C:\Users\Ebrahim\AppData\Local\Temp\ccl7RNMP.s:25     .text.HAL_GPIO_Init:00000000 HAL_GPIO_Init
C:\Users\Ebrahim\AppData\Local\Temp\ccl7RNMP.s:480    .text.HAL_GPIO_Init:000001d8 $d
C:\Users\Ebrahim\AppData\Local\Temp\ccl7RNMP.s:488    .text.HAL_GPIO_DeInit:00000000 $t
C:\Users\Ebrahim\AppData\Local\Temp\ccl7RNMP.s:494    .text.HAL_GPIO_DeInit:00000000 HAL_GPIO_DeInit
C:\Users\Ebrahim\AppData\Local\Temp\ccl7RNMP.s:737    .text.HAL_GPIO_DeInit:0000011c $d
C:\Users\Ebrahim\AppData\Local\Temp\ccl7RNMP.s:744    .text.HAL_GPIO_ReadPin:00000000 $t
C:\Users\Ebrahim\AppData\Local\Temp\ccl7RNMP.s:750    .text.HAL_GPIO_ReadPin:00000000 HAL_GPIO_ReadPin
C:\Users\Ebrahim\AppData\Local\Temp\ccl7RNMP.s:783    .text.HAL_GPIO_WritePin:00000000 $t
C:\Users\Ebrahim\AppData\Local\Temp\ccl7RNMP.s:789    .text.HAL_GPIO_WritePin:00000000 HAL_GPIO_WritePin
C:\Users\Ebrahim\AppData\Local\Temp\ccl7RNMP.s:819    .text.HAL_GPIO_TogglePin:00000000 $t
C:\Users\Ebrahim\AppData\Local\Temp\ccl7RNMP.s:825    .text.HAL_GPIO_TogglePin:00000000 HAL_GPIO_TogglePin
C:\Users\Ebrahim\AppData\Local\Temp\ccl7RNMP.s:855    .text.HAL_GPIO_LockPin:00000000 $t
C:\Users\Ebrahim\AppData\Local\Temp\ccl7RNMP.s:861    .text.HAL_GPIO_LockPin:00000000 HAL_GPIO_LockPin
C:\Users\Ebrahim\AppData\Local\Temp\ccl7RNMP.s:929    .text.HAL_GPIO_EXTI_Callback:00000000 $t
C:\Users\Ebrahim\AppData\Local\Temp\ccl7RNMP.s:935    .text.HAL_GPIO_EXTI_Callback:00000000 HAL_GPIO_EXTI_Callback
C:\Users\Ebrahim\AppData\Local\Temp\ccl7RNMP.s:950    .text.HAL_GPIO_EXTI_IRQHandler:00000000 $t
C:\Users\Ebrahim\AppData\Local\Temp\ccl7RNMP.s:956    .text.HAL_GPIO_EXTI_IRQHandler:00000000 HAL_GPIO_EXTI_IRQHandler
C:\Users\Ebrahim\AppData\Local\Temp\ccl7RNMP.s:993    .text.HAL_GPIO_EXTI_IRQHandler:00000018 $d

NO UNDEFINED SYMBOLS
