ARM GAS  C:\Users\joshr\AppData\Local\Temp\cc709mTA.s 			page 1


   1              		.cpu cortex-m4
   2              		.arch armv7e-m
   3              		.fpu fpv4-sp-d16
   4              		.eabi_attribute 27, 1
   5              		.eabi_attribute 28, 1
   6              		.eabi_attribute 20, 1
   7              		.eabi_attribute 21, 1
   8              		.eabi_attribute 23, 3
   9              		.eabi_attribute 24, 1
  10              		.eabi_attribute 25, 1
  11              		.eabi_attribute 26, 1
  12              		.eabi_attribute 30, 2
  13              		.eabi_attribute 34, 1
  14              		.eabi_attribute 18, 4
  15              		.file	"stm32f4xx_hal_dma.c"
  16              		.text
  17              	.Ltext0:
  18              		.cfi_sections	.debug_frame
  19              		.file 1 "Drivers/STM32F4xx_HAL_Driver/Src/stm32f4xx_hal_dma.c"
  20              		.section	.text.HAL_DMA_Init,"ax",%progbits
  21              		.align	1
  22              		.p2align 2,,3
  23              		.global	HAL_DMA_Init
  24              		.syntax unified
  25              		.thumb
  26              		.thumb_func
  28              	HAL_DMA_Init:
  29              	.LVL0:
  30              	.LFB134:
   1:Drivers/STM32F4xx_HAL_Driver/Src/stm32f4xx_hal_dma.c **** /**
   2:Drivers/STM32F4xx_HAL_Driver/Src/stm32f4xx_hal_dma.c ****   ******************************************************************************
   3:Drivers/STM32F4xx_HAL_Driver/Src/stm32f4xx_hal_dma.c ****   * @file    stm32f4xx_hal_dma.c
   4:Drivers/STM32F4xx_HAL_Driver/Src/stm32f4xx_hal_dma.c ****   * @author  MCD Application Team
   5:Drivers/STM32F4xx_HAL_Driver/Src/stm32f4xx_hal_dma.c ****   * @brief   DMA HAL module driver.
   6:Drivers/STM32F4xx_HAL_Driver/Src/stm32f4xx_hal_dma.c ****   *    
   7:Drivers/STM32F4xx_HAL_Driver/Src/stm32f4xx_hal_dma.c ****   *          This file provides firmware functions to manage the following 
   8:Drivers/STM32F4xx_HAL_Driver/Src/stm32f4xx_hal_dma.c ****   *          functionalities of the Direct Memory Access (DMA) peripheral:
   9:Drivers/STM32F4xx_HAL_Driver/Src/stm32f4xx_hal_dma.c ****   *           + Initialization and de-initialization functions
  10:Drivers/STM32F4xx_HAL_Driver/Src/stm32f4xx_hal_dma.c ****   *           + IO operation functions
  11:Drivers/STM32F4xx_HAL_Driver/Src/stm32f4xx_hal_dma.c ****   *           + Peripheral State and errors functions
  12:Drivers/STM32F4xx_HAL_Driver/Src/stm32f4xx_hal_dma.c ****   @verbatim     
  13:Drivers/STM32F4xx_HAL_Driver/Src/stm32f4xx_hal_dma.c ****   ==============================================================================
  14:Drivers/STM32F4xx_HAL_Driver/Src/stm32f4xx_hal_dma.c ****                         ##### How to use this driver #####
  15:Drivers/STM32F4xx_HAL_Driver/Src/stm32f4xx_hal_dma.c ****   ==============================================================================
  16:Drivers/STM32F4xx_HAL_Driver/Src/stm32f4xx_hal_dma.c ****   [..]
  17:Drivers/STM32F4xx_HAL_Driver/Src/stm32f4xx_hal_dma.c ****    (#) Enable and configure the peripheral to be connected to the DMA Stream
  18:Drivers/STM32F4xx_HAL_Driver/Src/stm32f4xx_hal_dma.c ****        (except for internal SRAM/FLASH memories: no initialization is 
  19:Drivers/STM32F4xx_HAL_Driver/Src/stm32f4xx_hal_dma.c ****        necessary) please refer to Reference manual for connection between peripherals
  20:Drivers/STM32F4xx_HAL_Driver/Src/stm32f4xx_hal_dma.c ****        and DMA requests.
  21:Drivers/STM32F4xx_HAL_Driver/Src/stm32f4xx_hal_dma.c **** 
  22:Drivers/STM32F4xx_HAL_Driver/Src/stm32f4xx_hal_dma.c ****    (#) For a given Stream, program the required configuration through the following parameters:
  23:Drivers/STM32F4xx_HAL_Driver/Src/stm32f4xx_hal_dma.c ****        Transfer Direction, Source and Destination data formats, 
  24:Drivers/STM32F4xx_HAL_Driver/Src/stm32f4xx_hal_dma.c ****        Circular, Normal or peripheral flow control mode, Stream Priority level, 
  25:Drivers/STM32F4xx_HAL_Driver/Src/stm32f4xx_hal_dma.c ****        Source and Destination Increment mode, FIFO mode and its Threshold (if needed), 
  26:Drivers/STM32F4xx_HAL_Driver/Src/stm32f4xx_hal_dma.c ****        Burst mode for Source and/or Destination (if needed) using HAL_DMA_Init() function.
  27:Drivers/STM32F4xx_HAL_Driver/Src/stm32f4xx_hal_dma.c **** 
  28:Drivers/STM32F4xx_HAL_Driver/Src/stm32f4xx_hal_dma.c ****    -@-   Prior to HAL_DMA_Init() the clock must be enabled for DMA through the following macros:
ARM GAS  C:\Users\joshr\AppData\Local\Temp\cc709mTA.s 			page 2


  29:Drivers/STM32F4xx_HAL_Driver/Src/stm32f4xx_hal_dma.c ****          __HAL_RCC_DMA1_CLK_ENABLE() or __HAL_RCC_DMA2_CLK_ENABLE().
  30:Drivers/STM32F4xx_HAL_Driver/Src/stm32f4xx_hal_dma.c **** 
  31:Drivers/STM32F4xx_HAL_Driver/Src/stm32f4xx_hal_dma.c ****      *** Polling mode IO operation ***
  32:Drivers/STM32F4xx_HAL_Driver/Src/stm32f4xx_hal_dma.c ****      =================================
  33:Drivers/STM32F4xx_HAL_Driver/Src/stm32f4xx_hal_dma.c ****     [..]
  34:Drivers/STM32F4xx_HAL_Driver/Src/stm32f4xx_hal_dma.c ****           (+) Use HAL_DMA_Start() to start DMA transfer after the configuration of Source 
  35:Drivers/STM32F4xx_HAL_Driver/Src/stm32f4xx_hal_dma.c ****               address and destination address and the Length of data to be transferred.
  36:Drivers/STM32F4xx_HAL_Driver/Src/stm32f4xx_hal_dma.c ****           (+) Use HAL_DMA_PollForTransfer() to poll for the end of current transfer, in this  
  37:Drivers/STM32F4xx_HAL_Driver/Src/stm32f4xx_hal_dma.c ****               case a fixed Timeout can be configured by User depending from his application.
  38:Drivers/STM32F4xx_HAL_Driver/Src/stm32f4xx_hal_dma.c ****           (+) Use HAL_DMA_Abort() function to abort the current transfer.
  39:Drivers/STM32F4xx_HAL_Driver/Src/stm32f4xx_hal_dma.c **** 
  40:Drivers/STM32F4xx_HAL_Driver/Src/stm32f4xx_hal_dma.c ****      *** Interrupt mode IO operation ***
  41:Drivers/STM32F4xx_HAL_Driver/Src/stm32f4xx_hal_dma.c ****      ===================================
  42:Drivers/STM32F4xx_HAL_Driver/Src/stm32f4xx_hal_dma.c ****     [..]
  43:Drivers/STM32F4xx_HAL_Driver/Src/stm32f4xx_hal_dma.c ****           (+) Configure the DMA interrupt priority using HAL_NVIC_SetPriority()
  44:Drivers/STM32F4xx_HAL_Driver/Src/stm32f4xx_hal_dma.c ****           (+) Enable the DMA IRQ handler using HAL_NVIC_EnableIRQ() 
  45:Drivers/STM32F4xx_HAL_Driver/Src/stm32f4xx_hal_dma.c ****           (+) Use HAL_DMA_Start_IT() to start DMA transfer after the configuration of  
  46:Drivers/STM32F4xx_HAL_Driver/Src/stm32f4xx_hal_dma.c ****               Source address and destination address and the Length of data to be transferred. In t
  47:Drivers/STM32F4xx_HAL_Driver/Src/stm32f4xx_hal_dma.c ****               case the DMA interrupt is configured 
  48:Drivers/STM32F4xx_HAL_Driver/Src/stm32f4xx_hal_dma.c ****           (+) Use HAL_DMA_IRQHandler() called under DMA_IRQHandler() Interrupt subroutine
  49:Drivers/STM32F4xx_HAL_Driver/Src/stm32f4xx_hal_dma.c ****           (+) At the end of data transfer HAL_DMA_IRQHandler() function is executed and user can 
  50:Drivers/STM32F4xx_HAL_Driver/Src/stm32f4xx_hal_dma.c ****               add his own function by customization of function pointer XferCpltCallback and 
  51:Drivers/STM32F4xx_HAL_Driver/Src/stm32f4xx_hal_dma.c ****               XferErrorCallback (i.e a member of DMA handle structure).
  52:Drivers/STM32F4xx_HAL_Driver/Src/stm32f4xx_hal_dma.c ****     [..]
  53:Drivers/STM32F4xx_HAL_Driver/Src/stm32f4xx_hal_dma.c ****      (#) Use HAL_DMA_GetState() function to return the DMA state and HAL_DMA_GetError() in case of 
  54:Drivers/STM32F4xx_HAL_Driver/Src/stm32f4xx_hal_dma.c ****          detection.
  55:Drivers/STM32F4xx_HAL_Driver/Src/stm32f4xx_hal_dma.c **** 
  56:Drivers/STM32F4xx_HAL_Driver/Src/stm32f4xx_hal_dma.c ****      (#) Use HAL_DMA_Abort_IT() function to abort the current transfer
  57:Drivers/STM32F4xx_HAL_Driver/Src/stm32f4xx_hal_dma.c **** 
  58:Drivers/STM32F4xx_HAL_Driver/Src/stm32f4xx_hal_dma.c ****      -@-   In Memory-to-Memory transfer mode, Circular mode is not allowed.
  59:Drivers/STM32F4xx_HAL_Driver/Src/stm32f4xx_hal_dma.c **** 
  60:Drivers/STM32F4xx_HAL_Driver/Src/stm32f4xx_hal_dma.c ****      -@-   The FIFO is used mainly to reduce bus usage and to allow data packing/unpacking: it is
  61:Drivers/STM32F4xx_HAL_Driver/Src/stm32f4xx_hal_dma.c ****            possible to set different Data Sizes for the Peripheral and the Memory (ie. you can set
  62:Drivers/STM32F4xx_HAL_Driver/Src/stm32f4xx_hal_dma.c ****            Half-Word data size for the peripheral to access its data register and set Word data siz
  63:Drivers/STM32F4xx_HAL_Driver/Src/stm32f4xx_hal_dma.c ****            for the Memory to gain in access time. Each two half words will be packed and written in
  64:Drivers/STM32F4xx_HAL_Driver/Src/stm32f4xx_hal_dma.c ****            a single access to a Word in the Memory).
  65:Drivers/STM32F4xx_HAL_Driver/Src/stm32f4xx_hal_dma.c **** 
  66:Drivers/STM32F4xx_HAL_Driver/Src/stm32f4xx_hal_dma.c ****      -@-   When FIFO is disabled, it is not allowed to configure different Data Sizes for Source
  67:Drivers/STM32F4xx_HAL_Driver/Src/stm32f4xx_hal_dma.c ****            and Destination. In this case the Peripheral Data Size will be applied to both Source
  68:Drivers/STM32F4xx_HAL_Driver/Src/stm32f4xx_hal_dma.c ****            and Destination.
  69:Drivers/STM32F4xx_HAL_Driver/Src/stm32f4xx_hal_dma.c **** 
  70:Drivers/STM32F4xx_HAL_Driver/Src/stm32f4xx_hal_dma.c ****      *** DMA HAL driver macros list ***
  71:Drivers/STM32F4xx_HAL_Driver/Src/stm32f4xx_hal_dma.c ****      =============================================
  72:Drivers/STM32F4xx_HAL_Driver/Src/stm32f4xx_hal_dma.c ****      [..]
  73:Drivers/STM32F4xx_HAL_Driver/Src/stm32f4xx_hal_dma.c ****        Below the list of most used macros in DMA HAL driver.
  74:Drivers/STM32F4xx_HAL_Driver/Src/stm32f4xx_hal_dma.c ****        
  75:Drivers/STM32F4xx_HAL_Driver/Src/stm32f4xx_hal_dma.c ****       (+) __HAL_DMA_ENABLE: Enable the specified DMA Stream.
  76:Drivers/STM32F4xx_HAL_Driver/Src/stm32f4xx_hal_dma.c ****       (+) __HAL_DMA_DISABLE: Disable the specified DMA Stream.
  77:Drivers/STM32F4xx_HAL_Driver/Src/stm32f4xx_hal_dma.c ****       (+) __HAL_DMA_GET_IT_SOURCE: Check whether the specified DMA Stream interrupt has occurred or
  78:Drivers/STM32F4xx_HAL_Driver/Src/stm32f4xx_hal_dma.c **** 
  79:Drivers/STM32F4xx_HAL_Driver/Src/stm32f4xx_hal_dma.c ****      [..]
  80:Drivers/STM32F4xx_HAL_Driver/Src/stm32f4xx_hal_dma.c ****       (@) You can refer to the DMA HAL driver header file for more useful macros
  81:Drivers/STM32F4xx_HAL_Driver/Src/stm32f4xx_hal_dma.c **** 
  82:Drivers/STM32F4xx_HAL_Driver/Src/stm32f4xx_hal_dma.c ****   @endverbatim
  83:Drivers/STM32F4xx_HAL_Driver/Src/stm32f4xx_hal_dma.c ****   ******************************************************************************
  84:Drivers/STM32F4xx_HAL_Driver/Src/stm32f4xx_hal_dma.c ****   * @attention
  85:Drivers/STM32F4xx_HAL_Driver/Src/stm32f4xx_hal_dma.c ****   *
ARM GAS  C:\Users\joshr\AppData\Local\Temp\cc709mTA.s 			page 3


  86:Drivers/STM32F4xx_HAL_Driver/Src/stm32f4xx_hal_dma.c ****   * Copyright (c) 2017 STMicroelectronics.
  87:Drivers/STM32F4xx_HAL_Driver/Src/stm32f4xx_hal_dma.c ****   * All rights reserved.
  88:Drivers/STM32F4xx_HAL_Driver/Src/stm32f4xx_hal_dma.c ****   *
  89:Drivers/STM32F4xx_HAL_Driver/Src/stm32f4xx_hal_dma.c ****   * This software is licensed under terms that can be found in the LICENSE file in
  90:Drivers/STM32F4xx_HAL_Driver/Src/stm32f4xx_hal_dma.c ****   * the root directory of this software component.
  91:Drivers/STM32F4xx_HAL_Driver/Src/stm32f4xx_hal_dma.c ****   * If no LICENSE file comes with this software, it is provided AS-IS.
  92:Drivers/STM32F4xx_HAL_Driver/Src/stm32f4xx_hal_dma.c ****   *
  93:Drivers/STM32F4xx_HAL_Driver/Src/stm32f4xx_hal_dma.c ****   ******************************************************************************
  94:Drivers/STM32F4xx_HAL_Driver/Src/stm32f4xx_hal_dma.c ****   */ 
  95:Drivers/STM32F4xx_HAL_Driver/Src/stm32f4xx_hal_dma.c **** 
  96:Drivers/STM32F4xx_HAL_Driver/Src/stm32f4xx_hal_dma.c **** /* Includes ------------------------------------------------------------------*/
  97:Drivers/STM32F4xx_HAL_Driver/Src/stm32f4xx_hal_dma.c **** #include "stm32f4xx_hal.h"
  98:Drivers/STM32F4xx_HAL_Driver/Src/stm32f4xx_hal_dma.c **** 
  99:Drivers/STM32F4xx_HAL_Driver/Src/stm32f4xx_hal_dma.c **** /** @addtogroup STM32F4xx_HAL_Driver
 100:Drivers/STM32F4xx_HAL_Driver/Src/stm32f4xx_hal_dma.c ****   * @{
 101:Drivers/STM32F4xx_HAL_Driver/Src/stm32f4xx_hal_dma.c ****   */
 102:Drivers/STM32F4xx_HAL_Driver/Src/stm32f4xx_hal_dma.c **** 
 103:Drivers/STM32F4xx_HAL_Driver/Src/stm32f4xx_hal_dma.c **** /** @defgroup DMA DMA
 104:Drivers/STM32F4xx_HAL_Driver/Src/stm32f4xx_hal_dma.c ****   * @brief DMA HAL module driver
 105:Drivers/STM32F4xx_HAL_Driver/Src/stm32f4xx_hal_dma.c ****   * @{
 106:Drivers/STM32F4xx_HAL_Driver/Src/stm32f4xx_hal_dma.c ****   */
 107:Drivers/STM32F4xx_HAL_Driver/Src/stm32f4xx_hal_dma.c **** 
 108:Drivers/STM32F4xx_HAL_Driver/Src/stm32f4xx_hal_dma.c **** #ifdef HAL_DMA_MODULE_ENABLED
 109:Drivers/STM32F4xx_HAL_Driver/Src/stm32f4xx_hal_dma.c **** 
 110:Drivers/STM32F4xx_HAL_Driver/Src/stm32f4xx_hal_dma.c **** /* Private types -------------------------------------------------------------*/
 111:Drivers/STM32F4xx_HAL_Driver/Src/stm32f4xx_hal_dma.c **** typedef struct
 112:Drivers/STM32F4xx_HAL_Driver/Src/stm32f4xx_hal_dma.c **** {
 113:Drivers/STM32F4xx_HAL_Driver/Src/stm32f4xx_hal_dma.c ****   __IO uint32_t ISR;   /*!< DMA interrupt status register */
 114:Drivers/STM32F4xx_HAL_Driver/Src/stm32f4xx_hal_dma.c ****   __IO uint32_t Reserved0;
 115:Drivers/STM32F4xx_HAL_Driver/Src/stm32f4xx_hal_dma.c ****   __IO uint32_t IFCR;  /*!< DMA interrupt flag clear register */
 116:Drivers/STM32F4xx_HAL_Driver/Src/stm32f4xx_hal_dma.c **** } DMA_Base_Registers;
 117:Drivers/STM32F4xx_HAL_Driver/Src/stm32f4xx_hal_dma.c **** 
 118:Drivers/STM32F4xx_HAL_Driver/Src/stm32f4xx_hal_dma.c **** /* Private variables ---------------------------------------------------------*/
 119:Drivers/STM32F4xx_HAL_Driver/Src/stm32f4xx_hal_dma.c **** /* Private constants ---------------------------------------------------------*/
 120:Drivers/STM32F4xx_HAL_Driver/Src/stm32f4xx_hal_dma.c **** /** @addtogroup DMA_Private_Constants
 121:Drivers/STM32F4xx_HAL_Driver/Src/stm32f4xx_hal_dma.c ****  * @{
 122:Drivers/STM32F4xx_HAL_Driver/Src/stm32f4xx_hal_dma.c ****  */
 123:Drivers/STM32F4xx_HAL_Driver/Src/stm32f4xx_hal_dma.c ****  #define HAL_TIMEOUT_DMA_ABORT    5U  /* 5 ms */
 124:Drivers/STM32F4xx_HAL_Driver/Src/stm32f4xx_hal_dma.c **** /**
 125:Drivers/STM32F4xx_HAL_Driver/Src/stm32f4xx_hal_dma.c ****   * @}
 126:Drivers/STM32F4xx_HAL_Driver/Src/stm32f4xx_hal_dma.c ****   */
 127:Drivers/STM32F4xx_HAL_Driver/Src/stm32f4xx_hal_dma.c **** /* Private macros ------------------------------------------------------------*/
 128:Drivers/STM32F4xx_HAL_Driver/Src/stm32f4xx_hal_dma.c **** /* Private functions ---------------------------------------------------------*/
 129:Drivers/STM32F4xx_HAL_Driver/Src/stm32f4xx_hal_dma.c **** /** @addtogroup DMA_Private_Functions
 130:Drivers/STM32F4xx_HAL_Driver/Src/stm32f4xx_hal_dma.c ****   * @{
 131:Drivers/STM32F4xx_HAL_Driver/Src/stm32f4xx_hal_dma.c ****   */
 132:Drivers/STM32F4xx_HAL_Driver/Src/stm32f4xx_hal_dma.c **** static void DMA_SetConfig(DMA_HandleTypeDef *hdma, uint32_t SrcAddress, uint32_t DstAddress, uint32
 133:Drivers/STM32F4xx_HAL_Driver/Src/stm32f4xx_hal_dma.c **** static uint32_t DMA_CalcBaseAndBitshift(DMA_HandleTypeDef *hdma);
 134:Drivers/STM32F4xx_HAL_Driver/Src/stm32f4xx_hal_dma.c **** static HAL_StatusTypeDef DMA_CheckFifoParam(DMA_HandleTypeDef *hdma);
 135:Drivers/STM32F4xx_HAL_Driver/Src/stm32f4xx_hal_dma.c **** 
 136:Drivers/STM32F4xx_HAL_Driver/Src/stm32f4xx_hal_dma.c **** /**
 137:Drivers/STM32F4xx_HAL_Driver/Src/stm32f4xx_hal_dma.c ****   * @}
 138:Drivers/STM32F4xx_HAL_Driver/Src/stm32f4xx_hal_dma.c ****   */  
 139:Drivers/STM32F4xx_HAL_Driver/Src/stm32f4xx_hal_dma.c **** 
 140:Drivers/STM32F4xx_HAL_Driver/Src/stm32f4xx_hal_dma.c **** /* Exported functions ---------------------------------------------------------*/
 141:Drivers/STM32F4xx_HAL_Driver/Src/stm32f4xx_hal_dma.c **** /** @addtogroup DMA_Exported_Functions
 142:Drivers/STM32F4xx_HAL_Driver/Src/stm32f4xx_hal_dma.c ****   * @{
ARM GAS  C:\Users\joshr\AppData\Local\Temp\cc709mTA.s 			page 4


 143:Drivers/STM32F4xx_HAL_Driver/Src/stm32f4xx_hal_dma.c ****   */
 144:Drivers/STM32F4xx_HAL_Driver/Src/stm32f4xx_hal_dma.c **** 
 145:Drivers/STM32F4xx_HAL_Driver/Src/stm32f4xx_hal_dma.c **** /** @addtogroup DMA_Exported_Functions_Group1
 146:Drivers/STM32F4xx_HAL_Driver/Src/stm32f4xx_hal_dma.c ****   *
 147:Drivers/STM32F4xx_HAL_Driver/Src/stm32f4xx_hal_dma.c **** @verbatim
 148:Drivers/STM32F4xx_HAL_Driver/Src/stm32f4xx_hal_dma.c ****  ===============================================================================
 149:Drivers/STM32F4xx_HAL_Driver/Src/stm32f4xx_hal_dma.c ****              ##### Initialization and de-initialization functions  #####
 150:Drivers/STM32F4xx_HAL_Driver/Src/stm32f4xx_hal_dma.c ****  ===============================================================================
 151:Drivers/STM32F4xx_HAL_Driver/Src/stm32f4xx_hal_dma.c ****     [..]
 152:Drivers/STM32F4xx_HAL_Driver/Src/stm32f4xx_hal_dma.c ****     This section provides functions allowing to initialize the DMA Stream source
 153:Drivers/STM32F4xx_HAL_Driver/Src/stm32f4xx_hal_dma.c ****     and destination addresses, incrementation and data sizes, transfer direction, 
 154:Drivers/STM32F4xx_HAL_Driver/Src/stm32f4xx_hal_dma.c ****     circular/normal mode selection, memory-to-memory mode selection and Stream priority value.
 155:Drivers/STM32F4xx_HAL_Driver/Src/stm32f4xx_hal_dma.c ****     [..]
 156:Drivers/STM32F4xx_HAL_Driver/Src/stm32f4xx_hal_dma.c ****     The HAL_DMA_Init() function follows the DMA configuration procedures as described in
 157:Drivers/STM32F4xx_HAL_Driver/Src/stm32f4xx_hal_dma.c ****     reference manual.
 158:Drivers/STM32F4xx_HAL_Driver/Src/stm32f4xx_hal_dma.c **** 
 159:Drivers/STM32F4xx_HAL_Driver/Src/stm32f4xx_hal_dma.c **** @endverbatim
 160:Drivers/STM32F4xx_HAL_Driver/Src/stm32f4xx_hal_dma.c ****   * @{
 161:Drivers/STM32F4xx_HAL_Driver/Src/stm32f4xx_hal_dma.c ****   */
 162:Drivers/STM32F4xx_HAL_Driver/Src/stm32f4xx_hal_dma.c ****   
 163:Drivers/STM32F4xx_HAL_Driver/Src/stm32f4xx_hal_dma.c **** /**
 164:Drivers/STM32F4xx_HAL_Driver/Src/stm32f4xx_hal_dma.c ****   * @brief  Initialize the DMA according to the specified
 165:Drivers/STM32F4xx_HAL_Driver/Src/stm32f4xx_hal_dma.c ****   *         parameters in the DMA_InitTypeDef and create the associated handle.
 166:Drivers/STM32F4xx_HAL_Driver/Src/stm32f4xx_hal_dma.c ****   * @param  hdma Pointer to a DMA_HandleTypeDef structure that contains
 167:Drivers/STM32F4xx_HAL_Driver/Src/stm32f4xx_hal_dma.c ****   *               the configuration information for the specified DMA Stream.  
 168:Drivers/STM32F4xx_HAL_Driver/Src/stm32f4xx_hal_dma.c ****   * @retval HAL status
 169:Drivers/STM32F4xx_HAL_Driver/Src/stm32f4xx_hal_dma.c ****   */
 170:Drivers/STM32F4xx_HAL_Driver/Src/stm32f4xx_hal_dma.c **** HAL_StatusTypeDef HAL_DMA_Init(DMA_HandleTypeDef *hdma)
 171:Drivers/STM32F4xx_HAL_Driver/Src/stm32f4xx_hal_dma.c **** {
  31              		.loc 1 171 1 view -0
  32              		.cfi_startproc
  33              		@ args = 0, pretend = 0, frame = 0
  34              		@ frame_needed = 0, uses_anonymous_args = 0
 172:Drivers/STM32F4xx_HAL_Driver/Src/stm32f4xx_hal_dma.c ****   uint32_t tmp = 0U;
  35              		.loc 1 172 3 view .LVU1
 173:Drivers/STM32F4xx_HAL_Driver/Src/stm32f4xx_hal_dma.c ****   uint32_t tickstart = HAL_GetTick();
  36              		.loc 1 173 3 view .LVU2
 171:Drivers/STM32F4xx_HAL_Driver/Src/stm32f4xx_hal_dma.c ****   uint32_t tmp = 0U;
  37              		.loc 1 171 1 is_stmt 0 view .LVU3
  38 0000 38B5     		push	{r3, r4, r5, lr}
  39              	.LCFI0:
  40              		.cfi_def_cfa_offset 16
  41              		.cfi_offset 3, -16
  42              		.cfi_offset 4, -12
  43              		.cfi_offset 5, -8
  44              		.cfi_offset 14, -4
 171:Drivers/STM32F4xx_HAL_Driver/Src/stm32f4xx_hal_dma.c ****   uint32_t tmp = 0U;
  45              		.loc 1 171 1 view .LVU4
  46 0002 0446     		mov	r4, r0
  47              		.loc 1 173 24 view .LVU5
  48 0004 FFF7FEFF 		bl	HAL_GetTick
  49              	.LVL1:
 174:Drivers/STM32F4xx_HAL_Driver/Src/stm32f4xx_hal_dma.c ****   DMA_Base_Registers *regs;
  50              		.loc 1 174 3 is_stmt 1 view .LVU6
 175:Drivers/STM32F4xx_HAL_Driver/Src/stm32f4xx_hal_dma.c **** 
 176:Drivers/STM32F4xx_HAL_Driver/Src/stm32f4xx_hal_dma.c ****   /* Check the DMA peripheral state */
 177:Drivers/STM32F4xx_HAL_Driver/Src/stm32f4xx_hal_dma.c ****   if(hdma == NULL)
ARM GAS  C:\Users\joshr\AppData\Local\Temp\cc709mTA.s 			page 5


  51              		.loc 1 177 3 view .LVU7
  52              		.loc 1 177 5 is_stmt 0 view .LVU8
  53 0008 002C     		cmp	r4, #0
  54 000a 6DD0     		beq	.L2
 178:Drivers/STM32F4xx_HAL_Driver/Src/stm32f4xx_hal_dma.c ****   {
 179:Drivers/STM32F4xx_HAL_Driver/Src/stm32f4xx_hal_dma.c ****     return HAL_ERROR;
 180:Drivers/STM32F4xx_HAL_Driver/Src/stm32f4xx_hal_dma.c ****   }
 181:Drivers/STM32F4xx_HAL_Driver/Src/stm32f4xx_hal_dma.c **** 
 182:Drivers/STM32F4xx_HAL_Driver/Src/stm32f4xx_hal_dma.c ****   /* Check the parameters */
 183:Drivers/STM32F4xx_HAL_Driver/Src/stm32f4xx_hal_dma.c ****   assert_param(IS_DMA_STREAM_ALL_INSTANCE(hdma->Instance));
 184:Drivers/STM32F4xx_HAL_Driver/Src/stm32f4xx_hal_dma.c ****   assert_param(IS_DMA_CHANNEL(hdma->Init.Channel));
 185:Drivers/STM32F4xx_HAL_Driver/Src/stm32f4xx_hal_dma.c ****   assert_param(IS_DMA_DIRECTION(hdma->Init.Direction));
 186:Drivers/STM32F4xx_HAL_Driver/Src/stm32f4xx_hal_dma.c ****   assert_param(IS_DMA_PERIPHERAL_INC_STATE(hdma->Init.PeriphInc));
 187:Drivers/STM32F4xx_HAL_Driver/Src/stm32f4xx_hal_dma.c ****   assert_param(IS_DMA_MEMORY_INC_STATE(hdma->Init.MemInc));
 188:Drivers/STM32F4xx_HAL_Driver/Src/stm32f4xx_hal_dma.c ****   assert_param(IS_DMA_PERIPHERAL_DATA_SIZE(hdma->Init.PeriphDataAlignment));
 189:Drivers/STM32F4xx_HAL_Driver/Src/stm32f4xx_hal_dma.c ****   assert_param(IS_DMA_MEMORY_DATA_SIZE(hdma->Init.MemDataAlignment));
 190:Drivers/STM32F4xx_HAL_Driver/Src/stm32f4xx_hal_dma.c ****   assert_param(IS_DMA_MODE(hdma->Init.Mode));
 191:Drivers/STM32F4xx_HAL_Driver/Src/stm32f4xx_hal_dma.c ****   assert_param(IS_DMA_PRIORITY(hdma->Init.Priority));
 192:Drivers/STM32F4xx_HAL_Driver/Src/stm32f4xx_hal_dma.c ****   assert_param(IS_DMA_FIFO_MODE_STATE(hdma->Init.FIFOMode));
 193:Drivers/STM32F4xx_HAL_Driver/Src/stm32f4xx_hal_dma.c ****   /* Check the memory burst, peripheral burst and FIFO threshold parameters only
 194:Drivers/STM32F4xx_HAL_Driver/Src/stm32f4xx_hal_dma.c ****      when FIFO mode is enabled */
 195:Drivers/STM32F4xx_HAL_Driver/Src/stm32f4xx_hal_dma.c ****   if(hdma->Init.FIFOMode != DMA_FIFOMODE_DISABLE)
 196:Drivers/STM32F4xx_HAL_Driver/Src/stm32f4xx_hal_dma.c ****   {
 197:Drivers/STM32F4xx_HAL_Driver/Src/stm32f4xx_hal_dma.c ****     assert_param(IS_DMA_FIFO_THRESHOLD(hdma->Init.FIFOThreshold));
 198:Drivers/STM32F4xx_HAL_Driver/Src/stm32f4xx_hal_dma.c ****     assert_param(IS_DMA_MEMORY_BURST(hdma->Init.MemBurst));
 199:Drivers/STM32F4xx_HAL_Driver/Src/stm32f4xx_hal_dma.c ****     assert_param(IS_DMA_PERIPHERAL_BURST(hdma->Init.PeriphBurst));
 200:Drivers/STM32F4xx_HAL_Driver/Src/stm32f4xx_hal_dma.c ****   }
 201:Drivers/STM32F4xx_HAL_Driver/Src/stm32f4xx_hal_dma.c **** 
 202:Drivers/STM32F4xx_HAL_Driver/Src/stm32f4xx_hal_dma.c ****   /* Change DMA peripheral state */
 203:Drivers/STM32F4xx_HAL_Driver/Src/stm32f4xx_hal_dma.c ****   hdma->State = HAL_DMA_STATE_BUSY;
 204:Drivers/STM32F4xx_HAL_Driver/Src/stm32f4xx_hal_dma.c **** 
 205:Drivers/STM32F4xx_HAL_Driver/Src/stm32f4xx_hal_dma.c ****   /* Allocate lock resource */
 206:Drivers/STM32F4xx_HAL_Driver/Src/stm32f4xx_hal_dma.c ****   __HAL_UNLOCK(hdma);
 207:Drivers/STM32F4xx_HAL_Driver/Src/stm32f4xx_hal_dma.c ****   
 208:Drivers/STM32F4xx_HAL_Driver/Src/stm32f4xx_hal_dma.c ****   /* Disable the peripheral */
 209:Drivers/STM32F4xx_HAL_Driver/Src/stm32f4xx_hal_dma.c ****   __HAL_DMA_DISABLE(hdma);
  55              		.loc 1 209 3 view .LVU9
  56 000c 2368     		ldr	r3, [r4]
 206:Drivers/STM32F4xx_HAL_Driver/Src/stm32f4xx_hal_dma.c ****   
  57              		.loc 1 206 3 view .LVU10
  58 000e 0022     		movs	r2, #0
 203:Drivers/STM32F4xx_HAL_Driver/Src/stm32f4xx_hal_dma.c **** 
  59              		.loc 1 203 15 view .LVU11
  60 0010 0221     		movs	r1, #2
  61 0012 84F83510 		strb	r1, [r4, #53]
 206:Drivers/STM32F4xx_HAL_Driver/Src/stm32f4xx_hal_dma.c ****   
  62              		.loc 1 206 3 view .LVU12
  63 0016 84F83420 		strb	r2, [r4, #52]
  64              		.loc 1 209 3 view .LVU13
  65 001a 1A68     		ldr	r2, [r3]
  66 001c 22F00102 		bic	r2, r2, #1
  67 0020 0546     		mov	r5, r0
 183:Drivers/STM32F4xx_HAL_Driver/Src/stm32f4xx_hal_dma.c ****   assert_param(IS_DMA_CHANNEL(hdma->Init.Channel));
  68              		.loc 1 183 3 is_stmt 1 view .LVU14
 184:Drivers/STM32F4xx_HAL_Driver/Src/stm32f4xx_hal_dma.c ****   assert_param(IS_DMA_DIRECTION(hdma->Init.Direction));
  69              		.loc 1 184 3 view .LVU15
 185:Drivers/STM32F4xx_HAL_Driver/Src/stm32f4xx_hal_dma.c ****   assert_param(IS_DMA_PERIPHERAL_INC_STATE(hdma->Init.PeriphInc));
ARM GAS  C:\Users\joshr\AppData\Local\Temp\cc709mTA.s 			page 6


  70              		.loc 1 185 3 view .LVU16
 186:Drivers/STM32F4xx_HAL_Driver/Src/stm32f4xx_hal_dma.c ****   assert_param(IS_DMA_MEMORY_INC_STATE(hdma->Init.MemInc));
  71              		.loc 1 186 3 view .LVU17
 187:Drivers/STM32F4xx_HAL_Driver/Src/stm32f4xx_hal_dma.c ****   assert_param(IS_DMA_PERIPHERAL_DATA_SIZE(hdma->Init.PeriphDataAlignment));
  72              		.loc 1 187 3 view .LVU18
 188:Drivers/STM32F4xx_HAL_Driver/Src/stm32f4xx_hal_dma.c ****   assert_param(IS_DMA_MEMORY_DATA_SIZE(hdma->Init.MemDataAlignment));
  73              		.loc 1 188 3 view .LVU19
 189:Drivers/STM32F4xx_HAL_Driver/Src/stm32f4xx_hal_dma.c ****   assert_param(IS_DMA_MODE(hdma->Init.Mode));
  74              		.loc 1 189 3 view .LVU20
 190:Drivers/STM32F4xx_HAL_Driver/Src/stm32f4xx_hal_dma.c ****   assert_param(IS_DMA_PRIORITY(hdma->Init.Priority));
  75              		.loc 1 190 3 view .LVU21
 191:Drivers/STM32F4xx_HAL_Driver/Src/stm32f4xx_hal_dma.c ****   assert_param(IS_DMA_FIFO_MODE_STATE(hdma->Init.FIFOMode));
  76              		.loc 1 191 3 view .LVU22
 192:Drivers/STM32F4xx_HAL_Driver/Src/stm32f4xx_hal_dma.c ****   /* Check the memory burst, peripheral burst and FIFO threshold parameters only
  77              		.loc 1 192 3 view .LVU23
 195:Drivers/STM32F4xx_HAL_Driver/Src/stm32f4xx_hal_dma.c ****   {
  78              		.loc 1 195 3 view .LVU24
 197:Drivers/STM32F4xx_HAL_Driver/Src/stm32f4xx_hal_dma.c ****     assert_param(IS_DMA_MEMORY_BURST(hdma->Init.MemBurst));
  79              		.loc 1 197 5 view .LVU25
 198:Drivers/STM32F4xx_HAL_Driver/Src/stm32f4xx_hal_dma.c ****     assert_param(IS_DMA_PERIPHERAL_BURST(hdma->Init.PeriphBurst));
  80              		.loc 1 198 5 view .LVU26
 199:Drivers/STM32F4xx_HAL_Driver/Src/stm32f4xx_hal_dma.c ****   }
  81              		.loc 1 199 5 view .LVU27
 203:Drivers/STM32F4xx_HAL_Driver/Src/stm32f4xx_hal_dma.c **** 
  82              		.loc 1 203 3 view .LVU28
 206:Drivers/STM32F4xx_HAL_Driver/Src/stm32f4xx_hal_dma.c ****   
  83              		.loc 1 206 3 view .LVU29
 206:Drivers/STM32F4xx_HAL_Driver/Src/stm32f4xx_hal_dma.c ****   
  84              		.loc 1 206 3 view .LVU30
 206:Drivers/STM32F4xx_HAL_Driver/Src/stm32f4xx_hal_dma.c ****   
  85              		.loc 1 206 3 view .LVU31
  86              		.loc 1 209 3 view .LVU32
  87 0022 1A60     		str	r2, [r3]
 210:Drivers/STM32F4xx_HAL_Driver/Src/stm32f4xx_hal_dma.c ****   
 211:Drivers/STM32F4xx_HAL_Driver/Src/stm32f4xx_hal_dma.c ****   /* Check if the DMA Stream is effectively disabled */
 212:Drivers/STM32F4xx_HAL_Driver/Src/stm32f4xx_hal_dma.c ****   while((hdma->Instance->CR & DMA_SxCR_EN) != RESET)
  88              		.loc 1 212 3 view .LVU33
  89              		.loc 1 212 8 is_stmt 0 view .LVU34
  90 0024 05E0     		b	.L3
  91              	.LVL2:
  92              	.L6:
 213:Drivers/STM32F4xx_HAL_Driver/Src/stm32f4xx_hal_dma.c ****   {
 214:Drivers/STM32F4xx_HAL_Driver/Src/stm32f4xx_hal_dma.c ****     /* Check for the Timeout */
 215:Drivers/STM32F4xx_HAL_Driver/Src/stm32f4xx_hal_dma.c ****     if((HAL_GetTick() - tickstart ) > HAL_TIMEOUT_DMA_ABORT)
  93              		.loc 1 215 9 view .LVU35
  94 0026 FFF7FEFF 		bl	HAL_GetTick
  95              	.LVL3:
  96              		.loc 1 215 23 discriminator 1 view .LVU36
  97 002a 431B     		subs	r3, r0, r5
  98              		.loc 1 215 7 discriminator 1 view .LVU37
  99 002c 052B     		cmp	r3, #5
 100 002e 37D8     		bhi	.L38
 212:Drivers/STM32F4xx_HAL_Driver/Src/stm32f4xx_hal_dma.c ****   {
 101              		.loc 1 212 14 view .LVU38
 102 0030 2368     		ldr	r3, [r4]
 103              	.L3:
 104              		.loc 1 215 5 is_stmt 1 view .LVU39
ARM GAS  C:\Users\joshr\AppData\Local\Temp\cc709mTA.s 			page 7


 212:Drivers/STM32F4xx_HAL_Driver/Src/stm32f4xx_hal_dma.c ****   {
 105              		.loc 1 212 44 view .LVU40
 212:Drivers/STM32F4xx_HAL_Driver/Src/stm32f4xx_hal_dma.c ****   {
 106              		.loc 1 212 24 is_stmt 0 view .LVU41
 107 0032 1A68     		ldr	r2, [r3]
 212:Drivers/STM32F4xx_HAL_Driver/Src/stm32f4xx_hal_dma.c ****   {
 108              		.loc 1 212 44 view .LVU42
 109 0034 D107     		lsls	r1, r2, #31
 110 0036 F6D4     		bmi	.L6
 216:Drivers/STM32F4xx_HAL_Driver/Src/stm32f4xx_hal_dma.c ****     {
 217:Drivers/STM32F4xx_HAL_Driver/Src/stm32f4xx_hal_dma.c ****       /* Update error code */
 218:Drivers/STM32F4xx_HAL_Driver/Src/stm32f4xx_hal_dma.c ****       hdma->ErrorCode = HAL_DMA_ERROR_TIMEOUT;
 219:Drivers/STM32F4xx_HAL_Driver/Src/stm32f4xx_hal_dma.c ****       
 220:Drivers/STM32F4xx_HAL_Driver/Src/stm32f4xx_hal_dma.c ****       /* Change the DMA state */
 221:Drivers/STM32F4xx_HAL_Driver/Src/stm32f4xx_hal_dma.c ****       hdma->State = HAL_DMA_STATE_TIMEOUT;
 222:Drivers/STM32F4xx_HAL_Driver/Src/stm32f4xx_hal_dma.c ****       
 223:Drivers/STM32F4xx_HAL_Driver/Src/stm32f4xx_hal_dma.c ****       return HAL_TIMEOUT;
 224:Drivers/STM32F4xx_HAL_Driver/Src/stm32f4xx_hal_dma.c ****     }
 225:Drivers/STM32F4xx_HAL_Driver/Src/stm32f4xx_hal_dma.c ****   }
 226:Drivers/STM32F4xx_HAL_Driver/Src/stm32f4xx_hal_dma.c ****   
 227:Drivers/STM32F4xx_HAL_Driver/Src/stm32f4xx_hal_dma.c ****   /* Get the CR register value */
 228:Drivers/STM32F4xx_HAL_Driver/Src/stm32f4xx_hal_dma.c ****   tmp = hdma->Instance->CR;
 111              		.loc 1 228 3 is_stmt 1 view .LVU43
 229:Drivers/STM32F4xx_HAL_Driver/Src/stm32f4xx_hal_dma.c **** 
 230:Drivers/STM32F4xx_HAL_Driver/Src/stm32f4xx_hal_dma.c ****   /* Clear CHSEL, MBURST, PBURST, PL, MSIZE, PSIZE, MINC, PINC, CIRC, DIR, CT and DBM bits */
 231:Drivers/STM32F4xx_HAL_Driver/Src/stm32f4xx_hal_dma.c ****   tmp &= ((uint32_t)~(DMA_SxCR_CHSEL | DMA_SxCR_MBURST | DMA_SxCR_PBURST | \
 232:Drivers/STM32F4xx_HAL_Driver/Src/stm32f4xx_hal_dma.c ****                       DMA_SxCR_PL    | DMA_SxCR_MSIZE  | DMA_SxCR_PSIZE  | \
 233:Drivers/STM32F4xx_HAL_Driver/Src/stm32f4xx_hal_dma.c ****                       DMA_SxCR_MINC  | DMA_SxCR_PINC   | DMA_SxCR_CIRC   | \
 234:Drivers/STM32F4xx_HAL_Driver/Src/stm32f4xx_hal_dma.c ****                       DMA_SxCR_DIR   | DMA_SxCR_CT     | DMA_SxCR_DBM));
 235:Drivers/STM32F4xx_HAL_Driver/Src/stm32f4xx_hal_dma.c **** 
 236:Drivers/STM32F4xx_HAL_Driver/Src/stm32f4xx_hal_dma.c ****   /* Prepare the DMA Stream configuration */
 237:Drivers/STM32F4xx_HAL_Driver/Src/stm32f4xx_hal_dma.c ****   tmp |=  hdma->Init.Channel             | hdma->Init.Direction        |
 112              		.loc 1 237 42 is_stmt 0 view .LVU44
 113 0038 D4E90120 		ldrd	r2, r0, [r4, #4]
 114              		.loc 1 237 72 view .LVU45
 115 003c E168     		ldr	r1, [r4, #12]
 116              		.loc 1 237 42 view .LVU46
 117 003e 0243     		orrs	r2, r2, r0
 118              		.loc 1 237 72 view .LVU47
 119 0040 0A43     		orrs	r2, r2, r1
 238:Drivers/STM32F4xx_HAL_Driver/Src/stm32f4xx_hal_dma.c ****           hdma->Init.PeriphInc           | hdma->Init.MemInc           |
 120              		.loc 1 238 72 view .LVU48
 121 0042 D4E90451 		ldrd	r5, r1, [r4, #16]
 122              	.LVL4:
 239:Drivers/STM32F4xx_HAL_Driver/Src/stm32f4xx_hal_dma.c ****           hdma->Init.PeriphDataAlignment | hdma->Init.MemDataAlignment |
 123              		.loc 1 239 54 view .LVU49
 124 0046 A069     		ldr	r0, [r4, #24]
 238:Drivers/STM32F4xx_HAL_Driver/Src/stm32f4xx_hal_dma.c ****           hdma->Init.PeriphInc           | hdma->Init.MemInc           |
 125              		.loc 1 238 42 view .LVU50
 126 0048 2A43     		orrs	r2, r2, r5
 238:Drivers/STM32F4xx_HAL_Driver/Src/stm32f4xx_hal_dma.c ****           hdma->Init.PeriphInc           | hdma->Init.MemInc           |
 127              		.loc 1 238 72 view .LVU51
 128 004a 0A43     		orrs	r2, r2, r1
 129              		.loc 1 239 72 view .LVU52
 130 004c E169     		ldr	r1, [r4, #28]
 228:Drivers/STM32F4xx_HAL_Driver/Src/stm32f4xx_hal_dma.c **** 
 131              		.loc 1 228 7 view .LVU53
ARM GAS  C:\Users\joshr\AppData\Local\Temp\cc709mTA.s 			page 8


 132 004e 1D68     		ldr	r5, [r3]
 133              	.LVL5:
 231:Drivers/STM32F4xx_HAL_Driver/Src/stm32f4xx_hal_dma.c ****                       DMA_SxCR_PL    | DMA_SxCR_MSIZE  | DMA_SxCR_PSIZE  | \
 134              		.loc 1 231 3 is_stmt 1 view .LVU54
 135              		.loc 1 239 42 is_stmt 0 view .LVU55
 136 0050 0243     		orrs	r2, r2, r0
 137              		.loc 1 239 72 view .LVU56
 138 0052 0A43     		orrs	r2, r2, r1
 231:Drivers/STM32F4xx_HAL_Driver/Src/stm32f4xx_hal_dma.c ****                       DMA_SxCR_PL    | DMA_SxCR_MSIZE  | DMA_SxCR_PSIZE  | \
 139              		.loc 1 231 7 view .LVU57
 140 0054 3149     		ldr	r1, .L41
 141 0056 2940     		ands	r1, r1, r5
 142              	.LVL6:
 237:Drivers/STM32F4xx_HAL_Driver/Src/stm32f4xx_hal_dma.c ****           hdma->Init.PeriphInc           | hdma->Init.MemInc           |
 143              		.loc 1 237 3 is_stmt 1 view .LVU58
 240:Drivers/STM32F4xx_HAL_Driver/Src/stm32f4xx_hal_dma.c ****           hdma->Init.Mode                | hdma->Init.Priority;
 144              		.loc 1 240 42 is_stmt 0 view .LVU59
 145 0058 256A     		ldr	r5, [r4, #32]
 146 005a 2A43     		orrs	r2, r2, r5
 237:Drivers/STM32F4xx_HAL_Driver/Src/stm32f4xx_hal_dma.c ****           hdma->Init.PeriphInc           | hdma->Init.MemInc           |
 147              		.loc 1 237 7 view .LVU60
 148 005c 0A43     		orrs	r2, r2, r1
 149              	.LVL7:
 241:Drivers/STM32F4xx_HAL_Driver/Src/stm32f4xx_hal_dma.c **** 
 242:Drivers/STM32F4xx_HAL_Driver/Src/stm32f4xx_hal_dma.c ****   /* the Memory burst and peripheral burst are not used when the FIFO is disabled */
 243:Drivers/STM32F4xx_HAL_Driver/Src/stm32f4xx_hal_dma.c ****   if(hdma->Init.FIFOMode == DMA_FIFOMODE_ENABLE)
 150              		.loc 1 243 3 is_stmt 1 view .LVU61
 151              		.loc 1 243 16 is_stmt 0 view .LVU62
 152 005e 616A     		ldr	r1, [r4, #36]
 153              		.loc 1 243 5 view .LVU63
 154 0060 0429     		cmp	r1, #4
 155 0062 24D0     		beq	.L7
 244:Drivers/STM32F4xx_HAL_Driver/Src/stm32f4xx_hal_dma.c ****   {
 245:Drivers/STM32F4xx_HAL_Driver/Src/stm32f4xx_hal_dma.c ****     /* Get memory burst and peripheral burst */
 246:Drivers/STM32F4xx_HAL_Driver/Src/stm32f4xx_hal_dma.c ****     tmp |=  hdma->Init.MemBurst | hdma->Init.PeriphBurst;
 247:Drivers/STM32F4xx_HAL_Driver/Src/stm32f4xx_hal_dma.c ****   }
 248:Drivers/STM32F4xx_HAL_Driver/Src/stm32f4xx_hal_dma.c ****   
 249:Drivers/STM32F4xx_HAL_Driver/Src/stm32f4xx_hal_dma.c ****   /* Write to DMA Stream CR register */
 250:Drivers/STM32F4xx_HAL_Driver/Src/stm32f4xx_hal_dma.c ****   hdma->Instance->CR = tmp;  
 156              		.loc 1 250 3 is_stmt 1 view .LVU64
 157              		.loc 1 250 22 is_stmt 0 view .LVU65
 158 0064 1A60     		str	r2, [r3]
 251:Drivers/STM32F4xx_HAL_Driver/Src/stm32f4xx_hal_dma.c **** 
 252:Drivers/STM32F4xx_HAL_Driver/Src/stm32f4xx_hal_dma.c ****   /* Get the FCR register value */
 253:Drivers/STM32F4xx_HAL_Driver/Src/stm32f4xx_hal_dma.c ****   tmp = hdma->Instance->FCR;
 159              		.loc 1 253 3 is_stmt 1 view .LVU66
 160              		.loc 1 253 7 is_stmt 0 view .LVU67
 161 0066 5A69     		ldr	r2, [r3, #20]
 162              	.LVL8:
 254:Drivers/STM32F4xx_HAL_Driver/Src/stm32f4xx_hal_dma.c **** 
 255:Drivers/STM32F4xx_HAL_Driver/Src/stm32f4xx_hal_dma.c ****   /* Clear Direct mode and FIFO threshold bits */
 256:Drivers/STM32F4xx_HAL_Driver/Src/stm32f4xx_hal_dma.c ****   tmp &= (uint32_t)~(DMA_SxFCR_DMDIS | DMA_SxFCR_FTH);
 163              		.loc 1 256 3 is_stmt 1 view .LVU68
 164              		.loc 1 256 7 is_stmt 0 view .LVU69
 165 0068 22F00702 		bic	r2, r2, #7
 166              	.LVL9:
 257:Drivers/STM32F4xx_HAL_Driver/Src/stm32f4xx_hal_dma.c **** 
ARM GAS  C:\Users\joshr\AppData\Local\Temp\cc709mTA.s 			page 9


 258:Drivers/STM32F4xx_HAL_Driver/Src/stm32f4xx_hal_dma.c ****   /* Prepare the DMA Stream FIFO configuration */
 259:Drivers/STM32F4xx_HAL_Driver/Src/stm32f4xx_hal_dma.c ****   tmp |= hdma->Init.FIFOMode;
 167              		.loc 1 259 3 is_stmt 1 view .LVU70
 168              		.loc 1 259 7 is_stmt 0 view .LVU71
 169 006c 1143     		orrs	r1, r1, r2
 170              	.LVL10:
 260:Drivers/STM32F4xx_HAL_Driver/Src/stm32f4xx_hal_dma.c **** 
 261:Drivers/STM32F4xx_HAL_Driver/Src/stm32f4xx_hal_dma.c ****   /* The FIFO threshold is not used when the FIFO mode is disabled */
 262:Drivers/STM32F4xx_HAL_Driver/Src/stm32f4xx_hal_dma.c ****   if(hdma->Init.FIFOMode == DMA_FIFOMODE_ENABLE)
 171              		.loc 1 262 3 is_stmt 1 view .LVU72
 172              	.L8:
 263:Drivers/STM32F4xx_HAL_Driver/Src/stm32f4xx_hal_dma.c ****   {
 264:Drivers/STM32F4xx_HAL_Driver/Src/stm32f4xx_hal_dma.c ****     /* Get the FIFO threshold */
 265:Drivers/STM32F4xx_HAL_Driver/Src/stm32f4xx_hal_dma.c ****     tmp |= hdma->Init.FIFOThreshold;
 266:Drivers/STM32F4xx_HAL_Driver/Src/stm32f4xx_hal_dma.c ****     
 267:Drivers/STM32F4xx_HAL_Driver/Src/stm32f4xx_hal_dma.c ****     /* Check compatibility between FIFO threshold level and size of the memory burst */
 268:Drivers/STM32F4xx_HAL_Driver/Src/stm32f4xx_hal_dma.c ****     /* for INCR4, INCR8, INCR16 bursts */
 269:Drivers/STM32F4xx_HAL_Driver/Src/stm32f4xx_hal_dma.c ****     if (hdma->Init.MemBurst != DMA_MBURST_SINGLE)
 270:Drivers/STM32F4xx_HAL_Driver/Src/stm32f4xx_hal_dma.c ****     {
 271:Drivers/STM32F4xx_HAL_Driver/Src/stm32f4xx_hal_dma.c ****       if (DMA_CheckFifoParam(hdma) != HAL_OK)
 272:Drivers/STM32F4xx_HAL_Driver/Src/stm32f4xx_hal_dma.c ****       {
 273:Drivers/STM32F4xx_HAL_Driver/Src/stm32f4xx_hal_dma.c ****         /* Update error code */
 274:Drivers/STM32F4xx_HAL_Driver/Src/stm32f4xx_hal_dma.c ****         hdma->ErrorCode = HAL_DMA_ERROR_PARAM;
 275:Drivers/STM32F4xx_HAL_Driver/Src/stm32f4xx_hal_dma.c ****         
 276:Drivers/STM32F4xx_HAL_Driver/Src/stm32f4xx_hal_dma.c ****         /* Change the DMA state */
 277:Drivers/STM32F4xx_HAL_Driver/Src/stm32f4xx_hal_dma.c ****         hdma->State = HAL_DMA_STATE_READY;
 278:Drivers/STM32F4xx_HAL_Driver/Src/stm32f4xx_hal_dma.c ****         
 279:Drivers/STM32F4xx_HAL_Driver/Src/stm32f4xx_hal_dma.c ****         return HAL_ERROR; 
 280:Drivers/STM32F4xx_HAL_Driver/Src/stm32f4xx_hal_dma.c ****       }
 281:Drivers/STM32F4xx_HAL_Driver/Src/stm32f4xx_hal_dma.c ****     }
 282:Drivers/STM32F4xx_HAL_Driver/Src/stm32f4xx_hal_dma.c ****   }
 283:Drivers/STM32F4xx_HAL_Driver/Src/stm32f4xx_hal_dma.c ****   
 284:Drivers/STM32F4xx_HAL_Driver/Src/stm32f4xx_hal_dma.c ****   /* Write to DMA Stream FCR */
 285:Drivers/STM32F4xx_HAL_Driver/Src/stm32f4xx_hal_dma.c ****   hdma->Instance->FCR = tmp;
 173              		.loc 1 285 3 view .LVU73
 174              	.LBB14:
 175              	.LBB15:
 286:Drivers/STM32F4xx_HAL_Driver/Src/stm32f4xx_hal_dma.c **** 
 287:Drivers/STM32F4xx_HAL_Driver/Src/stm32f4xx_hal_dma.c ****   /* Initialize StreamBaseAddress and StreamIndex parameters to be used to calculate
 288:Drivers/STM32F4xx_HAL_Driver/Src/stm32f4xx_hal_dma.c ****      DMA steam Base Address needed by HAL_DMA_IRQHandler() and HAL_DMA_PollForTransfer() */
 289:Drivers/STM32F4xx_HAL_Driver/Src/stm32f4xx_hal_dma.c ****   regs = (DMA_Base_Registers *)DMA_CalcBaseAndBitshift(hdma);
 290:Drivers/STM32F4xx_HAL_Driver/Src/stm32f4xx_hal_dma.c ****   
 291:Drivers/STM32F4xx_HAL_Driver/Src/stm32f4xx_hal_dma.c ****   /* Clear all interrupt flags */
 292:Drivers/STM32F4xx_HAL_Driver/Src/stm32f4xx_hal_dma.c ****   regs->IFCR = 0x3FU << hdma->StreamIndex;
 293:Drivers/STM32F4xx_HAL_Driver/Src/stm32f4xx_hal_dma.c **** 
 294:Drivers/STM32F4xx_HAL_Driver/Src/stm32f4xx_hal_dma.c ****   /* Initialize the error code */
 295:Drivers/STM32F4xx_HAL_Driver/Src/stm32f4xx_hal_dma.c ****   hdma->ErrorCode = HAL_DMA_ERROR_NONE;
 296:Drivers/STM32F4xx_HAL_Driver/Src/stm32f4xx_hal_dma.c ****                                                                                      
 297:Drivers/STM32F4xx_HAL_Driver/Src/stm32f4xx_hal_dma.c ****   /* Initialize the DMA state */
 298:Drivers/STM32F4xx_HAL_Driver/Src/stm32f4xx_hal_dma.c ****   hdma->State = HAL_DMA_STATE_READY;
 299:Drivers/STM32F4xx_HAL_Driver/Src/stm32f4xx_hal_dma.c **** 
 300:Drivers/STM32F4xx_HAL_Driver/Src/stm32f4xx_hal_dma.c ****   return HAL_OK;
 301:Drivers/STM32F4xx_HAL_Driver/Src/stm32f4xx_hal_dma.c **** }
 302:Drivers/STM32F4xx_HAL_Driver/Src/stm32f4xx_hal_dma.c **** 
 303:Drivers/STM32F4xx_HAL_Driver/Src/stm32f4xx_hal_dma.c **** /**
 304:Drivers/STM32F4xx_HAL_Driver/Src/stm32f4xx_hal_dma.c ****   * @brief  DeInitializes the DMA peripheral 
 305:Drivers/STM32F4xx_HAL_Driver/Src/stm32f4xx_hal_dma.c ****   * @param  hdma pointer to a DMA_HandleTypeDef structure that contains
ARM GAS  C:\Users\joshr\AppData\Local\Temp\cc709mTA.s 			page 10


 306:Drivers/STM32F4xx_HAL_Driver/Src/stm32f4xx_hal_dma.c ****   *               the configuration information for the specified DMA Stream.  
 307:Drivers/STM32F4xx_HAL_Driver/Src/stm32f4xx_hal_dma.c ****   * @retval HAL status
 308:Drivers/STM32F4xx_HAL_Driver/Src/stm32f4xx_hal_dma.c ****   */
 309:Drivers/STM32F4xx_HAL_Driver/Src/stm32f4xx_hal_dma.c **** HAL_StatusTypeDef HAL_DMA_DeInit(DMA_HandleTypeDef *hdma)
 310:Drivers/STM32F4xx_HAL_Driver/Src/stm32f4xx_hal_dma.c **** {
 311:Drivers/STM32F4xx_HAL_Driver/Src/stm32f4xx_hal_dma.c ****   DMA_Base_Registers *regs;
 312:Drivers/STM32F4xx_HAL_Driver/Src/stm32f4xx_hal_dma.c **** 
 313:Drivers/STM32F4xx_HAL_Driver/Src/stm32f4xx_hal_dma.c ****   /* Check the DMA peripheral state */
 314:Drivers/STM32F4xx_HAL_Driver/Src/stm32f4xx_hal_dma.c ****   if(hdma == NULL)
 315:Drivers/STM32F4xx_HAL_Driver/Src/stm32f4xx_hal_dma.c ****   {
 316:Drivers/STM32F4xx_HAL_Driver/Src/stm32f4xx_hal_dma.c ****     return HAL_ERROR;
 317:Drivers/STM32F4xx_HAL_Driver/Src/stm32f4xx_hal_dma.c ****   }
 318:Drivers/STM32F4xx_HAL_Driver/Src/stm32f4xx_hal_dma.c ****   
 319:Drivers/STM32F4xx_HAL_Driver/Src/stm32f4xx_hal_dma.c ****   /* Check the DMA peripheral state */
 320:Drivers/STM32F4xx_HAL_Driver/Src/stm32f4xx_hal_dma.c ****   if(hdma->State == HAL_DMA_STATE_BUSY)
 321:Drivers/STM32F4xx_HAL_Driver/Src/stm32f4xx_hal_dma.c ****   {
 322:Drivers/STM32F4xx_HAL_Driver/Src/stm32f4xx_hal_dma.c ****     /* Return error status */
 323:Drivers/STM32F4xx_HAL_Driver/Src/stm32f4xx_hal_dma.c ****     return HAL_BUSY;
 324:Drivers/STM32F4xx_HAL_Driver/Src/stm32f4xx_hal_dma.c ****   }
 325:Drivers/STM32F4xx_HAL_Driver/Src/stm32f4xx_hal_dma.c **** 
 326:Drivers/STM32F4xx_HAL_Driver/Src/stm32f4xx_hal_dma.c ****   /* Check the parameters */
 327:Drivers/STM32F4xx_HAL_Driver/Src/stm32f4xx_hal_dma.c ****   assert_param(IS_DMA_STREAM_ALL_INSTANCE(hdma->Instance));
 328:Drivers/STM32F4xx_HAL_Driver/Src/stm32f4xx_hal_dma.c **** 
 329:Drivers/STM32F4xx_HAL_Driver/Src/stm32f4xx_hal_dma.c ****   /* Disable the selected DMA Streamx */
 330:Drivers/STM32F4xx_HAL_Driver/Src/stm32f4xx_hal_dma.c ****   __HAL_DMA_DISABLE(hdma);
 331:Drivers/STM32F4xx_HAL_Driver/Src/stm32f4xx_hal_dma.c **** 
 332:Drivers/STM32F4xx_HAL_Driver/Src/stm32f4xx_hal_dma.c ****   /* Reset DMA Streamx control register */
 333:Drivers/STM32F4xx_HAL_Driver/Src/stm32f4xx_hal_dma.c ****   hdma->Instance->CR   = 0U;
 334:Drivers/STM32F4xx_HAL_Driver/Src/stm32f4xx_hal_dma.c **** 
 335:Drivers/STM32F4xx_HAL_Driver/Src/stm32f4xx_hal_dma.c ****   /* Reset DMA Streamx number of data to transfer register */
 336:Drivers/STM32F4xx_HAL_Driver/Src/stm32f4xx_hal_dma.c ****   hdma->Instance->NDTR = 0U;
 337:Drivers/STM32F4xx_HAL_Driver/Src/stm32f4xx_hal_dma.c **** 
 338:Drivers/STM32F4xx_HAL_Driver/Src/stm32f4xx_hal_dma.c ****   /* Reset DMA Streamx peripheral address register */
 339:Drivers/STM32F4xx_HAL_Driver/Src/stm32f4xx_hal_dma.c ****   hdma->Instance->PAR  = 0U;
 340:Drivers/STM32F4xx_HAL_Driver/Src/stm32f4xx_hal_dma.c **** 
 341:Drivers/STM32F4xx_HAL_Driver/Src/stm32f4xx_hal_dma.c ****   /* Reset DMA Streamx memory 0 address register */
 342:Drivers/STM32F4xx_HAL_Driver/Src/stm32f4xx_hal_dma.c ****   hdma->Instance->M0AR = 0U;
 343:Drivers/STM32F4xx_HAL_Driver/Src/stm32f4xx_hal_dma.c ****   
 344:Drivers/STM32F4xx_HAL_Driver/Src/stm32f4xx_hal_dma.c ****   /* Reset DMA Streamx memory 1 address register */
 345:Drivers/STM32F4xx_HAL_Driver/Src/stm32f4xx_hal_dma.c ****   hdma->Instance->M1AR = 0U;
 346:Drivers/STM32F4xx_HAL_Driver/Src/stm32f4xx_hal_dma.c ****   
 347:Drivers/STM32F4xx_HAL_Driver/Src/stm32f4xx_hal_dma.c ****   /* Reset DMA Streamx FIFO control register */
 348:Drivers/STM32F4xx_HAL_Driver/Src/stm32f4xx_hal_dma.c ****   hdma->Instance->FCR  = 0x00000021U;
 349:Drivers/STM32F4xx_HAL_Driver/Src/stm32f4xx_hal_dma.c ****   
 350:Drivers/STM32F4xx_HAL_Driver/Src/stm32f4xx_hal_dma.c ****   /* Get DMA steam Base Address */  
 351:Drivers/STM32F4xx_HAL_Driver/Src/stm32f4xx_hal_dma.c ****   regs = (DMA_Base_Registers *)DMA_CalcBaseAndBitshift(hdma);
 352:Drivers/STM32F4xx_HAL_Driver/Src/stm32f4xx_hal_dma.c ****   
 353:Drivers/STM32F4xx_HAL_Driver/Src/stm32f4xx_hal_dma.c ****   /* Clean all callbacks */
 354:Drivers/STM32F4xx_HAL_Driver/Src/stm32f4xx_hal_dma.c ****   hdma->XferCpltCallback = NULL;
 355:Drivers/STM32F4xx_HAL_Driver/Src/stm32f4xx_hal_dma.c ****   hdma->XferHalfCpltCallback = NULL;
 356:Drivers/STM32F4xx_HAL_Driver/Src/stm32f4xx_hal_dma.c ****   hdma->XferM1CpltCallback = NULL;
 357:Drivers/STM32F4xx_HAL_Driver/Src/stm32f4xx_hal_dma.c ****   hdma->XferM1HalfCpltCallback = NULL;
 358:Drivers/STM32F4xx_HAL_Driver/Src/stm32f4xx_hal_dma.c ****   hdma->XferErrorCallback = NULL;
 359:Drivers/STM32F4xx_HAL_Driver/Src/stm32f4xx_hal_dma.c ****   hdma->XferAbortCallback = NULL;
 360:Drivers/STM32F4xx_HAL_Driver/Src/stm32f4xx_hal_dma.c **** 
 361:Drivers/STM32F4xx_HAL_Driver/Src/stm32f4xx_hal_dma.c ****   /* Clear all interrupt flags at correct offset within the register */
 362:Drivers/STM32F4xx_HAL_Driver/Src/stm32f4xx_hal_dma.c ****   regs->IFCR = 0x3FU << hdma->StreamIndex;
ARM GAS  C:\Users\joshr\AppData\Local\Temp\cc709mTA.s 			page 11


 363:Drivers/STM32F4xx_HAL_Driver/Src/stm32f4xx_hal_dma.c **** 
 364:Drivers/STM32F4xx_HAL_Driver/Src/stm32f4xx_hal_dma.c ****   /* Reset the error code */
 365:Drivers/STM32F4xx_HAL_Driver/Src/stm32f4xx_hal_dma.c ****   hdma->ErrorCode = HAL_DMA_ERROR_NONE;
 366:Drivers/STM32F4xx_HAL_Driver/Src/stm32f4xx_hal_dma.c **** 
 367:Drivers/STM32F4xx_HAL_Driver/Src/stm32f4xx_hal_dma.c ****   /* Reset the DMA state */
 368:Drivers/STM32F4xx_HAL_Driver/Src/stm32f4xx_hal_dma.c ****   hdma->State = HAL_DMA_STATE_RESET;
 369:Drivers/STM32F4xx_HAL_Driver/Src/stm32f4xx_hal_dma.c **** 
 370:Drivers/STM32F4xx_HAL_Driver/Src/stm32f4xx_hal_dma.c ****   /* Release Lock */
 371:Drivers/STM32F4xx_HAL_Driver/Src/stm32f4xx_hal_dma.c ****   __HAL_UNLOCK(hdma);
 372:Drivers/STM32F4xx_HAL_Driver/Src/stm32f4xx_hal_dma.c **** 
 373:Drivers/STM32F4xx_HAL_Driver/Src/stm32f4xx_hal_dma.c ****   return HAL_OK;
 374:Drivers/STM32F4xx_HAL_Driver/Src/stm32f4xx_hal_dma.c **** }
 375:Drivers/STM32F4xx_HAL_Driver/Src/stm32f4xx_hal_dma.c **** 
 376:Drivers/STM32F4xx_HAL_Driver/Src/stm32f4xx_hal_dma.c **** /**
 377:Drivers/STM32F4xx_HAL_Driver/Src/stm32f4xx_hal_dma.c ****   * @}
 378:Drivers/STM32F4xx_HAL_Driver/Src/stm32f4xx_hal_dma.c ****   */
 379:Drivers/STM32F4xx_HAL_Driver/Src/stm32f4xx_hal_dma.c **** 
 380:Drivers/STM32F4xx_HAL_Driver/Src/stm32f4xx_hal_dma.c **** /** @addtogroup DMA_Exported_Functions_Group2
 381:Drivers/STM32F4xx_HAL_Driver/Src/stm32f4xx_hal_dma.c ****   *
 382:Drivers/STM32F4xx_HAL_Driver/Src/stm32f4xx_hal_dma.c **** @verbatim   
 383:Drivers/STM32F4xx_HAL_Driver/Src/stm32f4xx_hal_dma.c ****  ===============================================================================
 384:Drivers/STM32F4xx_HAL_Driver/Src/stm32f4xx_hal_dma.c ****                       #####  IO operation functions  #####
 385:Drivers/STM32F4xx_HAL_Driver/Src/stm32f4xx_hal_dma.c ****  ===============================================================================
 386:Drivers/STM32F4xx_HAL_Driver/Src/stm32f4xx_hal_dma.c ****     [..]  This section provides functions allowing to:
 387:Drivers/STM32F4xx_HAL_Driver/Src/stm32f4xx_hal_dma.c ****       (+) Configure the source, destination address and data length and Start DMA transfer
 388:Drivers/STM32F4xx_HAL_Driver/Src/stm32f4xx_hal_dma.c ****       (+) Configure the source, destination address and data length and 
 389:Drivers/STM32F4xx_HAL_Driver/Src/stm32f4xx_hal_dma.c ****           Start DMA transfer with interrupt
 390:Drivers/STM32F4xx_HAL_Driver/Src/stm32f4xx_hal_dma.c ****       (+) Abort DMA transfer
 391:Drivers/STM32F4xx_HAL_Driver/Src/stm32f4xx_hal_dma.c ****       (+) Poll for transfer complete
 392:Drivers/STM32F4xx_HAL_Driver/Src/stm32f4xx_hal_dma.c ****       (+) Handle DMA interrupt request  
 393:Drivers/STM32F4xx_HAL_Driver/Src/stm32f4xx_hal_dma.c **** 
 394:Drivers/STM32F4xx_HAL_Driver/Src/stm32f4xx_hal_dma.c **** @endverbatim
 395:Drivers/STM32F4xx_HAL_Driver/Src/stm32f4xx_hal_dma.c ****   * @{
 396:Drivers/STM32F4xx_HAL_Driver/Src/stm32f4xx_hal_dma.c ****   */
 397:Drivers/STM32F4xx_HAL_Driver/Src/stm32f4xx_hal_dma.c **** 
 398:Drivers/STM32F4xx_HAL_Driver/Src/stm32f4xx_hal_dma.c **** /**
 399:Drivers/STM32F4xx_HAL_Driver/Src/stm32f4xx_hal_dma.c ****   * @brief  Starts the DMA Transfer.
 400:Drivers/STM32F4xx_HAL_Driver/Src/stm32f4xx_hal_dma.c ****   * @param  hdma       pointer to a DMA_HandleTypeDef structure that contains
 401:Drivers/STM32F4xx_HAL_Driver/Src/stm32f4xx_hal_dma.c ****   *                     the configuration information for the specified DMA Stream.
 402:Drivers/STM32F4xx_HAL_Driver/Src/stm32f4xx_hal_dma.c ****   * @param  SrcAddress The source memory Buffer address
 403:Drivers/STM32F4xx_HAL_Driver/Src/stm32f4xx_hal_dma.c ****   * @param  DstAddress The destination memory Buffer address
 404:Drivers/STM32F4xx_HAL_Driver/Src/stm32f4xx_hal_dma.c ****   * @param  DataLength The length of data to be transferred from source to destination
 405:Drivers/STM32F4xx_HAL_Driver/Src/stm32f4xx_hal_dma.c ****   * @retval HAL status
 406:Drivers/STM32F4xx_HAL_Driver/Src/stm32f4xx_hal_dma.c ****   */
 407:Drivers/STM32F4xx_HAL_Driver/Src/stm32f4xx_hal_dma.c **** HAL_StatusTypeDef HAL_DMA_Start(DMA_HandleTypeDef *hdma, uint32_t SrcAddress, uint32_t DstAddress, 
 408:Drivers/STM32F4xx_HAL_Driver/Src/stm32f4xx_hal_dma.c **** {
 409:Drivers/STM32F4xx_HAL_Driver/Src/stm32f4xx_hal_dma.c ****   HAL_StatusTypeDef status = HAL_OK;
 410:Drivers/STM32F4xx_HAL_Driver/Src/stm32f4xx_hal_dma.c ****   
 411:Drivers/STM32F4xx_HAL_Driver/Src/stm32f4xx_hal_dma.c ****   /* Check the parameters */
 412:Drivers/STM32F4xx_HAL_Driver/Src/stm32f4xx_hal_dma.c ****   assert_param(IS_DMA_BUFFER_SIZE(DataLength));
 413:Drivers/STM32F4xx_HAL_Driver/Src/stm32f4xx_hal_dma.c **** 
 414:Drivers/STM32F4xx_HAL_Driver/Src/stm32f4xx_hal_dma.c ****   /* Process locked */
 415:Drivers/STM32F4xx_HAL_Driver/Src/stm32f4xx_hal_dma.c ****   __HAL_LOCK(hdma);
 416:Drivers/STM32F4xx_HAL_Driver/Src/stm32f4xx_hal_dma.c **** 
 417:Drivers/STM32F4xx_HAL_Driver/Src/stm32f4xx_hal_dma.c ****   if(HAL_DMA_STATE_READY == hdma->State)
 418:Drivers/STM32F4xx_HAL_Driver/Src/stm32f4xx_hal_dma.c ****   {
 419:Drivers/STM32F4xx_HAL_Driver/Src/stm32f4xx_hal_dma.c ****     /* Change DMA peripheral state */
ARM GAS  C:\Users\joshr\AppData\Local\Temp\cc709mTA.s 			page 12


 420:Drivers/STM32F4xx_HAL_Driver/Src/stm32f4xx_hal_dma.c ****     hdma->State = HAL_DMA_STATE_BUSY;
 421:Drivers/STM32F4xx_HAL_Driver/Src/stm32f4xx_hal_dma.c ****     
 422:Drivers/STM32F4xx_HAL_Driver/Src/stm32f4xx_hal_dma.c ****     /* Initialize the error code */
 423:Drivers/STM32F4xx_HAL_Driver/Src/stm32f4xx_hal_dma.c ****     hdma->ErrorCode = HAL_DMA_ERROR_NONE;
 424:Drivers/STM32F4xx_HAL_Driver/Src/stm32f4xx_hal_dma.c ****     
 425:Drivers/STM32F4xx_HAL_Driver/Src/stm32f4xx_hal_dma.c ****     /* Configure the source, destination address and the data length */
 426:Drivers/STM32F4xx_HAL_Driver/Src/stm32f4xx_hal_dma.c ****     DMA_SetConfig(hdma, SrcAddress, DstAddress, DataLength);
 427:Drivers/STM32F4xx_HAL_Driver/Src/stm32f4xx_hal_dma.c **** 
 428:Drivers/STM32F4xx_HAL_Driver/Src/stm32f4xx_hal_dma.c ****     /* Enable the Peripheral */
 429:Drivers/STM32F4xx_HAL_Driver/Src/stm32f4xx_hal_dma.c ****     __HAL_DMA_ENABLE(hdma);
 430:Drivers/STM32F4xx_HAL_Driver/Src/stm32f4xx_hal_dma.c ****   }
 431:Drivers/STM32F4xx_HAL_Driver/Src/stm32f4xx_hal_dma.c ****   else
 432:Drivers/STM32F4xx_HAL_Driver/Src/stm32f4xx_hal_dma.c ****   {
 433:Drivers/STM32F4xx_HAL_Driver/Src/stm32f4xx_hal_dma.c ****     /* Process unlocked */
 434:Drivers/STM32F4xx_HAL_Driver/Src/stm32f4xx_hal_dma.c ****     __HAL_UNLOCK(hdma);
 435:Drivers/STM32F4xx_HAL_Driver/Src/stm32f4xx_hal_dma.c ****     
 436:Drivers/STM32F4xx_HAL_Driver/Src/stm32f4xx_hal_dma.c ****     /* Return error status */
 437:Drivers/STM32F4xx_HAL_Driver/Src/stm32f4xx_hal_dma.c ****     status = HAL_BUSY;
 438:Drivers/STM32F4xx_HAL_Driver/Src/stm32f4xx_hal_dma.c ****   } 
 439:Drivers/STM32F4xx_HAL_Driver/Src/stm32f4xx_hal_dma.c ****   return status; 
 440:Drivers/STM32F4xx_HAL_Driver/Src/stm32f4xx_hal_dma.c **** }
 441:Drivers/STM32F4xx_HAL_Driver/Src/stm32f4xx_hal_dma.c **** 
 442:Drivers/STM32F4xx_HAL_Driver/Src/stm32f4xx_hal_dma.c **** /**
 443:Drivers/STM32F4xx_HAL_Driver/Src/stm32f4xx_hal_dma.c ****   * @brief  Start the DMA Transfer with interrupt enabled.
 444:Drivers/STM32F4xx_HAL_Driver/Src/stm32f4xx_hal_dma.c ****   * @param  hdma       pointer to a DMA_HandleTypeDef structure that contains
 445:Drivers/STM32F4xx_HAL_Driver/Src/stm32f4xx_hal_dma.c ****   *                     the configuration information for the specified DMA Stream.  
 446:Drivers/STM32F4xx_HAL_Driver/Src/stm32f4xx_hal_dma.c ****   * @param  SrcAddress The source memory Buffer address
 447:Drivers/STM32F4xx_HAL_Driver/Src/stm32f4xx_hal_dma.c ****   * @param  DstAddress The destination memory Buffer address
 448:Drivers/STM32F4xx_HAL_Driver/Src/stm32f4xx_hal_dma.c ****   * @param  DataLength The length of data to be transferred from source to destination
 449:Drivers/STM32F4xx_HAL_Driver/Src/stm32f4xx_hal_dma.c ****   * @retval HAL status
 450:Drivers/STM32F4xx_HAL_Driver/Src/stm32f4xx_hal_dma.c ****   */
 451:Drivers/STM32F4xx_HAL_Driver/Src/stm32f4xx_hal_dma.c **** HAL_StatusTypeDef HAL_DMA_Start_IT(DMA_HandleTypeDef *hdma, uint32_t SrcAddress, uint32_t DstAddres
 452:Drivers/STM32F4xx_HAL_Driver/Src/stm32f4xx_hal_dma.c **** {
 453:Drivers/STM32F4xx_HAL_Driver/Src/stm32f4xx_hal_dma.c ****   HAL_StatusTypeDef status = HAL_OK;
 454:Drivers/STM32F4xx_HAL_Driver/Src/stm32f4xx_hal_dma.c **** 
 455:Drivers/STM32F4xx_HAL_Driver/Src/stm32f4xx_hal_dma.c ****   /* calculate DMA base and stream number */
 456:Drivers/STM32F4xx_HAL_Driver/Src/stm32f4xx_hal_dma.c ****   DMA_Base_Registers *regs = (DMA_Base_Registers *)hdma->StreamBaseAddress;
 457:Drivers/STM32F4xx_HAL_Driver/Src/stm32f4xx_hal_dma.c ****   
 458:Drivers/STM32F4xx_HAL_Driver/Src/stm32f4xx_hal_dma.c ****   /* Check the parameters */
 459:Drivers/STM32F4xx_HAL_Driver/Src/stm32f4xx_hal_dma.c ****   assert_param(IS_DMA_BUFFER_SIZE(DataLength));
 460:Drivers/STM32F4xx_HAL_Driver/Src/stm32f4xx_hal_dma.c ****  
 461:Drivers/STM32F4xx_HAL_Driver/Src/stm32f4xx_hal_dma.c ****   /* Process locked */
 462:Drivers/STM32F4xx_HAL_Driver/Src/stm32f4xx_hal_dma.c ****   __HAL_LOCK(hdma);
 463:Drivers/STM32F4xx_HAL_Driver/Src/stm32f4xx_hal_dma.c ****   
 464:Drivers/STM32F4xx_HAL_Driver/Src/stm32f4xx_hal_dma.c ****   if(HAL_DMA_STATE_READY == hdma->State)
 465:Drivers/STM32F4xx_HAL_Driver/Src/stm32f4xx_hal_dma.c ****   {
 466:Drivers/STM32F4xx_HAL_Driver/Src/stm32f4xx_hal_dma.c ****     /* Change DMA peripheral state */
 467:Drivers/STM32F4xx_HAL_Driver/Src/stm32f4xx_hal_dma.c ****     hdma->State = HAL_DMA_STATE_BUSY;
 468:Drivers/STM32F4xx_HAL_Driver/Src/stm32f4xx_hal_dma.c ****     
 469:Drivers/STM32F4xx_HAL_Driver/Src/stm32f4xx_hal_dma.c ****     /* Initialize the error code */
 470:Drivers/STM32F4xx_HAL_Driver/Src/stm32f4xx_hal_dma.c ****     hdma->ErrorCode = HAL_DMA_ERROR_NONE;
 471:Drivers/STM32F4xx_HAL_Driver/Src/stm32f4xx_hal_dma.c ****     
 472:Drivers/STM32F4xx_HAL_Driver/Src/stm32f4xx_hal_dma.c ****     /* Configure the source, destination address and the data length */
 473:Drivers/STM32F4xx_HAL_Driver/Src/stm32f4xx_hal_dma.c ****     DMA_SetConfig(hdma, SrcAddress, DstAddress, DataLength);
 474:Drivers/STM32F4xx_HAL_Driver/Src/stm32f4xx_hal_dma.c ****     
 475:Drivers/STM32F4xx_HAL_Driver/Src/stm32f4xx_hal_dma.c ****     /* Clear all interrupt flags at correct offset within the register */
 476:Drivers/STM32F4xx_HAL_Driver/Src/stm32f4xx_hal_dma.c ****     regs->IFCR = 0x3FU << hdma->StreamIndex;
ARM GAS  C:\Users\joshr\AppData\Local\Temp\cc709mTA.s 			page 13


 477:Drivers/STM32F4xx_HAL_Driver/Src/stm32f4xx_hal_dma.c ****     
 478:Drivers/STM32F4xx_HAL_Driver/Src/stm32f4xx_hal_dma.c ****     /* Enable Common interrupts*/
 479:Drivers/STM32F4xx_HAL_Driver/Src/stm32f4xx_hal_dma.c ****     hdma->Instance->CR  |= DMA_IT_TC | DMA_IT_TE | DMA_IT_DME;
 480:Drivers/STM32F4xx_HAL_Driver/Src/stm32f4xx_hal_dma.c ****     
 481:Drivers/STM32F4xx_HAL_Driver/Src/stm32f4xx_hal_dma.c ****     if(hdma->XferHalfCpltCallback != NULL)
 482:Drivers/STM32F4xx_HAL_Driver/Src/stm32f4xx_hal_dma.c ****     {
 483:Drivers/STM32F4xx_HAL_Driver/Src/stm32f4xx_hal_dma.c ****       hdma->Instance->CR  |= DMA_IT_HT;
 484:Drivers/STM32F4xx_HAL_Driver/Src/stm32f4xx_hal_dma.c ****     }
 485:Drivers/STM32F4xx_HAL_Driver/Src/stm32f4xx_hal_dma.c ****     
 486:Drivers/STM32F4xx_HAL_Driver/Src/stm32f4xx_hal_dma.c ****     /* Enable the Peripheral */
 487:Drivers/STM32F4xx_HAL_Driver/Src/stm32f4xx_hal_dma.c ****     __HAL_DMA_ENABLE(hdma);
 488:Drivers/STM32F4xx_HAL_Driver/Src/stm32f4xx_hal_dma.c ****   }
 489:Drivers/STM32F4xx_HAL_Driver/Src/stm32f4xx_hal_dma.c ****   else
 490:Drivers/STM32F4xx_HAL_Driver/Src/stm32f4xx_hal_dma.c ****   {
 491:Drivers/STM32F4xx_HAL_Driver/Src/stm32f4xx_hal_dma.c ****     /* Process unlocked */
 492:Drivers/STM32F4xx_HAL_Driver/Src/stm32f4xx_hal_dma.c ****     __HAL_UNLOCK(hdma);	  
 493:Drivers/STM32F4xx_HAL_Driver/Src/stm32f4xx_hal_dma.c ****     
 494:Drivers/STM32F4xx_HAL_Driver/Src/stm32f4xx_hal_dma.c ****     /* Return error status */
 495:Drivers/STM32F4xx_HAL_Driver/Src/stm32f4xx_hal_dma.c ****     status = HAL_BUSY;
 496:Drivers/STM32F4xx_HAL_Driver/Src/stm32f4xx_hal_dma.c ****   }
 497:Drivers/STM32F4xx_HAL_Driver/Src/stm32f4xx_hal_dma.c ****   
 498:Drivers/STM32F4xx_HAL_Driver/Src/stm32f4xx_hal_dma.c ****   return status;
 499:Drivers/STM32F4xx_HAL_Driver/Src/stm32f4xx_hal_dma.c **** }
 500:Drivers/STM32F4xx_HAL_Driver/Src/stm32f4xx_hal_dma.c **** 
 501:Drivers/STM32F4xx_HAL_Driver/Src/stm32f4xx_hal_dma.c **** /**
 502:Drivers/STM32F4xx_HAL_Driver/Src/stm32f4xx_hal_dma.c ****   * @brief  Aborts the DMA Transfer.
 503:Drivers/STM32F4xx_HAL_Driver/Src/stm32f4xx_hal_dma.c ****   * @param  hdma   pointer to a DMA_HandleTypeDef structure that contains
 504:Drivers/STM32F4xx_HAL_Driver/Src/stm32f4xx_hal_dma.c ****   *                 the configuration information for the specified DMA Stream.
 505:Drivers/STM32F4xx_HAL_Driver/Src/stm32f4xx_hal_dma.c ****   *                   
 506:Drivers/STM32F4xx_HAL_Driver/Src/stm32f4xx_hal_dma.c ****   * @note  After disabling a DMA Stream, a check for wait until the DMA Stream is 
 507:Drivers/STM32F4xx_HAL_Driver/Src/stm32f4xx_hal_dma.c ****   *        effectively disabled is added. If a Stream is disabled 
 508:Drivers/STM32F4xx_HAL_Driver/Src/stm32f4xx_hal_dma.c ****   *        while a data transfer is ongoing, the current data will be transferred
 509:Drivers/STM32F4xx_HAL_Driver/Src/stm32f4xx_hal_dma.c ****   *        and the Stream will be effectively disabled only after the transfer of
 510:Drivers/STM32F4xx_HAL_Driver/Src/stm32f4xx_hal_dma.c ****   *        this single data is finished.  
 511:Drivers/STM32F4xx_HAL_Driver/Src/stm32f4xx_hal_dma.c ****   * @retval HAL status
 512:Drivers/STM32F4xx_HAL_Driver/Src/stm32f4xx_hal_dma.c ****   */
 513:Drivers/STM32F4xx_HAL_Driver/Src/stm32f4xx_hal_dma.c **** HAL_StatusTypeDef HAL_DMA_Abort(DMA_HandleTypeDef *hdma)
 514:Drivers/STM32F4xx_HAL_Driver/Src/stm32f4xx_hal_dma.c **** {
 515:Drivers/STM32F4xx_HAL_Driver/Src/stm32f4xx_hal_dma.c ****   /* calculate DMA base and stream number */
 516:Drivers/STM32F4xx_HAL_Driver/Src/stm32f4xx_hal_dma.c ****   DMA_Base_Registers *regs = (DMA_Base_Registers *)hdma->StreamBaseAddress;
 517:Drivers/STM32F4xx_HAL_Driver/Src/stm32f4xx_hal_dma.c ****   
 518:Drivers/STM32F4xx_HAL_Driver/Src/stm32f4xx_hal_dma.c ****   uint32_t tickstart = HAL_GetTick();
 519:Drivers/STM32F4xx_HAL_Driver/Src/stm32f4xx_hal_dma.c ****   
 520:Drivers/STM32F4xx_HAL_Driver/Src/stm32f4xx_hal_dma.c ****   if(hdma->State != HAL_DMA_STATE_BUSY)
 521:Drivers/STM32F4xx_HAL_Driver/Src/stm32f4xx_hal_dma.c ****   {
 522:Drivers/STM32F4xx_HAL_Driver/Src/stm32f4xx_hal_dma.c ****     hdma->ErrorCode = HAL_DMA_ERROR_NO_XFER;
 523:Drivers/STM32F4xx_HAL_Driver/Src/stm32f4xx_hal_dma.c ****     
 524:Drivers/STM32F4xx_HAL_Driver/Src/stm32f4xx_hal_dma.c ****     /* Process Unlocked */
 525:Drivers/STM32F4xx_HAL_Driver/Src/stm32f4xx_hal_dma.c ****     __HAL_UNLOCK(hdma);
 526:Drivers/STM32F4xx_HAL_Driver/Src/stm32f4xx_hal_dma.c ****     
 527:Drivers/STM32F4xx_HAL_Driver/Src/stm32f4xx_hal_dma.c ****     return HAL_ERROR;
 528:Drivers/STM32F4xx_HAL_Driver/Src/stm32f4xx_hal_dma.c ****   }
 529:Drivers/STM32F4xx_HAL_Driver/Src/stm32f4xx_hal_dma.c ****   else
 530:Drivers/STM32F4xx_HAL_Driver/Src/stm32f4xx_hal_dma.c ****   {
 531:Drivers/STM32F4xx_HAL_Driver/Src/stm32f4xx_hal_dma.c ****     /* Disable all the transfer interrupts */
 532:Drivers/STM32F4xx_HAL_Driver/Src/stm32f4xx_hal_dma.c ****     hdma->Instance->CR  &= ~(DMA_IT_TC | DMA_IT_TE | DMA_IT_DME);
 533:Drivers/STM32F4xx_HAL_Driver/Src/stm32f4xx_hal_dma.c ****     hdma->Instance->FCR &= ~(DMA_IT_FE);
ARM GAS  C:\Users\joshr\AppData\Local\Temp\cc709mTA.s 			page 14


 534:Drivers/STM32F4xx_HAL_Driver/Src/stm32f4xx_hal_dma.c ****     
 535:Drivers/STM32F4xx_HAL_Driver/Src/stm32f4xx_hal_dma.c ****     if((hdma->XferHalfCpltCallback != NULL) || (hdma->XferM1HalfCpltCallback != NULL))
 536:Drivers/STM32F4xx_HAL_Driver/Src/stm32f4xx_hal_dma.c ****     {
 537:Drivers/STM32F4xx_HAL_Driver/Src/stm32f4xx_hal_dma.c ****       hdma->Instance->CR  &= ~(DMA_IT_HT);
 538:Drivers/STM32F4xx_HAL_Driver/Src/stm32f4xx_hal_dma.c ****     }
 539:Drivers/STM32F4xx_HAL_Driver/Src/stm32f4xx_hal_dma.c ****     
 540:Drivers/STM32F4xx_HAL_Driver/Src/stm32f4xx_hal_dma.c ****     /* Disable the stream */
 541:Drivers/STM32F4xx_HAL_Driver/Src/stm32f4xx_hal_dma.c ****     __HAL_DMA_DISABLE(hdma);
 542:Drivers/STM32F4xx_HAL_Driver/Src/stm32f4xx_hal_dma.c ****     
 543:Drivers/STM32F4xx_HAL_Driver/Src/stm32f4xx_hal_dma.c ****     /* Check if the DMA Stream is effectively disabled */
 544:Drivers/STM32F4xx_HAL_Driver/Src/stm32f4xx_hal_dma.c ****     while((hdma->Instance->CR & DMA_SxCR_EN) != RESET)
 545:Drivers/STM32F4xx_HAL_Driver/Src/stm32f4xx_hal_dma.c ****     {
 546:Drivers/STM32F4xx_HAL_Driver/Src/stm32f4xx_hal_dma.c ****       /* Check for the Timeout */
 547:Drivers/STM32F4xx_HAL_Driver/Src/stm32f4xx_hal_dma.c ****       if((HAL_GetTick() - tickstart ) > HAL_TIMEOUT_DMA_ABORT)
 548:Drivers/STM32F4xx_HAL_Driver/Src/stm32f4xx_hal_dma.c ****       {
 549:Drivers/STM32F4xx_HAL_Driver/Src/stm32f4xx_hal_dma.c ****         /* Update error code */
 550:Drivers/STM32F4xx_HAL_Driver/Src/stm32f4xx_hal_dma.c ****         hdma->ErrorCode = HAL_DMA_ERROR_TIMEOUT;
 551:Drivers/STM32F4xx_HAL_Driver/Src/stm32f4xx_hal_dma.c ****         
 552:Drivers/STM32F4xx_HAL_Driver/Src/stm32f4xx_hal_dma.c ****         /* Change the DMA state */
 553:Drivers/STM32F4xx_HAL_Driver/Src/stm32f4xx_hal_dma.c ****         hdma->State = HAL_DMA_STATE_TIMEOUT;
 554:Drivers/STM32F4xx_HAL_Driver/Src/stm32f4xx_hal_dma.c ****         
 555:Drivers/STM32F4xx_HAL_Driver/Src/stm32f4xx_hal_dma.c ****         /* Process Unlocked */
 556:Drivers/STM32F4xx_HAL_Driver/Src/stm32f4xx_hal_dma.c ****         __HAL_UNLOCK(hdma);
 557:Drivers/STM32F4xx_HAL_Driver/Src/stm32f4xx_hal_dma.c ****         
 558:Drivers/STM32F4xx_HAL_Driver/Src/stm32f4xx_hal_dma.c ****         return HAL_TIMEOUT;
 559:Drivers/STM32F4xx_HAL_Driver/Src/stm32f4xx_hal_dma.c ****       }
 560:Drivers/STM32F4xx_HAL_Driver/Src/stm32f4xx_hal_dma.c ****     }
 561:Drivers/STM32F4xx_HAL_Driver/Src/stm32f4xx_hal_dma.c ****     
 562:Drivers/STM32F4xx_HAL_Driver/Src/stm32f4xx_hal_dma.c ****     /* Clear all interrupt flags at correct offset within the register */
 563:Drivers/STM32F4xx_HAL_Driver/Src/stm32f4xx_hal_dma.c ****     regs->IFCR = 0x3FU << hdma->StreamIndex;
 564:Drivers/STM32F4xx_HAL_Driver/Src/stm32f4xx_hal_dma.c ****     
 565:Drivers/STM32F4xx_HAL_Driver/Src/stm32f4xx_hal_dma.c ****     /* Change the DMA state*/
 566:Drivers/STM32F4xx_HAL_Driver/Src/stm32f4xx_hal_dma.c ****     hdma->State = HAL_DMA_STATE_READY;
 567:Drivers/STM32F4xx_HAL_Driver/Src/stm32f4xx_hal_dma.c ****     
 568:Drivers/STM32F4xx_HAL_Driver/Src/stm32f4xx_hal_dma.c ****     /* Process Unlocked */
 569:Drivers/STM32F4xx_HAL_Driver/Src/stm32f4xx_hal_dma.c ****     __HAL_UNLOCK(hdma);
 570:Drivers/STM32F4xx_HAL_Driver/Src/stm32f4xx_hal_dma.c ****   }
 571:Drivers/STM32F4xx_HAL_Driver/Src/stm32f4xx_hal_dma.c ****   return HAL_OK;
 572:Drivers/STM32F4xx_HAL_Driver/Src/stm32f4xx_hal_dma.c **** }
 573:Drivers/STM32F4xx_HAL_Driver/Src/stm32f4xx_hal_dma.c **** 
 574:Drivers/STM32F4xx_HAL_Driver/Src/stm32f4xx_hal_dma.c **** /**
 575:Drivers/STM32F4xx_HAL_Driver/Src/stm32f4xx_hal_dma.c ****   * @brief  Aborts the DMA Transfer in Interrupt mode.
 576:Drivers/STM32F4xx_HAL_Driver/Src/stm32f4xx_hal_dma.c ****   * @param  hdma   pointer to a DMA_HandleTypeDef structure that contains
 577:Drivers/STM32F4xx_HAL_Driver/Src/stm32f4xx_hal_dma.c ****   *                 the configuration information for the specified DMA Stream.
 578:Drivers/STM32F4xx_HAL_Driver/Src/stm32f4xx_hal_dma.c ****   * @retval HAL status
 579:Drivers/STM32F4xx_HAL_Driver/Src/stm32f4xx_hal_dma.c ****   */
 580:Drivers/STM32F4xx_HAL_Driver/Src/stm32f4xx_hal_dma.c **** HAL_StatusTypeDef HAL_DMA_Abort_IT(DMA_HandleTypeDef *hdma)
 581:Drivers/STM32F4xx_HAL_Driver/Src/stm32f4xx_hal_dma.c **** {
 582:Drivers/STM32F4xx_HAL_Driver/Src/stm32f4xx_hal_dma.c ****   if(hdma->State != HAL_DMA_STATE_BUSY)
 583:Drivers/STM32F4xx_HAL_Driver/Src/stm32f4xx_hal_dma.c ****   {
 584:Drivers/STM32F4xx_HAL_Driver/Src/stm32f4xx_hal_dma.c ****     hdma->ErrorCode = HAL_DMA_ERROR_NO_XFER;
 585:Drivers/STM32F4xx_HAL_Driver/Src/stm32f4xx_hal_dma.c ****     return HAL_ERROR;
 586:Drivers/STM32F4xx_HAL_Driver/Src/stm32f4xx_hal_dma.c ****   }
 587:Drivers/STM32F4xx_HAL_Driver/Src/stm32f4xx_hal_dma.c ****   else
 588:Drivers/STM32F4xx_HAL_Driver/Src/stm32f4xx_hal_dma.c ****   {
 589:Drivers/STM32F4xx_HAL_Driver/Src/stm32f4xx_hal_dma.c ****     /* Set Abort State  */
 590:Drivers/STM32F4xx_HAL_Driver/Src/stm32f4xx_hal_dma.c ****     hdma->State = HAL_DMA_STATE_ABORT;
ARM GAS  C:\Users\joshr\AppData\Local\Temp\cc709mTA.s 			page 15


 591:Drivers/STM32F4xx_HAL_Driver/Src/stm32f4xx_hal_dma.c ****     
 592:Drivers/STM32F4xx_HAL_Driver/Src/stm32f4xx_hal_dma.c ****     /* Disable the stream */
 593:Drivers/STM32F4xx_HAL_Driver/Src/stm32f4xx_hal_dma.c ****     __HAL_DMA_DISABLE(hdma);
 594:Drivers/STM32F4xx_HAL_Driver/Src/stm32f4xx_hal_dma.c ****   }
 595:Drivers/STM32F4xx_HAL_Driver/Src/stm32f4xx_hal_dma.c **** 
 596:Drivers/STM32F4xx_HAL_Driver/Src/stm32f4xx_hal_dma.c ****   return HAL_OK;
 597:Drivers/STM32F4xx_HAL_Driver/Src/stm32f4xx_hal_dma.c **** }
 598:Drivers/STM32F4xx_HAL_Driver/Src/stm32f4xx_hal_dma.c **** 
 599:Drivers/STM32F4xx_HAL_Driver/Src/stm32f4xx_hal_dma.c **** /**
 600:Drivers/STM32F4xx_HAL_Driver/Src/stm32f4xx_hal_dma.c ****   * @brief  Polling for transfer complete.
 601:Drivers/STM32F4xx_HAL_Driver/Src/stm32f4xx_hal_dma.c ****   * @param  hdma          pointer to a DMA_HandleTypeDef structure that contains
 602:Drivers/STM32F4xx_HAL_Driver/Src/stm32f4xx_hal_dma.c ****   *                        the configuration information for the specified DMA Stream.
 603:Drivers/STM32F4xx_HAL_Driver/Src/stm32f4xx_hal_dma.c ****   * @param  CompleteLevel Specifies the DMA level complete.
 604:Drivers/STM32F4xx_HAL_Driver/Src/stm32f4xx_hal_dma.c ****   * @note   The polling mode is kept in this version for legacy. it is recommended to use the IT mo
 605:Drivers/STM32F4xx_HAL_Driver/Src/stm32f4xx_hal_dma.c ****   *         This model could be used for debug purpose.
 606:Drivers/STM32F4xx_HAL_Driver/Src/stm32f4xx_hal_dma.c ****   * @note   The HAL_DMA_PollForTransfer API cannot be used in circular and double buffering mode (a
 607:Drivers/STM32F4xx_HAL_Driver/Src/stm32f4xx_hal_dma.c ****   * @param  Timeout       Timeout duration.
 608:Drivers/STM32F4xx_HAL_Driver/Src/stm32f4xx_hal_dma.c ****   * @retval HAL status
 609:Drivers/STM32F4xx_HAL_Driver/Src/stm32f4xx_hal_dma.c ****   */
 610:Drivers/STM32F4xx_HAL_Driver/Src/stm32f4xx_hal_dma.c **** HAL_StatusTypeDef HAL_DMA_PollForTransfer(DMA_HandleTypeDef *hdma, HAL_DMA_LevelCompleteTypeDef Com
 611:Drivers/STM32F4xx_HAL_Driver/Src/stm32f4xx_hal_dma.c **** {
 612:Drivers/STM32F4xx_HAL_Driver/Src/stm32f4xx_hal_dma.c ****   HAL_StatusTypeDef status = HAL_OK; 
 613:Drivers/STM32F4xx_HAL_Driver/Src/stm32f4xx_hal_dma.c ****   uint32_t mask_cpltlevel;
 614:Drivers/STM32F4xx_HAL_Driver/Src/stm32f4xx_hal_dma.c ****   uint32_t tickstart = HAL_GetTick(); 
 615:Drivers/STM32F4xx_HAL_Driver/Src/stm32f4xx_hal_dma.c ****   uint32_t tmpisr;
 616:Drivers/STM32F4xx_HAL_Driver/Src/stm32f4xx_hal_dma.c ****   
 617:Drivers/STM32F4xx_HAL_Driver/Src/stm32f4xx_hal_dma.c ****   /* calculate DMA base and stream number */
 618:Drivers/STM32F4xx_HAL_Driver/Src/stm32f4xx_hal_dma.c ****   DMA_Base_Registers *regs;
 619:Drivers/STM32F4xx_HAL_Driver/Src/stm32f4xx_hal_dma.c **** 
 620:Drivers/STM32F4xx_HAL_Driver/Src/stm32f4xx_hal_dma.c ****   if(HAL_DMA_STATE_BUSY != hdma->State)
 621:Drivers/STM32F4xx_HAL_Driver/Src/stm32f4xx_hal_dma.c ****   {
 622:Drivers/STM32F4xx_HAL_Driver/Src/stm32f4xx_hal_dma.c ****     /* No transfer ongoing */
 623:Drivers/STM32F4xx_HAL_Driver/Src/stm32f4xx_hal_dma.c ****     hdma->ErrorCode = HAL_DMA_ERROR_NO_XFER;
 624:Drivers/STM32F4xx_HAL_Driver/Src/stm32f4xx_hal_dma.c ****     __HAL_UNLOCK(hdma);
 625:Drivers/STM32F4xx_HAL_Driver/Src/stm32f4xx_hal_dma.c ****     return HAL_ERROR;
 626:Drivers/STM32F4xx_HAL_Driver/Src/stm32f4xx_hal_dma.c ****   }
 627:Drivers/STM32F4xx_HAL_Driver/Src/stm32f4xx_hal_dma.c **** 
 628:Drivers/STM32F4xx_HAL_Driver/Src/stm32f4xx_hal_dma.c ****   /* Polling mode not supported in circular mode and double buffering mode */
 629:Drivers/STM32F4xx_HAL_Driver/Src/stm32f4xx_hal_dma.c ****   if ((hdma->Instance->CR & DMA_SxCR_CIRC) != RESET)
 630:Drivers/STM32F4xx_HAL_Driver/Src/stm32f4xx_hal_dma.c ****   {
 631:Drivers/STM32F4xx_HAL_Driver/Src/stm32f4xx_hal_dma.c ****     hdma->ErrorCode = HAL_DMA_ERROR_NOT_SUPPORTED;
 632:Drivers/STM32F4xx_HAL_Driver/Src/stm32f4xx_hal_dma.c ****     return HAL_ERROR;
 633:Drivers/STM32F4xx_HAL_Driver/Src/stm32f4xx_hal_dma.c ****   }
 634:Drivers/STM32F4xx_HAL_Driver/Src/stm32f4xx_hal_dma.c ****   
 635:Drivers/STM32F4xx_HAL_Driver/Src/stm32f4xx_hal_dma.c ****   /* Get the level transfer complete flag */
 636:Drivers/STM32F4xx_HAL_Driver/Src/stm32f4xx_hal_dma.c ****   if(CompleteLevel == HAL_DMA_FULL_TRANSFER)
 637:Drivers/STM32F4xx_HAL_Driver/Src/stm32f4xx_hal_dma.c ****   {
 638:Drivers/STM32F4xx_HAL_Driver/Src/stm32f4xx_hal_dma.c ****     /* Transfer Complete flag */
 639:Drivers/STM32F4xx_HAL_Driver/Src/stm32f4xx_hal_dma.c ****     mask_cpltlevel = DMA_FLAG_TCIF0_4 << hdma->StreamIndex;
 640:Drivers/STM32F4xx_HAL_Driver/Src/stm32f4xx_hal_dma.c ****   }
 641:Drivers/STM32F4xx_HAL_Driver/Src/stm32f4xx_hal_dma.c ****   else
 642:Drivers/STM32F4xx_HAL_Driver/Src/stm32f4xx_hal_dma.c ****   {
 643:Drivers/STM32F4xx_HAL_Driver/Src/stm32f4xx_hal_dma.c ****     /* Half Transfer Complete flag */
 644:Drivers/STM32F4xx_HAL_Driver/Src/stm32f4xx_hal_dma.c ****     mask_cpltlevel = DMA_FLAG_HTIF0_4 << hdma->StreamIndex;
 645:Drivers/STM32F4xx_HAL_Driver/Src/stm32f4xx_hal_dma.c ****   }
 646:Drivers/STM32F4xx_HAL_Driver/Src/stm32f4xx_hal_dma.c ****   
 647:Drivers/STM32F4xx_HAL_Driver/Src/stm32f4xx_hal_dma.c ****   regs = (DMA_Base_Registers *)hdma->StreamBaseAddress;
ARM GAS  C:\Users\joshr\AppData\Local\Temp\cc709mTA.s 			page 16


 648:Drivers/STM32F4xx_HAL_Driver/Src/stm32f4xx_hal_dma.c ****   tmpisr = regs->ISR;
 649:Drivers/STM32F4xx_HAL_Driver/Src/stm32f4xx_hal_dma.c ****   
 650:Drivers/STM32F4xx_HAL_Driver/Src/stm32f4xx_hal_dma.c ****   while(((tmpisr & mask_cpltlevel) == RESET) && ((hdma->ErrorCode & HAL_DMA_ERROR_TE) == RESET))
 651:Drivers/STM32F4xx_HAL_Driver/Src/stm32f4xx_hal_dma.c ****   {
 652:Drivers/STM32F4xx_HAL_Driver/Src/stm32f4xx_hal_dma.c ****     /* Check for the Timeout (Not applicable in circular mode)*/
 653:Drivers/STM32F4xx_HAL_Driver/Src/stm32f4xx_hal_dma.c ****     if(Timeout != HAL_MAX_DELAY)
 654:Drivers/STM32F4xx_HAL_Driver/Src/stm32f4xx_hal_dma.c ****     {
 655:Drivers/STM32F4xx_HAL_Driver/Src/stm32f4xx_hal_dma.c ****       if((Timeout == 0U)||((HAL_GetTick() - tickstart ) > Timeout))
 656:Drivers/STM32F4xx_HAL_Driver/Src/stm32f4xx_hal_dma.c ****       {
 657:Drivers/STM32F4xx_HAL_Driver/Src/stm32f4xx_hal_dma.c ****         /* Update error code */
 658:Drivers/STM32F4xx_HAL_Driver/Src/stm32f4xx_hal_dma.c ****         hdma->ErrorCode = HAL_DMA_ERROR_TIMEOUT;
 659:Drivers/STM32F4xx_HAL_Driver/Src/stm32f4xx_hal_dma.c ****         
 660:Drivers/STM32F4xx_HAL_Driver/Src/stm32f4xx_hal_dma.c ****         /* Change the DMA state */
 661:Drivers/STM32F4xx_HAL_Driver/Src/stm32f4xx_hal_dma.c ****         hdma->State = HAL_DMA_STATE_READY;
 662:Drivers/STM32F4xx_HAL_Driver/Src/stm32f4xx_hal_dma.c ****         
 663:Drivers/STM32F4xx_HAL_Driver/Src/stm32f4xx_hal_dma.c ****         /* Process Unlocked */
 664:Drivers/STM32F4xx_HAL_Driver/Src/stm32f4xx_hal_dma.c ****         __HAL_UNLOCK(hdma);
 665:Drivers/STM32F4xx_HAL_Driver/Src/stm32f4xx_hal_dma.c ****         
 666:Drivers/STM32F4xx_HAL_Driver/Src/stm32f4xx_hal_dma.c ****         return HAL_TIMEOUT;
 667:Drivers/STM32F4xx_HAL_Driver/Src/stm32f4xx_hal_dma.c ****       }
 668:Drivers/STM32F4xx_HAL_Driver/Src/stm32f4xx_hal_dma.c ****     }
 669:Drivers/STM32F4xx_HAL_Driver/Src/stm32f4xx_hal_dma.c **** 
 670:Drivers/STM32F4xx_HAL_Driver/Src/stm32f4xx_hal_dma.c ****     /* Get the ISR register value */
 671:Drivers/STM32F4xx_HAL_Driver/Src/stm32f4xx_hal_dma.c ****     tmpisr = regs->ISR;
 672:Drivers/STM32F4xx_HAL_Driver/Src/stm32f4xx_hal_dma.c **** 
 673:Drivers/STM32F4xx_HAL_Driver/Src/stm32f4xx_hal_dma.c ****     if((tmpisr & (DMA_FLAG_TEIF0_4 << hdma->StreamIndex)) != RESET)
 674:Drivers/STM32F4xx_HAL_Driver/Src/stm32f4xx_hal_dma.c ****     {
 675:Drivers/STM32F4xx_HAL_Driver/Src/stm32f4xx_hal_dma.c ****       /* Update error code */
 676:Drivers/STM32F4xx_HAL_Driver/Src/stm32f4xx_hal_dma.c ****       hdma->ErrorCode |= HAL_DMA_ERROR_TE;
 677:Drivers/STM32F4xx_HAL_Driver/Src/stm32f4xx_hal_dma.c ****       
 678:Drivers/STM32F4xx_HAL_Driver/Src/stm32f4xx_hal_dma.c ****       /* Clear the transfer error flag */
 679:Drivers/STM32F4xx_HAL_Driver/Src/stm32f4xx_hal_dma.c ****       regs->IFCR = DMA_FLAG_TEIF0_4 << hdma->StreamIndex;
 680:Drivers/STM32F4xx_HAL_Driver/Src/stm32f4xx_hal_dma.c ****     }
 681:Drivers/STM32F4xx_HAL_Driver/Src/stm32f4xx_hal_dma.c ****     
 682:Drivers/STM32F4xx_HAL_Driver/Src/stm32f4xx_hal_dma.c ****     if((tmpisr & (DMA_FLAG_FEIF0_4 << hdma->StreamIndex)) != RESET)
 683:Drivers/STM32F4xx_HAL_Driver/Src/stm32f4xx_hal_dma.c ****     {
 684:Drivers/STM32F4xx_HAL_Driver/Src/stm32f4xx_hal_dma.c ****       /* Update error code */
 685:Drivers/STM32F4xx_HAL_Driver/Src/stm32f4xx_hal_dma.c ****       hdma->ErrorCode |= HAL_DMA_ERROR_FE;
 686:Drivers/STM32F4xx_HAL_Driver/Src/stm32f4xx_hal_dma.c ****       
 687:Drivers/STM32F4xx_HAL_Driver/Src/stm32f4xx_hal_dma.c ****       /* Clear the FIFO error flag */
 688:Drivers/STM32F4xx_HAL_Driver/Src/stm32f4xx_hal_dma.c ****       regs->IFCR = DMA_FLAG_FEIF0_4 << hdma->StreamIndex;
 689:Drivers/STM32F4xx_HAL_Driver/Src/stm32f4xx_hal_dma.c ****     }
 690:Drivers/STM32F4xx_HAL_Driver/Src/stm32f4xx_hal_dma.c ****     
 691:Drivers/STM32F4xx_HAL_Driver/Src/stm32f4xx_hal_dma.c ****     if((tmpisr & (DMA_FLAG_DMEIF0_4 << hdma->StreamIndex)) != RESET)
 692:Drivers/STM32F4xx_HAL_Driver/Src/stm32f4xx_hal_dma.c ****     {
 693:Drivers/STM32F4xx_HAL_Driver/Src/stm32f4xx_hal_dma.c ****       /* Update error code */
 694:Drivers/STM32F4xx_HAL_Driver/Src/stm32f4xx_hal_dma.c ****       hdma->ErrorCode |= HAL_DMA_ERROR_DME;
 695:Drivers/STM32F4xx_HAL_Driver/Src/stm32f4xx_hal_dma.c ****       
 696:Drivers/STM32F4xx_HAL_Driver/Src/stm32f4xx_hal_dma.c ****       /* Clear the Direct Mode error flag */
 697:Drivers/STM32F4xx_HAL_Driver/Src/stm32f4xx_hal_dma.c ****       regs->IFCR = DMA_FLAG_DMEIF0_4 << hdma->StreamIndex;
 698:Drivers/STM32F4xx_HAL_Driver/Src/stm32f4xx_hal_dma.c ****     }
 699:Drivers/STM32F4xx_HAL_Driver/Src/stm32f4xx_hal_dma.c ****   }
 700:Drivers/STM32F4xx_HAL_Driver/Src/stm32f4xx_hal_dma.c ****   
 701:Drivers/STM32F4xx_HAL_Driver/Src/stm32f4xx_hal_dma.c ****   if(hdma->ErrorCode != HAL_DMA_ERROR_NONE)
 702:Drivers/STM32F4xx_HAL_Driver/Src/stm32f4xx_hal_dma.c ****   {
 703:Drivers/STM32F4xx_HAL_Driver/Src/stm32f4xx_hal_dma.c ****     if((hdma->ErrorCode & HAL_DMA_ERROR_TE) != RESET)
 704:Drivers/STM32F4xx_HAL_Driver/Src/stm32f4xx_hal_dma.c ****     {
ARM GAS  C:\Users\joshr\AppData\Local\Temp\cc709mTA.s 			page 17


 705:Drivers/STM32F4xx_HAL_Driver/Src/stm32f4xx_hal_dma.c ****       HAL_DMA_Abort(hdma);
 706:Drivers/STM32F4xx_HAL_Driver/Src/stm32f4xx_hal_dma.c ****     
 707:Drivers/STM32F4xx_HAL_Driver/Src/stm32f4xx_hal_dma.c ****       /* Clear the half transfer and transfer complete flags */
 708:Drivers/STM32F4xx_HAL_Driver/Src/stm32f4xx_hal_dma.c ****       regs->IFCR = (DMA_FLAG_HTIF0_4 | DMA_FLAG_TCIF0_4) << hdma->StreamIndex;
 709:Drivers/STM32F4xx_HAL_Driver/Src/stm32f4xx_hal_dma.c ****     
 710:Drivers/STM32F4xx_HAL_Driver/Src/stm32f4xx_hal_dma.c ****       /* Change the DMA state */
 711:Drivers/STM32F4xx_HAL_Driver/Src/stm32f4xx_hal_dma.c ****       hdma->State= HAL_DMA_STATE_READY;
 712:Drivers/STM32F4xx_HAL_Driver/Src/stm32f4xx_hal_dma.c **** 
 713:Drivers/STM32F4xx_HAL_Driver/Src/stm32f4xx_hal_dma.c ****       /* Process Unlocked */
 714:Drivers/STM32F4xx_HAL_Driver/Src/stm32f4xx_hal_dma.c ****       __HAL_UNLOCK(hdma);
 715:Drivers/STM32F4xx_HAL_Driver/Src/stm32f4xx_hal_dma.c **** 
 716:Drivers/STM32F4xx_HAL_Driver/Src/stm32f4xx_hal_dma.c ****       return HAL_ERROR;
 717:Drivers/STM32F4xx_HAL_Driver/Src/stm32f4xx_hal_dma.c ****    }
 718:Drivers/STM32F4xx_HAL_Driver/Src/stm32f4xx_hal_dma.c ****   }
 719:Drivers/STM32F4xx_HAL_Driver/Src/stm32f4xx_hal_dma.c ****   
 720:Drivers/STM32F4xx_HAL_Driver/Src/stm32f4xx_hal_dma.c ****   /* Get the level transfer complete flag */
 721:Drivers/STM32F4xx_HAL_Driver/Src/stm32f4xx_hal_dma.c ****   if(CompleteLevel == HAL_DMA_FULL_TRANSFER)
 722:Drivers/STM32F4xx_HAL_Driver/Src/stm32f4xx_hal_dma.c ****   {
 723:Drivers/STM32F4xx_HAL_Driver/Src/stm32f4xx_hal_dma.c ****     /* Clear the half transfer and transfer complete flags */
 724:Drivers/STM32F4xx_HAL_Driver/Src/stm32f4xx_hal_dma.c ****     regs->IFCR = (DMA_FLAG_HTIF0_4 | DMA_FLAG_TCIF0_4) << hdma->StreamIndex;
 725:Drivers/STM32F4xx_HAL_Driver/Src/stm32f4xx_hal_dma.c ****     
 726:Drivers/STM32F4xx_HAL_Driver/Src/stm32f4xx_hal_dma.c ****     hdma->State = HAL_DMA_STATE_READY;
 727:Drivers/STM32F4xx_HAL_Driver/Src/stm32f4xx_hal_dma.c ****     
 728:Drivers/STM32F4xx_HAL_Driver/Src/stm32f4xx_hal_dma.c ****     /* Process Unlocked */
 729:Drivers/STM32F4xx_HAL_Driver/Src/stm32f4xx_hal_dma.c ****     __HAL_UNLOCK(hdma);
 730:Drivers/STM32F4xx_HAL_Driver/Src/stm32f4xx_hal_dma.c ****   }
 731:Drivers/STM32F4xx_HAL_Driver/Src/stm32f4xx_hal_dma.c ****   else
 732:Drivers/STM32F4xx_HAL_Driver/Src/stm32f4xx_hal_dma.c ****   {
 733:Drivers/STM32F4xx_HAL_Driver/Src/stm32f4xx_hal_dma.c ****     /* Clear the half transfer and transfer complete flags */
 734:Drivers/STM32F4xx_HAL_Driver/Src/stm32f4xx_hal_dma.c ****     regs->IFCR = (DMA_FLAG_HTIF0_4) << hdma->StreamIndex;
 735:Drivers/STM32F4xx_HAL_Driver/Src/stm32f4xx_hal_dma.c ****   }
 736:Drivers/STM32F4xx_HAL_Driver/Src/stm32f4xx_hal_dma.c ****   
 737:Drivers/STM32F4xx_HAL_Driver/Src/stm32f4xx_hal_dma.c ****   return status;
 738:Drivers/STM32F4xx_HAL_Driver/Src/stm32f4xx_hal_dma.c **** }
 739:Drivers/STM32F4xx_HAL_Driver/Src/stm32f4xx_hal_dma.c **** 
 740:Drivers/STM32F4xx_HAL_Driver/Src/stm32f4xx_hal_dma.c **** /**
 741:Drivers/STM32F4xx_HAL_Driver/Src/stm32f4xx_hal_dma.c ****   * @brief  Handles DMA interrupt request.
 742:Drivers/STM32F4xx_HAL_Driver/Src/stm32f4xx_hal_dma.c ****   * @param  hdma pointer to a DMA_HandleTypeDef structure that contains
 743:Drivers/STM32F4xx_HAL_Driver/Src/stm32f4xx_hal_dma.c ****   *               the configuration information for the specified DMA Stream.  
 744:Drivers/STM32F4xx_HAL_Driver/Src/stm32f4xx_hal_dma.c ****   * @retval None
 745:Drivers/STM32F4xx_HAL_Driver/Src/stm32f4xx_hal_dma.c ****   */
 746:Drivers/STM32F4xx_HAL_Driver/Src/stm32f4xx_hal_dma.c **** void HAL_DMA_IRQHandler(DMA_HandleTypeDef *hdma)
 747:Drivers/STM32F4xx_HAL_Driver/Src/stm32f4xx_hal_dma.c **** {
 748:Drivers/STM32F4xx_HAL_Driver/Src/stm32f4xx_hal_dma.c ****   uint32_t tmpisr;
 749:Drivers/STM32F4xx_HAL_Driver/Src/stm32f4xx_hal_dma.c ****   __IO uint32_t count = 0U;
 750:Drivers/STM32F4xx_HAL_Driver/Src/stm32f4xx_hal_dma.c ****   uint32_t timeout = SystemCoreClock / 9600U;
 751:Drivers/STM32F4xx_HAL_Driver/Src/stm32f4xx_hal_dma.c **** 
 752:Drivers/STM32F4xx_HAL_Driver/Src/stm32f4xx_hal_dma.c ****   /* calculate DMA base and stream number */
 753:Drivers/STM32F4xx_HAL_Driver/Src/stm32f4xx_hal_dma.c ****   DMA_Base_Registers *regs = (DMA_Base_Registers *)hdma->StreamBaseAddress;
 754:Drivers/STM32F4xx_HAL_Driver/Src/stm32f4xx_hal_dma.c **** 
 755:Drivers/STM32F4xx_HAL_Driver/Src/stm32f4xx_hal_dma.c ****   tmpisr = regs->ISR;
 756:Drivers/STM32F4xx_HAL_Driver/Src/stm32f4xx_hal_dma.c **** 
 757:Drivers/STM32F4xx_HAL_Driver/Src/stm32f4xx_hal_dma.c ****   /* Transfer Error Interrupt management ***************************************/
 758:Drivers/STM32F4xx_HAL_Driver/Src/stm32f4xx_hal_dma.c ****   if ((tmpisr & (DMA_FLAG_TEIF0_4 << hdma->StreamIndex)) != RESET)
 759:Drivers/STM32F4xx_HAL_Driver/Src/stm32f4xx_hal_dma.c ****   {
 760:Drivers/STM32F4xx_HAL_Driver/Src/stm32f4xx_hal_dma.c ****     if(__HAL_DMA_GET_IT_SOURCE(hdma, DMA_IT_TE) != RESET)
 761:Drivers/STM32F4xx_HAL_Driver/Src/stm32f4xx_hal_dma.c ****     {
ARM GAS  C:\Users\joshr\AppData\Local\Temp\cc709mTA.s 			page 18


 762:Drivers/STM32F4xx_HAL_Driver/Src/stm32f4xx_hal_dma.c ****       /* Disable the transfer error interrupt */
 763:Drivers/STM32F4xx_HAL_Driver/Src/stm32f4xx_hal_dma.c ****       hdma->Instance->CR  &= ~(DMA_IT_TE);
 764:Drivers/STM32F4xx_HAL_Driver/Src/stm32f4xx_hal_dma.c ****       
 765:Drivers/STM32F4xx_HAL_Driver/Src/stm32f4xx_hal_dma.c ****       /* Clear the transfer error flag */
 766:Drivers/STM32F4xx_HAL_Driver/Src/stm32f4xx_hal_dma.c ****       regs->IFCR = DMA_FLAG_TEIF0_4 << hdma->StreamIndex;
 767:Drivers/STM32F4xx_HAL_Driver/Src/stm32f4xx_hal_dma.c ****       
 768:Drivers/STM32F4xx_HAL_Driver/Src/stm32f4xx_hal_dma.c ****       /* Update error code */
 769:Drivers/STM32F4xx_HAL_Driver/Src/stm32f4xx_hal_dma.c ****       hdma->ErrorCode |= HAL_DMA_ERROR_TE;
 770:Drivers/STM32F4xx_HAL_Driver/Src/stm32f4xx_hal_dma.c ****     }
 771:Drivers/STM32F4xx_HAL_Driver/Src/stm32f4xx_hal_dma.c ****   }
 772:Drivers/STM32F4xx_HAL_Driver/Src/stm32f4xx_hal_dma.c ****   /* FIFO Error Interrupt management ******************************************/
 773:Drivers/STM32F4xx_HAL_Driver/Src/stm32f4xx_hal_dma.c ****   if ((tmpisr & (DMA_FLAG_FEIF0_4 << hdma->StreamIndex)) != RESET)
 774:Drivers/STM32F4xx_HAL_Driver/Src/stm32f4xx_hal_dma.c ****   {
 775:Drivers/STM32F4xx_HAL_Driver/Src/stm32f4xx_hal_dma.c ****     if(__HAL_DMA_GET_IT_SOURCE(hdma, DMA_IT_FE) != RESET)
 776:Drivers/STM32F4xx_HAL_Driver/Src/stm32f4xx_hal_dma.c ****     {
 777:Drivers/STM32F4xx_HAL_Driver/Src/stm32f4xx_hal_dma.c ****       /* Clear the FIFO error flag */
 778:Drivers/STM32F4xx_HAL_Driver/Src/stm32f4xx_hal_dma.c ****       regs->IFCR = DMA_FLAG_FEIF0_4 << hdma->StreamIndex;
 779:Drivers/STM32F4xx_HAL_Driver/Src/stm32f4xx_hal_dma.c **** 
 780:Drivers/STM32F4xx_HAL_Driver/Src/stm32f4xx_hal_dma.c ****       /* Update error code */
 781:Drivers/STM32F4xx_HAL_Driver/Src/stm32f4xx_hal_dma.c ****       hdma->ErrorCode |= HAL_DMA_ERROR_FE;
 782:Drivers/STM32F4xx_HAL_Driver/Src/stm32f4xx_hal_dma.c ****     }
 783:Drivers/STM32F4xx_HAL_Driver/Src/stm32f4xx_hal_dma.c ****   }
 784:Drivers/STM32F4xx_HAL_Driver/Src/stm32f4xx_hal_dma.c ****   /* Direct Mode Error Interrupt management ***********************************/
 785:Drivers/STM32F4xx_HAL_Driver/Src/stm32f4xx_hal_dma.c ****   if ((tmpisr & (DMA_FLAG_DMEIF0_4 << hdma->StreamIndex)) != RESET)
 786:Drivers/STM32F4xx_HAL_Driver/Src/stm32f4xx_hal_dma.c ****   {
 787:Drivers/STM32F4xx_HAL_Driver/Src/stm32f4xx_hal_dma.c ****     if(__HAL_DMA_GET_IT_SOURCE(hdma, DMA_IT_DME) != RESET)
 788:Drivers/STM32F4xx_HAL_Driver/Src/stm32f4xx_hal_dma.c ****     {
 789:Drivers/STM32F4xx_HAL_Driver/Src/stm32f4xx_hal_dma.c ****       /* Clear the direct mode error flag */
 790:Drivers/STM32F4xx_HAL_Driver/Src/stm32f4xx_hal_dma.c ****       regs->IFCR = DMA_FLAG_DMEIF0_4 << hdma->StreamIndex;
 791:Drivers/STM32F4xx_HAL_Driver/Src/stm32f4xx_hal_dma.c **** 
 792:Drivers/STM32F4xx_HAL_Driver/Src/stm32f4xx_hal_dma.c ****       /* Update error code */
 793:Drivers/STM32F4xx_HAL_Driver/Src/stm32f4xx_hal_dma.c ****       hdma->ErrorCode |= HAL_DMA_ERROR_DME;
 794:Drivers/STM32F4xx_HAL_Driver/Src/stm32f4xx_hal_dma.c ****     }
 795:Drivers/STM32F4xx_HAL_Driver/Src/stm32f4xx_hal_dma.c ****   }
 796:Drivers/STM32F4xx_HAL_Driver/Src/stm32f4xx_hal_dma.c ****   /* Half Transfer Complete Interrupt management ******************************/
 797:Drivers/STM32F4xx_HAL_Driver/Src/stm32f4xx_hal_dma.c ****   if ((tmpisr & (DMA_FLAG_HTIF0_4 << hdma->StreamIndex)) != RESET)
 798:Drivers/STM32F4xx_HAL_Driver/Src/stm32f4xx_hal_dma.c ****   {
 799:Drivers/STM32F4xx_HAL_Driver/Src/stm32f4xx_hal_dma.c ****     if(__HAL_DMA_GET_IT_SOURCE(hdma, DMA_IT_HT) != RESET)
 800:Drivers/STM32F4xx_HAL_Driver/Src/stm32f4xx_hal_dma.c ****     {
 801:Drivers/STM32F4xx_HAL_Driver/Src/stm32f4xx_hal_dma.c ****       /* Clear the half transfer complete flag */
 802:Drivers/STM32F4xx_HAL_Driver/Src/stm32f4xx_hal_dma.c ****       regs->IFCR = DMA_FLAG_HTIF0_4 << hdma->StreamIndex;
 803:Drivers/STM32F4xx_HAL_Driver/Src/stm32f4xx_hal_dma.c ****       
 804:Drivers/STM32F4xx_HAL_Driver/Src/stm32f4xx_hal_dma.c ****       /* Multi_Buffering mode enabled */
 805:Drivers/STM32F4xx_HAL_Driver/Src/stm32f4xx_hal_dma.c ****       if(((hdma->Instance->CR) & (uint32_t)(DMA_SxCR_DBM)) != RESET)
 806:Drivers/STM32F4xx_HAL_Driver/Src/stm32f4xx_hal_dma.c ****       {
 807:Drivers/STM32F4xx_HAL_Driver/Src/stm32f4xx_hal_dma.c ****         /* Current memory buffer used is Memory 0 */
 808:Drivers/STM32F4xx_HAL_Driver/Src/stm32f4xx_hal_dma.c ****         if((hdma->Instance->CR & DMA_SxCR_CT) == RESET)
 809:Drivers/STM32F4xx_HAL_Driver/Src/stm32f4xx_hal_dma.c ****         {
 810:Drivers/STM32F4xx_HAL_Driver/Src/stm32f4xx_hal_dma.c ****           if(hdma->XferHalfCpltCallback != NULL)
 811:Drivers/STM32F4xx_HAL_Driver/Src/stm32f4xx_hal_dma.c ****           {
 812:Drivers/STM32F4xx_HAL_Driver/Src/stm32f4xx_hal_dma.c ****             /* Half transfer callback */
 813:Drivers/STM32F4xx_HAL_Driver/Src/stm32f4xx_hal_dma.c ****             hdma->XferHalfCpltCallback(hdma);
 814:Drivers/STM32F4xx_HAL_Driver/Src/stm32f4xx_hal_dma.c ****           }
 815:Drivers/STM32F4xx_HAL_Driver/Src/stm32f4xx_hal_dma.c ****         }
 816:Drivers/STM32F4xx_HAL_Driver/Src/stm32f4xx_hal_dma.c ****         /* Current memory buffer used is Memory 1 */
 817:Drivers/STM32F4xx_HAL_Driver/Src/stm32f4xx_hal_dma.c ****         else
 818:Drivers/STM32F4xx_HAL_Driver/Src/stm32f4xx_hal_dma.c ****         {
ARM GAS  C:\Users\joshr\AppData\Local\Temp\cc709mTA.s 			page 19


 819:Drivers/STM32F4xx_HAL_Driver/Src/stm32f4xx_hal_dma.c ****           if(hdma->XferM1HalfCpltCallback != NULL)
 820:Drivers/STM32F4xx_HAL_Driver/Src/stm32f4xx_hal_dma.c ****           {
 821:Drivers/STM32F4xx_HAL_Driver/Src/stm32f4xx_hal_dma.c ****             /* Half transfer callback */
 822:Drivers/STM32F4xx_HAL_Driver/Src/stm32f4xx_hal_dma.c ****             hdma->XferM1HalfCpltCallback(hdma);
 823:Drivers/STM32F4xx_HAL_Driver/Src/stm32f4xx_hal_dma.c ****           }
 824:Drivers/STM32F4xx_HAL_Driver/Src/stm32f4xx_hal_dma.c ****         }
 825:Drivers/STM32F4xx_HAL_Driver/Src/stm32f4xx_hal_dma.c ****       }
 826:Drivers/STM32F4xx_HAL_Driver/Src/stm32f4xx_hal_dma.c ****       else
 827:Drivers/STM32F4xx_HAL_Driver/Src/stm32f4xx_hal_dma.c ****       {
 828:Drivers/STM32F4xx_HAL_Driver/Src/stm32f4xx_hal_dma.c ****         /* Disable the half transfer interrupt if the DMA mode is not CIRCULAR */
 829:Drivers/STM32F4xx_HAL_Driver/Src/stm32f4xx_hal_dma.c ****         if((hdma->Instance->CR & DMA_SxCR_CIRC) == RESET)
 830:Drivers/STM32F4xx_HAL_Driver/Src/stm32f4xx_hal_dma.c ****         {
 831:Drivers/STM32F4xx_HAL_Driver/Src/stm32f4xx_hal_dma.c ****           /* Disable the half transfer interrupt */
 832:Drivers/STM32F4xx_HAL_Driver/Src/stm32f4xx_hal_dma.c ****           hdma->Instance->CR  &= ~(DMA_IT_HT);
 833:Drivers/STM32F4xx_HAL_Driver/Src/stm32f4xx_hal_dma.c ****         }
 834:Drivers/STM32F4xx_HAL_Driver/Src/stm32f4xx_hal_dma.c ****         
 835:Drivers/STM32F4xx_HAL_Driver/Src/stm32f4xx_hal_dma.c ****         if(hdma->XferHalfCpltCallback != NULL)
 836:Drivers/STM32F4xx_HAL_Driver/Src/stm32f4xx_hal_dma.c ****         {
 837:Drivers/STM32F4xx_HAL_Driver/Src/stm32f4xx_hal_dma.c ****           /* Half transfer callback */
 838:Drivers/STM32F4xx_HAL_Driver/Src/stm32f4xx_hal_dma.c ****           hdma->XferHalfCpltCallback(hdma);
 839:Drivers/STM32F4xx_HAL_Driver/Src/stm32f4xx_hal_dma.c ****         }
 840:Drivers/STM32F4xx_HAL_Driver/Src/stm32f4xx_hal_dma.c ****       }
 841:Drivers/STM32F4xx_HAL_Driver/Src/stm32f4xx_hal_dma.c ****     }
 842:Drivers/STM32F4xx_HAL_Driver/Src/stm32f4xx_hal_dma.c ****   }
 843:Drivers/STM32F4xx_HAL_Driver/Src/stm32f4xx_hal_dma.c ****   /* Transfer Complete Interrupt management ***********************************/
 844:Drivers/STM32F4xx_HAL_Driver/Src/stm32f4xx_hal_dma.c ****   if ((tmpisr & (DMA_FLAG_TCIF0_4 << hdma->StreamIndex)) != RESET)
 845:Drivers/STM32F4xx_HAL_Driver/Src/stm32f4xx_hal_dma.c ****   {
 846:Drivers/STM32F4xx_HAL_Driver/Src/stm32f4xx_hal_dma.c ****     if(__HAL_DMA_GET_IT_SOURCE(hdma, DMA_IT_TC) != RESET)
 847:Drivers/STM32F4xx_HAL_Driver/Src/stm32f4xx_hal_dma.c ****     {
 848:Drivers/STM32F4xx_HAL_Driver/Src/stm32f4xx_hal_dma.c ****       /* Clear the transfer complete flag */
 849:Drivers/STM32F4xx_HAL_Driver/Src/stm32f4xx_hal_dma.c ****       regs->IFCR = DMA_FLAG_TCIF0_4 << hdma->StreamIndex;
 850:Drivers/STM32F4xx_HAL_Driver/Src/stm32f4xx_hal_dma.c ****       
 851:Drivers/STM32F4xx_HAL_Driver/Src/stm32f4xx_hal_dma.c ****       if(HAL_DMA_STATE_ABORT == hdma->State)
 852:Drivers/STM32F4xx_HAL_Driver/Src/stm32f4xx_hal_dma.c ****       {
 853:Drivers/STM32F4xx_HAL_Driver/Src/stm32f4xx_hal_dma.c ****         /* Disable all the transfer interrupts */
 854:Drivers/STM32F4xx_HAL_Driver/Src/stm32f4xx_hal_dma.c ****         hdma->Instance->CR  &= ~(DMA_IT_TC | DMA_IT_TE | DMA_IT_DME);
 855:Drivers/STM32F4xx_HAL_Driver/Src/stm32f4xx_hal_dma.c ****         hdma->Instance->FCR &= ~(DMA_IT_FE);
 856:Drivers/STM32F4xx_HAL_Driver/Src/stm32f4xx_hal_dma.c ****         
 857:Drivers/STM32F4xx_HAL_Driver/Src/stm32f4xx_hal_dma.c ****         if((hdma->XferHalfCpltCallback != NULL) || (hdma->XferM1HalfCpltCallback != NULL))
 858:Drivers/STM32F4xx_HAL_Driver/Src/stm32f4xx_hal_dma.c ****         {
 859:Drivers/STM32F4xx_HAL_Driver/Src/stm32f4xx_hal_dma.c ****           hdma->Instance->CR  &= ~(DMA_IT_HT);
 860:Drivers/STM32F4xx_HAL_Driver/Src/stm32f4xx_hal_dma.c ****         }
 861:Drivers/STM32F4xx_HAL_Driver/Src/stm32f4xx_hal_dma.c **** 
 862:Drivers/STM32F4xx_HAL_Driver/Src/stm32f4xx_hal_dma.c ****         /* Clear all interrupt flags at correct offset within the register */
 863:Drivers/STM32F4xx_HAL_Driver/Src/stm32f4xx_hal_dma.c ****         regs->IFCR = 0x3FU << hdma->StreamIndex;
 864:Drivers/STM32F4xx_HAL_Driver/Src/stm32f4xx_hal_dma.c **** 
 865:Drivers/STM32F4xx_HAL_Driver/Src/stm32f4xx_hal_dma.c ****         /* Change the DMA state */
 866:Drivers/STM32F4xx_HAL_Driver/Src/stm32f4xx_hal_dma.c ****         hdma->State = HAL_DMA_STATE_READY;
 867:Drivers/STM32F4xx_HAL_Driver/Src/stm32f4xx_hal_dma.c **** 
 868:Drivers/STM32F4xx_HAL_Driver/Src/stm32f4xx_hal_dma.c ****         /* Process Unlocked */
 869:Drivers/STM32F4xx_HAL_Driver/Src/stm32f4xx_hal_dma.c ****         __HAL_UNLOCK(hdma);
 870:Drivers/STM32F4xx_HAL_Driver/Src/stm32f4xx_hal_dma.c **** 
 871:Drivers/STM32F4xx_HAL_Driver/Src/stm32f4xx_hal_dma.c ****         if(hdma->XferAbortCallback != NULL)
 872:Drivers/STM32F4xx_HAL_Driver/Src/stm32f4xx_hal_dma.c ****         {
 873:Drivers/STM32F4xx_HAL_Driver/Src/stm32f4xx_hal_dma.c ****           hdma->XferAbortCallback(hdma);
 874:Drivers/STM32F4xx_HAL_Driver/Src/stm32f4xx_hal_dma.c ****         }
 875:Drivers/STM32F4xx_HAL_Driver/Src/stm32f4xx_hal_dma.c ****         return;
ARM GAS  C:\Users\joshr\AppData\Local\Temp\cc709mTA.s 			page 20


 876:Drivers/STM32F4xx_HAL_Driver/Src/stm32f4xx_hal_dma.c ****       }
 877:Drivers/STM32F4xx_HAL_Driver/Src/stm32f4xx_hal_dma.c **** 
 878:Drivers/STM32F4xx_HAL_Driver/Src/stm32f4xx_hal_dma.c ****       if(((hdma->Instance->CR) & (uint32_t)(DMA_SxCR_DBM)) != RESET)
 879:Drivers/STM32F4xx_HAL_Driver/Src/stm32f4xx_hal_dma.c ****       {
 880:Drivers/STM32F4xx_HAL_Driver/Src/stm32f4xx_hal_dma.c ****         /* Current memory buffer used is Memory 0 */
 881:Drivers/STM32F4xx_HAL_Driver/Src/stm32f4xx_hal_dma.c ****         if((hdma->Instance->CR & DMA_SxCR_CT) == RESET)
 882:Drivers/STM32F4xx_HAL_Driver/Src/stm32f4xx_hal_dma.c ****         {
 883:Drivers/STM32F4xx_HAL_Driver/Src/stm32f4xx_hal_dma.c ****           if(hdma->XferM1CpltCallback != NULL)
 884:Drivers/STM32F4xx_HAL_Driver/Src/stm32f4xx_hal_dma.c ****           {
 885:Drivers/STM32F4xx_HAL_Driver/Src/stm32f4xx_hal_dma.c ****             /* Transfer complete Callback for memory1 */
 886:Drivers/STM32F4xx_HAL_Driver/Src/stm32f4xx_hal_dma.c ****             hdma->XferM1CpltCallback(hdma);
 887:Drivers/STM32F4xx_HAL_Driver/Src/stm32f4xx_hal_dma.c ****           }
 888:Drivers/STM32F4xx_HAL_Driver/Src/stm32f4xx_hal_dma.c ****         }
 889:Drivers/STM32F4xx_HAL_Driver/Src/stm32f4xx_hal_dma.c ****         /* Current memory buffer used is Memory 1 */
 890:Drivers/STM32F4xx_HAL_Driver/Src/stm32f4xx_hal_dma.c ****         else
 891:Drivers/STM32F4xx_HAL_Driver/Src/stm32f4xx_hal_dma.c ****         {
 892:Drivers/STM32F4xx_HAL_Driver/Src/stm32f4xx_hal_dma.c ****           if(hdma->XferCpltCallback != NULL)
 893:Drivers/STM32F4xx_HAL_Driver/Src/stm32f4xx_hal_dma.c ****           {
 894:Drivers/STM32F4xx_HAL_Driver/Src/stm32f4xx_hal_dma.c ****             /* Transfer complete Callback for memory0 */
 895:Drivers/STM32F4xx_HAL_Driver/Src/stm32f4xx_hal_dma.c ****             hdma->XferCpltCallback(hdma);
 896:Drivers/STM32F4xx_HAL_Driver/Src/stm32f4xx_hal_dma.c ****           }
 897:Drivers/STM32F4xx_HAL_Driver/Src/stm32f4xx_hal_dma.c ****         }
 898:Drivers/STM32F4xx_HAL_Driver/Src/stm32f4xx_hal_dma.c ****       }
 899:Drivers/STM32F4xx_HAL_Driver/Src/stm32f4xx_hal_dma.c ****       /* Disable the transfer complete interrupt if the DMA mode is not CIRCULAR */
 900:Drivers/STM32F4xx_HAL_Driver/Src/stm32f4xx_hal_dma.c ****       else
 901:Drivers/STM32F4xx_HAL_Driver/Src/stm32f4xx_hal_dma.c ****       {
 902:Drivers/STM32F4xx_HAL_Driver/Src/stm32f4xx_hal_dma.c ****         if((hdma->Instance->CR & DMA_SxCR_CIRC) == RESET)
 903:Drivers/STM32F4xx_HAL_Driver/Src/stm32f4xx_hal_dma.c ****         {
 904:Drivers/STM32F4xx_HAL_Driver/Src/stm32f4xx_hal_dma.c ****           /* Disable the transfer complete interrupt */
 905:Drivers/STM32F4xx_HAL_Driver/Src/stm32f4xx_hal_dma.c ****           hdma->Instance->CR  &= ~(DMA_IT_TC);
 906:Drivers/STM32F4xx_HAL_Driver/Src/stm32f4xx_hal_dma.c **** 
 907:Drivers/STM32F4xx_HAL_Driver/Src/stm32f4xx_hal_dma.c ****           /* Change the DMA state */
 908:Drivers/STM32F4xx_HAL_Driver/Src/stm32f4xx_hal_dma.c ****           hdma->State = HAL_DMA_STATE_READY;
 909:Drivers/STM32F4xx_HAL_Driver/Src/stm32f4xx_hal_dma.c **** 
 910:Drivers/STM32F4xx_HAL_Driver/Src/stm32f4xx_hal_dma.c ****           /* Process Unlocked */
 911:Drivers/STM32F4xx_HAL_Driver/Src/stm32f4xx_hal_dma.c ****           __HAL_UNLOCK(hdma);
 912:Drivers/STM32F4xx_HAL_Driver/Src/stm32f4xx_hal_dma.c ****         }
 913:Drivers/STM32F4xx_HAL_Driver/Src/stm32f4xx_hal_dma.c **** 
 914:Drivers/STM32F4xx_HAL_Driver/Src/stm32f4xx_hal_dma.c ****         if(hdma->XferCpltCallback != NULL)
 915:Drivers/STM32F4xx_HAL_Driver/Src/stm32f4xx_hal_dma.c ****         {
 916:Drivers/STM32F4xx_HAL_Driver/Src/stm32f4xx_hal_dma.c ****           /* Transfer complete callback */
 917:Drivers/STM32F4xx_HAL_Driver/Src/stm32f4xx_hal_dma.c ****           hdma->XferCpltCallback(hdma);
 918:Drivers/STM32F4xx_HAL_Driver/Src/stm32f4xx_hal_dma.c ****         }
 919:Drivers/STM32F4xx_HAL_Driver/Src/stm32f4xx_hal_dma.c ****       }
 920:Drivers/STM32F4xx_HAL_Driver/Src/stm32f4xx_hal_dma.c ****     }
 921:Drivers/STM32F4xx_HAL_Driver/Src/stm32f4xx_hal_dma.c ****   }
 922:Drivers/STM32F4xx_HAL_Driver/Src/stm32f4xx_hal_dma.c ****   
 923:Drivers/STM32F4xx_HAL_Driver/Src/stm32f4xx_hal_dma.c ****   /* manage error case */
 924:Drivers/STM32F4xx_HAL_Driver/Src/stm32f4xx_hal_dma.c ****   if(hdma->ErrorCode != HAL_DMA_ERROR_NONE)
 925:Drivers/STM32F4xx_HAL_Driver/Src/stm32f4xx_hal_dma.c ****   {
 926:Drivers/STM32F4xx_HAL_Driver/Src/stm32f4xx_hal_dma.c ****     if((hdma->ErrorCode & HAL_DMA_ERROR_TE) != RESET)
 927:Drivers/STM32F4xx_HAL_Driver/Src/stm32f4xx_hal_dma.c ****     {
 928:Drivers/STM32F4xx_HAL_Driver/Src/stm32f4xx_hal_dma.c ****       hdma->State = HAL_DMA_STATE_ABORT;
 929:Drivers/STM32F4xx_HAL_Driver/Src/stm32f4xx_hal_dma.c **** 
 930:Drivers/STM32F4xx_HAL_Driver/Src/stm32f4xx_hal_dma.c ****       /* Disable the stream */
 931:Drivers/STM32F4xx_HAL_Driver/Src/stm32f4xx_hal_dma.c ****       __HAL_DMA_DISABLE(hdma);
 932:Drivers/STM32F4xx_HAL_Driver/Src/stm32f4xx_hal_dma.c **** 
ARM GAS  C:\Users\joshr\AppData\Local\Temp\cc709mTA.s 			page 21


 933:Drivers/STM32F4xx_HAL_Driver/Src/stm32f4xx_hal_dma.c ****       do
 934:Drivers/STM32F4xx_HAL_Driver/Src/stm32f4xx_hal_dma.c ****       {
 935:Drivers/STM32F4xx_HAL_Driver/Src/stm32f4xx_hal_dma.c ****         if (++count > timeout)
 936:Drivers/STM32F4xx_HAL_Driver/Src/stm32f4xx_hal_dma.c ****         {
 937:Drivers/STM32F4xx_HAL_Driver/Src/stm32f4xx_hal_dma.c ****           break;
 938:Drivers/STM32F4xx_HAL_Driver/Src/stm32f4xx_hal_dma.c ****         }
 939:Drivers/STM32F4xx_HAL_Driver/Src/stm32f4xx_hal_dma.c ****       }
 940:Drivers/STM32F4xx_HAL_Driver/Src/stm32f4xx_hal_dma.c ****       while((hdma->Instance->CR & DMA_SxCR_EN) != RESET);
 941:Drivers/STM32F4xx_HAL_Driver/Src/stm32f4xx_hal_dma.c **** 
 942:Drivers/STM32F4xx_HAL_Driver/Src/stm32f4xx_hal_dma.c ****       /* Change the DMA state */
 943:Drivers/STM32F4xx_HAL_Driver/Src/stm32f4xx_hal_dma.c ****       hdma->State = HAL_DMA_STATE_READY;
 944:Drivers/STM32F4xx_HAL_Driver/Src/stm32f4xx_hal_dma.c **** 
 945:Drivers/STM32F4xx_HAL_Driver/Src/stm32f4xx_hal_dma.c ****       /* Process Unlocked */
 946:Drivers/STM32F4xx_HAL_Driver/Src/stm32f4xx_hal_dma.c ****       __HAL_UNLOCK(hdma);
 947:Drivers/STM32F4xx_HAL_Driver/Src/stm32f4xx_hal_dma.c ****     }
 948:Drivers/STM32F4xx_HAL_Driver/Src/stm32f4xx_hal_dma.c **** 
 949:Drivers/STM32F4xx_HAL_Driver/Src/stm32f4xx_hal_dma.c ****     if(hdma->XferErrorCallback != NULL)
 950:Drivers/STM32F4xx_HAL_Driver/Src/stm32f4xx_hal_dma.c ****     {
 951:Drivers/STM32F4xx_HAL_Driver/Src/stm32f4xx_hal_dma.c ****       /* Transfer error callback */
 952:Drivers/STM32F4xx_HAL_Driver/Src/stm32f4xx_hal_dma.c ****       hdma->XferErrorCallback(hdma);
 953:Drivers/STM32F4xx_HAL_Driver/Src/stm32f4xx_hal_dma.c ****     }
 954:Drivers/STM32F4xx_HAL_Driver/Src/stm32f4xx_hal_dma.c ****   }
 955:Drivers/STM32F4xx_HAL_Driver/Src/stm32f4xx_hal_dma.c **** }
 956:Drivers/STM32F4xx_HAL_Driver/Src/stm32f4xx_hal_dma.c **** 
 957:Drivers/STM32F4xx_HAL_Driver/Src/stm32f4xx_hal_dma.c **** /**
 958:Drivers/STM32F4xx_HAL_Driver/Src/stm32f4xx_hal_dma.c ****   * @brief  Register callbacks
 959:Drivers/STM32F4xx_HAL_Driver/Src/stm32f4xx_hal_dma.c ****   * @param  hdma                 pointer to a DMA_HandleTypeDef structure that contains
 960:Drivers/STM32F4xx_HAL_Driver/Src/stm32f4xx_hal_dma.c ****   *                               the configuration information for the specified DMA Stream.
 961:Drivers/STM32F4xx_HAL_Driver/Src/stm32f4xx_hal_dma.c ****   * @param  CallbackID           User Callback identifier
 962:Drivers/STM32F4xx_HAL_Driver/Src/stm32f4xx_hal_dma.c ****   *                               a DMA_HandleTypeDef structure as parameter.
 963:Drivers/STM32F4xx_HAL_Driver/Src/stm32f4xx_hal_dma.c ****   * @param  pCallback            pointer to private callback function which has pointer to 
 964:Drivers/STM32F4xx_HAL_Driver/Src/stm32f4xx_hal_dma.c ****   *                               a DMA_HandleTypeDef structure as parameter.
 965:Drivers/STM32F4xx_HAL_Driver/Src/stm32f4xx_hal_dma.c ****   * @retval HAL status
 966:Drivers/STM32F4xx_HAL_Driver/Src/stm32f4xx_hal_dma.c ****   */                      
 967:Drivers/STM32F4xx_HAL_Driver/Src/stm32f4xx_hal_dma.c **** HAL_StatusTypeDef HAL_DMA_RegisterCallback(DMA_HandleTypeDef *hdma, HAL_DMA_CallbackIDTypeDef Callb
 968:Drivers/STM32F4xx_HAL_Driver/Src/stm32f4xx_hal_dma.c **** {
 969:Drivers/STM32F4xx_HAL_Driver/Src/stm32f4xx_hal_dma.c **** 
 970:Drivers/STM32F4xx_HAL_Driver/Src/stm32f4xx_hal_dma.c ****   HAL_StatusTypeDef status = HAL_OK;
 971:Drivers/STM32F4xx_HAL_Driver/Src/stm32f4xx_hal_dma.c **** 
 972:Drivers/STM32F4xx_HAL_Driver/Src/stm32f4xx_hal_dma.c ****   /* Process locked */
 973:Drivers/STM32F4xx_HAL_Driver/Src/stm32f4xx_hal_dma.c ****   __HAL_LOCK(hdma);
 974:Drivers/STM32F4xx_HAL_Driver/Src/stm32f4xx_hal_dma.c **** 
 975:Drivers/STM32F4xx_HAL_Driver/Src/stm32f4xx_hal_dma.c ****   if(HAL_DMA_STATE_READY == hdma->State)
 976:Drivers/STM32F4xx_HAL_Driver/Src/stm32f4xx_hal_dma.c ****   {
 977:Drivers/STM32F4xx_HAL_Driver/Src/stm32f4xx_hal_dma.c ****     switch (CallbackID)
 978:Drivers/STM32F4xx_HAL_Driver/Src/stm32f4xx_hal_dma.c ****     {
 979:Drivers/STM32F4xx_HAL_Driver/Src/stm32f4xx_hal_dma.c ****     case  HAL_DMA_XFER_CPLT_CB_ID:
 980:Drivers/STM32F4xx_HAL_Driver/Src/stm32f4xx_hal_dma.c ****       hdma->XferCpltCallback = pCallback;
 981:Drivers/STM32F4xx_HAL_Driver/Src/stm32f4xx_hal_dma.c ****       break;
 982:Drivers/STM32F4xx_HAL_Driver/Src/stm32f4xx_hal_dma.c **** 
 983:Drivers/STM32F4xx_HAL_Driver/Src/stm32f4xx_hal_dma.c ****     case  HAL_DMA_XFER_HALFCPLT_CB_ID:
 984:Drivers/STM32F4xx_HAL_Driver/Src/stm32f4xx_hal_dma.c ****       hdma->XferHalfCpltCallback = pCallback;
 985:Drivers/STM32F4xx_HAL_Driver/Src/stm32f4xx_hal_dma.c ****       break;
 986:Drivers/STM32F4xx_HAL_Driver/Src/stm32f4xx_hal_dma.c **** 
 987:Drivers/STM32F4xx_HAL_Driver/Src/stm32f4xx_hal_dma.c ****     case  HAL_DMA_XFER_M1CPLT_CB_ID:
 988:Drivers/STM32F4xx_HAL_Driver/Src/stm32f4xx_hal_dma.c ****       hdma->XferM1CpltCallback = pCallback;
 989:Drivers/STM32F4xx_HAL_Driver/Src/stm32f4xx_hal_dma.c ****       break;
ARM GAS  C:\Users\joshr\AppData\Local\Temp\cc709mTA.s 			page 22


 990:Drivers/STM32F4xx_HAL_Driver/Src/stm32f4xx_hal_dma.c **** 
 991:Drivers/STM32F4xx_HAL_Driver/Src/stm32f4xx_hal_dma.c ****     case  HAL_DMA_XFER_M1HALFCPLT_CB_ID:
 992:Drivers/STM32F4xx_HAL_Driver/Src/stm32f4xx_hal_dma.c ****       hdma->XferM1HalfCpltCallback = pCallback;
 993:Drivers/STM32F4xx_HAL_Driver/Src/stm32f4xx_hal_dma.c ****       break;
 994:Drivers/STM32F4xx_HAL_Driver/Src/stm32f4xx_hal_dma.c **** 
 995:Drivers/STM32F4xx_HAL_Driver/Src/stm32f4xx_hal_dma.c ****     case  HAL_DMA_XFER_ERROR_CB_ID:
 996:Drivers/STM32F4xx_HAL_Driver/Src/stm32f4xx_hal_dma.c ****       hdma->XferErrorCallback = pCallback;
 997:Drivers/STM32F4xx_HAL_Driver/Src/stm32f4xx_hal_dma.c ****       break;
 998:Drivers/STM32F4xx_HAL_Driver/Src/stm32f4xx_hal_dma.c **** 
 999:Drivers/STM32F4xx_HAL_Driver/Src/stm32f4xx_hal_dma.c ****     case  HAL_DMA_XFER_ABORT_CB_ID:
1000:Drivers/STM32F4xx_HAL_Driver/Src/stm32f4xx_hal_dma.c ****       hdma->XferAbortCallback = pCallback;
1001:Drivers/STM32F4xx_HAL_Driver/Src/stm32f4xx_hal_dma.c ****       break;
1002:Drivers/STM32F4xx_HAL_Driver/Src/stm32f4xx_hal_dma.c **** 
1003:Drivers/STM32F4xx_HAL_Driver/Src/stm32f4xx_hal_dma.c ****     default:
1004:Drivers/STM32F4xx_HAL_Driver/Src/stm32f4xx_hal_dma.c ****       /* Return error status */
1005:Drivers/STM32F4xx_HAL_Driver/Src/stm32f4xx_hal_dma.c ****       status =  HAL_ERROR;
1006:Drivers/STM32F4xx_HAL_Driver/Src/stm32f4xx_hal_dma.c ****       break;
1007:Drivers/STM32F4xx_HAL_Driver/Src/stm32f4xx_hal_dma.c ****     }
1008:Drivers/STM32F4xx_HAL_Driver/Src/stm32f4xx_hal_dma.c ****   }
1009:Drivers/STM32F4xx_HAL_Driver/Src/stm32f4xx_hal_dma.c ****   else
1010:Drivers/STM32F4xx_HAL_Driver/Src/stm32f4xx_hal_dma.c ****   {
1011:Drivers/STM32F4xx_HAL_Driver/Src/stm32f4xx_hal_dma.c ****     /* Return error status */
1012:Drivers/STM32F4xx_HAL_Driver/Src/stm32f4xx_hal_dma.c ****     status =  HAL_ERROR;
1013:Drivers/STM32F4xx_HAL_Driver/Src/stm32f4xx_hal_dma.c ****   }
1014:Drivers/STM32F4xx_HAL_Driver/Src/stm32f4xx_hal_dma.c **** 
1015:Drivers/STM32F4xx_HAL_Driver/Src/stm32f4xx_hal_dma.c ****   /* Release Lock */
1016:Drivers/STM32F4xx_HAL_Driver/Src/stm32f4xx_hal_dma.c ****   __HAL_UNLOCK(hdma);
1017:Drivers/STM32F4xx_HAL_Driver/Src/stm32f4xx_hal_dma.c ****   
1018:Drivers/STM32F4xx_HAL_Driver/Src/stm32f4xx_hal_dma.c ****   return status;
1019:Drivers/STM32F4xx_HAL_Driver/Src/stm32f4xx_hal_dma.c **** }
1020:Drivers/STM32F4xx_HAL_Driver/Src/stm32f4xx_hal_dma.c **** 
1021:Drivers/STM32F4xx_HAL_Driver/Src/stm32f4xx_hal_dma.c **** /**
1022:Drivers/STM32F4xx_HAL_Driver/Src/stm32f4xx_hal_dma.c ****   * @brief  UnRegister callbacks
1023:Drivers/STM32F4xx_HAL_Driver/Src/stm32f4xx_hal_dma.c ****   * @param  hdma                 pointer to a DMA_HandleTypeDef structure that contains
1024:Drivers/STM32F4xx_HAL_Driver/Src/stm32f4xx_hal_dma.c ****   *                               the configuration information for the specified DMA Stream.
1025:Drivers/STM32F4xx_HAL_Driver/Src/stm32f4xx_hal_dma.c ****   * @param  CallbackID           User Callback identifier
1026:Drivers/STM32F4xx_HAL_Driver/Src/stm32f4xx_hal_dma.c ****   *                               a HAL_DMA_CallbackIDTypeDef ENUM as parameter.
1027:Drivers/STM32F4xx_HAL_Driver/Src/stm32f4xx_hal_dma.c ****   * @retval HAL status
1028:Drivers/STM32F4xx_HAL_Driver/Src/stm32f4xx_hal_dma.c ****   */              
1029:Drivers/STM32F4xx_HAL_Driver/Src/stm32f4xx_hal_dma.c **** HAL_StatusTypeDef HAL_DMA_UnRegisterCallback(DMA_HandleTypeDef *hdma, HAL_DMA_CallbackIDTypeDef Cal
1030:Drivers/STM32F4xx_HAL_Driver/Src/stm32f4xx_hal_dma.c **** {
1031:Drivers/STM32F4xx_HAL_Driver/Src/stm32f4xx_hal_dma.c ****   HAL_StatusTypeDef status = HAL_OK;
1032:Drivers/STM32F4xx_HAL_Driver/Src/stm32f4xx_hal_dma.c ****   
1033:Drivers/STM32F4xx_HAL_Driver/Src/stm32f4xx_hal_dma.c ****   /* Process locked */
1034:Drivers/STM32F4xx_HAL_Driver/Src/stm32f4xx_hal_dma.c ****   __HAL_LOCK(hdma);
1035:Drivers/STM32F4xx_HAL_Driver/Src/stm32f4xx_hal_dma.c ****   
1036:Drivers/STM32F4xx_HAL_Driver/Src/stm32f4xx_hal_dma.c ****   if(HAL_DMA_STATE_READY == hdma->State)
1037:Drivers/STM32F4xx_HAL_Driver/Src/stm32f4xx_hal_dma.c ****   {
1038:Drivers/STM32F4xx_HAL_Driver/Src/stm32f4xx_hal_dma.c ****     switch (CallbackID)
1039:Drivers/STM32F4xx_HAL_Driver/Src/stm32f4xx_hal_dma.c ****     {
1040:Drivers/STM32F4xx_HAL_Driver/Src/stm32f4xx_hal_dma.c ****     case  HAL_DMA_XFER_CPLT_CB_ID:
1041:Drivers/STM32F4xx_HAL_Driver/Src/stm32f4xx_hal_dma.c ****       hdma->XferCpltCallback = NULL;
1042:Drivers/STM32F4xx_HAL_Driver/Src/stm32f4xx_hal_dma.c ****       break;
1043:Drivers/STM32F4xx_HAL_Driver/Src/stm32f4xx_hal_dma.c ****       
1044:Drivers/STM32F4xx_HAL_Driver/Src/stm32f4xx_hal_dma.c ****     case  HAL_DMA_XFER_HALFCPLT_CB_ID:
1045:Drivers/STM32F4xx_HAL_Driver/Src/stm32f4xx_hal_dma.c ****       hdma->XferHalfCpltCallback = NULL;
1046:Drivers/STM32F4xx_HAL_Driver/Src/stm32f4xx_hal_dma.c ****       break;
ARM GAS  C:\Users\joshr\AppData\Local\Temp\cc709mTA.s 			page 23


1047:Drivers/STM32F4xx_HAL_Driver/Src/stm32f4xx_hal_dma.c ****       
1048:Drivers/STM32F4xx_HAL_Driver/Src/stm32f4xx_hal_dma.c ****     case  HAL_DMA_XFER_M1CPLT_CB_ID:
1049:Drivers/STM32F4xx_HAL_Driver/Src/stm32f4xx_hal_dma.c ****       hdma->XferM1CpltCallback = NULL;
1050:Drivers/STM32F4xx_HAL_Driver/Src/stm32f4xx_hal_dma.c ****       break;
1051:Drivers/STM32F4xx_HAL_Driver/Src/stm32f4xx_hal_dma.c ****       
1052:Drivers/STM32F4xx_HAL_Driver/Src/stm32f4xx_hal_dma.c ****     case  HAL_DMA_XFER_M1HALFCPLT_CB_ID:
1053:Drivers/STM32F4xx_HAL_Driver/Src/stm32f4xx_hal_dma.c ****       hdma->XferM1HalfCpltCallback = NULL;
1054:Drivers/STM32F4xx_HAL_Driver/Src/stm32f4xx_hal_dma.c ****       break;
1055:Drivers/STM32F4xx_HAL_Driver/Src/stm32f4xx_hal_dma.c ****       
1056:Drivers/STM32F4xx_HAL_Driver/Src/stm32f4xx_hal_dma.c ****     case  HAL_DMA_XFER_ERROR_CB_ID:
1057:Drivers/STM32F4xx_HAL_Driver/Src/stm32f4xx_hal_dma.c ****       hdma->XferErrorCallback = NULL;
1058:Drivers/STM32F4xx_HAL_Driver/Src/stm32f4xx_hal_dma.c ****       break;
1059:Drivers/STM32F4xx_HAL_Driver/Src/stm32f4xx_hal_dma.c ****       
1060:Drivers/STM32F4xx_HAL_Driver/Src/stm32f4xx_hal_dma.c ****     case  HAL_DMA_XFER_ABORT_CB_ID:
1061:Drivers/STM32F4xx_HAL_Driver/Src/stm32f4xx_hal_dma.c ****       hdma->XferAbortCallback = NULL;
1062:Drivers/STM32F4xx_HAL_Driver/Src/stm32f4xx_hal_dma.c ****       break; 
1063:Drivers/STM32F4xx_HAL_Driver/Src/stm32f4xx_hal_dma.c ****       
1064:Drivers/STM32F4xx_HAL_Driver/Src/stm32f4xx_hal_dma.c ****     case   HAL_DMA_XFER_ALL_CB_ID:
1065:Drivers/STM32F4xx_HAL_Driver/Src/stm32f4xx_hal_dma.c ****       hdma->XferCpltCallback = NULL;
1066:Drivers/STM32F4xx_HAL_Driver/Src/stm32f4xx_hal_dma.c ****       hdma->XferHalfCpltCallback = NULL;
1067:Drivers/STM32F4xx_HAL_Driver/Src/stm32f4xx_hal_dma.c ****       hdma->XferM1CpltCallback = NULL;
1068:Drivers/STM32F4xx_HAL_Driver/Src/stm32f4xx_hal_dma.c ****       hdma->XferM1HalfCpltCallback = NULL;
1069:Drivers/STM32F4xx_HAL_Driver/Src/stm32f4xx_hal_dma.c ****       hdma->XferErrorCallback = NULL;
1070:Drivers/STM32F4xx_HAL_Driver/Src/stm32f4xx_hal_dma.c ****       hdma->XferAbortCallback = NULL;
1071:Drivers/STM32F4xx_HAL_Driver/Src/stm32f4xx_hal_dma.c ****       break; 
1072:Drivers/STM32F4xx_HAL_Driver/Src/stm32f4xx_hal_dma.c ****       
1073:Drivers/STM32F4xx_HAL_Driver/Src/stm32f4xx_hal_dma.c ****     default:
1074:Drivers/STM32F4xx_HAL_Driver/Src/stm32f4xx_hal_dma.c ****       status = HAL_ERROR;
1075:Drivers/STM32F4xx_HAL_Driver/Src/stm32f4xx_hal_dma.c ****       break;
1076:Drivers/STM32F4xx_HAL_Driver/Src/stm32f4xx_hal_dma.c ****     }
1077:Drivers/STM32F4xx_HAL_Driver/Src/stm32f4xx_hal_dma.c ****   }
1078:Drivers/STM32F4xx_HAL_Driver/Src/stm32f4xx_hal_dma.c ****   else
1079:Drivers/STM32F4xx_HAL_Driver/Src/stm32f4xx_hal_dma.c ****   {
1080:Drivers/STM32F4xx_HAL_Driver/Src/stm32f4xx_hal_dma.c ****     status = HAL_ERROR;
1081:Drivers/STM32F4xx_HAL_Driver/Src/stm32f4xx_hal_dma.c ****   }
1082:Drivers/STM32F4xx_HAL_Driver/Src/stm32f4xx_hal_dma.c ****   
1083:Drivers/STM32F4xx_HAL_Driver/Src/stm32f4xx_hal_dma.c ****   /* Release Lock */
1084:Drivers/STM32F4xx_HAL_Driver/Src/stm32f4xx_hal_dma.c ****   __HAL_UNLOCK(hdma);
1085:Drivers/STM32F4xx_HAL_Driver/Src/stm32f4xx_hal_dma.c ****   
1086:Drivers/STM32F4xx_HAL_Driver/Src/stm32f4xx_hal_dma.c ****   return status;
1087:Drivers/STM32F4xx_HAL_Driver/Src/stm32f4xx_hal_dma.c **** }
1088:Drivers/STM32F4xx_HAL_Driver/Src/stm32f4xx_hal_dma.c **** 
1089:Drivers/STM32F4xx_HAL_Driver/Src/stm32f4xx_hal_dma.c **** /**
1090:Drivers/STM32F4xx_HAL_Driver/Src/stm32f4xx_hal_dma.c ****   * @}
1091:Drivers/STM32F4xx_HAL_Driver/Src/stm32f4xx_hal_dma.c ****   */
1092:Drivers/STM32F4xx_HAL_Driver/Src/stm32f4xx_hal_dma.c **** 
1093:Drivers/STM32F4xx_HAL_Driver/Src/stm32f4xx_hal_dma.c **** /** @addtogroup DMA_Exported_Functions_Group3
1094:Drivers/STM32F4xx_HAL_Driver/Src/stm32f4xx_hal_dma.c ****   *
1095:Drivers/STM32F4xx_HAL_Driver/Src/stm32f4xx_hal_dma.c **** @verbatim
1096:Drivers/STM32F4xx_HAL_Driver/Src/stm32f4xx_hal_dma.c ****  ===============================================================================
1097:Drivers/STM32F4xx_HAL_Driver/Src/stm32f4xx_hal_dma.c ****                     ##### State and Errors functions #####
1098:Drivers/STM32F4xx_HAL_Driver/Src/stm32f4xx_hal_dma.c ****  ===============================================================================
1099:Drivers/STM32F4xx_HAL_Driver/Src/stm32f4xx_hal_dma.c ****     [..]
1100:Drivers/STM32F4xx_HAL_Driver/Src/stm32f4xx_hal_dma.c ****     This subsection provides functions allowing to
1101:Drivers/STM32F4xx_HAL_Driver/Src/stm32f4xx_hal_dma.c ****       (+) Check the DMA state
1102:Drivers/STM32F4xx_HAL_Driver/Src/stm32f4xx_hal_dma.c ****       (+) Get error code
1103:Drivers/STM32F4xx_HAL_Driver/Src/stm32f4xx_hal_dma.c **** 
ARM GAS  C:\Users\joshr\AppData\Local\Temp\cc709mTA.s 			page 24


1104:Drivers/STM32F4xx_HAL_Driver/Src/stm32f4xx_hal_dma.c **** @endverbatim
1105:Drivers/STM32F4xx_HAL_Driver/Src/stm32f4xx_hal_dma.c ****   * @{
1106:Drivers/STM32F4xx_HAL_Driver/Src/stm32f4xx_hal_dma.c ****   */
1107:Drivers/STM32F4xx_HAL_Driver/Src/stm32f4xx_hal_dma.c **** 
1108:Drivers/STM32F4xx_HAL_Driver/Src/stm32f4xx_hal_dma.c **** /**
1109:Drivers/STM32F4xx_HAL_Driver/Src/stm32f4xx_hal_dma.c ****   * @brief  Returns the DMA state.
1110:Drivers/STM32F4xx_HAL_Driver/Src/stm32f4xx_hal_dma.c ****   * @param  hdma pointer to a DMA_HandleTypeDef structure that contains
1111:Drivers/STM32F4xx_HAL_Driver/Src/stm32f4xx_hal_dma.c ****   *               the configuration information for the specified DMA Stream.
1112:Drivers/STM32F4xx_HAL_Driver/Src/stm32f4xx_hal_dma.c ****   * @retval HAL state
1113:Drivers/STM32F4xx_HAL_Driver/Src/stm32f4xx_hal_dma.c ****   */
1114:Drivers/STM32F4xx_HAL_Driver/Src/stm32f4xx_hal_dma.c **** HAL_DMA_StateTypeDef HAL_DMA_GetState(DMA_HandleTypeDef *hdma)
1115:Drivers/STM32F4xx_HAL_Driver/Src/stm32f4xx_hal_dma.c **** {
1116:Drivers/STM32F4xx_HAL_Driver/Src/stm32f4xx_hal_dma.c ****   return hdma->State;
1117:Drivers/STM32F4xx_HAL_Driver/Src/stm32f4xx_hal_dma.c **** }
1118:Drivers/STM32F4xx_HAL_Driver/Src/stm32f4xx_hal_dma.c **** 
1119:Drivers/STM32F4xx_HAL_Driver/Src/stm32f4xx_hal_dma.c **** /**
1120:Drivers/STM32F4xx_HAL_Driver/Src/stm32f4xx_hal_dma.c ****   * @brief  Return the DMA error code
1121:Drivers/STM32F4xx_HAL_Driver/Src/stm32f4xx_hal_dma.c ****   * @param  hdma  pointer to a DMA_HandleTypeDef structure that contains
1122:Drivers/STM32F4xx_HAL_Driver/Src/stm32f4xx_hal_dma.c ****   *              the configuration information for the specified DMA Stream.
1123:Drivers/STM32F4xx_HAL_Driver/Src/stm32f4xx_hal_dma.c ****   * @retval DMA Error Code
1124:Drivers/STM32F4xx_HAL_Driver/Src/stm32f4xx_hal_dma.c ****   */
1125:Drivers/STM32F4xx_HAL_Driver/Src/stm32f4xx_hal_dma.c **** uint32_t HAL_DMA_GetError(DMA_HandleTypeDef *hdma)
1126:Drivers/STM32F4xx_HAL_Driver/Src/stm32f4xx_hal_dma.c **** {
1127:Drivers/STM32F4xx_HAL_Driver/Src/stm32f4xx_hal_dma.c ****   return hdma->ErrorCode;
1128:Drivers/STM32F4xx_HAL_Driver/Src/stm32f4xx_hal_dma.c **** }
1129:Drivers/STM32F4xx_HAL_Driver/Src/stm32f4xx_hal_dma.c **** 
1130:Drivers/STM32F4xx_HAL_Driver/Src/stm32f4xx_hal_dma.c **** /**
1131:Drivers/STM32F4xx_HAL_Driver/Src/stm32f4xx_hal_dma.c ****   * @}
1132:Drivers/STM32F4xx_HAL_Driver/Src/stm32f4xx_hal_dma.c ****   */
1133:Drivers/STM32F4xx_HAL_Driver/Src/stm32f4xx_hal_dma.c **** 
1134:Drivers/STM32F4xx_HAL_Driver/Src/stm32f4xx_hal_dma.c **** /**
1135:Drivers/STM32F4xx_HAL_Driver/Src/stm32f4xx_hal_dma.c ****   * @}
1136:Drivers/STM32F4xx_HAL_Driver/Src/stm32f4xx_hal_dma.c ****   */
1137:Drivers/STM32F4xx_HAL_Driver/Src/stm32f4xx_hal_dma.c **** 
1138:Drivers/STM32F4xx_HAL_Driver/Src/stm32f4xx_hal_dma.c **** /** @addtogroup DMA_Private_Functions
1139:Drivers/STM32F4xx_HAL_Driver/Src/stm32f4xx_hal_dma.c ****   * @{
1140:Drivers/STM32F4xx_HAL_Driver/Src/stm32f4xx_hal_dma.c ****   */
1141:Drivers/STM32F4xx_HAL_Driver/Src/stm32f4xx_hal_dma.c **** 
1142:Drivers/STM32F4xx_HAL_Driver/Src/stm32f4xx_hal_dma.c **** /**
1143:Drivers/STM32F4xx_HAL_Driver/Src/stm32f4xx_hal_dma.c ****   * @brief  Sets the DMA Transfer parameter.
1144:Drivers/STM32F4xx_HAL_Driver/Src/stm32f4xx_hal_dma.c ****   * @param  hdma       pointer to a DMA_HandleTypeDef structure that contains
1145:Drivers/STM32F4xx_HAL_Driver/Src/stm32f4xx_hal_dma.c ****   *                     the configuration information for the specified DMA Stream.
1146:Drivers/STM32F4xx_HAL_Driver/Src/stm32f4xx_hal_dma.c ****   * @param  SrcAddress The source memory Buffer address
1147:Drivers/STM32F4xx_HAL_Driver/Src/stm32f4xx_hal_dma.c ****   * @param  DstAddress The destination memory Buffer address
1148:Drivers/STM32F4xx_HAL_Driver/Src/stm32f4xx_hal_dma.c ****   * @param  DataLength The length of data to be transferred from source to destination
1149:Drivers/STM32F4xx_HAL_Driver/Src/stm32f4xx_hal_dma.c ****   * @retval HAL status
1150:Drivers/STM32F4xx_HAL_Driver/Src/stm32f4xx_hal_dma.c ****   */
1151:Drivers/STM32F4xx_HAL_Driver/Src/stm32f4xx_hal_dma.c **** static void DMA_SetConfig(DMA_HandleTypeDef *hdma, uint32_t SrcAddress, uint32_t DstAddress, uint32
1152:Drivers/STM32F4xx_HAL_Driver/Src/stm32f4xx_hal_dma.c **** {
1153:Drivers/STM32F4xx_HAL_Driver/Src/stm32f4xx_hal_dma.c ****   /* Clear DBM bit */
1154:Drivers/STM32F4xx_HAL_Driver/Src/stm32f4xx_hal_dma.c ****   hdma->Instance->CR &= (uint32_t)(~DMA_SxCR_DBM);
1155:Drivers/STM32F4xx_HAL_Driver/Src/stm32f4xx_hal_dma.c **** 
1156:Drivers/STM32F4xx_HAL_Driver/Src/stm32f4xx_hal_dma.c ****   /* Configure DMA Stream data length */
1157:Drivers/STM32F4xx_HAL_Driver/Src/stm32f4xx_hal_dma.c ****   hdma->Instance->NDTR = DataLength;
1158:Drivers/STM32F4xx_HAL_Driver/Src/stm32f4xx_hal_dma.c **** 
1159:Drivers/STM32F4xx_HAL_Driver/Src/stm32f4xx_hal_dma.c ****   /* Memory to Peripheral */
1160:Drivers/STM32F4xx_HAL_Driver/Src/stm32f4xx_hal_dma.c ****   if((hdma->Init.Direction) == DMA_MEMORY_TO_PERIPH)
ARM GAS  C:\Users\joshr\AppData\Local\Temp\cc709mTA.s 			page 25


1161:Drivers/STM32F4xx_HAL_Driver/Src/stm32f4xx_hal_dma.c ****   {
1162:Drivers/STM32F4xx_HAL_Driver/Src/stm32f4xx_hal_dma.c ****     /* Configure DMA Stream destination address */
1163:Drivers/STM32F4xx_HAL_Driver/Src/stm32f4xx_hal_dma.c ****     hdma->Instance->PAR = DstAddress;
1164:Drivers/STM32F4xx_HAL_Driver/Src/stm32f4xx_hal_dma.c **** 
1165:Drivers/STM32F4xx_HAL_Driver/Src/stm32f4xx_hal_dma.c ****     /* Configure DMA Stream source address */
1166:Drivers/STM32F4xx_HAL_Driver/Src/stm32f4xx_hal_dma.c ****     hdma->Instance->M0AR = SrcAddress;
1167:Drivers/STM32F4xx_HAL_Driver/Src/stm32f4xx_hal_dma.c ****   }
1168:Drivers/STM32F4xx_HAL_Driver/Src/stm32f4xx_hal_dma.c ****   /* Peripheral to Memory */
1169:Drivers/STM32F4xx_HAL_Driver/Src/stm32f4xx_hal_dma.c ****   else
1170:Drivers/STM32F4xx_HAL_Driver/Src/stm32f4xx_hal_dma.c ****   {
1171:Drivers/STM32F4xx_HAL_Driver/Src/stm32f4xx_hal_dma.c ****     /* Configure DMA Stream source address */
1172:Drivers/STM32F4xx_HAL_Driver/Src/stm32f4xx_hal_dma.c ****     hdma->Instance->PAR = SrcAddress;
1173:Drivers/STM32F4xx_HAL_Driver/Src/stm32f4xx_hal_dma.c **** 
1174:Drivers/STM32F4xx_HAL_Driver/Src/stm32f4xx_hal_dma.c ****     /* Configure DMA Stream destination address */
1175:Drivers/STM32F4xx_HAL_Driver/Src/stm32f4xx_hal_dma.c ****     hdma->Instance->M0AR = DstAddress;
1176:Drivers/STM32F4xx_HAL_Driver/Src/stm32f4xx_hal_dma.c ****   }
1177:Drivers/STM32F4xx_HAL_Driver/Src/stm32f4xx_hal_dma.c **** }
1178:Drivers/STM32F4xx_HAL_Driver/Src/stm32f4xx_hal_dma.c **** 
1179:Drivers/STM32F4xx_HAL_Driver/Src/stm32f4xx_hal_dma.c **** /**
1180:Drivers/STM32F4xx_HAL_Driver/Src/stm32f4xx_hal_dma.c ****   * @brief  Returns the DMA Stream base address depending on stream number
1181:Drivers/STM32F4xx_HAL_Driver/Src/stm32f4xx_hal_dma.c ****   * @param  hdma       pointer to a DMA_HandleTypeDef structure that contains
1182:Drivers/STM32F4xx_HAL_Driver/Src/stm32f4xx_hal_dma.c ****   *                     the configuration information for the specified DMA Stream. 
1183:Drivers/STM32F4xx_HAL_Driver/Src/stm32f4xx_hal_dma.c ****   * @retval Stream base address
1184:Drivers/STM32F4xx_HAL_Driver/Src/stm32f4xx_hal_dma.c ****   */
1185:Drivers/STM32F4xx_HAL_Driver/Src/stm32f4xx_hal_dma.c **** static uint32_t DMA_CalcBaseAndBitshift(DMA_HandleTypeDef *hdma)
1186:Drivers/STM32F4xx_HAL_Driver/Src/stm32f4xx_hal_dma.c **** {
1187:Drivers/STM32F4xx_HAL_Driver/Src/stm32f4xx_hal_dma.c ****   uint32_t stream_number = (((uint32_t)hdma->Instance & 0xFFU) - 16U) / 24U;
 176              		.loc 1 1187 55 is_stmt 0 view .LVU74
 177 006e D8B2     		uxtb	r0, r3
 178              		.loc 1 1187 12 view .LVU75
 179 0070 2B4A     		ldr	r2, .L41+4
 180              	.LBE15:
 181              	.LBE14:
 285:Drivers/STM32F4xx_HAL_Driver/Src/stm32f4xx_hal_dma.c **** 
 182              		.loc 1 285 23 view .LVU76
 183 0072 5961     		str	r1, [r3, #20]
 289:Drivers/STM32F4xx_HAL_Driver/Src/stm32f4xx_hal_dma.c ****   
 184              		.loc 1 289 3 is_stmt 1 view .LVU77
 185              	.LVL11:
 186              	.LBB18:
 187              	.LBI14:
1185:Drivers/STM32F4xx_HAL_Driver/Src/stm32f4xx_hal_dma.c **** {
 188              		.loc 1 1185 17 view .LVU78
 189              	.LBB16:
 190              		.loc 1 1187 3 view .LVU79
 191              		.loc 1 1187 64 is_stmt 0 view .LVU80
 192 0074 1038     		subs	r0, r0, #16
 193              	.LVL12:
1188:Drivers/STM32F4xx_HAL_Driver/Src/stm32f4xx_hal_dma.c ****   
1189:Drivers/STM32F4xx_HAL_Driver/Src/stm32f4xx_hal_dma.c ****   /* lookup table for necessary bitshift of flags within status registers */
1190:Drivers/STM32F4xx_HAL_Driver/Src/stm32f4xx_hal_dma.c ****   static const uint8_t flagBitshiftOffset[8U] = {0U, 6U, 16U, 22U, 0U, 6U, 16U, 22U};
 194              		.loc 1 1190 3 is_stmt 1 view .LVU81
1191:Drivers/STM32F4xx_HAL_Driver/Src/stm32f4xx_hal_dma.c ****   hdma->StreamIndex = flagBitshiftOffset[stream_number];
 195              		.loc 1 1191 3 view .LVU82
1187:Drivers/STM32F4xx_HAL_Driver/Src/stm32f4xx_hal_dma.c ****   
 196              		.loc 1 1187 12 is_stmt 0 view .LVU83
 197 0076 A2FB0052 		umull	r5, r2, r2, r0
ARM GAS  C:\Users\joshr\AppData\Local\Temp\cc709mTA.s 			page 26


 198 007a 1209     		lsrs	r2, r2, #4
 199              		.loc 1 1191 41 view .LVU84
 200 007c 2949     		ldr	r1, .L41+8
 201              	.LVL13:
1192:Drivers/STM32F4xx_HAL_Driver/Src/stm32f4xx_hal_dma.c ****   
1193:Drivers/STM32F4xx_HAL_Driver/Src/stm32f4xx_hal_dma.c ****   if (stream_number > 3U)
1194:Drivers/STM32F4xx_HAL_Driver/Src/stm32f4xx_hal_dma.c ****   {
1195:Drivers/STM32F4xx_HAL_Driver/Src/stm32f4xx_hal_dma.c ****     /* return pointer to HISR and HIFCR */
1196:Drivers/STM32F4xx_HAL_Driver/Src/stm32f4xx_hal_dma.c ****     hdma->StreamBaseAddress = (((uint32_t)hdma->Instance & (uint32_t)(~0x3FFU)) + 4U);
 202              		.loc 1 1196 58 view .LVU85
 203 007e 6FF30903 		bfc	r3, #0, #10
 204              	.LVL14:
1191:Drivers/STM32F4xx_HAL_Driver/Src/stm32f4xx_hal_dma.c ****   
 205              		.loc 1 1191 41 view .LVU86
 206 0082 895C     		ldrb	r1, [r1, r2]	@ zero_extendqisi2
1191:Drivers/STM32F4xx_HAL_Driver/Src/stm32f4xx_hal_dma.c ****   
 207              		.loc 1 1191 21 view .LVU87
 208 0084 E165     		str	r1, [r4, #92]
1193:Drivers/STM32F4xx_HAL_Driver/Src/stm32f4xx_hal_dma.c ****   {
 209              		.loc 1 1193 3 is_stmt 1 view .LVU88
1193:Drivers/STM32F4xx_HAL_Driver/Src/stm32f4xx_hal_dma.c ****   {
 210              		.loc 1 1193 6 is_stmt 0 view .LVU89
 211 0086 5F28     		cmp	r0, #95
 212              		.loc 1 1196 5 is_stmt 1 view .LVU90
 213              		.loc 1 1196 81 is_stmt 0 view .LVU91
 214 0088 88BF     		it	hi
 215 008a 0433     		addhi	r3, r3, #4
 216              	.LBE16:
 217              	.LBE18:
 292:Drivers/STM32F4xx_HAL_Driver/Src/stm32f4xx_hal_dma.c **** 
 218              		.loc 1 292 22 view .LVU92
 219 008c 3F22     		movs	r2, #63
 220 008e 8A40     		lsls	r2, r2, r1
 221 0090 A365     		str	r3, [r4, #88]
 222              	.LBB19:
 223              	.LBB17:
1197:Drivers/STM32F4xx_HAL_Driver/Src/stm32f4xx_hal_dma.c ****   }
1198:Drivers/STM32F4xx_HAL_Driver/Src/stm32f4xx_hal_dma.c ****   else
1199:Drivers/STM32F4xx_HAL_Driver/Src/stm32f4xx_hal_dma.c ****   {
1200:Drivers/STM32F4xx_HAL_Driver/Src/stm32f4xx_hal_dma.c ****     /* return pointer to LISR and LIFCR */
1201:Drivers/STM32F4xx_HAL_Driver/Src/stm32f4xx_hal_dma.c ****     hdma->StreamBaseAddress = ((uint32_t)hdma->Instance & (uint32_t)(~0x3FFU));
1202:Drivers/STM32F4xx_HAL_Driver/Src/stm32f4xx_hal_dma.c ****   }
1203:Drivers/STM32F4xx_HAL_Driver/Src/stm32f4xx_hal_dma.c ****   
1204:Drivers/STM32F4xx_HAL_Driver/Src/stm32f4xx_hal_dma.c ****   return hdma->StreamBaseAddress;
 224              		.loc 1 1204 3 is_stmt 1 view .LVU93
 225              	.LVL15:
 226              		.loc 1 1204 3 is_stmt 0 view .LVU94
 227              	.LBE17:
 228              	.LBE19:
 292:Drivers/STM32F4xx_HAL_Driver/Src/stm32f4xx_hal_dma.c **** 
 229              		.loc 1 292 3 is_stmt 1 view .LVU95
 295:Drivers/STM32F4xx_HAL_Driver/Src/stm32f4xx_hal_dma.c ****                                                                                      
 230              		.loc 1 295 19 is_stmt 0 view .LVU96
 231 0092 0020     		movs	r0, #0
 292:Drivers/STM32F4xx_HAL_Driver/Src/stm32f4xx_hal_dma.c **** 
 232              		.loc 1 292 14 view .LVU97
 233 0094 9A60     		str	r2, [r3, #8]
ARM GAS  C:\Users\joshr\AppData\Local\Temp\cc709mTA.s 			page 27


 295:Drivers/STM32F4xx_HAL_Driver/Src/stm32f4xx_hal_dma.c ****                                                                                      
 234              		.loc 1 295 3 is_stmt 1 view .LVU98
 298:Drivers/STM32F4xx_HAL_Driver/Src/stm32f4xx_hal_dma.c **** 
 235              		.loc 1 298 15 is_stmt 0 view .LVU99
 236 0096 0123     		movs	r3, #1
 237              	.LVL16:
 295:Drivers/STM32F4xx_HAL_Driver/Src/stm32f4xx_hal_dma.c ****                                                                                      
 238              		.loc 1 295 19 view .LVU100
 239 0098 6065     		str	r0, [r4, #84]
 298:Drivers/STM32F4xx_HAL_Driver/Src/stm32f4xx_hal_dma.c **** 
 240              		.loc 1 298 3 is_stmt 1 view .LVU101
 298:Drivers/STM32F4xx_HAL_Driver/Src/stm32f4xx_hal_dma.c **** 
 241              		.loc 1 298 15 is_stmt 0 view .LVU102
 242 009a 84F83530 		strb	r3, [r4, #53]
 300:Drivers/STM32F4xx_HAL_Driver/Src/stm32f4xx_hal_dma.c **** }
 243              		.loc 1 300 3 is_stmt 1 view .LVU103
 301:Drivers/STM32F4xx_HAL_Driver/Src/stm32f4xx_hal_dma.c **** 
 244              		.loc 1 301 1 is_stmt 0 view .LVU104
 245 009e 38BD     		pop	{r3, r4, r5, pc}
 246              	.LVL17:
 247              	.L38:
 218:Drivers/STM32F4xx_HAL_Driver/Src/stm32f4xx_hal_dma.c ****       
 248              		.loc 1 218 7 is_stmt 1 view .LVU105
 221:Drivers/STM32F4xx_HAL_Driver/Src/stm32f4xx_hal_dma.c ****       
 249              		.loc 1 221 19 is_stmt 0 view .LVU106
 250 00a0 0323     		movs	r3, #3
 218:Drivers/STM32F4xx_HAL_Driver/Src/stm32f4xx_hal_dma.c ****       
 251              		.loc 1 218 23 view .LVU107
 252 00a2 2022     		movs	r2, #32
 253 00a4 6265     		str	r2, [r4, #84]
 221:Drivers/STM32F4xx_HAL_Driver/Src/stm32f4xx_hal_dma.c ****       
 254              		.loc 1 221 7 is_stmt 1 view .LVU108
 221:Drivers/STM32F4xx_HAL_Driver/Src/stm32f4xx_hal_dma.c ****       
 255              		.loc 1 221 19 is_stmt 0 view .LVU109
 256 00a6 84F83530 		strb	r3, [r4, #53]
 223:Drivers/STM32F4xx_HAL_Driver/Src/stm32f4xx_hal_dma.c ****     }
 257              		.loc 1 223 7 is_stmt 1 view .LVU110
 223:Drivers/STM32F4xx_HAL_Driver/Src/stm32f4xx_hal_dma.c ****     }
 258              		.loc 1 223 14 is_stmt 0 view .LVU111
 259 00aa 1846     		mov	r0, r3
 301:Drivers/STM32F4xx_HAL_Driver/Src/stm32f4xx_hal_dma.c **** 
 260              		.loc 1 301 1 view .LVU112
 261 00ac 38BD     		pop	{r3, r4, r5, pc}
 262              	.LVL18:
 263              	.L7:
 246:Drivers/STM32F4xx_HAL_Driver/Src/stm32f4xx_hal_dma.c ****   }
 264              		.loc 1 246 5 is_stmt 1 view .LVU113
 246:Drivers/STM32F4xx_HAL_Driver/Src/stm32f4xx_hal_dma.c ****   }
 265              		.loc 1 246 33 is_stmt 0 view .LVU114
 266 00ae D4E90B51 		ldrd	r5, r1, [r4, #44]
 267 00b2 2943     		orrs	r1, r1, r5
 246:Drivers/STM32F4xx_HAL_Driver/Src/stm32f4xx_hal_dma.c ****   }
 268              		.loc 1 246 9 view .LVU115
 269 00b4 1143     		orrs	r1, r1, r2
 270              	.LVL19:
 250:Drivers/STM32F4xx_HAL_Driver/Src/stm32f4xx_hal_dma.c **** 
 271              		.loc 1 250 3 is_stmt 1 view .LVU116
ARM GAS  C:\Users\joshr\AppData\Local\Temp\cc709mTA.s 			page 28


 250:Drivers/STM32F4xx_HAL_Driver/Src/stm32f4xx_hal_dma.c **** 
 272              		.loc 1 250 22 is_stmt 0 view .LVU117
 273 00b6 1960     		str	r1, [r3]
 253:Drivers/STM32F4xx_HAL_Driver/Src/stm32f4xx_hal_dma.c **** 
 274              		.loc 1 253 3 is_stmt 1 view .LVU118
 253:Drivers/STM32F4xx_HAL_Driver/Src/stm32f4xx_hal_dma.c **** 
 275              		.loc 1 253 7 is_stmt 0 view .LVU119
 276 00b8 5969     		ldr	r1, [r3, #20]
 277              	.LVL20:
 256:Drivers/STM32F4xx_HAL_Driver/Src/stm32f4xx_hal_dma.c **** 
 278              		.loc 1 256 3 is_stmt 1 view .LVU120
 259:Drivers/STM32F4xx_HAL_Driver/Src/stm32f4xx_hal_dma.c **** 
 279              		.loc 1 259 3 view .LVU121
 262:Drivers/STM32F4xx_HAL_Driver/Src/stm32f4xx_hal_dma.c ****   {
 280              		.loc 1 262 3 view .LVU122
 265:Drivers/STM32F4xx_HAL_Driver/Src/stm32f4xx_hal_dma.c ****     
 281              		.loc 1 265 5 view .LVU123
 265:Drivers/STM32F4xx_HAL_Driver/Src/stm32f4xx_hal_dma.c ****     
 282              		.loc 1 265 22 is_stmt 0 view .LVU124
 283 00ba A26A     		ldr	r2, [r4, #40]
 256:Drivers/STM32F4xx_HAL_Driver/Src/stm32f4xx_hal_dma.c **** 
 284              		.loc 1 256 7 view .LVU125
 285 00bc 21F00701 		bic	r1, r1, #7
 286              	.LVL21:
 256:Drivers/STM32F4xx_HAL_Driver/Src/stm32f4xx_hal_dma.c **** 
 287              		.loc 1 256 7 view .LVU126
 288 00c0 1143     		orrs	r1, r1, r2
 265:Drivers/STM32F4xx_HAL_Driver/Src/stm32f4xx_hal_dma.c ****     
 289              		.loc 1 265 9 view .LVU127
 290 00c2 41F00401 		orr	r1, r1, #4
 291              	.LVL22:
 269:Drivers/STM32F4xx_HAL_Driver/Src/stm32f4xx_hal_dma.c ****     {
 292              		.loc 1 269 5 is_stmt 1 view .LVU128
 269:Drivers/STM32F4xx_HAL_Driver/Src/stm32f4xx_hal_dma.c ****     {
 293              		.loc 1 269 8 is_stmt 0 view .LVU129
 294 00c6 002D     		cmp	r5, #0
 295 00c8 D1D0     		beq	.L8
 271:Drivers/STM32F4xx_HAL_Driver/Src/stm32f4xx_hal_dma.c ****       {
 296              		.loc 1 271 7 is_stmt 1 view .LVU130
 297              	.LVL23:
 298              	.LBB20:
 299              	.LBI20:
1205:Drivers/STM32F4xx_HAL_Driver/Src/stm32f4xx_hal_dma.c **** }
1206:Drivers/STM32F4xx_HAL_Driver/Src/stm32f4xx_hal_dma.c **** 
1207:Drivers/STM32F4xx_HAL_Driver/Src/stm32f4xx_hal_dma.c **** /**
1208:Drivers/STM32F4xx_HAL_Driver/Src/stm32f4xx_hal_dma.c ****   * @brief  Check compatibility between FIFO threshold level and size of the memory burst
1209:Drivers/STM32F4xx_HAL_Driver/Src/stm32f4xx_hal_dma.c ****   * @param  hdma       pointer to a DMA_HandleTypeDef structure that contains
1210:Drivers/STM32F4xx_HAL_Driver/Src/stm32f4xx_hal_dma.c ****   *                     the configuration information for the specified DMA Stream. 
1211:Drivers/STM32F4xx_HAL_Driver/Src/stm32f4xx_hal_dma.c ****   * @retval HAL status
1212:Drivers/STM32F4xx_HAL_Driver/Src/stm32f4xx_hal_dma.c ****   */
1213:Drivers/STM32F4xx_HAL_Driver/Src/stm32f4xx_hal_dma.c **** static HAL_StatusTypeDef DMA_CheckFifoParam(DMA_HandleTypeDef *hdma)
 300              		.loc 1 1213 26 view .LVU131
 301              	.LBB21:
1214:Drivers/STM32F4xx_HAL_Driver/Src/stm32f4xx_hal_dma.c **** {
1215:Drivers/STM32F4xx_HAL_Driver/Src/stm32f4xx_hal_dma.c ****   HAL_StatusTypeDef status = HAL_OK;
 302              		.loc 1 1215 3 view .LVU132
1216:Drivers/STM32F4xx_HAL_Driver/Src/stm32f4xx_hal_dma.c ****   uint32_t tmp = hdma->Init.FIFOThreshold;
ARM GAS  C:\Users\joshr\AppData\Local\Temp\cc709mTA.s 			page 29


 303              		.loc 1 1216 3 view .LVU133
1217:Drivers/STM32F4xx_HAL_Driver/Src/stm32f4xx_hal_dma.c ****   
1218:Drivers/STM32F4xx_HAL_Driver/Src/stm32f4xx_hal_dma.c ****   /* Memory Data size equal to Byte */
1219:Drivers/STM32F4xx_HAL_Driver/Src/stm32f4xx_hal_dma.c ****   if(hdma->Init.MemDataAlignment == DMA_MDATAALIGN_BYTE)
 304              		.loc 1 1219 3 view .LVU134
 305              		.loc 1 1219 5 is_stmt 0 view .LVU135
 306 00ca 78B1     		cbz	r0, .L39
1220:Drivers/STM32F4xx_HAL_Driver/Src/stm32f4xx_hal_dma.c ****   {
1221:Drivers/STM32F4xx_HAL_Driver/Src/stm32f4xx_hal_dma.c ****     switch (tmp)
1222:Drivers/STM32F4xx_HAL_Driver/Src/stm32f4xx_hal_dma.c ****     {
1223:Drivers/STM32F4xx_HAL_Driver/Src/stm32f4xx_hal_dma.c ****     case DMA_FIFO_THRESHOLD_1QUARTERFULL:
1224:Drivers/STM32F4xx_HAL_Driver/Src/stm32f4xx_hal_dma.c ****     case DMA_FIFO_THRESHOLD_3QUARTERSFULL:
1225:Drivers/STM32F4xx_HAL_Driver/Src/stm32f4xx_hal_dma.c ****       if ((hdma->Init.MemBurst & DMA_SxCR_MBURST_1) == DMA_SxCR_MBURST_1)
1226:Drivers/STM32F4xx_HAL_Driver/Src/stm32f4xx_hal_dma.c ****       {
1227:Drivers/STM32F4xx_HAL_Driver/Src/stm32f4xx_hal_dma.c ****         status = HAL_ERROR;
1228:Drivers/STM32F4xx_HAL_Driver/Src/stm32f4xx_hal_dma.c ****       }
1229:Drivers/STM32F4xx_HAL_Driver/Src/stm32f4xx_hal_dma.c ****       break;
1230:Drivers/STM32F4xx_HAL_Driver/Src/stm32f4xx_hal_dma.c ****     case DMA_FIFO_THRESHOLD_HALFFULL:
1231:Drivers/STM32F4xx_HAL_Driver/Src/stm32f4xx_hal_dma.c ****       if (hdma->Init.MemBurst == DMA_MBURST_INC16)
1232:Drivers/STM32F4xx_HAL_Driver/Src/stm32f4xx_hal_dma.c ****       {
1233:Drivers/STM32F4xx_HAL_Driver/Src/stm32f4xx_hal_dma.c ****         status = HAL_ERROR;
1234:Drivers/STM32F4xx_HAL_Driver/Src/stm32f4xx_hal_dma.c ****       }
1235:Drivers/STM32F4xx_HAL_Driver/Src/stm32f4xx_hal_dma.c ****       break;
1236:Drivers/STM32F4xx_HAL_Driver/Src/stm32f4xx_hal_dma.c ****     case DMA_FIFO_THRESHOLD_FULL:
1237:Drivers/STM32F4xx_HAL_Driver/Src/stm32f4xx_hal_dma.c ****       break;
1238:Drivers/STM32F4xx_HAL_Driver/Src/stm32f4xx_hal_dma.c ****     default:
1239:Drivers/STM32F4xx_HAL_Driver/Src/stm32f4xx_hal_dma.c ****       break;
1240:Drivers/STM32F4xx_HAL_Driver/Src/stm32f4xx_hal_dma.c ****     }
1241:Drivers/STM32F4xx_HAL_Driver/Src/stm32f4xx_hal_dma.c ****   }
1242:Drivers/STM32F4xx_HAL_Driver/Src/stm32f4xx_hal_dma.c ****   
1243:Drivers/STM32F4xx_HAL_Driver/Src/stm32f4xx_hal_dma.c ****   /* Memory Data size equal to Half-Word */
1244:Drivers/STM32F4xx_HAL_Driver/Src/stm32f4xx_hal_dma.c ****   else if (hdma->Init.MemDataAlignment == DMA_MDATAALIGN_HALFWORD)
 307              		.loc 1 1244 8 is_stmt 1 view .LVU136
 308              		.loc 1 1244 11 is_stmt 0 view .LVU137
 309 00cc B0F5005F 		cmp	r0, #8192
 310 00d0 16D0     		beq	.L40
1245:Drivers/STM32F4xx_HAL_Driver/Src/stm32f4xx_hal_dma.c ****   {
1246:Drivers/STM32F4xx_HAL_Driver/Src/stm32f4xx_hal_dma.c ****     switch (tmp)
1247:Drivers/STM32F4xx_HAL_Driver/Src/stm32f4xx_hal_dma.c ****     {
1248:Drivers/STM32F4xx_HAL_Driver/Src/stm32f4xx_hal_dma.c ****     case DMA_FIFO_THRESHOLD_1QUARTERFULL:
1249:Drivers/STM32F4xx_HAL_Driver/Src/stm32f4xx_hal_dma.c ****     case DMA_FIFO_THRESHOLD_3QUARTERSFULL:
1250:Drivers/STM32F4xx_HAL_Driver/Src/stm32f4xx_hal_dma.c ****       status = HAL_ERROR;
1251:Drivers/STM32F4xx_HAL_Driver/Src/stm32f4xx_hal_dma.c ****       break;
1252:Drivers/STM32F4xx_HAL_Driver/Src/stm32f4xx_hal_dma.c ****     case DMA_FIFO_THRESHOLD_HALFFULL:
1253:Drivers/STM32F4xx_HAL_Driver/Src/stm32f4xx_hal_dma.c ****       if ((hdma->Init.MemBurst & DMA_SxCR_MBURST_1) == DMA_SxCR_MBURST_1)
1254:Drivers/STM32F4xx_HAL_Driver/Src/stm32f4xx_hal_dma.c ****       {
1255:Drivers/STM32F4xx_HAL_Driver/Src/stm32f4xx_hal_dma.c ****         status = HAL_ERROR;
1256:Drivers/STM32F4xx_HAL_Driver/Src/stm32f4xx_hal_dma.c ****       }
1257:Drivers/STM32F4xx_HAL_Driver/Src/stm32f4xx_hal_dma.c ****       break;
1258:Drivers/STM32F4xx_HAL_Driver/Src/stm32f4xx_hal_dma.c ****     case DMA_FIFO_THRESHOLD_FULL:
1259:Drivers/STM32F4xx_HAL_Driver/Src/stm32f4xx_hal_dma.c ****       if (hdma->Init.MemBurst == DMA_MBURST_INC16)
1260:Drivers/STM32F4xx_HAL_Driver/Src/stm32f4xx_hal_dma.c ****       {
1261:Drivers/STM32F4xx_HAL_Driver/Src/stm32f4xx_hal_dma.c ****         status = HAL_ERROR;
1262:Drivers/STM32F4xx_HAL_Driver/Src/stm32f4xx_hal_dma.c ****       }
1263:Drivers/STM32F4xx_HAL_Driver/Src/stm32f4xx_hal_dma.c ****       break;   
1264:Drivers/STM32F4xx_HAL_Driver/Src/stm32f4xx_hal_dma.c ****     default:
1265:Drivers/STM32F4xx_HAL_Driver/Src/stm32f4xx_hal_dma.c ****       break;
ARM GAS  C:\Users\joshr\AppData\Local\Temp\cc709mTA.s 			page 30


1266:Drivers/STM32F4xx_HAL_Driver/Src/stm32f4xx_hal_dma.c ****     }
1267:Drivers/STM32F4xx_HAL_Driver/Src/stm32f4xx_hal_dma.c ****   }
1268:Drivers/STM32F4xx_HAL_Driver/Src/stm32f4xx_hal_dma.c ****   
1269:Drivers/STM32F4xx_HAL_Driver/Src/stm32f4xx_hal_dma.c ****   /* Memory Data size equal to Word */
1270:Drivers/STM32F4xx_HAL_Driver/Src/stm32f4xx_hal_dma.c ****   else
1271:Drivers/STM32F4xx_HAL_Driver/Src/stm32f4xx_hal_dma.c ****   {
1272:Drivers/STM32F4xx_HAL_Driver/Src/stm32f4xx_hal_dma.c ****     switch (tmp)
 311              		.loc 1 1272 5 is_stmt 1 view .LVU138
 312 00d2 022A     		cmp	r2, #2
 313 00d4 03D9     		bls	.L11
 314 00d6 032A     		cmp	r2, #3
 315 00d8 C9D1     		bne	.L8
 316              	.LVL24:
 317              	.L35:
1273:Drivers/STM32F4xx_HAL_Driver/Src/stm32f4xx_hal_dma.c ****     {
1274:Drivers/STM32F4xx_HAL_Driver/Src/stm32f4xx_hal_dma.c ****     case DMA_FIFO_THRESHOLD_1QUARTERFULL:
1275:Drivers/STM32F4xx_HAL_Driver/Src/stm32f4xx_hal_dma.c ****     case DMA_FIFO_THRESHOLD_HALFFULL:
1276:Drivers/STM32F4xx_HAL_Driver/Src/stm32f4xx_hal_dma.c ****     case DMA_FIFO_THRESHOLD_3QUARTERSFULL:
1277:Drivers/STM32F4xx_HAL_Driver/Src/stm32f4xx_hal_dma.c ****       status = HAL_ERROR;
1278:Drivers/STM32F4xx_HAL_Driver/Src/stm32f4xx_hal_dma.c ****       break;
1279:Drivers/STM32F4xx_HAL_Driver/Src/stm32f4xx_hal_dma.c ****     case DMA_FIFO_THRESHOLD_FULL:
1280:Drivers/STM32F4xx_HAL_Driver/Src/stm32f4xx_hal_dma.c ****       if ((hdma->Init.MemBurst & DMA_SxCR_MBURST_1) == DMA_SxCR_MBURST_1)
 318              		.loc 1 1280 7 view .LVU139
 319              		.loc 1 1280 10 is_stmt 0 view .LVU140
 320 00da EA01     		lsls	r2, r5, #7
 321 00dc C7D5     		bpl	.L8
 322              	.L11:
 323              	.LVL25:
1281:Drivers/STM32F4xx_HAL_Driver/Src/stm32f4xx_hal_dma.c ****       {
1282:Drivers/STM32F4xx_HAL_Driver/Src/stm32f4xx_hal_dma.c ****         status = HAL_ERROR;
1283:Drivers/STM32F4xx_HAL_Driver/Src/stm32f4xx_hal_dma.c ****       }
1284:Drivers/STM32F4xx_HAL_Driver/Src/stm32f4xx_hal_dma.c ****       break;
1285:Drivers/STM32F4xx_HAL_Driver/Src/stm32f4xx_hal_dma.c ****     default:
1286:Drivers/STM32F4xx_HAL_Driver/Src/stm32f4xx_hal_dma.c ****       break;
1287:Drivers/STM32F4xx_HAL_Driver/Src/stm32f4xx_hal_dma.c ****     }
1288:Drivers/STM32F4xx_HAL_Driver/Src/stm32f4xx_hal_dma.c ****   } 
1289:Drivers/STM32F4xx_HAL_Driver/Src/stm32f4xx_hal_dma.c ****   
1290:Drivers/STM32F4xx_HAL_Driver/Src/stm32f4xx_hal_dma.c ****   return status; 
 324              		.loc 1 1290 3 is_stmt 1 view .LVU141
 325              		.loc 1 1290 3 is_stmt 0 view .LVU142
 326              	.LBE21:
 327              	.LBE20:
 274:Drivers/STM32F4xx_HAL_Driver/Src/stm32f4xx_hal_dma.c ****         
 328              		.loc 1 274 9 is_stmt 1 view .LVU143
 274:Drivers/STM32F4xx_HAL_Driver/Src/stm32f4xx_hal_dma.c ****         
 329              		.loc 1 274 25 is_stmt 0 view .LVU144
 330 00de 4022     		movs	r2, #64
 277:Drivers/STM32F4xx_HAL_Driver/Src/stm32f4xx_hal_dma.c ****         
 331              		.loc 1 277 21 view .LVU145
 332 00e0 0123     		movs	r3, #1
 274:Drivers/STM32F4xx_HAL_Driver/Src/stm32f4xx_hal_dma.c ****         
 333              		.loc 1 274 25 view .LVU146
 334 00e2 6265     		str	r2, [r4, #84]
 277:Drivers/STM32F4xx_HAL_Driver/Src/stm32f4xx_hal_dma.c ****         
 335              		.loc 1 277 9 is_stmt 1 view .LVU147
 277:Drivers/STM32F4xx_HAL_Driver/Src/stm32f4xx_hal_dma.c ****         
 336              		.loc 1 277 21 is_stmt 0 view .LVU148
ARM GAS  C:\Users\joshr\AppData\Local\Temp\cc709mTA.s 			page 31


 337 00e4 84F83530 		strb	r3, [r4, #53]
 279:Drivers/STM32F4xx_HAL_Driver/Src/stm32f4xx_hal_dma.c ****       }
 338              		.loc 1 279 9 is_stmt 1 view .LVU149
 339              	.LVL26:
 340              	.L2:
 179:Drivers/STM32F4xx_HAL_Driver/Src/stm32f4xx_hal_dma.c ****   }
 341              		.loc 1 179 12 is_stmt 0 view .LVU150
 342 00e8 0120     		movs	r0, #1
 301:Drivers/STM32F4xx_HAL_Driver/Src/stm32f4xx_hal_dma.c **** 
 343              		.loc 1 301 1 view .LVU151
 344 00ea 38BD     		pop	{r3, r4, r5, pc}
 345              	.LVL27:
 346              	.L39:
 347              	.LBB23:
 348              	.LBB22:
1221:Drivers/STM32F4xx_HAL_Driver/Src/stm32f4xx_hal_dma.c ****     {
 349              		.loc 1 1221 5 is_stmt 1 view .LVU152
 350 00ec 012A     		cmp	r2, #1
 351 00ee 03D0     		beq	.L13
 352 00f0 32F00202 		bics	r2, r2, #2
 353              	.LVL28:
1221:Drivers/STM32F4xx_HAL_Driver/Src/stm32f4xx_hal_dma.c ****     {
 354              		.loc 1 1221 5 is_stmt 0 view .LVU153
 355 00f4 BBD1     		bne	.L8
 356 00f6 F0E7     		b	.L35
 357              	.LVL29:
 358              	.L13:
1259:Drivers/STM32F4xx_HAL_Driver/Src/stm32f4xx_hal_dma.c ****       {
 359              		.loc 1 1259 7 is_stmt 1 view .LVU154
1259:Drivers/STM32F4xx_HAL_Driver/Src/stm32f4xx_hal_dma.c ****       {
 360              		.loc 1 1259 10 is_stmt 0 view .LVU155
 361 00f8 B5F1C07F 		cmp	r5, #25165824
 362 00fc B7D1     		bne	.L8
 363 00fe EEE7     		b	.L11
 364              	.L40:
1246:Drivers/STM32F4xx_HAL_Driver/Src/stm32f4xx_hal_dma.c ****     {
 365              		.loc 1 1246 5 is_stmt 1 view .LVU156
 366 0100 032A     		cmp	r2, #3
 367 0102 B4D8     		bhi	.L8
 368 0104 01A0     		adr	r0, .L14
 369 0106 50F822F0 		ldr	pc, [r0, r2, lsl #2]
 370 010a 00BF     		.p2align 2
 371              	.L14:
 372 010c DF000000 		.word	.L11+1
 373 0110 DB000000 		.word	.L35+1
 374 0114 DF000000 		.word	.L11+1
 375 0118 F9000000 		.word	.L13+1
 376              		.p2align 1
 377              	.L42:
 378              		.align	2
 379              	.L41:
 380 011c 3F8010F0 		.word	-267354049
 381 0120 ABAAAAAA 		.word	-1431655765
 382 0124 00000000 		.word	flagBitshiftOffset.0
 383              	.LBE22:
 384              	.LBE23:
 385              		.cfi_endproc
ARM GAS  C:\Users\joshr\AppData\Local\Temp\cc709mTA.s 			page 32


 386              	.LFE134:
 388              		.section	.text.HAL_DMA_DeInit,"ax",%progbits
 389              		.align	1
 390              		.p2align 2,,3
 391              		.global	HAL_DMA_DeInit
 392              		.syntax unified
 393              		.thumb
 394              		.thumb_func
 396              	HAL_DMA_DeInit:
 397              	.LVL30:
 398              	.LFB135:
 310:Drivers/STM32F4xx_HAL_Driver/Src/stm32f4xx_hal_dma.c ****   DMA_Base_Registers *regs;
 399              		.loc 1 310 1 view -0
 400              		.cfi_startproc
 401              		@ args = 0, pretend = 0, frame = 0
 402              		@ frame_needed = 0, uses_anonymous_args = 0
 403              		@ link register save eliminated.
 311:Drivers/STM32F4xx_HAL_Driver/Src/stm32f4xx_hal_dma.c **** 
 404              		.loc 1 311 3 view .LVU158
 314:Drivers/STM32F4xx_HAL_Driver/Src/stm32f4xx_hal_dma.c ****   {
 405              		.loc 1 314 3 view .LVU159
 314:Drivers/STM32F4xx_HAL_Driver/Src/stm32f4xx_hal_dma.c ****   {
 406              		.loc 1 314 5 is_stmt 0 view .LVU160
 407 0000 0028     		cmp	r0, #0
 408 0002 34D0     		beq	.L46
 320:Drivers/STM32F4xx_HAL_Driver/Src/stm32f4xx_hal_dma.c ****   {
 409              		.loc 1 320 10 view .LVU161
 410 0004 90F83520 		ldrb	r2, [r0, #53]	@ zero_extendqisi2
 320:Drivers/STM32F4xx_HAL_Driver/Src/stm32f4xx_hal_dma.c ****   {
 411              		.loc 1 320 5 view .LVU162
 412 0008 022A     		cmp	r2, #2
 413 000a 0346     		mov	r3, r0
 320:Drivers/STM32F4xx_HAL_Driver/Src/stm32f4xx_hal_dma.c ****   {
 414              		.loc 1 320 3 is_stmt 1 view .LVU163
 320:Drivers/STM32F4xx_HAL_Driver/Src/stm32f4xx_hal_dma.c ****   {
 415              		.loc 1 320 10 is_stmt 0 view .LVU164
 416 000c D0B2     		uxtb	r0, r2
 417              	.LVL31:
 320:Drivers/STM32F4xx_HAL_Driver/Src/stm32f4xx_hal_dma.c ****   {
 418              		.loc 1 320 5 view .LVU165
 419 000e 30D0     		beq	.L51
 327:Drivers/STM32F4xx_HAL_Driver/Src/stm32f4xx_hal_dma.c **** 
 420              		.loc 1 327 3 is_stmt 1 view .LVU166
 330:Drivers/STM32F4xx_HAL_Driver/Src/stm32f4xx_hal_dma.c **** 
 421              		.loc 1 330 3 view .LVU167
 422 0010 1A68     		ldr	r2, [r3]
 423              	.LBB24:
 424              	.LBB25:
1187:Drivers/STM32F4xx_HAL_Driver/Src/stm32f4xx_hal_dma.c ****   
 425              		.loc 1 1187 12 is_stmt 0 view .LVU168
 426 0012 1849     		ldr	r1, .L54
1187:Drivers/STM32F4xx_HAL_Driver/Src/stm32f4xx_hal_dma.c ****   
 427              		.loc 1 1187 55 view .LVU169
 428 0014 D0B2     		uxtb	r0, r2
1187:Drivers/STM32F4xx_HAL_Driver/Src/stm32f4xx_hal_dma.c ****   
 429              		.loc 1 1187 64 view .LVU170
 430 0016 1038     		subs	r0, r0, #16
ARM GAS  C:\Users\joshr\AppData\Local\Temp\cc709mTA.s 			page 33


 431              	.LBE25:
 432              	.LBE24:
 310:Drivers/STM32F4xx_HAL_Driver/Src/stm32f4xx_hal_dma.c ****   DMA_Base_Registers *regs;
 433              		.loc 1 310 1 view .LVU171
 434 0018 30B4     		push	{r4, r5}
 435              	.LCFI1:
 436              		.cfi_def_cfa_offset 8
 437              		.cfi_offset 4, -8
 438              		.cfi_offset 5, -4
 439              	.LBB32:
 440              	.LBB26:
1187:Drivers/STM32F4xx_HAL_Driver/Src/stm32f4xx_hal_dma.c ****   
 441              		.loc 1 1187 12 view .LVU172
 442 001a A1FB0041 		umull	r4, r1, r1, r0
 443 001e 0909     		lsrs	r1, r1, #4
 444              	.LBE26:
 445              	.LBE32:
 330:Drivers/STM32F4xx_HAL_Driver/Src/stm32f4xx_hal_dma.c **** 
 446              		.loc 1 330 3 view .LVU173
 447 0020 1468     		ldr	r4, [r2]
 448              	.LBB33:
 449              	.LBB27:
1191:Drivers/STM32F4xx_HAL_Driver/Src/stm32f4xx_hal_dma.c ****   
 450              		.loc 1 1191 41 view .LVU174
 451 0022 154D     		ldr	r5, .L54+4
 452              	.LBE27:
 453              	.LBE33:
 330:Drivers/STM32F4xx_HAL_Driver/Src/stm32f4xx_hal_dma.c **** 
 454              		.loc 1 330 3 view .LVU175
 455 0024 24F00104 		bic	r4, r4, #1
 456              	.LBB34:
 457              	.LBB28:
1191:Drivers/STM32F4xx_HAL_Driver/Src/stm32f4xx_hal_dma.c ****   
 458              		.loc 1 1191 41 view .LVU176
 459 0028 6D5C     		ldrb	r5, [r5, r1]	@ zero_extendqisi2
 460              	.LBE28:
 461              	.LBE34:
 330:Drivers/STM32F4xx_HAL_Driver/Src/stm32f4xx_hal_dma.c **** 
 462              		.loc 1 330 3 view .LVU177
 463 002a 1460     		str	r4, [r2]
 333:Drivers/STM32F4xx_HAL_Driver/Src/stm32f4xx_hal_dma.c **** 
 464              		.loc 1 333 3 is_stmt 1 view .LVU178
 333:Drivers/STM32F4xx_HAL_Driver/Src/stm32f4xx_hal_dma.c **** 
 465              		.loc 1 333 24 is_stmt 0 view .LVU179
 466 002c 0021     		movs	r1, #0
 467 002e 1160     		str	r1, [r2]
 336:Drivers/STM32F4xx_HAL_Driver/Src/stm32f4xx_hal_dma.c **** 
 468              		.loc 1 336 3 is_stmt 1 view .LVU180
 336:Drivers/STM32F4xx_HAL_Driver/Src/stm32f4xx_hal_dma.c **** 
 469              		.loc 1 336 24 is_stmt 0 view .LVU181
 470 0030 5160     		str	r1, [r2, #4]
 339:Drivers/STM32F4xx_HAL_Driver/Src/stm32f4xx_hal_dma.c **** 
 471              		.loc 1 339 3 is_stmt 1 view .LVU182
 339:Drivers/STM32F4xx_HAL_Driver/Src/stm32f4xx_hal_dma.c **** 
 472              		.loc 1 339 24 is_stmt 0 view .LVU183
 473 0032 9160     		str	r1, [r2, #8]
 342:Drivers/STM32F4xx_HAL_Driver/Src/stm32f4xx_hal_dma.c ****   
ARM GAS  C:\Users\joshr\AppData\Local\Temp\cc709mTA.s 			page 34


 474              		.loc 1 342 3 is_stmt 1 view .LVU184
 342:Drivers/STM32F4xx_HAL_Driver/Src/stm32f4xx_hal_dma.c ****   
 475              		.loc 1 342 24 is_stmt 0 view .LVU185
 476 0034 D160     		str	r1, [r2, #12]
 345:Drivers/STM32F4xx_HAL_Driver/Src/stm32f4xx_hal_dma.c ****   
 477              		.loc 1 345 3 is_stmt 1 view .LVU186
 345:Drivers/STM32F4xx_HAL_Driver/Src/stm32f4xx_hal_dma.c ****   
 478              		.loc 1 345 24 is_stmt 0 view .LVU187
 479 0036 1161     		str	r1, [r2, #16]
 348:Drivers/STM32F4xx_HAL_Driver/Src/stm32f4xx_hal_dma.c ****   
 480              		.loc 1 348 3 is_stmt 1 view .LVU188
 348:Drivers/STM32F4xx_HAL_Driver/Src/stm32f4xx_hal_dma.c ****   
 481              		.loc 1 348 24 is_stmt 0 view .LVU189
 482 0038 2121     		movs	r1, #33
 483 003a 5161     		str	r1, [r2, #20]
 351:Drivers/STM32F4xx_HAL_Driver/Src/stm32f4xx_hal_dma.c ****   
 484              		.loc 1 351 3 is_stmt 1 view .LVU190
 485              	.LVL32:
 486              	.LBB35:
 487              	.LBI24:
1185:Drivers/STM32F4xx_HAL_Driver/Src/stm32f4xx_hal_dma.c **** {
 488              		.loc 1 1185 17 view .LVU191
 489              	.LBB29:
1187:Drivers/STM32F4xx_HAL_Driver/Src/stm32f4xx_hal_dma.c ****   
 490              		.loc 1 1187 3 view .LVU192
1190:Drivers/STM32F4xx_HAL_Driver/Src/stm32f4xx_hal_dma.c ****   hdma->StreamIndex = flagBitshiftOffset[stream_number];
 491              		.loc 1 1190 3 view .LVU193
1191:Drivers/STM32F4xx_HAL_Driver/Src/stm32f4xx_hal_dma.c ****   
 492              		.loc 1 1191 3 view .LVU194
1193:Drivers/STM32F4xx_HAL_Driver/Src/stm32f4xx_hal_dma.c ****   {
 493              		.loc 1 1193 6 is_stmt 0 view .LVU195
 494 003c 5F28     		cmp	r0, #95
1196:Drivers/STM32F4xx_HAL_Driver/Src/stm32f4xx_hal_dma.c ****   }
 495              		.loc 1 1196 58 view .LVU196
 496 003e 6FF30902 		bfc	r2, #0, #10
1196:Drivers/STM32F4xx_HAL_Driver/Src/stm32f4xx_hal_dma.c ****   }
 497              		.loc 1 1196 81 view .LVU197
 498 0042 88BF     		it	hi
 499 0044 0432     		addhi	r2, r2, #4
 500              	.LBE29:
 501              	.LBE35:
 362:Drivers/STM32F4xx_HAL_Driver/Src/stm32f4xx_hal_dma.c **** 
 502              		.loc 1 362 22 view .LVU198
 503 0046 3F24     		movs	r4, #63
 354:Drivers/STM32F4xx_HAL_Driver/Src/stm32f4xx_hal_dma.c ****   hdma->XferHalfCpltCallback = NULL;
 504              		.loc 1 354 26 view .LVU199
 505 0048 0021     		movs	r1, #0
 362:Drivers/STM32F4xx_HAL_Driver/Src/stm32f4xx_hal_dma.c **** 
 506              		.loc 1 362 22 view .LVU200
 507 004a AC40     		lsls	r4, r4, r5
 508              	.LBB36:
 509              	.LBB30:
1191:Drivers/STM32F4xx_HAL_Driver/Src/stm32f4xx_hal_dma.c ****   
 510              		.loc 1 1191 21 view .LVU201
 511 004c DD65     		str	r5, [r3, #92]
1193:Drivers/STM32F4xx_HAL_Driver/Src/stm32f4xx_hal_dma.c ****   {
 512              		.loc 1 1193 3 is_stmt 1 view .LVU202
ARM GAS  C:\Users\joshr\AppData\Local\Temp\cc709mTA.s 			page 35


1196:Drivers/STM32F4xx_HAL_Driver/Src/stm32f4xx_hal_dma.c ****   }
 513              		.loc 1 1196 5 view .LVU203
 514              	.LBE30:
 515              	.LBE36:
 355:Drivers/STM32F4xx_HAL_Driver/Src/stm32f4xx_hal_dma.c ****   hdma->XferM1CpltCallback = NULL;
 516              		.loc 1 355 30 is_stmt 0 view .LVU204
 517 004e C3E90F11 		strd	r1, r1, [r3, #60]
 357:Drivers/STM32F4xx_HAL_Driver/Src/stm32f4xx_hal_dma.c ****   hdma->XferErrorCallback = NULL;
 518              		.loc 1 357 32 view .LVU205
 519 0052 C3E91111 		strd	r1, r1, [r3, #68]
 358:Drivers/STM32F4xx_HAL_Driver/Src/stm32f4xx_hal_dma.c ****   hdma->XferAbortCallback = NULL;
 520              		.loc 1 358 27 view .LVU206
 521 0056 C3E91311 		strd	r1, r1, [r3, #76]
 522 005a 9A65     		str	r2, [r3, #88]
 523              	.LBB37:
 524              	.LBB31:
1204:Drivers/STM32F4xx_HAL_Driver/Src/stm32f4xx_hal_dma.c **** }
 525              		.loc 1 1204 3 is_stmt 1 view .LVU207
 526              	.LVL33:
1204:Drivers/STM32F4xx_HAL_Driver/Src/stm32f4xx_hal_dma.c **** }
 527              		.loc 1 1204 3 is_stmt 0 view .LVU208
 528              	.LBE31:
 529              	.LBE37:
 354:Drivers/STM32F4xx_HAL_Driver/Src/stm32f4xx_hal_dma.c ****   hdma->XferHalfCpltCallback = NULL;
 530              		.loc 1 354 3 is_stmt 1 view .LVU209
 356:Drivers/STM32F4xx_HAL_Driver/Src/stm32f4xx_hal_dma.c ****   hdma->XferM1HalfCpltCallback = NULL;
 531              		.loc 1 356 3 view .LVU210
 358:Drivers/STM32F4xx_HAL_Driver/Src/stm32f4xx_hal_dma.c ****   hdma->XferAbortCallback = NULL;
 532              		.loc 1 358 3 view .LVU211
 359:Drivers/STM32F4xx_HAL_Driver/Src/stm32f4xx_hal_dma.c **** 
 533              		.loc 1 359 3 view .LVU212
 362:Drivers/STM32F4xx_HAL_Driver/Src/stm32f4xx_hal_dma.c **** 
 534              		.loc 1 362 3 view .LVU213
 362:Drivers/STM32F4xx_HAL_Driver/Src/stm32f4xx_hal_dma.c **** 
 535              		.loc 1 362 14 is_stmt 0 view .LVU214
 536 005c 9460     		str	r4, [r2, #8]
 365:Drivers/STM32F4xx_HAL_Driver/Src/stm32f4xx_hal_dma.c **** 
 537              		.loc 1 365 3 is_stmt 1 view .LVU215
 365:Drivers/STM32F4xx_HAL_Driver/Src/stm32f4xx_hal_dma.c **** 
 538              		.loc 1 365 19 is_stmt 0 view .LVU216
 539 005e 5965     		str	r1, [r3, #84]
 368:Drivers/STM32F4xx_HAL_Driver/Src/stm32f4xx_hal_dma.c **** 
 540              		.loc 1 368 3 is_stmt 1 view .LVU217
 371:Drivers/STM32F4xx_HAL_Driver/Src/stm32f4xx_hal_dma.c **** 
 541              		.loc 1 371 3 is_stmt 0 view .LVU218
 542 0060 83F83410 		strb	r1, [r3, #52]
 368:Drivers/STM32F4xx_HAL_Driver/Src/stm32f4xx_hal_dma.c **** 
 543              		.loc 1 368 15 view .LVU219
 544 0064 83F83510 		strb	r1, [r3, #53]
 371:Drivers/STM32F4xx_HAL_Driver/Src/stm32f4xx_hal_dma.c **** 
 545              		.loc 1 371 3 is_stmt 1 view .LVU220
 371:Drivers/STM32F4xx_HAL_Driver/Src/stm32f4xx_hal_dma.c **** 
 546              		.loc 1 371 3 view .LVU221
 371:Drivers/STM32F4xx_HAL_Driver/Src/stm32f4xx_hal_dma.c **** 
 547              		.loc 1 371 3 view .LVU222
 373:Drivers/STM32F4xx_HAL_Driver/Src/stm32f4xx_hal_dma.c **** }
 548              		.loc 1 373 3 view .LVU223
ARM GAS  C:\Users\joshr\AppData\Local\Temp\cc709mTA.s 			page 36


 373:Drivers/STM32F4xx_HAL_Driver/Src/stm32f4xx_hal_dma.c **** }
 549              		.loc 1 373 10 is_stmt 0 view .LVU224
 550 0068 0846     		mov	r0, r1
 374:Drivers/STM32F4xx_HAL_Driver/Src/stm32f4xx_hal_dma.c **** 
 551              		.loc 1 374 1 view .LVU225
 552 006a 30BC     		pop	{r4, r5}
 553              	.LCFI2:
 554              		.cfi_restore 5
 555              		.cfi_restore 4
 556              		.cfi_def_cfa_offset 0
 557 006c 7047     		bx	lr
 558              	.LVL34:
 559              	.L46:
 316:Drivers/STM32F4xx_HAL_Driver/Src/stm32f4xx_hal_dma.c ****   }
 560              		.loc 1 316 12 view .LVU226
 561 006e 0120     		movs	r0, #1
 562              	.LVL35:
 316:Drivers/STM32F4xx_HAL_Driver/Src/stm32f4xx_hal_dma.c ****   }
 563              		.loc 1 316 12 view .LVU227
 564 0070 7047     		bx	lr
 565              	.LVL36:
 566              	.L51:
 374:Drivers/STM32F4xx_HAL_Driver/Src/stm32f4xx_hal_dma.c **** 
 567              		.loc 1 374 1 view .LVU228
 568 0072 7047     		bx	lr
 569              	.L55:
 570              		.align	2
 571              	.L54:
 572 0074 ABAAAAAA 		.word	-1431655765
 573 0078 00000000 		.word	flagBitshiftOffset.0
 574              		.cfi_endproc
 575              	.LFE135:
 577              		.section	.text.HAL_DMA_Start,"ax",%progbits
 578              		.align	1
 579              		.p2align 2,,3
 580              		.global	HAL_DMA_Start
 581              		.syntax unified
 582              		.thumb
 583              		.thumb_func
 585              	HAL_DMA_Start:
 586              	.LVL37:
 587              	.LFB136:
 408:Drivers/STM32F4xx_HAL_Driver/Src/stm32f4xx_hal_dma.c ****   HAL_StatusTypeDef status = HAL_OK;
 588              		.loc 1 408 1 is_stmt 1 view -0
 589              		.cfi_startproc
 590              		@ args = 0, pretend = 0, frame = 0
 591              		@ frame_needed = 0, uses_anonymous_args = 0
 592              		@ link register save eliminated.
 409:Drivers/STM32F4xx_HAL_Driver/Src/stm32f4xx_hal_dma.c ****   
 593              		.loc 1 409 3 view .LVU230
 412:Drivers/STM32F4xx_HAL_Driver/Src/stm32f4xx_hal_dma.c **** 
 594              		.loc 1 412 3 view .LVU231
 415:Drivers/STM32F4xx_HAL_Driver/Src/stm32f4xx_hal_dma.c **** 
 595              		.loc 1 415 3 view .LVU232
 415:Drivers/STM32F4xx_HAL_Driver/Src/stm32f4xx_hal_dma.c **** 
 596              		.loc 1 415 3 view .LVU233
 408:Drivers/STM32F4xx_HAL_Driver/Src/stm32f4xx_hal_dma.c ****   HAL_StatusTypeDef status = HAL_OK;
ARM GAS  C:\Users\joshr\AppData\Local\Temp\cc709mTA.s 			page 37


 597              		.loc 1 408 1 is_stmt 0 view .LVU234
 598 0000 30B4     		push	{r4, r5}
 599              	.LCFI3:
 600              		.cfi_def_cfa_offset 8
 601              		.cfi_offset 4, -8
 602              		.cfi_offset 5, -4
 415:Drivers/STM32F4xx_HAL_Driver/Src/stm32f4xx_hal_dma.c **** 
 603              		.loc 1 415 3 view .LVU235
 604 0002 90F83440 		ldrb	r4, [r0, #52]	@ zero_extendqisi2
 605 0006 012C     		cmp	r4, #1
 606 0008 09D0     		beq	.L57
 415:Drivers/STM32F4xx_HAL_Driver/Src/stm32f4xx_hal_dma.c **** 
 607              		.loc 1 415 3 is_stmt 1 discriminator 2 view .LVU236
 608 000a 0124     		movs	r4, #1
 609 000c 80F83440 		strb	r4, [r0, #52]
 415:Drivers/STM32F4xx_HAL_Driver/Src/stm32f4xx_hal_dma.c **** 
 610              		.loc 1 415 3 discriminator 2 view .LVU237
 417:Drivers/STM32F4xx_HAL_Driver/Src/stm32f4xx_hal_dma.c ****   {
 611              		.loc 1 417 3 view .LVU238
 417:Drivers/STM32F4xx_HAL_Driver/Src/stm32f4xx_hal_dma.c ****   {
 612              		.loc 1 417 33 is_stmt 0 view .LVU239
 613 0010 90F83540 		ldrb	r4, [r0, #53]	@ zero_extendqisi2
 417:Drivers/STM32F4xx_HAL_Driver/Src/stm32f4xx_hal_dma.c ****   {
 614              		.loc 1 417 5 view .LVU240
 615 0014 012C     		cmp	r4, #1
 616 0016 05D0     		beq	.L66
 434:Drivers/STM32F4xx_HAL_Driver/Src/stm32f4xx_hal_dma.c ****     
 617              		.loc 1 434 5 is_stmt 1 view .LVU241
 434:Drivers/STM32F4xx_HAL_Driver/Src/stm32f4xx_hal_dma.c ****     
 618              		.loc 1 434 5 view .LVU242
 619 0018 0023     		movs	r3, #0
 620              	.LVL38:
 434:Drivers/STM32F4xx_HAL_Driver/Src/stm32f4xx_hal_dma.c ****     
 621              		.loc 1 434 5 is_stmt 0 view .LVU243
 622 001a 80F83430 		strb	r3, [r0, #52]
 434:Drivers/STM32F4xx_HAL_Driver/Src/stm32f4xx_hal_dma.c ****     
 623              		.loc 1 434 5 is_stmt 1 view .LVU244
 437:Drivers/STM32F4xx_HAL_Driver/Src/stm32f4xx_hal_dma.c ****   } 
 624              		.loc 1 437 5 view .LVU245
 625              	.LVL39:
 626              	.L57:
 415:Drivers/STM32F4xx_HAL_Driver/Src/stm32f4xx_hal_dma.c **** 
 627              		.loc 1 415 3 is_stmt 0 discriminator 1 view .LVU246
 628 001e 0220     		movs	r0, #2
 629              	.LVL40:
 440:Drivers/STM32F4xx_HAL_Driver/Src/stm32f4xx_hal_dma.c **** 
 630              		.loc 1 440 1 view .LVU247
 631 0020 30BC     		pop	{r4, r5}
 632              	.LCFI4:
 633              		.cfi_remember_state
 634              		.cfi_restore 5
 635              		.cfi_restore 4
 636              		.cfi_def_cfa_offset 0
 637 0022 7047     		bx	lr
 638              	.LVL41:
 639              	.L66:
 640              	.LCFI5:
ARM GAS  C:\Users\joshr\AppData\Local\Temp\cc709mTA.s 			page 38


 641              		.cfi_restore_state
 420:Drivers/STM32F4xx_HAL_Driver/Src/stm32f4xx_hal_dma.c ****     
 642              		.loc 1 420 5 is_stmt 1 view .LVU248
 420:Drivers/STM32F4xx_HAL_Driver/Src/stm32f4xx_hal_dma.c ****     
 643              		.loc 1 420 17 is_stmt 0 view .LVU249
 644 0024 0224     		movs	r4, #2
 645 0026 80F83540 		strb	r4, [r0, #53]
 423:Drivers/STM32F4xx_HAL_Driver/Src/stm32f4xx_hal_dma.c ****     
 646              		.loc 1 423 5 is_stmt 1 view .LVU250
 423:Drivers/STM32F4xx_HAL_Driver/Src/stm32f4xx_hal_dma.c ****     
 647              		.loc 1 423 21 is_stmt 0 view .LVU251
 648 002a 0024     		movs	r4, #0
 649 002c 4465     		str	r4, [r0, #84]
 426:Drivers/STM32F4xx_HAL_Driver/Src/stm32f4xx_hal_dma.c **** 
 650              		.loc 1 426 5 is_stmt 1 view .LVU252
 651              	.LVL42:
 652              	.LBB38:
 653              	.LBI38:
1151:Drivers/STM32F4xx_HAL_Driver/Src/stm32f4xx_hal_dma.c **** {
 654              		.loc 1 1151 13 view .LVU253
 655              	.LBB39:
1154:Drivers/STM32F4xx_HAL_Driver/Src/stm32f4xx_hal_dma.c **** 
 656              		.loc 1 1154 3 view .LVU254
1154:Drivers/STM32F4xx_HAL_Driver/Src/stm32f4xx_hal_dma.c **** 
 657              		.loc 1 1154 7 is_stmt 0 view .LVU255
 658 002e 0468     		ldr	r4, [r0]
1160:Drivers/STM32F4xx_HAL_Driver/Src/stm32f4xx_hal_dma.c ****   {
 659              		.loc 1 1160 5 view .LVU256
 660 0030 8568     		ldr	r5, [r0, #8]
1154:Drivers/STM32F4xx_HAL_Driver/Src/stm32f4xx_hal_dma.c **** 
 661              		.loc 1 1154 17 view .LVU257
 662 0032 2068     		ldr	r0, [r4]
 663              	.LVL43:
1160:Drivers/STM32F4xx_HAL_Driver/Src/stm32f4xx_hal_dma.c ****   {
 664              		.loc 1 1160 5 view .LVU258
 665 0034 402D     		cmp	r5, #64
1154:Drivers/STM32F4xx_HAL_Driver/Src/stm32f4xx_hal_dma.c **** 
 666              		.loc 1 1154 22 view .LVU259
 667 0036 20F48020 		bic	r0, r0, #262144
 668 003a 2060     		str	r0, [r4]
1157:Drivers/STM32F4xx_HAL_Driver/Src/stm32f4xx_hal_dma.c **** 
 669              		.loc 1 1157 3 is_stmt 1 view .LVU260
1157:Drivers/STM32F4xx_HAL_Driver/Src/stm32f4xx_hal_dma.c **** 
 670              		.loc 1 1157 24 is_stmt 0 view .LVU261
 671 003c 6360     		str	r3, [r4, #4]
1160:Drivers/STM32F4xx_HAL_Driver/Src/stm32f4xx_hal_dma.c ****   {
 672              		.loc 1 1160 3 is_stmt 1 view .LVU262
1163:Drivers/STM32F4xx_HAL_Driver/Src/stm32f4xx_hal_dma.c **** 
 673              		.loc 1 1163 5 view .LVU263
1163:Drivers/STM32F4xx_HAL_Driver/Src/stm32f4xx_hal_dma.c **** 
 674              		.loc 1 1163 25 is_stmt 0 view .LVU264
 675 003e 0BBF     		itete	eq
 676 0040 A260     		streq	r2, [r4, #8]
1166:Drivers/STM32F4xx_HAL_Driver/Src/stm32f4xx_hal_dma.c ****   }
 677              		.loc 1 1166 5 is_stmt 1 view .LVU265
1172:Drivers/STM32F4xx_HAL_Driver/Src/stm32f4xx_hal_dma.c **** 
 678              		.loc 1 1172 25 is_stmt 0 view .LVU266
ARM GAS  C:\Users\joshr\AppData\Local\Temp\cc709mTA.s 			page 39


 679 0042 A160     		strne	r1, [r4, #8]
1166:Drivers/STM32F4xx_HAL_Driver/Src/stm32f4xx_hal_dma.c ****   }
 680              		.loc 1 1166 26 view .LVU267
 681 0044 E160     		streq	r1, [r4, #12]
1172:Drivers/STM32F4xx_HAL_Driver/Src/stm32f4xx_hal_dma.c **** 
 682              		.loc 1 1172 5 is_stmt 1 view .LVU268
1175:Drivers/STM32F4xx_HAL_Driver/Src/stm32f4xx_hal_dma.c ****   }
 683              		.loc 1 1175 5 view .LVU269
1175:Drivers/STM32F4xx_HAL_Driver/Src/stm32f4xx_hal_dma.c ****   }
 684              		.loc 1 1175 26 is_stmt 0 view .LVU270
 685 0046 E260     		strne	r2, [r4, #12]
 686              	.LVL44:
1175:Drivers/STM32F4xx_HAL_Driver/Src/stm32f4xx_hal_dma.c ****   }
 687              		.loc 1 1175 26 view .LVU271
 688              	.LBE39:
 689              	.LBE38:
 429:Drivers/STM32F4xx_HAL_Driver/Src/stm32f4xx_hal_dma.c ****   }
 690              		.loc 1 429 5 is_stmt 1 view .LVU272
 691 0048 2368     		ldr	r3, [r4]
 692              	.LVL45:
 429:Drivers/STM32F4xx_HAL_Driver/Src/stm32f4xx_hal_dma.c ****   }
 693              		.loc 1 429 5 is_stmt 0 view .LVU273
 694 004a 43F00103 		orr	r3, r3, #1
 409:Drivers/STM32F4xx_HAL_Driver/Src/stm32f4xx_hal_dma.c ****   
 695              		.loc 1 409 21 view .LVU274
 696 004e 0020     		movs	r0, #0
 429:Drivers/STM32F4xx_HAL_Driver/Src/stm32f4xx_hal_dma.c ****   }
 697              		.loc 1 429 5 view .LVU275
 698 0050 2360     		str	r3, [r4]
 699              	.LVL46:
 440:Drivers/STM32F4xx_HAL_Driver/Src/stm32f4xx_hal_dma.c **** 
 700              		.loc 1 440 1 view .LVU276
 701 0052 30BC     		pop	{r4, r5}
 702              	.LCFI6:
 703              		.cfi_restore 5
 704              		.cfi_restore 4
 705              		.cfi_def_cfa_offset 0
 706 0054 7047     		bx	lr
 707              		.cfi_endproc
 708              	.LFE136:
 710 0056 00BF     		.section	.text.HAL_DMA_Start_IT,"ax",%progbits
 711              		.align	1
 712              		.p2align 2,,3
 713              		.global	HAL_DMA_Start_IT
 714              		.syntax unified
 715              		.thumb
 716              		.thumb_func
 718              	HAL_DMA_Start_IT:
 719              	.LVL47:
 720              	.LFB137:
 452:Drivers/STM32F4xx_HAL_Driver/Src/stm32f4xx_hal_dma.c ****   HAL_StatusTypeDef status = HAL_OK;
 721              		.loc 1 452 1 is_stmt 1 view -0
 722              		.cfi_startproc
 723              		@ args = 0, pretend = 0, frame = 0
 724              		@ frame_needed = 0, uses_anonymous_args = 0
 725              		@ link register save eliminated.
 453:Drivers/STM32F4xx_HAL_Driver/Src/stm32f4xx_hal_dma.c **** 
ARM GAS  C:\Users\joshr\AppData\Local\Temp\cc709mTA.s 			page 40


 726              		.loc 1 453 3 view .LVU278
 456:Drivers/STM32F4xx_HAL_Driver/Src/stm32f4xx_hal_dma.c ****   
 727              		.loc 1 456 3 view .LVU279
 452:Drivers/STM32F4xx_HAL_Driver/Src/stm32f4xx_hal_dma.c ****   HAL_StatusTypeDef status = HAL_OK;
 728              		.loc 1 452 1 is_stmt 0 view .LVU280
 729 0000 70B4     		push	{r4, r5, r6}
 730              	.LCFI7:
 731              		.cfi_def_cfa_offset 12
 732              		.cfi_offset 4, -12
 733              		.cfi_offset 5, -8
 734              		.cfi_offset 6, -4
 462:Drivers/STM32F4xx_HAL_Driver/Src/stm32f4xx_hal_dma.c ****   
 735              		.loc 1 462 3 view .LVU281
 736 0002 90F83440 		ldrb	r4, [r0, #52]	@ zero_extendqisi2
 456:Drivers/STM32F4xx_HAL_Driver/Src/stm32f4xx_hal_dma.c ****   
 737              		.loc 1 456 56 view .LVU282
 738 0006 856D     		ldr	r5, [r0, #88]
 739              	.LVL48:
 459:Drivers/STM32F4xx_HAL_Driver/Src/stm32f4xx_hal_dma.c ****  
 740              		.loc 1 459 3 is_stmt 1 view .LVU283
 462:Drivers/STM32F4xx_HAL_Driver/Src/stm32f4xx_hal_dma.c ****   
 741              		.loc 1 462 3 view .LVU284
 462:Drivers/STM32F4xx_HAL_Driver/Src/stm32f4xx_hal_dma.c ****   
 742              		.loc 1 462 3 view .LVU285
 743 0008 012C     		cmp	r4, #1
 744 000a 0AD0     		beq	.L68
 462:Drivers/STM32F4xx_HAL_Driver/Src/stm32f4xx_hal_dma.c ****   
 745              		.loc 1 462 3 discriminator 2 view .LVU286
 464:Drivers/STM32F4xx_HAL_Driver/Src/stm32f4xx_hal_dma.c ****   {
 746              		.loc 1 464 33 is_stmt 0 view .LVU287
 747 000c 90F83540 		ldrb	r4, [r0, #53]	@ zero_extendqisi2
 462:Drivers/STM32F4xx_HAL_Driver/Src/stm32f4xx_hal_dma.c ****   
 748              		.loc 1 462 3 discriminator 2 view .LVU288
 749 0010 4FF0010C 		mov	ip, #1
 464:Drivers/STM32F4xx_HAL_Driver/Src/stm32f4xx_hal_dma.c ****   {
 750              		.loc 1 464 5 view .LVU289
 751 0014 6445     		cmp	r4, ip
 462:Drivers/STM32F4xx_HAL_Driver/Src/stm32f4xx_hal_dma.c ****   
 752              		.loc 1 462 3 discriminator 2 view .LVU290
 753 0016 80F834C0 		strb	ip, [r0, #52]
 462:Drivers/STM32F4xx_HAL_Driver/Src/stm32f4xx_hal_dma.c ****   
 754              		.loc 1 462 3 is_stmt 1 discriminator 2 view .LVU291
 464:Drivers/STM32F4xx_HAL_Driver/Src/stm32f4xx_hal_dma.c ****   {
 755              		.loc 1 464 3 view .LVU292
 464:Drivers/STM32F4xx_HAL_Driver/Src/stm32f4xx_hal_dma.c ****   {
 756              		.loc 1 464 5 is_stmt 0 view .LVU293
 757 001a 05D0     		beq	.L81
 492:Drivers/STM32F4xx_HAL_Driver/Src/stm32f4xx_hal_dma.c ****     
 758              		.loc 1 492 5 is_stmt 1 view .LVU294
 492:Drivers/STM32F4xx_HAL_Driver/Src/stm32f4xx_hal_dma.c ****     
 759              		.loc 1 492 5 view .LVU295
 760 001c 0023     		movs	r3, #0
 761              	.LVL49:
 492:Drivers/STM32F4xx_HAL_Driver/Src/stm32f4xx_hal_dma.c ****     
 762              		.loc 1 492 5 is_stmt 0 view .LVU296
 763 001e 80F83430 		strb	r3, [r0, #52]
 492:Drivers/STM32F4xx_HAL_Driver/Src/stm32f4xx_hal_dma.c ****     
ARM GAS  C:\Users\joshr\AppData\Local\Temp\cc709mTA.s 			page 41


 764              		.loc 1 492 5 is_stmt 1 view .LVU297
 495:Drivers/STM32F4xx_HAL_Driver/Src/stm32f4xx_hal_dma.c ****   }
 765              		.loc 1 495 5 view .LVU298
 766              	.LVL50:
 767              	.L68:
 462:Drivers/STM32F4xx_HAL_Driver/Src/stm32f4xx_hal_dma.c ****   
 768              		.loc 1 462 3 is_stmt 0 discriminator 1 view .LVU299
 769 0022 0220     		movs	r0, #2
 770              	.LVL51:
 499:Drivers/STM32F4xx_HAL_Driver/Src/stm32f4xx_hal_dma.c **** 
 771              		.loc 1 499 1 view .LVU300
 772 0024 70BC     		pop	{r4, r5, r6}
 773              	.LCFI8:
 774              		.cfi_remember_state
 775              		.cfi_restore 6
 776              		.cfi_restore 5
 777              		.cfi_restore 4
 778              		.cfi_def_cfa_offset 0
 779              	.LVL52:
 499:Drivers/STM32F4xx_HAL_Driver/Src/stm32f4xx_hal_dma.c **** 
 780              		.loc 1 499 1 view .LVU301
 781 0026 7047     		bx	lr
 782              	.LVL53:
 783              	.L81:
 784              	.LCFI9:
 785              		.cfi_restore_state
 467:Drivers/STM32F4xx_HAL_Driver/Src/stm32f4xx_hal_dma.c ****     
 786              		.loc 1 467 5 is_stmt 1 view .LVU302
 467:Drivers/STM32F4xx_HAL_Driver/Src/stm32f4xx_hal_dma.c ****     
 787              		.loc 1 467 17 is_stmt 0 view .LVU303
 788 0028 0226     		movs	r6, #2
 789 002a 80F83560 		strb	r6, [r0, #53]
 470:Drivers/STM32F4xx_HAL_Driver/Src/stm32f4xx_hal_dma.c ****     
 790              		.loc 1 470 5 is_stmt 1 view .LVU304
 791              	.LBB40:
 792              	.LBB41:
1154:Drivers/STM32F4xx_HAL_Driver/Src/stm32f4xx_hal_dma.c **** 
 793              		.loc 1 1154 7 is_stmt 0 view .LVU305
 794 002e 0468     		ldr	r4, [r0]
 795              	.LBE41:
 796              	.LBE40:
 470:Drivers/STM32F4xx_HAL_Driver/Src/stm32f4xx_hal_dma.c ****     
 797              		.loc 1 470 21 view .LVU306
 798 0030 0026     		movs	r6, #0
 799 0032 4665     		str	r6, [r0, #84]
 473:Drivers/STM32F4xx_HAL_Driver/Src/stm32f4xx_hal_dma.c ****     
 800              		.loc 1 473 5 is_stmt 1 view .LVU307
 801              	.LVL54:
 802              	.LBB44:
 803              	.LBI40:
1151:Drivers/STM32F4xx_HAL_Driver/Src/stm32f4xx_hal_dma.c **** {
 804              		.loc 1 1151 13 view .LVU308
 805              	.LBB42:
1154:Drivers/STM32F4xx_HAL_Driver/Src/stm32f4xx_hal_dma.c **** 
 806              		.loc 1 1154 3 view .LVU309
1154:Drivers/STM32F4xx_HAL_Driver/Src/stm32f4xx_hal_dma.c **** 
 807              		.loc 1 1154 17 is_stmt 0 view .LVU310
ARM GAS  C:\Users\joshr\AppData\Local\Temp\cc709mTA.s 			page 42


 808 0034 2668     		ldr	r6, [r4]
1154:Drivers/STM32F4xx_HAL_Driver/Src/stm32f4xx_hal_dma.c **** 
 809              		.loc 1 1154 22 view .LVU311
 810 0036 26F48026 		bic	r6, r6, #262144
 811 003a 2660     		str	r6, [r4]
1157:Drivers/STM32F4xx_HAL_Driver/Src/stm32f4xx_hal_dma.c **** 
 812              		.loc 1 1157 3 is_stmt 1 view .LVU312
1157:Drivers/STM32F4xx_HAL_Driver/Src/stm32f4xx_hal_dma.c **** 
 813              		.loc 1 1157 24 is_stmt 0 view .LVU313
 814 003c 6360     		str	r3, [r4, #4]
1160:Drivers/STM32F4xx_HAL_Driver/Src/stm32f4xx_hal_dma.c ****   {
 815              		.loc 1 1160 3 is_stmt 1 view .LVU314
1160:Drivers/STM32F4xx_HAL_Driver/Src/stm32f4xx_hal_dma.c ****   {
 816              		.loc 1 1160 5 is_stmt 0 view .LVU315
 817 003e 8368     		ldr	r3, [r0, #8]
 818              	.LVL55:
1160:Drivers/STM32F4xx_HAL_Driver/Src/stm32f4xx_hal_dma.c ****   {
 819              		.loc 1 1160 5 view .LVU316
 820 0040 402B     		cmp	r3, #64
1163:Drivers/STM32F4xx_HAL_Driver/Src/stm32f4xx_hal_dma.c **** 
 821              		.loc 1 1163 5 is_stmt 1 view .LVU317
1163:Drivers/STM32F4xx_HAL_Driver/Src/stm32f4xx_hal_dma.c **** 
 822              		.loc 1 1163 25 is_stmt 0 view .LVU318
 823 0042 0EBF     		itee	eq
 824 0044 A260     		streq	r2, [r4, #8]
1166:Drivers/STM32F4xx_HAL_Driver/Src/stm32f4xx_hal_dma.c ****   }
 825              		.loc 1 1166 5 is_stmt 1 view .LVU319
1172:Drivers/STM32F4xx_HAL_Driver/Src/stm32f4xx_hal_dma.c **** 
 826              		.loc 1 1172 25 is_stmt 0 view .LVU320
 827 0046 A160     		strne	r1, [r4, #8]
1175:Drivers/STM32F4xx_HAL_Driver/Src/stm32f4xx_hal_dma.c ****   }
 828              		.loc 1 1175 26 view .LVU321
 829 0048 E260     		strne	r2, [r4, #12]
 830              	.LBE42:
 831              	.LBE44:
 476:Drivers/STM32F4xx_HAL_Driver/Src/stm32f4xx_hal_dma.c ****     
 832              		.loc 1 476 24 view .LVU322
 833 004a C26D     		ldr	r2, [r0, #92]
 834              	.LVL56:
 835              	.LBB45:
 836              	.LBB43:
1166:Drivers/STM32F4xx_HAL_Driver/Src/stm32f4xx_hal_dma.c ****   }
 837              		.loc 1 1166 26 view .LVU323
 838 004c 08BF     		it	eq
 839 004e E160     		streq	r1, [r4, #12]
1172:Drivers/STM32F4xx_HAL_Driver/Src/stm32f4xx_hal_dma.c **** 
 840              		.loc 1 1172 5 is_stmt 1 view .LVU324
1175:Drivers/STM32F4xx_HAL_Driver/Src/stm32f4xx_hal_dma.c ****   }
 841              		.loc 1 1175 5 view .LVU325
 842              	.LVL57:
1175:Drivers/STM32F4xx_HAL_Driver/Src/stm32f4xx_hal_dma.c ****   }
 843              		.loc 1 1175 5 is_stmt 0 view .LVU326
 844              	.LBE43:
 845              	.LBE45:
 476:Drivers/STM32F4xx_HAL_Driver/Src/stm32f4xx_hal_dma.c ****     
 846              		.loc 1 476 5 is_stmt 1 view .LVU327
 476:Drivers/STM32F4xx_HAL_Driver/Src/stm32f4xx_hal_dma.c ****     
ARM GAS  C:\Users\joshr\AppData\Local\Temp\cc709mTA.s 			page 43


 847              		.loc 1 476 24 is_stmt 0 view .LVU328
 848 0050 3F23     		movs	r3, #63
 849 0052 9340     		lsls	r3, r3, r2
 476:Drivers/STM32F4xx_HAL_Driver/Src/stm32f4xx_hal_dma.c ****     
 850              		.loc 1 476 16 view .LVU329
 851 0054 AB60     		str	r3, [r5, #8]
 852              	.LVL58:
 479:Drivers/STM32F4xx_HAL_Driver/Src/stm32f4xx_hal_dma.c ****     
 853              		.loc 1 479 5 is_stmt 1 view .LVU330
 479:Drivers/STM32F4xx_HAL_Driver/Src/stm32f4xx_hal_dma.c ****     
 854              		.loc 1 479 19 is_stmt 0 view .LVU331
 855 0056 2368     		ldr	r3, [r4]
 481:Drivers/STM32F4xx_HAL_Driver/Src/stm32f4xx_hal_dma.c ****     {
 856              		.loc 1 481 7 view .LVU332
 857 0058 026C     		ldr	r2, [r0, #64]
 479:Drivers/STM32F4xx_HAL_Driver/Src/stm32f4xx_hal_dma.c ****     
 858              		.loc 1 479 25 view .LVU333
 859 005a 43F01603 		orr	r3, r3, #22
 860 005e 2360     		str	r3, [r4]
 481:Drivers/STM32F4xx_HAL_Driver/Src/stm32f4xx_hal_dma.c ****     {
 861              		.loc 1 481 5 is_stmt 1 view .LVU334
 481:Drivers/STM32F4xx_HAL_Driver/Src/stm32f4xx_hal_dma.c ****     {
 862              		.loc 1 481 7 is_stmt 0 view .LVU335
 863 0060 1AB1     		cbz	r2, .L72
 483:Drivers/STM32F4xx_HAL_Driver/Src/stm32f4xx_hal_dma.c ****     }
 864              		.loc 1 483 7 is_stmt 1 view .LVU336
 483:Drivers/STM32F4xx_HAL_Driver/Src/stm32f4xx_hal_dma.c ****     }
 865              		.loc 1 483 21 is_stmt 0 view .LVU337
 866 0062 2368     		ldr	r3, [r4]
 483:Drivers/STM32F4xx_HAL_Driver/Src/stm32f4xx_hal_dma.c ****     }
 867              		.loc 1 483 27 view .LVU338
 868 0064 43F00803 		orr	r3, r3, #8
 869 0068 2360     		str	r3, [r4]
 870              	.L72:
 487:Drivers/STM32F4xx_HAL_Driver/Src/stm32f4xx_hal_dma.c ****   }
 871              		.loc 1 487 5 is_stmt 1 view .LVU339
 872 006a 2368     		ldr	r3, [r4]
 873 006c 43F00103 		orr	r3, r3, #1
 453:Drivers/STM32F4xx_HAL_Driver/Src/stm32f4xx_hal_dma.c **** 
 874              		.loc 1 453 21 is_stmt 0 view .LVU340
 875 0070 0020     		movs	r0, #0
 876              	.LVL59:
 487:Drivers/STM32F4xx_HAL_Driver/Src/stm32f4xx_hal_dma.c ****   }
 877              		.loc 1 487 5 view .LVU341
 878 0072 2360     		str	r3, [r4]
 879              	.LVL60:
 499:Drivers/STM32F4xx_HAL_Driver/Src/stm32f4xx_hal_dma.c **** 
 880              		.loc 1 499 1 view .LVU342
 881 0074 70BC     		pop	{r4, r5, r6}
 882              	.LCFI10:
 883              		.cfi_restore 6
 884              		.cfi_restore 5
 885              		.cfi_restore 4
 886              		.cfi_def_cfa_offset 0
 887              	.LVL61:
 499:Drivers/STM32F4xx_HAL_Driver/Src/stm32f4xx_hal_dma.c **** 
 888              		.loc 1 499 1 view .LVU343
ARM GAS  C:\Users\joshr\AppData\Local\Temp\cc709mTA.s 			page 44


 889 0076 7047     		bx	lr
 890              		.cfi_endproc
 891              	.LFE137:
 893              		.section	.text.HAL_DMA_Abort,"ax",%progbits
 894              		.align	1
 895              		.p2align 2,,3
 896              		.global	HAL_DMA_Abort
 897              		.syntax unified
 898              		.thumb
 899              		.thumb_func
 901              	HAL_DMA_Abort:
 902              	.LVL62:
 903              	.LFB138:
 514:Drivers/STM32F4xx_HAL_Driver/Src/stm32f4xx_hal_dma.c ****   /* calculate DMA base and stream number */
 904              		.loc 1 514 1 is_stmt 1 view -0
 905              		.cfi_startproc
 906              		@ args = 0, pretend = 0, frame = 0
 907              		@ frame_needed = 0, uses_anonymous_args = 0
 516:Drivers/STM32F4xx_HAL_Driver/Src/stm32f4xx_hal_dma.c ****   
 908              		.loc 1 516 3 view .LVU345
 514:Drivers/STM32F4xx_HAL_Driver/Src/stm32f4xx_hal_dma.c ****   /* calculate DMA base and stream number */
 909              		.loc 1 514 1 is_stmt 0 view .LVU346
 910 0000 70B5     		push	{r4, r5, r6, lr}
 911              	.LCFI11:
 912              		.cfi_def_cfa_offset 16
 913              		.cfi_offset 4, -16
 914              		.cfi_offset 5, -12
 915              		.cfi_offset 6, -8
 916              		.cfi_offset 14, -4
 514:Drivers/STM32F4xx_HAL_Driver/Src/stm32f4xx_hal_dma.c ****   /* calculate DMA base and stream number */
 917              		.loc 1 514 1 view .LVU347
 918 0002 0446     		mov	r4, r0
 516:Drivers/STM32F4xx_HAL_Driver/Src/stm32f4xx_hal_dma.c ****   
 919              		.loc 1 516 56 view .LVU348
 920 0004 866D     		ldr	r6, [r0, #88]
 921              	.LVL63:
 518:Drivers/STM32F4xx_HAL_Driver/Src/stm32f4xx_hal_dma.c ****   
 922              		.loc 1 518 3 is_stmt 1 view .LVU349
 518:Drivers/STM32F4xx_HAL_Driver/Src/stm32f4xx_hal_dma.c ****   
 923              		.loc 1 518 24 is_stmt 0 view .LVU350
 924 0006 FFF7FEFF 		bl	HAL_GetTick
 925              	.LVL64:
 520:Drivers/STM32F4xx_HAL_Driver/Src/stm32f4xx_hal_dma.c ****   {
 926              		.loc 1 520 3 is_stmt 1 view .LVU351
 520:Drivers/STM32F4xx_HAL_Driver/Src/stm32f4xx_hal_dma.c ****   {
 927              		.loc 1 520 10 is_stmt 0 view .LVU352
 928 000a 94F83530 		ldrb	r3, [r4, #53]	@ zero_extendqisi2
 520:Drivers/STM32F4xx_HAL_Driver/Src/stm32f4xx_hal_dma.c ****   {
 929              		.loc 1 520 5 view .LVU353
 930 000e 022B     		cmp	r3, #2
 931 0010 06D0     		beq	.L83
 522:Drivers/STM32F4xx_HAL_Driver/Src/stm32f4xx_hal_dma.c ****     
 932              		.loc 1 522 5 is_stmt 1 view .LVU354
 522:Drivers/STM32F4xx_HAL_Driver/Src/stm32f4xx_hal_dma.c ****     
 933              		.loc 1 522 21 is_stmt 0 view .LVU355
 934 0012 8023     		movs	r3, #128
 935 0014 6365     		str	r3, [r4, #84]
ARM GAS  C:\Users\joshr\AppData\Local\Temp\cc709mTA.s 			page 45


 525:Drivers/STM32F4xx_HAL_Driver/Src/stm32f4xx_hal_dma.c ****     
 936              		.loc 1 525 5 is_stmt 1 view .LVU356
 525:Drivers/STM32F4xx_HAL_Driver/Src/stm32f4xx_hal_dma.c ****     
 937              		.loc 1 525 5 view .LVU357
 525:Drivers/STM32F4xx_HAL_Driver/Src/stm32f4xx_hal_dma.c ****     
 938              		.loc 1 525 5 view .LVU358
 527:Drivers/STM32F4xx_HAL_Driver/Src/stm32f4xx_hal_dma.c ****   }
 939              		.loc 1 527 5 view .LVU359
 525:Drivers/STM32F4xx_HAL_Driver/Src/stm32f4xx_hal_dma.c ****     
 940              		.loc 1 525 5 is_stmt 0 view .LVU360
 941 0016 0023     		movs	r3, #0
 942 0018 84F83430 		strb	r3, [r4, #52]
 527:Drivers/STM32F4xx_HAL_Driver/Src/stm32f4xx_hal_dma.c ****   }
 943              		.loc 1 527 12 view .LVU361
 944 001c 0120     		movs	r0, #1
 945              	.LVL65:
 572:Drivers/STM32F4xx_HAL_Driver/Src/stm32f4xx_hal_dma.c **** 
 946              		.loc 1 572 1 view .LVU362
 947 001e 70BD     		pop	{r4, r5, r6, pc}
 948              	.LVL66:
 949              	.L83:
 532:Drivers/STM32F4xx_HAL_Driver/Src/stm32f4xx_hal_dma.c ****     hdma->Instance->FCR &= ~(DMA_IT_FE);
 950              		.loc 1 532 5 is_stmt 1 view .LVU363
 532:Drivers/STM32F4xx_HAL_Driver/Src/stm32f4xx_hal_dma.c ****     hdma->Instance->FCR &= ~(DMA_IT_FE);
 951              		.loc 1 532 9 is_stmt 0 view .LVU364
 952 0020 2368     		ldr	r3, [r4]
 532:Drivers/STM32F4xx_HAL_Driver/Src/stm32f4xx_hal_dma.c ****     hdma->Instance->FCR &= ~(DMA_IT_FE);
 953              		.loc 1 532 19 view .LVU365
 954 0022 1A68     		ldr	r2, [r3]
 532:Drivers/STM32F4xx_HAL_Driver/Src/stm32f4xx_hal_dma.c ****     hdma->Instance->FCR &= ~(DMA_IT_FE);
 955              		.loc 1 532 25 view .LVU366
 956 0024 22F01602 		bic	r2, r2, #22
 957 0028 1A60     		str	r2, [r3]
 533:Drivers/STM32F4xx_HAL_Driver/Src/stm32f4xx_hal_dma.c ****     
 958              		.loc 1 533 5 is_stmt 1 view .LVU367
 533:Drivers/STM32F4xx_HAL_Driver/Src/stm32f4xx_hal_dma.c ****     
 959              		.loc 1 533 19 is_stmt 0 view .LVU368
 960 002a 5A69     		ldr	r2, [r3, #20]
 533:Drivers/STM32F4xx_HAL_Driver/Src/stm32f4xx_hal_dma.c ****     
 961              		.loc 1 533 25 view .LVU369
 962 002c 22F08002 		bic	r2, r2, #128
 963 0030 5A61     		str	r2, [r3, #20]
 535:Drivers/STM32F4xx_HAL_Driver/Src/stm32f4xx_hal_dma.c ****     {
 964              		.loc 1 535 5 is_stmt 1 view .LVU370
 535:Drivers/STM32F4xx_HAL_Driver/Src/stm32f4xx_hal_dma.c ****     {
 965              		.loc 1 535 7 is_stmt 0 view .LVU371
 966 0032 226C     		ldr	r2, [r4, #64]
 967 0034 0546     		mov	r5, r0
 968 0036 42B3     		cbz	r2, .L94
 969              	.L85:
 537:Drivers/STM32F4xx_HAL_Driver/Src/stm32f4xx_hal_dma.c ****     }
 970              		.loc 1 537 7 is_stmt 1 view .LVU372
 537:Drivers/STM32F4xx_HAL_Driver/Src/stm32f4xx_hal_dma.c ****     }
 971              		.loc 1 537 21 is_stmt 0 view .LVU373
 972 0038 1A68     		ldr	r2, [r3]
 537:Drivers/STM32F4xx_HAL_Driver/Src/stm32f4xx_hal_dma.c ****     }
 973              		.loc 1 537 27 view .LVU374
ARM GAS  C:\Users\joshr\AppData\Local\Temp\cc709mTA.s 			page 46


 974 003a 22F00802 		bic	r2, r2, #8
 975 003e 1A60     		str	r2, [r3]
 976              	.L86:
 541:Drivers/STM32F4xx_HAL_Driver/Src/stm32f4xx_hal_dma.c ****     
 977              		.loc 1 541 5 is_stmt 1 view .LVU375
 978 0040 1A68     		ldr	r2, [r3]
 979 0042 22F00102 		bic	r2, r2, #1
 980 0046 1A60     		str	r2, [r3]
 544:Drivers/STM32F4xx_HAL_Driver/Src/stm32f4xx_hal_dma.c ****     {
 981              		.loc 1 544 5 view .LVU376
 544:Drivers/STM32F4xx_HAL_Driver/Src/stm32f4xx_hal_dma.c ****     {
 982              		.loc 1 544 10 is_stmt 0 view .LVU377
 983 0048 05E0     		b	.L87
 984              	.LVL67:
 985              	.L89:
 547:Drivers/STM32F4xx_HAL_Driver/Src/stm32f4xx_hal_dma.c ****       {
 986              		.loc 1 547 11 view .LVU378
 987 004a FFF7FEFF 		bl	HAL_GetTick
 988              	.LVL68:
 547:Drivers/STM32F4xx_HAL_Driver/Src/stm32f4xx_hal_dma.c ****       {
 989              		.loc 1 547 25 discriminator 1 view .LVU379
 990 004e 431B     		subs	r3, r0, r5
 547:Drivers/STM32F4xx_HAL_Driver/Src/stm32f4xx_hal_dma.c ****       {
 991              		.loc 1 547 9 discriminator 1 view .LVU380
 992 0050 052B     		cmp	r3, #5
 993 0052 10D8     		bhi	.L95
 544:Drivers/STM32F4xx_HAL_Driver/Src/stm32f4xx_hal_dma.c ****     {
 994              		.loc 1 544 16 view .LVU381
 995 0054 2368     		ldr	r3, [r4]
 996              	.L87:
 547:Drivers/STM32F4xx_HAL_Driver/Src/stm32f4xx_hal_dma.c ****       {
 997              		.loc 1 547 7 is_stmt 1 view .LVU382
 544:Drivers/STM32F4xx_HAL_Driver/Src/stm32f4xx_hal_dma.c ****     {
 998              		.loc 1 544 46 view .LVU383
 544:Drivers/STM32F4xx_HAL_Driver/Src/stm32f4xx_hal_dma.c ****     {
 999              		.loc 1 544 26 is_stmt 0 view .LVU384
 1000 0056 1B68     		ldr	r3, [r3]
 544:Drivers/STM32F4xx_HAL_Driver/Src/stm32f4xx_hal_dma.c ****     {
 1001              		.loc 1 544 46 view .LVU385
 1002 0058 13F00103 		ands	r3, r3, #1
 1003 005c F5D1     		bne	.L89
 563:Drivers/STM32F4xx_HAL_Driver/Src/stm32f4xx_hal_dma.c ****     
 1004              		.loc 1 563 5 is_stmt 1 view .LVU386
 563:Drivers/STM32F4xx_HAL_Driver/Src/stm32f4xx_hal_dma.c ****     
 1005              		.loc 1 563 24 is_stmt 0 view .LVU387
 1006 005e E16D     		ldr	r1, [r4, #92]
 1007 0060 3F22     		movs	r2, #63
 1008 0062 8A40     		lsls	r2, r2, r1
 571:Drivers/STM32F4xx_HAL_Driver/Src/stm32f4xx_hal_dma.c **** }
 1009              		.loc 1 571 10 view .LVU388
 1010 0064 1846     		mov	r0, r3
 566:Drivers/STM32F4xx_HAL_Driver/Src/stm32f4xx_hal_dma.c ****     
 1011              		.loc 1 566 17 view .LVU389
 1012 0066 0121     		movs	r1, #1
 525:Drivers/STM32F4xx_HAL_Driver/Src/stm32f4xx_hal_dma.c ****     
 1013              		.loc 1 525 5 view .LVU390
 1014 0068 0023     		movs	r3, #0
ARM GAS  C:\Users\joshr\AppData\Local\Temp\cc709mTA.s 			page 47


 563:Drivers/STM32F4xx_HAL_Driver/Src/stm32f4xx_hal_dma.c ****     
 1015              		.loc 1 563 16 view .LVU391
 1016 006a B260     		str	r2, [r6, #8]
 566:Drivers/STM32F4xx_HAL_Driver/Src/stm32f4xx_hal_dma.c ****     
 1017              		.loc 1 566 5 is_stmt 1 view .LVU392
 566:Drivers/STM32F4xx_HAL_Driver/Src/stm32f4xx_hal_dma.c ****     
 1018              		.loc 1 566 17 is_stmt 0 view .LVU393
 1019 006c 84F83510 		strb	r1, [r4, #53]
 569:Drivers/STM32F4xx_HAL_Driver/Src/stm32f4xx_hal_dma.c ****   }
 1020              		.loc 1 569 5 is_stmt 1 view .LVU394
 569:Drivers/STM32F4xx_HAL_Driver/Src/stm32f4xx_hal_dma.c ****   }
 1021              		.loc 1 569 5 view .LVU395
 569:Drivers/STM32F4xx_HAL_Driver/Src/stm32f4xx_hal_dma.c ****   }
 1022              		.loc 1 569 5 view .LVU396
 571:Drivers/STM32F4xx_HAL_Driver/Src/stm32f4xx_hal_dma.c **** }
 1023              		.loc 1 571 3 view .LVU397
 525:Drivers/STM32F4xx_HAL_Driver/Src/stm32f4xx_hal_dma.c ****     
 1024              		.loc 1 525 5 is_stmt 0 view .LVU398
 1025 0070 84F83430 		strb	r3, [r4, #52]
 572:Drivers/STM32F4xx_HAL_Driver/Src/stm32f4xx_hal_dma.c **** 
 1026              		.loc 1 572 1 view .LVU399
 1027 0074 70BD     		pop	{r4, r5, r6, pc}
 1028              	.LVL69:
 1029              	.L95:
 550:Drivers/STM32F4xx_HAL_Driver/Src/stm32f4xx_hal_dma.c ****         
 1030              		.loc 1 550 9 is_stmt 1 view .LVU400
 553:Drivers/STM32F4xx_HAL_Driver/Src/stm32f4xx_hal_dma.c ****         
 1031              		.loc 1 553 21 is_stmt 0 view .LVU401
 1032 0076 0323     		movs	r3, #3
 550:Drivers/STM32F4xx_HAL_Driver/Src/stm32f4xx_hal_dma.c ****         
 1033              		.loc 1 550 25 view .LVU402
 1034 0078 2022     		movs	r2, #32
 1035 007a 6265     		str	r2, [r4, #84]
 553:Drivers/STM32F4xx_HAL_Driver/Src/stm32f4xx_hal_dma.c ****         
 1036              		.loc 1 553 9 is_stmt 1 view .LVU403
 558:Drivers/STM32F4xx_HAL_Driver/Src/stm32f4xx_hal_dma.c ****       }
 1037              		.loc 1 558 16 is_stmt 0 view .LVU404
 1038 007c 1846     		mov	r0, r3
 553:Drivers/STM32F4xx_HAL_Driver/Src/stm32f4xx_hal_dma.c ****         
 1039              		.loc 1 553 21 view .LVU405
 1040 007e 84F83530 		strb	r3, [r4, #53]
 556:Drivers/STM32F4xx_HAL_Driver/Src/stm32f4xx_hal_dma.c ****         
 1041              		.loc 1 556 9 is_stmt 1 view .LVU406
 556:Drivers/STM32F4xx_HAL_Driver/Src/stm32f4xx_hal_dma.c ****         
 1042              		.loc 1 556 9 view .LVU407
 556:Drivers/STM32F4xx_HAL_Driver/Src/stm32f4xx_hal_dma.c ****         
 1043              		.loc 1 556 9 view .LVU408
 558:Drivers/STM32F4xx_HAL_Driver/Src/stm32f4xx_hal_dma.c ****       }
 1044              		.loc 1 558 9 view .LVU409
 525:Drivers/STM32F4xx_HAL_Driver/Src/stm32f4xx_hal_dma.c ****     
 1045              		.loc 1 525 5 is_stmt 0 view .LVU410
 1046 0082 0023     		movs	r3, #0
 1047 0084 84F83430 		strb	r3, [r4, #52]
 572:Drivers/STM32F4xx_HAL_Driver/Src/stm32f4xx_hal_dma.c **** 
 1048              		.loc 1 572 1 view .LVU411
 1049 0088 70BD     		pop	{r4, r5, r6, pc}
 1050              	.LVL70:
ARM GAS  C:\Users\joshr\AppData\Local\Temp\cc709mTA.s 			page 48


 1051              	.L94:
 535:Drivers/STM32F4xx_HAL_Driver/Src/stm32f4xx_hal_dma.c ****     {
 1052              		.loc 1 535 45 discriminator 1 view .LVU412
 1053 008a A26C     		ldr	r2, [r4, #72]
 1054 008c 002A     		cmp	r2, #0
 1055 008e D3D1     		bne	.L85
 1056 0090 D6E7     		b	.L86
 1057              		.cfi_endproc
 1058              	.LFE138:
 1060 0092 00BF     		.section	.text.HAL_DMA_Abort_IT,"ax",%progbits
 1061              		.align	1
 1062              		.p2align 2,,3
 1063              		.global	HAL_DMA_Abort_IT
 1064              		.syntax unified
 1065              		.thumb
 1066              		.thumb_func
 1068              	HAL_DMA_Abort_IT:
 1069              	.LVL71:
 1070              	.LFB139:
 581:Drivers/STM32F4xx_HAL_Driver/Src/stm32f4xx_hal_dma.c ****   if(hdma->State != HAL_DMA_STATE_BUSY)
 1071              		.loc 1 581 1 is_stmt 1 view -0
 1072              		.cfi_startproc
 1073              		@ args = 0, pretend = 0, frame = 0
 1074              		@ frame_needed = 0, uses_anonymous_args = 0
 1075              		@ link register save eliminated.
 582:Drivers/STM32F4xx_HAL_Driver/Src/stm32f4xx_hal_dma.c ****   {
 1076              		.loc 1 582 3 view .LVU414
 582:Drivers/STM32F4xx_HAL_Driver/Src/stm32f4xx_hal_dma.c ****   {
 1077              		.loc 1 582 10 is_stmt 0 view .LVU415
 1078 0000 90F83530 		ldrb	r3, [r0, #53]	@ zero_extendqisi2
 582:Drivers/STM32F4xx_HAL_Driver/Src/stm32f4xx_hal_dma.c ****   {
 1079              		.loc 1 582 5 view .LVU416
 1080 0004 022B     		cmp	r3, #2
 1081 0006 03D0     		beq	.L97
 584:Drivers/STM32F4xx_HAL_Driver/Src/stm32f4xx_hal_dma.c ****     return HAL_ERROR;
 1082              		.loc 1 584 5 is_stmt 1 view .LVU417
 584:Drivers/STM32F4xx_HAL_Driver/Src/stm32f4xx_hal_dma.c ****     return HAL_ERROR;
 1083              		.loc 1 584 21 is_stmt 0 view .LVU418
 1084 0008 8023     		movs	r3, #128
 1085 000a 4365     		str	r3, [r0, #84]
 585:Drivers/STM32F4xx_HAL_Driver/Src/stm32f4xx_hal_dma.c ****   }
 1086              		.loc 1 585 5 is_stmt 1 view .LVU419
 585:Drivers/STM32F4xx_HAL_Driver/Src/stm32f4xx_hal_dma.c ****   }
 1087              		.loc 1 585 12 is_stmt 0 view .LVU420
 1088 000c 0120     		movs	r0, #1
 1089              	.LVL72:
 585:Drivers/STM32F4xx_HAL_Driver/Src/stm32f4xx_hal_dma.c ****   }
 1090              		.loc 1 585 12 view .LVU421
 1091 000e 7047     		bx	lr
 1092              	.LVL73:
 1093              	.L97:
 590:Drivers/STM32F4xx_HAL_Driver/Src/stm32f4xx_hal_dma.c ****     
 1094              		.loc 1 590 5 is_stmt 1 view .LVU422
 593:Drivers/STM32F4xx_HAL_Driver/Src/stm32f4xx_hal_dma.c ****   }
 1095              		.loc 1 593 5 is_stmt 0 view .LVU423
 1096 0010 0268     		ldr	r2, [r0]
 590:Drivers/STM32F4xx_HAL_Driver/Src/stm32f4xx_hal_dma.c ****     
ARM GAS  C:\Users\joshr\AppData\Local\Temp\cc709mTA.s 			page 49


 1097              		.loc 1 590 17 view .LVU424
 1098 0012 0523     		movs	r3, #5
 1099 0014 80F83530 		strb	r3, [r0, #53]
 593:Drivers/STM32F4xx_HAL_Driver/Src/stm32f4xx_hal_dma.c ****   }
 1100              		.loc 1 593 5 is_stmt 1 view .LVU425
 1101 0018 1368     		ldr	r3, [r2]
 1102 001a 23F00103 		bic	r3, r3, #1
 596:Drivers/STM32F4xx_HAL_Driver/Src/stm32f4xx_hal_dma.c **** }
 1103              		.loc 1 596 10 is_stmt 0 view .LVU426
 1104 001e 0020     		movs	r0, #0
 1105              	.LVL74:
 593:Drivers/STM32F4xx_HAL_Driver/Src/stm32f4xx_hal_dma.c ****   }
 1106              		.loc 1 593 5 view .LVU427
 1107 0020 1360     		str	r3, [r2]
 596:Drivers/STM32F4xx_HAL_Driver/Src/stm32f4xx_hal_dma.c **** }
 1108              		.loc 1 596 3 is_stmt 1 view .LVU428
 597:Drivers/STM32F4xx_HAL_Driver/Src/stm32f4xx_hal_dma.c **** 
 1109              		.loc 1 597 1 is_stmt 0 view .LVU429
 1110 0022 7047     		bx	lr
 1111              		.cfi_endproc
 1112              	.LFE139:
 1114              		.section	.text.HAL_DMA_PollForTransfer,"ax",%progbits
 1115              		.align	1
 1116              		.p2align 2,,3
 1117              		.global	HAL_DMA_PollForTransfer
 1118              		.syntax unified
 1119              		.thumb
 1120              		.thumb_func
 1122              	HAL_DMA_PollForTransfer:
 1123              	.LVL75:
 1124              	.LFB140:
 611:Drivers/STM32F4xx_HAL_Driver/Src/stm32f4xx_hal_dma.c ****   HAL_StatusTypeDef status = HAL_OK; 
 1125              		.loc 1 611 1 is_stmt 1 view -0
 1126              		.cfi_startproc
 1127              		@ args = 0, pretend = 0, frame = 8
 1128              		@ frame_needed = 0, uses_anonymous_args = 0
 612:Drivers/STM32F4xx_HAL_Driver/Src/stm32f4xx_hal_dma.c ****   uint32_t mask_cpltlevel;
 1129              		.loc 1 612 3 view .LVU431
 613:Drivers/STM32F4xx_HAL_Driver/Src/stm32f4xx_hal_dma.c ****   uint32_t tickstart = HAL_GetTick(); 
 1130              		.loc 1 613 3 view .LVU432
 614:Drivers/STM32F4xx_HAL_Driver/Src/stm32f4xx_hal_dma.c ****   uint32_t tmpisr;
 1131              		.loc 1 614 3 view .LVU433
 611:Drivers/STM32F4xx_HAL_Driver/Src/stm32f4xx_hal_dma.c ****   HAL_StatusTypeDef status = HAL_OK; 
 1132              		.loc 1 611 1 is_stmt 0 view .LVU434
 1133 0000 2DE9F04F 		push	{r4, r5, r6, r7, r8, r9, r10, fp, lr}
 1134              	.LCFI12:
 1135              		.cfi_def_cfa_offset 36
 1136              		.cfi_offset 4, -36
 1137              		.cfi_offset 5, -32
 1138              		.cfi_offset 6, -28
 1139              		.cfi_offset 7, -24
 1140              		.cfi_offset 8, -20
 1141              		.cfi_offset 9, -16
 1142              		.cfi_offset 10, -12
 1143              		.cfi_offset 11, -8
 1144              		.cfi_offset 14, -4
 1145 0004 0446     		mov	r4, r0
ARM GAS  C:\Users\joshr\AppData\Local\Temp\cc709mTA.s 			page 50


 1146 0006 83B0     		sub	sp, sp, #12
 1147              	.LCFI13:
 1148              		.cfi_def_cfa_offset 48
 611:Drivers/STM32F4xx_HAL_Driver/Src/stm32f4xx_hal_dma.c ****   HAL_StatusTypeDef status = HAL_OK; 
 1149              		.loc 1 611 1 view .LVU435
 1150 0008 1646     		mov	r6, r2
 1151 000a 0191     		str	r1, [sp, #4]
 614:Drivers/STM32F4xx_HAL_Driver/Src/stm32f4xx_hal_dma.c ****   uint32_t tmpisr;
 1152              		.loc 1 614 24 view .LVU436
 1153 000c FFF7FEFF 		bl	HAL_GetTick
 1154              	.LVL76:
 615:Drivers/STM32F4xx_HAL_Driver/Src/stm32f4xx_hal_dma.c ****   
 1155              		.loc 1 615 3 is_stmt 1 view .LVU437
 618:Drivers/STM32F4xx_HAL_Driver/Src/stm32f4xx_hal_dma.c **** 
 1156              		.loc 1 618 3 view .LVU438
 620:Drivers/STM32F4xx_HAL_Driver/Src/stm32f4xx_hal_dma.c ****   {
 1157              		.loc 1 620 3 view .LVU439
 620:Drivers/STM32F4xx_HAL_Driver/Src/stm32f4xx_hal_dma.c ****   {
 1158              		.loc 1 620 32 is_stmt 0 view .LVU440
 1159 0010 94F83530 		ldrb	r3, [r4, #53]	@ zero_extendqisi2
 620:Drivers/STM32F4xx_HAL_Driver/Src/stm32f4xx_hal_dma.c ****   {
 1160              		.loc 1 620 5 view .LVU441
 1161 0014 022B     		cmp	r3, #2
 1162 0016 08D0     		beq	.L100
 623:Drivers/STM32F4xx_HAL_Driver/Src/stm32f4xx_hal_dma.c ****     __HAL_UNLOCK(hdma);
 1163              		.loc 1 623 5 is_stmt 1 view .LVU442
 623:Drivers/STM32F4xx_HAL_Driver/Src/stm32f4xx_hal_dma.c ****     __HAL_UNLOCK(hdma);
 1164              		.loc 1 623 21 is_stmt 0 view .LVU443
 1165 0018 8022     		movs	r2, #128
 624:Drivers/STM32F4xx_HAL_Driver/Src/stm32f4xx_hal_dma.c ****     return HAL_ERROR;
 1166              		.loc 1 624 5 view .LVU444
 1167 001a 0023     		movs	r3, #0
 623:Drivers/STM32F4xx_HAL_Driver/Src/stm32f4xx_hal_dma.c ****     __HAL_UNLOCK(hdma);
 1168              		.loc 1 623 21 view .LVU445
 1169 001c 6265     		str	r2, [r4, #84]
 624:Drivers/STM32F4xx_HAL_Driver/Src/stm32f4xx_hal_dma.c ****     return HAL_ERROR;
 1170              		.loc 1 624 5 is_stmt 1 view .LVU446
 624:Drivers/STM32F4xx_HAL_Driver/Src/stm32f4xx_hal_dma.c ****     return HAL_ERROR;
 1171              		.loc 1 624 5 view .LVU447
 1172 001e 84F83430 		strb	r3, [r4, #52]
 624:Drivers/STM32F4xx_HAL_Driver/Src/stm32f4xx_hal_dma.c ****     return HAL_ERROR;
 1173              		.loc 1 624 5 view .LVU448
 625:Drivers/STM32F4xx_HAL_Driver/Src/stm32f4xx_hal_dma.c ****   }
 1174              		.loc 1 625 5 view .LVU449
 1175              	.LVL77:
 1176              	.L101:
 625:Drivers/STM32F4xx_HAL_Driver/Src/stm32f4xx_hal_dma.c ****   }
 1177              		.loc 1 625 12 is_stmt 0 view .LVU450
 1178 0022 0120     		movs	r0, #1
 1179              	.L120:
 738:Drivers/STM32F4xx_HAL_Driver/Src/stm32f4xx_hal_dma.c **** 
 1180              		.loc 1 738 1 view .LVU451
 1181 0024 03B0     		add	sp, sp, #12
 1182              	.LCFI14:
 1183              		.cfi_remember_state
 1184              		.cfi_def_cfa_offset 36
 1185              		@ sp needed
ARM GAS  C:\Users\joshr\AppData\Local\Temp\cc709mTA.s 			page 51


 1186 0026 BDE8F08F 		pop	{r4, r5, r6, r7, r8, r9, r10, fp, pc}
 1187              	.LVL78:
 1188              	.L100:
 1189              	.LCFI15:
 1190              		.cfi_restore_state
 629:Drivers/STM32F4xx_HAL_Driver/Src/stm32f4xx_hal_dma.c ****   {
 1191              		.loc 1 629 3 is_stmt 1 view .LVU452
 629:Drivers/STM32F4xx_HAL_Driver/Src/stm32f4xx_hal_dma.c ****   {
 1192              		.loc 1 629 12 is_stmt 0 view .LVU453
 1193 002a 2368     		ldr	r3, [r4]
 629:Drivers/STM32F4xx_HAL_Driver/Src/stm32f4xx_hal_dma.c ****   {
 1194              		.loc 1 629 22 view .LVU454
 1195 002c 1B68     		ldr	r3, [r3]
 629:Drivers/STM32F4xx_HAL_Driver/Src/stm32f4xx_hal_dma.c ****   {
 1196              		.loc 1 629 6 view .LVU455
 1197 002e DD05     		lsls	r5, r3, #23
 1198 0030 58D4     		bmi	.L157
 636:Drivers/STM32F4xx_HAL_Driver/Src/stm32f4xx_hal_dma.c ****   {
 1199              		.loc 1 636 3 is_stmt 1 view .LVU456
 636:Drivers/STM32F4xx_HAL_Driver/Src/stm32f4xx_hal_dma.c ****   {
 1200              		.loc 1 636 5 is_stmt 0 view .LVU457
 1201 0032 019B     		ldr	r3, [sp, #4]
 639:Drivers/STM32F4xx_HAL_Driver/Src/stm32f4xx_hal_dma.c ****   }
 1202              		.loc 1 639 46 view .LVU458
 1203 0034 E16D     		ldr	r1, [r4, #92]
 1204 0036 8346     		mov	fp, r0
 636:Drivers/STM32F4xx_HAL_Driver/Src/stm32f4xx_hal_dma.c ****   {
 1205              		.loc 1 636 5 view .LVU459
 1206 0038 002B     		cmp	r3, #0
 1207 003a 57D0     		beq	.L158
 644:Drivers/STM32F4xx_HAL_Driver/Src/stm32f4xx_hal_dma.c ****   }
 1208              		.loc 1 644 5 is_stmt 1 view .LVU460
 644:Drivers/STM32F4xx_HAL_Driver/Src/stm32f4xx_hal_dma.c ****   }
 1209              		.loc 1 644 20 is_stmt 0 view .LVU461
 1210 003c 4FF0100A 		mov	r10, #16
 1211 0040 0AFA01FA 		lsl	r10, r10, r1
 1212              	.LVL79:
 1213              	.L104:
 647:Drivers/STM32F4xx_HAL_Driver/Src/stm32f4xx_hal_dma.c ****   tmpisr = regs->ISR;
 1214              		.loc 1 647 3 is_stmt 1 view .LVU462
 647:Drivers/STM32F4xx_HAL_Driver/Src/stm32f4xx_hal_dma.c ****   tmpisr = regs->ISR;
 1215              		.loc 1 647 8 is_stmt 0 view .LVU463
 1216 0044 A56D     		ldr	r5, [r4, #88]
 1217              	.LVL80:
 648:Drivers/STM32F4xx_HAL_Driver/Src/stm32f4xx_hal_dma.c ****   
 1218              		.loc 1 648 3 is_stmt 1 view .LVU464
 648:Drivers/STM32F4xx_HAL_Driver/Src/stm32f4xx_hal_dma.c ****   
 1219              		.loc 1 648 10 is_stmt 0 view .LVU465
 1220 0046 2B68     		ldr	r3, [r5]
 1221              	.LVL81:
 650:Drivers/STM32F4xx_HAL_Driver/Src/stm32f4xx_hal_dma.c ****   {
 1222              		.loc 1 650 3 is_stmt 1 view .LVU466
 650:Drivers/STM32F4xx_HAL_Driver/Src/stm32f4xx_hal_dma.c ****   {
 1223              		.loc 1 650 46 view .LVU467
 1224 0048 1AEA030F 		tst	r10, r3
 1225 004c 38D1     		bne	.L105
 650:Drivers/STM32F4xx_HAL_Driver/Src/stm32f4xx_hal_dma.c ****   {
ARM GAS  C:\Users\joshr\AppData\Local\Temp\cc709mTA.s 			page 52


 1226              		.loc 1 650 46 is_stmt 0 view .LVU468
 1227 004e 701C     		adds	r0, r6, #1
 1228              	.LVL82:
 650:Drivers/STM32F4xx_HAL_Driver/Src/stm32f4xx_hal_dma.c ****   {
 1229              		.loc 1 650 46 view .LVU469
 1230 0050 60D0     		beq	.L159
 1231 0052 002E     		cmp	r6, #0
 1232 0054 4FD0     		beq	.L107
 673:Drivers/STM32F4xx_HAL_Driver/Src/stm32f4xx_hal_dma.c ****     {
 1233              		.loc 1 673 36 view .LVU470
 1234 0056 4FF00809 		mov	r9, #8
 682:Drivers/STM32F4xx_HAL_Driver/Src/stm32f4xx_hal_dma.c ****     {
 1235              		.loc 1 682 36 view .LVU471
 1236 005a 4FF00108 		mov	r8, #1
 691:Drivers/STM32F4xx_HAL_Driver/Src/stm32f4xx_hal_dma.c ****     {
 1237              		.loc 1 691 37 view .LVU472
 1238 005e 0427     		movs	r7, #4
 1239 0060 2BE0     		b	.L113
 1240              	.L160:
 655:Drivers/STM32F4xx_HAL_Driver/Src/stm32f4xx_hal_dma.c ****       {
 1241              		.loc 1 655 29 discriminator 1 view .LVU473
 1242 0062 FFF7FEFF 		bl	HAL_GetTick
 1243              	.LVL83:
 671:Drivers/STM32F4xx_HAL_Driver/Src/stm32f4xx_hal_dma.c **** 
 1244              		.loc 1 671 5 is_stmt 1 view .LVU474
 676:Drivers/STM32F4xx_HAL_Driver/Src/stm32f4xx_hal_dma.c ****       
 1245              		.loc 1 676 7 view .LVU475
 682:Drivers/STM32F4xx_HAL_Driver/Src/stm32f4xx_hal_dma.c ****     {
 1246              		.loc 1 682 5 view .LVU476
 685:Drivers/STM32F4xx_HAL_Driver/Src/stm32f4xx_hal_dma.c ****       
 1247              		.loc 1 685 7 view .LVU477
 691:Drivers/STM32F4xx_HAL_Driver/Src/stm32f4xx_hal_dma.c ****     {
 1248              		.loc 1 691 5 view .LVU478
 694:Drivers/STM32F4xx_HAL_Driver/Src/stm32f4xx_hal_dma.c ****       
 1249              		.loc 1 694 7 view .LVU479
 655:Drivers/STM32F4xx_HAL_Driver/Src/stm32f4xx_hal_dma.c ****       {
 1250              		.loc 1 655 43 is_stmt 0 discriminator 1 view .LVU480
 1251 0066 A0EB0B00 		sub	r0, r0, fp
 655:Drivers/STM32F4xx_HAL_Driver/Src/stm32f4xx_hal_dma.c ****       {
 1252              		.loc 1 655 25 discriminator 1 view .LVU481
 1253 006a 8642     		cmp	r6, r0
 1254 006c 46D3     		bcc	.L109
 673:Drivers/STM32F4xx_HAL_Driver/Src/stm32f4xx_hal_dma.c ****     {
 1255              		.loc 1 673 43 view .LVU482
 1256 006e E16D     		ldr	r1, [r4, #92]
 671:Drivers/STM32F4xx_HAL_Driver/Src/stm32f4xx_hal_dma.c **** 
 1257              		.loc 1 671 12 view .LVU483
 1258 0070 2B68     		ldr	r3, [r5]
 1259              	.LVL84:
 673:Drivers/STM32F4xx_HAL_Driver/Src/stm32f4xx_hal_dma.c ****     {
 1260              		.loc 1 673 5 is_stmt 1 view .LVU484
 650:Drivers/STM32F4xx_HAL_Driver/Src/stm32f4xx_hal_dma.c ****   {
 1261              		.loc 1 650 46 view .LVU485
 673:Drivers/STM32F4xx_HAL_Driver/Src/stm32f4xx_hal_dma.c ****     {
 1262              		.loc 1 673 36 is_stmt 0 view .LVU486
 1263 0072 09FA01FC 		lsl	ip, r9, r1
 673:Drivers/STM32F4xx_HAL_Driver/Src/stm32f4xx_hal_dma.c ****     {
ARM GAS  C:\Users\joshr\AppData\Local\Temp\cc709mTA.s 			page 53


 1264              		.loc 1 673 7 view .LVU487
 1265 0076 13EA0C0F 		tst	r3, ip
 682:Drivers/STM32F4xx_HAL_Driver/Src/stm32f4xx_hal_dma.c ****     {
 1266              		.loc 1 682 36 view .LVU488
 1267 007a 08FA01F0 		lsl	r0, r8, r1
 691:Drivers/STM32F4xx_HAL_Driver/Src/stm32f4xx_hal_dma.c ****     {
 1268              		.loc 1 691 37 view .LVU489
 1269 007e 07FA01F2 		lsl	r2, r7, r1
 673:Drivers/STM32F4xx_HAL_Driver/Src/stm32f4xx_hal_dma.c ****     {
 1270              		.loc 1 673 7 view .LVU490
 1271 0082 07D0     		beq	.L110
 676:Drivers/STM32F4xx_HAL_Driver/Src/stm32f4xx_hal_dma.c ****       
 1272              		.loc 1 676 11 view .LVU491
 1273 0084 D4F854E0 		ldr	lr, [r4, #84]
 676:Drivers/STM32F4xx_HAL_Driver/Src/stm32f4xx_hal_dma.c ****       
 1274              		.loc 1 676 23 view .LVU492
 1275 0088 4EF0010E 		orr	lr, lr, #1
 1276 008c C4F854E0 		str	lr, [r4, #84]
 679:Drivers/STM32F4xx_HAL_Driver/Src/stm32f4xx_hal_dma.c ****     }
 1277              		.loc 1 679 7 is_stmt 1 view .LVU493
 679:Drivers/STM32F4xx_HAL_Driver/Src/stm32f4xx_hal_dma.c ****     }
 1278              		.loc 1 679 18 is_stmt 0 view .LVU494
 1279 0090 C5F808C0 		str	ip, [r5, #8]
 1280              	.L110:
 682:Drivers/STM32F4xx_HAL_Driver/Src/stm32f4xx_hal_dma.c ****     {
 1281              		.loc 1 682 7 view .LVU495
 1282 0094 0342     		tst	r3, r0
 1283 0096 06D0     		beq	.L111
 685:Drivers/STM32F4xx_HAL_Driver/Src/stm32f4xx_hal_dma.c ****       
 1284              		.loc 1 685 11 view .LVU496
 1285 0098 D4F854C0 		ldr	ip, [r4, #84]
 685:Drivers/STM32F4xx_HAL_Driver/Src/stm32f4xx_hal_dma.c ****       
 1286              		.loc 1 685 23 view .LVU497
 1287 009c 4CF0020C 		orr	ip, ip, #2
 1288 00a0 C4F854C0 		str	ip, [r4, #84]
 688:Drivers/STM32F4xx_HAL_Driver/Src/stm32f4xx_hal_dma.c ****     }
 1289              		.loc 1 688 7 is_stmt 1 view .LVU498
 688:Drivers/STM32F4xx_HAL_Driver/Src/stm32f4xx_hal_dma.c ****     }
 1290              		.loc 1 688 18 is_stmt 0 view .LVU499
 1291 00a4 A860     		str	r0, [r5, #8]
 1292              	.L111:
 691:Drivers/STM32F4xx_HAL_Driver/Src/stm32f4xx_hal_dma.c ****     {
 1293              		.loc 1 691 7 view .LVU500
 1294 00a6 1342     		tst	r3, r2
 1295 00a8 04D0     		beq	.L112
 694:Drivers/STM32F4xx_HAL_Driver/Src/stm32f4xx_hal_dma.c ****       
 1296              		.loc 1 694 11 view .LVU501
 1297 00aa 606D     		ldr	r0, [r4, #84]
 694:Drivers/STM32F4xx_HAL_Driver/Src/stm32f4xx_hal_dma.c ****       
 1298              		.loc 1 694 23 view .LVU502
 1299 00ac 40F00400 		orr	r0, r0, #4
 1300 00b0 6065     		str	r0, [r4, #84]
 697:Drivers/STM32F4xx_HAL_Driver/Src/stm32f4xx_hal_dma.c ****     }
 1301              		.loc 1 697 7 is_stmt 1 view .LVU503
 697:Drivers/STM32F4xx_HAL_Driver/Src/stm32f4xx_hal_dma.c ****     }
 1302              		.loc 1 697 18 is_stmt 0 view .LVU504
 1303 00b2 AA60     		str	r2, [r5, #8]
ARM GAS  C:\Users\joshr\AppData\Local\Temp\cc709mTA.s 			page 54


 1304              	.L112:
 650:Drivers/STM32F4xx_HAL_Driver/Src/stm32f4xx_hal_dma.c ****   {
 1305              		.loc 1 650 46 view .LVU505
 1306 00b4 1AEA030F 		tst	r10, r3
 1307 00b8 02D1     		bne	.L105
 1308              	.LVL85:
 1309              	.L113:
 653:Drivers/STM32F4xx_HAL_Driver/Src/stm32f4xx_hal_dma.c ****     {
 1310              		.loc 1 653 5 is_stmt 1 view .LVU506
 655:Drivers/STM32F4xx_HAL_Driver/Src/stm32f4xx_hal_dma.c ****       {
 1311              		.loc 1 655 7 view .LVU507
 650:Drivers/STM32F4xx_HAL_Driver/Src/stm32f4xx_hal_dma.c ****   {
 1312              		.loc 1 650 55 is_stmt 0 discriminator 1 view .LVU508
 1313 00ba 636D     		ldr	r3, [r4, #84]
 650:Drivers/STM32F4xx_HAL_Driver/Src/stm32f4xx_hal_dma.c ****   {
 1314              		.loc 1 650 46 discriminator 1 view .LVU509
 1315 00bc DA07     		lsls	r2, r3, #31
 1316 00be D0D5     		bpl	.L160
 1317              	.LVL86:
 1318              	.L105:
 701:Drivers/STM32F4xx_HAL_Driver/Src/stm32f4xx_hal_dma.c ****   {
 1319              		.loc 1 701 3 is_stmt 1 view .LVU510
 701:Drivers/STM32F4xx_HAL_Driver/Src/stm32f4xx_hal_dma.c ****   {
 1320              		.loc 1 701 10 is_stmt 0 view .LVU511
 1321 00c0 636D     		ldr	r3, [r4, #84]
 701:Drivers/STM32F4xx_HAL_Driver/Src/stm32f4xx_hal_dma.c ****   {
 1322              		.loc 1 701 5 view .LVU512
 1323 00c2 13B1     		cbz	r3, .L119
 703:Drivers/STM32F4xx_HAL_Driver/Src/stm32f4xx_hal_dma.c ****     {
 1324              		.loc 1 703 5 is_stmt 1 view .LVU513
 703:Drivers/STM32F4xx_HAL_Driver/Src/stm32f4xx_hal_dma.c ****     {
 1325              		.loc 1 703 13 is_stmt 0 view .LVU514
 1326 00c4 636D     		ldr	r3, [r4, #84]
 703:Drivers/STM32F4xx_HAL_Driver/Src/stm32f4xx_hal_dma.c ****     {
 1327              		.loc 1 703 7 view .LVU515
 1328 00c6 DB07     		lsls	r3, r3, #31
 1329 00c8 4CD4     		bmi	.L161
 1330              	.L119:
 721:Drivers/STM32F4xx_HAL_Driver/Src/stm32f4xx_hal_dma.c ****   {
 1331              		.loc 1 721 3 is_stmt 1 view .LVU516
 721:Drivers/STM32F4xx_HAL_Driver/Src/stm32f4xx_hal_dma.c ****   {
 1332              		.loc 1 721 5 is_stmt 0 view .LVU517
 1333 00ca 0198     		ldr	r0, [sp, #4]
 1334 00cc 0028     		cmp	r0, #0
 1335 00ce 45D1     		bne	.L121
 724:Drivers/STM32F4xx_HAL_Driver/Src/stm32f4xx_hal_dma.c ****     
 1336              		.loc 1 724 5 is_stmt 1 view .LVU518
 724:Drivers/STM32F4xx_HAL_Driver/Src/stm32f4xx_hal_dma.c ****     
 1337              		.loc 1 724 56 is_stmt 0 view .LVU519
 1338 00d0 3023     		movs	r3, #48
 1339 00d2 8B40     		lsls	r3, r3, r1
 726:Drivers/STM32F4xx_HAL_Driver/Src/stm32f4xx_hal_dma.c ****     
 1340              		.loc 1 726 17 view .LVU520
 1341 00d4 0122     		movs	r2, #1
 724:Drivers/STM32F4xx_HAL_Driver/Src/stm32f4xx_hal_dma.c ****     
 1342              		.loc 1 724 16 view .LVU521
 1343 00d6 AB60     		str	r3, [r5, #8]
ARM GAS  C:\Users\joshr\AppData\Local\Temp\cc709mTA.s 			page 55


 726:Drivers/STM32F4xx_HAL_Driver/Src/stm32f4xx_hal_dma.c ****     
 1344              		.loc 1 726 5 is_stmt 1 view .LVU522
 726:Drivers/STM32F4xx_HAL_Driver/Src/stm32f4xx_hal_dma.c ****     
 1345              		.loc 1 726 17 is_stmt 0 view .LVU523
 1346 00d8 84F83520 		strb	r2, [r4, #53]
 729:Drivers/STM32F4xx_HAL_Driver/Src/stm32f4xx_hal_dma.c ****   }
 1347              		.loc 1 729 5 is_stmt 1 view .LVU524
 729:Drivers/STM32F4xx_HAL_Driver/Src/stm32f4xx_hal_dma.c ****   }
 1348              		.loc 1 729 5 view .LVU525
 1349 00dc 84F83400 		strb	r0, [r4, #52]
 729:Drivers/STM32F4xx_HAL_Driver/Src/stm32f4xx_hal_dma.c ****   }
 1350              		.loc 1 729 5 view .LVU526
 1351              	.L122:
 737:Drivers/STM32F4xx_HAL_Driver/Src/stm32f4xx_hal_dma.c **** }
 1352              		.loc 1 737 10 is_stmt 0 view .LVU527
 1353 00e0 0020     		movs	r0, #0
 1354 00e2 9FE7     		b	.L120
 1355              	.LVL87:
 1356              	.L157:
 631:Drivers/STM32F4xx_HAL_Driver/Src/stm32f4xx_hal_dma.c ****     return HAL_ERROR;
 1357              		.loc 1 631 5 is_stmt 1 view .LVU528
 631:Drivers/STM32F4xx_HAL_Driver/Src/stm32f4xx_hal_dma.c ****     return HAL_ERROR;
 1358              		.loc 1 631 21 is_stmt 0 view .LVU529
 1359 00e4 4FF48073 		mov	r3, #256
 1360 00e8 6365     		str	r3, [r4, #84]
 632:Drivers/STM32F4xx_HAL_Driver/Src/stm32f4xx_hal_dma.c ****   }
 1361              		.loc 1 632 5 is_stmt 1 view .LVU530
 632:Drivers/STM32F4xx_HAL_Driver/Src/stm32f4xx_hal_dma.c ****   }
 1362              		.loc 1 632 12 is_stmt 0 view .LVU531
 1363 00ea 9AE7     		b	.L101
 1364              	.L158:
 639:Drivers/STM32F4xx_HAL_Driver/Src/stm32f4xx_hal_dma.c ****   }
 1365              		.loc 1 639 5 is_stmt 1 view .LVU532
 639:Drivers/STM32F4xx_HAL_Driver/Src/stm32f4xx_hal_dma.c ****   }
 1366              		.loc 1 639 20 is_stmt 0 view .LVU533
 1367 00ec 4FF0200A 		mov	r10, #32
 1368 00f0 0AFA01FA 		lsl	r10, r10, r1
 1369              	.LVL88:
 639:Drivers/STM32F4xx_HAL_Driver/Src/stm32f4xx_hal_dma.c ****   }
 1370              		.loc 1 639 20 view .LVU534
 1371 00f4 A6E7     		b	.L104
 1372              	.LVL89:
 1373              	.L107:
 650:Drivers/STM32F4xx_HAL_Driver/Src/stm32f4xx_hal_dma.c ****   {
 1374              		.loc 1 650 55 discriminator 1 view .LVU535
 1375 00f6 636D     		ldr	r3, [r4, #84]
 650:Drivers/STM32F4xx_HAL_Driver/Src/stm32f4xx_hal_dma.c ****   {
 1376              		.loc 1 650 46 discriminator 1 view .LVU536
 1377 00f8 DA07     		lsls	r2, r3, #31
 1378 00fa E1D4     		bmi	.L105
 1379              	.L109:
 658:Drivers/STM32F4xx_HAL_Driver/Src/stm32f4xx_hal_dma.c ****         
 1380              		.loc 1 658 9 is_stmt 1 view .LVU537
 658:Drivers/STM32F4xx_HAL_Driver/Src/stm32f4xx_hal_dma.c ****         
 1381              		.loc 1 658 25 is_stmt 0 view .LVU538
 1382 00fc 2021     		movs	r1, #32
 661:Drivers/STM32F4xx_HAL_Driver/Src/stm32f4xx_hal_dma.c ****         
ARM GAS  C:\Users\joshr\AppData\Local\Temp\cc709mTA.s 			page 56


 1383              		.loc 1 661 21 view .LVU539
 1384 00fe 0123     		movs	r3, #1
 664:Drivers/STM32F4xx_HAL_Driver/Src/stm32f4xx_hal_dma.c ****         
 1385              		.loc 1 664 9 view .LVU540
 1386 0100 0022     		movs	r2, #0
 666:Drivers/STM32F4xx_HAL_Driver/Src/stm32f4xx_hal_dma.c ****       }
 1387              		.loc 1 666 16 view .LVU541
 1388 0102 0320     		movs	r0, #3
 658:Drivers/STM32F4xx_HAL_Driver/Src/stm32f4xx_hal_dma.c ****         
 1389              		.loc 1 658 25 view .LVU542
 1390 0104 6165     		str	r1, [r4, #84]
 661:Drivers/STM32F4xx_HAL_Driver/Src/stm32f4xx_hal_dma.c ****         
 1391              		.loc 1 661 9 is_stmt 1 view .LVU543
 664:Drivers/STM32F4xx_HAL_Driver/Src/stm32f4xx_hal_dma.c ****         
 1392              		.loc 1 664 9 is_stmt 0 view .LVU544
 1393 0106 84F83420 		strb	r2, [r4, #52]
 661:Drivers/STM32F4xx_HAL_Driver/Src/stm32f4xx_hal_dma.c ****         
 1394              		.loc 1 661 21 view .LVU545
 1395 010a 84F83530 		strb	r3, [r4, #53]
 664:Drivers/STM32F4xx_HAL_Driver/Src/stm32f4xx_hal_dma.c ****         
 1396              		.loc 1 664 9 is_stmt 1 view .LVU546
 664:Drivers/STM32F4xx_HAL_Driver/Src/stm32f4xx_hal_dma.c ****         
 1397              		.loc 1 664 9 view .LVU547
 664:Drivers/STM32F4xx_HAL_Driver/Src/stm32f4xx_hal_dma.c ****         
 1398              		.loc 1 664 9 view .LVU548
 666:Drivers/STM32F4xx_HAL_Driver/Src/stm32f4xx_hal_dma.c ****       }
 1399              		.loc 1 666 9 view .LVU549
 738:Drivers/STM32F4xx_HAL_Driver/Src/stm32f4xx_hal_dma.c **** 
 1400              		.loc 1 738 1 is_stmt 0 view .LVU550
 1401 010e 03B0     		add	sp, sp, #12
 1402              	.LCFI16:
 1403              		.cfi_remember_state
 1404              		.cfi_def_cfa_offset 36
 1405              		@ sp needed
 1406 0110 BDE8F08F 		pop	{r4, r5, r6, r7, r8, r9, r10, fp, pc}
 1407              	.LVL90:
 1408              	.L159:
 1409              	.LCFI17:
 1410              		.cfi_restore_state
 673:Drivers/STM32F4xx_HAL_Driver/Src/stm32f4xx_hal_dma.c ****     {
 1411              		.loc 1 673 36 view .LVU551
 1412 0114 0827     		movs	r7, #8
 682:Drivers/STM32F4xx_HAL_Driver/Src/stm32f4xx_hal_dma.c ****     {
 1413              		.loc 1 682 36 view .LVU552
 1414 0116 0126     		movs	r6, #1
 1415              	.LVL91:
 691:Drivers/STM32F4xx_HAL_Driver/Src/stm32f4xx_hal_dma.c ****     {
 1416              		.loc 1 691 37 view .LVU553
 1417 0118 0420     		movs	r0, #4
 1418              	.LVL92:
 673:Drivers/STM32F4xx_HAL_Driver/Src/stm32f4xx_hal_dma.c ****     {
 1419              		.loc 1 673 36 view .LVU554
 1420 011a 8F40     		lsls	r7, r7, r1
 682:Drivers/STM32F4xx_HAL_Driver/Src/stm32f4xx_hal_dma.c ****     {
 1421              		.loc 1 682 36 view .LVU555
 1422 011c 8E40     		lsls	r6, r6, r1
 691:Drivers/STM32F4xx_HAL_Driver/Src/stm32f4xx_hal_dma.c ****     {
ARM GAS  C:\Users\joshr\AppData\Local\Temp\cc709mTA.s 			page 57


 1423              		.loc 1 691 37 view .LVU556
 1424 011e 8840     		lsls	r0, r0, r1
 1425 0120 18E0     		b	.L106
 1426              	.L162:
 671:Drivers/STM32F4xx_HAL_Driver/Src/stm32f4xx_hal_dma.c **** 
 1427              		.loc 1 671 12 view .LVU557
 1428 0122 2B68     		ldr	r3, [r5]
 1429              	.LVL93:
 673:Drivers/STM32F4xx_HAL_Driver/Src/stm32f4xx_hal_dma.c ****     {
 1430              		.loc 1 673 5 is_stmt 1 view .LVU558
 650:Drivers/STM32F4xx_HAL_Driver/Src/stm32f4xx_hal_dma.c ****   {
 1431              		.loc 1 650 46 view .LVU559
 673:Drivers/STM32F4xx_HAL_Driver/Src/stm32f4xx_hal_dma.c ****     {
 1432              		.loc 1 673 7 is_stmt 0 view .LVU560
 1433 0124 1F42     		tst	r7, r3
 1434 0126 04D0     		beq	.L115
 676:Drivers/STM32F4xx_HAL_Driver/Src/stm32f4xx_hal_dma.c ****       
 1435              		.loc 1 676 11 view .LVU561
 1436 0128 626D     		ldr	r2, [r4, #84]
 676:Drivers/STM32F4xx_HAL_Driver/Src/stm32f4xx_hal_dma.c ****       
 1437              		.loc 1 676 23 view .LVU562
 1438 012a 42F00102 		orr	r2, r2, #1
 1439 012e 6265     		str	r2, [r4, #84]
 679:Drivers/STM32F4xx_HAL_Driver/Src/stm32f4xx_hal_dma.c ****     }
 1440              		.loc 1 679 7 is_stmt 1 view .LVU563
 679:Drivers/STM32F4xx_HAL_Driver/Src/stm32f4xx_hal_dma.c ****     }
 1441              		.loc 1 679 18 is_stmt 0 view .LVU564
 1442 0130 AF60     		str	r7, [r5, #8]
 1443              	.L115:
 682:Drivers/STM32F4xx_HAL_Driver/Src/stm32f4xx_hal_dma.c ****     {
 1444              		.loc 1 682 7 view .LVU565
 1445 0132 3342     		tst	r3, r6
 1446 0134 04D0     		beq	.L116
 685:Drivers/STM32F4xx_HAL_Driver/Src/stm32f4xx_hal_dma.c ****       
 1447              		.loc 1 685 11 view .LVU566
 1448 0136 626D     		ldr	r2, [r4, #84]
 685:Drivers/STM32F4xx_HAL_Driver/Src/stm32f4xx_hal_dma.c ****       
 1449              		.loc 1 685 23 view .LVU567
 1450 0138 42F00202 		orr	r2, r2, #2
 1451 013c 6265     		str	r2, [r4, #84]
 688:Drivers/STM32F4xx_HAL_Driver/Src/stm32f4xx_hal_dma.c ****     }
 1452              		.loc 1 688 7 is_stmt 1 view .LVU568
 688:Drivers/STM32F4xx_HAL_Driver/Src/stm32f4xx_hal_dma.c ****     }
 1453              		.loc 1 688 18 is_stmt 0 view .LVU569
 1454 013e AE60     		str	r6, [r5, #8]
 1455              	.L116:
 691:Drivers/STM32F4xx_HAL_Driver/Src/stm32f4xx_hal_dma.c ****     {
 1456              		.loc 1 691 7 view .LVU570
 1457 0140 0342     		tst	r3, r0
 1458 0142 04D0     		beq	.L117
 694:Drivers/STM32F4xx_HAL_Driver/Src/stm32f4xx_hal_dma.c ****       
 1459              		.loc 1 694 11 view .LVU571
 1460 0144 626D     		ldr	r2, [r4, #84]
 694:Drivers/STM32F4xx_HAL_Driver/Src/stm32f4xx_hal_dma.c ****       
 1461              		.loc 1 694 23 view .LVU572
 1462 0146 42F00402 		orr	r2, r2, #4
 1463 014a 6265     		str	r2, [r4, #84]
ARM GAS  C:\Users\joshr\AppData\Local\Temp\cc709mTA.s 			page 58


 697:Drivers/STM32F4xx_HAL_Driver/Src/stm32f4xx_hal_dma.c ****     }
 1464              		.loc 1 697 7 is_stmt 1 view .LVU573
 697:Drivers/STM32F4xx_HAL_Driver/Src/stm32f4xx_hal_dma.c ****     }
 1465              		.loc 1 697 18 is_stmt 0 view .LVU574
 1466 014c A860     		str	r0, [r5, #8]
 1467              	.L117:
 650:Drivers/STM32F4xx_HAL_Driver/Src/stm32f4xx_hal_dma.c ****   {
 1468              		.loc 1 650 46 view .LVU575
 1469 014e 13EA0A0F 		tst	r3, r10
 1470 0152 B5D1     		bne	.L105
 1471              	.LVL94:
 1472              	.L106:
 653:Drivers/STM32F4xx_HAL_Driver/Src/stm32f4xx_hal_dma.c ****     {
 1473              		.loc 1 653 5 is_stmt 1 view .LVU576
 671:Drivers/STM32F4xx_HAL_Driver/Src/stm32f4xx_hal_dma.c **** 
 1474              		.loc 1 671 5 view .LVU577
 676:Drivers/STM32F4xx_HAL_Driver/Src/stm32f4xx_hal_dma.c ****       
 1475              		.loc 1 676 7 view .LVU578
 682:Drivers/STM32F4xx_HAL_Driver/Src/stm32f4xx_hal_dma.c ****     {
 1476              		.loc 1 682 5 view .LVU579
 685:Drivers/STM32F4xx_HAL_Driver/Src/stm32f4xx_hal_dma.c ****       
 1477              		.loc 1 685 7 view .LVU580
 691:Drivers/STM32F4xx_HAL_Driver/Src/stm32f4xx_hal_dma.c ****     {
 1478              		.loc 1 691 5 view .LVU581
 694:Drivers/STM32F4xx_HAL_Driver/Src/stm32f4xx_hal_dma.c ****       
 1479              		.loc 1 694 7 view .LVU582
 650:Drivers/STM32F4xx_HAL_Driver/Src/stm32f4xx_hal_dma.c ****   {
 1480              		.loc 1 650 55 is_stmt 0 discriminator 1 view .LVU583
 1481 0154 636D     		ldr	r3, [r4, #84]
 650:Drivers/STM32F4xx_HAL_Driver/Src/stm32f4xx_hal_dma.c ****   {
 1482              		.loc 1 650 46 discriminator 1 view .LVU584
 1483 0156 DB07     		lsls	r3, r3, #31
 1484 0158 B2D4     		bmi	.L105
 1485 015a E2E7     		b	.L162
 1486              	.LVL95:
 1487              	.L121:
 734:Drivers/STM32F4xx_HAL_Driver/Src/stm32f4xx_hal_dma.c ****   }
 1488              		.loc 1 734 5 is_stmt 1 view .LVU585
 734:Drivers/STM32F4xx_HAL_Driver/Src/stm32f4xx_hal_dma.c ****   }
 1489              		.loc 1 734 37 is_stmt 0 view .LVU586
 1490 015c 1023     		movs	r3, #16
 1491 015e 8B40     		lsls	r3, r3, r1
 734:Drivers/STM32F4xx_HAL_Driver/Src/stm32f4xx_hal_dma.c ****   }
 1492              		.loc 1 734 16 view .LVU587
 1493 0160 AB60     		str	r3, [r5, #8]
 1494 0162 BDE7     		b	.L122
 1495              	.L161:
 705:Drivers/STM32F4xx_HAL_Driver/Src/stm32f4xx_hal_dma.c ****     
 1496              		.loc 1 705 7 is_stmt 1 view .LVU588
 1497 0164 2046     		mov	r0, r4
 1498 0166 FFF7FEFF 		bl	HAL_DMA_Abort
 1499              	.LVL96:
 708:Drivers/STM32F4xx_HAL_Driver/Src/stm32f4xx_hal_dma.c ****     
 1500              		.loc 1 708 7 view .LVU589
 708:Drivers/STM32F4xx_HAL_Driver/Src/stm32f4xx_hal_dma.c ****     
 1501              		.loc 1 708 58 is_stmt 0 view .LVU590
 1502 016a E26D     		ldr	r2, [r4, #92]
ARM GAS  C:\Users\joshr\AppData\Local\Temp\cc709mTA.s 			page 59


 1503 016c 3023     		movs	r3, #48
 1504 016e 9340     		lsls	r3, r3, r2
 711:Drivers/STM32F4xx_HAL_Driver/Src/stm32f4xx_hal_dma.c **** 
 1505              		.loc 1 711 18 view .LVU591
 1506 0170 0121     		movs	r1, #1
 714:Drivers/STM32F4xx_HAL_Driver/Src/stm32f4xx_hal_dma.c **** 
 1507              		.loc 1 714 7 view .LVU592
 1508 0172 0022     		movs	r2, #0
 708:Drivers/STM32F4xx_HAL_Driver/Src/stm32f4xx_hal_dma.c ****     
 1509              		.loc 1 708 18 view .LVU593
 1510 0174 AB60     		str	r3, [r5, #8]
 711:Drivers/STM32F4xx_HAL_Driver/Src/stm32f4xx_hal_dma.c **** 
 1511              		.loc 1 711 7 is_stmt 1 view .LVU594
 711:Drivers/STM32F4xx_HAL_Driver/Src/stm32f4xx_hal_dma.c **** 
 1512              		.loc 1 711 18 is_stmt 0 view .LVU595
 1513 0176 84F83510 		strb	r1, [r4, #53]
 714:Drivers/STM32F4xx_HAL_Driver/Src/stm32f4xx_hal_dma.c **** 
 1514              		.loc 1 714 7 is_stmt 1 view .LVU596
 714:Drivers/STM32F4xx_HAL_Driver/Src/stm32f4xx_hal_dma.c **** 
 1515              		.loc 1 714 7 view .LVU597
 1516 017a 84F83420 		strb	r2, [r4, #52]
 714:Drivers/STM32F4xx_HAL_Driver/Src/stm32f4xx_hal_dma.c **** 
 1517              		.loc 1 714 7 view .LVU598
 716:Drivers/STM32F4xx_HAL_Driver/Src/stm32f4xx_hal_dma.c ****    }
 1518              		.loc 1 716 7 view .LVU599
 716:Drivers/STM32F4xx_HAL_Driver/Src/stm32f4xx_hal_dma.c ****    }
 1519              		.loc 1 716 14 is_stmt 0 view .LVU600
 1520 017e 50E7     		b	.L101
 1521              		.cfi_endproc
 1522              	.LFE140:
 1524              		.section	.text.HAL_DMA_IRQHandler,"ax",%progbits
 1525              		.align	1
 1526              		.p2align 2,,3
 1527              		.global	HAL_DMA_IRQHandler
 1528              		.syntax unified
 1529              		.thumb
 1530              		.thumb_func
 1532              	HAL_DMA_IRQHandler:
 1533              	.LVL97:
 1534              	.LFB141:
 747:Drivers/STM32F4xx_HAL_Driver/Src/stm32f4xx_hal_dma.c ****   uint32_t tmpisr;
 1535              		.loc 1 747 1 is_stmt 1 view -0
 1536              		.cfi_startproc
 1537              		@ args = 0, pretend = 0, frame = 8
 1538              		@ frame_needed = 0, uses_anonymous_args = 0
 748:Drivers/STM32F4xx_HAL_Driver/Src/stm32f4xx_hal_dma.c ****   __IO uint32_t count = 0U;
 1539              		.loc 1 748 3 view .LVU602
 749:Drivers/STM32F4xx_HAL_Driver/Src/stm32f4xx_hal_dma.c ****   uint32_t timeout = SystemCoreClock / 9600U;
 1540              		.loc 1 749 3 view .LVU603
 747:Drivers/STM32F4xx_HAL_Driver/Src/stm32f4xx_hal_dma.c ****   uint32_t tmpisr;
 1541              		.loc 1 747 1 is_stmt 0 view .LVU604
 1542 0000 F0B5     		push	{r4, r5, r6, r7, lr}
 1543              	.LCFI18:
 1544              		.cfi_def_cfa_offset 20
 1545              		.cfi_offset 4, -20
 1546              		.cfi_offset 5, -16
 1547              		.cfi_offset 6, -12
ARM GAS  C:\Users\joshr\AppData\Local\Temp\cc709mTA.s 			page 60


 1548              		.cfi_offset 7, -8
 1549              		.cfi_offset 14, -4
 1550 0002 83B0     		sub	sp, sp, #12
 1551              	.LCFI19:
 1552              		.cfi_def_cfa_offset 32
 750:Drivers/STM32F4xx_HAL_Driver/Src/stm32f4xx_hal_dma.c **** 
 1553              		.loc 1 750 38 view .LVU605
 1554 0004 674A     		ldr	r2, .L257
 753:Drivers/STM32F4xx_HAL_Driver/Src/stm32f4xx_hal_dma.c **** 
 1555              		.loc 1 753 23 view .LVU606
 1556 0006 876D     		ldr	r7, [r0, #88]
 750:Drivers/STM32F4xx_HAL_Driver/Src/stm32f4xx_hal_dma.c **** 
 1557              		.loc 1 750 38 view .LVU607
 1558 0008 1668     		ldr	r6, [r2]
 749:Drivers/STM32F4xx_HAL_Driver/Src/stm32f4xx_hal_dma.c ****   uint32_t timeout = SystemCoreClock / 9600U;
 1559              		.loc 1 749 17 view .LVU608
 1560 000a 0023     		movs	r3, #0
 1561 000c 0193     		str	r3, [sp, #4]
 750:Drivers/STM32F4xx_HAL_Driver/Src/stm32f4xx_hal_dma.c **** 
 1562              		.loc 1 750 3 is_stmt 1 view .LVU609
 1563              	.LVL98:
 753:Drivers/STM32F4xx_HAL_Driver/Src/stm32f4xx_hal_dma.c **** 
 1564              		.loc 1 753 3 view .LVU610
 755:Drivers/STM32F4xx_HAL_Driver/Src/stm32f4xx_hal_dma.c **** 
 1565              		.loc 1 755 3 view .LVU611
 758:Drivers/STM32F4xx_HAL_Driver/Src/stm32f4xx_hal_dma.c ****   {
 1566              		.loc 1 758 42 is_stmt 0 view .LVU612
 1567 000e C36D     		ldr	r3, [r0, #92]
 755:Drivers/STM32F4xx_HAL_Driver/Src/stm32f4xx_hal_dma.c **** 
 1568              		.loc 1 755 10 view .LVU613
 1569 0010 3D68     		ldr	r5, [r7]
 1570              	.LVL99:
 758:Drivers/STM32F4xx_HAL_Driver/Src/stm32f4xx_hal_dma.c ****   {
 1571              		.loc 1 758 3 is_stmt 1 view .LVU614
 758:Drivers/STM32F4xx_HAL_Driver/Src/stm32f4xx_hal_dma.c ****   {
 1572              		.loc 1 758 35 is_stmt 0 view .LVU615
 1573 0012 0822     		movs	r2, #8
 1574 0014 9A40     		lsls	r2, r2, r3
 758:Drivers/STM32F4xx_HAL_Driver/Src/stm32f4xx_hal_dma.c ****   {
 1575              		.loc 1 758 6 view .LVU616
 1576 0016 2A42     		tst	r2, r5
 747:Drivers/STM32F4xx_HAL_Driver/Src/stm32f4xx_hal_dma.c ****   uint32_t tmpisr;
 1577              		.loc 1 747 1 view .LVU617
 1578 0018 0446     		mov	r4, r0
 758:Drivers/STM32F4xx_HAL_Driver/Src/stm32f4xx_hal_dma.c ****   {
 1579              		.loc 1 758 6 view .LVU618
 1580 001a 03D0     		beq	.L164
 760:Drivers/STM32F4xx_HAL_Driver/Src/stm32f4xx_hal_dma.c ****     {
 1581              		.loc 1 760 5 is_stmt 1 view .LVU619
 760:Drivers/STM32F4xx_HAL_Driver/Src/stm32f4xx_hal_dma.c ****     {
 1582              		.loc 1 760 8 is_stmt 0 view .LVU620
 1583 001c 0168     		ldr	r1, [r0]
 1584 001e 0868     		ldr	r0, [r1]
 1585              	.LVL100:
 760:Drivers/STM32F4xx_HAL_Driver/Src/stm32f4xx_hal_dma.c ****     {
 1586              		.loc 1 760 7 view .LVU621
 1587 0020 4007     		lsls	r0, r0, #29
ARM GAS  C:\Users\joshr\AppData\Local\Temp\cc709mTA.s 			page 61


 1588 0022 78D4     		bmi	.L248
 1589              	.L164:
 773:Drivers/STM32F4xx_HAL_Driver/Src/stm32f4xx_hal_dma.c ****   {
 1590              		.loc 1 773 3 is_stmt 1 view .LVU622
 773:Drivers/STM32F4xx_HAL_Driver/Src/stm32f4xx_hal_dma.c ****   {
 1591              		.loc 1 773 35 is_stmt 0 view .LVU623
 1592 0024 0122     		movs	r2, #1
 1593 0026 9A40     		lsls	r2, r2, r3
 773:Drivers/STM32F4xx_HAL_Driver/Src/stm32f4xx_hal_dma.c ****   {
 1594              		.loc 1 773 6 view .LVU624
 1595 0028 2A42     		tst	r2, r5
 1596 002a 03D0     		beq	.L165
 775:Drivers/STM32F4xx_HAL_Driver/Src/stm32f4xx_hal_dma.c ****     {
 1597              		.loc 1 775 5 is_stmt 1 view .LVU625
 775:Drivers/STM32F4xx_HAL_Driver/Src/stm32f4xx_hal_dma.c ****     {
 1598              		.loc 1 775 8 is_stmt 0 view .LVU626
 1599 002c 2168     		ldr	r1, [r4]
 1600 002e 4969     		ldr	r1, [r1, #20]
 775:Drivers/STM32F4xx_HAL_Driver/Src/stm32f4xx_hal_dma.c ****     {
 1601              		.loc 1 775 7 view .LVU627
 1602 0030 0806     		lsls	r0, r1, #24
 1603 0032 6AD4     		bmi	.L249
 1604              	.L165:
 785:Drivers/STM32F4xx_HAL_Driver/Src/stm32f4xx_hal_dma.c ****   {
 1605              		.loc 1 785 3 is_stmt 1 view .LVU628
 785:Drivers/STM32F4xx_HAL_Driver/Src/stm32f4xx_hal_dma.c ****   {
 1606              		.loc 1 785 36 is_stmt 0 view .LVU629
 1607 0034 0422     		movs	r2, #4
 1608 0036 9A40     		lsls	r2, r2, r3
 785:Drivers/STM32F4xx_HAL_Driver/Src/stm32f4xx_hal_dma.c ****   {
 1609              		.loc 1 785 6 view .LVU630
 1610 0038 2A42     		tst	r2, r5
 1611 003a 03D0     		beq	.L166
 787:Drivers/STM32F4xx_HAL_Driver/Src/stm32f4xx_hal_dma.c ****     {
 1612              		.loc 1 787 5 is_stmt 1 view .LVU631
 787:Drivers/STM32F4xx_HAL_Driver/Src/stm32f4xx_hal_dma.c ****     {
 1613              		.loc 1 787 8 is_stmt 0 view .LVU632
 1614 003c 2168     		ldr	r1, [r4]
 1615 003e 0968     		ldr	r1, [r1]
 787:Drivers/STM32F4xx_HAL_Driver/Src/stm32f4xx_hal_dma.c ****     {
 1616              		.loc 1 787 7 view .LVU633
 1617 0040 8907     		lsls	r1, r1, #30
 1618 0042 5CD4     		bmi	.L250
 1619              	.L166:
 797:Drivers/STM32F4xx_HAL_Driver/Src/stm32f4xx_hal_dma.c ****   {
 1620              		.loc 1 797 3 is_stmt 1 view .LVU634
 797:Drivers/STM32F4xx_HAL_Driver/Src/stm32f4xx_hal_dma.c ****   {
 1621              		.loc 1 797 35 is_stmt 0 view .LVU635
 1622 0044 1022     		movs	r2, #16
 1623 0046 9A40     		lsls	r2, r2, r3
 797:Drivers/STM32F4xx_HAL_Driver/Src/stm32f4xx_hal_dma.c ****   {
 1624              		.loc 1 797 6 view .LVU636
 1625 0048 2A42     		tst	r2, r5
 1626 004a 03D0     		beq	.L168
 799:Drivers/STM32F4xx_HAL_Driver/Src/stm32f4xx_hal_dma.c ****     {
 1627              		.loc 1 799 5 is_stmt 1 view .LVU637
 799:Drivers/STM32F4xx_HAL_Driver/Src/stm32f4xx_hal_dma.c ****     {
ARM GAS  C:\Users\joshr\AppData\Local\Temp\cc709mTA.s 			page 62


 1628              		.loc 1 799 8 is_stmt 0 view .LVU638
 1629 004c 2168     		ldr	r1, [r4]
 1630 004e 0868     		ldr	r0, [r1]
 799:Drivers/STM32F4xx_HAL_Driver/Src/stm32f4xx_hal_dma.c ****     {
 1631              		.loc 1 799 7 view .LVU639
 1632 0050 0007     		lsls	r0, r0, #28
 1633 0052 41D4     		bmi	.L251
 1634              	.L168:
 844:Drivers/STM32F4xx_HAL_Driver/Src/stm32f4xx_hal_dma.c ****   {
 1635              		.loc 1 844 3 is_stmt 1 view .LVU640
 844:Drivers/STM32F4xx_HAL_Driver/Src/stm32f4xx_hal_dma.c ****   {
 1636              		.loc 1 844 35 is_stmt 0 view .LVU641
 1637 0054 2022     		movs	r2, #32
 1638 0056 9A40     		lsls	r2, r2, r3
 844:Drivers/STM32F4xx_HAL_Driver/Src/stm32f4xx_hal_dma.c ****   {
 1639              		.loc 1 844 6 view .LVU642
 1640 0058 2A42     		tst	r2, r5
 1641 005a 14D0     		beq	.L174
 846:Drivers/STM32F4xx_HAL_Driver/Src/stm32f4xx_hal_dma.c ****     {
 1642              		.loc 1 846 5 is_stmt 1 view .LVU643
 846:Drivers/STM32F4xx_HAL_Driver/Src/stm32f4xx_hal_dma.c ****     {
 1643              		.loc 1 846 8 is_stmt 0 view .LVU644
 1644 005c 2168     		ldr	r1, [r4]
 1645 005e 0868     		ldr	r0, [r1]
 846:Drivers/STM32F4xx_HAL_Driver/Src/stm32f4xx_hal_dma.c ****     {
 1646              		.loc 1 846 7 view .LVU645
 1647 0060 C006     		lsls	r0, r0, #27
 1648 0062 10D5     		bpl	.L174
 849:Drivers/STM32F4xx_HAL_Driver/Src/stm32f4xx_hal_dma.c ****       
 1649              		.loc 1 849 7 is_stmt 1 view .LVU646
 849:Drivers/STM32F4xx_HAL_Driver/Src/stm32f4xx_hal_dma.c ****       
 1650              		.loc 1 849 18 is_stmt 0 view .LVU647
 1651 0064 BA60     		str	r2, [r7, #8]
 851:Drivers/STM32F4xx_HAL_Driver/Src/stm32f4xx_hal_dma.c ****       {
 1652              		.loc 1 851 7 is_stmt 1 view .LVU648
 851:Drivers/STM32F4xx_HAL_Driver/Src/stm32f4xx_hal_dma.c ****       {
 1653              		.loc 1 851 37 is_stmt 0 view .LVU649
 1654 0066 94F83520 		ldrb	r2, [r4, #53]	@ zero_extendqisi2
 851:Drivers/STM32F4xx_HAL_Driver/Src/stm32f4xx_hal_dma.c ****       {
 1655              		.loc 1 851 9 view .LVU650
 1656 006a 052A     		cmp	r2, #5
 1657 006c 63D0     		beq	.L252
 878:Drivers/STM32F4xx_HAL_Driver/Src/stm32f4xx_hal_dma.c ****       {
 1658              		.loc 1 878 7 is_stmt 1 view .LVU651
 878:Drivers/STM32F4xx_HAL_Driver/Src/stm32f4xx_hal_dma.c ****       {
 1659              		.loc 1 878 26 is_stmt 0 view .LVU652
 1660 006e 0B68     		ldr	r3, [r1]
 878:Drivers/STM32F4xx_HAL_Driver/Src/stm32f4xx_hal_dma.c ****       {
 1661              		.loc 1 878 9 view .LVU653
 1662 0070 13F4802F 		tst	r3, #262144
 881:Drivers/STM32F4xx_HAL_Driver/Src/stm32f4xx_hal_dma.c ****         {
 1663              		.loc 1 881 27 view .LVU654
 1664 0074 0B68     		ldr	r3, [r1]
 878:Drivers/STM32F4xx_HAL_Driver/Src/stm32f4xx_hal_dma.c ****       {
 1665              		.loc 1 878 9 view .LVU655
 1666 0076 7ED0     		beq	.L181
 881:Drivers/STM32F4xx_HAL_Driver/Src/stm32f4xx_hal_dma.c ****         {
ARM GAS  C:\Users\joshr\AppData\Local\Temp\cc709mTA.s 			page 63


 1667              		.loc 1 881 9 is_stmt 1 view .LVU656
 881:Drivers/STM32F4xx_HAL_Driver/Src/stm32f4xx_hal_dma.c ****         {
 1668              		.loc 1 881 11 is_stmt 0 view .LVU657
 1669 0078 1903     		lsls	r1, r3, #12
 1670 007a 40F18980 		bpl	.L253
 1671              	.L183:
 911:Drivers/STM32F4xx_HAL_Driver/Src/stm32f4xx_hal_dma.c ****         }
 1672              		.loc 1 911 11 is_stmt 1 discriminator 1 view .LVU658
 914:Drivers/STM32F4xx_HAL_Driver/Src/stm32f4xx_hal_dma.c ****         {
 1673              		.loc 1 914 9 view .LVU659
 914:Drivers/STM32F4xx_HAL_Driver/Src/stm32f4xx_hal_dma.c ****         {
 1674              		.loc 1 914 16 is_stmt 0 view .LVU660
 1675 007e E36B     		ldr	r3, [r4, #60]
 914:Drivers/STM32F4xx_HAL_Driver/Src/stm32f4xx_hal_dma.c ****         {
 1676              		.loc 1 914 11 view .LVU661
 1677 0080 0BB1     		cbz	r3, .L174
 1678              	.L245:
 917:Drivers/STM32F4xx_HAL_Driver/Src/stm32f4xx_hal_dma.c ****         }
 1679              		.loc 1 917 11 is_stmt 1 view .LVU662
 1680 0082 2046     		mov	r0, r4
 1681 0084 9847     		blx	r3
 1682              	.LVL101:
 1683              	.L174:
 924:Drivers/STM32F4xx_HAL_Driver/Src/stm32f4xx_hal_dma.c ****   {
 1684              		.loc 1 924 3 view .LVU663
 924:Drivers/STM32F4xx_HAL_Driver/Src/stm32f4xx_hal_dma.c ****   {
 1685              		.loc 1 924 10 is_stmt 0 view .LVU664
 1686 0086 636D     		ldr	r3, [r4, #84]
 924:Drivers/STM32F4xx_HAL_Driver/Src/stm32f4xx_hal_dma.c ****   {
 1687              		.loc 1 924 5 view .LVU665
 1688 0088 23B3     		cbz	r3, .L163
 926:Drivers/STM32F4xx_HAL_Driver/Src/stm32f4xx_hal_dma.c ****     {
 1689              		.loc 1 926 5 is_stmt 1 view .LVU666
 926:Drivers/STM32F4xx_HAL_Driver/Src/stm32f4xx_hal_dma.c ****     {
 1690              		.loc 1 926 13 is_stmt 0 view .LVU667
 1691 008a 636D     		ldr	r3, [r4, #84]
 926:Drivers/STM32F4xx_HAL_Driver/Src/stm32f4xx_hal_dma.c ****     {
 1692              		.loc 1 926 7 view .LVU668
 1693 008c DA07     		lsls	r2, r3, #31
 1694 008e 1AD5     		bpl	.L185
 931:Drivers/STM32F4xx_HAL_Driver/Src/stm32f4xx_hal_dma.c **** 
 1695              		.loc 1 931 7 view .LVU669
 1696 0090 2268     		ldr	r2, [r4]
 750:Drivers/STM32F4xx_HAL_Driver/Src/stm32f4xx_hal_dma.c **** 
 1697              		.loc 1 750 12 view .LVU670
 1698 0092 4549     		ldr	r1, .L257+4
 928:Drivers/STM32F4xx_HAL_Driver/Src/stm32f4xx_hal_dma.c **** 
 1699              		.loc 1 928 19 view .LVU671
 1700 0094 0523     		movs	r3, #5
 1701 0096 84F83530 		strb	r3, [r4, #53]
 931:Drivers/STM32F4xx_HAL_Driver/Src/stm32f4xx_hal_dma.c **** 
 1702              		.loc 1 931 7 view .LVU672
 1703 009a 1368     		ldr	r3, [r2]
 750:Drivers/STM32F4xx_HAL_Driver/Src/stm32f4xx_hal_dma.c **** 
 1704              		.loc 1 750 12 view .LVU673
 1705 009c A1FB0616 		umull	r1, r6, r1, r6
 1706              	.LVL102:
ARM GAS  C:\Users\joshr\AppData\Local\Temp\cc709mTA.s 			page 64


 931:Drivers/STM32F4xx_HAL_Driver/Src/stm32f4xx_hal_dma.c **** 
 1707              		.loc 1 931 7 view .LVU674
 1708 00a0 23F00103 		bic	r3, r3, #1
 750:Drivers/STM32F4xx_HAL_Driver/Src/stm32f4xx_hal_dma.c **** 
 1709              		.loc 1 750 12 view .LVU675
 1710 00a4 B60A     		lsrs	r6, r6, #10
 928:Drivers/STM32F4xx_HAL_Driver/Src/stm32f4xx_hal_dma.c **** 
 1711              		.loc 1 928 7 is_stmt 1 view .LVU676
 931:Drivers/STM32F4xx_HAL_Driver/Src/stm32f4xx_hal_dma.c **** 
 1712              		.loc 1 931 7 view .LVU677
 1713 00a6 1360     		str	r3, [r2]
 1714 00a8 02E0     		b	.L187
 1715              	.L254:
 940:Drivers/STM32F4xx_HAL_Driver/Src/stm32f4xx_hal_dma.c **** 
 1716              		.loc 1 940 28 is_stmt 0 view .LVU678
 1717 00aa 1368     		ldr	r3, [r2]
 940:Drivers/STM32F4xx_HAL_Driver/Src/stm32f4xx_hal_dma.c **** 
 1718              		.loc 1 940 48 view .LVU679
 1719 00ac DB07     		lsls	r3, r3, #31
 1720 00ae 04D5     		bpl	.L186
 1721              	.L187:
 933:Drivers/STM32F4xx_HAL_Driver/Src/stm32f4xx_hal_dma.c ****       {
 1722              		.loc 1 933 7 is_stmt 1 view .LVU680
 935:Drivers/STM32F4xx_HAL_Driver/Src/stm32f4xx_hal_dma.c ****         {
 1723              		.loc 1 935 9 view .LVU681
 940:Drivers/STM32F4xx_HAL_Driver/Src/stm32f4xx_hal_dma.c **** 
 1724              		.loc 1 940 48 view .LVU682
 935:Drivers/STM32F4xx_HAL_Driver/Src/stm32f4xx_hal_dma.c ****         {
 1725              		.loc 1 935 13 is_stmt 0 view .LVU683
 1726 00b0 019B     		ldr	r3, [sp, #4]
 1727 00b2 0133     		adds	r3, r3, #1
 935:Drivers/STM32F4xx_HAL_Driver/Src/stm32f4xx_hal_dma.c ****         {
 1728              		.loc 1 935 12 view .LVU684
 1729 00b4 B342     		cmp	r3, r6
 1730 00b6 0193     		str	r3, [sp, #4]
 1731 00b8 F7D9     		bls	.L254
 1732              	.L186:
 943:Drivers/STM32F4xx_HAL_Driver/Src/stm32f4xx_hal_dma.c **** 
 1733              		.loc 1 943 7 is_stmt 1 view .LVU685
 943:Drivers/STM32F4xx_HAL_Driver/Src/stm32f4xx_hal_dma.c **** 
 1734              		.loc 1 943 19 is_stmt 0 view .LVU686
 1735 00ba 0122     		movs	r2, #1
 946:Drivers/STM32F4xx_HAL_Driver/Src/stm32f4xx_hal_dma.c ****     }
 1736              		.loc 1 946 7 view .LVU687
 1737 00bc 0023     		movs	r3, #0
 943:Drivers/STM32F4xx_HAL_Driver/Src/stm32f4xx_hal_dma.c **** 
 1738              		.loc 1 943 19 view .LVU688
 1739 00be 84F83520 		strb	r2, [r4, #53]
 946:Drivers/STM32F4xx_HAL_Driver/Src/stm32f4xx_hal_dma.c ****     }
 1740              		.loc 1 946 7 is_stmt 1 view .LVU689
 946:Drivers/STM32F4xx_HAL_Driver/Src/stm32f4xx_hal_dma.c ****     }
 1741              		.loc 1 946 7 view .LVU690
 1742 00c2 84F83430 		strb	r3, [r4, #52]
 1743              	.L185:
 946:Drivers/STM32F4xx_HAL_Driver/Src/stm32f4xx_hal_dma.c ****     }
 1744              		.loc 1 946 7 discriminator 1 view .LVU691
 949:Drivers/STM32F4xx_HAL_Driver/Src/stm32f4xx_hal_dma.c ****     {
ARM GAS  C:\Users\joshr\AppData\Local\Temp\cc709mTA.s 			page 65


 1745              		.loc 1 949 5 view .LVU692
 949:Drivers/STM32F4xx_HAL_Driver/Src/stm32f4xx_hal_dma.c ****     {
 1746              		.loc 1 949 12 is_stmt 0 view .LVU693
 1747 00c6 E36C     		ldr	r3, [r4, #76]
 949:Drivers/STM32F4xx_HAL_Driver/Src/stm32f4xx_hal_dma.c ****     {
 1748              		.loc 1 949 7 view .LVU694
 1749 00c8 23B1     		cbz	r3, .L163
 952:Drivers/STM32F4xx_HAL_Driver/Src/stm32f4xx_hal_dma.c ****     }
 1750              		.loc 1 952 7 is_stmt 1 view .LVU695
 1751 00ca 2046     		mov	r0, r4
 955:Drivers/STM32F4xx_HAL_Driver/Src/stm32f4xx_hal_dma.c **** 
 1752              		.loc 1 955 1 is_stmt 0 view .LVU696
 1753 00cc 03B0     		add	sp, sp, #12
 1754              	.LCFI20:
 1755              		.cfi_remember_state
 1756              		.cfi_def_cfa_offset 20
 1757              		@ sp needed
 1758 00ce BDE8F040 		pop	{r4, r5, r6, r7, lr}
 1759              	.LCFI21:
 1760              		.cfi_restore 14
 1761              		.cfi_restore 7
 1762              		.cfi_restore 6
 1763              		.cfi_restore 5
 1764              		.cfi_restore 4
 1765              		.cfi_def_cfa_offset 0
 1766              	.LVL103:
 952:Drivers/STM32F4xx_HAL_Driver/Src/stm32f4xx_hal_dma.c ****     }
 1767              		.loc 1 952 7 view .LVU697
 1768 00d2 1847     		bx	r3	@ indirect register sibling call
 1769              	.LVL104:
 1770              	.L163:
 1771              	.LCFI22:
 1772              		.cfi_restore_state
 955:Drivers/STM32F4xx_HAL_Driver/Src/stm32f4xx_hal_dma.c **** 
 1773              		.loc 1 955 1 view .LVU698
 1774 00d4 03B0     		add	sp, sp, #12
 1775              	.LCFI23:
 1776              		.cfi_remember_state
 1777              		.cfi_def_cfa_offset 20
 1778              		@ sp needed
 1779 00d6 F0BD     		pop	{r4, r5, r6, r7, pc}
 1780              	.LVL105:
 1781              	.L251:
 1782              	.LCFI24:
 1783              		.cfi_restore_state
 802:Drivers/STM32F4xx_HAL_Driver/Src/stm32f4xx_hal_dma.c ****       
 1784              		.loc 1 802 7 is_stmt 1 view .LVU699
 802:Drivers/STM32F4xx_HAL_Driver/Src/stm32f4xx_hal_dma.c ****       
 1785              		.loc 1 802 18 is_stmt 0 view .LVU700
 1786 00d8 BA60     		str	r2, [r7, #8]
 805:Drivers/STM32F4xx_HAL_Driver/Src/stm32f4xx_hal_dma.c ****       {
 1787              		.loc 1 805 7 is_stmt 1 view .LVU701
 805:Drivers/STM32F4xx_HAL_Driver/Src/stm32f4xx_hal_dma.c ****       {
 1788              		.loc 1 805 26 is_stmt 0 view .LVU702
 1789 00da 0A68     		ldr	r2, [r1]
 805:Drivers/STM32F4xx_HAL_Driver/Src/stm32f4xx_hal_dma.c ****       {
 1790              		.loc 1 805 9 view .LVU703
ARM GAS  C:\Users\joshr\AppData\Local\Temp\cc709mTA.s 			page 66


 1791 00dc 12F4802F 		tst	r2, #262144
 808:Drivers/STM32F4xx_HAL_Driver/Src/stm32f4xx_hal_dma.c ****         {
 1792              		.loc 1 808 27 view .LVU704
 1793 00e0 0A68     		ldr	r2, [r1]
 805:Drivers/STM32F4xx_HAL_Driver/Src/stm32f4xx_hal_dma.c ****       {
 1794              		.loc 1 805 9 view .LVU705
 1795 00e2 22D1     		bne	.L255
 829:Drivers/STM32F4xx_HAL_Driver/Src/stm32f4xx_hal_dma.c ****         {
 1796              		.loc 1 829 9 is_stmt 1 view .LVU706
 829:Drivers/STM32F4xx_HAL_Driver/Src/stm32f4xx_hal_dma.c ****         {
 1797              		.loc 1 829 11 is_stmt 0 view .LVU707
 1798 00e4 D205     		lsls	r2, r2, #23
 1799 00e6 03D4     		bmi	.L172
 832:Drivers/STM32F4xx_HAL_Driver/Src/stm32f4xx_hal_dma.c ****         }
 1800              		.loc 1 832 11 is_stmt 1 view .LVU708
 832:Drivers/STM32F4xx_HAL_Driver/Src/stm32f4xx_hal_dma.c ****         }
 1801              		.loc 1 832 25 is_stmt 0 view .LVU709
 1802 00e8 0A68     		ldr	r2, [r1]
 832:Drivers/STM32F4xx_HAL_Driver/Src/stm32f4xx_hal_dma.c ****         }
 1803              		.loc 1 832 31 view .LVU710
 1804 00ea 22F00802 		bic	r2, r2, #8
 1805 00ee 0A60     		str	r2, [r1]
 1806              	.L172:
 835:Drivers/STM32F4xx_HAL_Driver/Src/stm32f4xx_hal_dma.c ****         {
 1807              		.loc 1 835 9 is_stmt 1 view .LVU711
 835:Drivers/STM32F4xx_HAL_Driver/Src/stm32f4xx_hal_dma.c ****         {
 1808              		.loc 1 835 16 is_stmt 0 view .LVU712
 1809 00f0 226C     		ldr	r2, [r4, #64]
 835:Drivers/STM32F4xx_HAL_Driver/Src/stm32f4xx_hal_dma.c ****         {
 1810              		.loc 1 835 11 view .LVU713
 1811 00f2 002A     		cmp	r2, #0
 1812 00f4 AED0     		beq	.L168
 1813              	.L244:
 838:Drivers/STM32F4xx_HAL_Driver/Src/stm32f4xx_hal_dma.c ****         }
 1814              		.loc 1 838 11 is_stmt 1 view .LVU714
 1815 00f6 2046     		mov	r0, r4
 1816 00f8 9047     		blx	r2
 1817              	.LVL106:
 844:Drivers/STM32F4xx_HAL_Driver/Src/stm32f4xx_hal_dma.c ****   {
 1818              		.loc 1 844 42 is_stmt 0 view .LVU715
 1819 00fa E36D     		ldr	r3, [r4, #92]
 1820 00fc AAE7     		b	.L168
 1821              	.L250:
 790:Drivers/STM32F4xx_HAL_Driver/Src/stm32f4xx_hal_dma.c **** 
 1822              		.loc 1 790 7 is_stmt 1 view .LVU716
 790:Drivers/STM32F4xx_HAL_Driver/Src/stm32f4xx_hal_dma.c **** 
 1823              		.loc 1 790 18 is_stmt 0 view .LVU717
 1824 00fe BA60     		str	r2, [r7, #8]
 793:Drivers/STM32F4xx_HAL_Driver/Src/stm32f4xx_hal_dma.c ****     }
 1825              		.loc 1 793 7 is_stmt 1 view .LVU718
 793:Drivers/STM32F4xx_HAL_Driver/Src/stm32f4xx_hal_dma.c ****     }
 1826              		.loc 1 793 11 is_stmt 0 view .LVU719
 1827 0100 626D     		ldr	r2, [r4, #84]
 793:Drivers/STM32F4xx_HAL_Driver/Src/stm32f4xx_hal_dma.c ****     }
 1828              		.loc 1 793 23 view .LVU720
 1829 0102 42F00402 		orr	r2, r2, #4
 1830 0106 6265     		str	r2, [r4, #84]
ARM GAS  C:\Users\joshr\AppData\Local\Temp\cc709mTA.s 			page 67


 1831 0108 9CE7     		b	.L166
 1832              	.L249:
 778:Drivers/STM32F4xx_HAL_Driver/Src/stm32f4xx_hal_dma.c **** 
 1833              		.loc 1 778 7 is_stmt 1 view .LVU721
 778:Drivers/STM32F4xx_HAL_Driver/Src/stm32f4xx_hal_dma.c **** 
 1834              		.loc 1 778 18 is_stmt 0 view .LVU722
 1835 010a BA60     		str	r2, [r7, #8]
 781:Drivers/STM32F4xx_HAL_Driver/Src/stm32f4xx_hal_dma.c ****     }
 1836              		.loc 1 781 7 is_stmt 1 view .LVU723
 781:Drivers/STM32F4xx_HAL_Driver/Src/stm32f4xx_hal_dma.c ****     }
 1837              		.loc 1 781 11 is_stmt 0 view .LVU724
 1838 010c 626D     		ldr	r2, [r4, #84]
 781:Drivers/STM32F4xx_HAL_Driver/Src/stm32f4xx_hal_dma.c ****     }
 1839              		.loc 1 781 23 view .LVU725
 1840 010e 42F00202 		orr	r2, r2, #2
 1841 0112 6265     		str	r2, [r4, #84]
 1842 0114 8EE7     		b	.L165
 1843              	.L248:
 763:Drivers/STM32F4xx_HAL_Driver/Src/stm32f4xx_hal_dma.c ****       
 1844              		.loc 1 763 7 is_stmt 1 view .LVU726
 763:Drivers/STM32F4xx_HAL_Driver/Src/stm32f4xx_hal_dma.c ****       
 1845              		.loc 1 763 21 is_stmt 0 view .LVU727
 1846 0116 0868     		ldr	r0, [r1]
 763:Drivers/STM32F4xx_HAL_Driver/Src/stm32f4xx_hal_dma.c ****       
 1847              		.loc 1 763 27 view .LVU728
 1848 0118 20F00400 		bic	r0, r0, #4
 1849 011c 0860     		str	r0, [r1]
 766:Drivers/STM32F4xx_HAL_Driver/Src/stm32f4xx_hal_dma.c ****       
 1850              		.loc 1 766 7 is_stmt 1 view .LVU729
 766:Drivers/STM32F4xx_HAL_Driver/Src/stm32f4xx_hal_dma.c ****       
 1851              		.loc 1 766 18 is_stmt 0 view .LVU730
 1852 011e BA60     		str	r2, [r7, #8]
 769:Drivers/STM32F4xx_HAL_Driver/Src/stm32f4xx_hal_dma.c ****     }
 1853              		.loc 1 769 7 is_stmt 1 view .LVU731
 769:Drivers/STM32F4xx_HAL_Driver/Src/stm32f4xx_hal_dma.c ****     }
 1854              		.loc 1 769 11 is_stmt 0 view .LVU732
 1855 0120 626D     		ldr	r2, [r4, #84]
 769:Drivers/STM32F4xx_HAL_Driver/Src/stm32f4xx_hal_dma.c ****     }
 1856              		.loc 1 769 23 view .LVU733
 1857 0122 42F00102 		orr	r2, r2, #1
 1858 0126 6265     		str	r2, [r4, #84]
 1859 0128 7CE7     		b	.L164
 1860              	.L255:
 808:Drivers/STM32F4xx_HAL_Driver/Src/stm32f4xx_hal_dma.c ****         {
 1861              		.loc 1 808 9 is_stmt 1 view .LVU734
 808:Drivers/STM32F4xx_HAL_Driver/Src/stm32f4xx_hal_dma.c ****         {
 1862              		.loc 1 808 11 is_stmt 0 view .LVU735
 1863 012a 1103     		lsls	r1, r2, #12
 1864 012c E0D5     		bpl	.L172
 819:Drivers/STM32F4xx_HAL_Driver/Src/stm32f4xx_hal_dma.c ****           {
 1865              		.loc 1 819 11 is_stmt 1 view .LVU736
 819:Drivers/STM32F4xx_HAL_Driver/Src/stm32f4xx_hal_dma.c ****           {
 1866              		.loc 1 819 18 is_stmt 0 view .LVU737
 1867 012e A26C     		ldr	r2, [r4, #72]
 819:Drivers/STM32F4xx_HAL_Driver/Src/stm32f4xx_hal_dma.c ****           {
 1868              		.loc 1 819 13 view .LVU738
 1869 0130 002A     		cmp	r2, #0
ARM GAS  C:\Users\joshr\AppData\Local\Temp\cc709mTA.s 			page 68


 1870 0132 E0D1     		bne	.L244
 1871 0134 8EE7     		b	.L168
 1872              	.L252:
 854:Drivers/STM32F4xx_HAL_Driver/Src/stm32f4xx_hal_dma.c ****         hdma->Instance->FCR &= ~(DMA_IT_FE);
 1873              		.loc 1 854 9 is_stmt 1 view .LVU739
 854:Drivers/STM32F4xx_HAL_Driver/Src/stm32f4xx_hal_dma.c ****         hdma->Instance->FCR &= ~(DMA_IT_FE);
 1874              		.loc 1 854 23 is_stmt 0 view .LVU740
 1875 0136 0A68     		ldr	r2, [r1]
 854:Drivers/STM32F4xx_HAL_Driver/Src/stm32f4xx_hal_dma.c ****         hdma->Instance->FCR &= ~(DMA_IT_FE);
 1876              		.loc 1 854 29 view .LVU741
 1877 0138 22F01602 		bic	r2, r2, #22
 1878 013c 0A60     		str	r2, [r1]
 855:Drivers/STM32F4xx_HAL_Driver/Src/stm32f4xx_hal_dma.c ****         
 1879              		.loc 1 855 9 is_stmt 1 view .LVU742
 855:Drivers/STM32F4xx_HAL_Driver/Src/stm32f4xx_hal_dma.c ****         
 1880              		.loc 1 855 23 is_stmt 0 view .LVU743
 1881 013e 4A69     		ldr	r2, [r1, #20]
 855:Drivers/STM32F4xx_HAL_Driver/Src/stm32f4xx_hal_dma.c ****         
 1882              		.loc 1 855 29 view .LVU744
 1883 0140 22F08002 		bic	r2, r2, #128
 1884 0144 4A61     		str	r2, [r1, #20]
 857:Drivers/STM32F4xx_HAL_Driver/Src/stm32f4xx_hal_dma.c ****         {
 1885              		.loc 1 857 9 is_stmt 1 view .LVU745
 857:Drivers/STM32F4xx_HAL_Driver/Src/stm32f4xx_hal_dma.c ****         {
 1886              		.loc 1 857 11 is_stmt 0 view .LVU746
 1887 0146 226C     		ldr	r2, [r4, #64]
 1888 0148 3AB3     		cbz	r2, .L256
 1889              	.L177:
 859:Drivers/STM32F4xx_HAL_Driver/Src/stm32f4xx_hal_dma.c ****         }
 1890              		.loc 1 859 11 is_stmt 1 view .LVU747
 859:Drivers/STM32F4xx_HAL_Driver/Src/stm32f4xx_hal_dma.c ****         }
 1891              		.loc 1 859 25 is_stmt 0 view .LVU748
 1892 014a 0A68     		ldr	r2, [r1]
 859:Drivers/STM32F4xx_HAL_Driver/Src/stm32f4xx_hal_dma.c ****         }
 1893              		.loc 1 859 31 view .LVU749
 1894 014c 22F00802 		bic	r2, r2, #8
 1895 0150 0A60     		str	r2, [r1]
 1896              	.L178:
 863:Drivers/STM32F4xx_HAL_Driver/Src/stm32f4xx_hal_dma.c **** 
 1897              		.loc 1 863 9 is_stmt 1 view .LVU750
 863:Drivers/STM32F4xx_HAL_Driver/Src/stm32f4xx_hal_dma.c **** 
 1898              		.loc 1 863 28 is_stmt 0 view .LVU751
 1899 0152 3F22     		movs	r2, #63
 1900 0154 02FA03F3 		lsl	r3, r2, r3
 871:Drivers/STM32F4xx_HAL_Driver/Src/stm32f4xx_hal_dma.c ****         {
 1901              		.loc 1 871 16 view .LVU752
 1902 0158 216D     		ldr	r1, [r4, #80]
 863:Drivers/STM32F4xx_HAL_Driver/Src/stm32f4xx_hal_dma.c **** 
 1903              		.loc 1 863 20 view .LVU753
 1904 015a BB60     		str	r3, [r7, #8]
 866:Drivers/STM32F4xx_HAL_Driver/Src/stm32f4xx_hal_dma.c **** 
 1905              		.loc 1 866 9 is_stmt 1 view .LVU754
 866:Drivers/STM32F4xx_HAL_Driver/Src/stm32f4xx_hal_dma.c **** 
 1906              		.loc 1 866 21 is_stmt 0 view .LVU755
 1907 015c 0122     		movs	r2, #1
 869:Drivers/STM32F4xx_HAL_Driver/Src/stm32f4xx_hal_dma.c **** 
 1908              		.loc 1 869 9 view .LVU756
ARM GAS  C:\Users\joshr\AppData\Local\Temp\cc709mTA.s 			page 69


 1909 015e 0023     		movs	r3, #0
 866:Drivers/STM32F4xx_HAL_Driver/Src/stm32f4xx_hal_dma.c **** 
 1910              		.loc 1 866 21 view .LVU757
 1911 0160 84F83520 		strb	r2, [r4, #53]
 869:Drivers/STM32F4xx_HAL_Driver/Src/stm32f4xx_hal_dma.c **** 
 1912              		.loc 1 869 9 is_stmt 1 view .LVU758
 869:Drivers/STM32F4xx_HAL_Driver/Src/stm32f4xx_hal_dma.c **** 
 1913              		.loc 1 869 9 view .LVU759
 1914 0164 84F83430 		strb	r3, [r4, #52]
 869:Drivers/STM32F4xx_HAL_Driver/Src/stm32f4xx_hal_dma.c **** 
 1915              		.loc 1 869 9 view .LVU760
 871:Drivers/STM32F4xx_HAL_Driver/Src/stm32f4xx_hal_dma.c ****         {
 1916              		.loc 1 871 9 view .LVU761
 871:Drivers/STM32F4xx_HAL_Driver/Src/stm32f4xx_hal_dma.c ****         {
 1917              		.loc 1 871 11 is_stmt 0 view .LVU762
 1918 0168 0029     		cmp	r1, #0
 1919 016a B3D0     		beq	.L163
 873:Drivers/STM32F4xx_HAL_Driver/Src/stm32f4xx_hal_dma.c ****         }
 1920              		.loc 1 873 11 is_stmt 1 view .LVU763
 1921 016c 2046     		mov	r0, r4
 955:Drivers/STM32F4xx_HAL_Driver/Src/stm32f4xx_hal_dma.c **** 
 1922              		.loc 1 955 1 is_stmt 0 view .LVU764
 1923 016e 03B0     		add	sp, sp, #12
 1924              	.LCFI25:
 1925              		.cfi_remember_state
 1926              		.cfi_def_cfa_offset 20
 1927              		@ sp needed
 1928 0170 BDE8F040 		pop	{r4, r5, r6, r7, lr}
 1929              	.LCFI26:
 1930              		.cfi_restore 14
 1931              		.cfi_restore 7
 1932              		.cfi_restore 6
 1933              		.cfi_restore 5
 1934              		.cfi_restore 4
 1935              		.cfi_def_cfa_offset 0
 1936              	.LVL107:
 873:Drivers/STM32F4xx_HAL_Driver/Src/stm32f4xx_hal_dma.c ****         }
 1937              		.loc 1 873 11 view .LVU765
 1938 0174 0847     		bx	r1	@ indirect register sibling call
 1939              	.LVL108:
 1940              	.L181:
 1941              	.LCFI27:
 1942              		.cfi_restore_state
 902:Drivers/STM32F4xx_HAL_Driver/Src/stm32f4xx_hal_dma.c ****         {
 1943              		.loc 1 902 9 is_stmt 1 view .LVU766
 902:Drivers/STM32F4xx_HAL_Driver/Src/stm32f4xx_hal_dma.c ****         {
 1944              		.loc 1 902 11 is_stmt 0 view .LVU767
 1945 0176 13F48073 		ands	r3, r3, #256
 1946 017a 80D1     		bne	.L183
 905:Drivers/STM32F4xx_HAL_Driver/Src/stm32f4xx_hal_dma.c **** 
 1947              		.loc 1 905 11 is_stmt 1 view .LVU768
 905:Drivers/STM32F4xx_HAL_Driver/Src/stm32f4xx_hal_dma.c **** 
 1948              		.loc 1 905 25 is_stmt 0 view .LVU769
 1949 017c 0A68     		ldr	r2, [r1]
 905:Drivers/STM32F4xx_HAL_Driver/Src/stm32f4xx_hal_dma.c **** 
 1950              		.loc 1 905 31 view .LVU770
 1951 017e 22F01002 		bic	r2, r2, #16
ARM GAS  C:\Users\joshr\AppData\Local\Temp\cc709mTA.s 			page 70


 1952 0182 0A60     		str	r2, [r1]
 908:Drivers/STM32F4xx_HAL_Driver/Src/stm32f4xx_hal_dma.c **** 
 1953              		.loc 1 908 11 is_stmt 1 view .LVU771
 908:Drivers/STM32F4xx_HAL_Driver/Src/stm32f4xx_hal_dma.c **** 
 1954              		.loc 1 908 23 is_stmt 0 view .LVU772
 1955 0184 0122     		movs	r2, #1
 1956 0186 84F83520 		strb	r2, [r4, #53]
 911:Drivers/STM32F4xx_HAL_Driver/Src/stm32f4xx_hal_dma.c ****         }
 1957              		.loc 1 911 11 is_stmt 1 view .LVU773
 911:Drivers/STM32F4xx_HAL_Driver/Src/stm32f4xx_hal_dma.c ****         }
 1958              		.loc 1 911 11 view .LVU774
 1959 018a 84F83430 		strb	r3, [r4, #52]
 1960 018e 76E7     		b	.L183
 1961              	.L253:
 883:Drivers/STM32F4xx_HAL_Driver/Src/stm32f4xx_hal_dma.c ****           {
 1962              		.loc 1 883 11 view .LVU775
 883:Drivers/STM32F4xx_HAL_Driver/Src/stm32f4xx_hal_dma.c ****           {
 1963              		.loc 1 883 18 is_stmt 0 view .LVU776
 1964 0190 636C     		ldr	r3, [r4, #68]
 883:Drivers/STM32F4xx_HAL_Driver/Src/stm32f4xx_hal_dma.c ****           {
 1965              		.loc 1 883 13 view .LVU777
 1966 0192 002B     		cmp	r3, #0
 1967 0194 7FF475AF 		bne	.L245
 1968 0198 75E7     		b	.L174
 1969              	.L256:
 857:Drivers/STM32F4xx_HAL_Driver/Src/stm32f4xx_hal_dma.c ****         {
 1970              		.loc 1 857 49 discriminator 1 view .LVU778
 1971 019a A26C     		ldr	r2, [r4, #72]
 1972 019c 002A     		cmp	r2, #0
 1973 019e D4D1     		bne	.L177
 1974 01a0 D7E7     		b	.L178
 1975              	.L258:
 1976 01a2 00BF     		.align	2
 1977              	.L257:
 1978 01a4 00000000 		.word	SystemCoreClock
 1979 01a8 B5814E1B 		.word	458129845
 1980              		.cfi_endproc
 1981              	.LFE141:
 1983              		.section	.text.HAL_DMA_RegisterCallback,"ax",%progbits
 1984              		.align	1
 1985              		.p2align 2,,3
 1986              		.global	HAL_DMA_RegisterCallback
 1987              		.syntax unified
 1988              		.thumb
 1989              		.thumb_func
 1991              	HAL_DMA_RegisterCallback:
 1992              	.LVL109:
 1993              	.LFB142:
 968:Drivers/STM32F4xx_HAL_Driver/Src/stm32f4xx_hal_dma.c **** 
 1994              		.loc 1 968 1 is_stmt 1 view -0
 1995              		.cfi_startproc
 1996              		@ args = 0, pretend = 0, frame = 0
 1997              		@ frame_needed = 0, uses_anonymous_args = 0
 1998              		@ link register save eliminated.
 970:Drivers/STM32F4xx_HAL_Driver/Src/stm32f4xx_hal_dma.c **** 
 1999              		.loc 1 970 3 view .LVU780
 973:Drivers/STM32F4xx_HAL_Driver/Src/stm32f4xx_hal_dma.c **** 
ARM GAS  C:\Users\joshr\AppData\Local\Temp\cc709mTA.s 			page 71


 2000              		.loc 1 973 3 view .LVU781
 973:Drivers/STM32F4xx_HAL_Driver/Src/stm32f4xx_hal_dma.c **** 
 2001              		.loc 1 973 3 view .LVU782
 968:Drivers/STM32F4xx_HAL_Driver/Src/stm32f4xx_hal_dma.c **** 
 2002              		.loc 1 968 1 is_stmt 0 view .LVU783
 2003 0000 0346     		mov	r3, r0
 973:Drivers/STM32F4xx_HAL_Driver/Src/stm32f4xx_hal_dma.c **** 
 2004              		.loc 1 973 3 view .LVU784
 2005 0002 90F83400 		ldrb	r0, [r0, #52]	@ zero_extendqisi2
 2006              	.LVL110:
 973:Drivers/STM32F4xx_HAL_Driver/Src/stm32f4xx_hal_dma.c **** 
 2007              		.loc 1 973 3 view .LVU785
 2008 0006 0128     		cmp	r0, #1
 2009 0008 12D0     		beq	.L270
 973:Drivers/STM32F4xx_HAL_Driver/Src/stm32f4xx_hal_dma.c **** 
 2010              		.loc 1 973 3 is_stmt 1 discriminator 2 view .LVU786
 973:Drivers/STM32F4xx_HAL_Driver/Src/stm32f4xx_hal_dma.c **** 
 2011              		.loc 1 973 3 discriminator 2 view .LVU787
 975:Drivers/STM32F4xx_HAL_Driver/Src/stm32f4xx_hal_dma.c ****   {
 2012              		.loc 1 975 3 view .LVU788
 975:Drivers/STM32F4xx_HAL_Driver/Src/stm32f4xx_hal_dma.c ****   {
 2013              		.loc 1 975 33 is_stmt 0 view .LVU789
 2014 000a 93F835C0 		ldrb	ip, [r3, #53]	@ zero_extendqisi2
 975:Drivers/STM32F4xx_HAL_Driver/Src/stm32f4xx_hal_dma.c ****   {
 2015              		.loc 1 975 5 view .LVU790
 2016 000e BCF1010F 		cmp	ip, #1
 975:Drivers/STM32F4xx_HAL_Driver/Src/stm32f4xx_hal_dma.c ****   {
 2017              		.loc 1 975 33 view .LVU791
 2018 0012 5FFA8CF0 		uxtb	r0, ip
 975:Drivers/STM32F4xx_HAL_Driver/Src/stm32f4xx_hal_dma.c ****   {
 2019              		.loc 1 975 5 view .LVU792
 2020 0016 04D0     		beq	.L273
 2021 0018 0120     		movs	r0, #1
 2022              	.L261:
 2023              	.LVL111:
1016:Drivers/STM32F4xx_HAL_Driver/Src/stm32f4xx_hal_dma.c ****   
 2024              		.loc 1 1016 3 is_stmt 1 view .LVU793
1016:Drivers/STM32F4xx_HAL_Driver/Src/stm32f4xx_hal_dma.c ****   
 2025              		.loc 1 1016 3 view .LVU794
 2026 001a 0022     		movs	r2, #0
 2027              	.LVL112:
1016:Drivers/STM32F4xx_HAL_Driver/Src/stm32f4xx_hal_dma.c ****   
 2028              		.loc 1 1016 3 is_stmt 0 view .LVU795
 2029 001c 83F83420 		strb	r2, [r3, #52]
1016:Drivers/STM32F4xx_HAL_Driver/Src/stm32f4xx_hal_dma.c ****   
 2030              		.loc 1 1016 3 is_stmt 1 view .LVU796
1018:Drivers/STM32F4xx_HAL_Driver/Src/stm32f4xx_hal_dma.c **** }
 2031              		.loc 1 1018 3 view .LVU797
1018:Drivers/STM32F4xx_HAL_Driver/Src/stm32f4xx_hal_dma.c **** }
 2032              		.loc 1 1018 10 is_stmt 0 view .LVU798
 2033 0020 7047     		bx	lr
 2034              	.LVL113:
 2035              	.L273:
 977:Drivers/STM32F4xx_HAL_Driver/Src/stm32f4xx_hal_dma.c ****     {
 2036              		.loc 1 977 5 is_stmt 1 view .LVU799
 2037 0022 0529     		cmp	r1, #5
 2038 0024 F9D8     		bhi	.L261
ARM GAS  C:\Users\joshr\AppData\Local\Temp\cc709mTA.s 			page 72


 2039 0026 DFE801F0 		tbb	[pc, r1]
 2040              	.L263:
 2041 002a 08       		.byte	(.L268-.L263)/2
 2042 002b 0A       		.byte	(.L267-.L263)/2
 2043 002c 0C       		.byte	(.L266-.L263)/2
 2044 002d 0E       		.byte	(.L265-.L263)/2
 2045 002e 10       		.byte	(.L264-.L263)/2
 2046 002f 05       		.byte	(.L262-.L263)/2
 2047              		.p2align 1
 2048              	.L270:
 973:Drivers/STM32F4xx_HAL_Driver/Src/stm32f4xx_hal_dma.c **** 
 2049              		.loc 1 973 3 is_stmt 0 discriminator 1 view .LVU800
 2050 0030 0220     		movs	r0, #2
1019:Drivers/STM32F4xx_HAL_Driver/Src/stm32f4xx_hal_dma.c **** 
 2051              		.loc 1 1019 1 view .LVU801
 2052 0032 7047     		bx	lr
 2053              	.L262:
1000:Drivers/STM32F4xx_HAL_Driver/Src/stm32f4xx_hal_dma.c ****       break;
 2054              		.loc 1 1000 7 is_stmt 1 view .LVU802
1000:Drivers/STM32F4xx_HAL_Driver/Src/stm32f4xx_hal_dma.c ****       break;
 2055              		.loc 1 1000 31 is_stmt 0 view .LVU803
 2056 0034 1A65     		str	r2, [r3, #80]
1001:Drivers/STM32F4xx_HAL_Driver/Src/stm32f4xx_hal_dma.c **** 
 2057              		.loc 1 1001 7 is_stmt 1 view .LVU804
 2058              	.L269:
 970:Drivers/STM32F4xx_HAL_Driver/Src/stm32f4xx_hal_dma.c **** 
 2059              		.loc 1 970 21 is_stmt 0 view .LVU805
 2060 0036 0020     		movs	r0, #0
 2061 0038 EFE7     		b	.L261
 2062              	.L268:
 980:Drivers/STM32F4xx_HAL_Driver/Src/stm32f4xx_hal_dma.c ****       break;
 2063              		.loc 1 980 7 is_stmt 1 view .LVU806
 980:Drivers/STM32F4xx_HAL_Driver/Src/stm32f4xx_hal_dma.c ****       break;
 2064              		.loc 1 980 30 is_stmt 0 view .LVU807
 2065 003a DA63     		str	r2, [r3, #60]
 981:Drivers/STM32F4xx_HAL_Driver/Src/stm32f4xx_hal_dma.c **** 
 2066              		.loc 1 981 7 is_stmt 1 view .LVU808
 2067 003c FBE7     		b	.L269
 2068              	.L267:
 984:Drivers/STM32F4xx_HAL_Driver/Src/stm32f4xx_hal_dma.c ****       break;
 2069              		.loc 1 984 7 view .LVU809
 984:Drivers/STM32F4xx_HAL_Driver/Src/stm32f4xx_hal_dma.c ****       break;
 2070              		.loc 1 984 34 is_stmt 0 view .LVU810
 2071 003e 1A64     		str	r2, [r3, #64]
 985:Drivers/STM32F4xx_HAL_Driver/Src/stm32f4xx_hal_dma.c **** 
 2072              		.loc 1 985 7 is_stmt 1 view .LVU811
 2073 0040 F9E7     		b	.L269
 2074              	.L266:
 988:Drivers/STM32F4xx_HAL_Driver/Src/stm32f4xx_hal_dma.c ****       break;
 2075              		.loc 1 988 7 view .LVU812
 988:Drivers/STM32F4xx_HAL_Driver/Src/stm32f4xx_hal_dma.c ****       break;
 2076              		.loc 1 988 32 is_stmt 0 view .LVU813
 2077 0042 5A64     		str	r2, [r3, #68]
 989:Drivers/STM32F4xx_HAL_Driver/Src/stm32f4xx_hal_dma.c **** 
 2078              		.loc 1 989 7 is_stmt 1 view .LVU814
 2079 0044 F7E7     		b	.L269
 2080              	.L265:
ARM GAS  C:\Users\joshr\AppData\Local\Temp\cc709mTA.s 			page 73


 992:Drivers/STM32F4xx_HAL_Driver/Src/stm32f4xx_hal_dma.c ****       break;
 2081              		.loc 1 992 7 view .LVU815
 992:Drivers/STM32F4xx_HAL_Driver/Src/stm32f4xx_hal_dma.c ****       break;
 2082              		.loc 1 992 36 is_stmt 0 view .LVU816
 2083 0046 9A64     		str	r2, [r3, #72]
 993:Drivers/STM32F4xx_HAL_Driver/Src/stm32f4xx_hal_dma.c **** 
 2084              		.loc 1 993 7 is_stmt 1 view .LVU817
 2085 0048 F5E7     		b	.L269
 2086              	.L264:
 996:Drivers/STM32F4xx_HAL_Driver/Src/stm32f4xx_hal_dma.c ****       break;
 2087              		.loc 1 996 7 view .LVU818
 996:Drivers/STM32F4xx_HAL_Driver/Src/stm32f4xx_hal_dma.c ****       break;
 2088              		.loc 1 996 31 is_stmt 0 view .LVU819
 2089 004a DA64     		str	r2, [r3, #76]
 997:Drivers/STM32F4xx_HAL_Driver/Src/stm32f4xx_hal_dma.c **** 
 2090              		.loc 1 997 7 is_stmt 1 view .LVU820
 2091 004c F3E7     		b	.L269
 2092              		.cfi_endproc
 2093              	.LFE142:
 2095 004e 00BF     		.section	.text.HAL_DMA_UnRegisterCallback,"ax",%progbits
 2096              		.align	1
 2097              		.p2align 2,,3
 2098              		.global	HAL_DMA_UnRegisterCallback
 2099              		.syntax unified
 2100              		.thumb
 2101              		.thumb_func
 2103              	HAL_DMA_UnRegisterCallback:
 2104              	.LVL114:
 2105              	.LFB143:
1030:Drivers/STM32F4xx_HAL_Driver/Src/stm32f4xx_hal_dma.c ****   HAL_StatusTypeDef status = HAL_OK;
 2106              		.loc 1 1030 1 view -0
 2107              		.cfi_startproc
 2108              		@ args = 0, pretend = 0, frame = 0
 2109              		@ frame_needed = 0, uses_anonymous_args = 0
 2110              		@ link register save eliminated.
1031:Drivers/STM32F4xx_HAL_Driver/Src/stm32f4xx_hal_dma.c ****   
 2111              		.loc 1 1031 3 view .LVU822
1034:Drivers/STM32F4xx_HAL_Driver/Src/stm32f4xx_hal_dma.c ****   
 2112              		.loc 1 1034 3 view .LVU823
1034:Drivers/STM32F4xx_HAL_Driver/Src/stm32f4xx_hal_dma.c ****   
 2113              		.loc 1 1034 3 view .LVU824
 2114 0000 90F83420 		ldrb	r2, [r0, #52]	@ zero_extendqisi2
 2115 0004 012A     		cmp	r2, #1
1030:Drivers/STM32F4xx_HAL_Driver/Src/stm32f4xx_hal_dma.c ****   HAL_StatusTypeDef status = HAL_OK;
 2116              		.loc 1 1030 1 is_stmt 0 view .LVU825
 2117 0006 0346     		mov	r3, r0
1034:Drivers/STM32F4xx_HAL_Driver/Src/stm32f4xx_hal_dma.c ****   
 2118              		.loc 1 1034 3 view .LVU826
 2119 0008 15D0     		beq	.L286
1034:Drivers/STM32F4xx_HAL_Driver/Src/stm32f4xx_hal_dma.c ****   
 2120              		.loc 1 1034 3 is_stmt 1 discriminator 2 view .LVU827
1036:Drivers/STM32F4xx_HAL_Driver/Src/stm32f4xx_hal_dma.c ****   {
 2121              		.loc 1 1036 33 is_stmt 0 view .LVU828
 2122 000a 90F83520 		ldrb	r2, [r0, #53]	@ zero_extendqisi2
1034:Drivers/STM32F4xx_HAL_Driver/Src/stm32f4xx_hal_dma.c ****   
 2123              		.loc 1 1034 3 discriminator 2 view .LVU829
 2124 000e 4FF0010C 		mov	ip, #1
ARM GAS  C:\Users\joshr\AppData\Local\Temp\cc709mTA.s 			page 74


1036:Drivers/STM32F4xx_HAL_Driver/Src/stm32f4xx_hal_dma.c ****   {
 2125              		.loc 1 1036 5 view .LVU830
 2126 0012 6245     		cmp	r2, ip
1034:Drivers/STM32F4xx_HAL_Driver/Src/stm32f4xx_hal_dma.c ****   
 2127              		.loc 1 1034 3 discriminator 2 view .LVU831
 2128 0014 80F834C0 		strb	ip, [r0, #52]
1034:Drivers/STM32F4xx_HAL_Driver/Src/stm32f4xx_hal_dma.c ****   
 2129              		.loc 1 1034 3 is_stmt 1 discriminator 2 view .LVU832
1036:Drivers/STM32F4xx_HAL_Driver/Src/stm32f4xx_hal_dma.c ****   {
 2130              		.loc 1 1036 3 view .LVU833
1036:Drivers/STM32F4xx_HAL_Driver/Src/stm32f4xx_hal_dma.c ****   {
 2131              		.loc 1 1036 33 is_stmt 0 view .LVU834
 2132 0018 D0B2     		uxtb	r0, r2
 2133              	.LVL115:
1036:Drivers/STM32F4xx_HAL_Driver/Src/stm32f4xx_hal_dma.c ****   {
 2134              		.loc 1 1036 5 view .LVU835
 2135 001a 04D0     		beq	.L289
 2136 001c 6046     		mov	r0, ip
 2137              	.L276:
 2138              	.LVL116:
1084:Drivers/STM32F4xx_HAL_Driver/Src/stm32f4xx_hal_dma.c ****   
 2139              		.loc 1 1084 3 is_stmt 1 view .LVU836
1084:Drivers/STM32F4xx_HAL_Driver/Src/stm32f4xx_hal_dma.c ****   
 2140              		.loc 1 1084 3 view .LVU837
 2141 001e 0022     		movs	r2, #0
 2142 0020 83F83420 		strb	r2, [r3, #52]
1084:Drivers/STM32F4xx_HAL_Driver/Src/stm32f4xx_hal_dma.c ****   
 2143              		.loc 1 1084 3 view .LVU838
1086:Drivers/STM32F4xx_HAL_Driver/Src/stm32f4xx_hal_dma.c **** }
 2144              		.loc 1 1086 3 view .LVU839
1086:Drivers/STM32F4xx_HAL_Driver/Src/stm32f4xx_hal_dma.c **** }
 2145              		.loc 1 1086 10 is_stmt 0 view .LVU840
 2146 0024 7047     		bx	lr
 2147              	.LVL117:
 2148              	.L289:
1038:Drivers/STM32F4xx_HAL_Driver/Src/stm32f4xx_hal_dma.c ****     {
 2149              		.loc 1 1038 5 is_stmt 1 view .LVU841
 2150 0026 0629     		cmp	r1, #6
 2151 0028 F9D8     		bhi	.L276
 2152 002a DFE801F0 		tbb	[pc, r1]
 2153              	.L278:
 2154 002e 0F       		.byte	(.L284-.L278)/2
 2155 002f 12       		.byte	(.L283-.L278)/2
 2156 0030 15       		.byte	(.L282-.L278)/2
 2157 0031 18       		.byte	(.L281-.L278)/2
 2158 0032 1B       		.byte	(.L280-.L278)/2
 2159 0033 1E       		.byte	(.L279-.L278)/2
 2160 0034 06       		.byte	(.L277-.L278)/2
 2161              	.LVL118:
 2162 0035 00       		.p2align 1
 2163              	.L286:
1034:Drivers/STM32F4xx_HAL_Driver/Src/stm32f4xx_hal_dma.c ****   
 2164              		.loc 1 1034 3 is_stmt 0 discriminator 1 view .LVU842
 2165 0036 0220     		movs	r0, #2
 2166              	.LVL119:
1087:Drivers/STM32F4xx_HAL_Driver/Src/stm32f4xx_hal_dma.c **** 
 2167              		.loc 1 1087 1 view .LVU843
ARM GAS  C:\Users\joshr\AppData\Local\Temp\cc709mTA.s 			page 75


 2168 0038 7047     		bx	lr
 2169              	.L277:
1065:Drivers/STM32F4xx_HAL_Driver/Src/stm32f4xx_hal_dma.c ****       hdma->XferHalfCpltCallback = NULL;
 2170              		.loc 1 1065 7 is_stmt 1 view .LVU844
1065:Drivers/STM32F4xx_HAL_Driver/Src/stm32f4xx_hal_dma.c ****       hdma->XferHalfCpltCallback = NULL;
 2171              		.loc 1 1065 30 is_stmt 0 view .LVU845
 2172 003a 0022     		movs	r2, #0
1066:Drivers/STM32F4xx_HAL_Driver/Src/stm32f4xx_hal_dma.c ****       hdma->XferM1CpltCallback = NULL;
 2173              		.loc 1 1066 34 view .LVU846
 2174 003c C3E90F22 		strd	r2, r2, [r3, #60]
1067:Drivers/STM32F4xx_HAL_Driver/Src/stm32f4xx_hal_dma.c ****       hdma->XferM1HalfCpltCallback = NULL;
 2175              		.loc 1 1067 7 is_stmt 1 view .LVU847
1068:Drivers/STM32F4xx_HAL_Driver/Src/stm32f4xx_hal_dma.c ****       hdma->XferErrorCallback = NULL;
 2176              		.loc 1 1068 36 is_stmt 0 view .LVU848
 2177 0040 C3E91122 		strd	r2, r2, [r3, #68]
1069:Drivers/STM32F4xx_HAL_Driver/Src/stm32f4xx_hal_dma.c ****       hdma->XferAbortCallback = NULL;
 2178              		.loc 1 1069 7 is_stmt 1 view .LVU849
1070:Drivers/STM32F4xx_HAL_Driver/Src/stm32f4xx_hal_dma.c ****       break; 
 2179              		.loc 1 1070 7 view .LVU850
1069:Drivers/STM32F4xx_HAL_Driver/Src/stm32f4xx_hal_dma.c ****       hdma->XferAbortCallback = NULL;
 2180              		.loc 1 1069 31 is_stmt 0 view .LVU851
 2181 0044 C3E91322 		strd	r2, r2, [r3, #76]
1071:Drivers/STM32F4xx_HAL_Driver/Src/stm32f4xx_hal_dma.c ****       
 2182              		.loc 1 1071 7 is_stmt 1 view .LVU852
 2183              	.L285:
1031:Drivers/STM32F4xx_HAL_Driver/Src/stm32f4xx_hal_dma.c ****   
 2184              		.loc 1 1031 21 is_stmt 0 view .LVU853
 2185 0048 0020     		movs	r0, #0
 2186 004a E8E7     		b	.L276
 2187              	.L284:
1041:Drivers/STM32F4xx_HAL_Driver/Src/stm32f4xx_hal_dma.c ****       break;
 2188              		.loc 1 1041 7 is_stmt 1 view .LVU854
1041:Drivers/STM32F4xx_HAL_Driver/Src/stm32f4xx_hal_dma.c ****       break;
 2189              		.loc 1 1041 30 is_stmt 0 view .LVU855
 2190 004c 0022     		movs	r2, #0
 2191 004e DA63     		str	r2, [r3, #60]
1042:Drivers/STM32F4xx_HAL_Driver/Src/stm32f4xx_hal_dma.c ****       
 2192              		.loc 1 1042 7 is_stmt 1 view .LVU856
 2193 0050 FAE7     		b	.L285
 2194              	.L283:
1045:Drivers/STM32F4xx_HAL_Driver/Src/stm32f4xx_hal_dma.c ****       break;
 2195              		.loc 1 1045 7 view .LVU857
1045:Drivers/STM32F4xx_HAL_Driver/Src/stm32f4xx_hal_dma.c ****       break;
 2196              		.loc 1 1045 34 is_stmt 0 view .LVU858
 2197 0052 0022     		movs	r2, #0
 2198 0054 1A64     		str	r2, [r3, #64]
1046:Drivers/STM32F4xx_HAL_Driver/Src/stm32f4xx_hal_dma.c ****       
 2199              		.loc 1 1046 7 is_stmt 1 view .LVU859
 2200 0056 F7E7     		b	.L285
 2201              	.L282:
1049:Drivers/STM32F4xx_HAL_Driver/Src/stm32f4xx_hal_dma.c ****       break;
 2202              		.loc 1 1049 7 view .LVU860
1049:Drivers/STM32F4xx_HAL_Driver/Src/stm32f4xx_hal_dma.c ****       break;
 2203              		.loc 1 1049 32 is_stmt 0 view .LVU861
 2204 0058 0022     		movs	r2, #0
 2205 005a 5A64     		str	r2, [r3, #68]
1050:Drivers/STM32F4xx_HAL_Driver/Src/stm32f4xx_hal_dma.c ****       
ARM GAS  C:\Users\joshr\AppData\Local\Temp\cc709mTA.s 			page 76


 2206              		.loc 1 1050 7 is_stmt 1 view .LVU862
 2207 005c F4E7     		b	.L285
 2208              	.L281:
1053:Drivers/STM32F4xx_HAL_Driver/Src/stm32f4xx_hal_dma.c ****       break;
 2209              		.loc 1 1053 7 view .LVU863
1053:Drivers/STM32F4xx_HAL_Driver/Src/stm32f4xx_hal_dma.c ****       break;
 2210              		.loc 1 1053 36 is_stmt 0 view .LVU864
 2211 005e 0022     		movs	r2, #0
 2212 0060 9A64     		str	r2, [r3, #72]
1054:Drivers/STM32F4xx_HAL_Driver/Src/stm32f4xx_hal_dma.c ****       
 2213              		.loc 1 1054 7 is_stmt 1 view .LVU865
 2214 0062 F1E7     		b	.L285
 2215              	.L280:
1057:Drivers/STM32F4xx_HAL_Driver/Src/stm32f4xx_hal_dma.c ****       break;
 2216              		.loc 1 1057 7 view .LVU866
1057:Drivers/STM32F4xx_HAL_Driver/Src/stm32f4xx_hal_dma.c ****       break;
 2217              		.loc 1 1057 31 is_stmt 0 view .LVU867
 2218 0064 0022     		movs	r2, #0
 2219 0066 DA64     		str	r2, [r3, #76]
1058:Drivers/STM32F4xx_HAL_Driver/Src/stm32f4xx_hal_dma.c ****       
 2220              		.loc 1 1058 7 is_stmt 1 view .LVU868
 2221 0068 EEE7     		b	.L285
 2222              	.L279:
1061:Drivers/STM32F4xx_HAL_Driver/Src/stm32f4xx_hal_dma.c ****       break; 
 2223              		.loc 1 1061 7 view .LVU869
1061:Drivers/STM32F4xx_HAL_Driver/Src/stm32f4xx_hal_dma.c ****       break; 
 2224              		.loc 1 1061 31 is_stmt 0 view .LVU870
 2225 006a 0022     		movs	r2, #0
 2226 006c 1A65     		str	r2, [r3, #80]
1062:Drivers/STM32F4xx_HAL_Driver/Src/stm32f4xx_hal_dma.c ****       
 2227              		.loc 1 1062 7 is_stmt 1 view .LVU871
 2228 006e EBE7     		b	.L285
 2229              		.cfi_endproc
 2230              	.LFE143:
 2232              		.section	.text.HAL_DMA_GetState,"ax",%progbits
 2233              		.align	1
 2234              		.p2align 2,,3
 2235              		.global	HAL_DMA_GetState
 2236              		.syntax unified
 2237              		.thumb
 2238              		.thumb_func
 2240              	HAL_DMA_GetState:
 2241              	.LVL120:
 2242              	.LFB144:
1115:Drivers/STM32F4xx_HAL_Driver/Src/stm32f4xx_hal_dma.c ****   return hdma->State;
 2243              		.loc 1 1115 1 view -0
 2244              		.cfi_startproc
 2245              		@ args = 0, pretend = 0, frame = 0
 2246              		@ frame_needed = 0, uses_anonymous_args = 0
 2247              		@ link register save eliminated.
1116:Drivers/STM32F4xx_HAL_Driver/Src/stm32f4xx_hal_dma.c **** }
 2248              		.loc 1 1116 3 view .LVU873
1116:Drivers/STM32F4xx_HAL_Driver/Src/stm32f4xx_hal_dma.c **** }
 2249              		.loc 1 1116 14 is_stmt 0 view .LVU874
 2250 0000 90F83500 		ldrb	r0, [r0, #53]	@ zero_extendqisi2
 2251              	.LVL121:
1117:Drivers/STM32F4xx_HAL_Driver/Src/stm32f4xx_hal_dma.c **** 
ARM GAS  C:\Users\joshr\AppData\Local\Temp\cc709mTA.s 			page 77


 2252              		.loc 1 1117 1 view .LVU875
 2253 0004 7047     		bx	lr
 2254              		.cfi_endproc
 2255              	.LFE144:
 2257 0006 00BF     		.section	.text.HAL_DMA_GetError,"ax",%progbits
 2258              		.align	1
 2259              		.p2align 2,,3
 2260              		.global	HAL_DMA_GetError
 2261              		.syntax unified
 2262              		.thumb
 2263              		.thumb_func
 2265              	HAL_DMA_GetError:
 2266              	.LVL122:
 2267              	.LFB145:
1126:Drivers/STM32F4xx_HAL_Driver/Src/stm32f4xx_hal_dma.c ****   return hdma->ErrorCode;
 2268              		.loc 1 1126 1 is_stmt 1 view -0
 2269              		.cfi_startproc
 2270              		@ args = 0, pretend = 0, frame = 0
 2271              		@ frame_needed = 0, uses_anonymous_args = 0
 2272              		@ link register save eliminated.
1127:Drivers/STM32F4xx_HAL_Driver/Src/stm32f4xx_hal_dma.c **** }
 2273              		.loc 1 1127 3 view .LVU877
1127:Drivers/STM32F4xx_HAL_Driver/Src/stm32f4xx_hal_dma.c **** }
 2274              		.loc 1 1127 14 is_stmt 0 view .LVU878
 2275 0000 406D     		ldr	r0, [r0, #84]
 2276              	.LVL123:
1128:Drivers/STM32F4xx_HAL_Driver/Src/stm32f4xx_hal_dma.c **** 
 2277              		.loc 1 1128 1 view .LVU879
 2278 0002 7047     		bx	lr
 2279              		.cfi_endproc
 2280              	.LFE145:
 2282              		.section	.rodata.flagBitshiftOffset.0,"a"
 2283              		.align	2
 2286              	flagBitshiftOffset.0:
 2287 0000 00061016 		.ascii	"\000\006\020\026\000\006\020\026"
 2287      00061016 
 2288              		.text
 2289              	.Letext0:
 2290              		.file 2 "C:\\ST\\STM32CubeIDE_1.19.0\\STM32CubeIDE\\plugins\\com.st.stm32cube.ide.mcu.externaltool
 2291              		.file 3 "C:\\ST\\STM32CubeIDE_1.19.0\\STM32CubeIDE\\plugins\\com.st.stm32cube.ide.mcu.externaltool
 2292              		.file 4 "Drivers/CMSIS/Device/ST/STM32F4xx/Include/stm32f446xx.h"
 2293              		.file 5 "Drivers/CMSIS/Device/ST/STM32F4xx/Include/stm32f4xx.h"
 2294              		.file 6 "Drivers/STM32F4xx_HAL_Driver/Inc/stm32f4xx_hal_def.h"
 2295              		.file 7 "Drivers/STM32F4xx_HAL_Driver/Inc/stm32f4xx_hal_dma.h"
 2296              		.file 8 "Drivers/CMSIS/Device/ST/STM32F4xx/Include/system_stm32f4xx.h"
 2297              		.file 9 "Drivers/STM32F4xx_HAL_Driver/Inc/stm32f4xx_hal.h"
ARM GAS  C:\Users\joshr\AppData\Local\Temp\cc709mTA.s 			page 78


DEFINED SYMBOLS
                            *ABS*:00000000 stm32f4xx_hal_dma.c
C:\Users\joshr\AppData\Local\Temp\cc709mTA.s:21     .text.HAL_DMA_Init:00000000 $t
C:\Users\joshr\AppData\Local\Temp\cc709mTA.s:28     .text.HAL_DMA_Init:00000000 HAL_DMA_Init
C:\Users\joshr\AppData\Local\Temp\cc709mTA.s:372    .text.HAL_DMA_Init:0000010c $d
C:\Users\joshr\AppData\Local\Temp\cc709mTA.s:380    .text.HAL_DMA_Init:0000011c $d
C:\Users\joshr\AppData\Local\Temp\cc709mTA.s:2286   .rodata.flagBitshiftOffset.0:00000000 flagBitshiftOffset.0
C:\Users\joshr\AppData\Local\Temp\cc709mTA.s:389    .text.HAL_DMA_DeInit:00000000 $t
C:\Users\joshr\AppData\Local\Temp\cc709mTA.s:396    .text.HAL_DMA_DeInit:00000000 HAL_DMA_DeInit
C:\Users\joshr\AppData\Local\Temp\cc709mTA.s:572    .text.HAL_DMA_DeInit:00000074 $d
C:\Users\joshr\AppData\Local\Temp\cc709mTA.s:578    .text.HAL_DMA_Start:00000000 $t
C:\Users\joshr\AppData\Local\Temp\cc709mTA.s:585    .text.HAL_DMA_Start:00000000 HAL_DMA_Start
C:\Users\joshr\AppData\Local\Temp\cc709mTA.s:711    .text.HAL_DMA_Start_IT:00000000 $t
C:\Users\joshr\AppData\Local\Temp\cc709mTA.s:718    .text.HAL_DMA_Start_IT:00000000 HAL_DMA_Start_IT
C:\Users\joshr\AppData\Local\Temp\cc709mTA.s:894    .text.HAL_DMA_Abort:00000000 $t
C:\Users\joshr\AppData\Local\Temp\cc709mTA.s:901    .text.HAL_DMA_Abort:00000000 HAL_DMA_Abort
C:\Users\joshr\AppData\Local\Temp\cc709mTA.s:1061   .text.HAL_DMA_Abort_IT:00000000 $t
C:\Users\joshr\AppData\Local\Temp\cc709mTA.s:1068   .text.HAL_DMA_Abort_IT:00000000 HAL_DMA_Abort_IT
C:\Users\joshr\AppData\Local\Temp\cc709mTA.s:1115   .text.HAL_DMA_PollForTransfer:00000000 $t
C:\Users\joshr\AppData\Local\Temp\cc709mTA.s:1122   .text.HAL_DMA_PollForTransfer:00000000 HAL_DMA_PollForTransfer
C:\Users\joshr\AppData\Local\Temp\cc709mTA.s:1525   .text.HAL_DMA_IRQHandler:00000000 $t
C:\Users\joshr\AppData\Local\Temp\cc709mTA.s:1532   .text.HAL_DMA_IRQHandler:00000000 HAL_DMA_IRQHandler
C:\Users\joshr\AppData\Local\Temp\cc709mTA.s:1978   .text.HAL_DMA_IRQHandler:000001a4 $d
C:\Users\joshr\AppData\Local\Temp\cc709mTA.s:1984   .text.HAL_DMA_RegisterCallback:00000000 $t
C:\Users\joshr\AppData\Local\Temp\cc709mTA.s:1991   .text.HAL_DMA_RegisterCallback:00000000 HAL_DMA_RegisterCallback
C:\Users\joshr\AppData\Local\Temp\cc709mTA.s:2041   .text.HAL_DMA_RegisterCallback:0000002a $d
C:\Users\joshr\AppData\Local\Temp\cc709mTA.s:2047   .text.HAL_DMA_RegisterCallback:00000030 $t
C:\Users\joshr\AppData\Local\Temp\cc709mTA.s:2096   .text.HAL_DMA_UnRegisterCallback:00000000 $t
C:\Users\joshr\AppData\Local\Temp\cc709mTA.s:2103   .text.HAL_DMA_UnRegisterCallback:00000000 HAL_DMA_UnRegisterCallback
C:\Users\joshr\AppData\Local\Temp\cc709mTA.s:2154   .text.HAL_DMA_UnRegisterCallback:0000002e $d
C:\Users\joshr\AppData\Local\Temp\cc709mTA.s:2233   .text.HAL_DMA_GetState:00000000 $t
C:\Users\joshr\AppData\Local\Temp\cc709mTA.s:2240   .text.HAL_DMA_GetState:00000000 HAL_DMA_GetState
C:\Users\joshr\AppData\Local\Temp\cc709mTA.s:2258   .text.HAL_DMA_GetError:00000000 $t
C:\Users\joshr\AppData\Local\Temp\cc709mTA.s:2265   .text.HAL_DMA_GetError:00000000 HAL_DMA_GetError
C:\Users\joshr\AppData\Local\Temp\cc709mTA.s:2283   .rodata.flagBitshiftOffset.0:00000000 $d
C:\Users\joshr\AppData\Local\Temp\cc709mTA.s:2162   .text.HAL_DMA_UnRegisterCallback:00000035 $d
C:\Users\joshr\AppData\Local\Temp\cc709mTA.s:2162   .text.HAL_DMA_UnRegisterCallback:00000036 $t

UNDEFINED SYMBOLS
HAL_GetTick
SystemCoreClock
