ARM GAS  C:\Users\Ebrahim\AppData\Local\Temp\ccIRI20i.s 			page 1


   1              		.cpu cortex-m4
   2              		.arch armv7e-m
   3              		.fpu softvfp
   4              		.eabi_attribute 20, 1
   5              		.eabi_attribute 21, 1
   6              		.eabi_attribute 23, 3
   7              		.eabi_attribute 24, 1
   8              		.eabi_attribute 25, 1
   9              		.eabi_attribute 26, 1
  10              		.eabi_attribute 30, 1
  11              		.eabi_attribute 34, 1
  12              		.eabi_attribute 18, 4
  13              		.file	"stm32f4xx_hal_rcc.c"
  14              		.text
  15              	.Ltext0:
  16              		.cfi_sections	.debug_frame
  17              		.file 1 "Drivers/STM32F4xx_HAL_Driver/Src/stm32f4xx_hal_rcc.c"
  18              		.section	.text.HAL_RCC_DeInit,"ax",%progbits
  19              		.align	1
  20              		.weak	HAL_RCC_DeInit
  21              		.syntax unified
  22              		.thumb
  23              		.thumb_func
  25              	HAL_RCC_DeInit:
  26              	.LFB134:
   1:Drivers/STM32F4xx_HAL_Driver/Src/stm32f4xx_hal_rcc.c **** /**
   2:Drivers/STM32F4xx_HAL_Driver/Src/stm32f4xx_hal_rcc.c ****   ******************************************************************************
   3:Drivers/STM32F4xx_HAL_Driver/Src/stm32f4xx_hal_rcc.c ****   * @file    stm32f4xx_hal_rcc.c
   4:Drivers/STM32F4xx_HAL_Driver/Src/stm32f4xx_hal_rcc.c ****   * @author  MCD Application Team
   5:Drivers/STM32F4xx_HAL_Driver/Src/stm32f4xx_hal_rcc.c ****   * @brief   RCC HAL module driver.
   6:Drivers/STM32F4xx_HAL_Driver/Src/stm32f4xx_hal_rcc.c ****   *          This file provides firmware functions to manage the following
   7:Drivers/STM32F4xx_HAL_Driver/Src/stm32f4xx_hal_rcc.c ****   *          functionalities of the Reset and Clock Control (RCC) peripheral:
   8:Drivers/STM32F4xx_HAL_Driver/Src/stm32f4xx_hal_rcc.c ****   *           + Initialization and de-initialization functions
   9:Drivers/STM32F4xx_HAL_Driver/Src/stm32f4xx_hal_rcc.c ****   *           + Peripheral Control functions
  10:Drivers/STM32F4xx_HAL_Driver/Src/stm32f4xx_hal_rcc.c ****   *
  11:Drivers/STM32F4xx_HAL_Driver/Src/stm32f4xx_hal_rcc.c ****   @verbatim
  12:Drivers/STM32F4xx_HAL_Driver/Src/stm32f4xx_hal_rcc.c ****   ==============================================================================
  13:Drivers/STM32F4xx_HAL_Driver/Src/stm32f4xx_hal_rcc.c ****                       ##### RCC specific features #####
  14:Drivers/STM32F4xx_HAL_Driver/Src/stm32f4xx_hal_rcc.c ****   ==============================================================================
  15:Drivers/STM32F4xx_HAL_Driver/Src/stm32f4xx_hal_rcc.c ****     [..]
  16:Drivers/STM32F4xx_HAL_Driver/Src/stm32f4xx_hal_rcc.c ****       After reset the device is running from Internal High Speed oscillator
  17:Drivers/STM32F4xx_HAL_Driver/Src/stm32f4xx_hal_rcc.c ****       (HSI 16MHz) with Flash 0 wait state, Flash prefetch buffer, D-Cache
  18:Drivers/STM32F4xx_HAL_Driver/Src/stm32f4xx_hal_rcc.c ****       and I-Cache are disabled, and all peripherals are off except internal
  19:Drivers/STM32F4xx_HAL_Driver/Src/stm32f4xx_hal_rcc.c ****       SRAM, Flash and JTAG.
  20:Drivers/STM32F4xx_HAL_Driver/Src/stm32f4xx_hal_rcc.c ****       (+) There is no prescaler on High speed (AHB) and Low speed (APB) busses;
  21:Drivers/STM32F4xx_HAL_Driver/Src/stm32f4xx_hal_rcc.c ****           all peripherals mapped on these busses are running at HSI speed.
  22:Drivers/STM32F4xx_HAL_Driver/Src/stm32f4xx_hal_rcc.c ****       (+) The clock for all peripherals is switched off, except the SRAM and FLASH.
  23:Drivers/STM32F4xx_HAL_Driver/Src/stm32f4xx_hal_rcc.c ****       (+) All GPIOs are in input floating state, except the JTAG pins which
  24:Drivers/STM32F4xx_HAL_Driver/Src/stm32f4xx_hal_rcc.c ****           are assigned to be used for debug purpose.
  25:Drivers/STM32F4xx_HAL_Driver/Src/stm32f4xx_hal_rcc.c **** 
  26:Drivers/STM32F4xx_HAL_Driver/Src/stm32f4xx_hal_rcc.c ****     [..]
  27:Drivers/STM32F4xx_HAL_Driver/Src/stm32f4xx_hal_rcc.c ****       Once the device started from reset, the user application has to:
  28:Drivers/STM32F4xx_HAL_Driver/Src/stm32f4xx_hal_rcc.c ****       (+) Configure the clock source to be used to drive the System clock
  29:Drivers/STM32F4xx_HAL_Driver/Src/stm32f4xx_hal_rcc.c ****           (if the application needs higher frequency/performance)
  30:Drivers/STM32F4xx_HAL_Driver/Src/stm32f4xx_hal_rcc.c ****       (+) Configure the System clock frequency and Flash settings
  31:Drivers/STM32F4xx_HAL_Driver/Src/stm32f4xx_hal_rcc.c ****       (+) Configure the AHB and APB busses prescalers
  32:Drivers/STM32F4xx_HAL_Driver/Src/stm32f4xx_hal_rcc.c ****       (+) Enable the clock for the peripheral(s) to be used
ARM GAS  C:\Users\Ebrahim\AppData\Local\Temp\ccIRI20i.s 			page 2


  33:Drivers/STM32F4xx_HAL_Driver/Src/stm32f4xx_hal_rcc.c ****       (+) Configure the clock source(s) for peripherals which clocks are not
  34:Drivers/STM32F4xx_HAL_Driver/Src/stm32f4xx_hal_rcc.c ****           derived from the System clock (I2S, RTC, ADC, USB OTG FS/SDIO/RNG)
  35:Drivers/STM32F4xx_HAL_Driver/Src/stm32f4xx_hal_rcc.c **** 
  36:Drivers/STM32F4xx_HAL_Driver/Src/stm32f4xx_hal_rcc.c ****                       ##### RCC Limitations #####
  37:Drivers/STM32F4xx_HAL_Driver/Src/stm32f4xx_hal_rcc.c ****   ==============================================================================
  38:Drivers/STM32F4xx_HAL_Driver/Src/stm32f4xx_hal_rcc.c ****     [..]
  39:Drivers/STM32F4xx_HAL_Driver/Src/stm32f4xx_hal_rcc.c ****       A delay between an RCC peripheral clock enable and the effective peripheral
  40:Drivers/STM32F4xx_HAL_Driver/Src/stm32f4xx_hal_rcc.c ****       enabling should be taken into account in order to manage the peripheral read/write
  41:Drivers/STM32F4xx_HAL_Driver/Src/stm32f4xx_hal_rcc.c ****       from/to registers.
  42:Drivers/STM32F4xx_HAL_Driver/Src/stm32f4xx_hal_rcc.c ****       (+) This delay depends on the peripheral mapping.
  43:Drivers/STM32F4xx_HAL_Driver/Src/stm32f4xx_hal_rcc.c ****       (+) If peripheral is mapped on AHB: the delay is 2 AHB clock cycle
  44:Drivers/STM32F4xx_HAL_Driver/Src/stm32f4xx_hal_rcc.c ****           after the clock enable bit is set on the hardware register
  45:Drivers/STM32F4xx_HAL_Driver/Src/stm32f4xx_hal_rcc.c ****       (+) If peripheral is mapped on APB: the delay is 2 APB clock cycle
  46:Drivers/STM32F4xx_HAL_Driver/Src/stm32f4xx_hal_rcc.c ****           after the clock enable bit is set on the hardware register
  47:Drivers/STM32F4xx_HAL_Driver/Src/stm32f4xx_hal_rcc.c **** 
  48:Drivers/STM32F4xx_HAL_Driver/Src/stm32f4xx_hal_rcc.c ****     [..]
  49:Drivers/STM32F4xx_HAL_Driver/Src/stm32f4xx_hal_rcc.c ****       Implemented Workaround:
  50:Drivers/STM32F4xx_HAL_Driver/Src/stm32f4xx_hal_rcc.c ****       (+) For AHB & APB peripherals, a dummy read to the peripheral register has been
  51:Drivers/STM32F4xx_HAL_Driver/Src/stm32f4xx_hal_rcc.c ****           inserted in each __HAL_RCC_PPP_CLK_ENABLE() macro.
  52:Drivers/STM32F4xx_HAL_Driver/Src/stm32f4xx_hal_rcc.c **** 
  53:Drivers/STM32F4xx_HAL_Driver/Src/stm32f4xx_hal_rcc.c ****   @endverbatim
  54:Drivers/STM32F4xx_HAL_Driver/Src/stm32f4xx_hal_rcc.c ****   ******************************************************************************
  55:Drivers/STM32F4xx_HAL_Driver/Src/stm32f4xx_hal_rcc.c ****   * @attention
  56:Drivers/STM32F4xx_HAL_Driver/Src/stm32f4xx_hal_rcc.c ****   *
  57:Drivers/STM32F4xx_HAL_Driver/Src/stm32f4xx_hal_rcc.c ****   * Copyright (c) 2017 STMicroelectronics.
  58:Drivers/STM32F4xx_HAL_Driver/Src/stm32f4xx_hal_rcc.c ****   * All rights reserved.
  59:Drivers/STM32F4xx_HAL_Driver/Src/stm32f4xx_hal_rcc.c ****   *
  60:Drivers/STM32F4xx_HAL_Driver/Src/stm32f4xx_hal_rcc.c ****   * This software is licensed under terms that can be found in the LICENSE file in
  61:Drivers/STM32F4xx_HAL_Driver/Src/stm32f4xx_hal_rcc.c ****   * the root directory of this software component.
  62:Drivers/STM32F4xx_HAL_Driver/Src/stm32f4xx_hal_rcc.c ****   * If no LICENSE file comes with this software, it is provided AS-IS.
  63:Drivers/STM32F4xx_HAL_Driver/Src/stm32f4xx_hal_rcc.c ****   ******************************************************************************
  64:Drivers/STM32F4xx_HAL_Driver/Src/stm32f4xx_hal_rcc.c ****   */
  65:Drivers/STM32F4xx_HAL_Driver/Src/stm32f4xx_hal_rcc.c **** 
  66:Drivers/STM32F4xx_HAL_Driver/Src/stm32f4xx_hal_rcc.c **** /* Includes ------------------------------------------------------------------*/
  67:Drivers/STM32F4xx_HAL_Driver/Src/stm32f4xx_hal_rcc.c **** #include "stm32f4xx_hal.h"
  68:Drivers/STM32F4xx_HAL_Driver/Src/stm32f4xx_hal_rcc.c **** 
  69:Drivers/STM32F4xx_HAL_Driver/Src/stm32f4xx_hal_rcc.c **** /** @addtogroup STM32F4xx_HAL_Driver
  70:Drivers/STM32F4xx_HAL_Driver/Src/stm32f4xx_hal_rcc.c ****   * @{
  71:Drivers/STM32F4xx_HAL_Driver/Src/stm32f4xx_hal_rcc.c ****   */
  72:Drivers/STM32F4xx_HAL_Driver/Src/stm32f4xx_hal_rcc.c **** 
  73:Drivers/STM32F4xx_HAL_Driver/Src/stm32f4xx_hal_rcc.c **** /** @defgroup RCC RCC
  74:Drivers/STM32F4xx_HAL_Driver/Src/stm32f4xx_hal_rcc.c ****   * @brief RCC HAL module driver
  75:Drivers/STM32F4xx_HAL_Driver/Src/stm32f4xx_hal_rcc.c ****   * @{
  76:Drivers/STM32F4xx_HAL_Driver/Src/stm32f4xx_hal_rcc.c ****   */
  77:Drivers/STM32F4xx_HAL_Driver/Src/stm32f4xx_hal_rcc.c **** 
  78:Drivers/STM32F4xx_HAL_Driver/Src/stm32f4xx_hal_rcc.c **** #ifdef HAL_RCC_MODULE_ENABLED
  79:Drivers/STM32F4xx_HAL_Driver/Src/stm32f4xx_hal_rcc.c **** 
  80:Drivers/STM32F4xx_HAL_Driver/Src/stm32f4xx_hal_rcc.c **** /* Private typedef -----------------------------------------------------------*/
  81:Drivers/STM32F4xx_HAL_Driver/Src/stm32f4xx_hal_rcc.c **** /* Private define ------------------------------------------------------------*/
  82:Drivers/STM32F4xx_HAL_Driver/Src/stm32f4xx_hal_rcc.c **** /** @addtogroup RCC_Private_Constants
  83:Drivers/STM32F4xx_HAL_Driver/Src/stm32f4xx_hal_rcc.c ****   * @{
  84:Drivers/STM32F4xx_HAL_Driver/Src/stm32f4xx_hal_rcc.c ****   */
  85:Drivers/STM32F4xx_HAL_Driver/Src/stm32f4xx_hal_rcc.c **** 
  86:Drivers/STM32F4xx_HAL_Driver/Src/stm32f4xx_hal_rcc.c **** /* Private macro -------------------------------------------------------------*/
  87:Drivers/STM32F4xx_HAL_Driver/Src/stm32f4xx_hal_rcc.c **** #define __MCO1_CLK_ENABLE()   __HAL_RCC_GPIOA_CLK_ENABLE()
  88:Drivers/STM32F4xx_HAL_Driver/Src/stm32f4xx_hal_rcc.c **** #define MCO1_GPIO_PORT        GPIOA
  89:Drivers/STM32F4xx_HAL_Driver/Src/stm32f4xx_hal_rcc.c **** #define MCO1_PIN              GPIO_PIN_8
ARM GAS  C:\Users\Ebrahim\AppData\Local\Temp\ccIRI20i.s 			page 3


  90:Drivers/STM32F4xx_HAL_Driver/Src/stm32f4xx_hal_rcc.c **** 
  91:Drivers/STM32F4xx_HAL_Driver/Src/stm32f4xx_hal_rcc.c **** #define __MCO2_CLK_ENABLE()   __HAL_RCC_GPIOC_CLK_ENABLE()
  92:Drivers/STM32F4xx_HAL_Driver/Src/stm32f4xx_hal_rcc.c **** #define MCO2_GPIO_PORT         GPIOC
  93:Drivers/STM32F4xx_HAL_Driver/Src/stm32f4xx_hal_rcc.c **** #define MCO2_PIN               GPIO_PIN_9
  94:Drivers/STM32F4xx_HAL_Driver/Src/stm32f4xx_hal_rcc.c **** /**
  95:Drivers/STM32F4xx_HAL_Driver/Src/stm32f4xx_hal_rcc.c ****   * @}
  96:Drivers/STM32F4xx_HAL_Driver/Src/stm32f4xx_hal_rcc.c ****   */
  97:Drivers/STM32F4xx_HAL_Driver/Src/stm32f4xx_hal_rcc.c **** 
  98:Drivers/STM32F4xx_HAL_Driver/Src/stm32f4xx_hal_rcc.c **** /* Private variables ---------------------------------------------------------*/
  99:Drivers/STM32F4xx_HAL_Driver/Src/stm32f4xx_hal_rcc.c **** /** @defgroup RCC_Private_Variables RCC Private Variables
 100:Drivers/STM32F4xx_HAL_Driver/Src/stm32f4xx_hal_rcc.c ****   * @{
 101:Drivers/STM32F4xx_HAL_Driver/Src/stm32f4xx_hal_rcc.c ****   */
 102:Drivers/STM32F4xx_HAL_Driver/Src/stm32f4xx_hal_rcc.c **** /**
 103:Drivers/STM32F4xx_HAL_Driver/Src/stm32f4xx_hal_rcc.c ****   * @}
 104:Drivers/STM32F4xx_HAL_Driver/Src/stm32f4xx_hal_rcc.c ****   */
 105:Drivers/STM32F4xx_HAL_Driver/Src/stm32f4xx_hal_rcc.c **** /* Private function prototypes -----------------------------------------------*/
 106:Drivers/STM32F4xx_HAL_Driver/Src/stm32f4xx_hal_rcc.c **** /* Private functions ---------------------------------------------------------*/
 107:Drivers/STM32F4xx_HAL_Driver/Src/stm32f4xx_hal_rcc.c **** 
 108:Drivers/STM32F4xx_HAL_Driver/Src/stm32f4xx_hal_rcc.c **** /** @defgroup RCC_Exported_Functions RCC Exported Functions
 109:Drivers/STM32F4xx_HAL_Driver/Src/stm32f4xx_hal_rcc.c ****   *  @{
 110:Drivers/STM32F4xx_HAL_Driver/Src/stm32f4xx_hal_rcc.c ****   */
 111:Drivers/STM32F4xx_HAL_Driver/Src/stm32f4xx_hal_rcc.c **** 
 112:Drivers/STM32F4xx_HAL_Driver/Src/stm32f4xx_hal_rcc.c **** /** @defgroup RCC_Exported_Functions_Group1 Initialization and de-initialization functions
 113:Drivers/STM32F4xx_HAL_Driver/Src/stm32f4xx_hal_rcc.c ****   *  @brief    Initialization and Configuration functions
 114:Drivers/STM32F4xx_HAL_Driver/Src/stm32f4xx_hal_rcc.c ****   *
 115:Drivers/STM32F4xx_HAL_Driver/Src/stm32f4xx_hal_rcc.c **** @verbatim
 116:Drivers/STM32F4xx_HAL_Driver/Src/stm32f4xx_hal_rcc.c ****  ===============================================================================
 117:Drivers/STM32F4xx_HAL_Driver/Src/stm32f4xx_hal_rcc.c ****            ##### Initialization and de-initialization functions #####
 118:Drivers/STM32F4xx_HAL_Driver/Src/stm32f4xx_hal_rcc.c ****  ===============================================================================
 119:Drivers/STM32F4xx_HAL_Driver/Src/stm32f4xx_hal_rcc.c ****     [..]
 120:Drivers/STM32F4xx_HAL_Driver/Src/stm32f4xx_hal_rcc.c ****       This section provides functions allowing to configure the internal/external oscillators
 121:Drivers/STM32F4xx_HAL_Driver/Src/stm32f4xx_hal_rcc.c ****       (HSE, HSI, LSE, LSI, PLL, CSS and MCO) and the System busses clocks (SYSCLK, AHB, APB1
 122:Drivers/STM32F4xx_HAL_Driver/Src/stm32f4xx_hal_rcc.c ****        and APB2).
 123:Drivers/STM32F4xx_HAL_Driver/Src/stm32f4xx_hal_rcc.c **** 
 124:Drivers/STM32F4xx_HAL_Driver/Src/stm32f4xx_hal_rcc.c ****     [..] Internal/external clock and PLL configuration
 125:Drivers/STM32F4xx_HAL_Driver/Src/stm32f4xx_hal_rcc.c ****          (#) HSI (high-speed internal), 16 MHz factory-trimmed RC used directly or through
 126:Drivers/STM32F4xx_HAL_Driver/Src/stm32f4xx_hal_rcc.c ****              the PLL as System clock source.
 127:Drivers/STM32F4xx_HAL_Driver/Src/stm32f4xx_hal_rcc.c **** 
 128:Drivers/STM32F4xx_HAL_Driver/Src/stm32f4xx_hal_rcc.c ****          (#) LSI (low-speed internal), 32 KHz low consumption RC used as IWDG and/or RTC
 129:Drivers/STM32F4xx_HAL_Driver/Src/stm32f4xx_hal_rcc.c ****              clock source.
 130:Drivers/STM32F4xx_HAL_Driver/Src/stm32f4xx_hal_rcc.c **** 
 131:Drivers/STM32F4xx_HAL_Driver/Src/stm32f4xx_hal_rcc.c ****          (#) HSE (high-speed external), 4 to 26 MHz crystal oscillator used directly or
 132:Drivers/STM32F4xx_HAL_Driver/Src/stm32f4xx_hal_rcc.c ****              through the PLL as System clock source. Can be used also as RTC clock source.
 133:Drivers/STM32F4xx_HAL_Driver/Src/stm32f4xx_hal_rcc.c **** 
 134:Drivers/STM32F4xx_HAL_Driver/Src/stm32f4xx_hal_rcc.c ****          (#) LSE (low-speed external), 32 KHz oscillator used as RTC clock source.
 135:Drivers/STM32F4xx_HAL_Driver/Src/stm32f4xx_hal_rcc.c **** 
 136:Drivers/STM32F4xx_HAL_Driver/Src/stm32f4xx_hal_rcc.c ****          (#) PLL (clocked by HSI or HSE), featuring two different output clocks:
 137:Drivers/STM32F4xx_HAL_Driver/Src/stm32f4xx_hal_rcc.c ****            (++) The first output is used to generate the high speed system clock (up to 168 MHz)
 138:Drivers/STM32F4xx_HAL_Driver/Src/stm32f4xx_hal_rcc.c ****            (++) The second output is used to generate the clock for the USB OTG FS (48 MHz),
 139:Drivers/STM32F4xx_HAL_Driver/Src/stm32f4xx_hal_rcc.c ****                 the random analog generator (<=48 MHz) and the SDIO (<= 48 MHz).
 140:Drivers/STM32F4xx_HAL_Driver/Src/stm32f4xx_hal_rcc.c **** 
 141:Drivers/STM32F4xx_HAL_Driver/Src/stm32f4xx_hal_rcc.c ****          (#) CSS (Clock security system), once enable using the macro __HAL_RCC_CSS_ENABLE()
 142:Drivers/STM32F4xx_HAL_Driver/Src/stm32f4xx_hal_rcc.c ****              and if a HSE clock failure occurs(HSE used directly or through PLL as System
 143:Drivers/STM32F4xx_HAL_Driver/Src/stm32f4xx_hal_rcc.c ****              clock source), the System clocks automatically switched to HSI and an interrupt
 144:Drivers/STM32F4xx_HAL_Driver/Src/stm32f4xx_hal_rcc.c ****              is generated if enabled. The interrupt is linked to the Cortex-M4 NMI
 145:Drivers/STM32F4xx_HAL_Driver/Src/stm32f4xx_hal_rcc.c ****              (Non-Maskable Interrupt) exception vector.
 146:Drivers/STM32F4xx_HAL_Driver/Src/stm32f4xx_hal_rcc.c **** 
ARM GAS  C:\Users\Ebrahim\AppData\Local\Temp\ccIRI20i.s 			page 4


 147:Drivers/STM32F4xx_HAL_Driver/Src/stm32f4xx_hal_rcc.c ****          (#) MCO1 (microcontroller clock output), used to output HSI, LSE, HSE or PLL
 148:Drivers/STM32F4xx_HAL_Driver/Src/stm32f4xx_hal_rcc.c ****              clock (through a configurable prescaler) on PA8 pin.
 149:Drivers/STM32F4xx_HAL_Driver/Src/stm32f4xx_hal_rcc.c **** 
 150:Drivers/STM32F4xx_HAL_Driver/Src/stm32f4xx_hal_rcc.c ****          (#) MCO2 (microcontroller clock output), used to output HSE, PLL, SYSCLK or PLLI2S
 151:Drivers/STM32F4xx_HAL_Driver/Src/stm32f4xx_hal_rcc.c ****              clock (through a configurable prescaler) on PC9 pin.
 152:Drivers/STM32F4xx_HAL_Driver/Src/stm32f4xx_hal_rcc.c **** 
 153:Drivers/STM32F4xx_HAL_Driver/Src/stm32f4xx_hal_rcc.c ****     [..] System, AHB and APB busses clocks configuration
 154:Drivers/STM32F4xx_HAL_Driver/Src/stm32f4xx_hal_rcc.c ****          (#) Several clock sources can be used to drive the System clock (SYSCLK): HSI,
 155:Drivers/STM32F4xx_HAL_Driver/Src/stm32f4xx_hal_rcc.c ****              HSE and PLL.
 156:Drivers/STM32F4xx_HAL_Driver/Src/stm32f4xx_hal_rcc.c ****              The AHB clock (HCLK) is derived from System clock through configurable
 157:Drivers/STM32F4xx_HAL_Driver/Src/stm32f4xx_hal_rcc.c ****              prescaler and used to clock the CPU, memory and peripherals mapped
 158:Drivers/STM32F4xx_HAL_Driver/Src/stm32f4xx_hal_rcc.c ****              on AHB bus (DMA, GPIO...). APB1 (PCLK1) and APB2 (PCLK2) clocks are derived
 159:Drivers/STM32F4xx_HAL_Driver/Src/stm32f4xx_hal_rcc.c ****              from AHB clock through configurable prescalers and used to clock
 160:Drivers/STM32F4xx_HAL_Driver/Src/stm32f4xx_hal_rcc.c ****              the peripherals mapped on these busses. You can use
 161:Drivers/STM32F4xx_HAL_Driver/Src/stm32f4xx_hal_rcc.c ****              "HAL_RCC_GetSysClockFreq()" function to retrieve the frequencies of these clocks.
 162:Drivers/STM32F4xx_HAL_Driver/Src/stm32f4xx_hal_rcc.c **** 
 163:Drivers/STM32F4xx_HAL_Driver/Src/stm32f4xx_hal_rcc.c ****          (#) For the STM32F405xx/07xx and STM32F415xx/17xx devices, the maximum
 164:Drivers/STM32F4xx_HAL_Driver/Src/stm32f4xx_hal_rcc.c ****              frequency of the SYSCLK and HCLK is 168 MHz, PCLK2 84 MHz and PCLK1 42 MHz.
 165:Drivers/STM32F4xx_HAL_Driver/Src/stm32f4xx_hal_rcc.c ****              Depending on the device voltage range, the maximum frequency should
 166:Drivers/STM32F4xx_HAL_Driver/Src/stm32f4xx_hal_rcc.c ****              be adapted accordingly (refer to the product datasheets for more details).
 167:Drivers/STM32F4xx_HAL_Driver/Src/stm32f4xx_hal_rcc.c **** 
 168:Drivers/STM32F4xx_HAL_Driver/Src/stm32f4xx_hal_rcc.c ****          (#) For the STM32F42xxx, STM32F43xxx, STM32F446xx, STM32F469xx and STM32F479xx devices,
 169:Drivers/STM32F4xx_HAL_Driver/Src/stm32f4xx_hal_rcc.c ****              the maximum frequency of the SYSCLK and HCLK is 180 MHz, PCLK2 90 MHz and PCLK1 45 MHz
 170:Drivers/STM32F4xx_HAL_Driver/Src/stm32f4xx_hal_rcc.c ****              Depending on the device voltage range, the maximum frequency should
 171:Drivers/STM32F4xx_HAL_Driver/Src/stm32f4xx_hal_rcc.c ****              be adapted accordingly (refer to the product datasheets for more details).
 172:Drivers/STM32F4xx_HAL_Driver/Src/stm32f4xx_hal_rcc.c **** 
 173:Drivers/STM32F4xx_HAL_Driver/Src/stm32f4xx_hal_rcc.c ****          (#) For the STM32F401xx, the maximum frequency of the SYSCLK and HCLK is 84 MHz,
 174:Drivers/STM32F4xx_HAL_Driver/Src/stm32f4xx_hal_rcc.c ****              PCLK2 84 MHz and PCLK1 42 MHz.
 175:Drivers/STM32F4xx_HAL_Driver/Src/stm32f4xx_hal_rcc.c ****              Depending on the device voltage range, the maximum frequency should
 176:Drivers/STM32F4xx_HAL_Driver/Src/stm32f4xx_hal_rcc.c ****              be adapted accordingly (refer to the product datasheets for more details).
 177:Drivers/STM32F4xx_HAL_Driver/Src/stm32f4xx_hal_rcc.c **** 
 178:Drivers/STM32F4xx_HAL_Driver/Src/stm32f4xx_hal_rcc.c ****          (#) For the STM32F41xxx, the maximum frequency of the SYSCLK and HCLK is 100 MHz,
 179:Drivers/STM32F4xx_HAL_Driver/Src/stm32f4xx_hal_rcc.c ****              PCLK2 100 MHz and PCLK1 50 MHz.
 180:Drivers/STM32F4xx_HAL_Driver/Src/stm32f4xx_hal_rcc.c ****              Depending on the device voltage range, the maximum frequency should
 181:Drivers/STM32F4xx_HAL_Driver/Src/stm32f4xx_hal_rcc.c ****              be adapted accordingly (refer to the product datasheets for more details).
 182:Drivers/STM32F4xx_HAL_Driver/Src/stm32f4xx_hal_rcc.c **** 
 183:Drivers/STM32F4xx_HAL_Driver/Src/stm32f4xx_hal_rcc.c **** @endverbatim
 184:Drivers/STM32F4xx_HAL_Driver/Src/stm32f4xx_hal_rcc.c ****   * @{
 185:Drivers/STM32F4xx_HAL_Driver/Src/stm32f4xx_hal_rcc.c ****   */
 186:Drivers/STM32F4xx_HAL_Driver/Src/stm32f4xx_hal_rcc.c **** 
 187:Drivers/STM32F4xx_HAL_Driver/Src/stm32f4xx_hal_rcc.c **** /**
 188:Drivers/STM32F4xx_HAL_Driver/Src/stm32f4xx_hal_rcc.c ****   * @brief  Resets the RCC clock configuration to the default reset state.
 189:Drivers/STM32F4xx_HAL_Driver/Src/stm32f4xx_hal_rcc.c ****   * @note   The default reset state of the clock configuration is given below:
 190:Drivers/STM32F4xx_HAL_Driver/Src/stm32f4xx_hal_rcc.c ****   *            - HSI ON and used as system clock source
 191:Drivers/STM32F4xx_HAL_Driver/Src/stm32f4xx_hal_rcc.c ****   *            - HSE and PLL OFF
 192:Drivers/STM32F4xx_HAL_Driver/Src/stm32f4xx_hal_rcc.c ****   *            - AHB, APB1 and APB2 prescaler set to 1.
 193:Drivers/STM32F4xx_HAL_Driver/Src/stm32f4xx_hal_rcc.c ****   *            - CSS, MCO1 and MCO2 OFF
 194:Drivers/STM32F4xx_HAL_Driver/Src/stm32f4xx_hal_rcc.c ****   *            - All interrupts disabled
 195:Drivers/STM32F4xx_HAL_Driver/Src/stm32f4xx_hal_rcc.c ****   * @note   This function doesn't modify the configuration of the
 196:Drivers/STM32F4xx_HAL_Driver/Src/stm32f4xx_hal_rcc.c ****   *            - Peripheral clocks
 197:Drivers/STM32F4xx_HAL_Driver/Src/stm32f4xx_hal_rcc.c ****   *            - LSI, LSE and RTC clocks
 198:Drivers/STM32F4xx_HAL_Driver/Src/stm32f4xx_hal_rcc.c ****   * @retval HAL status
 199:Drivers/STM32F4xx_HAL_Driver/Src/stm32f4xx_hal_rcc.c ****   */
 200:Drivers/STM32F4xx_HAL_Driver/Src/stm32f4xx_hal_rcc.c **** __weak HAL_StatusTypeDef HAL_RCC_DeInit(void)
 201:Drivers/STM32F4xx_HAL_Driver/Src/stm32f4xx_hal_rcc.c **** {
  27              		.loc 1 201 1 view -0
  28              		.cfi_startproc
ARM GAS  C:\Users\Ebrahim\AppData\Local\Temp\ccIRI20i.s 			page 5


  29              		@ args = 0, pretend = 0, frame = 0
  30              		@ frame_needed = 0, uses_anonymous_args = 0
  31              		@ link register save eliminated.
 202:Drivers/STM32F4xx_HAL_Driver/Src/stm32f4xx_hal_rcc.c ****   return HAL_OK;
  32              		.loc 1 202 3 view .LVU1
 203:Drivers/STM32F4xx_HAL_Driver/Src/stm32f4xx_hal_rcc.c **** }
  33              		.loc 1 203 1 is_stmt 0 view .LVU2
  34 0000 0020     		movs	r0, #0
  35 0002 7047     		bx	lr
  36              		.cfi_endproc
  37              	.LFE134:
  39              		.section	.text.HAL_RCC_OscConfig,"ax",%progbits
  40              		.align	1
  41              		.weak	HAL_RCC_OscConfig
  42              		.syntax unified
  43              		.thumb
  44              		.thumb_func
  46              	HAL_RCC_OscConfig:
  47              	.LVL0:
  48              	.LFB135:
 204:Drivers/STM32F4xx_HAL_Driver/Src/stm32f4xx_hal_rcc.c **** 
 205:Drivers/STM32F4xx_HAL_Driver/Src/stm32f4xx_hal_rcc.c **** /**
 206:Drivers/STM32F4xx_HAL_Driver/Src/stm32f4xx_hal_rcc.c ****   * @brief  Initializes the RCC Oscillators according to the specified parameters in the
 207:Drivers/STM32F4xx_HAL_Driver/Src/stm32f4xx_hal_rcc.c ****   *         RCC_OscInitTypeDef.
 208:Drivers/STM32F4xx_HAL_Driver/Src/stm32f4xx_hal_rcc.c ****   * @param  RCC_OscInitStruct pointer to an RCC_OscInitTypeDef structure that
 209:Drivers/STM32F4xx_HAL_Driver/Src/stm32f4xx_hal_rcc.c ****   *         contains the configuration information for the RCC Oscillators.
 210:Drivers/STM32F4xx_HAL_Driver/Src/stm32f4xx_hal_rcc.c ****   * @note   The PLL is not disabled when used as system clock.
 211:Drivers/STM32F4xx_HAL_Driver/Src/stm32f4xx_hal_rcc.c ****   * @note   Transitions LSE Bypass to LSE On and LSE On to LSE Bypass are not
 212:Drivers/STM32F4xx_HAL_Driver/Src/stm32f4xx_hal_rcc.c ****   *         supported by this API. User should request a transition to LSE Off
 213:Drivers/STM32F4xx_HAL_Driver/Src/stm32f4xx_hal_rcc.c ****   *         first and then LSE On or LSE Bypass.
 214:Drivers/STM32F4xx_HAL_Driver/Src/stm32f4xx_hal_rcc.c ****   * @note   Transition HSE Bypass to HSE On and HSE On to HSE Bypass are not
 215:Drivers/STM32F4xx_HAL_Driver/Src/stm32f4xx_hal_rcc.c ****   *         supported by this API. User should request a transition to HSE Off
 216:Drivers/STM32F4xx_HAL_Driver/Src/stm32f4xx_hal_rcc.c ****   *         first and then HSE On or HSE Bypass.
 217:Drivers/STM32F4xx_HAL_Driver/Src/stm32f4xx_hal_rcc.c ****   * @retval HAL status
 218:Drivers/STM32F4xx_HAL_Driver/Src/stm32f4xx_hal_rcc.c ****   */
 219:Drivers/STM32F4xx_HAL_Driver/Src/stm32f4xx_hal_rcc.c **** __weak HAL_StatusTypeDef HAL_RCC_OscConfig(const RCC_OscInitTypeDef  *RCC_OscInitStruct)
 220:Drivers/STM32F4xx_HAL_Driver/Src/stm32f4xx_hal_rcc.c **** {
  49              		.loc 1 220 1 is_stmt 1 view -0
  50              		.cfi_startproc
  51              		@ args = 0, pretend = 0, frame = 8
  52              		@ frame_needed = 0, uses_anonymous_args = 0
 221:Drivers/STM32F4xx_HAL_Driver/Src/stm32f4xx_hal_rcc.c ****   uint32_t tickstart;
  53              		.loc 1 221 3 view .LVU4
 222:Drivers/STM32F4xx_HAL_Driver/Src/stm32f4xx_hal_rcc.c ****   uint32_t pll_config;
  54              		.loc 1 222 3 view .LVU5
 223:Drivers/STM32F4xx_HAL_Driver/Src/stm32f4xx_hal_rcc.c ****   /* Check Null pointer */
 224:Drivers/STM32F4xx_HAL_Driver/Src/stm32f4xx_hal_rcc.c ****   if (RCC_OscInitStruct == NULL)
  55              		.loc 1 224 3 view .LVU6
  56              		.loc 1 224 6 is_stmt 0 view .LVU7
  57 0000 0028     		cmp	r0, #0
  58 0002 00F0E681 		beq	.L52
 220:Drivers/STM32F4xx_HAL_Driver/Src/stm32f4xx_hal_rcc.c ****   uint32_t tickstart;
  59              		.loc 1 220 1 view .LVU8
  60 0006 70B5     		push	{r4, r5, r6, lr}
  61              	.LCFI0:
  62              		.cfi_def_cfa_offset 16
  63              		.cfi_offset 4, -16
ARM GAS  C:\Users\Ebrahim\AppData\Local\Temp\ccIRI20i.s 			page 6


  64              		.cfi_offset 5, -12
  65              		.cfi_offset 6, -8
  66              		.cfi_offset 14, -4
  67 0008 82B0     		sub	sp, sp, #8
  68              	.LCFI1:
  69              		.cfi_def_cfa_offset 24
  70 000a 0446     		mov	r4, r0
 225:Drivers/STM32F4xx_HAL_Driver/Src/stm32f4xx_hal_rcc.c ****   {
 226:Drivers/STM32F4xx_HAL_Driver/Src/stm32f4xx_hal_rcc.c ****     return HAL_ERROR;
 227:Drivers/STM32F4xx_HAL_Driver/Src/stm32f4xx_hal_rcc.c ****   }
 228:Drivers/STM32F4xx_HAL_Driver/Src/stm32f4xx_hal_rcc.c **** 
 229:Drivers/STM32F4xx_HAL_Driver/Src/stm32f4xx_hal_rcc.c ****   /* Check the parameters */
 230:Drivers/STM32F4xx_HAL_Driver/Src/stm32f4xx_hal_rcc.c ****   assert_param(IS_RCC_OSCILLATORTYPE(RCC_OscInitStruct->OscillatorType));
  71              		.loc 1 230 3 is_stmt 1 view .LVU9
 231:Drivers/STM32F4xx_HAL_Driver/Src/stm32f4xx_hal_rcc.c ****   /*------------------------------- HSE Configuration ------------------------*/
 232:Drivers/STM32F4xx_HAL_Driver/Src/stm32f4xx_hal_rcc.c ****   if (((RCC_OscInitStruct->OscillatorType) & RCC_OSCILLATORTYPE_HSE) == RCC_OSCILLATORTYPE_HSE)
  72              		.loc 1 232 3 view .LVU10
  73              		.loc 1 232 26 is_stmt 0 view .LVU11
  74 000c 0368     		ldr	r3, [r0]
  75              		.loc 1 232 6 view .LVU12
  76 000e 13F0010F 		tst	r3, #1
  77 0012 3BD0     		beq	.L4
 233:Drivers/STM32F4xx_HAL_Driver/Src/stm32f4xx_hal_rcc.c ****   {
 234:Drivers/STM32F4xx_HAL_Driver/Src/stm32f4xx_hal_rcc.c ****     /* Check the parameters */
 235:Drivers/STM32F4xx_HAL_Driver/Src/stm32f4xx_hal_rcc.c ****     assert_param(IS_RCC_HSE(RCC_OscInitStruct->HSEState));
  78              		.loc 1 235 5 is_stmt 1 view .LVU13
 236:Drivers/STM32F4xx_HAL_Driver/Src/stm32f4xx_hal_rcc.c ****     /* When the HSE is used as system clock or clock source for PLL in these cases HSE will not dis
 237:Drivers/STM32F4xx_HAL_Driver/Src/stm32f4xx_hal_rcc.c ****     if ((__HAL_RCC_GET_SYSCLK_SOURCE() == RCC_CFGR_SWS_HSE) || \
  79              		.loc 1 237 5 view .LVU14
  80              		.loc 1 237 10 is_stmt 0 view .LVU15
  81 0014 9F4B     		ldr	r3, .L94
  82 0016 9B68     		ldr	r3, [r3, #8]
  83 0018 03F00C03 		and	r3, r3, #12
  84              		.loc 1 237 8 view .LVU16
  85 001c 042B     		cmp	r3, #4
  86 001e 2CD0     		beq	.L5
 238:Drivers/STM32F4xx_HAL_Driver/Src/stm32f4xx_hal_rcc.c ****         ((__HAL_RCC_GET_SYSCLK_SOURCE() == RCC_CFGR_SWS_PLL) && ((RCC->PLLCFGR & RCC_PLLCFGR_PLLSRC
  87              		.loc 1 238 11 view .LVU17
  88 0020 9C4B     		ldr	r3, .L94
  89 0022 9B68     		ldr	r3, [r3, #8]
  90 0024 03F00C03 		and	r3, r3, #12
 237:Drivers/STM32F4xx_HAL_Driver/Src/stm32f4xx_hal_rcc.c ****         ((__HAL_RCC_GET_SYSCLK_SOURCE() == RCC_CFGR_SWS_PLL) && ((RCC->PLLCFGR & RCC_PLLCFGR_PLLSRC
  91              		.loc 1 237 61 discriminator 1 view .LVU18
  92 0028 082B     		cmp	r3, #8
  93 002a 21D0     		beq	.L80
  94              	.L6:
 239:Drivers/STM32F4xx_HAL_Driver/Src/stm32f4xx_hal_rcc.c ****     {
 240:Drivers/STM32F4xx_HAL_Driver/Src/stm32f4xx_hal_rcc.c ****       if ((__HAL_RCC_GET_FLAG(RCC_FLAG_HSERDY) != RESET) && (RCC_OscInitStruct->HSEState == RCC_HSE
 241:Drivers/STM32F4xx_HAL_Driver/Src/stm32f4xx_hal_rcc.c ****       {
 242:Drivers/STM32F4xx_HAL_Driver/Src/stm32f4xx_hal_rcc.c ****         return HAL_ERROR;
 243:Drivers/STM32F4xx_HAL_Driver/Src/stm32f4xx_hal_rcc.c ****       }
 244:Drivers/STM32F4xx_HAL_Driver/Src/stm32f4xx_hal_rcc.c ****     }
 245:Drivers/STM32F4xx_HAL_Driver/Src/stm32f4xx_hal_rcc.c ****     else
 246:Drivers/STM32F4xx_HAL_Driver/Src/stm32f4xx_hal_rcc.c ****     {
 247:Drivers/STM32F4xx_HAL_Driver/Src/stm32f4xx_hal_rcc.c ****       /* Set the new HSE configuration ---------------------------------------*/
 248:Drivers/STM32F4xx_HAL_Driver/Src/stm32f4xx_hal_rcc.c ****       __HAL_RCC_HSE_CONFIG(RCC_OscInitStruct->HSEState);
  95              		.loc 1 248 7 is_stmt 1 view .LVU19
ARM GAS  C:\Users\Ebrahim\AppData\Local\Temp\ccIRI20i.s 			page 7


  96              		.loc 1 248 7 view .LVU20
  97 002c 6368     		ldr	r3, [r4, #4]
  98 002e B3F5803F 		cmp	r3, #65536
  99 0032 4FD0     		beq	.L81
 100              		.loc 1 248 7 discriminator 2 view .LVU21
 101 0034 B3F5A02F 		cmp	r3, #327680
 102 0038 52D0     		beq	.L82
 103              		.loc 1 248 7 discriminator 5 view .LVU22
 104 003a 964B     		ldr	r3, .L94
 105 003c 1A68     		ldr	r2, [r3]
 106 003e 22F48032 		bic	r2, r2, #65536
 107 0042 1A60     		str	r2, [r3]
 108              		.loc 1 248 7 discriminator 5 view .LVU23
 109 0044 1A68     		ldr	r2, [r3]
 110 0046 22F48022 		bic	r2, r2, #262144
 111 004a 1A60     		str	r2, [r3]
 112              	.L8:
 113              		.loc 1 248 7 discriminator 7 view .LVU24
 249:Drivers/STM32F4xx_HAL_Driver/Src/stm32f4xx_hal_rcc.c **** 
 250:Drivers/STM32F4xx_HAL_Driver/Src/stm32f4xx_hal_rcc.c ****       /* Check the HSE State */
 251:Drivers/STM32F4xx_HAL_Driver/Src/stm32f4xx_hal_rcc.c ****       if ((RCC_OscInitStruct->HSEState) != RCC_HSE_OFF)
 114              		.loc 1 251 7 view .LVU25
 115              		.loc 1 251 29 is_stmt 0 view .LVU26
 116 004c 6368     		ldr	r3, [r4, #4]
 117              		.loc 1 251 10 view .LVU27
 118 004e 002B     		cmp	r3, #0
 119 0050 50D0     		beq	.L10
 252:Drivers/STM32F4xx_HAL_Driver/Src/stm32f4xx_hal_rcc.c ****       {
 253:Drivers/STM32F4xx_HAL_Driver/Src/stm32f4xx_hal_rcc.c ****         /* Get Start Tick */
 254:Drivers/STM32F4xx_HAL_Driver/Src/stm32f4xx_hal_rcc.c ****         tickstart = HAL_GetTick();
 120              		.loc 1 254 9 is_stmt 1 view .LVU28
 121              		.loc 1 254 21 is_stmt 0 view .LVU29
 122 0052 FFF7FEFF 		bl	HAL_GetTick
 123              	.LVL1:
 124              		.loc 1 254 21 view .LVU30
 125 0056 0546     		mov	r5, r0
 126              	.LVL2:
 255:Drivers/STM32F4xx_HAL_Driver/Src/stm32f4xx_hal_rcc.c **** 
 256:Drivers/STM32F4xx_HAL_Driver/Src/stm32f4xx_hal_rcc.c ****         /* Wait till HSE is ready */
 257:Drivers/STM32F4xx_HAL_Driver/Src/stm32f4xx_hal_rcc.c ****         while (__HAL_RCC_GET_FLAG(RCC_FLAG_HSERDY) == RESET)
 127              		.loc 1 257 9 is_stmt 1 view .LVU31
 128              	.L11:
 129              		.loc 1 257 52 view .LVU32
 130              		.loc 1 257 16 is_stmt 0 view .LVU33
 131 0058 8E4B     		ldr	r3, .L94
 132 005a 1B68     		ldr	r3, [r3]
 133              		.loc 1 257 52 view .LVU34
 134 005c 13F4003F 		tst	r3, #131072
 135 0060 14D1     		bne	.L4
 258:Drivers/STM32F4xx_HAL_Driver/Src/stm32f4xx_hal_rcc.c ****         {
 259:Drivers/STM32F4xx_HAL_Driver/Src/stm32f4xx_hal_rcc.c ****           if ((HAL_GetTick() - tickstart) > HSE_TIMEOUT_VALUE)
 136              		.loc 1 259 11 is_stmt 1 view .LVU35
 137              		.loc 1 259 16 is_stmt 0 view .LVU36
 138 0062 FFF7FEFF 		bl	HAL_GetTick
 139              	.LVL3:
 140              		.loc 1 259 30 discriminator 1 view .LVU37
 141 0066 401B     		subs	r0, r0, r5
ARM GAS  C:\Users\Ebrahim\AppData\Local\Temp\ccIRI20i.s 			page 8


 142              		.loc 1 259 14 discriminator 1 view .LVU38
 143 0068 6428     		cmp	r0, #100
 144 006a F5D9     		bls	.L11
 260:Drivers/STM32F4xx_HAL_Driver/Src/stm32f4xx_hal_rcc.c ****           {
 261:Drivers/STM32F4xx_HAL_Driver/Src/stm32f4xx_hal_rcc.c ****             return HAL_TIMEOUT;
 145              		.loc 1 261 20 view .LVU39
 146 006c 0320     		movs	r0, #3
 147 006e B7E1     		b	.L3
 148              	.LVL4:
 149              	.L80:
 238:Drivers/STM32F4xx_HAL_Driver/Src/stm32f4xx_hal_rcc.c ****     {
 150              		.loc 1 238 70 view .LVU40
 151 0070 884B     		ldr	r3, .L94
 152 0072 5B68     		ldr	r3, [r3, #4]
 238:Drivers/STM32F4xx_HAL_Driver/Src/stm32f4xx_hal_rcc.c ****     {
 153              		.loc 1 238 62 view .LVU41
 154 0074 13F4800F 		tst	r3, #4194304
 155 0078 D8D0     		beq	.L6
 156              	.L5:
 240:Drivers/STM32F4xx_HAL_Driver/Src/stm32f4xx_hal_rcc.c ****       {
 157              		.loc 1 240 7 is_stmt 1 view .LVU42
 240:Drivers/STM32F4xx_HAL_Driver/Src/stm32f4xx_hal_rcc.c ****       {
 158              		.loc 1 240 12 is_stmt 0 view .LVU43
 159 007a 864B     		ldr	r3, .L94
 160 007c 1B68     		ldr	r3, [r3]
 240:Drivers/STM32F4xx_HAL_Driver/Src/stm32f4xx_hal_rcc.c ****       {
 161              		.loc 1 240 10 view .LVU44
 162 007e 13F4003F 		tst	r3, #131072
 163 0082 03D0     		beq	.L4
 240:Drivers/STM32F4xx_HAL_Driver/Src/stm32f4xx_hal_rcc.c ****       {
 164              		.loc 1 240 79 discriminator 1 view .LVU45
 165 0084 6368     		ldr	r3, [r4, #4]
 240:Drivers/STM32F4xx_HAL_Driver/Src/stm32f4xx_hal_rcc.c ****       {
 166              		.loc 1 240 58 discriminator 1 view .LVU46
 167 0086 002B     		cmp	r3, #0
 168 0088 00F0A581 		beq	.L83
 169              	.LVL5:
 170              	.L4:
 262:Drivers/STM32F4xx_HAL_Driver/Src/stm32f4xx_hal_rcc.c ****           }
 263:Drivers/STM32F4xx_HAL_Driver/Src/stm32f4xx_hal_rcc.c ****         }
 264:Drivers/STM32F4xx_HAL_Driver/Src/stm32f4xx_hal_rcc.c ****       }
 265:Drivers/STM32F4xx_HAL_Driver/Src/stm32f4xx_hal_rcc.c ****       else
 266:Drivers/STM32F4xx_HAL_Driver/Src/stm32f4xx_hal_rcc.c ****       {
 267:Drivers/STM32F4xx_HAL_Driver/Src/stm32f4xx_hal_rcc.c ****         /* Get Start Tick */
 268:Drivers/STM32F4xx_HAL_Driver/Src/stm32f4xx_hal_rcc.c ****         tickstart = HAL_GetTick();
 269:Drivers/STM32F4xx_HAL_Driver/Src/stm32f4xx_hal_rcc.c **** 
 270:Drivers/STM32F4xx_HAL_Driver/Src/stm32f4xx_hal_rcc.c ****         /* Wait till HSE is bypassed or disabled */
 271:Drivers/STM32F4xx_HAL_Driver/Src/stm32f4xx_hal_rcc.c ****         while (__HAL_RCC_GET_FLAG(RCC_FLAG_HSERDY) != RESET)
 272:Drivers/STM32F4xx_HAL_Driver/Src/stm32f4xx_hal_rcc.c ****         {
 273:Drivers/STM32F4xx_HAL_Driver/Src/stm32f4xx_hal_rcc.c ****           if ((HAL_GetTick() - tickstart) > HSE_TIMEOUT_VALUE)
 274:Drivers/STM32F4xx_HAL_Driver/Src/stm32f4xx_hal_rcc.c ****           {
 275:Drivers/STM32F4xx_HAL_Driver/Src/stm32f4xx_hal_rcc.c ****             return HAL_TIMEOUT;
 276:Drivers/STM32F4xx_HAL_Driver/Src/stm32f4xx_hal_rcc.c ****           }
 277:Drivers/STM32F4xx_HAL_Driver/Src/stm32f4xx_hal_rcc.c ****         }
 278:Drivers/STM32F4xx_HAL_Driver/Src/stm32f4xx_hal_rcc.c ****       }
 279:Drivers/STM32F4xx_HAL_Driver/Src/stm32f4xx_hal_rcc.c ****     }
 280:Drivers/STM32F4xx_HAL_Driver/Src/stm32f4xx_hal_rcc.c ****   }
ARM GAS  C:\Users\Ebrahim\AppData\Local\Temp\ccIRI20i.s 			page 9


 281:Drivers/STM32F4xx_HAL_Driver/Src/stm32f4xx_hal_rcc.c ****   /*----------------------------- HSI Configuration --------------------------*/
 282:Drivers/STM32F4xx_HAL_Driver/Src/stm32f4xx_hal_rcc.c ****   if (((RCC_OscInitStruct->OscillatorType) & RCC_OSCILLATORTYPE_HSI) == RCC_OSCILLATORTYPE_HSI)
 171              		.loc 1 282 3 is_stmt 1 view .LVU47
 172              		.loc 1 282 26 is_stmt 0 view .LVU48
 173 008c 2368     		ldr	r3, [r4]
 174              		.loc 1 282 6 view .LVU49
 175 008e 13F0020F 		tst	r3, #2
 176 0092 54D0     		beq	.L15
 283:Drivers/STM32F4xx_HAL_Driver/Src/stm32f4xx_hal_rcc.c ****   {
 284:Drivers/STM32F4xx_HAL_Driver/Src/stm32f4xx_hal_rcc.c ****     /* Check the parameters */
 285:Drivers/STM32F4xx_HAL_Driver/Src/stm32f4xx_hal_rcc.c ****     assert_param(IS_RCC_HSI(RCC_OscInitStruct->HSIState));
 177              		.loc 1 285 5 is_stmt 1 view .LVU50
 286:Drivers/STM32F4xx_HAL_Driver/Src/stm32f4xx_hal_rcc.c ****     assert_param(IS_RCC_CALIBRATION_VALUE(RCC_OscInitStruct->HSICalibrationValue));
 178              		.loc 1 286 5 view .LVU51
 287:Drivers/STM32F4xx_HAL_Driver/Src/stm32f4xx_hal_rcc.c **** 
 288:Drivers/STM32F4xx_HAL_Driver/Src/stm32f4xx_hal_rcc.c ****     /* Check if HSI is used as system clock or as PLL source when PLL is selected as system clock *
 289:Drivers/STM32F4xx_HAL_Driver/Src/stm32f4xx_hal_rcc.c ****     if ((__HAL_RCC_GET_SYSCLK_SOURCE() == RCC_CFGR_SWS_HSI) || \
 179              		.loc 1 289 5 view .LVU52
 180              		.loc 1 289 10 is_stmt 0 view .LVU53
 181 0094 7F4B     		ldr	r3, .L94
 182 0096 9B68     		ldr	r3, [r3, #8]
 183              		.loc 1 289 8 view .LVU54
 184 0098 13F00C0F 		tst	r3, #12
 185 009c 3ED0     		beq	.L16
 290:Drivers/STM32F4xx_HAL_Driver/Src/stm32f4xx_hal_rcc.c ****         ((__HAL_RCC_GET_SYSCLK_SOURCE() == RCC_CFGR_SWS_PLL) && ((RCC->PLLCFGR & RCC_PLLCFGR_PLLSRC
 186              		.loc 1 290 11 view .LVU55
 187 009e 7D4B     		ldr	r3, .L94
 188 00a0 9B68     		ldr	r3, [r3, #8]
 189 00a2 03F00C03 		and	r3, r3, #12
 289:Drivers/STM32F4xx_HAL_Driver/Src/stm32f4xx_hal_rcc.c ****         ((__HAL_RCC_GET_SYSCLK_SOURCE() == RCC_CFGR_SWS_PLL) && ((RCC->PLLCFGR & RCC_PLLCFGR_PLLSRC
 190              		.loc 1 289 61 discriminator 1 view .LVU56
 191 00a6 082B     		cmp	r3, #8
 192 00a8 33D0     		beq	.L84
 193              	.L17:
 291:Drivers/STM32F4xx_HAL_Driver/Src/stm32f4xx_hal_rcc.c ****     {
 292:Drivers/STM32F4xx_HAL_Driver/Src/stm32f4xx_hal_rcc.c ****       /* When HSI is used as system clock it will not disabled */
 293:Drivers/STM32F4xx_HAL_Driver/Src/stm32f4xx_hal_rcc.c ****       if ((__HAL_RCC_GET_FLAG(RCC_FLAG_HSIRDY) != RESET) && (RCC_OscInitStruct->HSIState != RCC_HSI
 294:Drivers/STM32F4xx_HAL_Driver/Src/stm32f4xx_hal_rcc.c ****       {
 295:Drivers/STM32F4xx_HAL_Driver/Src/stm32f4xx_hal_rcc.c ****         return HAL_ERROR;
 296:Drivers/STM32F4xx_HAL_Driver/Src/stm32f4xx_hal_rcc.c ****       }
 297:Drivers/STM32F4xx_HAL_Driver/Src/stm32f4xx_hal_rcc.c ****       /* Otherwise, just the calibration is allowed */
 298:Drivers/STM32F4xx_HAL_Driver/Src/stm32f4xx_hal_rcc.c ****       else
 299:Drivers/STM32F4xx_HAL_Driver/Src/stm32f4xx_hal_rcc.c ****       {
 300:Drivers/STM32F4xx_HAL_Driver/Src/stm32f4xx_hal_rcc.c ****         /* Adjusts the Internal High Speed oscillator (HSI) calibration value.*/
 301:Drivers/STM32F4xx_HAL_Driver/Src/stm32f4xx_hal_rcc.c ****         __HAL_RCC_HSI_CALIBRATIONVALUE_ADJUST(RCC_OscInitStruct->HSICalibrationValue);
 302:Drivers/STM32F4xx_HAL_Driver/Src/stm32f4xx_hal_rcc.c ****       }
 303:Drivers/STM32F4xx_HAL_Driver/Src/stm32f4xx_hal_rcc.c ****     }
 304:Drivers/STM32F4xx_HAL_Driver/Src/stm32f4xx_hal_rcc.c ****     else
 305:Drivers/STM32F4xx_HAL_Driver/Src/stm32f4xx_hal_rcc.c ****     {
 306:Drivers/STM32F4xx_HAL_Driver/Src/stm32f4xx_hal_rcc.c ****       /* Check the HSI State */
 307:Drivers/STM32F4xx_HAL_Driver/Src/stm32f4xx_hal_rcc.c ****       if ((RCC_OscInitStruct->HSIState) != RCC_HSI_OFF)
 194              		.loc 1 307 7 is_stmt 1 view .LVU57
 195              		.loc 1 307 29 is_stmt 0 view .LVU58
 196 00aa E368     		ldr	r3, [r4, #12]
 197              		.loc 1 307 10 view .LVU59
 198 00ac 002B     		cmp	r3, #0
 199 00ae 68D0     		beq	.L19
ARM GAS  C:\Users\Ebrahim\AppData\Local\Temp\ccIRI20i.s 			page 10


 308:Drivers/STM32F4xx_HAL_Driver/Src/stm32f4xx_hal_rcc.c ****       {
 309:Drivers/STM32F4xx_HAL_Driver/Src/stm32f4xx_hal_rcc.c ****         /* Enable the Internal High Speed oscillator (HSI). */
 310:Drivers/STM32F4xx_HAL_Driver/Src/stm32f4xx_hal_rcc.c ****         __HAL_RCC_HSI_ENABLE();
 200              		.loc 1 310 9 is_stmt 1 view .LVU60
 201 00b0 794B     		ldr	r3, .L94+4
 202 00b2 0122     		movs	r2, #1
 203 00b4 1A60     		str	r2, [r3]
 311:Drivers/STM32F4xx_HAL_Driver/Src/stm32f4xx_hal_rcc.c **** 
 312:Drivers/STM32F4xx_HAL_Driver/Src/stm32f4xx_hal_rcc.c ****         /* Get Start Tick*/
 313:Drivers/STM32F4xx_HAL_Driver/Src/stm32f4xx_hal_rcc.c ****         tickstart = HAL_GetTick();
 204              		.loc 1 313 9 view .LVU61
 205              		.loc 1 313 21 is_stmt 0 view .LVU62
 206 00b6 FFF7FEFF 		bl	HAL_GetTick
 207              	.LVL6:
 208 00ba 0546     		mov	r5, r0
 209              	.LVL7:
 314:Drivers/STM32F4xx_HAL_Driver/Src/stm32f4xx_hal_rcc.c **** 
 315:Drivers/STM32F4xx_HAL_Driver/Src/stm32f4xx_hal_rcc.c ****         /* Wait till HSI is ready */
 316:Drivers/STM32F4xx_HAL_Driver/Src/stm32f4xx_hal_rcc.c ****         while (__HAL_RCC_GET_FLAG(RCC_FLAG_HSIRDY) == RESET)
 210              		.loc 1 316 9 is_stmt 1 view .LVU63
 211              	.L20:
 212              		.loc 1 316 52 view .LVU64
 213              		.loc 1 316 16 is_stmt 0 view .LVU65
 214 00bc 754B     		ldr	r3, .L94
 215 00be 1B68     		ldr	r3, [r3]
 216              		.loc 1 316 52 view .LVU66
 217 00c0 13F0020F 		tst	r3, #2
 218 00c4 54D1     		bne	.L85
 317:Drivers/STM32F4xx_HAL_Driver/Src/stm32f4xx_hal_rcc.c ****         {
 318:Drivers/STM32F4xx_HAL_Driver/Src/stm32f4xx_hal_rcc.c ****           if ((HAL_GetTick() - tickstart) > HSI_TIMEOUT_VALUE)
 219              		.loc 1 318 11 is_stmt 1 view .LVU67
 220              		.loc 1 318 16 is_stmt 0 view .LVU68
 221 00c6 FFF7FEFF 		bl	HAL_GetTick
 222              	.LVL8:
 223              		.loc 1 318 30 discriminator 1 view .LVU69
 224 00ca 401B     		subs	r0, r0, r5
 225              		.loc 1 318 14 discriminator 1 view .LVU70
 226 00cc 0228     		cmp	r0, #2
 227 00ce F5D9     		bls	.L20
 319:Drivers/STM32F4xx_HAL_Driver/Src/stm32f4xx_hal_rcc.c ****           {
 320:Drivers/STM32F4xx_HAL_Driver/Src/stm32f4xx_hal_rcc.c ****             return HAL_TIMEOUT;
 228              		.loc 1 320 20 view .LVU71
 229 00d0 0320     		movs	r0, #3
 230 00d2 85E1     		b	.L3
 231              	.LVL9:
 232              	.L81:
 248:Drivers/STM32F4xx_HAL_Driver/Src/stm32f4xx_hal_rcc.c **** 
 233              		.loc 1 248 7 is_stmt 1 discriminator 1 view .LVU72
 234 00d4 6F4A     		ldr	r2, .L94
 235 00d6 1368     		ldr	r3, [r2]
 236 00d8 43F48033 		orr	r3, r3, #65536
 237 00dc 1360     		str	r3, [r2]
 238 00de B5E7     		b	.L8
 239              	.L82:
 248:Drivers/STM32F4xx_HAL_Driver/Src/stm32f4xx_hal_rcc.c **** 
 240              		.loc 1 248 7 discriminator 4 view .LVU73
 241 00e0 6C4B     		ldr	r3, .L94
ARM GAS  C:\Users\Ebrahim\AppData\Local\Temp\ccIRI20i.s 			page 11


 242 00e2 1A68     		ldr	r2, [r3]
 243 00e4 42F48022 		orr	r2, r2, #262144
 244 00e8 1A60     		str	r2, [r3]
 248:Drivers/STM32F4xx_HAL_Driver/Src/stm32f4xx_hal_rcc.c **** 
 245              		.loc 1 248 7 discriminator 4 view .LVU74
 246 00ea 1A68     		ldr	r2, [r3]
 247 00ec 42F48032 		orr	r2, r2, #65536
 248 00f0 1A60     		str	r2, [r3]
 249 00f2 ABE7     		b	.L8
 250              	.L10:
 268:Drivers/STM32F4xx_HAL_Driver/Src/stm32f4xx_hal_rcc.c **** 
 251              		.loc 1 268 9 view .LVU75
 268:Drivers/STM32F4xx_HAL_Driver/Src/stm32f4xx_hal_rcc.c **** 
 252              		.loc 1 268 21 is_stmt 0 view .LVU76
 253 00f4 FFF7FEFF 		bl	HAL_GetTick
 254              	.LVL10:
 268:Drivers/STM32F4xx_HAL_Driver/Src/stm32f4xx_hal_rcc.c **** 
 255              		.loc 1 268 21 view .LVU77
 256 00f8 0546     		mov	r5, r0
 257              	.LVL11:
 271:Drivers/STM32F4xx_HAL_Driver/Src/stm32f4xx_hal_rcc.c ****         {
 258              		.loc 1 271 9 is_stmt 1 view .LVU78
 259              	.L13:
 271:Drivers/STM32F4xx_HAL_Driver/Src/stm32f4xx_hal_rcc.c ****         {
 260              		.loc 1 271 52 view .LVU79
 271:Drivers/STM32F4xx_HAL_Driver/Src/stm32f4xx_hal_rcc.c ****         {
 261              		.loc 1 271 16 is_stmt 0 view .LVU80
 262 00fa 664B     		ldr	r3, .L94
 263 00fc 1B68     		ldr	r3, [r3]
 271:Drivers/STM32F4xx_HAL_Driver/Src/stm32f4xx_hal_rcc.c ****         {
 264              		.loc 1 271 52 view .LVU81
 265 00fe 13F4003F 		tst	r3, #131072
 266 0102 C3D0     		beq	.L4
 273:Drivers/STM32F4xx_HAL_Driver/Src/stm32f4xx_hal_rcc.c ****           {
 267              		.loc 1 273 11 is_stmt 1 view .LVU82
 273:Drivers/STM32F4xx_HAL_Driver/Src/stm32f4xx_hal_rcc.c ****           {
 268              		.loc 1 273 16 is_stmt 0 view .LVU83
 269 0104 FFF7FEFF 		bl	HAL_GetTick
 270              	.LVL12:
 273:Drivers/STM32F4xx_HAL_Driver/Src/stm32f4xx_hal_rcc.c ****           {
 271              		.loc 1 273 30 discriminator 1 view .LVU84
 272 0108 401B     		subs	r0, r0, r5
 273:Drivers/STM32F4xx_HAL_Driver/Src/stm32f4xx_hal_rcc.c ****           {
 273              		.loc 1 273 14 discriminator 1 view .LVU85
 274 010a 6428     		cmp	r0, #100
 275 010c F5D9     		bls	.L13
 275:Drivers/STM32F4xx_HAL_Driver/Src/stm32f4xx_hal_rcc.c ****           }
 276              		.loc 1 275 20 view .LVU86
 277 010e 0320     		movs	r0, #3
 278 0110 66E1     		b	.L3
 279              	.LVL13:
 280              	.L84:
 290:Drivers/STM32F4xx_HAL_Driver/Src/stm32f4xx_hal_rcc.c ****     {
 281              		.loc 1 290 70 view .LVU87
 282 0112 604B     		ldr	r3, .L94
 283 0114 5B68     		ldr	r3, [r3, #4]
 290:Drivers/STM32F4xx_HAL_Driver/Src/stm32f4xx_hal_rcc.c ****     {
ARM GAS  C:\Users\Ebrahim\AppData\Local\Temp\ccIRI20i.s 			page 12


 284              		.loc 1 290 62 view .LVU88
 285 0116 13F4800F 		tst	r3, #4194304
 286 011a C6D1     		bne	.L17
 287              	.L16:
 293:Drivers/STM32F4xx_HAL_Driver/Src/stm32f4xx_hal_rcc.c ****       {
 288              		.loc 1 293 7 is_stmt 1 view .LVU89
 293:Drivers/STM32F4xx_HAL_Driver/Src/stm32f4xx_hal_rcc.c ****       {
 289              		.loc 1 293 12 is_stmt 0 view .LVU90
 290 011c 5D4B     		ldr	r3, .L94
 291 011e 1B68     		ldr	r3, [r3]
 293:Drivers/STM32F4xx_HAL_Driver/Src/stm32f4xx_hal_rcc.c ****       {
 292              		.loc 1 293 10 view .LVU91
 293 0120 13F0020F 		tst	r3, #2
 294 0124 03D0     		beq	.L18
 293:Drivers/STM32F4xx_HAL_Driver/Src/stm32f4xx_hal_rcc.c ****       {
 295              		.loc 1 293 79 discriminator 1 view .LVU92
 296 0126 E368     		ldr	r3, [r4, #12]
 293:Drivers/STM32F4xx_HAL_Driver/Src/stm32f4xx_hal_rcc.c ****       {
 297              		.loc 1 293 58 discriminator 1 view .LVU93
 298 0128 012B     		cmp	r3, #1
 299 012a 40F05681 		bne	.L56
 300              	.L18:
 301:Drivers/STM32F4xx_HAL_Driver/Src/stm32f4xx_hal_rcc.c ****       }
 301              		.loc 1 301 9 is_stmt 1 view .LVU94
 302 012e 594A     		ldr	r2, .L94
 303 0130 1368     		ldr	r3, [r2]
 304 0132 23F0F803 		bic	r3, r3, #248
 305 0136 2169     		ldr	r1, [r4, #16]
 306 0138 43EAC103 		orr	r3, r3, r1, lsl #3
 307 013c 1360     		str	r3, [r2]
 308              	.L15:
 321:Drivers/STM32F4xx_HAL_Driver/Src/stm32f4xx_hal_rcc.c ****           }
 322:Drivers/STM32F4xx_HAL_Driver/Src/stm32f4xx_hal_rcc.c ****         }
 323:Drivers/STM32F4xx_HAL_Driver/Src/stm32f4xx_hal_rcc.c **** 
 324:Drivers/STM32F4xx_HAL_Driver/Src/stm32f4xx_hal_rcc.c ****         /* Adjusts the Internal High Speed oscillator (HSI) calibration value. */
 325:Drivers/STM32F4xx_HAL_Driver/Src/stm32f4xx_hal_rcc.c ****         __HAL_RCC_HSI_CALIBRATIONVALUE_ADJUST(RCC_OscInitStruct->HSICalibrationValue);
 326:Drivers/STM32F4xx_HAL_Driver/Src/stm32f4xx_hal_rcc.c ****       }
 327:Drivers/STM32F4xx_HAL_Driver/Src/stm32f4xx_hal_rcc.c ****       else
 328:Drivers/STM32F4xx_HAL_Driver/Src/stm32f4xx_hal_rcc.c ****       {
 329:Drivers/STM32F4xx_HAL_Driver/Src/stm32f4xx_hal_rcc.c ****         /* Disable the Internal High Speed oscillator (HSI). */
 330:Drivers/STM32F4xx_HAL_Driver/Src/stm32f4xx_hal_rcc.c ****         __HAL_RCC_HSI_DISABLE();
 331:Drivers/STM32F4xx_HAL_Driver/Src/stm32f4xx_hal_rcc.c **** 
 332:Drivers/STM32F4xx_HAL_Driver/Src/stm32f4xx_hal_rcc.c ****         /* Get Start Tick*/
 333:Drivers/STM32F4xx_HAL_Driver/Src/stm32f4xx_hal_rcc.c ****         tickstart = HAL_GetTick();
 334:Drivers/STM32F4xx_HAL_Driver/Src/stm32f4xx_hal_rcc.c **** 
 335:Drivers/STM32F4xx_HAL_Driver/Src/stm32f4xx_hal_rcc.c ****         /* Wait till HSI is ready */
 336:Drivers/STM32F4xx_HAL_Driver/Src/stm32f4xx_hal_rcc.c ****         while (__HAL_RCC_GET_FLAG(RCC_FLAG_HSIRDY) != RESET)
 337:Drivers/STM32F4xx_HAL_Driver/Src/stm32f4xx_hal_rcc.c ****         {
 338:Drivers/STM32F4xx_HAL_Driver/Src/stm32f4xx_hal_rcc.c ****           if ((HAL_GetTick() - tickstart) > HSI_TIMEOUT_VALUE)
 339:Drivers/STM32F4xx_HAL_Driver/Src/stm32f4xx_hal_rcc.c ****           {
 340:Drivers/STM32F4xx_HAL_Driver/Src/stm32f4xx_hal_rcc.c ****             return HAL_TIMEOUT;
 341:Drivers/STM32F4xx_HAL_Driver/Src/stm32f4xx_hal_rcc.c ****           }
 342:Drivers/STM32F4xx_HAL_Driver/Src/stm32f4xx_hal_rcc.c ****         }
 343:Drivers/STM32F4xx_HAL_Driver/Src/stm32f4xx_hal_rcc.c ****       }
 344:Drivers/STM32F4xx_HAL_Driver/Src/stm32f4xx_hal_rcc.c ****     }
 345:Drivers/STM32F4xx_HAL_Driver/Src/stm32f4xx_hal_rcc.c ****   }
 346:Drivers/STM32F4xx_HAL_Driver/Src/stm32f4xx_hal_rcc.c ****   /*------------------------------ LSI Configuration -------------------------*/
ARM GAS  C:\Users\Ebrahim\AppData\Local\Temp\ccIRI20i.s 			page 13


 347:Drivers/STM32F4xx_HAL_Driver/Src/stm32f4xx_hal_rcc.c ****   if (((RCC_OscInitStruct->OscillatorType) & RCC_OSCILLATORTYPE_LSI) == RCC_OSCILLATORTYPE_LSI)
 309              		.loc 1 347 3 view .LVU95
 310              		.loc 1 347 26 is_stmt 0 view .LVU96
 311 013e 2368     		ldr	r3, [r4]
 312              		.loc 1 347 6 view .LVU97
 313 0140 13F0080F 		tst	r3, #8
 314 0144 42D0     		beq	.L24
 348:Drivers/STM32F4xx_HAL_Driver/Src/stm32f4xx_hal_rcc.c ****   {
 349:Drivers/STM32F4xx_HAL_Driver/Src/stm32f4xx_hal_rcc.c ****     /* Check the parameters */
 350:Drivers/STM32F4xx_HAL_Driver/Src/stm32f4xx_hal_rcc.c ****     assert_param(IS_RCC_LSI(RCC_OscInitStruct->LSIState));
 315              		.loc 1 350 5 is_stmt 1 view .LVU98
 351:Drivers/STM32F4xx_HAL_Driver/Src/stm32f4xx_hal_rcc.c **** 
 352:Drivers/STM32F4xx_HAL_Driver/Src/stm32f4xx_hal_rcc.c ****     /* Check the LSI State */
 353:Drivers/STM32F4xx_HAL_Driver/Src/stm32f4xx_hal_rcc.c ****     if ((RCC_OscInitStruct->LSIState) != RCC_LSI_OFF)
 316              		.loc 1 353 5 view .LVU99
 317              		.loc 1 353 27 is_stmt 0 view .LVU100
 318 0146 6369     		ldr	r3, [r4, #20]
 319              		.loc 1 353 8 view .LVU101
 320 0148 6BB3     		cbz	r3, .L25
 354:Drivers/STM32F4xx_HAL_Driver/Src/stm32f4xx_hal_rcc.c ****     {
 355:Drivers/STM32F4xx_HAL_Driver/Src/stm32f4xx_hal_rcc.c ****       /* Enable the Internal Low Speed oscillator (LSI). */
 356:Drivers/STM32F4xx_HAL_Driver/Src/stm32f4xx_hal_rcc.c ****       __HAL_RCC_LSI_ENABLE();
 321              		.loc 1 356 7 is_stmt 1 view .LVU102
 322 014a 534B     		ldr	r3, .L94+4
 323 014c 0122     		movs	r2, #1
 324 014e C3F8802E 		str	r2, [r3, #3712]
 357:Drivers/STM32F4xx_HAL_Driver/Src/stm32f4xx_hal_rcc.c **** 
 358:Drivers/STM32F4xx_HAL_Driver/Src/stm32f4xx_hal_rcc.c ****       /* Get Start Tick*/
 359:Drivers/STM32F4xx_HAL_Driver/Src/stm32f4xx_hal_rcc.c ****       tickstart = HAL_GetTick();
 325              		.loc 1 359 7 view .LVU103
 326              		.loc 1 359 19 is_stmt 0 view .LVU104
 327 0152 FFF7FEFF 		bl	HAL_GetTick
 328              	.LVL14:
 329 0156 0546     		mov	r5, r0
 330              	.LVL15:
 360:Drivers/STM32F4xx_HAL_Driver/Src/stm32f4xx_hal_rcc.c **** 
 361:Drivers/STM32F4xx_HAL_Driver/Src/stm32f4xx_hal_rcc.c ****       /* Wait till LSI is ready */
 362:Drivers/STM32F4xx_HAL_Driver/Src/stm32f4xx_hal_rcc.c ****       while (__HAL_RCC_GET_FLAG(RCC_FLAG_LSIRDY) == RESET)
 331              		.loc 1 362 7 is_stmt 1 view .LVU105
 332              	.L26:
 333              		.loc 1 362 50 view .LVU106
 334              		.loc 1 362 14 is_stmt 0 view .LVU107
 335 0158 4E4B     		ldr	r3, .L94
 336 015a 5B6F     		ldr	r3, [r3, #116]
 337              		.loc 1 362 50 view .LVU108
 338 015c 13F0020F 		tst	r3, #2
 339 0160 34D1     		bne	.L24
 363:Drivers/STM32F4xx_HAL_Driver/Src/stm32f4xx_hal_rcc.c ****       {
 364:Drivers/STM32F4xx_HAL_Driver/Src/stm32f4xx_hal_rcc.c ****         if ((HAL_GetTick() - tickstart) > LSI_TIMEOUT_VALUE)
 340              		.loc 1 364 9 is_stmt 1 view .LVU109
 341              		.loc 1 364 14 is_stmt 0 view .LVU110
 342 0162 FFF7FEFF 		bl	HAL_GetTick
 343              	.LVL16:
 344              		.loc 1 364 28 discriminator 1 view .LVU111
 345 0166 401B     		subs	r0, r0, r5
 346              		.loc 1 364 12 discriminator 1 view .LVU112
 347 0168 0228     		cmp	r0, #2
ARM GAS  C:\Users\Ebrahim\AppData\Local\Temp\ccIRI20i.s 			page 14


 348 016a F5D9     		bls	.L26
 365:Drivers/STM32F4xx_HAL_Driver/Src/stm32f4xx_hal_rcc.c ****         {
 366:Drivers/STM32F4xx_HAL_Driver/Src/stm32f4xx_hal_rcc.c ****           return HAL_TIMEOUT;
 349              		.loc 1 366 18 view .LVU113
 350 016c 0320     		movs	r0, #3
 351 016e 37E1     		b	.L3
 352              	.L85:
 325:Drivers/STM32F4xx_HAL_Driver/Src/stm32f4xx_hal_rcc.c ****       }
 353              		.loc 1 325 9 is_stmt 1 view .LVU114
 354 0170 484A     		ldr	r2, .L94
 355 0172 1368     		ldr	r3, [r2]
 356 0174 23F0F803 		bic	r3, r3, #248
 357 0178 2169     		ldr	r1, [r4, #16]
 358 017a 43EAC103 		orr	r3, r3, r1, lsl #3
 359 017e 1360     		str	r3, [r2]
 360 0180 DDE7     		b	.L15
 361              	.LVL17:
 362              	.L19:
 330:Drivers/STM32F4xx_HAL_Driver/Src/stm32f4xx_hal_rcc.c **** 
 363              		.loc 1 330 9 view .LVU115
 364 0182 454B     		ldr	r3, .L94+4
 365 0184 0022     		movs	r2, #0
 366 0186 1A60     		str	r2, [r3]
 333:Drivers/STM32F4xx_HAL_Driver/Src/stm32f4xx_hal_rcc.c **** 
 367              		.loc 1 333 9 view .LVU116
 333:Drivers/STM32F4xx_HAL_Driver/Src/stm32f4xx_hal_rcc.c **** 
 368              		.loc 1 333 21 is_stmt 0 view .LVU117
 369 0188 FFF7FEFF 		bl	HAL_GetTick
 370              	.LVL18:
 371 018c 0546     		mov	r5, r0
 372              	.LVL19:
 336:Drivers/STM32F4xx_HAL_Driver/Src/stm32f4xx_hal_rcc.c ****         {
 373              		.loc 1 336 9 is_stmt 1 view .LVU118
 374              	.L22:
 336:Drivers/STM32F4xx_HAL_Driver/Src/stm32f4xx_hal_rcc.c ****         {
 375              		.loc 1 336 52 view .LVU119
 336:Drivers/STM32F4xx_HAL_Driver/Src/stm32f4xx_hal_rcc.c ****         {
 376              		.loc 1 336 16 is_stmt 0 view .LVU120
 377 018e 414B     		ldr	r3, .L94
 378 0190 1B68     		ldr	r3, [r3]
 336:Drivers/STM32F4xx_HAL_Driver/Src/stm32f4xx_hal_rcc.c ****         {
 379              		.loc 1 336 52 view .LVU121
 380 0192 13F0020F 		tst	r3, #2
 381 0196 D2D0     		beq	.L15
 338:Drivers/STM32F4xx_HAL_Driver/Src/stm32f4xx_hal_rcc.c ****           {
 382              		.loc 1 338 11 is_stmt 1 view .LVU122
 338:Drivers/STM32F4xx_HAL_Driver/Src/stm32f4xx_hal_rcc.c ****           {
 383              		.loc 1 338 16 is_stmt 0 view .LVU123
 384 0198 FFF7FEFF 		bl	HAL_GetTick
 385              	.LVL20:
 338:Drivers/STM32F4xx_HAL_Driver/Src/stm32f4xx_hal_rcc.c ****           {
 386              		.loc 1 338 30 discriminator 1 view .LVU124
 387 019c 401B     		subs	r0, r0, r5
 338:Drivers/STM32F4xx_HAL_Driver/Src/stm32f4xx_hal_rcc.c ****           {
 388              		.loc 1 338 14 discriminator 1 view .LVU125
 389 019e 0228     		cmp	r0, #2
 390 01a0 F5D9     		bls	.L22
ARM GAS  C:\Users\Ebrahim\AppData\Local\Temp\ccIRI20i.s 			page 15


 340:Drivers/STM32F4xx_HAL_Driver/Src/stm32f4xx_hal_rcc.c ****           }
 391              		.loc 1 340 20 view .LVU126
 392 01a2 0320     		movs	r0, #3
 393 01a4 1CE1     		b	.L3
 394              	.LVL21:
 395              	.L25:
 367:Drivers/STM32F4xx_HAL_Driver/Src/stm32f4xx_hal_rcc.c ****         }
 368:Drivers/STM32F4xx_HAL_Driver/Src/stm32f4xx_hal_rcc.c ****       }
 369:Drivers/STM32F4xx_HAL_Driver/Src/stm32f4xx_hal_rcc.c ****     }
 370:Drivers/STM32F4xx_HAL_Driver/Src/stm32f4xx_hal_rcc.c ****     else
 371:Drivers/STM32F4xx_HAL_Driver/Src/stm32f4xx_hal_rcc.c ****     {
 372:Drivers/STM32F4xx_HAL_Driver/Src/stm32f4xx_hal_rcc.c ****       /* Disable the Internal Low Speed oscillator (LSI). */
 373:Drivers/STM32F4xx_HAL_Driver/Src/stm32f4xx_hal_rcc.c ****       __HAL_RCC_LSI_DISABLE();
 396              		.loc 1 373 7 is_stmt 1 view .LVU127
 397 01a6 3C4B     		ldr	r3, .L94+4
 398 01a8 0022     		movs	r2, #0
 399 01aa C3F8802E 		str	r2, [r3, #3712]
 374:Drivers/STM32F4xx_HAL_Driver/Src/stm32f4xx_hal_rcc.c **** 
 375:Drivers/STM32F4xx_HAL_Driver/Src/stm32f4xx_hal_rcc.c ****       /* Get Start Tick */
 376:Drivers/STM32F4xx_HAL_Driver/Src/stm32f4xx_hal_rcc.c ****       tickstart = HAL_GetTick();
 400              		.loc 1 376 7 view .LVU128
 401              		.loc 1 376 19 is_stmt 0 view .LVU129
 402 01ae FFF7FEFF 		bl	HAL_GetTick
 403              	.LVL22:
 404 01b2 0546     		mov	r5, r0
 405              	.LVL23:
 377:Drivers/STM32F4xx_HAL_Driver/Src/stm32f4xx_hal_rcc.c **** 
 378:Drivers/STM32F4xx_HAL_Driver/Src/stm32f4xx_hal_rcc.c ****       /* Wait till LSI is ready */
 379:Drivers/STM32F4xx_HAL_Driver/Src/stm32f4xx_hal_rcc.c ****       while (__HAL_RCC_GET_FLAG(RCC_FLAG_LSIRDY) != RESET)
 406              		.loc 1 379 7 is_stmt 1 view .LVU130
 407              	.L28:
 408              		.loc 1 379 50 view .LVU131
 409              		.loc 1 379 14 is_stmt 0 view .LVU132
 410 01b4 374B     		ldr	r3, .L94
 411 01b6 5B6F     		ldr	r3, [r3, #116]
 412              		.loc 1 379 50 view .LVU133
 413 01b8 13F0020F 		tst	r3, #2
 414 01bc 06D0     		beq	.L24
 380:Drivers/STM32F4xx_HAL_Driver/Src/stm32f4xx_hal_rcc.c ****       {
 381:Drivers/STM32F4xx_HAL_Driver/Src/stm32f4xx_hal_rcc.c ****         if ((HAL_GetTick() - tickstart) > LSI_TIMEOUT_VALUE)
 415              		.loc 1 381 9 is_stmt 1 view .LVU134
 416              		.loc 1 381 14 is_stmt 0 view .LVU135
 417 01be FFF7FEFF 		bl	HAL_GetTick
 418              	.LVL24:
 419              		.loc 1 381 28 discriminator 1 view .LVU136
 420 01c2 401B     		subs	r0, r0, r5
 421              		.loc 1 381 12 discriminator 1 view .LVU137
 422 01c4 0228     		cmp	r0, #2
 423 01c6 F5D9     		bls	.L28
 382:Drivers/STM32F4xx_HAL_Driver/Src/stm32f4xx_hal_rcc.c ****         {
 383:Drivers/STM32F4xx_HAL_Driver/Src/stm32f4xx_hal_rcc.c ****           return HAL_TIMEOUT;
 424              		.loc 1 383 18 view .LVU138
 425 01c8 0320     		movs	r0, #3
 426 01ca 09E1     		b	.L3
 427              	.LVL25:
 428              	.L24:
 384:Drivers/STM32F4xx_HAL_Driver/Src/stm32f4xx_hal_rcc.c ****         }
ARM GAS  C:\Users\Ebrahim\AppData\Local\Temp\ccIRI20i.s 			page 16


 385:Drivers/STM32F4xx_HAL_Driver/Src/stm32f4xx_hal_rcc.c ****       }
 386:Drivers/STM32F4xx_HAL_Driver/Src/stm32f4xx_hal_rcc.c ****     }
 387:Drivers/STM32F4xx_HAL_Driver/Src/stm32f4xx_hal_rcc.c ****   }
 388:Drivers/STM32F4xx_HAL_Driver/Src/stm32f4xx_hal_rcc.c ****   /*------------------------------ LSE Configuration -------------------------*/
 389:Drivers/STM32F4xx_HAL_Driver/Src/stm32f4xx_hal_rcc.c ****   if (((RCC_OscInitStruct->OscillatorType) & RCC_OSCILLATORTYPE_LSE) == RCC_OSCILLATORTYPE_LSE)
 429              		.loc 1 389 3 is_stmt 1 view .LVU139
 430              		.loc 1 389 26 is_stmt 0 view .LVU140
 431 01cc 2368     		ldr	r3, [r4]
 432              		.loc 1 389 6 view .LVU141
 433 01ce 13F0040F 		tst	r3, #4
 434 01d2 77D0     		beq	.L30
 435              	.LBB2:
 390:Drivers/STM32F4xx_HAL_Driver/Src/stm32f4xx_hal_rcc.c ****   {
 391:Drivers/STM32F4xx_HAL_Driver/Src/stm32f4xx_hal_rcc.c ****     FlagStatus       pwrclkchanged = RESET;
 436              		.loc 1 391 5 is_stmt 1 view .LVU142
 437              	.LVL26:
 392:Drivers/STM32F4xx_HAL_Driver/Src/stm32f4xx_hal_rcc.c **** 
 393:Drivers/STM32F4xx_HAL_Driver/Src/stm32f4xx_hal_rcc.c ****     /* Check the parameters */
 394:Drivers/STM32F4xx_HAL_Driver/Src/stm32f4xx_hal_rcc.c ****     assert_param(IS_RCC_LSE(RCC_OscInitStruct->LSEState));
 438              		.loc 1 394 5 view .LVU143
 395:Drivers/STM32F4xx_HAL_Driver/Src/stm32f4xx_hal_rcc.c **** 
 396:Drivers/STM32F4xx_HAL_Driver/Src/stm32f4xx_hal_rcc.c ****     /* Update LSE configuration in Backup Domain control register    */
 397:Drivers/STM32F4xx_HAL_Driver/Src/stm32f4xx_hal_rcc.c ****     /* Requires to enable write access to Backup Domain of necessary */
 398:Drivers/STM32F4xx_HAL_Driver/Src/stm32f4xx_hal_rcc.c ****     if (__HAL_RCC_PWR_IS_CLK_DISABLED())
 439              		.loc 1 398 5 view .LVU144
 440              		.loc 1 398 9 is_stmt 0 view .LVU145
 441 01d4 2F4B     		ldr	r3, .L94
 442 01d6 1B6C     		ldr	r3, [r3, #64]
 443              		.loc 1 398 8 view .LVU146
 444 01d8 13F0805F 		tst	r3, #268435456
 445 01dc 33D1     		bne	.L61
 399:Drivers/STM32F4xx_HAL_Driver/Src/stm32f4xx_hal_rcc.c ****     {
 400:Drivers/STM32F4xx_HAL_Driver/Src/stm32f4xx_hal_rcc.c ****       __HAL_RCC_PWR_CLK_ENABLE();
 446              		.loc 1 400 7 is_stmt 1 view .LVU147
 447              	.LBB3:
 448              		.loc 1 400 7 view .LVU148
 449 01de 0023     		movs	r3, #0
 450 01e0 0193     		str	r3, [sp, #4]
 451              		.loc 1 400 7 view .LVU149
 452 01e2 2C4B     		ldr	r3, .L94
 453 01e4 1A6C     		ldr	r2, [r3, #64]
 454 01e6 42F08052 		orr	r2, r2, #268435456
 455 01ea 1A64     		str	r2, [r3, #64]
 456              		.loc 1 400 7 view .LVU150
 457 01ec 1B6C     		ldr	r3, [r3, #64]
 458 01ee 03F08053 		and	r3, r3, #268435456
 459 01f2 0193     		str	r3, [sp, #4]
 460              		.loc 1 400 7 view .LVU151
 461 01f4 019B     		ldr	r3, [sp, #4]
 462              	.LBE3:
 463              		.loc 1 400 7 view .LVU152
 401:Drivers/STM32F4xx_HAL_Driver/Src/stm32f4xx_hal_rcc.c ****       pwrclkchanged = SET;
 464              		.loc 1 401 7 view .LVU153
 465              	.LVL27:
 466              		.loc 1 401 21 is_stmt 0 view .LVU154
 467 01f6 0125     		movs	r5, #1
 468              	.LVL28:
ARM GAS  C:\Users\Ebrahim\AppData\Local\Temp\ccIRI20i.s 			page 17


 469              	.L31:
 402:Drivers/STM32F4xx_HAL_Driver/Src/stm32f4xx_hal_rcc.c ****     }
 403:Drivers/STM32F4xx_HAL_Driver/Src/stm32f4xx_hal_rcc.c **** 
 404:Drivers/STM32F4xx_HAL_Driver/Src/stm32f4xx_hal_rcc.c ****     if (HAL_IS_BIT_CLR(PWR->CR, PWR_CR_DBP))
 470              		.loc 1 404 5 is_stmt 1 view .LVU155
 471              		.loc 1 404 9 is_stmt 0 view .LVU156
 472 01f8 284B     		ldr	r3, .L94+8
 473 01fa 1B68     		ldr	r3, [r3]
 474              		.loc 1 404 8 view .LVU157
 475 01fc 13F4807F 		tst	r3, #256
 476 0200 23D0     		beq	.L86
 477              	.L32:
 405:Drivers/STM32F4xx_HAL_Driver/Src/stm32f4xx_hal_rcc.c ****     {
 406:Drivers/STM32F4xx_HAL_Driver/Src/stm32f4xx_hal_rcc.c ****       /* Enable write access to Backup domain */
 407:Drivers/STM32F4xx_HAL_Driver/Src/stm32f4xx_hal_rcc.c ****       SET_BIT(PWR->CR, PWR_CR_DBP);
 408:Drivers/STM32F4xx_HAL_Driver/Src/stm32f4xx_hal_rcc.c **** 
 409:Drivers/STM32F4xx_HAL_Driver/Src/stm32f4xx_hal_rcc.c ****       /* Wait for Backup domain Write protection disable */
 410:Drivers/STM32F4xx_HAL_Driver/Src/stm32f4xx_hal_rcc.c ****       tickstart = HAL_GetTick();
 411:Drivers/STM32F4xx_HAL_Driver/Src/stm32f4xx_hal_rcc.c **** 
 412:Drivers/STM32F4xx_HAL_Driver/Src/stm32f4xx_hal_rcc.c ****       while (HAL_IS_BIT_CLR(PWR->CR, PWR_CR_DBP))
 413:Drivers/STM32F4xx_HAL_Driver/Src/stm32f4xx_hal_rcc.c ****       {
 414:Drivers/STM32F4xx_HAL_Driver/Src/stm32f4xx_hal_rcc.c ****         if ((HAL_GetTick() - tickstart) > RCC_DBP_TIMEOUT_VALUE)
 415:Drivers/STM32F4xx_HAL_Driver/Src/stm32f4xx_hal_rcc.c ****         {
 416:Drivers/STM32F4xx_HAL_Driver/Src/stm32f4xx_hal_rcc.c ****           return HAL_TIMEOUT;
 417:Drivers/STM32F4xx_HAL_Driver/Src/stm32f4xx_hal_rcc.c ****         }
 418:Drivers/STM32F4xx_HAL_Driver/Src/stm32f4xx_hal_rcc.c ****       }
 419:Drivers/STM32F4xx_HAL_Driver/Src/stm32f4xx_hal_rcc.c ****     }
 420:Drivers/STM32F4xx_HAL_Driver/Src/stm32f4xx_hal_rcc.c **** 
 421:Drivers/STM32F4xx_HAL_Driver/Src/stm32f4xx_hal_rcc.c ****     /* Set the new LSE configuration -----------------------------------------*/
 422:Drivers/STM32F4xx_HAL_Driver/Src/stm32f4xx_hal_rcc.c ****     __HAL_RCC_LSE_CONFIG(RCC_OscInitStruct->LSEState);
 478              		.loc 1 422 5 is_stmt 1 view .LVU158
 479              		.loc 1 422 5 view .LVU159
 480 0202 A368     		ldr	r3, [r4, #8]
 481 0204 012B     		cmp	r3, #1
 482 0206 34D0     		beq	.L87
 483              		.loc 1 422 5 discriminator 2 view .LVU160
 484 0208 052B     		cmp	r3, #5
 485 020a 38D0     		beq	.L88
 486              		.loc 1 422 5 discriminator 5 view .LVU161
 487 020c 214B     		ldr	r3, .L94
 488 020e 1A6F     		ldr	r2, [r3, #112]
 489 0210 22F00102 		bic	r2, r2, #1
 490 0214 1A67     		str	r2, [r3, #112]
 491              		.loc 1 422 5 discriminator 5 view .LVU162
 492 0216 1A6F     		ldr	r2, [r3, #112]
 493 0218 22F00402 		bic	r2, r2, #4
 494 021c 1A67     		str	r2, [r3, #112]
 495              	.L36:
 496              		.loc 1 422 5 discriminator 7 view .LVU163
 423:Drivers/STM32F4xx_HAL_Driver/Src/stm32f4xx_hal_rcc.c ****     /* Check the LSE State */
 424:Drivers/STM32F4xx_HAL_Driver/Src/stm32f4xx_hal_rcc.c ****     if ((RCC_OscInitStruct->LSEState) != RCC_LSE_OFF)
 497              		.loc 1 424 5 view .LVU164
 498              		.loc 1 424 27 is_stmt 0 view .LVU165
 499 021e A368     		ldr	r3, [r4, #8]
 500              		.loc 1 424 8 view .LVU166
 501 0220 002B     		cmp	r3, #0
 502 0222 3DD0     		beq	.L38
ARM GAS  C:\Users\Ebrahim\AppData\Local\Temp\ccIRI20i.s 			page 18


 425:Drivers/STM32F4xx_HAL_Driver/Src/stm32f4xx_hal_rcc.c ****     {
 426:Drivers/STM32F4xx_HAL_Driver/Src/stm32f4xx_hal_rcc.c ****       /* Get Start Tick*/
 427:Drivers/STM32F4xx_HAL_Driver/Src/stm32f4xx_hal_rcc.c ****       tickstart = HAL_GetTick();
 503              		.loc 1 427 7 is_stmt 1 view .LVU167
 504              		.loc 1 427 19 is_stmt 0 view .LVU168
 505 0224 FFF7FEFF 		bl	HAL_GetTick
 506              	.LVL29:
 507 0228 0646     		mov	r6, r0
 508              	.LVL30:
 428:Drivers/STM32F4xx_HAL_Driver/Src/stm32f4xx_hal_rcc.c **** 
 429:Drivers/STM32F4xx_HAL_Driver/Src/stm32f4xx_hal_rcc.c ****       /* Wait till LSE is ready */
 430:Drivers/STM32F4xx_HAL_Driver/Src/stm32f4xx_hal_rcc.c ****       while (__HAL_RCC_GET_FLAG(RCC_FLAG_LSERDY) == RESET)
 509              		.loc 1 430 7 is_stmt 1 view .LVU169
 510              	.L39:
 511              		.loc 1 430 50 view .LVU170
 512              		.loc 1 430 14 is_stmt 0 view .LVU171
 513 022a 1A4B     		ldr	r3, .L94
 514 022c 1B6F     		ldr	r3, [r3, #112]
 515              		.loc 1 430 50 view .LVU172
 516 022e 13F0020F 		tst	r3, #2
 517 0232 46D1     		bne	.L41
 431:Drivers/STM32F4xx_HAL_Driver/Src/stm32f4xx_hal_rcc.c ****       {
 432:Drivers/STM32F4xx_HAL_Driver/Src/stm32f4xx_hal_rcc.c ****         if ((HAL_GetTick() - tickstart) > RCC_LSE_TIMEOUT_VALUE)
 518              		.loc 1 432 9 is_stmt 1 view .LVU173
 519              		.loc 1 432 14 is_stmt 0 view .LVU174
 520 0234 FFF7FEFF 		bl	HAL_GetTick
 521              	.LVL31:
 522              		.loc 1 432 28 discriminator 1 view .LVU175
 523 0238 801B     		subs	r0, r0, r6
 524              		.loc 1 432 12 discriminator 1 view .LVU176
 525 023a 41F28833 		movw	r3, #5000
 526 023e 9842     		cmp	r0, r3
 527 0240 F3D9     		bls	.L39
 433:Drivers/STM32F4xx_HAL_Driver/Src/stm32f4xx_hal_rcc.c ****         {
 434:Drivers/STM32F4xx_HAL_Driver/Src/stm32f4xx_hal_rcc.c ****           return HAL_TIMEOUT;
 528              		.loc 1 434 18 view .LVU177
 529 0242 0320     		movs	r0, #3
 530 0244 CCE0     		b	.L3
 531              	.LVL32:
 532              	.L61:
 391:Drivers/STM32F4xx_HAL_Driver/Src/stm32f4xx_hal_rcc.c **** 
 533              		.loc 1 391 22 view .LVU178
 534 0246 0025     		movs	r5, #0
 535 0248 D6E7     		b	.L31
 536              	.LVL33:
 537              	.L86:
 407:Drivers/STM32F4xx_HAL_Driver/Src/stm32f4xx_hal_rcc.c **** 
 538              		.loc 1 407 7 is_stmt 1 view .LVU179
 539 024a 144A     		ldr	r2, .L94+8
 540 024c 1368     		ldr	r3, [r2]
 541 024e 43F48073 		orr	r3, r3, #256
 542 0252 1360     		str	r3, [r2]
 410:Drivers/STM32F4xx_HAL_Driver/Src/stm32f4xx_hal_rcc.c **** 
 543              		.loc 1 410 7 view .LVU180
 410:Drivers/STM32F4xx_HAL_Driver/Src/stm32f4xx_hal_rcc.c **** 
 544              		.loc 1 410 19 is_stmt 0 view .LVU181
 545 0254 FFF7FEFF 		bl	HAL_GetTick
ARM GAS  C:\Users\Ebrahim\AppData\Local\Temp\ccIRI20i.s 			page 19


 546              	.LVL34:
 547 0258 0646     		mov	r6, r0
 548              	.LVL35:
 412:Drivers/STM32F4xx_HAL_Driver/Src/stm32f4xx_hal_rcc.c ****       {
 549              		.loc 1 412 7 is_stmt 1 view .LVU182
 550              	.L33:
 412:Drivers/STM32F4xx_HAL_Driver/Src/stm32f4xx_hal_rcc.c ****       {
 551              		.loc 1 412 14 view .LVU183
 552 025a 104B     		ldr	r3, .L94+8
 553 025c 1B68     		ldr	r3, [r3]
 554 025e 13F4807F 		tst	r3, #256
 555 0262 CED1     		bne	.L32
 414:Drivers/STM32F4xx_HAL_Driver/Src/stm32f4xx_hal_rcc.c ****         {
 556              		.loc 1 414 9 view .LVU184
 414:Drivers/STM32F4xx_HAL_Driver/Src/stm32f4xx_hal_rcc.c ****         {
 557              		.loc 1 414 14 is_stmt 0 view .LVU185
 558 0264 FFF7FEFF 		bl	HAL_GetTick
 559              	.LVL36:
 414:Drivers/STM32F4xx_HAL_Driver/Src/stm32f4xx_hal_rcc.c ****         {
 560              		.loc 1 414 28 discriminator 1 view .LVU186
 561 0268 801B     		subs	r0, r0, r6
 414:Drivers/STM32F4xx_HAL_Driver/Src/stm32f4xx_hal_rcc.c ****         {
 562              		.loc 1 414 12 discriminator 1 view .LVU187
 563 026a 0228     		cmp	r0, #2
 564 026c F5D9     		bls	.L33
 416:Drivers/STM32F4xx_HAL_Driver/Src/stm32f4xx_hal_rcc.c ****         }
 565              		.loc 1 416 18 view .LVU188
 566 026e 0320     		movs	r0, #3
 567 0270 B6E0     		b	.L3
 568              	.LVL37:
 569              	.L87:
 422:Drivers/STM32F4xx_HAL_Driver/Src/stm32f4xx_hal_rcc.c ****     /* Check the LSE State */
 570              		.loc 1 422 5 is_stmt 1 discriminator 1 view .LVU189
 571 0272 084A     		ldr	r2, .L94
 572 0274 136F     		ldr	r3, [r2, #112]
 573 0276 43F00103 		orr	r3, r3, #1
 574 027a 1367     		str	r3, [r2, #112]
 575 027c CFE7     		b	.L36
 576              	.L88:
 422:Drivers/STM32F4xx_HAL_Driver/Src/stm32f4xx_hal_rcc.c ****     /* Check the LSE State */
 577              		.loc 1 422 5 discriminator 4 view .LVU190
 578 027e 054B     		ldr	r3, .L94
 579 0280 1A6F     		ldr	r2, [r3, #112]
 580 0282 42F00402 		orr	r2, r2, #4
 581 0286 1A67     		str	r2, [r3, #112]
 422:Drivers/STM32F4xx_HAL_Driver/Src/stm32f4xx_hal_rcc.c ****     /* Check the LSE State */
 582              		.loc 1 422 5 discriminator 4 view .LVU191
 583 0288 1A6F     		ldr	r2, [r3, #112]
 584 028a 42F00102 		orr	r2, r2, #1
 585 028e 1A67     		str	r2, [r3, #112]
 586 0290 C5E7     		b	.L36
 587              	.L95:
 588 0292 00BF     		.align	2
 589              	.L94:
 590 0294 00380240 		.word	1073887232
 591 0298 00004742 		.word	1111949312
 592 029c 00700040 		.word	1073770496
ARM GAS  C:\Users\Ebrahim\AppData\Local\Temp\ccIRI20i.s 			page 20


 593              	.L38:
 435:Drivers/STM32F4xx_HAL_Driver/Src/stm32f4xx_hal_rcc.c ****         }
 436:Drivers/STM32F4xx_HAL_Driver/Src/stm32f4xx_hal_rcc.c ****       }
 437:Drivers/STM32F4xx_HAL_Driver/Src/stm32f4xx_hal_rcc.c ****     }
 438:Drivers/STM32F4xx_HAL_Driver/Src/stm32f4xx_hal_rcc.c ****     else
 439:Drivers/STM32F4xx_HAL_Driver/Src/stm32f4xx_hal_rcc.c ****     {
 440:Drivers/STM32F4xx_HAL_Driver/Src/stm32f4xx_hal_rcc.c ****       /* Get Start Tick */
 441:Drivers/STM32F4xx_HAL_Driver/Src/stm32f4xx_hal_rcc.c ****       tickstart = HAL_GetTick();
 594              		.loc 1 441 7 view .LVU192
 595              		.loc 1 441 19 is_stmt 0 view .LVU193
 596 02a0 FFF7FEFF 		bl	HAL_GetTick
 597              	.LVL38:
 598 02a4 0646     		mov	r6, r0
 599              	.LVL39:
 442:Drivers/STM32F4xx_HAL_Driver/Src/stm32f4xx_hal_rcc.c **** 
 443:Drivers/STM32F4xx_HAL_Driver/Src/stm32f4xx_hal_rcc.c ****       /* Wait till LSE is ready */
 444:Drivers/STM32F4xx_HAL_Driver/Src/stm32f4xx_hal_rcc.c ****       while (__HAL_RCC_GET_FLAG(RCC_FLAG_LSERDY) != RESET)
 600              		.loc 1 444 7 is_stmt 1 view .LVU194
 601              	.L42:
 602              		.loc 1 444 50 view .LVU195
 603              		.loc 1 444 14 is_stmt 0 view .LVU196
 604 02a6 564B     		ldr	r3, .L96
 605 02a8 1B6F     		ldr	r3, [r3, #112]
 606              		.loc 1 444 50 view .LVU197
 607 02aa 13F0020F 		tst	r3, #2
 608 02ae 08D0     		beq	.L41
 445:Drivers/STM32F4xx_HAL_Driver/Src/stm32f4xx_hal_rcc.c ****       {
 446:Drivers/STM32F4xx_HAL_Driver/Src/stm32f4xx_hal_rcc.c ****         if ((HAL_GetTick() - tickstart) > RCC_LSE_TIMEOUT_VALUE)
 609              		.loc 1 446 9 is_stmt 1 view .LVU198
 610              		.loc 1 446 14 is_stmt 0 view .LVU199
 611 02b0 FFF7FEFF 		bl	HAL_GetTick
 612              	.LVL40:
 613              		.loc 1 446 28 discriminator 1 view .LVU200
 614 02b4 801B     		subs	r0, r0, r6
 615              		.loc 1 446 12 discriminator 1 view .LVU201
 616 02b6 41F28833 		movw	r3, #5000
 617 02ba 9842     		cmp	r0, r3
 618 02bc F3D9     		bls	.L42
 447:Drivers/STM32F4xx_HAL_Driver/Src/stm32f4xx_hal_rcc.c ****         {
 448:Drivers/STM32F4xx_HAL_Driver/Src/stm32f4xx_hal_rcc.c ****           return HAL_TIMEOUT;
 619              		.loc 1 448 18 view .LVU202
 620 02be 0320     		movs	r0, #3
 621 02c0 8EE0     		b	.L3
 622              	.L41:
 449:Drivers/STM32F4xx_HAL_Driver/Src/stm32f4xx_hal_rcc.c ****         }
 450:Drivers/STM32F4xx_HAL_Driver/Src/stm32f4xx_hal_rcc.c ****       }
 451:Drivers/STM32F4xx_HAL_Driver/Src/stm32f4xx_hal_rcc.c ****     }
 452:Drivers/STM32F4xx_HAL_Driver/Src/stm32f4xx_hal_rcc.c **** 
 453:Drivers/STM32F4xx_HAL_Driver/Src/stm32f4xx_hal_rcc.c ****     /* Restore clock configuration if changed */
 454:Drivers/STM32F4xx_HAL_Driver/Src/stm32f4xx_hal_rcc.c ****     if (pwrclkchanged == SET)
 623              		.loc 1 454 5 is_stmt 1 view .LVU203
 624              		.loc 1 454 8 is_stmt 0 view .LVU204
 625 02c2 EDB9     		cbnz	r5, .L89
 626              	.LVL41:
 627              	.L30:
 628              		.loc 1 454 8 view .LVU205
 629              	.LBE2:
ARM GAS  C:\Users\Ebrahim\AppData\Local\Temp\ccIRI20i.s 			page 21


 455:Drivers/STM32F4xx_HAL_Driver/Src/stm32f4xx_hal_rcc.c ****     {
 456:Drivers/STM32F4xx_HAL_Driver/Src/stm32f4xx_hal_rcc.c ****       __HAL_RCC_PWR_CLK_DISABLE();
 457:Drivers/STM32F4xx_HAL_Driver/Src/stm32f4xx_hal_rcc.c ****     }
 458:Drivers/STM32F4xx_HAL_Driver/Src/stm32f4xx_hal_rcc.c ****   }
 459:Drivers/STM32F4xx_HAL_Driver/Src/stm32f4xx_hal_rcc.c ****   /*-------------------------------- PLL Configuration -----------------------*/
 460:Drivers/STM32F4xx_HAL_Driver/Src/stm32f4xx_hal_rcc.c ****   /* Check the parameters */
 461:Drivers/STM32F4xx_HAL_Driver/Src/stm32f4xx_hal_rcc.c ****   assert_param(IS_RCC_PLL(RCC_OscInitStruct->PLL.PLLState));
 630              		.loc 1 461 3 is_stmt 1 view .LVU206
 462:Drivers/STM32F4xx_HAL_Driver/Src/stm32f4xx_hal_rcc.c ****   if ((RCC_OscInitStruct->PLL.PLLState) != RCC_PLL_NONE)
 631              		.loc 1 462 3 view .LVU207
 632              		.loc 1 462 30 is_stmt 0 view .LVU208
 633 02c4 A369     		ldr	r3, [r4, #24]
 634              		.loc 1 462 6 view .LVU209
 635 02c6 002B     		cmp	r3, #0
 636 02c8 00F08980 		beq	.L65
 463:Drivers/STM32F4xx_HAL_Driver/Src/stm32f4xx_hal_rcc.c ****   {
 464:Drivers/STM32F4xx_HAL_Driver/Src/stm32f4xx_hal_rcc.c ****     /* Check if the PLL is used as system clock or not */
 465:Drivers/STM32F4xx_HAL_Driver/Src/stm32f4xx_hal_rcc.c ****     if (__HAL_RCC_GET_SYSCLK_SOURCE() != RCC_CFGR_SWS_PLL)
 637              		.loc 1 465 5 is_stmt 1 view .LVU210
 638              		.loc 1 465 9 is_stmt 0 view .LVU211
 639 02cc 4C4A     		ldr	r2, .L96
 640 02ce 9268     		ldr	r2, [r2, #8]
 641 02d0 02F00C02 		and	r2, r2, #12
 642              		.loc 1 465 8 view .LVU212
 643 02d4 082A     		cmp	r2, #8
 644 02d6 51D0     		beq	.L44
 466:Drivers/STM32F4xx_HAL_Driver/Src/stm32f4xx_hal_rcc.c ****     {
 467:Drivers/STM32F4xx_HAL_Driver/Src/stm32f4xx_hal_rcc.c ****       if ((RCC_OscInitStruct->PLL.PLLState) == RCC_PLL_ON)
 645              		.loc 1 467 7 is_stmt 1 view .LVU213
 646              		.loc 1 467 10 is_stmt 0 view .LVU214
 647 02d8 022B     		cmp	r3, #2
 648 02da 17D0     		beq	.L90
 468:Drivers/STM32F4xx_HAL_Driver/Src/stm32f4xx_hal_rcc.c ****       {
 469:Drivers/STM32F4xx_HAL_Driver/Src/stm32f4xx_hal_rcc.c ****         /* Check the parameters */
 470:Drivers/STM32F4xx_HAL_Driver/Src/stm32f4xx_hal_rcc.c ****         assert_param(IS_RCC_PLLSOURCE(RCC_OscInitStruct->PLL.PLLSource));
 471:Drivers/STM32F4xx_HAL_Driver/Src/stm32f4xx_hal_rcc.c ****         assert_param(IS_RCC_PLLM_VALUE(RCC_OscInitStruct->PLL.PLLM));
 472:Drivers/STM32F4xx_HAL_Driver/Src/stm32f4xx_hal_rcc.c ****         assert_param(IS_RCC_PLLN_VALUE(RCC_OscInitStruct->PLL.PLLN));
 473:Drivers/STM32F4xx_HAL_Driver/Src/stm32f4xx_hal_rcc.c ****         assert_param(IS_RCC_PLLP_VALUE(RCC_OscInitStruct->PLL.PLLP));
 474:Drivers/STM32F4xx_HAL_Driver/Src/stm32f4xx_hal_rcc.c ****         assert_param(IS_RCC_PLLQ_VALUE(RCC_OscInitStruct->PLL.PLLQ));
 475:Drivers/STM32F4xx_HAL_Driver/Src/stm32f4xx_hal_rcc.c **** 
 476:Drivers/STM32F4xx_HAL_Driver/Src/stm32f4xx_hal_rcc.c ****         /* Disable the main PLL. */
 477:Drivers/STM32F4xx_HAL_Driver/Src/stm32f4xx_hal_rcc.c ****         __HAL_RCC_PLL_DISABLE();
 478:Drivers/STM32F4xx_HAL_Driver/Src/stm32f4xx_hal_rcc.c **** 
 479:Drivers/STM32F4xx_HAL_Driver/Src/stm32f4xx_hal_rcc.c ****         /* Get Start Tick */
 480:Drivers/STM32F4xx_HAL_Driver/Src/stm32f4xx_hal_rcc.c ****         tickstart = HAL_GetTick();
 481:Drivers/STM32F4xx_HAL_Driver/Src/stm32f4xx_hal_rcc.c **** 
 482:Drivers/STM32F4xx_HAL_Driver/Src/stm32f4xx_hal_rcc.c ****         /* Wait till PLL is disabled */
 483:Drivers/STM32F4xx_HAL_Driver/Src/stm32f4xx_hal_rcc.c ****         while (__HAL_RCC_GET_FLAG(RCC_FLAG_PLLRDY) != RESET)
 484:Drivers/STM32F4xx_HAL_Driver/Src/stm32f4xx_hal_rcc.c ****         {
 485:Drivers/STM32F4xx_HAL_Driver/Src/stm32f4xx_hal_rcc.c ****           if ((HAL_GetTick() - tickstart) > PLL_TIMEOUT_VALUE)
 486:Drivers/STM32F4xx_HAL_Driver/Src/stm32f4xx_hal_rcc.c ****           {
 487:Drivers/STM32F4xx_HAL_Driver/Src/stm32f4xx_hal_rcc.c ****             return HAL_TIMEOUT;
 488:Drivers/STM32F4xx_HAL_Driver/Src/stm32f4xx_hal_rcc.c ****           }
 489:Drivers/STM32F4xx_HAL_Driver/Src/stm32f4xx_hal_rcc.c ****         }
 490:Drivers/STM32F4xx_HAL_Driver/Src/stm32f4xx_hal_rcc.c **** 
 491:Drivers/STM32F4xx_HAL_Driver/Src/stm32f4xx_hal_rcc.c ****         /* Configure the main PLL clock source, multiplication and division factors. */
 492:Drivers/STM32F4xx_HAL_Driver/Src/stm32f4xx_hal_rcc.c ****         WRITE_REG(RCC->PLLCFGR, (RCC_OscInitStruct->PLL.PLLSource                                  
ARM GAS  C:\Users\Ebrahim\AppData\Local\Temp\ccIRI20i.s 			page 22


 493:Drivers/STM32F4xx_HAL_Driver/Src/stm32f4xx_hal_rcc.c ****                                  RCC_OscInitStruct->PLL.PLLM                                       
 494:Drivers/STM32F4xx_HAL_Driver/Src/stm32f4xx_hal_rcc.c ****                                  (RCC_OscInitStruct->PLL.PLLN << RCC_PLLCFGR_PLLN_Pos)             
 495:Drivers/STM32F4xx_HAL_Driver/Src/stm32f4xx_hal_rcc.c ****                                  (((RCC_OscInitStruct->PLL.PLLP >> 1U) - 1U) << RCC_PLLCFGR_PLLP_Po
 496:Drivers/STM32F4xx_HAL_Driver/Src/stm32f4xx_hal_rcc.c ****                                  (RCC_OscInitStruct->PLL.PLLQ << RCC_PLLCFGR_PLLQ_Pos)));
 497:Drivers/STM32F4xx_HAL_Driver/Src/stm32f4xx_hal_rcc.c ****         /* Enable the main PLL. */
 498:Drivers/STM32F4xx_HAL_Driver/Src/stm32f4xx_hal_rcc.c ****         __HAL_RCC_PLL_ENABLE();
 499:Drivers/STM32F4xx_HAL_Driver/Src/stm32f4xx_hal_rcc.c **** 
 500:Drivers/STM32F4xx_HAL_Driver/Src/stm32f4xx_hal_rcc.c ****         /* Get Start Tick */
 501:Drivers/STM32F4xx_HAL_Driver/Src/stm32f4xx_hal_rcc.c ****         tickstart = HAL_GetTick();
 502:Drivers/STM32F4xx_HAL_Driver/Src/stm32f4xx_hal_rcc.c **** 
 503:Drivers/STM32F4xx_HAL_Driver/Src/stm32f4xx_hal_rcc.c ****         /* Wait till PLL is ready */
 504:Drivers/STM32F4xx_HAL_Driver/Src/stm32f4xx_hal_rcc.c ****         while (__HAL_RCC_GET_FLAG(RCC_FLAG_PLLRDY) == RESET)
 505:Drivers/STM32F4xx_HAL_Driver/Src/stm32f4xx_hal_rcc.c ****         {
 506:Drivers/STM32F4xx_HAL_Driver/Src/stm32f4xx_hal_rcc.c ****           if ((HAL_GetTick() - tickstart) > PLL_TIMEOUT_VALUE)
 507:Drivers/STM32F4xx_HAL_Driver/Src/stm32f4xx_hal_rcc.c ****           {
 508:Drivers/STM32F4xx_HAL_Driver/Src/stm32f4xx_hal_rcc.c ****             return HAL_TIMEOUT;
 509:Drivers/STM32F4xx_HAL_Driver/Src/stm32f4xx_hal_rcc.c ****           }
 510:Drivers/STM32F4xx_HAL_Driver/Src/stm32f4xx_hal_rcc.c ****         }
 511:Drivers/STM32F4xx_HAL_Driver/Src/stm32f4xx_hal_rcc.c ****       }
 512:Drivers/STM32F4xx_HAL_Driver/Src/stm32f4xx_hal_rcc.c ****       else
 513:Drivers/STM32F4xx_HAL_Driver/Src/stm32f4xx_hal_rcc.c ****       {
 514:Drivers/STM32F4xx_HAL_Driver/Src/stm32f4xx_hal_rcc.c ****         /* Disable the main PLL. */
 515:Drivers/STM32F4xx_HAL_Driver/Src/stm32f4xx_hal_rcc.c ****         __HAL_RCC_PLL_DISABLE();
 649              		.loc 1 515 9 is_stmt 1 view .LVU215
 650 02dc 494B     		ldr	r3, .L96+4
 651 02de 0022     		movs	r2, #0
 652 02e0 1A66     		str	r2, [r3, #96]
 516:Drivers/STM32F4xx_HAL_Driver/Src/stm32f4xx_hal_rcc.c **** 
 517:Drivers/STM32F4xx_HAL_Driver/Src/stm32f4xx_hal_rcc.c ****         /* Get Start Tick */
 518:Drivers/STM32F4xx_HAL_Driver/Src/stm32f4xx_hal_rcc.c ****         tickstart = HAL_GetTick();
 653              		.loc 1 518 9 view .LVU216
 654              		.loc 1 518 21 is_stmt 0 view .LVU217
 655 02e2 FFF7FEFF 		bl	HAL_GetTick
 656              	.LVL42:
 657 02e6 0446     		mov	r4, r0
 658              	.LVL43:
 519:Drivers/STM32F4xx_HAL_Driver/Src/stm32f4xx_hal_rcc.c **** 
 520:Drivers/STM32F4xx_HAL_Driver/Src/stm32f4xx_hal_rcc.c ****         /* Wait till PLL is disabled */
 521:Drivers/STM32F4xx_HAL_Driver/Src/stm32f4xx_hal_rcc.c ****         while (__HAL_RCC_GET_FLAG(RCC_FLAG_PLLRDY) != RESET)
 659              		.loc 1 521 9 is_stmt 1 view .LVU218
 660              	.L50:
 661              		.loc 1 521 52 view .LVU219
 662              		.loc 1 521 16 is_stmt 0 view .LVU220
 663 02e8 454B     		ldr	r3, .L96
 664 02ea 1B68     		ldr	r3, [r3]
 665              		.loc 1 521 52 view .LVU221
 666 02ec 13F0007F 		tst	r3, #33554432
 667 02f0 42D0     		beq	.L91
 522:Drivers/STM32F4xx_HAL_Driver/Src/stm32f4xx_hal_rcc.c ****         {
 523:Drivers/STM32F4xx_HAL_Driver/Src/stm32f4xx_hal_rcc.c ****           if ((HAL_GetTick() - tickstart) > PLL_TIMEOUT_VALUE)
 668              		.loc 1 523 11 is_stmt 1 view .LVU222
 669              		.loc 1 523 16 is_stmt 0 view .LVU223
 670 02f2 FFF7FEFF 		bl	HAL_GetTick
 671              	.LVL44:
 672              		.loc 1 523 30 discriminator 1 view .LVU224
 673 02f6 001B     		subs	r0, r0, r4
 674              		.loc 1 523 14 discriminator 1 view .LVU225
ARM GAS  C:\Users\Ebrahim\AppData\Local\Temp\ccIRI20i.s 			page 23


 675 02f8 0228     		cmp	r0, #2
 676 02fa F5D9     		bls	.L50
 524:Drivers/STM32F4xx_HAL_Driver/Src/stm32f4xx_hal_rcc.c ****           {
 525:Drivers/STM32F4xx_HAL_Driver/Src/stm32f4xx_hal_rcc.c ****             return HAL_TIMEOUT;
 677              		.loc 1 525 20 view .LVU226
 678 02fc 0320     		movs	r0, #3
 679 02fe 6FE0     		b	.L3
 680              	.LVL45:
 681              	.L89:
 682              	.LBB4:
 456:Drivers/STM32F4xx_HAL_Driver/Src/stm32f4xx_hal_rcc.c ****     }
 683              		.loc 1 456 7 is_stmt 1 view .LVU227
 684 0300 3F4A     		ldr	r2, .L96
 685 0302 136C     		ldr	r3, [r2, #64]
 686 0304 23F08053 		bic	r3, r3, #268435456
 687 0308 1364     		str	r3, [r2, #64]
 688 030a DBE7     		b	.L30
 689              	.LVL46:
 690              	.L90:
 456:Drivers/STM32F4xx_HAL_Driver/Src/stm32f4xx_hal_rcc.c ****     }
 691              		.loc 1 456 7 is_stmt 0 view .LVU228
 692              	.LBE4:
 470:Drivers/STM32F4xx_HAL_Driver/Src/stm32f4xx_hal_rcc.c ****         assert_param(IS_RCC_PLLM_VALUE(RCC_OscInitStruct->PLL.PLLM));
 693              		.loc 1 470 9 is_stmt 1 view .LVU229
 471:Drivers/STM32F4xx_HAL_Driver/Src/stm32f4xx_hal_rcc.c ****         assert_param(IS_RCC_PLLN_VALUE(RCC_OscInitStruct->PLL.PLLN));
 694              		.loc 1 471 9 view .LVU230
 472:Drivers/STM32F4xx_HAL_Driver/Src/stm32f4xx_hal_rcc.c ****         assert_param(IS_RCC_PLLP_VALUE(RCC_OscInitStruct->PLL.PLLP));
 695              		.loc 1 472 9 view .LVU231
 473:Drivers/STM32F4xx_HAL_Driver/Src/stm32f4xx_hal_rcc.c ****         assert_param(IS_RCC_PLLQ_VALUE(RCC_OscInitStruct->PLL.PLLQ));
 696              		.loc 1 473 9 view .LVU232
 474:Drivers/STM32F4xx_HAL_Driver/Src/stm32f4xx_hal_rcc.c **** 
 697              		.loc 1 474 9 view .LVU233
 477:Drivers/STM32F4xx_HAL_Driver/Src/stm32f4xx_hal_rcc.c **** 
 698              		.loc 1 477 9 view .LVU234
 699 030c 3D4B     		ldr	r3, .L96+4
 700 030e 0022     		movs	r2, #0
 701 0310 1A66     		str	r2, [r3, #96]
 480:Drivers/STM32F4xx_HAL_Driver/Src/stm32f4xx_hal_rcc.c **** 
 702              		.loc 1 480 9 view .LVU235
 480:Drivers/STM32F4xx_HAL_Driver/Src/stm32f4xx_hal_rcc.c **** 
 703              		.loc 1 480 21 is_stmt 0 view .LVU236
 704 0312 FFF7FEFF 		bl	HAL_GetTick
 705              	.LVL47:
 706 0316 0546     		mov	r5, r0
 707              	.LVL48:
 483:Drivers/STM32F4xx_HAL_Driver/Src/stm32f4xx_hal_rcc.c ****         {
 708              		.loc 1 483 9 is_stmt 1 view .LVU237
 709              	.L46:
 483:Drivers/STM32F4xx_HAL_Driver/Src/stm32f4xx_hal_rcc.c ****         {
 710              		.loc 1 483 52 view .LVU238
 483:Drivers/STM32F4xx_HAL_Driver/Src/stm32f4xx_hal_rcc.c ****         {
 711              		.loc 1 483 16 is_stmt 0 view .LVU239
 712 0318 394B     		ldr	r3, .L96
 713 031a 1B68     		ldr	r3, [r3]
 483:Drivers/STM32F4xx_HAL_Driver/Src/stm32f4xx_hal_rcc.c ****         {
 714              		.loc 1 483 52 view .LVU240
 715 031c 13F0007F 		tst	r3, #33554432
ARM GAS  C:\Users\Ebrahim\AppData\Local\Temp\ccIRI20i.s 			page 24


 716 0320 06D0     		beq	.L92
 485:Drivers/STM32F4xx_HAL_Driver/Src/stm32f4xx_hal_rcc.c ****           {
 717              		.loc 1 485 11 is_stmt 1 view .LVU241
 485:Drivers/STM32F4xx_HAL_Driver/Src/stm32f4xx_hal_rcc.c ****           {
 718              		.loc 1 485 16 is_stmt 0 view .LVU242
 719 0322 FFF7FEFF 		bl	HAL_GetTick
 720              	.LVL49:
 485:Drivers/STM32F4xx_HAL_Driver/Src/stm32f4xx_hal_rcc.c ****           {
 721              		.loc 1 485 30 discriminator 1 view .LVU243
 722 0326 401B     		subs	r0, r0, r5
 485:Drivers/STM32F4xx_HAL_Driver/Src/stm32f4xx_hal_rcc.c ****           {
 723              		.loc 1 485 14 discriminator 1 view .LVU244
 724 0328 0228     		cmp	r0, #2
 725 032a F5D9     		bls	.L46
 487:Drivers/STM32F4xx_HAL_Driver/Src/stm32f4xx_hal_rcc.c ****           }
 726              		.loc 1 487 20 view .LVU245
 727 032c 0320     		movs	r0, #3
 728 032e 57E0     		b	.L3
 729              	.L92:
 492:Drivers/STM32F4xx_HAL_Driver/Src/stm32f4xx_hal_rcc.c ****                                  RCC_OscInitStruct->PLL.PLLM                                       
 730              		.loc 1 492 9 is_stmt 1 view .LVU246
 731 0330 E369     		ldr	r3, [r4, #28]
 732 0332 226A     		ldr	r2, [r4, #32]
 733 0334 1343     		orrs	r3, r3, r2
 734 0336 626A     		ldr	r2, [r4, #36]
 735 0338 43EA8213 		orr	r3, r3, r2, lsl #6
 736 033c A26A     		ldr	r2, [r4, #40]
 737 033e 5208     		lsrs	r2, r2, #1
 738 0340 013A     		subs	r2, r2, #1
 739 0342 43EA0243 		orr	r3, r3, r2, lsl #16
 740 0346 E26A     		ldr	r2, [r4, #44]
 741 0348 43EA0263 		orr	r3, r3, r2, lsl #24
 742 034c 2C4A     		ldr	r2, .L96
 743 034e 5360     		str	r3, [r2, #4]
 498:Drivers/STM32F4xx_HAL_Driver/Src/stm32f4xx_hal_rcc.c **** 
 744              		.loc 1 498 9 view .LVU247
 745 0350 2C4B     		ldr	r3, .L96+4
 746 0352 0122     		movs	r2, #1
 747 0354 1A66     		str	r2, [r3, #96]
 501:Drivers/STM32F4xx_HAL_Driver/Src/stm32f4xx_hal_rcc.c **** 
 748              		.loc 1 501 9 view .LVU248
 501:Drivers/STM32F4xx_HAL_Driver/Src/stm32f4xx_hal_rcc.c **** 
 749              		.loc 1 501 21 is_stmt 0 view .LVU249
 750 0356 FFF7FEFF 		bl	HAL_GetTick
 751              	.LVL50:
 752 035a 0446     		mov	r4, r0
 753              	.LVL51:
 504:Drivers/STM32F4xx_HAL_Driver/Src/stm32f4xx_hal_rcc.c ****         {
 754              		.loc 1 504 9 is_stmt 1 view .LVU250
 755              	.L48:
 504:Drivers/STM32F4xx_HAL_Driver/Src/stm32f4xx_hal_rcc.c ****         {
 756              		.loc 1 504 52 view .LVU251
 504:Drivers/STM32F4xx_HAL_Driver/Src/stm32f4xx_hal_rcc.c ****         {
 757              		.loc 1 504 16 is_stmt 0 view .LVU252
 758 035c 284B     		ldr	r3, .L96
 759 035e 1B68     		ldr	r3, [r3]
 504:Drivers/STM32F4xx_HAL_Driver/Src/stm32f4xx_hal_rcc.c ****         {
ARM GAS  C:\Users\Ebrahim\AppData\Local\Temp\ccIRI20i.s 			page 25


 760              		.loc 1 504 52 view .LVU253
 761 0360 13F0007F 		tst	r3, #33554432
 762 0364 06D1     		bne	.L93
 506:Drivers/STM32F4xx_HAL_Driver/Src/stm32f4xx_hal_rcc.c ****           {
 763              		.loc 1 506 11 is_stmt 1 view .LVU254
 506:Drivers/STM32F4xx_HAL_Driver/Src/stm32f4xx_hal_rcc.c ****           {
 764              		.loc 1 506 16 is_stmt 0 view .LVU255
 765 0366 FFF7FEFF 		bl	HAL_GetTick
 766              	.LVL52:
 506:Drivers/STM32F4xx_HAL_Driver/Src/stm32f4xx_hal_rcc.c ****           {
 767              		.loc 1 506 30 discriminator 1 view .LVU256
 768 036a 001B     		subs	r0, r0, r4
 506:Drivers/STM32F4xx_HAL_Driver/Src/stm32f4xx_hal_rcc.c ****           {
 769              		.loc 1 506 14 discriminator 1 view .LVU257
 770 036c 0228     		cmp	r0, #2
 771 036e F5D9     		bls	.L48
 508:Drivers/STM32F4xx_HAL_Driver/Src/stm32f4xx_hal_rcc.c ****           }
 772              		.loc 1 508 20 view .LVU258
 773 0370 0320     		movs	r0, #3
 774 0372 35E0     		b	.L3
 775              	.L93:
 526:Drivers/STM32F4xx_HAL_Driver/Src/stm32f4xx_hal_rcc.c ****           }
 527:Drivers/STM32F4xx_HAL_Driver/Src/stm32f4xx_hal_rcc.c ****         }
 528:Drivers/STM32F4xx_HAL_Driver/Src/stm32f4xx_hal_rcc.c ****       }
 529:Drivers/STM32F4xx_HAL_Driver/Src/stm32f4xx_hal_rcc.c ****     }
 530:Drivers/STM32F4xx_HAL_Driver/Src/stm32f4xx_hal_rcc.c ****     else
 531:Drivers/STM32F4xx_HAL_Driver/Src/stm32f4xx_hal_rcc.c ****     {
 532:Drivers/STM32F4xx_HAL_Driver/Src/stm32f4xx_hal_rcc.c ****       /* Check if there is a request to disable the PLL used as System clock source */
 533:Drivers/STM32F4xx_HAL_Driver/Src/stm32f4xx_hal_rcc.c ****       if ((RCC_OscInitStruct->PLL.PLLState) == RCC_PLL_OFF)
 534:Drivers/STM32F4xx_HAL_Driver/Src/stm32f4xx_hal_rcc.c ****       {
 535:Drivers/STM32F4xx_HAL_Driver/Src/stm32f4xx_hal_rcc.c ****         return HAL_ERROR;
 536:Drivers/STM32F4xx_HAL_Driver/Src/stm32f4xx_hal_rcc.c ****       }
 537:Drivers/STM32F4xx_HAL_Driver/Src/stm32f4xx_hal_rcc.c ****       else
 538:Drivers/STM32F4xx_HAL_Driver/Src/stm32f4xx_hal_rcc.c ****       {
 539:Drivers/STM32F4xx_HAL_Driver/Src/stm32f4xx_hal_rcc.c ****         /* Do not return HAL_ERROR if request repeats the current configuration */
 540:Drivers/STM32F4xx_HAL_Driver/Src/stm32f4xx_hal_rcc.c ****         pll_config = RCC->PLLCFGR;
 541:Drivers/STM32F4xx_HAL_Driver/Src/stm32f4xx_hal_rcc.c **** #if defined (RCC_PLLCFGR_PLLR)
 542:Drivers/STM32F4xx_HAL_Driver/Src/stm32f4xx_hal_rcc.c ****         if (((RCC_OscInitStruct->PLL.PLLState) == RCC_PLL_OFF) ||
 543:Drivers/STM32F4xx_HAL_Driver/Src/stm32f4xx_hal_rcc.c ****             (READ_BIT(pll_config, RCC_PLLCFGR_PLLSRC) != RCC_OscInitStruct->PLL.PLLSource) ||
 544:Drivers/STM32F4xx_HAL_Driver/Src/stm32f4xx_hal_rcc.c ****             (READ_BIT(pll_config, RCC_PLLCFGR_PLLM) != (RCC_OscInitStruct->PLL.PLLM) << RCC_PLLCFGR
 545:Drivers/STM32F4xx_HAL_Driver/Src/stm32f4xx_hal_rcc.c ****             (READ_BIT(pll_config, RCC_PLLCFGR_PLLN) != (RCC_OscInitStruct->PLL.PLLN) << RCC_PLLCFGR
 546:Drivers/STM32F4xx_HAL_Driver/Src/stm32f4xx_hal_rcc.c ****             (READ_BIT(pll_config, RCC_PLLCFGR_PLLP) != (((RCC_OscInitStruct->PLL.PLLP >> 1U) - 1U))
 547:Drivers/STM32F4xx_HAL_Driver/Src/stm32f4xx_hal_rcc.c ****             (READ_BIT(pll_config, RCC_PLLCFGR_PLLQ) != (RCC_OscInitStruct->PLL.PLLQ << RCC_PLLCFGR_
 548:Drivers/STM32F4xx_HAL_Driver/Src/stm32f4xx_hal_rcc.c ****             (READ_BIT(pll_config, RCC_PLLCFGR_PLLR) != (RCC_OscInitStruct->PLL.PLLR << RCC_PLLCFGR_
 549:Drivers/STM32F4xx_HAL_Driver/Src/stm32f4xx_hal_rcc.c **** #else
 550:Drivers/STM32F4xx_HAL_Driver/Src/stm32f4xx_hal_rcc.c ****         if (((RCC_OscInitStruct->PLL.PLLState) == RCC_PLL_OFF) ||
 551:Drivers/STM32F4xx_HAL_Driver/Src/stm32f4xx_hal_rcc.c ****             (READ_BIT(pll_config, RCC_PLLCFGR_PLLSRC) != RCC_OscInitStruct->PLL.PLLSource) ||
 552:Drivers/STM32F4xx_HAL_Driver/Src/stm32f4xx_hal_rcc.c ****             (READ_BIT(pll_config, RCC_PLLCFGR_PLLM) != (RCC_OscInitStruct->PLL.PLLM) << RCC_PLLCFGR
 553:Drivers/STM32F4xx_HAL_Driver/Src/stm32f4xx_hal_rcc.c ****             (READ_BIT(pll_config, RCC_PLLCFGR_PLLN) != (RCC_OscInitStruct->PLL.PLLN) << RCC_PLLCFGR
 554:Drivers/STM32F4xx_HAL_Driver/Src/stm32f4xx_hal_rcc.c ****             (READ_BIT(pll_config, RCC_PLLCFGR_PLLP) != (((RCC_OscInitStruct->PLL.PLLP >> 1U) - 1U))
 555:Drivers/STM32F4xx_HAL_Driver/Src/stm32f4xx_hal_rcc.c ****             (READ_BIT(pll_config, RCC_PLLCFGR_PLLQ) != (RCC_OscInitStruct->PLL.PLLQ << RCC_PLLCFGR_
 556:Drivers/STM32F4xx_HAL_Driver/Src/stm32f4xx_hal_rcc.c **** #endif /* RCC_PLLCFGR_PLLR */
 557:Drivers/STM32F4xx_HAL_Driver/Src/stm32f4xx_hal_rcc.c ****         {
 558:Drivers/STM32F4xx_HAL_Driver/Src/stm32f4xx_hal_rcc.c ****           return HAL_ERROR;
 559:Drivers/STM32F4xx_HAL_Driver/Src/stm32f4xx_hal_rcc.c ****         }
 560:Drivers/STM32F4xx_HAL_Driver/Src/stm32f4xx_hal_rcc.c ****       }
 561:Drivers/STM32F4xx_HAL_Driver/Src/stm32f4xx_hal_rcc.c ****     }
ARM GAS  C:\Users\Ebrahim\AppData\Local\Temp\ccIRI20i.s 			page 26


 562:Drivers/STM32F4xx_HAL_Driver/Src/stm32f4xx_hal_rcc.c ****   }
 563:Drivers/STM32F4xx_HAL_Driver/Src/stm32f4xx_hal_rcc.c ****   return HAL_OK;
 776              		.loc 1 563 10 view .LVU259
 777 0374 0020     		movs	r0, #0
 778 0376 33E0     		b	.L3
 779              	.L91:
 780              		.loc 1 563 10 view .LVU260
 781 0378 0020     		movs	r0, #0
 782 037a 31E0     		b	.L3
 783              	.LVL53:
 784              	.L44:
 533:Drivers/STM32F4xx_HAL_Driver/Src/stm32f4xx_hal_rcc.c ****       {
 785              		.loc 1 533 7 is_stmt 1 view .LVU261
 533:Drivers/STM32F4xx_HAL_Driver/Src/stm32f4xx_hal_rcc.c ****       {
 786              		.loc 1 533 10 is_stmt 0 view .LVU262
 787 037c 012B     		cmp	r3, #1
 788 037e 31D0     		beq	.L69
 540:Drivers/STM32F4xx_HAL_Driver/Src/stm32f4xx_hal_rcc.c **** #if defined (RCC_PLLCFGR_PLLR)
 789              		.loc 1 540 9 is_stmt 1 view .LVU263
 540:Drivers/STM32F4xx_HAL_Driver/Src/stm32f4xx_hal_rcc.c **** #if defined (RCC_PLLCFGR_PLLR)
 790              		.loc 1 540 20 is_stmt 0 view .LVU264
 791 0380 1F4B     		ldr	r3, .L96
 792 0382 5B68     		ldr	r3, [r3, #4]
 793              	.LVL54:
 542:Drivers/STM32F4xx_HAL_Driver/Src/stm32f4xx_hal_rcc.c ****             (READ_BIT(pll_config, RCC_PLLCFGR_PLLSRC) != RCC_OscInitStruct->PLL.PLLSource) ||
 794              		.loc 1 542 9 is_stmt 1 view .LVU265
 543:Drivers/STM32F4xx_HAL_Driver/Src/stm32f4xx_hal_rcc.c ****             (READ_BIT(pll_config, RCC_PLLCFGR_PLLM) != (RCC_OscInitStruct->PLL.PLLM) << RCC_PLLCFGR
 795              		.loc 1 543 14 is_stmt 0 view .LVU266
 796 0384 03F48001 		and	r1, r3, #4194304
 543:Drivers/STM32F4xx_HAL_Driver/Src/stm32f4xx_hal_rcc.c ****             (READ_BIT(pll_config, RCC_PLLCFGR_PLLM) != (RCC_OscInitStruct->PLL.PLLM) << RCC_PLLCFGR
 797              		.loc 1 543 80 view .LVU267
 798 0388 E269     		ldr	r2, [r4, #28]
 542:Drivers/STM32F4xx_HAL_Driver/Src/stm32f4xx_hal_rcc.c ****             (READ_BIT(pll_config, RCC_PLLCFGR_PLLSRC) != RCC_OscInitStruct->PLL.PLLSource) ||
 799              		.loc 1 542 64 discriminator 1 view .LVU268
 800 038a 9142     		cmp	r1, r2
 801 038c 2CD1     		bne	.L70
 544:Drivers/STM32F4xx_HAL_Driver/Src/stm32f4xx_hal_rcc.c ****             (READ_BIT(pll_config, RCC_PLLCFGR_PLLN) != (RCC_OscInitStruct->PLL.PLLN) << RCC_PLLCFGR
 802              		.loc 1 544 14 view .LVU269
 803 038e 03F03F02 		and	r2, r3, #63
 544:Drivers/STM32F4xx_HAL_Driver/Src/stm32f4xx_hal_rcc.c ****             (READ_BIT(pll_config, RCC_PLLCFGR_PLLN) != (RCC_OscInitStruct->PLL.PLLN) << RCC_PLLCFGR
 804              		.loc 1 544 79 view .LVU270
 805 0392 216A     		ldr	r1, [r4, #32]
 543:Drivers/STM32F4xx_HAL_Driver/Src/stm32f4xx_hal_rcc.c ****             (READ_BIT(pll_config, RCC_PLLCFGR_PLLM) != (RCC_OscInitStruct->PLL.PLLM) << RCC_PLLCFGR
 806              		.loc 1 543 92 view .LVU271
 807 0394 8A42     		cmp	r2, r1
 808 0396 29D1     		bne	.L71
 545:Drivers/STM32F4xx_HAL_Driver/Src/stm32f4xx_hal_rcc.c ****             (READ_BIT(pll_config, RCC_PLLCFGR_PLLP) != (((RCC_OscInitStruct->PLL.PLLP >> 1U) - 1U))
 809              		.loc 1 545 79 view .LVU272
 810 0398 616A     		ldr	r1, [r4, #36]
 544:Drivers/STM32F4xx_HAL_Driver/Src/stm32f4xx_hal_rcc.c ****             (READ_BIT(pll_config, RCC_PLLCFGR_PLLN) != (RCC_OscInitStruct->PLL.PLLN) << RCC_PLLCFGR
 811              		.loc 1 544 111 view .LVU273
 812 039a 47F6C072 		movw	r2, #32704
 813 039e 1A40     		ands	r2, r2, r3
 814 03a0 B2EB811F 		cmp	r2, r1, lsl #6
 815 03a4 24D1     		bne	.L72
 546:Drivers/STM32F4xx_HAL_Driver/Src/stm32f4xx_hal_rcc.c ****             (READ_BIT(pll_config, RCC_PLLCFGR_PLLQ) != (RCC_OscInitStruct->PLL.PLLQ << RCC_PLLCFGR_
 816              		.loc 1 546 14 view .LVU274
ARM GAS  C:\Users\Ebrahim\AppData\Local\Temp\ccIRI20i.s 			page 27


 817 03a6 03F44031 		and	r1, r3, #196608
 546:Drivers/STM32F4xx_HAL_Driver/Src/stm32f4xx_hal_rcc.c ****             (READ_BIT(pll_config, RCC_PLLCFGR_PLLQ) != (RCC_OscInitStruct->PLL.PLLQ << RCC_PLLCFGR_
 818              		.loc 1 546 81 view .LVU275
 819 03aa A26A     		ldr	r2, [r4, #40]
 546:Drivers/STM32F4xx_HAL_Driver/Src/stm32f4xx_hal_rcc.c ****             (READ_BIT(pll_config, RCC_PLLCFGR_PLLQ) != (RCC_OscInitStruct->PLL.PLLQ << RCC_PLLCFGR_
 820              		.loc 1 546 87 view .LVU276
 821 03ac 5208     		lsrs	r2, r2, #1
 546:Drivers/STM32F4xx_HAL_Driver/Src/stm32f4xx_hal_rcc.c ****             (READ_BIT(pll_config, RCC_PLLCFGR_PLLQ) != (RCC_OscInitStruct->PLL.PLLQ << RCC_PLLCFGR_
 822              		.loc 1 546 94 view .LVU277
 823 03ae 013A     		subs	r2, r2, #1
 545:Drivers/STM32F4xx_HAL_Driver/Src/stm32f4xx_hal_rcc.c ****             (READ_BIT(pll_config, RCC_PLLCFGR_PLLP) != (((RCC_OscInitStruct->PLL.PLLP >> 1U) - 1U))
 824              		.loc 1 545 111 view .LVU278
 825 03b0 B1EB024F 		cmp	r1, r2, lsl #16
 826 03b4 1ED1     		bne	.L73
 547:Drivers/STM32F4xx_HAL_Driver/Src/stm32f4xx_hal_rcc.c ****             (READ_BIT(pll_config, RCC_PLLCFGR_PLLR) != (RCC_OscInitStruct->PLL.PLLR << RCC_PLLCFGR_
 827              		.loc 1 547 14 view .LVU279
 828 03b6 03F07062 		and	r2, r3, #251658240
 547:Drivers/STM32F4xx_HAL_Driver/Src/stm32f4xx_hal_rcc.c ****             (READ_BIT(pll_config, RCC_PLLCFGR_PLLR) != (RCC_OscInitStruct->PLL.PLLR << RCC_PLLCFGR_
 829              		.loc 1 547 79 view .LVU280
 830 03ba E16A     		ldr	r1, [r4, #44]
 546:Drivers/STM32F4xx_HAL_Driver/Src/stm32f4xx_hal_rcc.c ****             (READ_BIT(pll_config, RCC_PLLCFGR_PLLQ) != (RCC_OscInitStruct->PLL.PLLQ << RCC_PLLCFGR_
 831              		.loc 1 546 126 view .LVU281
 832 03bc B2EB016F 		cmp	r2, r1, lsl #24
 833 03c0 1AD1     		bne	.L74
 548:Drivers/STM32F4xx_HAL_Driver/Src/stm32f4xx_hal_rcc.c **** #else
 834              		.loc 1 548 14 view .LVU282
 835 03c2 03F0E043 		and	r3, r3, #1879048192
 836              	.LVL55:
 548:Drivers/STM32F4xx_HAL_Driver/Src/stm32f4xx_hal_rcc.c **** #else
 837              		.loc 1 548 79 view .LVU283
 838 03c6 226B     		ldr	r2, [r4, #48]
 547:Drivers/STM32F4xx_HAL_Driver/Src/stm32f4xx_hal_rcc.c ****             (READ_BIT(pll_config, RCC_PLLCFGR_PLLR) != (RCC_OscInitStruct->PLL.PLLR << RCC_PLLCFGR_
 839              		.loc 1 547 111 view .LVU284
 840 03c8 B3EB027F 		cmp	r3, r2, lsl #28
 841 03cc 16D1     		bne	.L75
 842              		.loc 1 563 10 view .LVU285
 843 03ce 0020     		movs	r0, #0
 844 03d0 06E0     		b	.L3
 845              	.LVL56:
 846              	.L52:
 847              	.LCFI2:
 848              		.cfi_def_cfa_offset 0
 849              		.cfi_restore 4
 850              		.cfi_restore 5
 851              		.cfi_restore 6
 852              		.cfi_restore 14
 226:Drivers/STM32F4xx_HAL_Driver/Src/stm32f4xx_hal_rcc.c ****   }
 853              		.loc 1 226 12 view .LVU286
 854 03d2 0120     		movs	r0, #1
 855              	.LVL57:
 564:Drivers/STM32F4xx_HAL_Driver/Src/stm32f4xx_hal_rcc.c **** }
 856              		.loc 1 564 1 view .LVU287
 857 03d4 7047     		bx	lr
 858              	.LVL58:
 859              	.L83:
 860              	.LCFI3:
 861              		.cfi_def_cfa_offset 24
ARM GAS  C:\Users\Ebrahim\AppData\Local\Temp\ccIRI20i.s 			page 28


 862              		.cfi_offset 4, -16
 863              		.cfi_offset 5, -12
 864              		.cfi_offset 6, -8
 865              		.cfi_offset 14, -4
 242:Drivers/STM32F4xx_HAL_Driver/Src/stm32f4xx_hal_rcc.c ****       }
 866              		.loc 1 242 16 view .LVU288
 867 03d6 0120     		movs	r0, #1
 868              	.LVL59:
 242:Drivers/STM32F4xx_HAL_Driver/Src/stm32f4xx_hal_rcc.c ****       }
 869              		.loc 1 242 16 view .LVU289
 870 03d8 02E0     		b	.L3
 871              	.L56:
 295:Drivers/STM32F4xx_HAL_Driver/Src/stm32f4xx_hal_rcc.c ****       }
 872              		.loc 1 295 16 view .LVU290
 873 03da 0120     		movs	r0, #1
 874 03dc 00E0     		b	.L3
 875              	.L65:
 563:Drivers/STM32F4xx_HAL_Driver/Src/stm32f4xx_hal_rcc.c **** }
 876              		.loc 1 563 10 view .LVU291
 877 03de 0020     		movs	r0, #0
 878              	.LVL60:
 879              	.L3:
 880              		.loc 1 564 1 view .LVU292
 881 03e0 02B0     		add	sp, sp, #8
 882              	.LCFI4:
 883              		.cfi_remember_state
 884              		.cfi_def_cfa_offset 16
 885              		@ sp needed
 886 03e2 70BD     		pop	{r4, r5, r6, pc}
 887              	.LVL61:
 888              	.L69:
 889              	.LCFI5:
 890              		.cfi_restore_state
 535:Drivers/STM32F4xx_HAL_Driver/Src/stm32f4xx_hal_rcc.c ****       }
 891              		.loc 1 535 16 view .LVU293
 892 03e4 0120     		movs	r0, #1
 893 03e6 FBE7     		b	.L3
 894              	.LVL62:
 895              	.L70:
 558:Drivers/STM32F4xx_HAL_Driver/Src/stm32f4xx_hal_rcc.c ****         }
 896              		.loc 1 558 18 view .LVU294
 897 03e8 0120     		movs	r0, #1
 898 03ea F9E7     		b	.L3
 899              	.L71:
 900 03ec 0120     		movs	r0, #1
 901 03ee F7E7     		b	.L3
 902              	.L72:
 903 03f0 0120     		movs	r0, #1
 904 03f2 F5E7     		b	.L3
 905              	.L73:
 906 03f4 0120     		movs	r0, #1
 907 03f6 F3E7     		b	.L3
 908              	.L74:
 909 03f8 0120     		movs	r0, #1
 910 03fa F1E7     		b	.L3
 911              	.LVL63:
 912              	.L75:
ARM GAS  C:\Users\Ebrahim\AppData\Local\Temp\ccIRI20i.s 			page 29


 558:Drivers/STM32F4xx_HAL_Driver/Src/stm32f4xx_hal_rcc.c ****         }
 913              		.loc 1 558 18 view .LVU295
 914 03fc 0120     		movs	r0, #1
 915 03fe EFE7     		b	.L3
 916              	.L97:
 917              		.align	2
 918              	.L96:
 919 0400 00380240 		.word	1073887232
 920 0404 00004742 		.word	1111949312
 921              		.cfi_endproc
 922              	.LFE135:
 924              		.section	.text.HAL_RCC_MCOConfig,"ax",%progbits
 925              		.align	1
 926              		.global	HAL_RCC_MCOConfig
 927              		.syntax unified
 928              		.thumb
 929              		.thumb_func
 931              	HAL_RCC_MCOConfig:
 932              	.LVL64:
 933              	.LFB137:
 565:Drivers/STM32F4xx_HAL_Driver/Src/stm32f4xx_hal_rcc.c **** 
 566:Drivers/STM32F4xx_HAL_Driver/Src/stm32f4xx_hal_rcc.c **** /**
 567:Drivers/STM32F4xx_HAL_Driver/Src/stm32f4xx_hal_rcc.c ****   * @brief  Initializes the CPU, AHB and APB busses clocks according to the specified
 568:Drivers/STM32F4xx_HAL_Driver/Src/stm32f4xx_hal_rcc.c ****   *         parameters in the RCC_ClkInitStruct.
 569:Drivers/STM32F4xx_HAL_Driver/Src/stm32f4xx_hal_rcc.c ****   * @param  RCC_ClkInitStruct pointer to an RCC_OscInitTypeDef structure that
 570:Drivers/STM32F4xx_HAL_Driver/Src/stm32f4xx_hal_rcc.c ****   *         contains the configuration information for the RCC peripheral.
 571:Drivers/STM32F4xx_HAL_Driver/Src/stm32f4xx_hal_rcc.c ****   * @param  FLatency FLASH Latency, this parameter depend on device selected
 572:Drivers/STM32F4xx_HAL_Driver/Src/stm32f4xx_hal_rcc.c ****   *
 573:Drivers/STM32F4xx_HAL_Driver/Src/stm32f4xx_hal_rcc.c ****   * @note   The SystemCoreClock CMSIS variable is used to store System Clock Frequency
 574:Drivers/STM32F4xx_HAL_Driver/Src/stm32f4xx_hal_rcc.c ****   *         and updated by HAL_RCC_GetHCLKFreq() function called within this function
 575:Drivers/STM32F4xx_HAL_Driver/Src/stm32f4xx_hal_rcc.c ****   *
 576:Drivers/STM32F4xx_HAL_Driver/Src/stm32f4xx_hal_rcc.c ****   * @note   The HSI is used (enabled by hardware) as system clock source after
 577:Drivers/STM32F4xx_HAL_Driver/Src/stm32f4xx_hal_rcc.c ****   *         startup from Reset, wake-up from STOP and STANDBY mode, or in case
 578:Drivers/STM32F4xx_HAL_Driver/Src/stm32f4xx_hal_rcc.c ****   *         of failure of the HSE used directly or indirectly as system clock
 579:Drivers/STM32F4xx_HAL_Driver/Src/stm32f4xx_hal_rcc.c ****   *         (if the Clock Security System CSS is enabled).
 580:Drivers/STM32F4xx_HAL_Driver/Src/stm32f4xx_hal_rcc.c ****   *
 581:Drivers/STM32F4xx_HAL_Driver/Src/stm32f4xx_hal_rcc.c ****   * @note   A switch from one clock source to another occurs only if the target
 582:Drivers/STM32F4xx_HAL_Driver/Src/stm32f4xx_hal_rcc.c ****   *         clock source is ready (clock stable after startup delay or PLL locked).
 583:Drivers/STM32F4xx_HAL_Driver/Src/stm32f4xx_hal_rcc.c ****   *         If a clock source which is not yet ready is selected, the switch will
 584:Drivers/STM32F4xx_HAL_Driver/Src/stm32f4xx_hal_rcc.c ****   *         occur when the clock source will be ready.
 585:Drivers/STM32F4xx_HAL_Driver/Src/stm32f4xx_hal_rcc.c ****   *
 586:Drivers/STM32F4xx_HAL_Driver/Src/stm32f4xx_hal_rcc.c ****   * @note   Depending on the device voltage range, the software has to set correctly
 587:Drivers/STM32F4xx_HAL_Driver/Src/stm32f4xx_hal_rcc.c ****   *         HPRE[3:0] bits to ensure that HCLK not exceed the maximum allowed frequency
 588:Drivers/STM32F4xx_HAL_Driver/Src/stm32f4xx_hal_rcc.c ****   *         (for more details refer to section above "Initialization/de-initialization functions")
 589:Drivers/STM32F4xx_HAL_Driver/Src/stm32f4xx_hal_rcc.c ****   * @retval None
 590:Drivers/STM32F4xx_HAL_Driver/Src/stm32f4xx_hal_rcc.c ****   */
 591:Drivers/STM32F4xx_HAL_Driver/Src/stm32f4xx_hal_rcc.c **** HAL_StatusTypeDef HAL_RCC_ClockConfig(const RCC_ClkInitTypeDef  *RCC_ClkInitStruct, uint32_t FLaten
 592:Drivers/STM32F4xx_HAL_Driver/Src/stm32f4xx_hal_rcc.c **** {
 593:Drivers/STM32F4xx_HAL_Driver/Src/stm32f4xx_hal_rcc.c ****   uint32_t tickstart;
 594:Drivers/STM32F4xx_HAL_Driver/Src/stm32f4xx_hal_rcc.c **** 
 595:Drivers/STM32F4xx_HAL_Driver/Src/stm32f4xx_hal_rcc.c ****   /* Check Null pointer */
 596:Drivers/STM32F4xx_HAL_Driver/Src/stm32f4xx_hal_rcc.c ****   if (RCC_ClkInitStruct == NULL)
 597:Drivers/STM32F4xx_HAL_Driver/Src/stm32f4xx_hal_rcc.c ****   {
 598:Drivers/STM32F4xx_HAL_Driver/Src/stm32f4xx_hal_rcc.c ****     return HAL_ERROR;
 599:Drivers/STM32F4xx_HAL_Driver/Src/stm32f4xx_hal_rcc.c ****   }
 600:Drivers/STM32F4xx_HAL_Driver/Src/stm32f4xx_hal_rcc.c **** 
 601:Drivers/STM32F4xx_HAL_Driver/Src/stm32f4xx_hal_rcc.c ****   /* Check the parameters */
ARM GAS  C:\Users\Ebrahim\AppData\Local\Temp\ccIRI20i.s 			page 30


 602:Drivers/STM32F4xx_HAL_Driver/Src/stm32f4xx_hal_rcc.c ****   assert_param(IS_RCC_CLOCKTYPE(RCC_ClkInitStruct->ClockType));
 603:Drivers/STM32F4xx_HAL_Driver/Src/stm32f4xx_hal_rcc.c ****   assert_param(IS_FLASH_LATENCY(FLatency));
 604:Drivers/STM32F4xx_HAL_Driver/Src/stm32f4xx_hal_rcc.c **** 
 605:Drivers/STM32F4xx_HAL_Driver/Src/stm32f4xx_hal_rcc.c ****   /* To correctly read data from FLASH memory, the number of wait states (LATENCY)
 606:Drivers/STM32F4xx_HAL_Driver/Src/stm32f4xx_hal_rcc.c ****     must be correctly programmed according to the frequency of the CPU clock
 607:Drivers/STM32F4xx_HAL_Driver/Src/stm32f4xx_hal_rcc.c ****     (HCLK) and the supply voltage of the device. */
 608:Drivers/STM32F4xx_HAL_Driver/Src/stm32f4xx_hal_rcc.c **** 
 609:Drivers/STM32F4xx_HAL_Driver/Src/stm32f4xx_hal_rcc.c ****   /* Increasing the number of wait states because of higher CPU frequency */
 610:Drivers/STM32F4xx_HAL_Driver/Src/stm32f4xx_hal_rcc.c ****   if (FLatency > __HAL_FLASH_GET_LATENCY())
 611:Drivers/STM32F4xx_HAL_Driver/Src/stm32f4xx_hal_rcc.c ****   {
 612:Drivers/STM32F4xx_HAL_Driver/Src/stm32f4xx_hal_rcc.c ****     /* Program the new number of wait states to the LATENCY bits in the FLASH_ACR register */
 613:Drivers/STM32F4xx_HAL_Driver/Src/stm32f4xx_hal_rcc.c ****     __HAL_FLASH_SET_LATENCY(FLatency);
 614:Drivers/STM32F4xx_HAL_Driver/Src/stm32f4xx_hal_rcc.c **** 
 615:Drivers/STM32F4xx_HAL_Driver/Src/stm32f4xx_hal_rcc.c ****     /* Check that the new number of wait states is taken into account to access the Flash
 616:Drivers/STM32F4xx_HAL_Driver/Src/stm32f4xx_hal_rcc.c ****     memory by reading the FLASH_ACR register */
 617:Drivers/STM32F4xx_HAL_Driver/Src/stm32f4xx_hal_rcc.c ****     if (__HAL_FLASH_GET_LATENCY() != FLatency)
 618:Drivers/STM32F4xx_HAL_Driver/Src/stm32f4xx_hal_rcc.c ****     {
 619:Drivers/STM32F4xx_HAL_Driver/Src/stm32f4xx_hal_rcc.c ****       return HAL_ERROR;
 620:Drivers/STM32F4xx_HAL_Driver/Src/stm32f4xx_hal_rcc.c ****     }
 621:Drivers/STM32F4xx_HAL_Driver/Src/stm32f4xx_hal_rcc.c ****   }
 622:Drivers/STM32F4xx_HAL_Driver/Src/stm32f4xx_hal_rcc.c **** 
 623:Drivers/STM32F4xx_HAL_Driver/Src/stm32f4xx_hal_rcc.c ****   /*-------------------------- HCLK Configuration --------------------------*/
 624:Drivers/STM32F4xx_HAL_Driver/Src/stm32f4xx_hal_rcc.c ****   if (((RCC_ClkInitStruct->ClockType) & RCC_CLOCKTYPE_HCLK) == RCC_CLOCKTYPE_HCLK)
 625:Drivers/STM32F4xx_HAL_Driver/Src/stm32f4xx_hal_rcc.c ****   {
 626:Drivers/STM32F4xx_HAL_Driver/Src/stm32f4xx_hal_rcc.c ****     /* Set the highest APBx dividers in order to ensure that we do not go through
 627:Drivers/STM32F4xx_HAL_Driver/Src/stm32f4xx_hal_rcc.c ****        a non-spec phase whatever we decrease or increase HCLK. */
 628:Drivers/STM32F4xx_HAL_Driver/Src/stm32f4xx_hal_rcc.c ****     if (((RCC_ClkInitStruct->ClockType) & RCC_CLOCKTYPE_PCLK1) == RCC_CLOCKTYPE_PCLK1)
 629:Drivers/STM32F4xx_HAL_Driver/Src/stm32f4xx_hal_rcc.c ****     {
 630:Drivers/STM32F4xx_HAL_Driver/Src/stm32f4xx_hal_rcc.c ****       MODIFY_REG(RCC->CFGR, RCC_CFGR_PPRE1, RCC_HCLK_DIV16);
 631:Drivers/STM32F4xx_HAL_Driver/Src/stm32f4xx_hal_rcc.c ****     }
 632:Drivers/STM32F4xx_HAL_Driver/Src/stm32f4xx_hal_rcc.c **** 
 633:Drivers/STM32F4xx_HAL_Driver/Src/stm32f4xx_hal_rcc.c ****     if (((RCC_ClkInitStruct->ClockType) & RCC_CLOCKTYPE_PCLK2) == RCC_CLOCKTYPE_PCLK2)
 634:Drivers/STM32F4xx_HAL_Driver/Src/stm32f4xx_hal_rcc.c ****     {
 635:Drivers/STM32F4xx_HAL_Driver/Src/stm32f4xx_hal_rcc.c ****       MODIFY_REG(RCC->CFGR, RCC_CFGR_PPRE2, (RCC_HCLK_DIV16 << 3));
 636:Drivers/STM32F4xx_HAL_Driver/Src/stm32f4xx_hal_rcc.c ****     }
 637:Drivers/STM32F4xx_HAL_Driver/Src/stm32f4xx_hal_rcc.c **** 
 638:Drivers/STM32F4xx_HAL_Driver/Src/stm32f4xx_hal_rcc.c ****     assert_param(IS_RCC_HCLK(RCC_ClkInitStruct->AHBCLKDivider));
 639:Drivers/STM32F4xx_HAL_Driver/Src/stm32f4xx_hal_rcc.c ****     MODIFY_REG(RCC->CFGR, RCC_CFGR_HPRE, RCC_ClkInitStruct->AHBCLKDivider);
 640:Drivers/STM32F4xx_HAL_Driver/Src/stm32f4xx_hal_rcc.c ****   }
 641:Drivers/STM32F4xx_HAL_Driver/Src/stm32f4xx_hal_rcc.c **** 
 642:Drivers/STM32F4xx_HAL_Driver/Src/stm32f4xx_hal_rcc.c ****   /*------------------------- SYSCLK Configuration ---------------------------*/
 643:Drivers/STM32F4xx_HAL_Driver/Src/stm32f4xx_hal_rcc.c ****   if (((RCC_ClkInitStruct->ClockType) & RCC_CLOCKTYPE_SYSCLK) == RCC_CLOCKTYPE_SYSCLK)
 644:Drivers/STM32F4xx_HAL_Driver/Src/stm32f4xx_hal_rcc.c ****   {
 645:Drivers/STM32F4xx_HAL_Driver/Src/stm32f4xx_hal_rcc.c ****     assert_param(IS_RCC_SYSCLKSOURCE(RCC_ClkInitStruct->SYSCLKSource));
 646:Drivers/STM32F4xx_HAL_Driver/Src/stm32f4xx_hal_rcc.c **** 
 647:Drivers/STM32F4xx_HAL_Driver/Src/stm32f4xx_hal_rcc.c ****     /* HSE is selected as System Clock Source */
 648:Drivers/STM32F4xx_HAL_Driver/Src/stm32f4xx_hal_rcc.c ****     if (RCC_ClkInitStruct->SYSCLKSource == RCC_SYSCLKSOURCE_HSE)
 649:Drivers/STM32F4xx_HAL_Driver/Src/stm32f4xx_hal_rcc.c ****     {
 650:Drivers/STM32F4xx_HAL_Driver/Src/stm32f4xx_hal_rcc.c ****       /* Check the HSE ready flag */
 651:Drivers/STM32F4xx_HAL_Driver/Src/stm32f4xx_hal_rcc.c ****       if (__HAL_RCC_GET_FLAG(RCC_FLAG_HSERDY) == RESET)
 652:Drivers/STM32F4xx_HAL_Driver/Src/stm32f4xx_hal_rcc.c ****       {
 653:Drivers/STM32F4xx_HAL_Driver/Src/stm32f4xx_hal_rcc.c ****         return HAL_ERROR;
 654:Drivers/STM32F4xx_HAL_Driver/Src/stm32f4xx_hal_rcc.c ****       }
 655:Drivers/STM32F4xx_HAL_Driver/Src/stm32f4xx_hal_rcc.c ****     }
 656:Drivers/STM32F4xx_HAL_Driver/Src/stm32f4xx_hal_rcc.c ****     /* PLL is selected as System Clock Source */
 657:Drivers/STM32F4xx_HAL_Driver/Src/stm32f4xx_hal_rcc.c ****     else if ((RCC_ClkInitStruct->SYSCLKSource == RCC_SYSCLKSOURCE_PLLCLK)   ||
 658:Drivers/STM32F4xx_HAL_Driver/Src/stm32f4xx_hal_rcc.c ****              (RCC_ClkInitStruct->SYSCLKSource == RCC_SYSCLKSOURCE_PLLRCLK))
ARM GAS  C:\Users\Ebrahim\AppData\Local\Temp\ccIRI20i.s 			page 31


 659:Drivers/STM32F4xx_HAL_Driver/Src/stm32f4xx_hal_rcc.c ****     {
 660:Drivers/STM32F4xx_HAL_Driver/Src/stm32f4xx_hal_rcc.c ****       /* Check the PLL ready flag */
 661:Drivers/STM32F4xx_HAL_Driver/Src/stm32f4xx_hal_rcc.c ****       if (__HAL_RCC_GET_FLAG(RCC_FLAG_PLLRDY) == RESET)
 662:Drivers/STM32F4xx_HAL_Driver/Src/stm32f4xx_hal_rcc.c ****       {
 663:Drivers/STM32F4xx_HAL_Driver/Src/stm32f4xx_hal_rcc.c ****         return HAL_ERROR;
 664:Drivers/STM32F4xx_HAL_Driver/Src/stm32f4xx_hal_rcc.c ****       }
 665:Drivers/STM32F4xx_HAL_Driver/Src/stm32f4xx_hal_rcc.c ****     }
 666:Drivers/STM32F4xx_HAL_Driver/Src/stm32f4xx_hal_rcc.c ****     /* HSI is selected as System Clock Source */
 667:Drivers/STM32F4xx_HAL_Driver/Src/stm32f4xx_hal_rcc.c ****     else
 668:Drivers/STM32F4xx_HAL_Driver/Src/stm32f4xx_hal_rcc.c ****     {
 669:Drivers/STM32F4xx_HAL_Driver/Src/stm32f4xx_hal_rcc.c ****       /* Check the HSI ready flag */
 670:Drivers/STM32F4xx_HAL_Driver/Src/stm32f4xx_hal_rcc.c ****       if (__HAL_RCC_GET_FLAG(RCC_FLAG_HSIRDY) == RESET)
 671:Drivers/STM32F4xx_HAL_Driver/Src/stm32f4xx_hal_rcc.c ****       {
 672:Drivers/STM32F4xx_HAL_Driver/Src/stm32f4xx_hal_rcc.c ****         return HAL_ERROR;
 673:Drivers/STM32F4xx_HAL_Driver/Src/stm32f4xx_hal_rcc.c ****       }
 674:Drivers/STM32F4xx_HAL_Driver/Src/stm32f4xx_hal_rcc.c ****     }
 675:Drivers/STM32F4xx_HAL_Driver/Src/stm32f4xx_hal_rcc.c **** 
 676:Drivers/STM32F4xx_HAL_Driver/Src/stm32f4xx_hal_rcc.c ****     __HAL_RCC_SYSCLK_CONFIG(RCC_ClkInitStruct->SYSCLKSource);
 677:Drivers/STM32F4xx_HAL_Driver/Src/stm32f4xx_hal_rcc.c **** 
 678:Drivers/STM32F4xx_HAL_Driver/Src/stm32f4xx_hal_rcc.c ****     /* Get Start Tick */
 679:Drivers/STM32F4xx_HAL_Driver/Src/stm32f4xx_hal_rcc.c ****     tickstart = HAL_GetTick();
 680:Drivers/STM32F4xx_HAL_Driver/Src/stm32f4xx_hal_rcc.c **** 
 681:Drivers/STM32F4xx_HAL_Driver/Src/stm32f4xx_hal_rcc.c ****     while (__HAL_RCC_GET_SYSCLK_SOURCE() != (RCC_ClkInitStruct->SYSCLKSource << RCC_CFGR_SWS_Pos))
 682:Drivers/STM32F4xx_HAL_Driver/Src/stm32f4xx_hal_rcc.c ****     {
 683:Drivers/STM32F4xx_HAL_Driver/Src/stm32f4xx_hal_rcc.c ****       if ((HAL_GetTick() - tickstart) > CLOCKSWITCH_TIMEOUT_VALUE)
 684:Drivers/STM32F4xx_HAL_Driver/Src/stm32f4xx_hal_rcc.c ****       {
 685:Drivers/STM32F4xx_HAL_Driver/Src/stm32f4xx_hal_rcc.c ****         return HAL_TIMEOUT;
 686:Drivers/STM32F4xx_HAL_Driver/Src/stm32f4xx_hal_rcc.c ****       }
 687:Drivers/STM32F4xx_HAL_Driver/Src/stm32f4xx_hal_rcc.c ****     }
 688:Drivers/STM32F4xx_HAL_Driver/Src/stm32f4xx_hal_rcc.c ****   }
 689:Drivers/STM32F4xx_HAL_Driver/Src/stm32f4xx_hal_rcc.c **** 
 690:Drivers/STM32F4xx_HAL_Driver/Src/stm32f4xx_hal_rcc.c ****   /* Decreasing the number of wait states because of lower CPU frequency */
 691:Drivers/STM32F4xx_HAL_Driver/Src/stm32f4xx_hal_rcc.c ****   if (FLatency < __HAL_FLASH_GET_LATENCY())
 692:Drivers/STM32F4xx_HAL_Driver/Src/stm32f4xx_hal_rcc.c ****   {
 693:Drivers/STM32F4xx_HAL_Driver/Src/stm32f4xx_hal_rcc.c ****     /* Program the new number of wait states to the LATENCY bits in the FLASH_ACR register */
 694:Drivers/STM32F4xx_HAL_Driver/Src/stm32f4xx_hal_rcc.c ****     __HAL_FLASH_SET_LATENCY(FLatency);
 695:Drivers/STM32F4xx_HAL_Driver/Src/stm32f4xx_hal_rcc.c **** 
 696:Drivers/STM32F4xx_HAL_Driver/Src/stm32f4xx_hal_rcc.c ****     /* Check that the new number of wait states is taken into account to access the Flash
 697:Drivers/STM32F4xx_HAL_Driver/Src/stm32f4xx_hal_rcc.c ****     memory by reading the FLASH_ACR register */
 698:Drivers/STM32F4xx_HAL_Driver/Src/stm32f4xx_hal_rcc.c ****     if (__HAL_FLASH_GET_LATENCY() != FLatency)
 699:Drivers/STM32F4xx_HAL_Driver/Src/stm32f4xx_hal_rcc.c ****     {
 700:Drivers/STM32F4xx_HAL_Driver/Src/stm32f4xx_hal_rcc.c ****       return HAL_ERROR;
 701:Drivers/STM32F4xx_HAL_Driver/Src/stm32f4xx_hal_rcc.c ****     }
 702:Drivers/STM32F4xx_HAL_Driver/Src/stm32f4xx_hal_rcc.c ****   }
 703:Drivers/STM32F4xx_HAL_Driver/Src/stm32f4xx_hal_rcc.c **** 
 704:Drivers/STM32F4xx_HAL_Driver/Src/stm32f4xx_hal_rcc.c ****   /*-------------------------- PCLK1 Configuration ---------------------------*/
 705:Drivers/STM32F4xx_HAL_Driver/Src/stm32f4xx_hal_rcc.c ****   if (((RCC_ClkInitStruct->ClockType) & RCC_CLOCKTYPE_PCLK1) == RCC_CLOCKTYPE_PCLK1)
 706:Drivers/STM32F4xx_HAL_Driver/Src/stm32f4xx_hal_rcc.c ****   {
 707:Drivers/STM32F4xx_HAL_Driver/Src/stm32f4xx_hal_rcc.c ****     assert_param(IS_RCC_PCLK(RCC_ClkInitStruct->APB1CLKDivider));
 708:Drivers/STM32F4xx_HAL_Driver/Src/stm32f4xx_hal_rcc.c ****     MODIFY_REG(RCC->CFGR, RCC_CFGR_PPRE1, RCC_ClkInitStruct->APB1CLKDivider);
 709:Drivers/STM32F4xx_HAL_Driver/Src/stm32f4xx_hal_rcc.c ****   }
 710:Drivers/STM32F4xx_HAL_Driver/Src/stm32f4xx_hal_rcc.c **** 
 711:Drivers/STM32F4xx_HAL_Driver/Src/stm32f4xx_hal_rcc.c ****   /*-------------------------- PCLK2 Configuration ---------------------------*/
 712:Drivers/STM32F4xx_HAL_Driver/Src/stm32f4xx_hal_rcc.c ****   if (((RCC_ClkInitStruct->ClockType) & RCC_CLOCKTYPE_PCLK2) == RCC_CLOCKTYPE_PCLK2)
 713:Drivers/STM32F4xx_HAL_Driver/Src/stm32f4xx_hal_rcc.c ****   {
 714:Drivers/STM32F4xx_HAL_Driver/Src/stm32f4xx_hal_rcc.c ****     assert_param(IS_RCC_PCLK(RCC_ClkInitStruct->APB2CLKDivider));
 715:Drivers/STM32F4xx_HAL_Driver/Src/stm32f4xx_hal_rcc.c ****     MODIFY_REG(RCC->CFGR, RCC_CFGR_PPRE2, ((RCC_ClkInitStruct->APB2CLKDivider) << 3U));
ARM GAS  C:\Users\Ebrahim\AppData\Local\Temp\ccIRI20i.s 			page 32


 716:Drivers/STM32F4xx_HAL_Driver/Src/stm32f4xx_hal_rcc.c ****   }
 717:Drivers/STM32F4xx_HAL_Driver/Src/stm32f4xx_hal_rcc.c **** 
 718:Drivers/STM32F4xx_HAL_Driver/Src/stm32f4xx_hal_rcc.c ****   /* Update the SystemCoreClock global variable */
 719:Drivers/STM32F4xx_HAL_Driver/Src/stm32f4xx_hal_rcc.c ****   SystemCoreClock = HAL_RCC_GetSysClockFreq() >> AHBPrescTable[(RCC->CFGR & RCC_CFGR_HPRE) >> RCC_C
 720:Drivers/STM32F4xx_HAL_Driver/Src/stm32f4xx_hal_rcc.c **** 
 721:Drivers/STM32F4xx_HAL_Driver/Src/stm32f4xx_hal_rcc.c ****   /* Configure the source of time base considering new system clocks settings */
 722:Drivers/STM32F4xx_HAL_Driver/Src/stm32f4xx_hal_rcc.c ****   HAL_InitTick(uwTickPrio);
 723:Drivers/STM32F4xx_HAL_Driver/Src/stm32f4xx_hal_rcc.c **** 
 724:Drivers/STM32F4xx_HAL_Driver/Src/stm32f4xx_hal_rcc.c ****   return HAL_OK;
 725:Drivers/STM32F4xx_HAL_Driver/Src/stm32f4xx_hal_rcc.c **** }
 726:Drivers/STM32F4xx_HAL_Driver/Src/stm32f4xx_hal_rcc.c **** 
 727:Drivers/STM32F4xx_HAL_Driver/Src/stm32f4xx_hal_rcc.c **** /**
 728:Drivers/STM32F4xx_HAL_Driver/Src/stm32f4xx_hal_rcc.c ****   * @}
 729:Drivers/STM32F4xx_HAL_Driver/Src/stm32f4xx_hal_rcc.c ****   */
 730:Drivers/STM32F4xx_HAL_Driver/Src/stm32f4xx_hal_rcc.c **** 
 731:Drivers/STM32F4xx_HAL_Driver/Src/stm32f4xx_hal_rcc.c **** /** @defgroup RCC_Exported_Functions_Group2 Peripheral Control functions
 732:Drivers/STM32F4xx_HAL_Driver/Src/stm32f4xx_hal_rcc.c ****   *  @brief   RCC clocks control functions
 733:Drivers/STM32F4xx_HAL_Driver/Src/stm32f4xx_hal_rcc.c ****   *
 734:Drivers/STM32F4xx_HAL_Driver/Src/stm32f4xx_hal_rcc.c **** @verbatim
 735:Drivers/STM32F4xx_HAL_Driver/Src/stm32f4xx_hal_rcc.c ****  ===============================================================================
 736:Drivers/STM32F4xx_HAL_Driver/Src/stm32f4xx_hal_rcc.c ****                       ##### Peripheral Control functions #####
 737:Drivers/STM32F4xx_HAL_Driver/Src/stm32f4xx_hal_rcc.c ****  ===============================================================================
 738:Drivers/STM32F4xx_HAL_Driver/Src/stm32f4xx_hal_rcc.c ****     [..]
 739:Drivers/STM32F4xx_HAL_Driver/Src/stm32f4xx_hal_rcc.c ****     This subsection provides a set of functions allowing to control the RCC Clocks
 740:Drivers/STM32F4xx_HAL_Driver/Src/stm32f4xx_hal_rcc.c ****     frequencies.
 741:Drivers/STM32F4xx_HAL_Driver/Src/stm32f4xx_hal_rcc.c **** 
 742:Drivers/STM32F4xx_HAL_Driver/Src/stm32f4xx_hal_rcc.c **** @endverbatim
 743:Drivers/STM32F4xx_HAL_Driver/Src/stm32f4xx_hal_rcc.c ****   * @{
 744:Drivers/STM32F4xx_HAL_Driver/Src/stm32f4xx_hal_rcc.c ****   */
 745:Drivers/STM32F4xx_HAL_Driver/Src/stm32f4xx_hal_rcc.c **** 
 746:Drivers/STM32F4xx_HAL_Driver/Src/stm32f4xx_hal_rcc.c **** /**
 747:Drivers/STM32F4xx_HAL_Driver/Src/stm32f4xx_hal_rcc.c ****   * @brief  Selects the clock source to output on MCO1 pin(PA8) or on MCO2 pin(PC9).
 748:Drivers/STM32F4xx_HAL_Driver/Src/stm32f4xx_hal_rcc.c ****   * @note   PA8/PC9 should be configured in alternate function mode.
 749:Drivers/STM32F4xx_HAL_Driver/Src/stm32f4xx_hal_rcc.c ****   * @param  RCC_MCOx specifies the output direction for the clock source.
 750:Drivers/STM32F4xx_HAL_Driver/Src/stm32f4xx_hal_rcc.c ****   *          This parameter can be one of the following values:
 751:Drivers/STM32F4xx_HAL_Driver/Src/stm32f4xx_hal_rcc.c ****   *            @arg RCC_MCO1: Clock source to output on MCO1 pin(PA8).
 752:Drivers/STM32F4xx_HAL_Driver/Src/stm32f4xx_hal_rcc.c ****   *            @arg RCC_MCO2: Clock source to output on MCO2 pin(PC9).
 753:Drivers/STM32F4xx_HAL_Driver/Src/stm32f4xx_hal_rcc.c ****   * @param  RCC_MCOSource specifies the clock source to output.
 754:Drivers/STM32F4xx_HAL_Driver/Src/stm32f4xx_hal_rcc.c ****   *          This parameter can be one of the following values:
 755:Drivers/STM32F4xx_HAL_Driver/Src/stm32f4xx_hal_rcc.c ****   *            @arg RCC_MCO1SOURCE_HSI: HSI clock selected as MCO1 source
 756:Drivers/STM32F4xx_HAL_Driver/Src/stm32f4xx_hal_rcc.c ****   *            @arg RCC_MCO1SOURCE_LSE: LSE clock selected as MCO1 source
 757:Drivers/STM32F4xx_HAL_Driver/Src/stm32f4xx_hal_rcc.c ****   *            @arg RCC_MCO1SOURCE_HSE: HSE clock selected as MCO1 source
 758:Drivers/STM32F4xx_HAL_Driver/Src/stm32f4xx_hal_rcc.c ****   *            @arg RCC_MCO1SOURCE_PLLCLK: main PLL clock selected as MCO1 source
 759:Drivers/STM32F4xx_HAL_Driver/Src/stm32f4xx_hal_rcc.c ****   *            @arg RCC_MCO2SOURCE_SYSCLK: System clock (SYSCLK) selected as MCO2 source
 760:Drivers/STM32F4xx_HAL_Driver/Src/stm32f4xx_hal_rcc.c ****   *            @arg RCC_MCO2SOURCE_PLLI2SCLK: PLLI2S clock selected as MCO2 source, available for a
 761:Drivers/STM32F4xx_HAL_Driver/Src/stm32f4xx_hal_rcc.c ****   *            @arg RCC_MCO2SOURCE_I2SCLK: I2SCLK clock selected as MCO2 source, available only for
 762:Drivers/STM32F4xx_HAL_Driver/Src/stm32f4xx_hal_rcc.c ****   *            @arg RCC_MCO2SOURCE_HSE: HSE clock selected as MCO2 source
 763:Drivers/STM32F4xx_HAL_Driver/Src/stm32f4xx_hal_rcc.c ****   *            @arg RCC_MCO2SOURCE_PLLCLK: main PLL clock selected as MCO2 source
 764:Drivers/STM32F4xx_HAL_Driver/Src/stm32f4xx_hal_rcc.c ****   * @param  RCC_MCODiv specifies the MCOx prescaler.
 765:Drivers/STM32F4xx_HAL_Driver/Src/stm32f4xx_hal_rcc.c ****   *          This parameter can be one of the following values:
 766:Drivers/STM32F4xx_HAL_Driver/Src/stm32f4xx_hal_rcc.c ****   *            @arg RCC_MCODIV_1: no division applied to MCOx clock
 767:Drivers/STM32F4xx_HAL_Driver/Src/stm32f4xx_hal_rcc.c ****   *            @arg RCC_MCODIV_2: division by 2 applied to MCOx clock
 768:Drivers/STM32F4xx_HAL_Driver/Src/stm32f4xx_hal_rcc.c ****   *            @arg RCC_MCODIV_3: division by 3 applied to MCOx clock
 769:Drivers/STM32F4xx_HAL_Driver/Src/stm32f4xx_hal_rcc.c ****   *            @arg RCC_MCODIV_4: division by 4 applied to MCOx clock
 770:Drivers/STM32F4xx_HAL_Driver/Src/stm32f4xx_hal_rcc.c ****   *            @arg RCC_MCODIV_5: division by 5 applied to MCOx clock
 771:Drivers/STM32F4xx_HAL_Driver/Src/stm32f4xx_hal_rcc.c ****   * @note  For STM32F410Rx devices to output I2SCLK clock on MCO2 you should have
 772:Drivers/STM32F4xx_HAL_Driver/Src/stm32f4xx_hal_rcc.c ****   *        at last one of the SPI clocks enabled (SPI1, SPI2 or SPI5).
ARM GAS  C:\Users\Ebrahim\AppData\Local\Temp\ccIRI20i.s 			page 33


 773:Drivers/STM32F4xx_HAL_Driver/Src/stm32f4xx_hal_rcc.c ****   * @retval None
 774:Drivers/STM32F4xx_HAL_Driver/Src/stm32f4xx_hal_rcc.c ****   */
 775:Drivers/STM32F4xx_HAL_Driver/Src/stm32f4xx_hal_rcc.c **** void HAL_RCC_MCOConfig(uint32_t RCC_MCOx, uint32_t RCC_MCOSource, uint32_t RCC_MCODiv)
 776:Drivers/STM32F4xx_HAL_Driver/Src/stm32f4xx_hal_rcc.c **** {
 934              		.loc 1 776 1 is_stmt 1 view -0
 935              		.cfi_startproc
 936              		@ args = 0, pretend = 0, frame = 32
 937              		@ frame_needed = 0, uses_anonymous_args = 0
 938              		.loc 1 776 1 is_stmt 0 view .LVU297
 939 0000 70B5     		push	{r4, r5, r6, lr}
 940              	.LCFI6:
 941              		.cfi_def_cfa_offset 16
 942              		.cfi_offset 4, -16
 943              		.cfi_offset 5, -12
 944              		.cfi_offset 6, -8
 945              		.cfi_offset 14, -4
 946 0002 88B0     		sub	sp, sp, #32
 947              	.LCFI7:
 948              		.cfi_def_cfa_offset 48
 949 0004 0C46     		mov	r4, r1
 950 0006 1546     		mov	r5, r2
 777:Drivers/STM32F4xx_HAL_Driver/Src/stm32f4xx_hal_rcc.c ****   GPIO_InitTypeDef GPIO_InitStruct;
 951              		.loc 1 777 3 is_stmt 1 view .LVU298
 778:Drivers/STM32F4xx_HAL_Driver/Src/stm32f4xx_hal_rcc.c ****   /* Check the parameters */
 779:Drivers/STM32F4xx_HAL_Driver/Src/stm32f4xx_hal_rcc.c ****   assert_param(IS_RCC_MCO(RCC_MCOx));
 952              		.loc 1 779 3 view .LVU299
 780:Drivers/STM32F4xx_HAL_Driver/Src/stm32f4xx_hal_rcc.c ****   assert_param(IS_RCC_MCODIV(RCC_MCODiv));
 953              		.loc 1 780 3 view .LVU300
 781:Drivers/STM32F4xx_HAL_Driver/Src/stm32f4xx_hal_rcc.c ****   /* RCC_MCO1 */
 782:Drivers/STM32F4xx_HAL_Driver/Src/stm32f4xx_hal_rcc.c ****   if (RCC_MCOx == RCC_MCO1)
 954              		.loc 1 782 3 view .LVU301
 955              		.loc 1 782 6 is_stmt 0 view .LVU302
 956 0008 00BB     		cbnz	r0, .L99
 783:Drivers/STM32F4xx_HAL_Driver/Src/stm32f4xx_hal_rcc.c ****   {
 784:Drivers/STM32F4xx_HAL_Driver/Src/stm32f4xx_hal_rcc.c ****     assert_param(IS_RCC_MCO1SOURCE(RCC_MCOSource));
 957              		.loc 1 784 5 is_stmt 1 view .LVU303
 785:Drivers/STM32F4xx_HAL_Driver/Src/stm32f4xx_hal_rcc.c **** 
 786:Drivers/STM32F4xx_HAL_Driver/Src/stm32f4xx_hal_rcc.c ****     /* MCO1 Clock Enable */
 787:Drivers/STM32F4xx_HAL_Driver/Src/stm32f4xx_hal_rcc.c ****     __MCO1_CLK_ENABLE();
 958              		.loc 1 787 5 view .LVU304
 959              	.LBB5:
 960              		.loc 1 787 5 view .LVU305
 961 000a 0023     		movs	r3, #0
 962 000c 0193     		str	r3, [sp, #4]
 963              		.loc 1 787 5 view .LVU306
 964 000e 204E     		ldr	r6, .L102
 965 0010 326B     		ldr	r2, [r6, #48]
 966              	.LVL65:
 967              		.loc 1 787 5 is_stmt 0 view .LVU307
 968 0012 42F00102 		orr	r2, r2, #1
 969 0016 3263     		str	r2, [r6, #48]
 970              		.loc 1 787 5 is_stmt 1 view .LVU308
 971 0018 326B     		ldr	r2, [r6, #48]
 972 001a 02F00102 		and	r2, r2, #1
 973 001e 0192     		str	r2, [sp, #4]
 974              		.loc 1 787 5 view .LVU309
 975 0020 019A     		ldr	r2, [sp, #4]
ARM GAS  C:\Users\Ebrahim\AppData\Local\Temp\ccIRI20i.s 			page 34


 976              	.LBE5:
 977              		.loc 1 787 5 view .LVU310
 788:Drivers/STM32F4xx_HAL_Driver/Src/stm32f4xx_hal_rcc.c **** 
 789:Drivers/STM32F4xx_HAL_Driver/Src/stm32f4xx_hal_rcc.c ****     /* Configure the MCO1 pin in alternate function mode */
 790:Drivers/STM32F4xx_HAL_Driver/Src/stm32f4xx_hal_rcc.c ****     GPIO_InitStruct.Pin = MCO1_PIN;
 978              		.loc 1 790 5 view .LVU311
 979              		.loc 1 790 25 is_stmt 0 view .LVU312
 980 0022 4FF48072 		mov	r2, #256
 981 0026 0392     		str	r2, [sp, #12]
 791:Drivers/STM32F4xx_HAL_Driver/Src/stm32f4xx_hal_rcc.c ****     GPIO_InitStruct.Mode = GPIO_MODE_AF_PP;
 982              		.loc 1 791 5 is_stmt 1 view .LVU313
 983              		.loc 1 791 26 is_stmt 0 view .LVU314
 984 0028 0222     		movs	r2, #2
 985 002a 0492     		str	r2, [sp, #16]
 792:Drivers/STM32F4xx_HAL_Driver/Src/stm32f4xx_hal_rcc.c ****     GPIO_InitStruct.Speed = GPIO_SPEED_FREQ_VERY_HIGH;
 986              		.loc 1 792 5 is_stmt 1 view .LVU315
 987              		.loc 1 792 27 is_stmt 0 view .LVU316
 988 002c 0322     		movs	r2, #3
 989 002e 0692     		str	r2, [sp, #24]
 793:Drivers/STM32F4xx_HAL_Driver/Src/stm32f4xx_hal_rcc.c ****     GPIO_InitStruct.Pull = GPIO_NOPULL;
 990              		.loc 1 793 5 is_stmt 1 view .LVU317
 991              		.loc 1 793 26 is_stmt 0 view .LVU318
 992 0030 0593     		str	r3, [sp, #20]
 794:Drivers/STM32F4xx_HAL_Driver/Src/stm32f4xx_hal_rcc.c ****     GPIO_InitStruct.Alternate = GPIO_AF0_MCO;
 993              		.loc 1 794 5 is_stmt 1 view .LVU319
 994              		.loc 1 794 31 is_stmt 0 view .LVU320
 995 0032 0793     		str	r3, [sp, #28]
 795:Drivers/STM32F4xx_HAL_Driver/Src/stm32f4xx_hal_rcc.c ****     HAL_GPIO_Init(MCO1_GPIO_PORT, &GPIO_InitStruct);
 996              		.loc 1 795 5 is_stmt 1 view .LVU321
 997 0034 03A9     		add	r1, sp, #12
 998              	.LVL66:
 999              		.loc 1 795 5 is_stmt 0 view .LVU322
 1000 0036 1748     		ldr	r0, .L102+4
 1001              	.LVL67:
 1002              		.loc 1 795 5 view .LVU323
 1003 0038 FFF7FEFF 		bl	HAL_GPIO_Init
 1004              	.LVL68:
 796:Drivers/STM32F4xx_HAL_Driver/Src/stm32f4xx_hal_rcc.c **** 
 797:Drivers/STM32F4xx_HAL_Driver/Src/stm32f4xx_hal_rcc.c ****     /* Mask MCO1 and MCO1PRE[2:0] bits then Select MCO1 clock source and prescaler */
 798:Drivers/STM32F4xx_HAL_Driver/Src/stm32f4xx_hal_rcc.c ****     MODIFY_REG(RCC->CFGR, (RCC_CFGR_MCO1 | RCC_CFGR_MCO1PRE), (RCC_MCOSource | RCC_MCODiv));
 1005              		.loc 1 798 5 is_stmt 1 view .LVU324
 1006 003c B368     		ldr	r3, [r6, #8]
 1007 003e 23F0EC63 		bic	r3, r3, #123731968
 1008 0042 2543     		orrs	r5, r5, r4
 1009              	.LVL69:
 1010              		.loc 1 798 5 is_stmt 0 view .LVU325
 1011 0044 1D43     		orrs	r5, r5, r3
 1012 0046 B560     		str	r5, [r6, #8]
 1013              	.LVL70:
 1014              	.L98:
 799:Drivers/STM32F4xx_HAL_Driver/Src/stm32f4xx_hal_rcc.c **** 
 800:Drivers/STM32F4xx_HAL_Driver/Src/stm32f4xx_hal_rcc.c ****     /* This RCC MCO1 enable feature is available only on STM32F410xx devices */
 801:Drivers/STM32F4xx_HAL_Driver/Src/stm32f4xx_hal_rcc.c **** #if defined(RCC_CFGR_MCO1EN)
 802:Drivers/STM32F4xx_HAL_Driver/Src/stm32f4xx_hal_rcc.c ****     __HAL_RCC_MCO1_ENABLE();
 803:Drivers/STM32F4xx_HAL_Driver/Src/stm32f4xx_hal_rcc.c **** #endif /* RCC_CFGR_MCO1EN */
 804:Drivers/STM32F4xx_HAL_Driver/Src/stm32f4xx_hal_rcc.c ****   }
 805:Drivers/STM32F4xx_HAL_Driver/Src/stm32f4xx_hal_rcc.c **** #if defined(RCC_CFGR_MCO2)
ARM GAS  C:\Users\Ebrahim\AppData\Local\Temp\ccIRI20i.s 			page 35


 806:Drivers/STM32F4xx_HAL_Driver/Src/stm32f4xx_hal_rcc.c ****   else
 807:Drivers/STM32F4xx_HAL_Driver/Src/stm32f4xx_hal_rcc.c ****   {
 808:Drivers/STM32F4xx_HAL_Driver/Src/stm32f4xx_hal_rcc.c ****     assert_param(IS_RCC_MCO2SOURCE(RCC_MCOSource));
 809:Drivers/STM32F4xx_HAL_Driver/Src/stm32f4xx_hal_rcc.c **** 
 810:Drivers/STM32F4xx_HAL_Driver/Src/stm32f4xx_hal_rcc.c ****     /* MCO2 Clock Enable */
 811:Drivers/STM32F4xx_HAL_Driver/Src/stm32f4xx_hal_rcc.c ****     __MCO2_CLK_ENABLE();
 812:Drivers/STM32F4xx_HAL_Driver/Src/stm32f4xx_hal_rcc.c **** 
 813:Drivers/STM32F4xx_HAL_Driver/Src/stm32f4xx_hal_rcc.c ****     /* Configure the MCO2 pin in alternate function mode */
 814:Drivers/STM32F4xx_HAL_Driver/Src/stm32f4xx_hal_rcc.c ****     GPIO_InitStruct.Pin = MCO2_PIN;
 815:Drivers/STM32F4xx_HAL_Driver/Src/stm32f4xx_hal_rcc.c ****     GPIO_InitStruct.Mode = GPIO_MODE_AF_PP;
 816:Drivers/STM32F4xx_HAL_Driver/Src/stm32f4xx_hal_rcc.c ****     GPIO_InitStruct.Speed = GPIO_SPEED_FREQ_VERY_HIGH;
 817:Drivers/STM32F4xx_HAL_Driver/Src/stm32f4xx_hal_rcc.c ****     GPIO_InitStruct.Pull = GPIO_NOPULL;
 818:Drivers/STM32F4xx_HAL_Driver/Src/stm32f4xx_hal_rcc.c ****     GPIO_InitStruct.Alternate = GPIO_AF0_MCO;
 819:Drivers/STM32F4xx_HAL_Driver/Src/stm32f4xx_hal_rcc.c ****     HAL_GPIO_Init(MCO2_GPIO_PORT, &GPIO_InitStruct);
 820:Drivers/STM32F4xx_HAL_Driver/Src/stm32f4xx_hal_rcc.c **** 
 821:Drivers/STM32F4xx_HAL_Driver/Src/stm32f4xx_hal_rcc.c ****     /* Mask MCO2 and MCO2PRE[2:0] bits then Select MCO2 clock source and prescaler */
 822:Drivers/STM32F4xx_HAL_Driver/Src/stm32f4xx_hal_rcc.c ****     MODIFY_REG(RCC->CFGR, (RCC_CFGR_MCO2 | RCC_CFGR_MCO2PRE), (RCC_MCOSource | (RCC_MCODiv << 3U)))
 823:Drivers/STM32F4xx_HAL_Driver/Src/stm32f4xx_hal_rcc.c **** 
 824:Drivers/STM32F4xx_HAL_Driver/Src/stm32f4xx_hal_rcc.c ****     /* This RCC MCO2 enable feature is available only on STM32F410Rx devices */
 825:Drivers/STM32F4xx_HAL_Driver/Src/stm32f4xx_hal_rcc.c **** #if defined(RCC_CFGR_MCO2EN)
 826:Drivers/STM32F4xx_HAL_Driver/Src/stm32f4xx_hal_rcc.c ****     __HAL_RCC_MCO2_ENABLE();
 827:Drivers/STM32F4xx_HAL_Driver/Src/stm32f4xx_hal_rcc.c **** #endif /* RCC_CFGR_MCO2EN */
 828:Drivers/STM32F4xx_HAL_Driver/Src/stm32f4xx_hal_rcc.c ****   }
 829:Drivers/STM32F4xx_HAL_Driver/Src/stm32f4xx_hal_rcc.c **** #endif /* RCC_CFGR_MCO2 */
 830:Drivers/STM32F4xx_HAL_Driver/Src/stm32f4xx_hal_rcc.c **** }
 1015              		.loc 1 830 1 view .LVU326
 1016 0048 08B0     		add	sp, sp, #32
 1017              	.LCFI8:
 1018              		.cfi_remember_state
 1019              		.cfi_def_cfa_offset 16
 1020              		@ sp needed
 1021 004a 70BD     		pop	{r4, r5, r6, pc}
 1022              	.LVL71:
 1023              	.L99:
 1024              	.LCFI9:
 1025              		.cfi_restore_state
 808:Drivers/STM32F4xx_HAL_Driver/Src/stm32f4xx_hal_rcc.c **** 
 1026              		.loc 1 808 5 is_stmt 1 view .LVU327
 811:Drivers/STM32F4xx_HAL_Driver/Src/stm32f4xx_hal_rcc.c **** 
 1027              		.loc 1 811 5 view .LVU328
 1028              	.LBB6:
 811:Drivers/STM32F4xx_HAL_Driver/Src/stm32f4xx_hal_rcc.c **** 
 1029              		.loc 1 811 5 view .LVU329
 1030 004c 0023     		movs	r3, #0
 1031 004e 0293     		str	r3, [sp, #8]
 811:Drivers/STM32F4xx_HAL_Driver/Src/stm32f4xx_hal_rcc.c **** 
 1032              		.loc 1 811 5 view .LVU330
 1033 0050 0F4E     		ldr	r6, .L102
 1034 0052 326B     		ldr	r2, [r6, #48]
 1035              	.LVL72:
 811:Drivers/STM32F4xx_HAL_Driver/Src/stm32f4xx_hal_rcc.c **** 
 1036              		.loc 1 811 5 is_stmt 0 view .LVU331
 1037 0054 42F00402 		orr	r2, r2, #4
 1038 0058 3263     		str	r2, [r6, #48]
 811:Drivers/STM32F4xx_HAL_Driver/Src/stm32f4xx_hal_rcc.c **** 
 1039              		.loc 1 811 5 is_stmt 1 view .LVU332
 1040 005a 326B     		ldr	r2, [r6, #48]
ARM GAS  C:\Users\Ebrahim\AppData\Local\Temp\ccIRI20i.s 			page 36


 1041 005c 02F00402 		and	r2, r2, #4
 1042 0060 0292     		str	r2, [sp, #8]
 811:Drivers/STM32F4xx_HAL_Driver/Src/stm32f4xx_hal_rcc.c **** 
 1043              		.loc 1 811 5 view .LVU333
 1044 0062 029A     		ldr	r2, [sp, #8]
 1045              	.LBE6:
 811:Drivers/STM32F4xx_HAL_Driver/Src/stm32f4xx_hal_rcc.c **** 
 1046              		.loc 1 811 5 view .LVU334
 814:Drivers/STM32F4xx_HAL_Driver/Src/stm32f4xx_hal_rcc.c ****     GPIO_InitStruct.Mode = GPIO_MODE_AF_PP;
 1047              		.loc 1 814 5 view .LVU335
 814:Drivers/STM32F4xx_HAL_Driver/Src/stm32f4xx_hal_rcc.c ****     GPIO_InitStruct.Mode = GPIO_MODE_AF_PP;
 1048              		.loc 1 814 25 is_stmt 0 view .LVU336
 1049 0064 4FF40072 		mov	r2, #512
 1050 0068 0392     		str	r2, [sp, #12]
 815:Drivers/STM32F4xx_HAL_Driver/Src/stm32f4xx_hal_rcc.c ****     GPIO_InitStruct.Speed = GPIO_SPEED_FREQ_VERY_HIGH;
 1051              		.loc 1 815 5 is_stmt 1 view .LVU337
 815:Drivers/STM32F4xx_HAL_Driver/Src/stm32f4xx_hal_rcc.c ****     GPIO_InitStruct.Speed = GPIO_SPEED_FREQ_VERY_HIGH;
 1052              		.loc 1 815 26 is_stmt 0 view .LVU338
 1053 006a 0222     		movs	r2, #2
 1054 006c 0492     		str	r2, [sp, #16]
 816:Drivers/STM32F4xx_HAL_Driver/Src/stm32f4xx_hal_rcc.c ****     GPIO_InitStruct.Pull = GPIO_NOPULL;
 1055              		.loc 1 816 5 is_stmt 1 view .LVU339
 816:Drivers/STM32F4xx_HAL_Driver/Src/stm32f4xx_hal_rcc.c ****     GPIO_InitStruct.Pull = GPIO_NOPULL;
 1056              		.loc 1 816 27 is_stmt 0 view .LVU340
 1057 006e 0322     		movs	r2, #3
 1058 0070 0692     		str	r2, [sp, #24]
 817:Drivers/STM32F4xx_HAL_Driver/Src/stm32f4xx_hal_rcc.c ****     GPIO_InitStruct.Alternate = GPIO_AF0_MCO;
 1059              		.loc 1 817 5 is_stmt 1 view .LVU341
 817:Drivers/STM32F4xx_HAL_Driver/Src/stm32f4xx_hal_rcc.c ****     GPIO_InitStruct.Alternate = GPIO_AF0_MCO;
 1060              		.loc 1 817 26 is_stmt 0 view .LVU342
 1061 0072 0593     		str	r3, [sp, #20]
 818:Drivers/STM32F4xx_HAL_Driver/Src/stm32f4xx_hal_rcc.c ****     HAL_GPIO_Init(MCO2_GPIO_PORT, &GPIO_InitStruct);
 1062              		.loc 1 818 5 is_stmt 1 view .LVU343
 818:Drivers/STM32F4xx_HAL_Driver/Src/stm32f4xx_hal_rcc.c ****     HAL_GPIO_Init(MCO2_GPIO_PORT, &GPIO_InitStruct);
 1063              		.loc 1 818 31 is_stmt 0 view .LVU344
 1064 0074 0793     		str	r3, [sp, #28]
 819:Drivers/STM32F4xx_HAL_Driver/Src/stm32f4xx_hal_rcc.c **** 
 1065              		.loc 1 819 5 is_stmt 1 view .LVU345
 1066 0076 03A9     		add	r1, sp, #12
 1067              	.LVL73:
 819:Drivers/STM32F4xx_HAL_Driver/Src/stm32f4xx_hal_rcc.c **** 
 1068              		.loc 1 819 5 is_stmt 0 view .LVU346
 1069 0078 0748     		ldr	r0, .L102+8
 1070              	.LVL74:
 819:Drivers/STM32F4xx_HAL_Driver/Src/stm32f4xx_hal_rcc.c **** 
 1071              		.loc 1 819 5 view .LVU347
 1072 007a FFF7FEFF 		bl	HAL_GPIO_Init
 1073              	.LVL75:
 822:Drivers/STM32F4xx_HAL_Driver/Src/stm32f4xx_hal_rcc.c **** 
 1074              		.loc 1 822 5 is_stmt 1 view .LVU348
 1075 007e B368     		ldr	r3, [r6, #8]
 1076 0080 23F07843 		bic	r3, r3, #-134217728
 1077 0084 44EAC504 		orr	r4, r4, r5, lsl #3
 1078              	.LVL76:
 822:Drivers/STM32F4xx_HAL_Driver/Src/stm32f4xx_hal_rcc.c **** 
 1079              		.loc 1 822 5 is_stmt 0 view .LVU349
 1080 0088 1C43     		orrs	r4, r4, r3
ARM GAS  C:\Users\Ebrahim\AppData\Local\Temp\ccIRI20i.s 			page 37


 1081 008a B460     		str	r4, [r6, #8]
 1082              		.loc 1 830 1 view .LVU350
 1083 008c DCE7     		b	.L98
 1084              	.L103:
 1085 008e 00BF     		.align	2
 1086              	.L102:
 1087 0090 00380240 		.word	1073887232
 1088 0094 00000240 		.word	1073872896
 1089 0098 00080240 		.word	1073874944
 1090              		.cfi_endproc
 1091              	.LFE137:
 1093              		.section	.text.HAL_RCC_EnableCSS,"ax",%progbits
 1094              		.align	1
 1095              		.global	HAL_RCC_EnableCSS
 1096              		.syntax unified
 1097              		.thumb
 1098              		.thumb_func
 1100              	HAL_RCC_EnableCSS:
 1101              	.LFB138:
 831:Drivers/STM32F4xx_HAL_Driver/Src/stm32f4xx_hal_rcc.c **** 
 832:Drivers/STM32F4xx_HAL_Driver/Src/stm32f4xx_hal_rcc.c **** /**
 833:Drivers/STM32F4xx_HAL_Driver/Src/stm32f4xx_hal_rcc.c ****   * @brief  Enables the Clock Security System.
 834:Drivers/STM32F4xx_HAL_Driver/Src/stm32f4xx_hal_rcc.c ****   * @note   If a failure is detected on the HSE oscillator clock, this oscillator
 835:Drivers/STM32F4xx_HAL_Driver/Src/stm32f4xx_hal_rcc.c ****   *         is automatically disabled and an interrupt is generated to inform the
 836:Drivers/STM32F4xx_HAL_Driver/Src/stm32f4xx_hal_rcc.c ****   *         software about the failure (Clock Security System Interrupt, CSSI),
 837:Drivers/STM32F4xx_HAL_Driver/Src/stm32f4xx_hal_rcc.c ****   *         allowing the MCU to perform rescue operations. The CSSI is linked to
 838:Drivers/STM32F4xx_HAL_Driver/Src/stm32f4xx_hal_rcc.c ****   *         the Cortex-M4 NMI (Non-Maskable Interrupt) exception vector.
 839:Drivers/STM32F4xx_HAL_Driver/Src/stm32f4xx_hal_rcc.c ****   * @retval None
 840:Drivers/STM32F4xx_HAL_Driver/Src/stm32f4xx_hal_rcc.c ****   */
 841:Drivers/STM32F4xx_HAL_Driver/Src/stm32f4xx_hal_rcc.c **** void HAL_RCC_EnableCSS(void)
 842:Drivers/STM32F4xx_HAL_Driver/Src/stm32f4xx_hal_rcc.c **** {
 1102              		.loc 1 842 1 is_stmt 1 view -0
 1103              		.cfi_startproc
 1104              		@ args = 0, pretend = 0, frame = 0
 1105              		@ frame_needed = 0, uses_anonymous_args = 0
 1106              		@ link register save eliminated.
 843:Drivers/STM32F4xx_HAL_Driver/Src/stm32f4xx_hal_rcc.c ****   *(__IO uint32_t *) RCC_CR_CSSON_BB = (uint32_t)ENABLE;
 1107              		.loc 1 843 3 view .LVU352
 1108              		.loc 1 843 38 is_stmt 0 view .LVU353
 1109 0000 014B     		ldr	r3, .L105
 1110 0002 0122     		movs	r2, #1
 1111 0004 DA64     		str	r2, [r3, #76]
 844:Drivers/STM32F4xx_HAL_Driver/Src/stm32f4xx_hal_rcc.c **** }
 1112              		.loc 1 844 1 view .LVU354
 1113 0006 7047     		bx	lr
 1114              	.L106:
 1115              		.align	2
 1116              	.L105:
 1117 0008 00004742 		.word	1111949312
 1118              		.cfi_endproc
 1119              	.LFE138:
 1121              		.section	.text.HAL_RCC_DisableCSS,"ax",%progbits
 1122              		.align	1
 1123              		.global	HAL_RCC_DisableCSS
 1124              		.syntax unified
 1125              		.thumb
 1126              		.thumb_func
ARM GAS  C:\Users\Ebrahim\AppData\Local\Temp\ccIRI20i.s 			page 38


 1128              	HAL_RCC_DisableCSS:
 1129              	.LFB139:
 845:Drivers/STM32F4xx_HAL_Driver/Src/stm32f4xx_hal_rcc.c **** 
 846:Drivers/STM32F4xx_HAL_Driver/Src/stm32f4xx_hal_rcc.c **** /**
 847:Drivers/STM32F4xx_HAL_Driver/Src/stm32f4xx_hal_rcc.c ****   * @brief  Disables the Clock Security System.
 848:Drivers/STM32F4xx_HAL_Driver/Src/stm32f4xx_hal_rcc.c ****   * @retval None
 849:Drivers/STM32F4xx_HAL_Driver/Src/stm32f4xx_hal_rcc.c ****   */
 850:Drivers/STM32F4xx_HAL_Driver/Src/stm32f4xx_hal_rcc.c **** void HAL_RCC_DisableCSS(void)
 851:Drivers/STM32F4xx_HAL_Driver/Src/stm32f4xx_hal_rcc.c **** {
 1130              		.loc 1 851 1 is_stmt 1 view -0
 1131              		.cfi_startproc
 1132              		@ args = 0, pretend = 0, frame = 0
 1133              		@ frame_needed = 0, uses_anonymous_args = 0
 1134              		@ link register save eliminated.
 852:Drivers/STM32F4xx_HAL_Driver/Src/stm32f4xx_hal_rcc.c ****   *(__IO uint32_t *) RCC_CR_CSSON_BB = (uint32_t)DISABLE;
 1135              		.loc 1 852 3 view .LVU356
 1136              		.loc 1 852 38 is_stmt 0 view .LVU357
 1137 0000 014B     		ldr	r3, .L108
 1138 0002 0022     		movs	r2, #0
 1139 0004 DA64     		str	r2, [r3, #76]
 853:Drivers/STM32F4xx_HAL_Driver/Src/stm32f4xx_hal_rcc.c **** }
 1140              		.loc 1 853 1 view .LVU358
 1141 0006 7047     		bx	lr
 1142              	.L109:
 1143              		.align	2
 1144              	.L108:
 1145 0008 00004742 		.word	1111949312
 1146              		.cfi_endproc
 1147              	.LFE139:
 1149              		.global	__aeabi_uldivmod
 1150              		.section	.text.HAL_RCC_GetSysClockFreq,"ax",%progbits
 1151              		.align	1
 1152              		.weak	HAL_RCC_GetSysClockFreq
 1153              		.syntax unified
 1154              		.thumb
 1155              		.thumb_func
 1157              	HAL_RCC_GetSysClockFreq:
 1158              	.LFB140:
 854:Drivers/STM32F4xx_HAL_Driver/Src/stm32f4xx_hal_rcc.c **** 
 855:Drivers/STM32F4xx_HAL_Driver/Src/stm32f4xx_hal_rcc.c **** /**
 856:Drivers/STM32F4xx_HAL_Driver/Src/stm32f4xx_hal_rcc.c ****   * @brief  Returns the SYSCLK frequency
 857:Drivers/STM32F4xx_HAL_Driver/Src/stm32f4xx_hal_rcc.c ****   *
 858:Drivers/STM32F4xx_HAL_Driver/Src/stm32f4xx_hal_rcc.c ****   * @note   The system frequency computed by this function is not the real
 859:Drivers/STM32F4xx_HAL_Driver/Src/stm32f4xx_hal_rcc.c ****   *         frequency in the chip. It is calculated based on the predefined
 860:Drivers/STM32F4xx_HAL_Driver/Src/stm32f4xx_hal_rcc.c ****   *         constant and the selected clock source:
 861:Drivers/STM32F4xx_HAL_Driver/Src/stm32f4xx_hal_rcc.c ****   * @note     If SYSCLK source is HSI, function returns values based on HSI_VALUE(*)
 862:Drivers/STM32F4xx_HAL_Driver/Src/stm32f4xx_hal_rcc.c ****   * @note     If SYSCLK source is HSE, function returns values based on HSE_VALUE(**)
 863:Drivers/STM32F4xx_HAL_Driver/Src/stm32f4xx_hal_rcc.c ****   * @note     If SYSCLK source is PLL, function returns values based on HSE_VALUE(**)
 864:Drivers/STM32F4xx_HAL_Driver/Src/stm32f4xx_hal_rcc.c ****   *           or HSI_VALUE(*) multiplied/divided by the PLL factors.
 865:Drivers/STM32F4xx_HAL_Driver/Src/stm32f4xx_hal_rcc.c ****   * @note     (*) HSI_VALUE is a constant defined in stm32f4xx_hal_conf.h file (default value
 866:Drivers/STM32F4xx_HAL_Driver/Src/stm32f4xx_hal_rcc.c ****   *               16 MHz) but the real value may vary depending on the variations
 867:Drivers/STM32F4xx_HAL_Driver/Src/stm32f4xx_hal_rcc.c ****   *               in voltage and temperature.
 868:Drivers/STM32F4xx_HAL_Driver/Src/stm32f4xx_hal_rcc.c ****   * @note     (**) HSE_VALUE is a constant defined in stm32f4xx_hal_conf.h file (default value
 869:Drivers/STM32F4xx_HAL_Driver/Src/stm32f4xx_hal_rcc.c ****   *                25 MHz), user has to ensure that HSE_VALUE is same as the real
 870:Drivers/STM32F4xx_HAL_Driver/Src/stm32f4xx_hal_rcc.c ****   *                frequency of the crystal used. Otherwise, this function may
 871:Drivers/STM32F4xx_HAL_Driver/Src/stm32f4xx_hal_rcc.c ****   *                have wrong result.
 872:Drivers/STM32F4xx_HAL_Driver/Src/stm32f4xx_hal_rcc.c ****   *
ARM GAS  C:\Users\Ebrahim\AppData\Local\Temp\ccIRI20i.s 			page 39


 873:Drivers/STM32F4xx_HAL_Driver/Src/stm32f4xx_hal_rcc.c ****   * @note   The result of this function could be not correct when using fractional
 874:Drivers/STM32F4xx_HAL_Driver/Src/stm32f4xx_hal_rcc.c ****   *         value for HSE crystal.
 875:Drivers/STM32F4xx_HAL_Driver/Src/stm32f4xx_hal_rcc.c ****   *
 876:Drivers/STM32F4xx_HAL_Driver/Src/stm32f4xx_hal_rcc.c ****   * @note   This function can be used by the user application to compute the
 877:Drivers/STM32F4xx_HAL_Driver/Src/stm32f4xx_hal_rcc.c ****   *         baudrate for the communication peripherals or configure other parameters.
 878:Drivers/STM32F4xx_HAL_Driver/Src/stm32f4xx_hal_rcc.c ****   *
 879:Drivers/STM32F4xx_HAL_Driver/Src/stm32f4xx_hal_rcc.c ****   * @note   Each time SYSCLK changes, this function must be called to update the
 880:Drivers/STM32F4xx_HAL_Driver/Src/stm32f4xx_hal_rcc.c ****   *         right SYSCLK value. Otherwise, any configuration based on this function will be incorre
 881:Drivers/STM32F4xx_HAL_Driver/Src/stm32f4xx_hal_rcc.c ****   *
 882:Drivers/STM32F4xx_HAL_Driver/Src/stm32f4xx_hal_rcc.c ****   *
 883:Drivers/STM32F4xx_HAL_Driver/Src/stm32f4xx_hal_rcc.c ****   * @retval SYSCLK frequency
 884:Drivers/STM32F4xx_HAL_Driver/Src/stm32f4xx_hal_rcc.c ****   */
 885:Drivers/STM32F4xx_HAL_Driver/Src/stm32f4xx_hal_rcc.c **** __weak uint32_t HAL_RCC_GetSysClockFreq(void)
 886:Drivers/STM32F4xx_HAL_Driver/Src/stm32f4xx_hal_rcc.c **** {
 1159              		.loc 1 886 1 is_stmt 1 view -0
 1160              		.cfi_startproc
 1161              		@ args = 0, pretend = 0, frame = 0
 1162              		@ frame_needed = 0, uses_anonymous_args = 0
 1163 0000 08B5     		push	{r3, lr}
 1164              	.LCFI10:
 1165              		.cfi_def_cfa_offset 8
 1166              		.cfi_offset 3, -8
 1167              		.cfi_offset 14, -4
 887:Drivers/STM32F4xx_HAL_Driver/Src/stm32f4xx_hal_rcc.c ****   uint32_t pllm = 0U;
 1168              		.loc 1 887 3 view .LVU360
 1169              	.LVL77:
 888:Drivers/STM32F4xx_HAL_Driver/Src/stm32f4xx_hal_rcc.c ****   uint32_t pllvco = 0U;
 1170              		.loc 1 888 3 view .LVU361
 889:Drivers/STM32F4xx_HAL_Driver/Src/stm32f4xx_hal_rcc.c ****   uint32_t pllp = 0U;
 1171              		.loc 1 889 3 view .LVU362
 890:Drivers/STM32F4xx_HAL_Driver/Src/stm32f4xx_hal_rcc.c ****   uint32_t sysclockfreq = 0U;
 1172              		.loc 1 890 3 view .LVU363
 891:Drivers/STM32F4xx_HAL_Driver/Src/stm32f4xx_hal_rcc.c **** 
 892:Drivers/STM32F4xx_HAL_Driver/Src/stm32f4xx_hal_rcc.c ****   /* Get SYSCLK source -------------------------------------------------------*/
 893:Drivers/STM32F4xx_HAL_Driver/Src/stm32f4xx_hal_rcc.c ****   switch (RCC->CFGR & RCC_CFGR_SWS)
 1173              		.loc 1 893 3 view .LVU364
 1174              		.loc 1 893 14 is_stmt 0 view .LVU365
 1175 0002 264B     		ldr	r3, .L117
 1176 0004 9B68     		ldr	r3, [r3, #8]
 1177              		.loc 1 893 21 view .LVU366
 1178 0006 03F00C03 		and	r3, r3, #12
 1179              		.loc 1 893 3 view .LVU367
 1180 000a 042B     		cmp	r3, #4
 1181 000c 41D0     		beq	.L114
 1182 000e 082B     		cmp	r3, #8
 1183 0010 41D1     		bne	.L115
 894:Drivers/STM32F4xx_HAL_Driver/Src/stm32f4xx_hal_rcc.c ****   {
 895:Drivers/STM32F4xx_HAL_Driver/Src/stm32f4xx_hal_rcc.c ****     case RCC_CFGR_SWS_HSI:  /* HSI used as system clock source */
 896:Drivers/STM32F4xx_HAL_Driver/Src/stm32f4xx_hal_rcc.c ****     {
 897:Drivers/STM32F4xx_HAL_Driver/Src/stm32f4xx_hal_rcc.c ****       sysclockfreq = HSI_VALUE;
 898:Drivers/STM32F4xx_HAL_Driver/Src/stm32f4xx_hal_rcc.c ****       break;
 899:Drivers/STM32F4xx_HAL_Driver/Src/stm32f4xx_hal_rcc.c ****     }
 900:Drivers/STM32F4xx_HAL_Driver/Src/stm32f4xx_hal_rcc.c ****     case RCC_CFGR_SWS_HSE:  /* HSE used as system clock  source */
 901:Drivers/STM32F4xx_HAL_Driver/Src/stm32f4xx_hal_rcc.c ****     {
 902:Drivers/STM32F4xx_HAL_Driver/Src/stm32f4xx_hal_rcc.c ****       sysclockfreq = HSE_VALUE;
 903:Drivers/STM32F4xx_HAL_Driver/Src/stm32f4xx_hal_rcc.c ****       break;
 904:Drivers/STM32F4xx_HAL_Driver/Src/stm32f4xx_hal_rcc.c ****     }
ARM GAS  C:\Users\Ebrahim\AppData\Local\Temp\ccIRI20i.s 			page 40


 905:Drivers/STM32F4xx_HAL_Driver/Src/stm32f4xx_hal_rcc.c ****     case RCC_CFGR_SWS_PLL:  /* PLL used as system clock  source */
 906:Drivers/STM32F4xx_HAL_Driver/Src/stm32f4xx_hal_rcc.c ****     {
 907:Drivers/STM32F4xx_HAL_Driver/Src/stm32f4xx_hal_rcc.c ****       /* PLL_VCO = (HSE_VALUE or HSI_VALUE / PLLM) * PLLN
 908:Drivers/STM32F4xx_HAL_Driver/Src/stm32f4xx_hal_rcc.c ****       SYSCLK = PLL_VCO / PLLP */
 909:Drivers/STM32F4xx_HAL_Driver/Src/stm32f4xx_hal_rcc.c ****       pllm = RCC->PLLCFGR & RCC_PLLCFGR_PLLM;
 1184              		.loc 1 909 7 is_stmt 1 view .LVU368
 1185              		.loc 1 909 17 is_stmt 0 view .LVU369
 1186 0012 224B     		ldr	r3, .L117
 1187 0014 5A68     		ldr	r2, [r3, #4]
 1188              		.loc 1 909 12 view .LVU370
 1189 0016 02F03F02 		and	r2, r2, #63
 1190              	.LVL78:
 910:Drivers/STM32F4xx_HAL_Driver/Src/stm32f4xx_hal_rcc.c ****       if (__HAL_RCC_GET_PLL_OSCSOURCE() != RCC_PLLSOURCE_HSI)
 1191              		.loc 1 910 7 is_stmt 1 view .LVU371
 1192              		.loc 1 910 11 is_stmt 0 view .LVU372
 1193 001a 5B68     		ldr	r3, [r3, #4]
 1194              		.loc 1 910 10 view .LVU373
 1195 001c 13F4800F 		tst	r3, #4194304
 1196 0020 12D0     		beq	.L112
 911:Drivers/STM32F4xx_HAL_Driver/Src/stm32f4xx_hal_rcc.c ****       {
 912:Drivers/STM32F4xx_HAL_Driver/Src/stm32f4xx_hal_rcc.c ****         /* HSE used as PLL clock source */
 913:Drivers/STM32F4xx_HAL_Driver/Src/stm32f4xx_hal_rcc.c ****         pllvco = (uint32_t)((((uint64_t) HSE_VALUE * ((uint64_t)((RCC->PLLCFGR & RCC_PLLCFGR_PLLN) 
 1197              		.loc 1 913 9 is_stmt 1 view .LVU374
 1198              		.loc 1 913 70 is_stmt 0 view .LVU375
 1199 0022 1E4B     		ldr	r3, .L117
 1200 0024 5968     		ldr	r1, [r3, #4]
 1201              		.loc 1 913 55 view .LVU376
 1202 0026 C1F38811 		ubfx	r1, r1, #6, #9
 1203              		.loc 1 913 52 view .LVU377
 1204 002a 1D48     		ldr	r0, .L117+4
 1205              		.loc 1 913 128 view .LVU378
 1206 002c 0023     		movs	r3, #0
 1207 002e A1FB0001 		umull	r0, r1, r1, r0
 1208 0032 FFF7FEFF 		bl	__aeabi_uldivmod
 1209              	.LVL79:
 1210              	.L113:
 914:Drivers/STM32F4xx_HAL_Driver/Src/stm32f4xx_hal_rcc.c ****       }
 915:Drivers/STM32F4xx_HAL_Driver/Src/stm32f4xx_hal_rcc.c ****       else
 916:Drivers/STM32F4xx_HAL_Driver/Src/stm32f4xx_hal_rcc.c ****       {
 917:Drivers/STM32F4xx_HAL_Driver/Src/stm32f4xx_hal_rcc.c ****         /* HSI used as PLL clock source */
 918:Drivers/STM32F4xx_HAL_Driver/Src/stm32f4xx_hal_rcc.c ****         pllvco = (uint32_t)((((uint64_t) HSI_VALUE * ((uint64_t)((RCC->PLLCFGR & RCC_PLLCFGR_PLLN) 
 919:Drivers/STM32F4xx_HAL_Driver/Src/stm32f4xx_hal_rcc.c ****       }
 920:Drivers/STM32F4xx_HAL_Driver/Src/stm32f4xx_hal_rcc.c ****       pllp = ((((RCC->PLLCFGR & RCC_PLLCFGR_PLLP) >> RCC_PLLCFGR_PLLP_Pos) + 1U) * 2U);
 1211              		.loc 1 920 7 is_stmt 1 view .LVU379
 1212              		.loc 1 920 21 is_stmt 0 view .LVU380
 1213 0036 194B     		ldr	r3, .L117
 1214 0038 5B68     		ldr	r3, [r3, #4]
 1215              		.loc 1 920 51 view .LVU381
 1216 003a C3F30143 		ubfx	r3, r3, #16, #2
 1217              		.loc 1 920 76 view .LVU382
 1218 003e 0133     		adds	r3, r3, #1
 1219              		.loc 1 920 12 view .LVU383
 1220 0040 5B00     		lsls	r3, r3, #1
 1221              	.LVL80:
 921:Drivers/STM32F4xx_HAL_Driver/Src/stm32f4xx_hal_rcc.c **** 
 922:Drivers/STM32F4xx_HAL_Driver/Src/stm32f4xx_hal_rcc.c ****       sysclockfreq = pllvco / pllp;
 1222              		.loc 1 922 7 is_stmt 1 view .LVU384
ARM GAS  C:\Users\Ebrahim\AppData\Local\Temp\ccIRI20i.s 			page 41


 1223              		.loc 1 922 20 is_stmt 0 view .LVU385
 1224 0042 B0FBF3F0 		udiv	r0, r0, r3
 1225              	.LVL81:
 923:Drivers/STM32F4xx_HAL_Driver/Src/stm32f4xx_hal_rcc.c ****       break;
 1226              		.loc 1 923 7 is_stmt 1 view .LVU386
 1227              	.L110:
 924:Drivers/STM32F4xx_HAL_Driver/Src/stm32f4xx_hal_rcc.c ****     }
 925:Drivers/STM32F4xx_HAL_Driver/Src/stm32f4xx_hal_rcc.c ****     default:
 926:Drivers/STM32F4xx_HAL_Driver/Src/stm32f4xx_hal_rcc.c ****     {
 927:Drivers/STM32F4xx_HAL_Driver/Src/stm32f4xx_hal_rcc.c ****       sysclockfreq = HSI_VALUE;
 928:Drivers/STM32F4xx_HAL_Driver/Src/stm32f4xx_hal_rcc.c ****       break;
 929:Drivers/STM32F4xx_HAL_Driver/Src/stm32f4xx_hal_rcc.c ****     }
 930:Drivers/STM32F4xx_HAL_Driver/Src/stm32f4xx_hal_rcc.c ****   }
 931:Drivers/STM32F4xx_HAL_Driver/Src/stm32f4xx_hal_rcc.c ****   return sysclockfreq;
 932:Drivers/STM32F4xx_HAL_Driver/Src/stm32f4xx_hal_rcc.c **** }
 1228              		.loc 1 932 1 is_stmt 0 view .LVU387
 1229 0046 08BD     		pop	{r3, pc}
 1230              	.LVL82:
 1231              	.L112:
 918:Drivers/STM32F4xx_HAL_Driver/Src/stm32f4xx_hal_rcc.c ****       }
 1232              		.loc 1 918 9 is_stmt 1 view .LVU388
 918:Drivers/STM32F4xx_HAL_Driver/Src/stm32f4xx_hal_rcc.c ****       }
 1233              		.loc 1 918 70 is_stmt 0 view .LVU389
 1234 0048 144B     		ldr	r3, .L117
 1235 004a 5868     		ldr	r0, [r3, #4]
 918:Drivers/STM32F4xx_HAL_Driver/Src/stm32f4xx_hal_rcc.c ****       }
 1236              		.loc 1 918 55 view .LVU390
 1237 004c C0F38810 		ubfx	r0, r0, #6, #9
 918:Drivers/STM32F4xx_HAL_Driver/Src/stm32f4xx_hal_rcc.c ****       }
 1238              		.loc 1 918 52 view .LVU391
 1239 0050 4FEA401C 		lsl	ip, r0, #5
 1240 0054 BCEB000C 		subs	ip, ip, r0
 1241 0058 6EEB0E0E 		sbc	lr, lr, lr
 1242 005c 4FEA8E13 		lsl	r3, lr, #6
 1243 0060 43EA9C63 		orr	r3, r3, ip, lsr #26
 1244 0064 4FEA8C11 		lsl	r1, ip, #6
 1245 0068 B1EB0C01 		subs	r1, r1, ip
 1246 006c 63EB0E03 		sbc	r3, r3, lr
 1247 0070 DB00     		lsls	r3, r3, #3
 1248 0072 43EA5173 		orr	r3, r3, r1, lsr #29
 1249 0076 C900     		lsls	r1, r1, #3
 1250 0078 11EB000C 		adds	ip, r1, r0
 1251 007c 43F10003 		adc	r3, r3, #0
 1252 0080 9902     		lsls	r1, r3, #10
 918:Drivers/STM32F4xx_HAL_Driver/Src/stm32f4xx_hal_rcc.c ****       }
 1253              		.loc 1 918 128 view .LVU392
 1254 0082 0023     		movs	r3, #0
 1255 0084 4FEA8C20 		lsl	r0, ip, #10
 1256 0088 41EA9C51 		orr	r1, r1, ip, lsr #22
 1257 008c FFF7FEFF 		bl	__aeabi_uldivmod
 1258              	.LVL83:
 918:Drivers/STM32F4xx_HAL_Driver/Src/stm32f4xx_hal_rcc.c ****       }
 1259              		.loc 1 918 128 view .LVU393
 1260 0090 D1E7     		b	.L113
 1261              	.LVL84:
 1262              	.L114:
 902:Drivers/STM32F4xx_HAL_Driver/Src/stm32f4xx_hal_rcc.c ****       break;
ARM GAS  C:\Users\Ebrahim\AppData\Local\Temp\ccIRI20i.s 			page 42


 1263              		.loc 1 902 20 view .LVU394
 1264 0092 0348     		ldr	r0, .L117+4
 1265 0094 D7E7     		b	.L110
 1266              	.L115:
 893:Drivers/STM32F4xx_HAL_Driver/Src/stm32f4xx_hal_rcc.c ****   {
 1267              		.loc 1 893 3 view .LVU395
 1268 0096 0348     		ldr	r0, .L117+8
 1269              	.LVL85:
 931:Drivers/STM32F4xx_HAL_Driver/Src/stm32f4xx_hal_rcc.c **** }
 1270              		.loc 1 931 3 is_stmt 1 view .LVU396
 931:Drivers/STM32F4xx_HAL_Driver/Src/stm32f4xx_hal_rcc.c **** }
 1271              		.loc 1 931 10 is_stmt 0 view .LVU397
 1272 0098 D5E7     		b	.L110
 1273              	.L118:
 1274 009a 00BF     		.align	2
 1275              	.L117:
 1276 009c 00380240 		.word	1073887232
 1277 00a0 40787D01 		.word	25000000
 1278 00a4 0024F400 		.word	16000000
 1279              		.cfi_endproc
 1280              	.LFE140:
 1282              		.section	.text.HAL_RCC_ClockConfig,"ax",%progbits
 1283              		.align	1
 1284              		.global	HAL_RCC_ClockConfig
 1285              		.syntax unified
 1286              		.thumb
 1287              		.thumb_func
 1289              	HAL_RCC_ClockConfig:
 1290              	.LVL86:
 1291              	.LFB136:
 592:Drivers/STM32F4xx_HAL_Driver/Src/stm32f4xx_hal_rcc.c ****   uint32_t tickstart;
 1292              		.loc 1 592 1 is_stmt 1 view -0
 1293              		.cfi_startproc
 1294              		@ args = 0, pretend = 0, frame = 0
 1295              		@ frame_needed = 0, uses_anonymous_args = 0
 593:Drivers/STM32F4xx_HAL_Driver/Src/stm32f4xx_hal_rcc.c **** 
 1296              		.loc 1 593 3 view .LVU399
 596:Drivers/STM32F4xx_HAL_Driver/Src/stm32f4xx_hal_rcc.c ****   {
 1297              		.loc 1 596 3 view .LVU400
 596:Drivers/STM32F4xx_HAL_Driver/Src/stm32f4xx_hal_rcc.c ****   {
 1298              		.loc 1 596 6 is_stmt 0 view .LVU401
 1299 0000 0028     		cmp	r0, #0
 1300 0002 00F09B80 		beq	.L134
 592:Drivers/STM32F4xx_HAL_Driver/Src/stm32f4xx_hal_rcc.c ****   uint32_t tickstart;
 1301              		.loc 1 592 1 view .LVU402
 1302 0006 70B5     		push	{r4, r5, r6, lr}
 1303              	.LCFI11:
 1304              		.cfi_def_cfa_offset 16
 1305              		.cfi_offset 4, -16
 1306              		.cfi_offset 5, -12
 1307              		.cfi_offset 6, -8
 1308              		.cfi_offset 14, -4
 1309 0008 0D46     		mov	r5, r1
 1310 000a 0446     		mov	r4, r0
 602:Drivers/STM32F4xx_HAL_Driver/Src/stm32f4xx_hal_rcc.c ****   assert_param(IS_FLASH_LATENCY(FLatency));
 1311              		.loc 1 602 3 is_stmt 1 view .LVU403
 603:Drivers/STM32F4xx_HAL_Driver/Src/stm32f4xx_hal_rcc.c **** 
ARM GAS  C:\Users\Ebrahim\AppData\Local\Temp\ccIRI20i.s 			page 43


 1312              		.loc 1 603 3 view .LVU404
 610:Drivers/STM32F4xx_HAL_Driver/Src/stm32f4xx_hal_rcc.c ****   {
 1313              		.loc 1 610 3 view .LVU405
 610:Drivers/STM32F4xx_HAL_Driver/Src/stm32f4xx_hal_rcc.c ****   {
 1314              		.loc 1 610 18 is_stmt 0 view .LVU406
 1315 000c 4F4B     		ldr	r3, .L147
 1316 000e 1B68     		ldr	r3, [r3]
 1317 0010 03F00F03 		and	r3, r3, #15
 610:Drivers/STM32F4xx_HAL_Driver/Src/stm32f4xx_hal_rcc.c ****   {
 1318              		.loc 1 610 6 view .LVU407
 1319 0014 8B42     		cmp	r3, r1
 1320 0016 08D2     		bcs	.L121
 613:Drivers/STM32F4xx_HAL_Driver/Src/stm32f4xx_hal_rcc.c **** 
 1321              		.loc 1 613 5 is_stmt 1 view .LVU408
 1322 0018 CBB2     		uxtb	r3, r1
 1323 001a 4C4A     		ldr	r2, .L147
 1324 001c 1370     		strb	r3, [r2]
 617:Drivers/STM32F4xx_HAL_Driver/Src/stm32f4xx_hal_rcc.c ****     {
 1325              		.loc 1 617 5 view .LVU409
 617:Drivers/STM32F4xx_HAL_Driver/Src/stm32f4xx_hal_rcc.c ****     {
 1326              		.loc 1 617 9 is_stmt 0 view .LVU410
 1327 001e 1368     		ldr	r3, [r2]
 1328 0020 03F00F03 		and	r3, r3, #15
 617:Drivers/STM32F4xx_HAL_Driver/Src/stm32f4xx_hal_rcc.c ****     {
 1329              		.loc 1 617 8 view .LVU411
 1330 0024 8B42     		cmp	r3, r1
 1331 0026 40F08B80 		bne	.L135
 1332              	.L121:
 624:Drivers/STM32F4xx_HAL_Driver/Src/stm32f4xx_hal_rcc.c ****   {
 1333              		.loc 1 624 3 is_stmt 1 view .LVU412
 624:Drivers/STM32F4xx_HAL_Driver/Src/stm32f4xx_hal_rcc.c ****   {
 1334              		.loc 1 624 26 is_stmt 0 view .LVU413
 1335 002a 2368     		ldr	r3, [r4]
 624:Drivers/STM32F4xx_HAL_Driver/Src/stm32f4xx_hal_rcc.c ****   {
 1336              		.loc 1 624 6 view .LVU414
 1337 002c 13F0020F 		tst	r3, #2
 1338 0030 17D0     		beq	.L122
 628:Drivers/STM32F4xx_HAL_Driver/Src/stm32f4xx_hal_rcc.c ****     {
 1339              		.loc 1 628 5 is_stmt 1 view .LVU415
 628:Drivers/STM32F4xx_HAL_Driver/Src/stm32f4xx_hal_rcc.c ****     {
 1340              		.loc 1 628 8 is_stmt 0 view .LVU416
 1341 0032 13F0040F 		tst	r3, #4
 1342 0036 04D0     		beq	.L123
 630:Drivers/STM32F4xx_HAL_Driver/Src/stm32f4xx_hal_rcc.c ****     }
 1343              		.loc 1 630 7 is_stmt 1 view .LVU417
 1344 0038 454A     		ldr	r2, .L147+4
 1345 003a 9368     		ldr	r3, [r2, #8]
 1346 003c 43F4E053 		orr	r3, r3, #7168
 1347 0040 9360     		str	r3, [r2, #8]
 1348              	.L123:
 633:Drivers/STM32F4xx_HAL_Driver/Src/stm32f4xx_hal_rcc.c ****     {
 1349              		.loc 1 633 5 view .LVU418
 633:Drivers/STM32F4xx_HAL_Driver/Src/stm32f4xx_hal_rcc.c ****     {
 1350              		.loc 1 633 28 is_stmt 0 view .LVU419
 1351 0042 2368     		ldr	r3, [r4]
 633:Drivers/STM32F4xx_HAL_Driver/Src/stm32f4xx_hal_rcc.c ****     {
 1352              		.loc 1 633 8 view .LVU420
ARM GAS  C:\Users\Ebrahim\AppData\Local\Temp\ccIRI20i.s 			page 44


 1353 0044 13F0080F 		tst	r3, #8
 1354 0048 04D0     		beq	.L124
 635:Drivers/STM32F4xx_HAL_Driver/Src/stm32f4xx_hal_rcc.c ****     }
 1355              		.loc 1 635 7 is_stmt 1 view .LVU421
 1356 004a 414A     		ldr	r2, .L147+4
 1357 004c 9368     		ldr	r3, [r2, #8]
 1358 004e 43F46043 		orr	r3, r3, #57344
 1359 0052 9360     		str	r3, [r2, #8]
 1360              	.L124:
 638:Drivers/STM32F4xx_HAL_Driver/Src/stm32f4xx_hal_rcc.c ****     MODIFY_REG(RCC->CFGR, RCC_CFGR_HPRE, RCC_ClkInitStruct->AHBCLKDivider);
 1361              		.loc 1 638 5 view .LVU422
 639:Drivers/STM32F4xx_HAL_Driver/Src/stm32f4xx_hal_rcc.c ****   }
 1362              		.loc 1 639 5 view .LVU423
 1363 0054 3E4A     		ldr	r2, .L147+4
 1364 0056 9368     		ldr	r3, [r2, #8]
 1365 0058 23F0F003 		bic	r3, r3, #240
 1366 005c A168     		ldr	r1, [r4, #8]
 1367              	.LVL87:
 639:Drivers/STM32F4xx_HAL_Driver/Src/stm32f4xx_hal_rcc.c ****   }
 1368              		.loc 1 639 5 is_stmt 0 view .LVU424
 1369 005e 0B43     		orrs	r3, r3, r1
 1370 0060 9360     		str	r3, [r2, #8]
 1371              	.L122:
 643:Drivers/STM32F4xx_HAL_Driver/Src/stm32f4xx_hal_rcc.c ****   {
 1372              		.loc 1 643 3 is_stmt 1 view .LVU425
 643:Drivers/STM32F4xx_HAL_Driver/Src/stm32f4xx_hal_rcc.c ****   {
 1373              		.loc 1 643 26 is_stmt 0 view .LVU426
 1374 0062 2368     		ldr	r3, [r4]
 643:Drivers/STM32F4xx_HAL_Driver/Src/stm32f4xx_hal_rcc.c ****   {
 1375              		.loc 1 643 6 view .LVU427
 1376 0064 13F0010F 		tst	r3, #1
 1377 0068 32D0     		beq	.L125
 645:Drivers/STM32F4xx_HAL_Driver/Src/stm32f4xx_hal_rcc.c **** 
 1378              		.loc 1 645 5 is_stmt 1 view .LVU428
 648:Drivers/STM32F4xx_HAL_Driver/Src/stm32f4xx_hal_rcc.c ****     {
 1379              		.loc 1 648 5 view .LVU429
 648:Drivers/STM32F4xx_HAL_Driver/Src/stm32f4xx_hal_rcc.c ****     {
 1380              		.loc 1 648 26 is_stmt 0 view .LVU430
 1381 006a 6368     		ldr	r3, [r4, #4]
 648:Drivers/STM32F4xx_HAL_Driver/Src/stm32f4xx_hal_rcc.c ****     {
 1382              		.loc 1 648 8 view .LVU431
 1383 006c 012B     		cmp	r3, #1
 1384 006e 21D0     		beq	.L145
 657:Drivers/STM32F4xx_HAL_Driver/Src/stm32f4xx_hal_rcc.c ****              (RCC_ClkInitStruct->SYSCLKSource == RCC_SYSCLKSOURCE_PLLRCLK))
 1385              		.loc 1 657 10 is_stmt 1 view .LVU432
 657:Drivers/STM32F4xx_HAL_Driver/Src/stm32f4xx_hal_rcc.c ****              (RCC_ClkInitStruct->SYSCLKSource == RCC_SYSCLKSOURCE_PLLRCLK))
 1386              		.loc 1 657 77 is_stmt 0 view .LVU433
 1387 0070 9A1E     		subs	r2, r3, #2
 657:Drivers/STM32F4xx_HAL_Driver/Src/stm32f4xx_hal_rcc.c ****              (RCC_ClkInitStruct->SYSCLKSource == RCC_SYSCLKSOURCE_PLLRCLK))
 1388              		.loc 1 657 13 view .LVU434
 1389 0072 012A     		cmp	r2, #1
 1390 0074 25D9     		bls	.L146
 670:Drivers/STM32F4xx_HAL_Driver/Src/stm32f4xx_hal_rcc.c ****       {
 1391              		.loc 1 670 7 is_stmt 1 view .LVU435
 670:Drivers/STM32F4xx_HAL_Driver/Src/stm32f4xx_hal_rcc.c ****       {
 1392              		.loc 1 670 11 is_stmt 0 view .LVU436
 1393 0076 364A     		ldr	r2, .L147+4
ARM GAS  C:\Users\Ebrahim\AppData\Local\Temp\ccIRI20i.s 			page 45


 1394 0078 1268     		ldr	r2, [r2]
 670:Drivers/STM32F4xx_HAL_Driver/Src/stm32f4xx_hal_rcc.c ****       {
 1395              		.loc 1 670 10 view .LVU437
 1396 007a 12F0020F 		tst	r2, #2
 1397 007e 61D0     		beq	.L138
 1398              	.L127:
 676:Drivers/STM32F4xx_HAL_Driver/Src/stm32f4xx_hal_rcc.c **** 
 1399              		.loc 1 676 5 is_stmt 1 view .LVU438
 1400 0080 3349     		ldr	r1, .L147+4
 1401 0082 8A68     		ldr	r2, [r1, #8]
 1402 0084 22F00302 		bic	r2, r2, #3
 1403 0088 1343     		orrs	r3, r3, r2
 1404 008a 8B60     		str	r3, [r1, #8]
 679:Drivers/STM32F4xx_HAL_Driver/Src/stm32f4xx_hal_rcc.c **** 
 1405              		.loc 1 679 5 view .LVU439
 679:Drivers/STM32F4xx_HAL_Driver/Src/stm32f4xx_hal_rcc.c **** 
 1406              		.loc 1 679 17 is_stmt 0 view .LVU440
 1407 008c FFF7FEFF 		bl	HAL_GetTick
 1408              	.LVL88:
 679:Drivers/STM32F4xx_HAL_Driver/Src/stm32f4xx_hal_rcc.c **** 
 1409              		.loc 1 679 17 view .LVU441
 1410 0090 0646     		mov	r6, r0
 1411              	.LVL89:
 681:Drivers/STM32F4xx_HAL_Driver/Src/stm32f4xx_hal_rcc.c ****     {
 1412              		.loc 1 681 5 is_stmt 1 view .LVU442
 1413              	.L129:
 681:Drivers/STM32F4xx_HAL_Driver/Src/stm32f4xx_hal_rcc.c ****     {
 1414              		.loc 1 681 42 view .LVU443
 681:Drivers/STM32F4xx_HAL_Driver/Src/stm32f4xx_hal_rcc.c ****     {
 1415              		.loc 1 681 12 is_stmt 0 view .LVU444
 1416 0092 2F4B     		ldr	r3, .L147+4
 1417 0094 9B68     		ldr	r3, [r3, #8]
 1418 0096 03F00C03 		and	r3, r3, #12
 681:Drivers/STM32F4xx_HAL_Driver/Src/stm32f4xx_hal_rcc.c ****     {
 1419              		.loc 1 681 63 view .LVU445
 1420 009a 6268     		ldr	r2, [r4, #4]
 681:Drivers/STM32F4xx_HAL_Driver/Src/stm32f4xx_hal_rcc.c ****     {
 1421              		.loc 1 681 42 view .LVU446
 1422 009c B3EB820F 		cmp	r3, r2, lsl #2
 1423 00a0 16D0     		beq	.L125
 683:Drivers/STM32F4xx_HAL_Driver/Src/stm32f4xx_hal_rcc.c ****       {
 1424              		.loc 1 683 7 is_stmt 1 view .LVU447
 683:Drivers/STM32F4xx_HAL_Driver/Src/stm32f4xx_hal_rcc.c ****       {
 1425              		.loc 1 683 12 is_stmt 0 view .LVU448
 1426 00a2 FFF7FEFF 		bl	HAL_GetTick
 1427              	.LVL90:
 683:Drivers/STM32F4xx_HAL_Driver/Src/stm32f4xx_hal_rcc.c ****       {
 1428              		.loc 1 683 26 discriminator 1 view .LVU449
 1429 00a6 801B     		subs	r0, r0, r6
 683:Drivers/STM32F4xx_HAL_Driver/Src/stm32f4xx_hal_rcc.c ****       {
 1430              		.loc 1 683 10 discriminator 1 view .LVU450
 1431 00a8 41F28833 		movw	r3, #5000
 1432 00ac 9842     		cmp	r0, r3
 1433 00ae F0D9     		bls	.L129
 685:Drivers/STM32F4xx_HAL_Driver/Src/stm32f4xx_hal_rcc.c ****       }
 1434              		.loc 1 685 16 view .LVU451
 1435 00b0 0320     		movs	r0, #3
ARM GAS  C:\Users\Ebrahim\AppData\Local\Temp\ccIRI20i.s 			page 46


 1436 00b2 42E0     		b	.L120
 1437              	.LVL91:
 1438              	.L145:
 651:Drivers/STM32F4xx_HAL_Driver/Src/stm32f4xx_hal_rcc.c ****       {
 1439              		.loc 1 651 7 is_stmt 1 view .LVU452
 651:Drivers/STM32F4xx_HAL_Driver/Src/stm32f4xx_hal_rcc.c ****       {
 1440              		.loc 1 651 11 is_stmt 0 view .LVU453
 1441 00b4 264A     		ldr	r2, .L147+4
 1442 00b6 1268     		ldr	r2, [r2]
 651:Drivers/STM32F4xx_HAL_Driver/Src/stm32f4xx_hal_rcc.c ****       {
 1443              		.loc 1 651 10 view .LVU454
 1444 00b8 12F4003F 		tst	r2, #131072
 1445 00bc E0D1     		bne	.L127
 653:Drivers/STM32F4xx_HAL_Driver/Src/stm32f4xx_hal_rcc.c ****       }
 1446              		.loc 1 653 16 view .LVU455
 1447 00be 0120     		movs	r0, #1
 1448              	.LVL92:
 653:Drivers/STM32F4xx_HAL_Driver/Src/stm32f4xx_hal_rcc.c ****       }
 1449              		.loc 1 653 16 view .LVU456
 1450 00c0 3BE0     		b	.L120
 1451              	.LVL93:
 1452              	.L146:
 661:Drivers/STM32F4xx_HAL_Driver/Src/stm32f4xx_hal_rcc.c ****       {
 1453              		.loc 1 661 7 is_stmt 1 view .LVU457
 661:Drivers/STM32F4xx_HAL_Driver/Src/stm32f4xx_hal_rcc.c ****       {
 1454              		.loc 1 661 11 is_stmt 0 view .LVU458
 1455 00c2 234A     		ldr	r2, .L147+4
 1456 00c4 1268     		ldr	r2, [r2]
 661:Drivers/STM32F4xx_HAL_Driver/Src/stm32f4xx_hal_rcc.c ****       {
 1457              		.loc 1 661 10 view .LVU459
 1458 00c6 12F0007F 		tst	r2, #33554432
 1459 00ca D9D1     		bne	.L127
 663:Drivers/STM32F4xx_HAL_Driver/Src/stm32f4xx_hal_rcc.c ****       }
 1460              		.loc 1 663 16 view .LVU460
 1461 00cc 0120     		movs	r0, #1
 1462              	.LVL94:
 663:Drivers/STM32F4xx_HAL_Driver/Src/stm32f4xx_hal_rcc.c ****       }
 1463              		.loc 1 663 16 view .LVU461
 1464 00ce 34E0     		b	.L120
 1465              	.L125:
 691:Drivers/STM32F4xx_HAL_Driver/Src/stm32f4xx_hal_rcc.c ****   {
 1466              		.loc 1 691 3 is_stmt 1 view .LVU462
 691:Drivers/STM32F4xx_HAL_Driver/Src/stm32f4xx_hal_rcc.c ****   {
 1467              		.loc 1 691 18 is_stmt 0 view .LVU463
 1468 00d0 1E4B     		ldr	r3, .L147
 1469 00d2 1B68     		ldr	r3, [r3]
 1470 00d4 03F00F03 		and	r3, r3, #15
 691:Drivers/STM32F4xx_HAL_Driver/Src/stm32f4xx_hal_rcc.c ****   {
 1471              		.loc 1 691 6 view .LVU464
 1472 00d8 AB42     		cmp	r3, r5
 1473 00da 07D9     		bls	.L131
 694:Drivers/STM32F4xx_HAL_Driver/Src/stm32f4xx_hal_rcc.c **** 
 1474              		.loc 1 694 5 is_stmt 1 view .LVU465
 1475 00dc EAB2     		uxtb	r2, r5
 1476 00de 1B4B     		ldr	r3, .L147
 1477 00e0 1A70     		strb	r2, [r3]
 698:Drivers/STM32F4xx_HAL_Driver/Src/stm32f4xx_hal_rcc.c ****     {
ARM GAS  C:\Users\Ebrahim\AppData\Local\Temp\ccIRI20i.s 			page 47


 1478              		.loc 1 698 5 view .LVU466
 698:Drivers/STM32F4xx_HAL_Driver/Src/stm32f4xx_hal_rcc.c ****     {
 1479              		.loc 1 698 9 is_stmt 0 view .LVU467
 1480 00e2 1B68     		ldr	r3, [r3]
 1481 00e4 03F00F03 		and	r3, r3, #15
 698:Drivers/STM32F4xx_HAL_Driver/Src/stm32f4xx_hal_rcc.c ****     {
 1482              		.loc 1 698 8 view .LVU468
 1483 00e8 AB42     		cmp	r3, r5
 1484 00ea 2DD1     		bne	.L140
 1485              	.L131:
 705:Drivers/STM32F4xx_HAL_Driver/Src/stm32f4xx_hal_rcc.c ****   {
 1486              		.loc 1 705 3 is_stmt 1 view .LVU469
 705:Drivers/STM32F4xx_HAL_Driver/Src/stm32f4xx_hal_rcc.c ****   {
 1487              		.loc 1 705 26 is_stmt 0 view .LVU470
 1488 00ec 2368     		ldr	r3, [r4]
 705:Drivers/STM32F4xx_HAL_Driver/Src/stm32f4xx_hal_rcc.c ****   {
 1489              		.loc 1 705 6 view .LVU471
 1490 00ee 13F0040F 		tst	r3, #4
 1491 00f2 06D0     		beq	.L132
 707:Drivers/STM32F4xx_HAL_Driver/Src/stm32f4xx_hal_rcc.c ****     MODIFY_REG(RCC->CFGR, RCC_CFGR_PPRE1, RCC_ClkInitStruct->APB1CLKDivider);
 1492              		.loc 1 707 5 is_stmt 1 view .LVU472
 708:Drivers/STM32F4xx_HAL_Driver/Src/stm32f4xx_hal_rcc.c ****   }
 1493              		.loc 1 708 5 view .LVU473
 1494 00f4 164A     		ldr	r2, .L147+4
 1495 00f6 9368     		ldr	r3, [r2, #8]
 1496 00f8 23F4E053 		bic	r3, r3, #7168
 1497 00fc E168     		ldr	r1, [r4, #12]
 1498 00fe 0B43     		orrs	r3, r3, r1
 1499 0100 9360     		str	r3, [r2, #8]
 1500              	.L132:
 712:Drivers/STM32F4xx_HAL_Driver/Src/stm32f4xx_hal_rcc.c ****   {
 1501              		.loc 1 712 3 view .LVU474
 712:Drivers/STM32F4xx_HAL_Driver/Src/stm32f4xx_hal_rcc.c ****   {
 1502              		.loc 1 712 26 is_stmt 0 view .LVU475
 1503 0102 2368     		ldr	r3, [r4]
 712:Drivers/STM32F4xx_HAL_Driver/Src/stm32f4xx_hal_rcc.c ****   {
 1504              		.loc 1 712 6 view .LVU476
 1505 0104 13F0080F 		tst	r3, #8
 1506 0108 07D0     		beq	.L133
 714:Drivers/STM32F4xx_HAL_Driver/Src/stm32f4xx_hal_rcc.c ****     MODIFY_REG(RCC->CFGR, RCC_CFGR_PPRE2, ((RCC_ClkInitStruct->APB2CLKDivider) << 3U));
 1507              		.loc 1 714 5 is_stmt 1 view .LVU477
 715:Drivers/STM32F4xx_HAL_Driver/Src/stm32f4xx_hal_rcc.c ****   }
 1508              		.loc 1 715 5 view .LVU478
 1509 010a 114A     		ldr	r2, .L147+4
 1510 010c 9368     		ldr	r3, [r2, #8]
 1511 010e 23F46043 		bic	r3, r3, #57344
 1512 0112 2169     		ldr	r1, [r4, #16]
 1513 0114 43EAC103 		orr	r3, r3, r1, lsl #3
 1514 0118 9360     		str	r3, [r2, #8]
 1515              	.L133:
 719:Drivers/STM32F4xx_HAL_Driver/Src/stm32f4xx_hal_rcc.c **** 
 1516              		.loc 1 719 3 view .LVU479
 719:Drivers/STM32F4xx_HAL_Driver/Src/stm32f4xx_hal_rcc.c **** 
 1517              		.loc 1 719 21 is_stmt 0 view .LVU480
 1518 011a FFF7FEFF 		bl	HAL_RCC_GetSysClockFreq
 1519              	.LVL95:
 719:Drivers/STM32F4xx_HAL_Driver/Src/stm32f4xx_hal_rcc.c **** 
ARM GAS  C:\Users\Ebrahim\AppData\Local\Temp\ccIRI20i.s 			page 48


 1520              		.loc 1 719 68 discriminator 1 view .LVU481
 1521 011e 0C4B     		ldr	r3, .L147+4
 1522 0120 9B68     		ldr	r3, [r3, #8]
 719:Drivers/STM32F4xx_HAL_Driver/Src/stm32f4xx_hal_rcc.c **** 
 1523              		.loc 1 719 92 discriminator 1 view .LVU482
 1524 0122 C3F30313 		ubfx	r3, r3, #4, #4
 719:Drivers/STM32F4xx_HAL_Driver/Src/stm32f4xx_hal_rcc.c **** 
 1525              		.loc 1 719 63 discriminator 1 view .LVU483
 1526 0126 0B4A     		ldr	r2, .L147+8
 1527 0128 D35C     		ldrb	r3, [r2, r3]	@ zero_extendqisi2
 719:Drivers/STM32F4xx_HAL_Driver/Src/stm32f4xx_hal_rcc.c **** 
 1528              		.loc 1 719 47 discriminator 1 view .LVU484
 1529 012a D840     		lsrs	r0, r0, r3
 719:Drivers/STM32F4xx_HAL_Driver/Src/stm32f4xx_hal_rcc.c **** 
 1530              		.loc 1 719 19 discriminator 1 view .LVU485
 1531 012c 0A4B     		ldr	r3, .L147+12
 1532 012e 1860     		str	r0, [r3]
 722:Drivers/STM32F4xx_HAL_Driver/Src/stm32f4xx_hal_rcc.c **** 
 1533              		.loc 1 722 3 is_stmt 1 view .LVU486
 1534 0130 0A4B     		ldr	r3, .L147+16
 1535 0132 1868     		ldr	r0, [r3]
 1536 0134 FFF7FEFF 		bl	HAL_InitTick
 1537              	.LVL96:
 724:Drivers/STM32F4xx_HAL_Driver/Src/stm32f4xx_hal_rcc.c **** }
 1538              		.loc 1 724 3 view .LVU487
 724:Drivers/STM32F4xx_HAL_Driver/Src/stm32f4xx_hal_rcc.c **** }
 1539              		.loc 1 724 10 is_stmt 0 view .LVU488
 1540 0138 0020     		movs	r0, #0
 1541              	.L120:
 725:Drivers/STM32F4xx_HAL_Driver/Src/stm32f4xx_hal_rcc.c **** 
 1542              		.loc 1 725 1 view .LVU489
 1543 013a 70BD     		pop	{r4, r5, r6, pc}
 1544              	.LVL97:
 1545              	.L134:
 1546              	.LCFI12:
 1547              		.cfi_def_cfa_offset 0
 1548              		.cfi_restore 4
 1549              		.cfi_restore 5
 1550              		.cfi_restore 6
 1551              		.cfi_restore 14
 598:Drivers/STM32F4xx_HAL_Driver/Src/stm32f4xx_hal_rcc.c ****   }
 1552              		.loc 1 598 12 view .LVU490
 1553 013c 0120     		movs	r0, #1
 1554              	.LVL98:
 725:Drivers/STM32F4xx_HAL_Driver/Src/stm32f4xx_hal_rcc.c **** 
 1555              		.loc 1 725 1 view .LVU491
 1556 013e 7047     		bx	lr
 1557              	.LVL99:
 1558              	.L135:
 1559              	.LCFI13:
 1560              		.cfi_def_cfa_offset 16
 1561              		.cfi_offset 4, -16
 1562              		.cfi_offset 5, -12
 1563              		.cfi_offset 6, -8
 1564              		.cfi_offset 14, -4
 619:Drivers/STM32F4xx_HAL_Driver/Src/stm32f4xx_hal_rcc.c ****     }
 1565              		.loc 1 619 14 view .LVU492
ARM GAS  C:\Users\Ebrahim\AppData\Local\Temp\ccIRI20i.s 			page 49


 1566 0140 0120     		movs	r0, #1
 1567              	.LVL100:
 619:Drivers/STM32F4xx_HAL_Driver/Src/stm32f4xx_hal_rcc.c ****     }
 1568              		.loc 1 619 14 view .LVU493
 1569 0142 FAE7     		b	.L120
 1570              	.LVL101:
 1571              	.L138:
 672:Drivers/STM32F4xx_HAL_Driver/Src/stm32f4xx_hal_rcc.c ****       }
 1572              		.loc 1 672 16 view .LVU494
 1573 0144 0120     		movs	r0, #1
 1574              	.LVL102:
 672:Drivers/STM32F4xx_HAL_Driver/Src/stm32f4xx_hal_rcc.c ****       }
 1575              		.loc 1 672 16 view .LVU495
 1576 0146 F8E7     		b	.L120
 1577              	.L140:
 700:Drivers/STM32F4xx_HAL_Driver/Src/stm32f4xx_hal_rcc.c ****     }
 1578              		.loc 1 700 14 view .LVU496
 1579 0148 0120     		movs	r0, #1
 1580 014a F6E7     		b	.L120
 1581              	.L148:
 1582              		.align	2
 1583              	.L147:
 1584 014c 003C0240 		.word	1073888256
 1585 0150 00380240 		.word	1073887232
 1586 0154 00000000 		.word	AHBPrescTable
 1587 0158 00000000 		.word	SystemCoreClock
 1588 015c 00000000 		.word	uwTickPrio
 1589              		.cfi_endproc
 1590              	.LFE136:
 1592              		.section	.text.HAL_RCC_GetHCLKFreq,"ax",%progbits
 1593              		.align	1
 1594              		.global	HAL_RCC_GetHCLKFreq
 1595              		.syntax unified
 1596              		.thumb
 1597              		.thumb_func
 1599              	HAL_RCC_GetHCLKFreq:
 1600              	.LFB141:
 933:Drivers/STM32F4xx_HAL_Driver/Src/stm32f4xx_hal_rcc.c **** 
 934:Drivers/STM32F4xx_HAL_Driver/Src/stm32f4xx_hal_rcc.c **** /**
 935:Drivers/STM32F4xx_HAL_Driver/Src/stm32f4xx_hal_rcc.c ****   * @brief  Returns the HCLK frequency
 936:Drivers/STM32F4xx_HAL_Driver/Src/stm32f4xx_hal_rcc.c ****   * @note   Each time HCLK changes, this function must be called to update the
 937:Drivers/STM32F4xx_HAL_Driver/Src/stm32f4xx_hal_rcc.c ****   *         right HCLK value. Otherwise, any configuration based on this function will be incorrect
 938:Drivers/STM32F4xx_HAL_Driver/Src/stm32f4xx_hal_rcc.c ****   *
 939:Drivers/STM32F4xx_HAL_Driver/Src/stm32f4xx_hal_rcc.c ****   * @note   The SystemCoreClock CMSIS variable is used to store System Clock Frequency
 940:Drivers/STM32F4xx_HAL_Driver/Src/stm32f4xx_hal_rcc.c ****   *         and updated within this function
 941:Drivers/STM32F4xx_HAL_Driver/Src/stm32f4xx_hal_rcc.c ****   * @retval HCLK frequency
 942:Drivers/STM32F4xx_HAL_Driver/Src/stm32f4xx_hal_rcc.c ****   */
 943:Drivers/STM32F4xx_HAL_Driver/Src/stm32f4xx_hal_rcc.c **** uint32_t HAL_RCC_GetHCLKFreq(void)
 944:Drivers/STM32F4xx_HAL_Driver/Src/stm32f4xx_hal_rcc.c **** {
 1601              		.loc 1 944 1 is_stmt 1 view -0
 1602              		.cfi_startproc
 1603              		@ args = 0, pretend = 0, frame = 0
 1604              		@ frame_needed = 0, uses_anonymous_args = 0
 1605              		@ link register save eliminated.
 945:Drivers/STM32F4xx_HAL_Driver/Src/stm32f4xx_hal_rcc.c ****   return SystemCoreClock;
 1606              		.loc 1 945 3 view .LVU498
 946:Drivers/STM32F4xx_HAL_Driver/Src/stm32f4xx_hal_rcc.c **** }
ARM GAS  C:\Users\Ebrahim\AppData\Local\Temp\ccIRI20i.s 			page 50


 1607              		.loc 1 946 1 is_stmt 0 view .LVU499
 1608 0000 014B     		ldr	r3, .L150
 1609 0002 1868     		ldr	r0, [r3]
 1610 0004 7047     		bx	lr
 1611              	.L151:
 1612 0006 00BF     		.align	2
 1613              	.L150:
 1614 0008 00000000 		.word	SystemCoreClock
 1615              		.cfi_endproc
 1616              	.LFE141:
 1618              		.section	.text.HAL_RCC_GetPCLK1Freq,"ax",%progbits
 1619              		.align	1
 1620              		.global	HAL_RCC_GetPCLK1Freq
 1621              		.syntax unified
 1622              		.thumb
 1623              		.thumb_func
 1625              	HAL_RCC_GetPCLK1Freq:
 1626              	.LFB142:
 947:Drivers/STM32F4xx_HAL_Driver/Src/stm32f4xx_hal_rcc.c **** 
 948:Drivers/STM32F4xx_HAL_Driver/Src/stm32f4xx_hal_rcc.c **** /**
 949:Drivers/STM32F4xx_HAL_Driver/Src/stm32f4xx_hal_rcc.c ****   * @brief  Returns the PCLK1 frequency
 950:Drivers/STM32F4xx_HAL_Driver/Src/stm32f4xx_hal_rcc.c ****   * @note   Each time PCLK1 changes, this function must be called to update the
 951:Drivers/STM32F4xx_HAL_Driver/Src/stm32f4xx_hal_rcc.c ****   *         right PCLK1 value. Otherwise, any configuration based on this function will be incorrec
 952:Drivers/STM32F4xx_HAL_Driver/Src/stm32f4xx_hal_rcc.c ****   * @retval PCLK1 frequency
 953:Drivers/STM32F4xx_HAL_Driver/Src/stm32f4xx_hal_rcc.c ****   */
 954:Drivers/STM32F4xx_HAL_Driver/Src/stm32f4xx_hal_rcc.c **** uint32_t HAL_RCC_GetPCLK1Freq(void)
 955:Drivers/STM32F4xx_HAL_Driver/Src/stm32f4xx_hal_rcc.c **** {
 1627              		.loc 1 955 1 is_stmt 1 view -0
 1628              		.cfi_startproc
 1629              		@ args = 0, pretend = 0, frame = 0
 1630              		@ frame_needed = 0, uses_anonymous_args = 0
 1631 0000 08B5     		push	{r3, lr}
 1632              	.LCFI14:
 1633              		.cfi_def_cfa_offset 8
 1634              		.cfi_offset 3, -8
 1635              		.cfi_offset 14, -4
 956:Drivers/STM32F4xx_HAL_Driver/Src/stm32f4xx_hal_rcc.c ****   /* Get HCLK source and Compute PCLK1 frequency ---------------------------*/
 957:Drivers/STM32F4xx_HAL_Driver/Src/stm32f4xx_hal_rcc.c ****   return (HAL_RCC_GetHCLKFreq() >> APBPrescTable[(RCC->CFGR & RCC_CFGR_PPRE1) >> RCC_CFGR_PPRE1_Pos
 1636              		.loc 1 957 3 view .LVU501
 1637              		.loc 1 957 11 is_stmt 0 view .LVU502
 1638 0002 FFF7FEFF 		bl	HAL_RCC_GetHCLKFreq
 1639              	.LVL103:
 1640              		.loc 1 957 54 discriminator 1 view .LVU503
 1641 0006 044B     		ldr	r3, .L154
 1642 0008 9B68     		ldr	r3, [r3, #8]
 1643              		.loc 1 957 79 discriminator 1 view .LVU504
 1644 000a C3F38223 		ubfx	r3, r3, #10, #3
 1645              		.loc 1 957 49 discriminator 1 view .LVU505
 1646 000e 034A     		ldr	r2, .L154+4
 1647 0010 D35C     		ldrb	r3, [r2, r3]	@ zero_extendqisi2
 958:Drivers/STM32F4xx_HAL_Driver/Src/stm32f4xx_hal_rcc.c **** }
 1648              		.loc 1 958 1 view .LVU506
 1649 0012 D840     		lsrs	r0, r0, r3
 1650 0014 08BD     		pop	{r3, pc}
 1651              	.L155:
 1652 0016 00BF     		.align	2
 1653              	.L154:
ARM GAS  C:\Users\Ebrahim\AppData\Local\Temp\ccIRI20i.s 			page 51


 1654 0018 00380240 		.word	1073887232
 1655 001c 00000000 		.word	APBPrescTable
 1656              		.cfi_endproc
 1657              	.LFE142:
 1659              		.section	.text.HAL_RCC_GetPCLK2Freq,"ax",%progbits
 1660              		.align	1
 1661              		.global	HAL_RCC_GetPCLK2Freq
 1662              		.syntax unified
 1663              		.thumb
 1664              		.thumb_func
 1666              	HAL_RCC_GetPCLK2Freq:
 1667              	.LFB143:
 959:Drivers/STM32F4xx_HAL_Driver/Src/stm32f4xx_hal_rcc.c **** 
 960:Drivers/STM32F4xx_HAL_Driver/Src/stm32f4xx_hal_rcc.c **** /**
 961:Drivers/STM32F4xx_HAL_Driver/Src/stm32f4xx_hal_rcc.c ****   * @brief  Returns the PCLK2 frequency
 962:Drivers/STM32F4xx_HAL_Driver/Src/stm32f4xx_hal_rcc.c ****   * @note   Each time PCLK2 changes, this function must be called to update the
 963:Drivers/STM32F4xx_HAL_Driver/Src/stm32f4xx_hal_rcc.c ****   *         right PCLK2 value. Otherwise, any configuration based on this function will be incorrec
 964:Drivers/STM32F4xx_HAL_Driver/Src/stm32f4xx_hal_rcc.c ****   * @retval PCLK2 frequency
 965:Drivers/STM32F4xx_HAL_Driver/Src/stm32f4xx_hal_rcc.c ****   */
 966:Drivers/STM32F4xx_HAL_Driver/Src/stm32f4xx_hal_rcc.c **** uint32_t HAL_RCC_GetPCLK2Freq(void)
 967:Drivers/STM32F4xx_HAL_Driver/Src/stm32f4xx_hal_rcc.c **** {
 1668              		.loc 1 967 1 is_stmt 1 view -0
 1669              		.cfi_startproc
 1670              		@ args = 0, pretend = 0, frame = 0
 1671              		@ frame_needed = 0, uses_anonymous_args = 0
 1672 0000 08B5     		push	{r3, lr}
 1673              	.LCFI15:
 1674              		.cfi_def_cfa_offset 8
 1675              		.cfi_offset 3, -8
 1676              		.cfi_offset 14, -4
 968:Drivers/STM32F4xx_HAL_Driver/Src/stm32f4xx_hal_rcc.c ****   /* Get HCLK source and Compute PCLK2 frequency ---------------------------*/
 969:Drivers/STM32F4xx_HAL_Driver/Src/stm32f4xx_hal_rcc.c ****   return (HAL_RCC_GetHCLKFreq() >> APBPrescTable[(RCC->CFGR & RCC_CFGR_PPRE2) >> RCC_CFGR_PPRE2_Pos
 1677              		.loc 1 969 3 view .LVU508
 1678              		.loc 1 969 11 is_stmt 0 view .LVU509
 1679 0002 FFF7FEFF 		bl	HAL_RCC_GetHCLKFreq
 1680              	.LVL104:
 1681              		.loc 1 969 54 discriminator 1 view .LVU510
 1682 0006 044B     		ldr	r3, .L158
 1683 0008 9B68     		ldr	r3, [r3, #8]
 1684              		.loc 1 969 79 discriminator 1 view .LVU511
 1685 000a C3F34233 		ubfx	r3, r3, #13, #3
 1686              		.loc 1 969 49 discriminator 1 view .LVU512
 1687 000e 034A     		ldr	r2, .L158+4
 1688 0010 D35C     		ldrb	r3, [r2, r3]	@ zero_extendqisi2
 970:Drivers/STM32F4xx_HAL_Driver/Src/stm32f4xx_hal_rcc.c **** }
 1689              		.loc 1 970 1 view .LVU513
 1690 0012 D840     		lsrs	r0, r0, r3
 1691 0014 08BD     		pop	{r3, pc}
 1692              	.L159:
 1693 0016 00BF     		.align	2
 1694              	.L158:
 1695 0018 00380240 		.word	1073887232
 1696 001c 00000000 		.word	APBPrescTable
 1697              		.cfi_endproc
 1698              	.LFE143:
 1700              		.section	.text.HAL_RCC_GetOscConfig,"ax",%progbits
 1701              		.align	1
ARM GAS  C:\Users\Ebrahim\AppData\Local\Temp\ccIRI20i.s 			page 52


 1702              		.weak	HAL_RCC_GetOscConfig
 1703              		.syntax unified
 1704              		.thumb
 1705              		.thumb_func
 1707              	HAL_RCC_GetOscConfig:
 1708              	.LVL105:
 1709              	.LFB144:
 971:Drivers/STM32F4xx_HAL_Driver/Src/stm32f4xx_hal_rcc.c **** 
 972:Drivers/STM32F4xx_HAL_Driver/Src/stm32f4xx_hal_rcc.c **** /**
 973:Drivers/STM32F4xx_HAL_Driver/Src/stm32f4xx_hal_rcc.c ****   * @brief  Configures the RCC_OscInitStruct according to the internal
 974:Drivers/STM32F4xx_HAL_Driver/Src/stm32f4xx_hal_rcc.c ****   * RCC configuration registers.
 975:Drivers/STM32F4xx_HAL_Driver/Src/stm32f4xx_hal_rcc.c ****   * @param  RCC_OscInitStruct pointer to an RCC_OscInitTypeDef structure that
 976:Drivers/STM32F4xx_HAL_Driver/Src/stm32f4xx_hal_rcc.c ****   * will be configured.
 977:Drivers/STM32F4xx_HAL_Driver/Src/stm32f4xx_hal_rcc.c ****   * @retval None
 978:Drivers/STM32F4xx_HAL_Driver/Src/stm32f4xx_hal_rcc.c ****   */
 979:Drivers/STM32F4xx_HAL_Driver/Src/stm32f4xx_hal_rcc.c **** __weak void HAL_RCC_GetOscConfig(RCC_OscInitTypeDef  *RCC_OscInitStruct)
 980:Drivers/STM32F4xx_HAL_Driver/Src/stm32f4xx_hal_rcc.c **** {
 1710              		.loc 1 980 1 is_stmt 1 view -0
 1711              		.cfi_startproc
 1712              		@ args = 0, pretend = 0, frame = 0
 1713              		@ frame_needed = 0, uses_anonymous_args = 0
 1714              		@ link register save eliminated.
 981:Drivers/STM32F4xx_HAL_Driver/Src/stm32f4xx_hal_rcc.c ****   /* Set all possible values for the Oscillator type parameter ---------------*/
 982:Drivers/STM32F4xx_HAL_Driver/Src/stm32f4xx_hal_rcc.c ****   RCC_OscInitStruct->OscillatorType = RCC_OSCILLATORTYPE_HSE | RCC_OSCILLATORTYPE_HSI | RCC_OSCILLA
 1715              		.loc 1 982 3 view .LVU515
 1716              		.loc 1 982 37 is_stmt 0 view .LVU516
 1717 0000 0F23     		movs	r3, #15
 1718 0002 0360     		str	r3, [r0]
 983:Drivers/STM32F4xx_HAL_Driver/Src/stm32f4xx_hal_rcc.c **** 
 984:Drivers/STM32F4xx_HAL_Driver/Src/stm32f4xx_hal_rcc.c ****   /* Get the HSE configuration -----------------------------------------------*/
 985:Drivers/STM32F4xx_HAL_Driver/Src/stm32f4xx_hal_rcc.c ****   if ((RCC->CR & RCC_CR_HSEBYP) == RCC_CR_HSEBYP)
 1719              		.loc 1 985 3 is_stmt 1 view .LVU517
 1720              		.loc 1 985 11 is_stmt 0 view .LVU518
 1721 0004 304B     		ldr	r3, .L173
 1722 0006 1B68     		ldr	r3, [r3]
 1723              		.loc 1 985 6 view .LVU519
 1724 0008 13F4802F 		tst	r3, #262144
 1725 000c 3BD0     		beq	.L161
 986:Drivers/STM32F4xx_HAL_Driver/Src/stm32f4xx_hal_rcc.c ****   {
 987:Drivers/STM32F4xx_HAL_Driver/Src/stm32f4xx_hal_rcc.c ****     RCC_OscInitStruct->HSEState = RCC_HSE_BYPASS;
 1726              		.loc 1 987 5 is_stmt 1 view .LVU520
 1727              		.loc 1 987 33 is_stmt 0 view .LVU521
 1728 000e 4FF4A023 		mov	r3, #327680
 1729 0012 4360     		str	r3, [r0, #4]
 1730              	.L162:
 988:Drivers/STM32F4xx_HAL_Driver/Src/stm32f4xx_hal_rcc.c ****   }
 989:Drivers/STM32F4xx_HAL_Driver/Src/stm32f4xx_hal_rcc.c ****   else if ((RCC->CR & RCC_CR_HSEON) == RCC_CR_HSEON)
 990:Drivers/STM32F4xx_HAL_Driver/Src/stm32f4xx_hal_rcc.c ****   {
 991:Drivers/STM32F4xx_HAL_Driver/Src/stm32f4xx_hal_rcc.c ****     RCC_OscInitStruct->HSEState = RCC_HSE_ON;
 992:Drivers/STM32F4xx_HAL_Driver/Src/stm32f4xx_hal_rcc.c ****   }
 993:Drivers/STM32F4xx_HAL_Driver/Src/stm32f4xx_hal_rcc.c ****   else
 994:Drivers/STM32F4xx_HAL_Driver/Src/stm32f4xx_hal_rcc.c ****   {
 995:Drivers/STM32F4xx_HAL_Driver/Src/stm32f4xx_hal_rcc.c ****     RCC_OscInitStruct->HSEState = RCC_HSE_OFF;
 996:Drivers/STM32F4xx_HAL_Driver/Src/stm32f4xx_hal_rcc.c ****   }
 997:Drivers/STM32F4xx_HAL_Driver/Src/stm32f4xx_hal_rcc.c **** 
 998:Drivers/STM32F4xx_HAL_Driver/Src/stm32f4xx_hal_rcc.c ****   /* Get the HSI configuration -----------------------------------------------*/
 999:Drivers/STM32F4xx_HAL_Driver/Src/stm32f4xx_hal_rcc.c ****   if ((RCC->CR & RCC_CR_HSION) == RCC_CR_HSION)
ARM GAS  C:\Users\Ebrahim\AppData\Local\Temp\ccIRI20i.s 			page 53


 1731              		.loc 1 999 3 is_stmt 1 view .LVU522
 1732              		.loc 1 999 11 is_stmt 0 view .LVU523
 1733 0014 2C4B     		ldr	r3, .L173
 1734 0016 1B68     		ldr	r3, [r3]
 1735              		.loc 1 999 6 view .LVU524
 1736 0018 13F0010F 		tst	r3, #1
 1737 001c 3FD0     		beq	.L164
1000:Drivers/STM32F4xx_HAL_Driver/Src/stm32f4xx_hal_rcc.c ****   {
1001:Drivers/STM32F4xx_HAL_Driver/Src/stm32f4xx_hal_rcc.c ****     RCC_OscInitStruct->HSIState = RCC_HSI_ON;
 1738              		.loc 1 1001 5 is_stmt 1 view .LVU525
 1739              		.loc 1 1001 33 is_stmt 0 view .LVU526
 1740 001e 0123     		movs	r3, #1
 1741 0020 C360     		str	r3, [r0, #12]
 1742              	.L165:
1002:Drivers/STM32F4xx_HAL_Driver/Src/stm32f4xx_hal_rcc.c ****   }
1003:Drivers/STM32F4xx_HAL_Driver/Src/stm32f4xx_hal_rcc.c ****   else
1004:Drivers/STM32F4xx_HAL_Driver/Src/stm32f4xx_hal_rcc.c ****   {
1005:Drivers/STM32F4xx_HAL_Driver/Src/stm32f4xx_hal_rcc.c ****     RCC_OscInitStruct->HSIState = RCC_HSI_OFF;
1006:Drivers/STM32F4xx_HAL_Driver/Src/stm32f4xx_hal_rcc.c ****   }
1007:Drivers/STM32F4xx_HAL_Driver/Src/stm32f4xx_hal_rcc.c **** 
1008:Drivers/STM32F4xx_HAL_Driver/Src/stm32f4xx_hal_rcc.c ****   RCC_OscInitStruct->HSICalibrationValue = (uint32_t)((RCC->CR & RCC_CR_HSITRIM) >> RCC_CR_HSITRIM_
 1743              		.loc 1 1008 3 is_stmt 1 view .LVU527
 1744              		.loc 1 1008 59 is_stmt 0 view .LVU528
 1745 0022 294A     		ldr	r2, .L173
 1746 0024 1368     		ldr	r3, [r2]
 1747              		.loc 1 1008 44 view .LVU529
 1748 0026 C3F3C403 		ubfx	r3, r3, #3, #5
 1749              		.loc 1 1008 42 view .LVU530
 1750 002a 0361     		str	r3, [r0, #16]
1009:Drivers/STM32F4xx_HAL_Driver/Src/stm32f4xx_hal_rcc.c **** 
1010:Drivers/STM32F4xx_HAL_Driver/Src/stm32f4xx_hal_rcc.c ****   /* Get the LSE configuration -----------------------------------------------*/
1011:Drivers/STM32F4xx_HAL_Driver/Src/stm32f4xx_hal_rcc.c ****   if ((RCC->BDCR & RCC_BDCR_LSEBYP) == RCC_BDCR_LSEBYP)
 1751              		.loc 1 1011 3 is_stmt 1 view .LVU531
 1752              		.loc 1 1011 11 is_stmt 0 view .LVU532
 1753 002c 136F     		ldr	r3, [r2, #112]
 1754              		.loc 1 1011 6 view .LVU533
 1755 002e 13F0040F 		tst	r3, #4
 1756 0032 37D0     		beq	.L166
1012:Drivers/STM32F4xx_HAL_Driver/Src/stm32f4xx_hal_rcc.c ****   {
1013:Drivers/STM32F4xx_HAL_Driver/Src/stm32f4xx_hal_rcc.c ****     RCC_OscInitStruct->LSEState = RCC_LSE_BYPASS;
 1757              		.loc 1 1013 5 is_stmt 1 view .LVU534
 1758              		.loc 1 1013 33 is_stmt 0 view .LVU535
 1759 0034 0523     		movs	r3, #5
 1760 0036 8360     		str	r3, [r0, #8]
 1761              	.L167:
1014:Drivers/STM32F4xx_HAL_Driver/Src/stm32f4xx_hal_rcc.c ****   }
1015:Drivers/STM32F4xx_HAL_Driver/Src/stm32f4xx_hal_rcc.c ****   else if ((RCC->BDCR & RCC_BDCR_LSEON) == RCC_BDCR_LSEON)
1016:Drivers/STM32F4xx_HAL_Driver/Src/stm32f4xx_hal_rcc.c ****   {
1017:Drivers/STM32F4xx_HAL_Driver/Src/stm32f4xx_hal_rcc.c ****     RCC_OscInitStruct->LSEState = RCC_LSE_ON;
1018:Drivers/STM32F4xx_HAL_Driver/Src/stm32f4xx_hal_rcc.c ****   }
1019:Drivers/STM32F4xx_HAL_Driver/Src/stm32f4xx_hal_rcc.c ****   else
1020:Drivers/STM32F4xx_HAL_Driver/Src/stm32f4xx_hal_rcc.c ****   {
1021:Drivers/STM32F4xx_HAL_Driver/Src/stm32f4xx_hal_rcc.c ****     RCC_OscInitStruct->LSEState = RCC_LSE_OFF;
1022:Drivers/STM32F4xx_HAL_Driver/Src/stm32f4xx_hal_rcc.c ****   }
1023:Drivers/STM32F4xx_HAL_Driver/Src/stm32f4xx_hal_rcc.c **** 
1024:Drivers/STM32F4xx_HAL_Driver/Src/stm32f4xx_hal_rcc.c ****   /* Get the LSI configuration -----------------------------------------------*/
1025:Drivers/STM32F4xx_HAL_Driver/Src/stm32f4xx_hal_rcc.c ****   if ((RCC->CSR & RCC_CSR_LSION) == RCC_CSR_LSION)
ARM GAS  C:\Users\Ebrahim\AppData\Local\Temp\ccIRI20i.s 			page 54


 1762              		.loc 1 1025 3 is_stmt 1 view .LVU536
 1763              		.loc 1 1025 11 is_stmt 0 view .LVU537
 1764 0038 234B     		ldr	r3, .L173
 1765 003a 5B6F     		ldr	r3, [r3, #116]
 1766              		.loc 1 1025 6 view .LVU538
 1767 003c 13F0010F 		tst	r3, #1
 1768 0040 3BD0     		beq	.L169
1026:Drivers/STM32F4xx_HAL_Driver/Src/stm32f4xx_hal_rcc.c ****   {
1027:Drivers/STM32F4xx_HAL_Driver/Src/stm32f4xx_hal_rcc.c ****     RCC_OscInitStruct->LSIState = RCC_LSI_ON;
 1769              		.loc 1 1027 5 is_stmt 1 view .LVU539
 1770              		.loc 1 1027 33 is_stmt 0 view .LVU540
 1771 0042 0123     		movs	r3, #1
 1772 0044 4361     		str	r3, [r0, #20]
 1773              	.L170:
1028:Drivers/STM32F4xx_HAL_Driver/Src/stm32f4xx_hal_rcc.c ****   }
1029:Drivers/STM32F4xx_HAL_Driver/Src/stm32f4xx_hal_rcc.c ****   else
1030:Drivers/STM32F4xx_HAL_Driver/Src/stm32f4xx_hal_rcc.c ****   {
1031:Drivers/STM32F4xx_HAL_Driver/Src/stm32f4xx_hal_rcc.c ****     RCC_OscInitStruct->LSIState = RCC_LSI_OFF;
1032:Drivers/STM32F4xx_HAL_Driver/Src/stm32f4xx_hal_rcc.c ****   }
1033:Drivers/STM32F4xx_HAL_Driver/Src/stm32f4xx_hal_rcc.c **** 
1034:Drivers/STM32F4xx_HAL_Driver/Src/stm32f4xx_hal_rcc.c ****   /* Get the PLL configuration -----------------------------------------------*/
1035:Drivers/STM32F4xx_HAL_Driver/Src/stm32f4xx_hal_rcc.c ****   if ((RCC->CR & RCC_CR_PLLON) == RCC_CR_PLLON)
 1774              		.loc 1 1035 3 is_stmt 1 view .LVU541
 1775              		.loc 1 1035 11 is_stmt 0 view .LVU542
 1776 0046 204B     		ldr	r3, .L173
 1777 0048 1B68     		ldr	r3, [r3]
 1778              		.loc 1 1035 6 view .LVU543
 1779 004a 13F0807F 		tst	r3, #16777216
 1780 004e 37D0     		beq	.L171
1036:Drivers/STM32F4xx_HAL_Driver/Src/stm32f4xx_hal_rcc.c ****   {
1037:Drivers/STM32F4xx_HAL_Driver/Src/stm32f4xx_hal_rcc.c ****     RCC_OscInitStruct->PLL.PLLState = RCC_PLL_ON;
 1781              		.loc 1 1037 5 is_stmt 1 view .LVU544
 1782              		.loc 1 1037 37 is_stmt 0 view .LVU545
 1783 0050 0223     		movs	r3, #2
 1784 0052 8361     		str	r3, [r0, #24]
 1785              	.L172:
1038:Drivers/STM32F4xx_HAL_Driver/Src/stm32f4xx_hal_rcc.c ****   }
1039:Drivers/STM32F4xx_HAL_Driver/Src/stm32f4xx_hal_rcc.c ****   else
1040:Drivers/STM32F4xx_HAL_Driver/Src/stm32f4xx_hal_rcc.c ****   {
1041:Drivers/STM32F4xx_HAL_Driver/Src/stm32f4xx_hal_rcc.c ****     RCC_OscInitStruct->PLL.PLLState = RCC_PLL_OFF;
1042:Drivers/STM32F4xx_HAL_Driver/Src/stm32f4xx_hal_rcc.c ****   }
1043:Drivers/STM32F4xx_HAL_Driver/Src/stm32f4xx_hal_rcc.c ****   RCC_OscInitStruct->PLL.PLLSource = (uint32_t)(RCC->PLLCFGR & RCC_PLLCFGR_PLLSRC);
 1786              		.loc 1 1043 3 is_stmt 1 view .LVU546
 1787              		.loc 1 1043 52 is_stmt 0 view .LVU547
 1788 0054 1C4A     		ldr	r2, .L173
 1789 0056 5368     		ldr	r3, [r2, #4]
 1790              		.loc 1 1043 38 view .LVU548
 1791 0058 03F48003 		and	r3, r3, #4194304
 1792              		.loc 1 1043 36 view .LVU549
 1793 005c C361     		str	r3, [r0, #28]
1044:Drivers/STM32F4xx_HAL_Driver/Src/stm32f4xx_hal_rcc.c ****   RCC_OscInitStruct->PLL.PLLM = (uint32_t)(RCC->PLLCFGR & RCC_PLLCFGR_PLLM);
 1794              		.loc 1 1044 3 is_stmt 1 view .LVU550
 1795              		.loc 1 1044 47 is_stmt 0 view .LVU551
 1796 005e 5368     		ldr	r3, [r2, #4]
 1797              		.loc 1 1044 33 view .LVU552
 1798 0060 03F03F03 		and	r3, r3, #63
 1799              		.loc 1 1044 31 view .LVU553
ARM GAS  C:\Users\Ebrahim\AppData\Local\Temp\ccIRI20i.s 			page 55


 1800 0064 0362     		str	r3, [r0, #32]
1045:Drivers/STM32F4xx_HAL_Driver/Src/stm32f4xx_hal_rcc.c ****   RCC_OscInitStruct->PLL.PLLN = (uint32_t)((RCC->PLLCFGR & RCC_PLLCFGR_PLLN) >> RCC_PLLCFGR_PLLN_Po
 1801              		.loc 1 1045 3 is_stmt 1 view .LVU554
 1802              		.loc 1 1045 48 is_stmt 0 view .LVU555
 1803 0066 5368     		ldr	r3, [r2, #4]
 1804              		.loc 1 1045 33 view .LVU556
 1805 0068 C3F38813 		ubfx	r3, r3, #6, #9
 1806              		.loc 1 1045 31 view .LVU557
 1807 006c 4362     		str	r3, [r0, #36]
1046:Drivers/STM32F4xx_HAL_Driver/Src/stm32f4xx_hal_rcc.c ****   RCC_OscInitStruct->PLL.PLLP = (uint32_t)((((RCC->PLLCFGR & RCC_PLLCFGR_PLLP) + RCC_PLLCFGR_PLLP_0
 1808              		.loc 1 1046 3 is_stmt 1 view .LVU558
 1809              		.loc 1 1046 50 is_stmt 0 view .LVU559
 1810 006e 5368     		ldr	r3, [r2, #4]
 1811              		.loc 1 1046 60 view .LVU560
 1812 0070 03F44033 		and	r3, r3, #196608
 1813              		.loc 1 1046 80 view .LVU561
 1814 0074 03F58033 		add	r3, r3, #65536
 1815              		.loc 1 1046 33 view .LVU562
 1816 0078 DB0B     		lsrs	r3, r3, #15
 1817              		.loc 1 1046 31 view .LVU563
 1818 007a 8362     		str	r3, [r0, #40]
1047:Drivers/STM32F4xx_HAL_Driver/Src/stm32f4xx_hal_rcc.c ****   RCC_OscInitStruct->PLL.PLLQ = (uint32_t)((RCC->PLLCFGR & RCC_PLLCFGR_PLLQ) >> RCC_PLLCFGR_PLLQ_Po
 1819              		.loc 1 1047 3 is_stmt 1 view .LVU564
 1820              		.loc 1 1047 48 is_stmt 0 view .LVU565
 1821 007c 5368     		ldr	r3, [r2, #4]
 1822              		.loc 1 1047 33 view .LVU566
 1823 007e C3F30363 		ubfx	r3, r3, #24, #4
 1824              		.loc 1 1047 31 view .LVU567
 1825 0082 C362     		str	r3, [r0, #44]
1048:Drivers/STM32F4xx_HAL_Driver/Src/stm32f4xx_hal_rcc.c **** }
 1826              		.loc 1 1048 1 view .LVU568
 1827 0084 7047     		bx	lr
 1828              	.L161:
 989:Drivers/STM32F4xx_HAL_Driver/Src/stm32f4xx_hal_rcc.c ****   {
 1829              		.loc 1 989 8 is_stmt 1 view .LVU569
 989:Drivers/STM32F4xx_HAL_Driver/Src/stm32f4xx_hal_rcc.c ****   {
 1830              		.loc 1 989 16 is_stmt 0 view .LVU570
 1831 0086 104B     		ldr	r3, .L173
 1832 0088 1B68     		ldr	r3, [r3]
 989:Drivers/STM32F4xx_HAL_Driver/Src/stm32f4xx_hal_rcc.c ****   {
 1833              		.loc 1 989 11 view .LVU571
 1834 008a 13F4803F 		tst	r3, #65536
 1835 008e 03D0     		beq	.L163
 991:Drivers/STM32F4xx_HAL_Driver/Src/stm32f4xx_hal_rcc.c ****   }
 1836              		.loc 1 991 5 is_stmt 1 view .LVU572
 991:Drivers/STM32F4xx_HAL_Driver/Src/stm32f4xx_hal_rcc.c ****   }
 1837              		.loc 1 991 33 is_stmt 0 view .LVU573
 1838 0090 4FF48033 		mov	r3, #65536
 1839 0094 4360     		str	r3, [r0, #4]
 1840 0096 BDE7     		b	.L162
 1841              	.L163:
 995:Drivers/STM32F4xx_HAL_Driver/Src/stm32f4xx_hal_rcc.c ****   }
 1842              		.loc 1 995 5 is_stmt 1 view .LVU574
 995:Drivers/STM32F4xx_HAL_Driver/Src/stm32f4xx_hal_rcc.c ****   }
 1843              		.loc 1 995 33 is_stmt 0 view .LVU575
 1844 0098 0023     		movs	r3, #0
 1845 009a 4360     		str	r3, [r0, #4]
ARM GAS  C:\Users\Ebrahim\AppData\Local\Temp\ccIRI20i.s 			page 56


 1846 009c BAE7     		b	.L162
 1847              	.L164:
1005:Drivers/STM32F4xx_HAL_Driver/Src/stm32f4xx_hal_rcc.c ****   }
 1848              		.loc 1 1005 5 is_stmt 1 view .LVU576
1005:Drivers/STM32F4xx_HAL_Driver/Src/stm32f4xx_hal_rcc.c ****   }
 1849              		.loc 1 1005 33 is_stmt 0 view .LVU577
 1850 009e 0023     		movs	r3, #0
 1851 00a0 C360     		str	r3, [r0, #12]
 1852 00a2 BEE7     		b	.L165
 1853              	.L166:
1015:Drivers/STM32F4xx_HAL_Driver/Src/stm32f4xx_hal_rcc.c ****   {
 1854              		.loc 1 1015 8 is_stmt 1 view .LVU578
1015:Drivers/STM32F4xx_HAL_Driver/Src/stm32f4xx_hal_rcc.c ****   {
 1855              		.loc 1 1015 16 is_stmt 0 view .LVU579
 1856 00a4 084B     		ldr	r3, .L173
 1857 00a6 1B6F     		ldr	r3, [r3, #112]
1015:Drivers/STM32F4xx_HAL_Driver/Src/stm32f4xx_hal_rcc.c ****   {
 1858              		.loc 1 1015 11 view .LVU580
 1859 00a8 13F0010F 		tst	r3, #1
 1860 00ac 02D0     		beq	.L168
1017:Drivers/STM32F4xx_HAL_Driver/Src/stm32f4xx_hal_rcc.c ****   }
 1861              		.loc 1 1017 5 is_stmt 1 view .LVU581
1017:Drivers/STM32F4xx_HAL_Driver/Src/stm32f4xx_hal_rcc.c ****   }
 1862              		.loc 1 1017 33 is_stmt 0 view .LVU582
 1863 00ae 0123     		movs	r3, #1
 1864 00b0 8360     		str	r3, [r0, #8]
 1865 00b2 C1E7     		b	.L167
 1866              	.L168:
1021:Drivers/STM32F4xx_HAL_Driver/Src/stm32f4xx_hal_rcc.c ****   }
 1867              		.loc 1 1021 5 is_stmt 1 view .LVU583
1021:Drivers/STM32F4xx_HAL_Driver/Src/stm32f4xx_hal_rcc.c ****   }
 1868              		.loc 1 1021 33 is_stmt 0 view .LVU584
 1869 00b4 0023     		movs	r3, #0
 1870 00b6 8360     		str	r3, [r0, #8]
 1871 00b8 BEE7     		b	.L167
 1872              	.L169:
1031:Drivers/STM32F4xx_HAL_Driver/Src/stm32f4xx_hal_rcc.c ****   }
 1873              		.loc 1 1031 5 is_stmt 1 view .LVU585
1031:Drivers/STM32F4xx_HAL_Driver/Src/stm32f4xx_hal_rcc.c ****   }
 1874              		.loc 1 1031 33 is_stmt 0 view .LVU586
 1875 00ba 0023     		movs	r3, #0
 1876 00bc 4361     		str	r3, [r0, #20]
 1877 00be C2E7     		b	.L170
 1878              	.L171:
1041:Drivers/STM32F4xx_HAL_Driver/Src/stm32f4xx_hal_rcc.c ****   }
 1879              		.loc 1 1041 5 is_stmt 1 view .LVU587
1041:Drivers/STM32F4xx_HAL_Driver/Src/stm32f4xx_hal_rcc.c ****   }
 1880              		.loc 1 1041 37 is_stmt 0 view .LVU588
 1881 00c0 0123     		movs	r3, #1
 1882 00c2 8361     		str	r3, [r0, #24]
 1883 00c4 C6E7     		b	.L172
 1884              	.L174:
 1885 00c6 00BF     		.align	2
 1886              	.L173:
 1887 00c8 00380240 		.word	1073887232
 1888              		.cfi_endproc
 1889              	.LFE144:
ARM GAS  C:\Users\Ebrahim\AppData\Local\Temp\ccIRI20i.s 			page 57


 1891              		.section	.text.HAL_RCC_GetClockConfig,"ax",%progbits
 1892              		.align	1
 1893              		.global	HAL_RCC_GetClockConfig
 1894              		.syntax unified
 1895              		.thumb
 1896              		.thumb_func
 1898              	HAL_RCC_GetClockConfig:
 1899              	.LVL106:
 1900              	.LFB145:
1049:Drivers/STM32F4xx_HAL_Driver/Src/stm32f4xx_hal_rcc.c **** 
1050:Drivers/STM32F4xx_HAL_Driver/Src/stm32f4xx_hal_rcc.c **** /**
1051:Drivers/STM32F4xx_HAL_Driver/Src/stm32f4xx_hal_rcc.c ****   * @brief  Configures the RCC_ClkInitStruct according to the internal
1052:Drivers/STM32F4xx_HAL_Driver/Src/stm32f4xx_hal_rcc.c ****   * RCC configuration registers.
1053:Drivers/STM32F4xx_HAL_Driver/Src/stm32f4xx_hal_rcc.c ****   * @param  RCC_ClkInitStruct pointer to an RCC_ClkInitTypeDef structure that
1054:Drivers/STM32F4xx_HAL_Driver/Src/stm32f4xx_hal_rcc.c ****   * will be configured.
1055:Drivers/STM32F4xx_HAL_Driver/Src/stm32f4xx_hal_rcc.c ****   * @param  pFLatency Pointer on the Flash Latency.
1056:Drivers/STM32F4xx_HAL_Driver/Src/stm32f4xx_hal_rcc.c ****   * @retval None
1057:Drivers/STM32F4xx_HAL_Driver/Src/stm32f4xx_hal_rcc.c ****   */
1058:Drivers/STM32F4xx_HAL_Driver/Src/stm32f4xx_hal_rcc.c **** void HAL_RCC_GetClockConfig(RCC_ClkInitTypeDef  *RCC_ClkInitStruct, uint32_t *pFLatency)
1059:Drivers/STM32F4xx_HAL_Driver/Src/stm32f4xx_hal_rcc.c **** {
 1901              		.loc 1 1059 1 is_stmt 1 view -0
 1902              		.cfi_startproc
 1903              		@ args = 0, pretend = 0, frame = 0
 1904              		@ frame_needed = 0, uses_anonymous_args = 0
 1905              		@ link register save eliminated.
1060:Drivers/STM32F4xx_HAL_Driver/Src/stm32f4xx_hal_rcc.c ****   /* Set all possible values for the Clock type parameter --------------------*/
1061:Drivers/STM32F4xx_HAL_Driver/Src/stm32f4xx_hal_rcc.c ****   RCC_ClkInitStruct->ClockType = RCC_CLOCKTYPE_SYSCLK | RCC_CLOCKTYPE_HCLK | RCC_CLOCKTYPE_PCLK1 | 
 1906              		.loc 1 1061 3 view .LVU590
 1907              		.loc 1 1061 32 is_stmt 0 view .LVU591
 1908 0000 0F23     		movs	r3, #15
 1909 0002 0360     		str	r3, [r0]
1062:Drivers/STM32F4xx_HAL_Driver/Src/stm32f4xx_hal_rcc.c **** 
1063:Drivers/STM32F4xx_HAL_Driver/Src/stm32f4xx_hal_rcc.c ****   /* Get the SYSCLK configuration --------------------------------------------*/
1064:Drivers/STM32F4xx_HAL_Driver/Src/stm32f4xx_hal_rcc.c ****   RCC_ClkInitStruct->SYSCLKSource = (uint32_t)(RCC->CFGR & RCC_CFGR_SW);
 1910              		.loc 1 1064 3 is_stmt 1 view .LVU592
 1911              		.loc 1 1064 51 is_stmt 0 view .LVU593
 1912 0004 0B4B     		ldr	r3, .L176
 1913 0006 9A68     		ldr	r2, [r3, #8]
 1914              		.loc 1 1064 37 view .LVU594
 1915 0008 02F00302 		and	r2, r2, #3
 1916              		.loc 1 1064 35 view .LVU595
 1917 000c 4260     		str	r2, [r0, #4]
1065:Drivers/STM32F4xx_HAL_Driver/Src/stm32f4xx_hal_rcc.c **** 
1066:Drivers/STM32F4xx_HAL_Driver/Src/stm32f4xx_hal_rcc.c ****   /* Get the HCLK configuration ----------------------------------------------*/
1067:Drivers/STM32F4xx_HAL_Driver/Src/stm32f4xx_hal_rcc.c ****   RCC_ClkInitStruct->AHBCLKDivider = (uint32_t)(RCC->CFGR & RCC_CFGR_HPRE);
 1918              		.loc 1 1067 3 is_stmt 1 view .LVU596
 1919              		.loc 1 1067 52 is_stmt 0 view .LVU597
 1920 000e 9A68     		ldr	r2, [r3, #8]
 1921              		.loc 1 1067 38 view .LVU598
 1922 0010 02F0F002 		and	r2, r2, #240
 1923              		.loc 1 1067 36 view .LVU599
 1924 0014 8260     		str	r2, [r0, #8]
1068:Drivers/STM32F4xx_HAL_Driver/Src/stm32f4xx_hal_rcc.c **** 
1069:Drivers/STM32F4xx_HAL_Driver/Src/stm32f4xx_hal_rcc.c ****   /* Get the APB1 configuration ----------------------------------------------*/
1070:Drivers/STM32F4xx_HAL_Driver/Src/stm32f4xx_hal_rcc.c ****   RCC_ClkInitStruct->APB1CLKDivider = (uint32_t)(RCC->CFGR & RCC_CFGR_PPRE1);
 1925              		.loc 1 1070 3 is_stmt 1 view .LVU600
 1926              		.loc 1 1070 53 is_stmt 0 view .LVU601
ARM GAS  C:\Users\Ebrahim\AppData\Local\Temp\ccIRI20i.s 			page 58


 1927 0016 9A68     		ldr	r2, [r3, #8]
 1928              		.loc 1 1070 39 view .LVU602
 1929 0018 02F4E052 		and	r2, r2, #7168
 1930              		.loc 1 1070 37 view .LVU603
 1931 001c C260     		str	r2, [r0, #12]
1071:Drivers/STM32F4xx_HAL_Driver/Src/stm32f4xx_hal_rcc.c **** 
1072:Drivers/STM32F4xx_HAL_Driver/Src/stm32f4xx_hal_rcc.c ****   /* Get the APB2 configuration ----------------------------------------------*/
1073:Drivers/STM32F4xx_HAL_Driver/Src/stm32f4xx_hal_rcc.c ****   RCC_ClkInitStruct->APB2CLKDivider = (uint32_t)((RCC->CFGR & RCC_CFGR_PPRE2) >> 3U);
 1932              		.loc 1 1073 3 is_stmt 1 view .LVU604
 1933              		.loc 1 1073 54 is_stmt 0 view .LVU605
 1934 001e 9B68     		ldr	r3, [r3, #8]
 1935              		.loc 1 1073 39 view .LVU606
 1936 0020 DB08     		lsrs	r3, r3, #3
 1937 0022 03F4E053 		and	r3, r3, #7168
 1938              		.loc 1 1073 37 view .LVU607
 1939 0026 0361     		str	r3, [r0, #16]
1074:Drivers/STM32F4xx_HAL_Driver/Src/stm32f4xx_hal_rcc.c **** 
1075:Drivers/STM32F4xx_HAL_Driver/Src/stm32f4xx_hal_rcc.c ****   /* Get the Flash Wait State (Latency) configuration ------------------------*/
1076:Drivers/STM32F4xx_HAL_Driver/Src/stm32f4xx_hal_rcc.c ****   *pFLatency = (uint32_t)(FLASH->ACR & FLASH_ACR_LATENCY);
 1940              		.loc 1 1076 3 is_stmt 1 view .LVU608
 1941              		.loc 1 1076 32 is_stmt 0 view .LVU609
 1942 0028 034B     		ldr	r3, .L176+4
 1943 002a 1B68     		ldr	r3, [r3]
 1944              		.loc 1 1076 16 view .LVU610
 1945 002c 03F00F03 		and	r3, r3, #15
 1946              		.loc 1 1076 14 view .LVU611
 1947 0030 0B60     		str	r3, [r1]
1077:Drivers/STM32F4xx_HAL_Driver/Src/stm32f4xx_hal_rcc.c **** }
 1948              		.loc 1 1077 1 view .LVU612
 1949 0032 7047     		bx	lr
 1950              	.L177:
 1951              		.align	2
 1952              	.L176:
 1953 0034 00380240 		.word	1073887232
 1954 0038 003C0240 		.word	1073888256
 1955              		.cfi_endproc
 1956              	.LFE145:
 1958              		.section	.text.HAL_RCC_CSSCallback,"ax",%progbits
 1959              		.align	1
 1960              		.weak	HAL_RCC_CSSCallback
 1961              		.syntax unified
 1962              		.thumb
 1963              		.thumb_func
 1965              	HAL_RCC_CSSCallback:
 1966              	.LFB147:
1078:Drivers/STM32F4xx_HAL_Driver/Src/stm32f4xx_hal_rcc.c **** 
1079:Drivers/STM32F4xx_HAL_Driver/Src/stm32f4xx_hal_rcc.c **** /**
1080:Drivers/STM32F4xx_HAL_Driver/Src/stm32f4xx_hal_rcc.c ****   * @brief This function handles the RCC CSS interrupt request.
1081:Drivers/STM32F4xx_HAL_Driver/Src/stm32f4xx_hal_rcc.c ****   * @note This API should be called under the NMI_Handler().
1082:Drivers/STM32F4xx_HAL_Driver/Src/stm32f4xx_hal_rcc.c ****   * @retval None
1083:Drivers/STM32F4xx_HAL_Driver/Src/stm32f4xx_hal_rcc.c ****   */
1084:Drivers/STM32F4xx_HAL_Driver/Src/stm32f4xx_hal_rcc.c **** void HAL_RCC_NMI_IRQHandler(void)
1085:Drivers/STM32F4xx_HAL_Driver/Src/stm32f4xx_hal_rcc.c **** {
1086:Drivers/STM32F4xx_HAL_Driver/Src/stm32f4xx_hal_rcc.c ****   /* Check RCC CSSF flag  */
1087:Drivers/STM32F4xx_HAL_Driver/Src/stm32f4xx_hal_rcc.c ****   if (__HAL_RCC_GET_IT(RCC_IT_CSS))
1088:Drivers/STM32F4xx_HAL_Driver/Src/stm32f4xx_hal_rcc.c ****   {
1089:Drivers/STM32F4xx_HAL_Driver/Src/stm32f4xx_hal_rcc.c ****     /* RCC Clock Security System interrupt user callback */
ARM GAS  C:\Users\Ebrahim\AppData\Local\Temp\ccIRI20i.s 			page 59


1090:Drivers/STM32F4xx_HAL_Driver/Src/stm32f4xx_hal_rcc.c ****     HAL_RCC_CSSCallback();
1091:Drivers/STM32F4xx_HAL_Driver/Src/stm32f4xx_hal_rcc.c **** 
1092:Drivers/STM32F4xx_HAL_Driver/Src/stm32f4xx_hal_rcc.c ****     /* Clear RCC CSS pending bit */
1093:Drivers/STM32F4xx_HAL_Driver/Src/stm32f4xx_hal_rcc.c ****     __HAL_RCC_CLEAR_IT(RCC_IT_CSS);
1094:Drivers/STM32F4xx_HAL_Driver/Src/stm32f4xx_hal_rcc.c ****   }
1095:Drivers/STM32F4xx_HAL_Driver/Src/stm32f4xx_hal_rcc.c **** }
1096:Drivers/STM32F4xx_HAL_Driver/Src/stm32f4xx_hal_rcc.c **** 
1097:Drivers/STM32F4xx_HAL_Driver/Src/stm32f4xx_hal_rcc.c **** /**
1098:Drivers/STM32F4xx_HAL_Driver/Src/stm32f4xx_hal_rcc.c ****   * @brief  RCC Clock Security System interrupt callback
1099:Drivers/STM32F4xx_HAL_Driver/Src/stm32f4xx_hal_rcc.c ****   * @retval None
1100:Drivers/STM32F4xx_HAL_Driver/Src/stm32f4xx_hal_rcc.c ****   */
1101:Drivers/STM32F4xx_HAL_Driver/Src/stm32f4xx_hal_rcc.c **** __weak void HAL_RCC_CSSCallback(void)
1102:Drivers/STM32F4xx_HAL_Driver/Src/stm32f4xx_hal_rcc.c **** {
 1967              		.loc 1 1102 1 is_stmt 1 view -0
 1968              		.cfi_startproc
 1969              		@ args = 0, pretend = 0, frame = 0
 1970              		@ frame_needed = 0, uses_anonymous_args = 0
 1971              		@ link register save eliminated.
1103:Drivers/STM32F4xx_HAL_Driver/Src/stm32f4xx_hal_rcc.c ****   /* NOTE : This function Should not be modified, when the callback is needed,
1104:Drivers/STM32F4xx_HAL_Driver/Src/stm32f4xx_hal_rcc.c ****             the HAL_RCC_CSSCallback could be implemented in the user file
1105:Drivers/STM32F4xx_HAL_Driver/Src/stm32f4xx_hal_rcc.c ****    */
1106:Drivers/STM32F4xx_HAL_Driver/Src/stm32f4xx_hal_rcc.c **** }
 1972              		.loc 1 1106 1 view .LVU614
 1973 0000 7047     		bx	lr
 1974              		.cfi_endproc
 1975              	.LFE147:
 1977              		.section	.text.HAL_RCC_NMI_IRQHandler,"ax",%progbits
 1978              		.align	1
 1979              		.global	HAL_RCC_NMI_IRQHandler
 1980              		.syntax unified
 1981              		.thumb
 1982              		.thumb_func
 1984              	HAL_RCC_NMI_IRQHandler:
 1985              	.LFB146:
1085:Drivers/STM32F4xx_HAL_Driver/Src/stm32f4xx_hal_rcc.c ****   /* Check RCC CSSF flag  */
 1986              		.loc 1 1085 1 view -0
 1987              		.cfi_startproc
 1988              		@ args = 0, pretend = 0, frame = 0
 1989              		@ frame_needed = 0, uses_anonymous_args = 0
 1990 0000 08B5     		push	{r3, lr}
 1991              	.LCFI16:
 1992              		.cfi_def_cfa_offset 8
 1993              		.cfi_offset 3, -8
 1994              		.cfi_offset 14, -4
1087:Drivers/STM32F4xx_HAL_Driver/Src/stm32f4xx_hal_rcc.c ****   {
 1995              		.loc 1 1087 3 view .LVU616
1087:Drivers/STM32F4xx_HAL_Driver/Src/stm32f4xx_hal_rcc.c ****   {
 1996              		.loc 1 1087 7 is_stmt 0 view .LVU617
 1997 0002 064B     		ldr	r3, .L183
 1998 0004 DB68     		ldr	r3, [r3, #12]
1087:Drivers/STM32F4xx_HAL_Driver/Src/stm32f4xx_hal_rcc.c ****   {
 1999              		.loc 1 1087 6 view .LVU618
 2000 0006 13F0800F 		tst	r3, #128
 2001 000a 00D1     		bne	.L182
 2002              	.L179:
1095:Drivers/STM32F4xx_HAL_Driver/Src/stm32f4xx_hal_rcc.c **** 
 2003              		.loc 1 1095 1 view .LVU619
ARM GAS  C:\Users\Ebrahim\AppData\Local\Temp\ccIRI20i.s 			page 60


 2004 000c 08BD     		pop	{r3, pc}
 2005              	.L182:
1090:Drivers/STM32F4xx_HAL_Driver/Src/stm32f4xx_hal_rcc.c **** 
 2006              		.loc 1 1090 5 is_stmt 1 view .LVU620
 2007 000e FFF7FEFF 		bl	HAL_RCC_CSSCallback
 2008              	.LVL107:
1093:Drivers/STM32F4xx_HAL_Driver/Src/stm32f4xx_hal_rcc.c ****   }
 2009              		.loc 1 1093 5 view .LVU621
 2010 0012 024B     		ldr	r3, .L183
 2011 0014 8022     		movs	r2, #128
 2012 0016 9A73     		strb	r2, [r3, #14]
1095:Drivers/STM32F4xx_HAL_Driver/Src/stm32f4xx_hal_rcc.c **** 
 2013              		.loc 1 1095 1 is_stmt 0 view .LVU622
 2014 0018 F8E7     		b	.L179
 2015              	.L184:
 2016 001a 00BF     		.align	2
 2017              	.L183:
 2018 001c 00380240 		.word	1073887232
 2019              		.cfi_endproc
 2020              	.LFE146:
 2022              		.text
 2023              	.Letext0:
 2024              		.file 2 "C:\\ST\\STM32CubeIDE_1.19.0\\STM32CubeIDE\\plugins\\com.st.stm32cube.ide.mcu.externaltool
 2025              		.file 3 "C:\\ST\\STM32CubeIDE_1.19.0\\STM32CubeIDE\\plugins\\com.st.stm32cube.ide.mcu.externaltool
 2026              		.file 4 "Drivers/CMSIS/Device/ST/STM32F4xx/Include/system_stm32f4xx.h"
 2027              		.file 5 "Drivers/CMSIS/Device/ST/STM32F4xx/Include/stm32f446xx.h"
 2028              		.file 6 "Drivers/CMSIS/Device/ST/STM32F4xx/Include/stm32f4xx.h"
 2029              		.file 7 "Drivers/STM32F4xx_HAL_Driver/Inc/stm32f4xx_hal_def.h"
 2030              		.file 8 "Drivers/STM32F4xx_HAL_Driver/Inc/stm32f4xx_hal_rcc_ex.h"
 2031              		.file 9 "Drivers/STM32F4xx_HAL_Driver/Inc/stm32f4xx_hal_rcc.h"
 2032              		.file 10 "Drivers/STM32F4xx_HAL_Driver/Inc/stm32f4xx_hal_gpio.h"
 2033              		.file 11 "Drivers/STM32F4xx_HAL_Driver/Inc/stm32f4xx_hal.h"
ARM GAS  C:\Users\Ebrahim\AppData\Local\Temp\ccIRI20i.s 			page 61


DEFINED SYMBOLS
                            *ABS*:00000000 stm32f4xx_hal_rcc.c
C:\Users\Ebrahim\AppData\Local\Temp\ccIRI20i.s:19     .text.HAL_RCC_DeInit:00000000 $t
C:\Users\Ebrahim\AppData\Local\Temp\ccIRI20i.s:25     .text.HAL_RCC_DeInit:00000000 HAL_RCC_DeInit
C:\Users\Ebrahim\AppData\Local\Temp\ccIRI20i.s:40     .text.HAL_RCC_OscConfig:00000000 $t
C:\Users\Ebrahim\AppData\Local\Temp\ccIRI20i.s:46     .text.HAL_RCC_OscConfig:00000000 HAL_RCC_OscConfig
C:\Users\Ebrahim\AppData\Local\Temp\ccIRI20i.s:590    .text.HAL_RCC_OscConfig:00000294 $d
C:\Users\Ebrahim\AppData\Local\Temp\ccIRI20i.s:596    .text.HAL_RCC_OscConfig:000002a0 $t
C:\Users\Ebrahim\AppData\Local\Temp\ccIRI20i.s:919    .text.HAL_RCC_OscConfig:00000400 $d
C:\Users\Ebrahim\AppData\Local\Temp\ccIRI20i.s:925    .text.HAL_RCC_MCOConfig:00000000 $t
C:\Users\Ebrahim\AppData\Local\Temp\ccIRI20i.s:931    .text.HAL_RCC_MCOConfig:00000000 HAL_RCC_MCOConfig
C:\Users\Ebrahim\AppData\Local\Temp\ccIRI20i.s:1087   .text.HAL_RCC_MCOConfig:00000090 $d
C:\Users\Ebrahim\AppData\Local\Temp\ccIRI20i.s:1094   .text.HAL_RCC_EnableCSS:00000000 $t
C:\Users\Ebrahim\AppData\Local\Temp\ccIRI20i.s:1100   .text.HAL_RCC_EnableCSS:00000000 HAL_RCC_EnableCSS
C:\Users\Ebrahim\AppData\Local\Temp\ccIRI20i.s:1117   .text.HAL_RCC_EnableCSS:00000008 $d
C:\Users\Ebrahim\AppData\Local\Temp\ccIRI20i.s:1122   .text.HAL_RCC_DisableCSS:00000000 $t
C:\Users\Ebrahim\AppData\Local\Temp\ccIRI20i.s:1128   .text.HAL_RCC_DisableCSS:00000000 HAL_RCC_DisableCSS
C:\Users\Ebrahim\AppData\Local\Temp\ccIRI20i.s:1145   .text.HAL_RCC_DisableCSS:00000008 $d
C:\Users\Ebrahim\AppData\Local\Temp\ccIRI20i.s:1151   .text.HAL_RCC_GetSysClockFreq:00000000 $t
C:\Users\Ebrahim\AppData\Local\Temp\ccIRI20i.s:1157   .text.HAL_RCC_GetSysClockFreq:00000000 HAL_RCC_GetSysClockFreq
C:\Users\Ebrahim\AppData\Local\Temp\ccIRI20i.s:1276   .text.HAL_RCC_GetSysClockFreq:0000009c $d
C:\Users\Ebrahim\AppData\Local\Temp\ccIRI20i.s:1283   .text.HAL_RCC_ClockConfig:00000000 $t
C:\Users\Ebrahim\AppData\Local\Temp\ccIRI20i.s:1289   .text.HAL_RCC_ClockConfig:00000000 HAL_RCC_ClockConfig
C:\Users\Ebrahim\AppData\Local\Temp\ccIRI20i.s:1584   .text.HAL_RCC_ClockConfig:0000014c $d
C:\Users\Ebrahim\AppData\Local\Temp\ccIRI20i.s:1593   .text.HAL_RCC_GetHCLKFreq:00000000 $t
C:\Users\Ebrahim\AppData\Local\Temp\ccIRI20i.s:1599   .text.HAL_RCC_GetHCLKFreq:00000000 HAL_RCC_GetHCLKFreq
C:\Users\Ebrahim\AppData\Local\Temp\ccIRI20i.s:1614   .text.HAL_RCC_GetHCLKFreq:00000008 $d
C:\Users\Ebrahim\AppData\Local\Temp\ccIRI20i.s:1619   .text.HAL_RCC_GetPCLK1Freq:00000000 $t
C:\Users\Ebrahim\AppData\Local\Temp\ccIRI20i.s:1625   .text.HAL_RCC_GetPCLK1Freq:00000000 HAL_RCC_GetPCLK1Freq
C:\Users\Ebrahim\AppData\Local\Temp\ccIRI20i.s:1654   .text.HAL_RCC_GetPCLK1Freq:00000018 $d
C:\Users\Ebrahim\AppData\Local\Temp\ccIRI20i.s:1660   .text.HAL_RCC_GetPCLK2Freq:00000000 $t
C:\Users\Ebrahim\AppData\Local\Temp\ccIRI20i.s:1666   .text.HAL_RCC_GetPCLK2Freq:00000000 HAL_RCC_GetPCLK2Freq
C:\Users\Ebrahim\AppData\Local\Temp\ccIRI20i.s:1695   .text.HAL_RCC_GetPCLK2Freq:00000018 $d
C:\Users\Ebrahim\AppData\Local\Temp\ccIRI20i.s:1701   .text.HAL_RCC_GetOscConfig:00000000 $t
C:\Users\Ebrahim\AppData\Local\Temp\ccIRI20i.s:1707   .text.HAL_RCC_GetOscConfig:00000000 HAL_RCC_GetOscConfig
C:\Users\Ebrahim\AppData\Local\Temp\ccIRI20i.s:1887   .text.HAL_RCC_GetOscConfig:000000c8 $d
C:\Users\Ebrahim\AppData\Local\Temp\ccIRI20i.s:1892   .text.HAL_RCC_GetClockConfig:00000000 $t
C:\Users\Ebrahim\AppData\Local\Temp\ccIRI20i.s:1898   .text.HAL_RCC_GetClockConfig:00000000 HAL_RCC_GetClockConfig
C:\Users\Ebrahim\AppData\Local\Temp\ccIRI20i.s:1953   .text.HAL_RCC_GetClockConfig:00000034 $d
C:\Users\Ebrahim\AppData\Local\Temp\ccIRI20i.s:1959   .text.HAL_RCC_CSSCallback:00000000 $t
C:\Users\Ebrahim\AppData\Local\Temp\ccIRI20i.s:1965   .text.HAL_RCC_CSSCallback:00000000 HAL_RCC_CSSCallback
C:\Users\Ebrahim\AppData\Local\Temp\ccIRI20i.s:1978   .text.HAL_RCC_NMI_IRQHandler:00000000 $t
C:\Users\Ebrahim\AppData\Local\Temp\ccIRI20i.s:1984   .text.HAL_RCC_NMI_IRQHandler:00000000 HAL_RCC_NMI_IRQHandler
C:\Users\Ebrahim\AppData\Local\Temp\ccIRI20i.s:2018   .text.HAL_RCC_NMI_IRQHandler:0000001c $d

UNDEFINED SYMBOLS
HAL_GetTick
HAL_GPIO_Init
__aeabi_uldivmod
HAL_InitTick
AHBPrescTable
SystemCoreClock
uwTickPrio
APBPrescTable
