ARM GAS  C:\Users\Ebrahim\AppData\Local\Temp\ccoXyWuB.s 			page 1


   1              		.cpu cortex-m4
   2              		.arch armv7e-m
   3              		.fpu softvfp
   4              		.eabi_attribute 20, 1
   5              		.eabi_attribute 21, 1
   6              		.eabi_attribute 23, 3
   7              		.eabi_attribute 24, 1
   8              		.eabi_attribute 25, 1
   9              		.eabi_attribute 26, 1
  10              		.eabi_attribute 30, 1
  11              		.eabi_attribute 34, 1
  12              		.eabi_attribute 18, 4
  13              		.file	"stm32f4xx_hal_rcc_ex.c"
  14              		.text
  15              	.Ltext0:
  16              		.cfi_sections	.debug_frame
  17              		.file 1 "Drivers/STM32F4xx_HAL_Driver/Src/stm32f4xx_hal_rcc_ex.c"
  18              		.section	.text.HAL_RCCEx_PeriphCLKConfig,"ax",%progbits
  19              		.align	1
  20              		.global	HAL_RCCEx_PeriphCLKConfig
  21              		.syntax unified
  22              		.thumb
  23              		.thumb_func
  25              	HAL_RCCEx_PeriphCLKConfig:
  26              	.LVL0:
  27              	.LFB134:
   1:Drivers/STM32F4xx_HAL_Driver/Src/stm32f4xx_hal_rcc_ex.c **** /**
   2:Drivers/STM32F4xx_HAL_Driver/Src/stm32f4xx_hal_rcc_ex.c ****   ******************************************************************************
   3:Drivers/STM32F4xx_HAL_Driver/Src/stm32f4xx_hal_rcc_ex.c ****   * @file    stm32f4xx_hal_rcc_ex.c
   4:Drivers/STM32F4xx_HAL_Driver/Src/stm32f4xx_hal_rcc_ex.c ****   * @author  MCD Application Team
   5:Drivers/STM32F4xx_HAL_Driver/Src/stm32f4xx_hal_rcc_ex.c ****   * @brief   Extension RCC HAL module driver.
   6:Drivers/STM32F4xx_HAL_Driver/Src/stm32f4xx_hal_rcc_ex.c ****   *          This file provides firmware functions to manage the following
   7:Drivers/STM32F4xx_HAL_Driver/Src/stm32f4xx_hal_rcc_ex.c ****   *          functionalities RCC extension peripheral:
   8:Drivers/STM32F4xx_HAL_Driver/Src/stm32f4xx_hal_rcc_ex.c ****   *           + Extended Peripheral Control functions
   9:Drivers/STM32F4xx_HAL_Driver/Src/stm32f4xx_hal_rcc_ex.c ****   *
  10:Drivers/STM32F4xx_HAL_Driver/Src/stm32f4xx_hal_rcc_ex.c ****   ******************************************************************************
  11:Drivers/STM32F4xx_HAL_Driver/Src/stm32f4xx_hal_rcc_ex.c ****   * @attention
  12:Drivers/STM32F4xx_HAL_Driver/Src/stm32f4xx_hal_rcc_ex.c ****   *
  13:Drivers/STM32F4xx_HAL_Driver/Src/stm32f4xx_hal_rcc_ex.c ****   * Copyright (c) 2017 STMicroelectronics.
  14:Drivers/STM32F4xx_HAL_Driver/Src/stm32f4xx_hal_rcc_ex.c ****   * All rights reserved.
  15:Drivers/STM32F4xx_HAL_Driver/Src/stm32f4xx_hal_rcc_ex.c ****   *
  16:Drivers/STM32F4xx_HAL_Driver/Src/stm32f4xx_hal_rcc_ex.c ****   * This software is licensed under terms that can be found in the LICENSE file in
  17:Drivers/STM32F4xx_HAL_Driver/Src/stm32f4xx_hal_rcc_ex.c ****   * the root directory of this software component.
  18:Drivers/STM32F4xx_HAL_Driver/Src/stm32f4xx_hal_rcc_ex.c ****   * If no LICENSE file comes with this software, it is provided AS-IS.
  19:Drivers/STM32F4xx_HAL_Driver/Src/stm32f4xx_hal_rcc_ex.c ****   ******************************************************************************
  20:Drivers/STM32F4xx_HAL_Driver/Src/stm32f4xx_hal_rcc_ex.c ****   */
  21:Drivers/STM32F4xx_HAL_Driver/Src/stm32f4xx_hal_rcc_ex.c **** 
  22:Drivers/STM32F4xx_HAL_Driver/Src/stm32f4xx_hal_rcc_ex.c **** /* Includes ------------------------------------------------------------------*/
  23:Drivers/STM32F4xx_HAL_Driver/Src/stm32f4xx_hal_rcc_ex.c **** #include "stm32f4xx_hal.h"
  24:Drivers/STM32F4xx_HAL_Driver/Src/stm32f4xx_hal_rcc_ex.c **** 
  25:Drivers/STM32F4xx_HAL_Driver/Src/stm32f4xx_hal_rcc_ex.c **** /** @addtogroup STM32F4xx_HAL_Driver
  26:Drivers/STM32F4xx_HAL_Driver/Src/stm32f4xx_hal_rcc_ex.c ****   * @{
  27:Drivers/STM32F4xx_HAL_Driver/Src/stm32f4xx_hal_rcc_ex.c ****   */
  28:Drivers/STM32F4xx_HAL_Driver/Src/stm32f4xx_hal_rcc_ex.c **** 
  29:Drivers/STM32F4xx_HAL_Driver/Src/stm32f4xx_hal_rcc_ex.c **** /** @defgroup RCCEx RCCEx
  30:Drivers/STM32F4xx_HAL_Driver/Src/stm32f4xx_hal_rcc_ex.c ****   * @brief RCCEx HAL module driver
  31:Drivers/STM32F4xx_HAL_Driver/Src/stm32f4xx_hal_rcc_ex.c ****   * @{
ARM GAS  C:\Users\Ebrahim\AppData\Local\Temp\ccoXyWuB.s 			page 2


  32:Drivers/STM32F4xx_HAL_Driver/Src/stm32f4xx_hal_rcc_ex.c ****   */
  33:Drivers/STM32F4xx_HAL_Driver/Src/stm32f4xx_hal_rcc_ex.c **** 
  34:Drivers/STM32F4xx_HAL_Driver/Src/stm32f4xx_hal_rcc_ex.c **** #ifdef HAL_RCC_MODULE_ENABLED
  35:Drivers/STM32F4xx_HAL_Driver/Src/stm32f4xx_hal_rcc_ex.c **** 
  36:Drivers/STM32F4xx_HAL_Driver/Src/stm32f4xx_hal_rcc_ex.c **** /* Private typedef -----------------------------------------------------------*/
  37:Drivers/STM32F4xx_HAL_Driver/Src/stm32f4xx_hal_rcc_ex.c **** /* Private define ------------------------------------------------------------*/
  38:Drivers/STM32F4xx_HAL_Driver/Src/stm32f4xx_hal_rcc_ex.c **** /** @addtogroup RCCEx_Private_Constants
  39:Drivers/STM32F4xx_HAL_Driver/Src/stm32f4xx_hal_rcc_ex.c ****   * @{
  40:Drivers/STM32F4xx_HAL_Driver/Src/stm32f4xx_hal_rcc_ex.c ****   */
  41:Drivers/STM32F4xx_HAL_Driver/Src/stm32f4xx_hal_rcc_ex.c **** /**
  42:Drivers/STM32F4xx_HAL_Driver/Src/stm32f4xx_hal_rcc_ex.c ****   * @}
  43:Drivers/STM32F4xx_HAL_Driver/Src/stm32f4xx_hal_rcc_ex.c ****   */
  44:Drivers/STM32F4xx_HAL_Driver/Src/stm32f4xx_hal_rcc_ex.c **** /* Private macro -------------------------------------------------------------*/
  45:Drivers/STM32F4xx_HAL_Driver/Src/stm32f4xx_hal_rcc_ex.c **** /* Private variables ---------------------------------------------------------*/
  46:Drivers/STM32F4xx_HAL_Driver/Src/stm32f4xx_hal_rcc_ex.c **** /* Private function prototypes -----------------------------------------------*/
  47:Drivers/STM32F4xx_HAL_Driver/Src/stm32f4xx_hal_rcc_ex.c **** /* Private functions ---------------------------------------------------------*/
  48:Drivers/STM32F4xx_HAL_Driver/Src/stm32f4xx_hal_rcc_ex.c **** /** @defgroup RCCEx_Exported_Functions RCCEx Exported Functions
  49:Drivers/STM32F4xx_HAL_Driver/Src/stm32f4xx_hal_rcc_ex.c ****   *  @{
  50:Drivers/STM32F4xx_HAL_Driver/Src/stm32f4xx_hal_rcc_ex.c ****   */
  51:Drivers/STM32F4xx_HAL_Driver/Src/stm32f4xx_hal_rcc_ex.c **** 
  52:Drivers/STM32F4xx_HAL_Driver/Src/stm32f4xx_hal_rcc_ex.c **** /** @defgroup RCCEx_Exported_Functions_Group1 Extended Peripheral Control functions
  53:Drivers/STM32F4xx_HAL_Driver/Src/stm32f4xx_hal_rcc_ex.c ****   *  @brief  Extended Peripheral Control functions
  54:Drivers/STM32F4xx_HAL_Driver/Src/stm32f4xx_hal_rcc_ex.c ****   *
  55:Drivers/STM32F4xx_HAL_Driver/Src/stm32f4xx_hal_rcc_ex.c **** @verbatim
  56:Drivers/STM32F4xx_HAL_Driver/Src/stm32f4xx_hal_rcc_ex.c ****  ===============================================================================
  57:Drivers/STM32F4xx_HAL_Driver/Src/stm32f4xx_hal_rcc_ex.c ****                 ##### Extended Peripheral Control functions  #####
  58:Drivers/STM32F4xx_HAL_Driver/Src/stm32f4xx_hal_rcc_ex.c ****  ===============================================================================
  59:Drivers/STM32F4xx_HAL_Driver/Src/stm32f4xx_hal_rcc_ex.c ****     [..]
  60:Drivers/STM32F4xx_HAL_Driver/Src/stm32f4xx_hal_rcc_ex.c ****     This subsection provides a set of functions allowing to control the RCC Clocks
  61:Drivers/STM32F4xx_HAL_Driver/Src/stm32f4xx_hal_rcc_ex.c ****     frequencies.
  62:Drivers/STM32F4xx_HAL_Driver/Src/stm32f4xx_hal_rcc_ex.c ****     [..]
  63:Drivers/STM32F4xx_HAL_Driver/Src/stm32f4xx_hal_rcc_ex.c ****     (@) Important note: Care must be taken when HAL_RCCEx_PeriphCLKConfig() is used to
  64:Drivers/STM32F4xx_HAL_Driver/Src/stm32f4xx_hal_rcc_ex.c ****         select the RTC clock source; in this case the Backup domain will be reset in
  65:Drivers/STM32F4xx_HAL_Driver/Src/stm32f4xx_hal_rcc_ex.c ****         order to modify the RTC Clock source, as consequence RTC registers (including
  66:Drivers/STM32F4xx_HAL_Driver/Src/stm32f4xx_hal_rcc_ex.c ****         the backup registers) and RCC_BDCR register are set to their reset values.
  67:Drivers/STM32F4xx_HAL_Driver/Src/stm32f4xx_hal_rcc_ex.c **** 
  68:Drivers/STM32F4xx_HAL_Driver/Src/stm32f4xx_hal_rcc_ex.c **** @endverbatim
  69:Drivers/STM32F4xx_HAL_Driver/Src/stm32f4xx_hal_rcc_ex.c ****   * @{
  70:Drivers/STM32F4xx_HAL_Driver/Src/stm32f4xx_hal_rcc_ex.c ****   */
  71:Drivers/STM32F4xx_HAL_Driver/Src/stm32f4xx_hal_rcc_ex.c **** 
  72:Drivers/STM32F4xx_HAL_Driver/Src/stm32f4xx_hal_rcc_ex.c **** #if defined(STM32F446xx)
  73:Drivers/STM32F4xx_HAL_Driver/Src/stm32f4xx_hal_rcc_ex.c **** /**
  74:Drivers/STM32F4xx_HAL_Driver/Src/stm32f4xx_hal_rcc_ex.c ****   * @brief  Initializes the RCC extended peripherals clocks according to the specified
  75:Drivers/STM32F4xx_HAL_Driver/Src/stm32f4xx_hal_rcc_ex.c ****   *         parameters in the RCC_PeriphCLKInitTypeDef.
  76:Drivers/STM32F4xx_HAL_Driver/Src/stm32f4xx_hal_rcc_ex.c ****   * @param  PeriphClkInit pointer to an RCC_PeriphCLKInitTypeDef structure that
  77:Drivers/STM32F4xx_HAL_Driver/Src/stm32f4xx_hal_rcc_ex.c ****   *         contains the configuration information for the Extended Peripherals
  78:Drivers/STM32F4xx_HAL_Driver/Src/stm32f4xx_hal_rcc_ex.c ****   *         clocks(I2S, SAI, LTDC RTC and TIM).
  79:Drivers/STM32F4xx_HAL_Driver/Src/stm32f4xx_hal_rcc_ex.c ****   *
  80:Drivers/STM32F4xx_HAL_Driver/Src/stm32f4xx_hal_rcc_ex.c ****   * @note   Care must be taken when HAL_RCCEx_PeriphCLKConfig() is used to select
  81:Drivers/STM32F4xx_HAL_Driver/Src/stm32f4xx_hal_rcc_ex.c ****   *         the RTC clock source; in this case the Backup domain will be reset in
  82:Drivers/STM32F4xx_HAL_Driver/Src/stm32f4xx_hal_rcc_ex.c ****   *         order to modify the RTC Clock source, as consequence RTC registers (including
  83:Drivers/STM32F4xx_HAL_Driver/Src/stm32f4xx_hal_rcc_ex.c ****   *         the backup registers) and RCC_BDCR register are set to their reset values.
  84:Drivers/STM32F4xx_HAL_Driver/Src/stm32f4xx_hal_rcc_ex.c ****   *
  85:Drivers/STM32F4xx_HAL_Driver/Src/stm32f4xx_hal_rcc_ex.c ****   * @retval HAL status
  86:Drivers/STM32F4xx_HAL_Driver/Src/stm32f4xx_hal_rcc_ex.c ****   */
  87:Drivers/STM32F4xx_HAL_Driver/Src/stm32f4xx_hal_rcc_ex.c **** HAL_StatusTypeDef HAL_RCCEx_PeriphCLKConfig(RCC_PeriphCLKInitTypeDef  *PeriphClkInit)
  88:Drivers/STM32F4xx_HAL_Driver/Src/stm32f4xx_hal_rcc_ex.c **** {
ARM GAS  C:\Users\Ebrahim\AppData\Local\Temp\ccoXyWuB.s 			page 3


  28              		.loc 1 88 1 view -0
  29              		.cfi_startproc
  30              		@ args = 0, pretend = 0, frame = 8
  31              		@ frame_needed = 0, uses_anonymous_args = 0
  32              		.loc 1 88 1 is_stmt 0 view .LVU1
  33 0000 F0B5     		push	{r4, r5, r6, r7, lr}
  34              	.LCFI0:
  35              		.cfi_def_cfa_offset 20
  36              		.cfi_offset 4, -20
  37              		.cfi_offset 5, -16
  38              		.cfi_offset 6, -12
  39              		.cfi_offset 7, -8
  40              		.cfi_offset 14, -4
  41 0002 83B0     		sub	sp, sp, #12
  42              	.LCFI1:
  43              		.cfi_def_cfa_offset 32
  44 0004 0446     		mov	r4, r0
  89:Drivers/STM32F4xx_HAL_Driver/Src/stm32f4xx_hal_rcc_ex.c ****   uint32_t tickstart = 0U;
  45              		.loc 1 89 3 is_stmt 1 view .LVU2
  46              	.LVL1:
  90:Drivers/STM32F4xx_HAL_Driver/Src/stm32f4xx_hal_rcc_ex.c ****   uint32_t tmpreg1 = 0U;
  47              		.loc 1 90 3 view .LVU3
  91:Drivers/STM32F4xx_HAL_Driver/Src/stm32f4xx_hal_rcc_ex.c ****   uint32_t plli2sp = 0U;
  48              		.loc 1 91 3 view .LVU4
  92:Drivers/STM32F4xx_HAL_Driver/Src/stm32f4xx_hal_rcc_ex.c ****   uint32_t plli2sq = 0U;
  49              		.loc 1 92 3 view .LVU5
  93:Drivers/STM32F4xx_HAL_Driver/Src/stm32f4xx_hal_rcc_ex.c ****   uint32_t plli2sr = 0U;
  50              		.loc 1 93 3 view .LVU6
  94:Drivers/STM32F4xx_HAL_Driver/Src/stm32f4xx_hal_rcc_ex.c ****   uint32_t pllsaip = 0U;
  51              		.loc 1 94 3 view .LVU7
  95:Drivers/STM32F4xx_HAL_Driver/Src/stm32f4xx_hal_rcc_ex.c ****   uint32_t pllsaiq = 0U;
  52              		.loc 1 95 3 view .LVU8
  96:Drivers/STM32F4xx_HAL_Driver/Src/stm32f4xx_hal_rcc_ex.c ****   uint32_t plli2sused = 0U;
  53              		.loc 1 96 3 view .LVU9
  97:Drivers/STM32F4xx_HAL_Driver/Src/stm32f4xx_hal_rcc_ex.c ****   uint32_t pllsaiused = 0U;
  54              		.loc 1 97 3 view .LVU10
  98:Drivers/STM32F4xx_HAL_Driver/Src/stm32f4xx_hal_rcc_ex.c **** 
  99:Drivers/STM32F4xx_HAL_Driver/Src/stm32f4xx_hal_rcc_ex.c ****   /* Check the peripheral clock selection parameters */
 100:Drivers/STM32F4xx_HAL_Driver/Src/stm32f4xx_hal_rcc_ex.c ****   assert_param(IS_RCC_PERIPHCLOCK(PeriphClkInit->PeriphClockSelection));
  55              		.loc 1 100 3 view .LVU11
 101:Drivers/STM32F4xx_HAL_Driver/Src/stm32f4xx_hal_rcc_ex.c **** 
 102:Drivers/STM32F4xx_HAL_Driver/Src/stm32f4xx_hal_rcc_ex.c ****   /*------------------------ I2S APB1 configuration --------------------------*/
 103:Drivers/STM32F4xx_HAL_Driver/Src/stm32f4xx_hal_rcc_ex.c ****   if (((PeriphClkInit->PeriphClockSelection) & RCC_PERIPHCLK_I2S_APB1) == (RCC_PERIPHCLK_I2S_APB1))
  56              		.loc 1 103 3 view .LVU12
  57              		.loc 1 103 22 is_stmt 0 view .LVU13
  58 0006 0668     		ldr	r6, [r0]
  59              		.loc 1 103 6 view .LVU14
  60 0008 16F00106 		ands	r6, r6, #1
  61 000c 0DD0     		beq	.L2
 104:Drivers/STM32F4xx_HAL_Driver/Src/stm32f4xx_hal_rcc_ex.c ****   {
 105:Drivers/STM32F4xx_HAL_Driver/Src/stm32f4xx_hal_rcc_ex.c ****     /* Check the parameters */
 106:Drivers/STM32F4xx_HAL_Driver/Src/stm32f4xx_hal_rcc_ex.c ****     assert_param(IS_RCC_I2SAPB1CLKSOURCE(PeriphClkInit->I2sApb1ClockSelection));
  62              		.loc 1 106 5 is_stmt 1 view .LVU15
 107:Drivers/STM32F4xx_HAL_Driver/Src/stm32f4xx_hal_rcc_ex.c **** 
 108:Drivers/STM32F4xx_HAL_Driver/Src/stm32f4xx_hal_rcc_ex.c ****     /* Configure I2S Clock source */
 109:Drivers/STM32F4xx_HAL_Driver/Src/stm32f4xx_hal_rcc_ex.c ****     __HAL_RCC_I2S_APB1_CONFIG(PeriphClkInit->I2sApb1ClockSelection);
  63              		.loc 1 109 5 view .LVU16
ARM GAS  C:\Users\Ebrahim\AppData\Local\Temp\ccoXyWuB.s 			page 4


  64 000e 964A     		ldr	r2, .L73
  65 0010 D2F88C30 		ldr	r3, [r2, #140]
  66 0014 23F0C063 		bic	r3, r3, #100663296
  67 0018 816B     		ldr	r1, [r0, #56]
  68 001a 0B43     		orrs	r3, r3, r1
  69 001c C2F88C30 		str	r3, [r2, #140]
 110:Drivers/STM32F4xx_HAL_Driver/Src/stm32f4xx_hal_rcc_ex.c ****     /* Enable the PLLI2S when it's used as clock source for I2S */
 111:Drivers/STM32F4xx_HAL_Driver/Src/stm32f4xx_hal_rcc_ex.c ****     if (PeriphClkInit->I2sApb1ClockSelection == RCC_I2SAPB1CLKSOURCE_PLLI2S)
  70              		.loc 1 111 5 view .LVU17
  71              		.loc 1 111 22 is_stmt 0 view .LVU18
  72 0020 836B     		ldr	r3, [r0, #56]
  73              		.loc 1 111 8 view .LVU19
  74 0022 002B     		cmp	r3, #0
  75 0024 00F09B80 		beq	.L45
  96:Drivers/STM32F4xx_HAL_Driver/Src/stm32f4xx_hal_rcc_ex.c ****   uint32_t pllsaiused = 0U;
  76              		.loc 1 96 12 view .LVU20
  77 0028 0026     		movs	r6, #0
  78              	.L2:
  79              	.LVL2:
 112:Drivers/STM32F4xx_HAL_Driver/Src/stm32f4xx_hal_rcc_ex.c ****     {
 113:Drivers/STM32F4xx_HAL_Driver/Src/stm32f4xx_hal_rcc_ex.c ****       plli2sused = 1U;
 114:Drivers/STM32F4xx_HAL_Driver/Src/stm32f4xx_hal_rcc_ex.c ****     }
 115:Drivers/STM32F4xx_HAL_Driver/Src/stm32f4xx_hal_rcc_ex.c ****   }
 116:Drivers/STM32F4xx_HAL_Driver/Src/stm32f4xx_hal_rcc_ex.c ****   /*--------------------------------------------------------------------------*/
 117:Drivers/STM32F4xx_HAL_Driver/Src/stm32f4xx_hal_rcc_ex.c **** 
 118:Drivers/STM32F4xx_HAL_Driver/Src/stm32f4xx_hal_rcc_ex.c ****   /*---------------------------- I2S APB2 configuration ----------------------*/
 119:Drivers/STM32F4xx_HAL_Driver/Src/stm32f4xx_hal_rcc_ex.c ****   if (((PeriphClkInit->PeriphClockSelection) & RCC_PERIPHCLK_I2S_APB2) == (RCC_PERIPHCLK_I2S_APB2))
  80              		.loc 1 119 3 is_stmt 1 view .LVU21
  81              		.loc 1 119 22 is_stmt 0 view .LVU22
  82 002a 2368     		ldr	r3, [r4]
  83              		.loc 1 119 6 view .LVU23
  84 002c 13F0020F 		tst	r3, #2
  85 0030 0BD0     		beq	.L3
 120:Drivers/STM32F4xx_HAL_Driver/Src/stm32f4xx_hal_rcc_ex.c ****   {
 121:Drivers/STM32F4xx_HAL_Driver/Src/stm32f4xx_hal_rcc_ex.c ****     /* Check the parameters */
 122:Drivers/STM32F4xx_HAL_Driver/Src/stm32f4xx_hal_rcc_ex.c ****     assert_param(IS_RCC_I2SAPB2CLKSOURCE(PeriphClkInit->I2sApb2ClockSelection));
  86              		.loc 1 122 5 is_stmt 1 view .LVU24
 123:Drivers/STM32F4xx_HAL_Driver/Src/stm32f4xx_hal_rcc_ex.c **** 
 124:Drivers/STM32F4xx_HAL_Driver/Src/stm32f4xx_hal_rcc_ex.c ****     /* Configure I2S Clock source */
 125:Drivers/STM32F4xx_HAL_Driver/Src/stm32f4xx_hal_rcc_ex.c ****     __HAL_RCC_I2S_APB2_CONFIG(PeriphClkInit->I2sApb2ClockSelection);
  87              		.loc 1 125 5 view .LVU25
  88 0032 8D4A     		ldr	r2, .L73
  89 0034 D2F88C30 		ldr	r3, [r2, #140]
  90 0038 23F0C053 		bic	r3, r3, #402653184
  91 003c E16B     		ldr	r1, [r4, #60]
  92 003e 0B43     		orrs	r3, r3, r1
  93 0040 C2F88C30 		str	r3, [r2, #140]
 126:Drivers/STM32F4xx_HAL_Driver/Src/stm32f4xx_hal_rcc_ex.c ****     /* Enable the PLLI2S when it's used as clock source for I2S */
 127:Drivers/STM32F4xx_HAL_Driver/Src/stm32f4xx_hal_rcc_ex.c ****     if (PeriphClkInit->I2sApb2ClockSelection == RCC_I2SAPB2CLKSOURCE_PLLI2S)
  94              		.loc 1 127 5 view .LVU26
  95              		.loc 1 127 22 is_stmt 0 view .LVU27
  96 0044 E36B     		ldr	r3, [r4, #60]
  97              		.loc 1 127 8 view .LVU28
  98 0046 03B9     		cbnz	r3, .L3
 128:Drivers/STM32F4xx_HAL_Driver/Src/stm32f4xx_hal_rcc_ex.c ****     {
 129:Drivers/STM32F4xx_HAL_Driver/Src/stm32f4xx_hal_rcc_ex.c ****       plli2sused = 1U;
  99              		.loc 1 129 18 view .LVU29
ARM GAS  C:\Users\Ebrahim\AppData\Local\Temp\ccoXyWuB.s 			page 5


 100 0048 0126     		movs	r6, #1
 101              	.LVL3:
 102              	.L3:
 130:Drivers/STM32F4xx_HAL_Driver/Src/stm32f4xx_hal_rcc_ex.c ****     }
 131:Drivers/STM32F4xx_HAL_Driver/Src/stm32f4xx_hal_rcc_ex.c ****   }
 132:Drivers/STM32F4xx_HAL_Driver/Src/stm32f4xx_hal_rcc_ex.c ****   /*--------------------------------------------------------------------------*/
 133:Drivers/STM32F4xx_HAL_Driver/Src/stm32f4xx_hal_rcc_ex.c **** 
 134:Drivers/STM32F4xx_HAL_Driver/Src/stm32f4xx_hal_rcc_ex.c ****   /*--------------------------- SAI1 configuration ---------------------------*/
 135:Drivers/STM32F4xx_HAL_Driver/Src/stm32f4xx_hal_rcc_ex.c ****   if (((PeriphClkInit->PeriphClockSelection) & RCC_PERIPHCLK_SAI1) == (RCC_PERIPHCLK_SAI1))
 103              		.loc 1 135 3 is_stmt 1 view .LVU30
 104              		.loc 1 135 22 is_stmt 0 view .LVU31
 105 004a 2568     		ldr	r5, [r4]
 106              		.loc 1 135 6 view .LVU32
 107 004c 15F00405 		ands	r5, r5, #4
 108 0050 0FD0     		beq	.L4
 136:Drivers/STM32F4xx_HAL_Driver/Src/stm32f4xx_hal_rcc_ex.c ****   {
 137:Drivers/STM32F4xx_HAL_Driver/Src/stm32f4xx_hal_rcc_ex.c ****     /* Check the parameters */
 138:Drivers/STM32F4xx_HAL_Driver/Src/stm32f4xx_hal_rcc_ex.c ****     assert_param(IS_RCC_SAI1CLKSOURCE(PeriphClkInit->Sai1ClockSelection));
 109              		.loc 1 138 5 is_stmt 1 view .LVU33
 139:Drivers/STM32F4xx_HAL_Driver/Src/stm32f4xx_hal_rcc_ex.c **** 
 140:Drivers/STM32F4xx_HAL_Driver/Src/stm32f4xx_hal_rcc_ex.c ****     /* Configure SAI1 Clock source */
 141:Drivers/STM32F4xx_HAL_Driver/Src/stm32f4xx_hal_rcc_ex.c ****     __HAL_RCC_SAI1_CONFIG(PeriphClkInit->Sai1ClockSelection);
 110              		.loc 1 141 5 view .LVU34
 111 0052 854A     		ldr	r2, .L73
 112 0054 D2F88C30 		ldr	r3, [r2, #140]
 113 0058 23F44013 		bic	r3, r3, #3145728
 114 005c 216B     		ldr	r1, [r4, #48]
 115 005e 0B43     		orrs	r3, r3, r1
 116 0060 C2F88C30 		str	r3, [r2, #140]
 142:Drivers/STM32F4xx_HAL_Driver/Src/stm32f4xx_hal_rcc_ex.c ****     /* Enable the PLLI2S when it's used as clock source for SAI */
 143:Drivers/STM32F4xx_HAL_Driver/Src/stm32f4xx_hal_rcc_ex.c ****     if (PeriphClkInit->Sai1ClockSelection == RCC_SAI1CLKSOURCE_PLLI2S)
 117              		.loc 1 143 5 view .LVU35
 118              		.loc 1 143 22 is_stmt 0 view .LVU36
 119 0064 236B     		ldr	r3, [r4, #48]
 120              		.loc 1 143 8 view .LVU37
 121 0066 B3F5801F 		cmp	r3, #1048576
 122 006a 7AD0     		beq	.L60
 123              	.LVL4:
 124              	.L5:
 144:Drivers/STM32F4xx_HAL_Driver/Src/stm32f4xx_hal_rcc_ex.c ****     {
 145:Drivers/STM32F4xx_HAL_Driver/Src/stm32f4xx_hal_rcc_ex.c ****       plli2sused = 1U;
 146:Drivers/STM32F4xx_HAL_Driver/Src/stm32f4xx_hal_rcc_ex.c ****     }
 147:Drivers/STM32F4xx_HAL_Driver/Src/stm32f4xx_hal_rcc_ex.c ****     /* Enable the PLLSAI when it's used as clock source for SAI */
 148:Drivers/STM32F4xx_HAL_Driver/Src/stm32f4xx_hal_rcc_ex.c ****     if (PeriphClkInit->Sai1ClockSelection == RCC_SAI1CLKSOURCE_PLLSAI)
 125              		.loc 1 148 5 is_stmt 1 view .LVU38
 126              		.loc 1 148 8 is_stmt 0 view .LVU39
 127 006c 002B     		cmp	r3, #0
 128 006e 7AD0     		beq	.L48
  97:Drivers/STM32F4xx_HAL_Driver/Src/stm32f4xx_hal_rcc_ex.c **** 
 129              		.loc 1 97 12 view .LVU40
 130 0070 0025     		movs	r5, #0
 131              	.L4:
 132              	.LVL5:
 149:Drivers/STM32F4xx_HAL_Driver/Src/stm32f4xx_hal_rcc_ex.c ****     {
 150:Drivers/STM32F4xx_HAL_Driver/Src/stm32f4xx_hal_rcc_ex.c ****       pllsaiused = 1U;
 151:Drivers/STM32F4xx_HAL_Driver/Src/stm32f4xx_hal_rcc_ex.c ****     }
 152:Drivers/STM32F4xx_HAL_Driver/Src/stm32f4xx_hal_rcc_ex.c ****   }
ARM GAS  C:\Users\Ebrahim\AppData\Local\Temp\ccoXyWuB.s 			page 6


 153:Drivers/STM32F4xx_HAL_Driver/Src/stm32f4xx_hal_rcc_ex.c ****   /*--------------------------------------------------------------------------*/
 154:Drivers/STM32F4xx_HAL_Driver/Src/stm32f4xx_hal_rcc_ex.c **** 
 155:Drivers/STM32F4xx_HAL_Driver/Src/stm32f4xx_hal_rcc_ex.c ****   /*-------------------------- SAI2 configuration ----------------------------*/
 156:Drivers/STM32F4xx_HAL_Driver/Src/stm32f4xx_hal_rcc_ex.c ****   if (((PeriphClkInit->PeriphClockSelection) & RCC_PERIPHCLK_SAI2) == (RCC_PERIPHCLK_SAI2))
 133              		.loc 1 156 3 is_stmt 1 view .LVU41
 134              		.loc 1 156 22 is_stmt 0 view .LVU42
 135 0072 2368     		ldr	r3, [r4]
 136              		.loc 1 156 6 view .LVU43
 137 0074 13F0080F 		tst	r3, #8
 138 0078 0ED0     		beq	.L6
 157:Drivers/STM32F4xx_HAL_Driver/Src/stm32f4xx_hal_rcc_ex.c ****   {
 158:Drivers/STM32F4xx_HAL_Driver/Src/stm32f4xx_hal_rcc_ex.c ****     /* Check the parameters */
 159:Drivers/STM32F4xx_HAL_Driver/Src/stm32f4xx_hal_rcc_ex.c ****     assert_param(IS_RCC_SAI2CLKSOURCE(PeriphClkInit->Sai2ClockSelection));
 139              		.loc 1 159 5 is_stmt 1 view .LVU44
 160:Drivers/STM32F4xx_HAL_Driver/Src/stm32f4xx_hal_rcc_ex.c **** 
 161:Drivers/STM32F4xx_HAL_Driver/Src/stm32f4xx_hal_rcc_ex.c ****     /* Configure SAI2 Clock source */
 162:Drivers/STM32F4xx_HAL_Driver/Src/stm32f4xx_hal_rcc_ex.c ****     __HAL_RCC_SAI2_CONFIG(PeriphClkInit->Sai2ClockSelection);
 140              		.loc 1 162 5 view .LVU45
 141 007a 7B4A     		ldr	r2, .L73
 142 007c D2F88C30 		ldr	r3, [r2, #140]
 143 0080 23F44003 		bic	r3, r3, #12582912
 144 0084 616B     		ldr	r1, [r4, #52]
 145 0086 0B43     		orrs	r3, r3, r1
 146 0088 C2F88C30 		str	r3, [r2, #140]
 163:Drivers/STM32F4xx_HAL_Driver/Src/stm32f4xx_hal_rcc_ex.c **** 
 164:Drivers/STM32F4xx_HAL_Driver/Src/stm32f4xx_hal_rcc_ex.c ****     /* Enable the PLLI2S when it's used as clock source for SAI */
 165:Drivers/STM32F4xx_HAL_Driver/Src/stm32f4xx_hal_rcc_ex.c ****     if (PeriphClkInit->Sai2ClockSelection == RCC_SAI2CLKSOURCE_PLLI2S)
 147              		.loc 1 165 5 view .LVU46
 148              		.loc 1 165 22 is_stmt 0 view .LVU47
 149 008c 636B     		ldr	r3, [r4, #52]
 150              		.loc 1 165 8 view .LVU48
 151 008e B3F5800F 		cmp	r3, #4194304
 152 0092 6AD0     		beq	.L61
 153              	.LVL6:
 154              	.L7:
 166:Drivers/STM32F4xx_HAL_Driver/Src/stm32f4xx_hal_rcc_ex.c ****     {
 167:Drivers/STM32F4xx_HAL_Driver/Src/stm32f4xx_hal_rcc_ex.c ****       plli2sused = 1U;
 168:Drivers/STM32F4xx_HAL_Driver/Src/stm32f4xx_hal_rcc_ex.c ****     }
 169:Drivers/STM32F4xx_HAL_Driver/Src/stm32f4xx_hal_rcc_ex.c ****     /* Enable the PLLSAI when it's used as clock source for SAI */
 170:Drivers/STM32F4xx_HAL_Driver/Src/stm32f4xx_hal_rcc_ex.c ****     if (PeriphClkInit->Sai2ClockSelection == RCC_SAI2CLKSOURCE_PLLSAI)
 155              		.loc 1 170 5 is_stmt 1 view .LVU49
 156              		.loc 1 170 8 is_stmt 0 view .LVU50
 157 0094 03B9     		cbnz	r3, .L6
 171:Drivers/STM32F4xx_HAL_Driver/Src/stm32f4xx_hal_rcc_ex.c ****     {
 172:Drivers/STM32F4xx_HAL_Driver/Src/stm32f4xx_hal_rcc_ex.c ****       pllsaiused = 1U;
 158              		.loc 1 172 18 view .LVU51
 159 0096 0125     		movs	r5, #1
 160              	.LVL7:
 161              	.L6:
 173:Drivers/STM32F4xx_HAL_Driver/Src/stm32f4xx_hal_rcc_ex.c ****     }
 174:Drivers/STM32F4xx_HAL_Driver/Src/stm32f4xx_hal_rcc_ex.c ****   }
 175:Drivers/STM32F4xx_HAL_Driver/Src/stm32f4xx_hal_rcc_ex.c ****   /*--------------------------------------------------------------------------*/
 176:Drivers/STM32F4xx_HAL_Driver/Src/stm32f4xx_hal_rcc_ex.c **** 
 177:Drivers/STM32F4xx_HAL_Driver/Src/stm32f4xx_hal_rcc_ex.c ****   /*----------------------------- RTC configuration --------------------------*/
 178:Drivers/STM32F4xx_HAL_Driver/Src/stm32f4xx_hal_rcc_ex.c ****   if (((PeriphClkInit->PeriphClockSelection) & RCC_PERIPHCLK_RTC) == (RCC_PERIPHCLK_RTC))
 162              		.loc 1 178 3 is_stmt 1 view .LVU52
 163              		.loc 1 178 22 is_stmt 0 view .LVU53
ARM GAS  C:\Users\Ebrahim\AppData\Local\Temp\ccoXyWuB.s 			page 7


 164 0098 2368     		ldr	r3, [r4]
 165              		.loc 1 178 6 view .LVU54
 166 009a 13F0200F 		tst	r3, #32
 167 009e 66D1     		bne	.L62
 168              	.LVL8:
 169              	.L8:
 179:Drivers/STM32F4xx_HAL_Driver/Src/stm32f4xx_hal_rcc_ex.c ****   {
 180:Drivers/STM32F4xx_HAL_Driver/Src/stm32f4xx_hal_rcc_ex.c ****     /* Check for RTC Parameters used to output RTCCLK */
 181:Drivers/STM32F4xx_HAL_Driver/Src/stm32f4xx_hal_rcc_ex.c ****     assert_param(IS_RCC_RTCCLKSOURCE(PeriphClkInit->RTCClockSelection));
 182:Drivers/STM32F4xx_HAL_Driver/Src/stm32f4xx_hal_rcc_ex.c **** 
 183:Drivers/STM32F4xx_HAL_Driver/Src/stm32f4xx_hal_rcc_ex.c ****     /* Enable Power Clock*/
 184:Drivers/STM32F4xx_HAL_Driver/Src/stm32f4xx_hal_rcc_ex.c ****     __HAL_RCC_PWR_CLK_ENABLE();
 185:Drivers/STM32F4xx_HAL_Driver/Src/stm32f4xx_hal_rcc_ex.c **** 
 186:Drivers/STM32F4xx_HAL_Driver/Src/stm32f4xx_hal_rcc_ex.c ****     /* Enable write access to Backup domain */
 187:Drivers/STM32F4xx_HAL_Driver/Src/stm32f4xx_hal_rcc_ex.c ****     PWR->CR |= PWR_CR_DBP;
 188:Drivers/STM32F4xx_HAL_Driver/Src/stm32f4xx_hal_rcc_ex.c **** 
 189:Drivers/STM32F4xx_HAL_Driver/Src/stm32f4xx_hal_rcc_ex.c ****     /* Get tick */
 190:Drivers/STM32F4xx_HAL_Driver/Src/stm32f4xx_hal_rcc_ex.c ****     tickstart = HAL_GetTick();
 191:Drivers/STM32F4xx_HAL_Driver/Src/stm32f4xx_hal_rcc_ex.c **** 
 192:Drivers/STM32F4xx_HAL_Driver/Src/stm32f4xx_hal_rcc_ex.c ****     while ((PWR->CR & PWR_CR_DBP) == RESET)
 193:Drivers/STM32F4xx_HAL_Driver/Src/stm32f4xx_hal_rcc_ex.c ****     {
 194:Drivers/STM32F4xx_HAL_Driver/Src/stm32f4xx_hal_rcc_ex.c ****       if ((HAL_GetTick() - tickstart) > RCC_DBP_TIMEOUT_VALUE)
 195:Drivers/STM32F4xx_HAL_Driver/Src/stm32f4xx_hal_rcc_ex.c ****       {
 196:Drivers/STM32F4xx_HAL_Driver/Src/stm32f4xx_hal_rcc_ex.c ****         return HAL_TIMEOUT;
 197:Drivers/STM32F4xx_HAL_Driver/Src/stm32f4xx_hal_rcc_ex.c ****       }
 198:Drivers/STM32F4xx_HAL_Driver/Src/stm32f4xx_hal_rcc_ex.c ****     }
 199:Drivers/STM32F4xx_HAL_Driver/Src/stm32f4xx_hal_rcc_ex.c ****     /* Reset the Backup domain only if the RTC Clock source selection is modified from reset value 
 200:Drivers/STM32F4xx_HAL_Driver/Src/stm32f4xx_hal_rcc_ex.c ****     tmpreg1 = (RCC->BDCR & RCC_BDCR_RTCSEL);
 201:Drivers/STM32F4xx_HAL_Driver/Src/stm32f4xx_hal_rcc_ex.c ****     if ((tmpreg1 != 0x00000000U) && ((tmpreg1) != (PeriphClkInit->RTCClockSelection & RCC_BDCR_RTCS
 202:Drivers/STM32F4xx_HAL_Driver/Src/stm32f4xx_hal_rcc_ex.c ****     {
 203:Drivers/STM32F4xx_HAL_Driver/Src/stm32f4xx_hal_rcc_ex.c ****       /* Store the content of BDCR register before the reset of Backup Domain */
 204:Drivers/STM32F4xx_HAL_Driver/Src/stm32f4xx_hal_rcc_ex.c ****       tmpreg1 = (RCC->BDCR & ~(RCC_BDCR_RTCSEL));
 205:Drivers/STM32F4xx_HAL_Driver/Src/stm32f4xx_hal_rcc_ex.c ****       /* RTC Clock selection can be changed only if the Backup Domain is reset */
 206:Drivers/STM32F4xx_HAL_Driver/Src/stm32f4xx_hal_rcc_ex.c ****       __HAL_RCC_BACKUPRESET_FORCE();
 207:Drivers/STM32F4xx_HAL_Driver/Src/stm32f4xx_hal_rcc_ex.c ****       __HAL_RCC_BACKUPRESET_RELEASE();
 208:Drivers/STM32F4xx_HAL_Driver/Src/stm32f4xx_hal_rcc_ex.c ****       /* Restore the Content of BDCR register */
 209:Drivers/STM32F4xx_HAL_Driver/Src/stm32f4xx_hal_rcc_ex.c ****       RCC->BDCR = tmpreg1;
 210:Drivers/STM32F4xx_HAL_Driver/Src/stm32f4xx_hal_rcc_ex.c **** 
 211:Drivers/STM32F4xx_HAL_Driver/Src/stm32f4xx_hal_rcc_ex.c ****       /* Wait for LSE reactivation if LSE was enable prior to Backup Domain reset */
 212:Drivers/STM32F4xx_HAL_Driver/Src/stm32f4xx_hal_rcc_ex.c ****       if (HAL_IS_BIT_SET(RCC->BDCR, RCC_BDCR_LSEON))
 213:Drivers/STM32F4xx_HAL_Driver/Src/stm32f4xx_hal_rcc_ex.c ****       {
 214:Drivers/STM32F4xx_HAL_Driver/Src/stm32f4xx_hal_rcc_ex.c ****         /* Get tick */
 215:Drivers/STM32F4xx_HAL_Driver/Src/stm32f4xx_hal_rcc_ex.c ****         tickstart = HAL_GetTick();
 216:Drivers/STM32F4xx_HAL_Driver/Src/stm32f4xx_hal_rcc_ex.c **** 
 217:Drivers/STM32F4xx_HAL_Driver/Src/stm32f4xx_hal_rcc_ex.c ****         /* Wait till LSE is ready */
 218:Drivers/STM32F4xx_HAL_Driver/Src/stm32f4xx_hal_rcc_ex.c ****         while (__HAL_RCC_GET_FLAG(RCC_FLAG_LSERDY) == RESET)
 219:Drivers/STM32F4xx_HAL_Driver/Src/stm32f4xx_hal_rcc_ex.c ****         {
 220:Drivers/STM32F4xx_HAL_Driver/Src/stm32f4xx_hal_rcc_ex.c ****           if ((HAL_GetTick() - tickstart) > RCC_LSE_TIMEOUT_VALUE)
 221:Drivers/STM32F4xx_HAL_Driver/Src/stm32f4xx_hal_rcc_ex.c ****           {
 222:Drivers/STM32F4xx_HAL_Driver/Src/stm32f4xx_hal_rcc_ex.c ****             return HAL_TIMEOUT;
 223:Drivers/STM32F4xx_HAL_Driver/Src/stm32f4xx_hal_rcc_ex.c ****           }
 224:Drivers/STM32F4xx_HAL_Driver/Src/stm32f4xx_hal_rcc_ex.c ****         }
 225:Drivers/STM32F4xx_HAL_Driver/Src/stm32f4xx_hal_rcc_ex.c ****       }
 226:Drivers/STM32F4xx_HAL_Driver/Src/stm32f4xx_hal_rcc_ex.c ****     }
 227:Drivers/STM32F4xx_HAL_Driver/Src/stm32f4xx_hal_rcc_ex.c ****     __HAL_RCC_RTC_CONFIG(PeriphClkInit->RTCClockSelection);
 170              		.loc 1 227 5 is_stmt 1 discriminator 5 view .LVU55
 228:Drivers/STM32F4xx_HAL_Driver/Src/stm32f4xx_hal_rcc_ex.c ****   }
ARM GAS  C:\Users\Ebrahim\AppData\Local\Temp\ccoXyWuB.s 			page 8


 229:Drivers/STM32F4xx_HAL_Driver/Src/stm32f4xx_hal_rcc_ex.c ****   /*--------------------------------------------------------------------------*/
 230:Drivers/STM32F4xx_HAL_Driver/Src/stm32f4xx_hal_rcc_ex.c **** 
 231:Drivers/STM32F4xx_HAL_Driver/Src/stm32f4xx_hal_rcc_ex.c ****   /*---------------------------- TIM configuration ---------------------------*/
 232:Drivers/STM32F4xx_HAL_Driver/Src/stm32f4xx_hal_rcc_ex.c ****   if (((PeriphClkInit->PeriphClockSelection) & RCC_PERIPHCLK_TIM) == (RCC_PERIPHCLK_TIM))
 171              		.loc 1 232 3 view .LVU56
 172              		.loc 1 232 22 is_stmt 0 view .LVU57
 173 00a0 2368     		ldr	r3, [r4]
 174              		.loc 1 232 6 view .LVU58
 175 00a2 13F0100F 		tst	r3, #16
 176 00a6 04D0     		beq	.L17
 233:Drivers/STM32F4xx_HAL_Driver/Src/stm32f4xx_hal_rcc_ex.c ****   {
 234:Drivers/STM32F4xx_HAL_Driver/Src/stm32f4xx_hal_rcc_ex.c ****     /* Configure Timer Prescaler */
 235:Drivers/STM32F4xx_HAL_Driver/Src/stm32f4xx_hal_rcc_ex.c ****     __HAL_RCC_TIMCLKPRESCALER(PeriphClkInit->TIMPresSelection);
 177              		.loc 1 235 5 is_stmt 1 view .LVU59
 178 00a8 94F85820 		ldrb	r2, [r4, #88]	@ zero_extendqisi2
 179 00ac 6F4B     		ldr	r3, .L73+4
 180 00ae C3F8E021 		str	r2, [r3, #480]
 181              	.L17:
 236:Drivers/STM32F4xx_HAL_Driver/Src/stm32f4xx_hal_rcc_ex.c ****   }
 237:Drivers/STM32F4xx_HAL_Driver/Src/stm32f4xx_hal_rcc_ex.c ****   /*--------------------------------------------------------------------------*/
 238:Drivers/STM32F4xx_HAL_Driver/Src/stm32f4xx_hal_rcc_ex.c **** 
 239:Drivers/STM32F4xx_HAL_Driver/Src/stm32f4xx_hal_rcc_ex.c ****   /*---------------------------- FMPI2C1 Configuration -----------------------*/
 240:Drivers/STM32F4xx_HAL_Driver/Src/stm32f4xx_hal_rcc_ex.c ****   if (((PeriphClkInit->PeriphClockSelection) & RCC_PERIPHCLK_FMPI2C1) == RCC_PERIPHCLK_FMPI2C1)
 182              		.loc 1 240 3 view .LVU60
 183              		.loc 1 240 22 is_stmt 0 view .LVU61
 184 00b2 2368     		ldr	r3, [r4]
 185              		.loc 1 240 6 view .LVU62
 186 00b4 13F0800F 		tst	r3, #128
 187 00b8 08D0     		beq	.L18
 241:Drivers/STM32F4xx_HAL_Driver/Src/stm32f4xx_hal_rcc_ex.c ****   {
 242:Drivers/STM32F4xx_HAL_Driver/Src/stm32f4xx_hal_rcc_ex.c ****     /* Check the parameters */
 243:Drivers/STM32F4xx_HAL_Driver/Src/stm32f4xx_hal_rcc_ex.c ****     assert_param(IS_RCC_FMPI2C1CLKSOURCE(PeriphClkInit->Fmpi2c1ClockSelection));
 188              		.loc 1 243 5 is_stmt 1 view .LVU63
 244:Drivers/STM32F4xx_HAL_Driver/Src/stm32f4xx_hal_rcc_ex.c **** 
 245:Drivers/STM32F4xx_HAL_Driver/Src/stm32f4xx_hal_rcc_ex.c ****     /* Configure the FMPI2C1 clock source */
 246:Drivers/STM32F4xx_HAL_Driver/Src/stm32f4xx_hal_rcc_ex.c ****     __HAL_RCC_FMPI2C1_CONFIG(PeriphClkInit->Fmpi2c1ClockSelection);
 189              		.loc 1 246 5 view .LVU64
 190 00ba 6B4A     		ldr	r2, .L73
 191 00bc D2F89430 		ldr	r3, [r2, #148]
 192 00c0 23F44003 		bic	r3, r3, #12582912
 193 00c4 E16C     		ldr	r1, [r4, #76]
 194 00c6 0B43     		orrs	r3, r3, r1
 195 00c8 C2F89430 		str	r3, [r2, #148]
 196              	.L18:
 247:Drivers/STM32F4xx_HAL_Driver/Src/stm32f4xx_hal_rcc_ex.c ****   }
 248:Drivers/STM32F4xx_HAL_Driver/Src/stm32f4xx_hal_rcc_ex.c ****   /*--------------------------------------------------------------------------*/
 249:Drivers/STM32F4xx_HAL_Driver/Src/stm32f4xx_hal_rcc_ex.c **** 
 250:Drivers/STM32F4xx_HAL_Driver/Src/stm32f4xx_hal_rcc_ex.c ****   /*------------------------------ CEC Configuration -------------------------*/
 251:Drivers/STM32F4xx_HAL_Driver/Src/stm32f4xx_hal_rcc_ex.c ****   if (((PeriphClkInit->PeriphClockSelection) & RCC_PERIPHCLK_CEC) == RCC_PERIPHCLK_CEC)
 197              		.loc 1 251 3 view .LVU65
 198              		.loc 1 251 22 is_stmt 0 view .LVU66
 199 00cc 2368     		ldr	r3, [r4]
 200              		.loc 1 251 6 view .LVU67
 201 00ce 13F0400F 		tst	r3, #64
 202 00d2 08D0     		beq	.L19
 252:Drivers/STM32F4xx_HAL_Driver/Src/stm32f4xx_hal_rcc_ex.c ****   {
 253:Drivers/STM32F4xx_HAL_Driver/Src/stm32f4xx_hal_rcc_ex.c ****     /* Check the parameters */
ARM GAS  C:\Users\Ebrahim\AppData\Local\Temp\ccoXyWuB.s 			page 9


 254:Drivers/STM32F4xx_HAL_Driver/Src/stm32f4xx_hal_rcc_ex.c ****     assert_param(IS_RCC_CECCLKSOURCE(PeriphClkInit->CecClockSelection));
 203              		.loc 1 254 5 is_stmt 1 view .LVU68
 255:Drivers/STM32F4xx_HAL_Driver/Src/stm32f4xx_hal_rcc_ex.c **** 
 256:Drivers/STM32F4xx_HAL_Driver/Src/stm32f4xx_hal_rcc_ex.c ****     /* Configure the CEC clock source */
 257:Drivers/STM32F4xx_HAL_Driver/Src/stm32f4xx_hal_rcc_ex.c ****     __HAL_RCC_CEC_CONFIG(PeriphClkInit->CecClockSelection);
 204              		.loc 1 257 5 view .LVU69
 205 00d4 644A     		ldr	r2, .L73
 206 00d6 D2F89430 		ldr	r3, [r2, #148]
 207 00da 23F08063 		bic	r3, r3, #67108864
 208 00de A16C     		ldr	r1, [r4, #72]
 209 00e0 0B43     		orrs	r3, r3, r1
 210 00e2 C2F89430 		str	r3, [r2, #148]
 211              	.L19:
 258:Drivers/STM32F4xx_HAL_Driver/Src/stm32f4xx_hal_rcc_ex.c ****   }
 259:Drivers/STM32F4xx_HAL_Driver/Src/stm32f4xx_hal_rcc_ex.c ****   /*--------------------------------------------------------------------------*/
 260:Drivers/STM32F4xx_HAL_Driver/Src/stm32f4xx_hal_rcc_ex.c **** 
 261:Drivers/STM32F4xx_HAL_Driver/Src/stm32f4xx_hal_rcc_ex.c ****   /*----------------------------- CLK48 Configuration ------------------------*/
 262:Drivers/STM32F4xx_HAL_Driver/Src/stm32f4xx_hal_rcc_ex.c ****   if (((PeriphClkInit->PeriphClockSelection) & RCC_PERIPHCLK_CLK48) == RCC_PERIPHCLK_CLK48)
 212              		.loc 1 262 3 view .LVU70
 213              		.loc 1 262 22 is_stmt 0 view .LVU71
 214 00e6 2368     		ldr	r3, [r4]
 215              		.loc 1 262 6 view .LVU72
 216 00e8 13F4807F 		tst	r3, #256
 217 00ec 0DD0     		beq	.L20
 263:Drivers/STM32F4xx_HAL_Driver/Src/stm32f4xx_hal_rcc_ex.c ****   {
 264:Drivers/STM32F4xx_HAL_Driver/Src/stm32f4xx_hal_rcc_ex.c ****     /* Check the parameters */
 265:Drivers/STM32F4xx_HAL_Driver/Src/stm32f4xx_hal_rcc_ex.c ****     assert_param(IS_RCC_CLK48CLKSOURCE(PeriphClkInit->Clk48ClockSelection));
 218              		.loc 1 265 5 is_stmt 1 view .LVU73
 266:Drivers/STM32F4xx_HAL_Driver/Src/stm32f4xx_hal_rcc_ex.c **** 
 267:Drivers/STM32F4xx_HAL_Driver/Src/stm32f4xx_hal_rcc_ex.c ****     /* Configure the CLK48 clock source */
 268:Drivers/STM32F4xx_HAL_Driver/Src/stm32f4xx_hal_rcc_ex.c ****     __HAL_RCC_CLK48_CONFIG(PeriphClkInit->Clk48ClockSelection);
 219              		.loc 1 268 5 view .LVU74
 220 00ee 5E4A     		ldr	r2, .L73
 221 00f0 D2F89430 		ldr	r3, [r2, #148]
 222 00f4 23F00063 		bic	r3, r3, #134217728
 223 00f8 616D     		ldr	r1, [r4, #84]
 224 00fa 0B43     		orrs	r3, r3, r1
 225 00fc C2F89430 		str	r3, [r2, #148]
 269:Drivers/STM32F4xx_HAL_Driver/Src/stm32f4xx_hal_rcc_ex.c **** 
 270:Drivers/STM32F4xx_HAL_Driver/Src/stm32f4xx_hal_rcc_ex.c ****     /* Enable the PLLSAI when it's used as clock source for CLK48 */
 271:Drivers/STM32F4xx_HAL_Driver/Src/stm32f4xx_hal_rcc_ex.c ****     if (PeriphClkInit->Clk48ClockSelection == RCC_CLK48CLKSOURCE_PLLSAIP)
 226              		.loc 1 271 5 view .LVU75
 227              		.loc 1 271 22 is_stmt 0 view .LVU76
 228 0100 636D     		ldr	r3, [r4, #84]
 229              		.loc 1 271 8 view .LVU77
 230 0102 B3F1006F 		cmp	r3, #134217728
 231 0106 00F09B80 		beq	.L63
 232              	.LVL9:
 233              	.L20:
 272:Drivers/STM32F4xx_HAL_Driver/Src/stm32f4xx_hal_rcc_ex.c ****     {
 273:Drivers/STM32F4xx_HAL_Driver/Src/stm32f4xx_hal_rcc_ex.c ****       pllsaiused = 1U;
 274:Drivers/STM32F4xx_HAL_Driver/Src/stm32f4xx_hal_rcc_ex.c ****     }
 275:Drivers/STM32F4xx_HAL_Driver/Src/stm32f4xx_hal_rcc_ex.c ****   }
 276:Drivers/STM32F4xx_HAL_Driver/Src/stm32f4xx_hal_rcc_ex.c ****   /*--------------------------------------------------------------------------*/
 277:Drivers/STM32F4xx_HAL_Driver/Src/stm32f4xx_hal_rcc_ex.c **** 
 278:Drivers/STM32F4xx_HAL_Driver/Src/stm32f4xx_hal_rcc_ex.c ****   /*----------------------------- SDIO Configuration -------------------------*/
 279:Drivers/STM32F4xx_HAL_Driver/Src/stm32f4xx_hal_rcc_ex.c ****   if (((PeriphClkInit->PeriphClockSelection) & RCC_PERIPHCLK_SDIO) == RCC_PERIPHCLK_SDIO)
ARM GAS  C:\Users\Ebrahim\AppData\Local\Temp\ccoXyWuB.s 			page 10


 234              		.loc 1 279 3 is_stmt 1 view .LVU78
 235              		.loc 1 279 22 is_stmt 0 view .LVU79
 236 010a 2368     		ldr	r3, [r4]
 237              		.loc 1 279 6 view .LVU80
 238 010c 13F4007F 		tst	r3, #512
 239 0110 08D0     		beq	.L21
 280:Drivers/STM32F4xx_HAL_Driver/Src/stm32f4xx_hal_rcc_ex.c ****   {
 281:Drivers/STM32F4xx_HAL_Driver/Src/stm32f4xx_hal_rcc_ex.c ****     /* Check the parameters */
 282:Drivers/STM32F4xx_HAL_Driver/Src/stm32f4xx_hal_rcc_ex.c ****     assert_param(IS_RCC_SDIOCLKSOURCE(PeriphClkInit->SdioClockSelection));
 240              		.loc 1 282 5 is_stmt 1 view .LVU81
 283:Drivers/STM32F4xx_HAL_Driver/Src/stm32f4xx_hal_rcc_ex.c **** 
 284:Drivers/STM32F4xx_HAL_Driver/Src/stm32f4xx_hal_rcc_ex.c ****     /* Configure the SDIO clock source */
 285:Drivers/STM32F4xx_HAL_Driver/Src/stm32f4xx_hal_rcc_ex.c ****     __HAL_RCC_SDIO_CONFIG(PeriphClkInit->SdioClockSelection);
 241              		.loc 1 285 5 view .LVU82
 242 0112 554A     		ldr	r2, .L73
 243 0114 D2F89430 		ldr	r3, [r2, #148]
 244 0118 23F08053 		bic	r3, r3, #268435456
 245 011c 616C     		ldr	r1, [r4, #68]
 246 011e 0B43     		orrs	r3, r3, r1
 247 0120 C2F89430 		str	r3, [r2, #148]
 248              	.L21:
 286:Drivers/STM32F4xx_HAL_Driver/Src/stm32f4xx_hal_rcc_ex.c ****   }
 287:Drivers/STM32F4xx_HAL_Driver/Src/stm32f4xx_hal_rcc_ex.c ****   /*--------------------------------------------------------------------------*/
 288:Drivers/STM32F4xx_HAL_Driver/Src/stm32f4xx_hal_rcc_ex.c **** 
 289:Drivers/STM32F4xx_HAL_Driver/Src/stm32f4xx_hal_rcc_ex.c ****   /*------------------------------ SPDIFRX Configuration ---------------------*/
 290:Drivers/STM32F4xx_HAL_Driver/Src/stm32f4xx_hal_rcc_ex.c ****   if (((PeriphClkInit->PeriphClockSelection) & RCC_PERIPHCLK_SPDIFRX) == RCC_PERIPHCLK_SPDIFRX)
 249              		.loc 1 290 3 view .LVU83
 250              		.loc 1 290 22 is_stmt 0 view .LVU84
 251 0124 2368     		ldr	r3, [r4]
 252              		.loc 1 290 6 view .LVU85
 253 0126 13F4806F 		tst	r3, #1024
 254 012a 0CD0     		beq	.L22
 291:Drivers/STM32F4xx_HAL_Driver/Src/stm32f4xx_hal_rcc_ex.c ****   {
 292:Drivers/STM32F4xx_HAL_Driver/Src/stm32f4xx_hal_rcc_ex.c ****     /* Check the parameters */
 293:Drivers/STM32F4xx_HAL_Driver/Src/stm32f4xx_hal_rcc_ex.c ****     assert_param(IS_RCC_SPDIFRXCLKSOURCE(PeriphClkInit->SpdifClockSelection));
 255              		.loc 1 293 5 is_stmt 1 view .LVU86
 294:Drivers/STM32F4xx_HAL_Driver/Src/stm32f4xx_hal_rcc_ex.c **** 
 295:Drivers/STM32F4xx_HAL_Driver/Src/stm32f4xx_hal_rcc_ex.c ****     /* Configure the SPDIFRX clock source */
 296:Drivers/STM32F4xx_HAL_Driver/Src/stm32f4xx_hal_rcc_ex.c ****     __HAL_RCC_SPDIFRX_CONFIG(PeriphClkInit->SpdifClockSelection);
 256              		.loc 1 296 5 view .LVU87
 257 012c 4E4A     		ldr	r2, .L73
 258 012e D2F89430 		ldr	r3, [r2, #148]
 259 0132 23F00053 		bic	r3, r3, #536870912
 260 0136 216D     		ldr	r1, [r4, #80]
 261 0138 0B43     		orrs	r3, r3, r1
 262 013a C2F89430 		str	r3, [r2, #148]
 297:Drivers/STM32F4xx_HAL_Driver/Src/stm32f4xx_hal_rcc_ex.c ****     /* Enable the PLLI2S when it's used as clock source for SPDIFRX */
 298:Drivers/STM32F4xx_HAL_Driver/Src/stm32f4xx_hal_rcc_ex.c ****     if (PeriphClkInit->SpdifClockSelection == RCC_SPDIFRXCLKSOURCE_PLLI2SP)
 263              		.loc 1 298 5 view .LVU88
 264              		.loc 1 298 22 is_stmt 0 view .LVU89
 265 013e 236D     		ldr	r3, [r4, #80]
 266              		.loc 1 298 8 view .LVU90
 267 0140 B3F1005F 		cmp	r3, #536870912
 268 0144 7ED0     		beq	.L23
 269              	.L22:
 299:Drivers/STM32F4xx_HAL_Driver/Src/stm32f4xx_hal_rcc_ex.c ****     {
 300:Drivers/STM32F4xx_HAL_Driver/Src/stm32f4xx_hal_rcc_ex.c ****       plli2sused = 1U;
ARM GAS  C:\Users\Ebrahim\AppData\Local\Temp\ccoXyWuB.s 			page 11


 301:Drivers/STM32F4xx_HAL_Driver/Src/stm32f4xx_hal_rcc_ex.c ****     }
 302:Drivers/STM32F4xx_HAL_Driver/Src/stm32f4xx_hal_rcc_ex.c ****   }
 303:Drivers/STM32F4xx_HAL_Driver/Src/stm32f4xx_hal_rcc_ex.c ****   /*--------------------------------------------------------------------------*/
 304:Drivers/STM32F4xx_HAL_Driver/Src/stm32f4xx_hal_rcc_ex.c **** 
 305:Drivers/STM32F4xx_HAL_Driver/Src/stm32f4xx_hal_rcc_ex.c ****   /*---------------------------- PLLI2S Configuration ------------------------*/
 306:Drivers/STM32F4xx_HAL_Driver/Src/stm32f4xx_hal_rcc_ex.c ****   /* PLLI2S is configured when a peripheral will use it as source clock : SAI1, SAI2, I2S on APB1,
 307:Drivers/STM32F4xx_HAL_Driver/Src/stm32f4xx_hal_rcc_ex.c ****      I2S on APB2 or SPDIFRX */
 308:Drivers/STM32F4xx_HAL_Driver/Src/stm32f4xx_hal_rcc_ex.c ****   if ((plli2sused == 1U) || (PeriphClkInit->PeriphClockSelection == RCC_PERIPHCLK_PLLI2S))
 270              		.loc 1 308 3 is_stmt 1 view .LVU91
 271              		.loc 1 308 6 is_stmt 0 view .LVU92
 272 0146 002E     		cmp	r6, #0
 273 0148 7CD1     		bne	.L23
 274              		.loc 1 308 43 discriminator 1 view .LVU93
 275 014a 2368     		ldr	r3, [r4]
 276              		.loc 1 308 26 discriminator 1 view .LVU94
 277 014c B3F5006F 		cmp	r3, #2048
 278 0150 78D0     		beq	.L23
 279              	.LVL10:
 280              	.L24:
 309:Drivers/STM32F4xx_HAL_Driver/Src/stm32f4xx_hal_rcc_ex.c ****   {
 310:Drivers/STM32F4xx_HAL_Driver/Src/stm32f4xx_hal_rcc_ex.c ****     /* Disable the PLLI2S */
 311:Drivers/STM32F4xx_HAL_Driver/Src/stm32f4xx_hal_rcc_ex.c ****     __HAL_RCC_PLLI2S_DISABLE();
 312:Drivers/STM32F4xx_HAL_Driver/Src/stm32f4xx_hal_rcc_ex.c ****     /* Get tick */
 313:Drivers/STM32F4xx_HAL_Driver/Src/stm32f4xx_hal_rcc_ex.c ****     tickstart = HAL_GetTick();
 314:Drivers/STM32F4xx_HAL_Driver/Src/stm32f4xx_hal_rcc_ex.c ****     /* Wait till PLLI2S is disabled */
 315:Drivers/STM32F4xx_HAL_Driver/Src/stm32f4xx_hal_rcc_ex.c ****     while (__HAL_RCC_GET_FLAG(RCC_FLAG_PLLI2SRDY)  != RESET)
 316:Drivers/STM32F4xx_HAL_Driver/Src/stm32f4xx_hal_rcc_ex.c ****     {
 317:Drivers/STM32F4xx_HAL_Driver/Src/stm32f4xx_hal_rcc_ex.c ****       if ((HAL_GetTick() - tickstart) > PLLI2S_TIMEOUT_VALUE)
 318:Drivers/STM32F4xx_HAL_Driver/Src/stm32f4xx_hal_rcc_ex.c ****       {
 319:Drivers/STM32F4xx_HAL_Driver/Src/stm32f4xx_hal_rcc_ex.c ****         /* return in case of Timeout detected */
 320:Drivers/STM32F4xx_HAL_Driver/Src/stm32f4xx_hal_rcc_ex.c ****         return HAL_TIMEOUT;
 321:Drivers/STM32F4xx_HAL_Driver/Src/stm32f4xx_hal_rcc_ex.c ****       }
 322:Drivers/STM32F4xx_HAL_Driver/Src/stm32f4xx_hal_rcc_ex.c ****     }
 323:Drivers/STM32F4xx_HAL_Driver/Src/stm32f4xx_hal_rcc_ex.c **** 
 324:Drivers/STM32F4xx_HAL_Driver/Src/stm32f4xx_hal_rcc_ex.c ****     /* check for common PLLI2S Parameters */
 325:Drivers/STM32F4xx_HAL_Driver/Src/stm32f4xx_hal_rcc_ex.c ****     assert_param(IS_RCC_PLLI2SM_VALUE(PeriphClkInit->PLLI2S.PLLI2SM));
 326:Drivers/STM32F4xx_HAL_Driver/Src/stm32f4xx_hal_rcc_ex.c ****     assert_param(IS_RCC_PLLI2SN_VALUE(PeriphClkInit->PLLI2S.PLLI2SN));
 327:Drivers/STM32F4xx_HAL_Driver/Src/stm32f4xx_hal_rcc_ex.c **** 
 328:Drivers/STM32F4xx_HAL_Driver/Src/stm32f4xx_hal_rcc_ex.c ****     /*------ In Case of PLLI2S is selected as source clock for I2S -----------*/
 329:Drivers/STM32F4xx_HAL_Driver/Src/stm32f4xx_hal_rcc_ex.c ****     if (((((PeriphClkInit->PeriphClockSelection) & RCC_PERIPHCLK_I2S_APB1) == RCC_PERIPHCLK_I2S_APB
 330:Drivers/STM32F4xx_HAL_Driver/Src/stm32f4xx_hal_rcc_ex.c ****          && (PeriphClkInit->I2sApb1ClockSelection == RCC_I2SAPB1CLKSOURCE_PLLI2S)) ||
 331:Drivers/STM32F4xx_HAL_Driver/Src/stm32f4xx_hal_rcc_ex.c ****         ((((PeriphClkInit->PeriphClockSelection) & RCC_PERIPHCLK_I2S_APB2) == RCC_PERIPHCLK_I2S_APB
 332:Drivers/STM32F4xx_HAL_Driver/Src/stm32f4xx_hal_rcc_ex.c ****     {
 333:Drivers/STM32F4xx_HAL_Driver/Src/stm32f4xx_hal_rcc_ex.c ****       /* check for Parameters */
 334:Drivers/STM32F4xx_HAL_Driver/Src/stm32f4xx_hal_rcc_ex.c ****       assert_param(IS_RCC_PLLI2SR_VALUE(PeriphClkInit->PLLI2S.PLLI2SR));
 335:Drivers/STM32F4xx_HAL_Driver/Src/stm32f4xx_hal_rcc_ex.c **** 
 336:Drivers/STM32F4xx_HAL_Driver/Src/stm32f4xx_hal_rcc_ex.c ****       /* Read PLLI2SP/PLLI2SQ value from PLLI2SCFGR register (this value is not needed for I2S conf
 337:Drivers/STM32F4xx_HAL_Driver/Src/stm32f4xx_hal_rcc_ex.c ****       plli2sp = ((((RCC->PLLI2SCFGR & RCC_PLLI2SCFGR_PLLI2SP) >> RCC_PLLI2SCFGR_PLLI2SP_Pos) + 1U) 
 338:Drivers/STM32F4xx_HAL_Driver/Src/stm32f4xx_hal_rcc_ex.c ****       plli2sq = ((RCC->PLLI2SCFGR & RCC_PLLI2SCFGR_PLLI2SQ) >> RCC_PLLI2SCFGR_PLLI2SQ_Pos);
 339:Drivers/STM32F4xx_HAL_Driver/Src/stm32f4xx_hal_rcc_ex.c ****       /* Configure the PLLI2S division factors */
 340:Drivers/STM32F4xx_HAL_Driver/Src/stm32f4xx_hal_rcc_ex.c ****       /* PLLI2S_VCO = f(VCO clock) = f(PLLI2S clock input) * (PLLI2SN/PLLI2SM) */
 341:Drivers/STM32F4xx_HAL_Driver/Src/stm32f4xx_hal_rcc_ex.c ****       /* I2SCLK = f(PLLI2S clock output) = f(VCO clock) / PLLI2SR */
 342:Drivers/STM32F4xx_HAL_Driver/Src/stm32f4xx_hal_rcc_ex.c ****       __HAL_RCC_PLLI2S_CONFIG(PeriphClkInit->PLLI2S.PLLI2SM, PeriphClkInit->PLLI2S.PLLI2SN, plli2sp
 343:Drivers/STM32F4xx_HAL_Driver/Src/stm32f4xx_hal_rcc_ex.c ****                               PeriphClkInit->PLLI2S.PLLI2SR);
 344:Drivers/STM32F4xx_HAL_Driver/Src/stm32f4xx_hal_rcc_ex.c ****     }
 345:Drivers/STM32F4xx_HAL_Driver/Src/stm32f4xx_hal_rcc_ex.c **** 
 346:Drivers/STM32F4xx_HAL_Driver/Src/stm32f4xx_hal_rcc_ex.c ****     /*------- In Case of PLLI2S is selected as source clock for SAI ----------*/
ARM GAS  C:\Users\Ebrahim\AppData\Local\Temp\ccoXyWuB.s 			page 12


 347:Drivers/STM32F4xx_HAL_Driver/Src/stm32f4xx_hal_rcc_ex.c ****     if (((((PeriphClkInit->PeriphClockSelection) & RCC_PERIPHCLK_SAI1) == RCC_PERIPHCLK_SAI1)
 348:Drivers/STM32F4xx_HAL_Driver/Src/stm32f4xx_hal_rcc_ex.c ****          && (PeriphClkInit->Sai1ClockSelection == RCC_SAI1CLKSOURCE_PLLI2S)) ||
 349:Drivers/STM32F4xx_HAL_Driver/Src/stm32f4xx_hal_rcc_ex.c ****         ((((PeriphClkInit->PeriphClockSelection) & RCC_PERIPHCLK_SAI2) == RCC_PERIPHCLK_SAI2) && (P
 350:Drivers/STM32F4xx_HAL_Driver/Src/stm32f4xx_hal_rcc_ex.c ****     {
 351:Drivers/STM32F4xx_HAL_Driver/Src/stm32f4xx_hal_rcc_ex.c ****       /* Check for PLLI2S Parameters */
 352:Drivers/STM32F4xx_HAL_Driver/Src/stm32f4xx_hal_rcc_ex.c ****       assert_param(IS_RCC_PLLI2SQ_VALUE(PeriphClkInit->PLLI2S.PLLI2SQ));
 353:Drivers/STM32F4xx_HAL_Driver/Src/stm32f4xx_hal_rcc_ex.c ****       /* Check for PLLI2S/DIVQ parameters */
 354:Drivers/STM32F4xx_HAL_Driver/Src/stm32f4xx_hal_rcc_ex.c ****       assert_param(IS_RCC_PLLI2S_DIVQ_VALUE(PeriphClkInit->PLLI2SDivQ));
 355:Drivers/STM32F4xx_HAL_Driver/Src/stm32f4xx_hal_rcc_ex.c **** 
 356:Drivers/STM32F4xx_HAL_Driver/Src/stm32f4xx_hal_rcc_ex.c ****       /* Read PLLI2SP/PLLI2SR value from PLLI2SCFGR register (this value is not needed for SAI conf
 357:Drivers/STM32F4xx_HAL_Driver/Src/stm32f4xx_hal_rcc_ex.c ****       plli2sp = ((((RCC->PLLI2SCFGR & RCC_PLLI2SCFGR_PLLI2SP) >> RCC_PLLI2SCFGR_PLLI2SP_Pos) + 1U) 
 358:Drivers/STM32F4xx_HAL_Driver/Src/stm32f4xx_hal_rcc_ex.c ****       plli2sr = ((RCC->PLLI2SCFGR & RCC_PLLI2SCFGR_PLLI2SR) >> RCC_PLLI2SCFGR_PLLI2SR_Pos);
 359:Drivers/STM32F4xx_HAL_Driver/Src/stm32f4xx_hal_rcc_ex.c ****       /* Configure the PLLI2S division factors */
 360:Drivers/STM32F4xx_HAL_Driver/Src/stm32f4xx_hal_rcc_ex.c ****       /* PLLI2S_VCO Input  = PLL_SOURCE/PLLI2SM */
 361:Drivers/STM32F4xx_HAL_Driver/Src/stm32f4xx_hal_rcc_ex.c ****       /* PLLI2S_VCO Output = PLLI2S_VCO Input * PLLI2SN */
 362:Drivers/STM32F4xx_HAL_Driver/Src/stm32f4xx_hal_rcc_ex.c ****       /* SAI_CLK(first level) = PLLI2S_VCO Output/PLLI2SQ */
 363:Drivers/STM32F4xx_HAL_Driver/Src/stm32f4xx_hal_rcc_ex.c ****       __HAL_RCC_PLLI2S_CONFIG(PeriphClkInit->PLLI2S.PLLI2SM, PeriphClkInit->PLLI2S.PLLI2SN, plli2sp
 364:Drivers/STM32F4xx_HAL_Driver/Src/stm32f4xx_hal_rcc_ex.c ****                               PeriphClkInit->PLLI2S.PLLI2SQ, plli2sr);
 365:Drivers/STM32F4xx_HAL_Driver/Src/stm32f4xx_hal_rcc_ex.c **** 
 366:Drivers/STM32F4xx_HAL_Driver/Src/stm32f4xx_hal_rcc_ex.c ****       /* SAI_CLK_x = SAI_CLK(first level)/PLLI2SDIVQ */
 367:Drivers/STM32F4xx_HAL_Driver/Src/stm32f4xx_hal_rcc_ex.c ****       __HAL_RCC_PLLI2S_PLLSAICLKDIVQ_CONFIG(PeriphClkInit->PLLI2SDivQ);
 368:Drivers/STM32F4xx_HAL_Driver/Src/stm32f4xx_hal_rcc_ex.c ****     }
 369:Drivers/STM32F4xx_HAL_Driver/Src/stm32f4xx_hal_rcc_ex.c **** 
 370:Drivers/STM32F4xx_HAL_Driver/Src/stm32f4xx_hal_rcc_ex.c ****     /*------ In Case of PLLI2S is selected as source clock for SPDIFRX -------*/
 371:Drivers/STM32F4xx_HAL_Driver/Src/stm32f4xx_hal_rcc_ex.c ****     if ((((PeriphClkInit->PeriphClockSelection) & RCC_PERIPHCLK_SPDIFRX) == RCC_PERIPHCLK_SPDIFRX)
 372:Drivers/STM32F4xx_HAL_Driver/Src/stm32f4xx_hal_rcc_ex.c ****         && (PeriphClkInit->SpdifClockSelection == RCC_SPDIFRXCLKSOURCE_PLLI2SP))
 373:Drivers/STM32F4xx_HAL_Driver/Src/stm32f4xx_hal_rcc_ex.c ****     {
 374:Drivers/STM32F4xx_HAL_Driver/Src/stm32f4xx_hal_rcc_ex.c ****       /* check for Parameters */
 375:Drivers/STM32F4xx_HAL_Driver/Src/stm32f4xx_hal_rcc_ex.c ****       assert_param(IS_RCC_PLLI2SP_VALUE(PeriphClkInit->PLLI2S.PLLI2SP));
 376:Drivers/STM32F4xx_HAL_Driver/Src/stm32f4xx_hal_rcc_ex.c ****       /* Read PLLI2SR value from PLLI2SCFGR register (this value is not need for SAI configuration)
 377:Drivers/STM32F4xx_HAL_Driver/Src/stm32f4xx_hal_rcc_ex.c ****       plli2sq = ((((RCC->PLLI2SCFGR & RCC_PLLI2SCFGR_PLLI2SP) >> RCC_PLLI2SCFGR_PLLI2SP_Pos) + 1U) 
 378:Drivers/STM32F4xx_HAL_Driver/Src/stm32f4xx_hal_rcc_ex.c ****       plli2sr = ((RCC->PLLI2SCFGR & RCC_PLLI2SCFGR_PLLI2SR) >> RCC_PLLI2SCFGR_PLLI2SR_Pos);
 379:Drivers/STM32F4xx_HAL_Driver/Src/stm32f4xx_hal_rcc_ex.c ****       /* Configure the PLLI2S division factors */
 380:Drivers/STM32F4xx_HAL_Driver/Src/stm32f4xx_hal_rcc_ex.c ****       /* PLLI2S_VCO = f(VCO clock) = f(PLLI2S clock input) * (PLLI2SN/PLLI2SM) */
 381:Drivers/STM32F4xx_HAL_Driver/Src/stm32f4xx_hal_rcc_ex.c ****       /* SPDIFRXCLK = f(PLLI2S clock output) = f(VCO clock) / PLLI2SP */
 382:Drivers/STM32F4xx_HAL_Driver/Src/stm32f4xx_hal_rcc_ex.c ****       __HAL_RCC_PLLI2S_CONFIG(PeriphClkInit->PLLI2S.PLLI2SM, PeriphClkInit->PLLI2S.PLLI2SN, PeriphC
 383:Drivers/STM32F4xx_HAL_Driver/Src/stm32f4xx_hal_rcc_ex.c ****                               plli2sq, plli2sr);
 384:Drivers/STM32F4xx_HAL_Driver/Src/stm32f4xx_hal_rcc_ex.c ****     }
 385:Drivers/STM32F4xx_HAL_Driver/Src/stm32f4xx_hal_rcc_ex.c **** 
 386:Drivers/STM32F4xx_HAL_Driver/Src/stm32f4xx_hal_rcc_ex.c ****     /*----------------- In Case of PLLI2S is just selected  -----------------*/
 387:Drivers/STM32F4xx_HAL_Driver/Src/stm32f4xx_hal_rcc_ex.c ****     if ((PeriphClkInit->PeriphClockSelection & RCC_PERIPHCLK_PLLI2S) == RCC_PERIPHCLK_PLLI2S)
 388:Drivers/STM32F4xx_HAL_Driver/Src/stm32f4xx_hal_rcc_ex.c ****     {
 389:Drivers/STM32F4xx_HAL_Driver/Src/stm32f4xx_hal_rcc_ex.c ****       /* Check for Parameters */
 390:Drivers/STM32F4xx_HAL_Driver/Src/stm32f4xx_hal_rcc_ex.c ****       assert_param(IS_RCC_PLLI2SP_VALUE(PeriphClkInit->PLLI2S.PLLI2SP));
 391:Drivers/STM32F4xx_HAL_Driver/Src/stm32f4xx_hal_rcc_ex.c ****       assert_param(IS_RCC_PLLI2SR_VALUE(PeriphClkInit->PLLI2S.PLLI2SR));
 392:Drivers/STM32F4xx_HAL_Driver/Src/stm32f4xx_hal_rcc_ex.c ****       assert_param(IS_RCC_PLLI2SQ_VALUE(PeriphClkInit->PLLI2S.PLLI2SQ));
 393:Drivers/STM32F4xx_HAL_Driver/Src/stm32f4xx_hal_rcc_ex.c **** 
 394:Drivers/STM32F4xx_HAL_Driver/Src/stm32f4xx_hal_rcc_ex.c ****       /* Configure the PLLI2S division factors */
 395:Drivers/STM32F4xx_HAL_Driver/Src/stm32f4xx_hal_rcc_ex.c ****       /* PLLI2S_VCO = f(VCO clock) = f(PLLI2S clock input) * (PLLI2SN/PLLI2SM) */
 396:Drivers/STM32F4xx_HAL_Driver/Src/stm32f4xx_hal_rcc_ex.c ****       __HAL_RCC_PLLI2S_CONFIG(PeriphClkInit->PLLI2S.PLLI2SM, PeriphClkInit->PLLI2S.PLLI2SN, PeriphC
 397:Drivers/STM32F4xx_HAL_Driver/Src/stm32f4xx_hal_rcc_ex.c ****                               PeriphClkInit->PLLI2S.PLLI2SQ, PeriphClkInit->PLLI2S.PLLI2SR);
 398:Drivers/STM32F4xx_HAL_Driver/Src/stm32f4xx_hal_rcc_ex.c ****     }
 399:Drivers/STM32F4xx_HAL_Driver/Src/stm32f4xx_hal_rcc_ex.c **** 
 400:Drivers/STM32F4xx_HAL_Driver/Src/stm32f4xx_hal_rcc_ex.c ****     /* Enable the PLLI2S */
 401:Drivers/STM32F4xx_HAL_Driver/Src/stm32f4xx_hal_rcc_ex.c ****     __HAL_RCC_PLLI2S_ENABLE();
 402:Drivers/STM32F4xx_HAL_Driver/Src/stm32f4xx_hal_rcc_ex.c ****     /* Get tick */
 403:Drivers/STM32F4xx_HAL_Driver/Src/stm32f4xx_hal_rcc_ex.c ****     tickstart = HAL_GetTick();
ARM GAS  C:\Users\Ebrahim\AppData\Local\Temp\ccoXyWuB.s 			page 13


 404:Drivers/STM32F4xx_HAL_Driver/Src/stm32f4xx_hal_rcc_ex.c ****     /* Wait till PLLI2S is ready */
 405:Drivers/STM32F4xx_HAL_Driver/Src/stm32f4xx_hal_rcc_ex.c ****     while (__HAL_RCC_GET_FLAG(RCC_FLAG_PLLI2SRDY)  == RESET)
 406:Drivers/STM32F4xx_HAL_Driver/Src/stm32f4xx_hal_rcc_ex.c ****     {
 407:Drivers/STM32F4xx_HAL_Driver/Src/stm32f4xx_hal_rcc_ex.c ****       if ((HAL_GetTick() - tickstart) > PLLI2S_TIMEOUT_VALUE)
 408:Drivers/STM32F4xx_HAL_Driver/Src/stm32f4xx_hal_rcc_ex.c ****       {
 409:Drivers/STM32F4xx_HAL_Driver/Src/stm32f4xx_hal_rcc_ex.c ****         /* return in case of Timeout detected */
 410:Drivers/STM32F4xx_HAL_Driver/Src/stm32f4xx_hal_rcc_ex.c ****         return HAL_TIMEOUT;
 411:Drivers/STM32F4xx_HAL_Driver/Src/stm32f4xx_hal_rcc_ex.c ****       }
 412:Drivers/STM32F4xx_HAL_Driver/Src/stm32f4xx_hal_rcc_ex.c ****     }
 413:Drivers/STM32F4xx_HAL_Driver/Src/stm32f4xx_hal_rcc_ex.c ****   }
 414:Drivers/STM32F4xx_HAL_Driver/Src/stm32f4xx_hal_rcc_ex.c ****   /*--------------------------------------------------------------------------*/
 415:Drivers/STM32F4xx_HAL_Driver/Src/stm32f4xx_hal_rcc_ex.c **** 
 416:Drivers/STM32F4xx_HAL_Driver/Src/stm32f4xx_hal_rcc_ex.c ****   /*----------------------------- PLLSAI Configuration -----------------------*/
 417:Drivers/STM32F4xx_HAL_Driver/Src/stm32f4xx_hal_rcc_ex.c ****   /* PLLSAI is configured when a peripheral will use it as source clock : SAI1, SAI2, CLK48 or SDIO
 418:Drivers/STM32F4xx_HAL_Driver/Src/stm32f4xx_hal_rcc_ex.c ****   if (pllsaiused == 1U)
 281              		.loc 1 418 3 is_stmt 1 view .LVU95
 282              		.loc 1 418 6 is_stmt 0 view .LVU96
 283 0152 012D     		cmp	r5, #1
 284 0154 00F02581 		beq	.L64
 419:Drivers/STM32F4xx_HAL_Driver/Src/stm32f4xx_hal_rcc_ex.c ****   {
 420:Drivers/STM32F4xx_HAL_Driver/Src/stm32f4xx_hal_rcc_ex.c ****     /* Disable PLLSAI Clock */
 421:Drivers/STM32F4xx_HAL_Driver/Src/stm32f4xx_hal_rcc_ex.c ****     __HAL_RCC_PLLSAI_DISABLE();
 422:Drivers/STM32F4xx_HAL_Driver/Src/stm32f4xx_hal_rcc_ex.c ****     /* Get tick */
 423:Drivers/STM32F4xx_HAL_Driver/Src/stm32f4xx_hal_rcc_ex.c ****     tickstart = HAL_GetTick();
 424:Drivers/STM32F4xx_HAL_Driver/Src/stm32f4xx_hal_rcc_ex.c ****     /* Wait till PLLSAI is disabled */
 425:Drivers/STM32F4xx_HAL_Driver/Src/stm32f4xx_hal_rcc_ex.c ****     while (__HAL_RCC_PLLSAI_GET_FLAG() != RESET)
 426:Drivers/STM32F4xx_HAL_Driver/Src/stm32f4xx_hal_rcc_ex.c ****     {
 427:Drivers/STM32F4xx_HAL_Driver/Src/stm32f4xx_hal_rcc_ex.c ****       if ((HAL_GetTick() - tickstart) > PLLSAI_TIMEOUT_VALUE)
 428:Drivers/STM32F4xx_HAL_Driver/Src/stm32f4xx_hal_rcc_ex.c ****       {
 429:Drivers/STM32F4xx_HAL_Driver/Src/stm32f4xx_hal_rcc_ex.c ****         /* return in case of Timeout detected */
 430:Drivers/STM32F4xx_HAL_Driver/Src/stm32f4xx_hal_rcc_ex.c ****         return HAL_TIMEOUT;
 431:Drivers/STM32F4xx_HAL_Driver/Src/stm32f4xx_hal_rcc_ex.c ****       }
 432:Drivers/STM32F4xx_HAL_Driver/Src/stm32f4xx_hal_rcc_ex.c ****     }
 433:Drivers/STM32F4xx_HAL_Driver/Src/stm32f4xx_hal_rcc_ex.c **** 
 434:Drivers/STM32F4xx_HAL_Driver/Src/stm32f4xx_hal_rcc_ex.c ****     /* Check the PLLSAI division factors */
 435:Drivers/STM32F4xx_HAL_Driver/Src/stm32f4xx_hal_rcc_ex.c ****     assert_param(IS_RCC_PLLSAIM_VALUE(PeriphClkInit->PLLSAI.PLLSAIM));
 436:Drivers/STM32F4xx_HAL_Driver/Src/stm32f4xx_hal_rcc_ex.c ****     assert_param(IS_RCC_PLLSAIN_VALUE(PeriphClkInit->PLLSAI.PLLSAIN));
 437:Drivers/STM32F4xx_HAL_Driver/Src/stm32f4xx_hal_rcc_ex.c **** 
 438:Drivers/STM32F4xx_HAL_Driver/Src/stm32f4xx_hal_rcc_ex.c ****     /*------ In Case of PLLSAI is selected as source clock for SAI -----------*/
 439:Drivers/STM32F4xx_HAL_Driver/Src/stm32f4xx_hal_rcc_ex.c ****     if (((((PeriphClkInit->PeriphClockSelection) & RCC_PERIPHCLK_SAI1) == RCC_PERIPHCLK_SAI1)
 440:Drivers/STM32F4xx_HAL_Driver/Src/stm32f4xx_hal_rcc_ex.c ****          && (PeriphClkInit->Sai1ClockSelection == RCC_SAI1CLKSOURCE_PLLSAI)) ||
 441:Drivers/STM32F4xx_HAL_Driver/Src/stm32f4xx_hal_rcc_ex.c ****         ((((PeriphClkInit->PeriphClockSelection) & RCC_PERIPHCLK_SAI2) == RCC_PERIPHCLK_SAI2) && (P
 442:Drivers/STM32F4xx_HAL_Driver/Src/stm32f4xx_hal_rcc_ex.c ****     {
 443:Drivers/STM32F4xx_HAL_Driver/Src/stm32f4xx_hal_rcc_ex.c ****       /* check for PLLSAIQ Parameter */
 444:Drivers/STM32F4xx_HAL_Driver/Src/stm32f4xx_hal_rcc_ex.c ****       assert_param(IS_RCC_PLLSAIQ_VALUE(PeriphClkInit->PLLSAI.PLLSAIQ));
 445:Drivers/STM32F4xx_HAL_Driver/Src/stm32f4xx_hal_rcc_ex.c ****       /* check for PLLSAI/DIVQ Parameter */
 446:Drivers/STM32F4xx_HAL_Driver/Src/stm32f4xx_hal_rcc_ex.c ****       assert_param(IS_RCC_PLLSAI_DIVQ_VALUE(PeriphClkInit->PLLSAIDivQ));
 447:Drivers/STM32F4xx_HAL_Driver/Src/stm32f4xx_hal_rcc_ex.c **** 
 448:Drivers/STM32F4xx_HAL_Driver/Src/stm32f4xx_hal_rcc_ex.c ****       /* Read PLLSAIP value from PLLSAICFGR register (this value is not needed for SAI configuratio
 449:Drivers/STM32F4xx_HAL_Driver/Src/stm32f4xx_hal_rcc_ex.c ****       pllsaip = ((((RCC->PLLSAICFGR & RCC_PLLSAICFGR_PLLSAIP) >> RCC_PLLSAICFGR_PLLSAIP_Pos) + 1U) 
 450:Drivers/STM32F4xx_HAL_Driver/Src/stm32f4xx_hal_rcc_ex.c ****       /* PLLSAI_VCO Input  = PLL_SOURCE/PLLM */
 451:Drivers/STM32F4xx_HAL_Driver/Src/stm32f4xx_hal_rcc_ex.c ****       /* PLLSAI_VCO Output = PLLSAI_VCO Input * PLLSAIN */
 452:Drivers/STM32F4xx_HAL_Driver/Src/stm32f4xx_hal_rcc_ex.c ****       /* SAI_CLK(first level) = PLLSAI_VCO Output/PLLSAIQ */
 453:Drivers/STM32F4xx_HAL_Driver/Src/stm32f4xx_hal_rcc_ex.c ****       __HAL_RCC_PLLSAI_CONFIG(PeriphClkInit->PLLSAI.PLLSAIM, PeriphClkInit->PLLSAI.PLLSAIN, pllsaip
 454:Drivers/STM32F4xx_HAL_Driver/Src/stm32f4xx_hal_rcc_ex.c ****                               PeriphClkInit->PLLSAI.PLLSAIQ, 0U);
 455:Drivers/STM32F4xx_HAL_Driver/Src/stm32f4xx_hal_rcc_ex.c **** 
 456:Drivers/STM32F4xx_HAL_Driver/Src/stm32f4xx_hal_rcc_ex.c ****       /* SAI_CLK_x = SAI_CLK(first level)/PLLSAIDIVQ */
ARM GAS  C:\Users\Ebrahim\AppData\Local\Temp\ccoXyWuB.s 			page 14


 457:Drivers/STM32F4xx_HAL_Driver/Src/stm32f4xx_hal_rcc_ex.c ****       __HAL_RCC_PLLSAI_PLLSAICLKDIVQ_CONFIG(PeriphClkInit->PLLSAIDivQ);
 458:Drivers/STM32F4xx_HAL_Driver/Src/stm32f4xx_hal_rcc_ex.c ****     }
 459:Drivers/STM32F4xx_HAL_Driver/Src/stm32f4xx_hal_rcc_ex.c **** 
 460:Drivers/STM32F4xx_HAL_Driver/Src/stm32f4xx_hal_rcc_ex.c ****     /*------ In Case of PLLSAI is selected as source clock for CLK48 ---------*/
 461:Drivers/STM32F4xx_HAL_Driver/Src/stm32f4xx_hal_rcc_ex.c ****     /* In Case of PLLI2S is selected as source clock for CLK48 */
 462:Drivers/STM32F4xx_HAL_Driver/Src/stm32f4xx_hal_rcc_ex.c ****     if ((((PeriphClkInit->PeriphClockSelection) & RCC_PERIPHCLK_CLK48) == RCC_PERIPHCLK_CLK48)
 463:Drivers/STM32F4xx_HAL_Driver/Src/stm32f4xx_hal_rcc_ex.c ****         && (PeriphClkInit->Clk48ClockSelection == RCC_CLK48CLKSOURCE_PLLSAIP))
 464:Drivers/STM32F4xx_HAL_Driver/Src/stm32f4xx_hal_rcc_ex.c ****     {
 465:Drivers/STM32F4xx_HAL_Driver/Src/stm32f4xx_hal_rcc_ex.c ****       /* check for Parameters */
 466:Drivers/STM32F4xx_HAL_Driver/Src/stm32f4xx_hal_rcc_ex.c ****       assert_param(IS_RCC_PLLSAIP_VALUE(PeriphClkInit->PLLSAI.PLLSAIP));
 467:Drivers/STM32F4xx_HAL_Driver/Src/stm32f4xx_hal_rcc_ex.c ****       /* Read PLLSAIQ value from PLLI2SCFGR register (this value is not need for SAI configuration)
 468:Drivers/STM32F4xx_HAL_Driver/Src/stm32f4xx_hal_rcc_ex.c ****       pllsaiq = ((RCC->PLLSAICFGR & RCC_PLLSAICFGR_PLLSAIQ) >> RCC_PLLSAICFGR_PLLSAIQ_Pos);
 469:Drivers/STM32F4xx_HAL_Driver/Src/stm32f4xx_hal_rcc_ex.c ****       /* Configure the PLLSAI division factors */
 470:Drivers/STM32F4xx_HAL_Driver/Src/stm32f4xx_hal_rcc_ex.c ****       /* PLLSAI_VCO = f(VCO clock) = f(PLLSAI clock input) * (PLLI2SN/PLLSAIM) */
 471:Drivers/STM32F4xx_HAL_Driver/Src/stm32f4xx_hal_rcc_ex.c ****       /* 48CLK = f(PLLSAI clock output) = f(VCO clock) / PLLSAIP */
 472:Drivers/STM32F4xx_HAL_Driver/Src/stm32f4xx_hal_rcc_ex.c ****       __HAL_RCC_PLLSAI_CONFIG(PeriphClkInit->PLLSAI.PLLSAIM, PeriphClkInit->PLLSAI.PLLSAIN, PeriphC
 473:Drivers/STM32F4xx_HAL_Driver/Src/stm32f4xx_hal_rcc_ex.c ****                               pllsaiq, 0U);
 474:Drivers/STM32F4xx_HAL_Driver/Src/stm32f4xx_hal_rcc_ex.c ****     }
 475:Drivers/STM32F4xx_HAL_Driver/Src/stm32f4xx_hal_rcc_ex.c **** 
 476:Drivers/STM32F4xx_HAL_Driver/Src/stm32f4xx_hal_rcc_ex.c ****     /* Enable PLLSAI Clock */
 477:Drivers/STM32F4xx_HAL_Driver/Src/stm32f4xx_hal_rcc_ex.c ****     __HAL_RCC_PLLSAI_ENABLE();
 478:Drivers/STM32F4xx_HAL_Driver/Src/stm32f4xx_hal_rcc_ex.c ****     /* Get tick */
 479:Drivers/STM32F4xx_HAL_Driver/Src/stm32f4xx_hal_rcc_ex.c ****     tickstart = HAL_GetTick();
 480:Drivers/STM32F4xx_HAL_Driver/Src/stm32f4xx_hal_rcc_ex.c ****     /* Wait till PLLSAI is ready */
 481:Drivers/STM32F4xx_HAL_Driver/Src/stm32f4xx_hal_rcc_ex.c ****     while (__HAL_RCC_PLLSAI_GET_FLAG() == RESET)
 482:Drivers/STM32F4xx_HAL_Driver/Src/stm32f4xx_hal_rcc_ex.c ****     {
 483:Drivers/STM32F4xx_HAL_Driver/Src/stm32f4xx_hal_rcc_ex.c ****       if ((HAL_GetTick() - tickstart) > PLLSAI_TIMEOUT_VALUE)
 484:Drivers/STM32F4xx_HAL_Driver/Src/stm32f4xx_hal_rcc_ex.c ****       {
 485:Drivers/STM32F4xx_HAL_Driver/Src/stm32f4xx_hal_rcc_ex.c ****         /* return in case of Timeout detected */
 486:Drivers/STM32F4xx_HAL_Driver/Src/stm32f4xx_hal_rcc_ex.c ****         return HAL_TIMEOUT;
 487:Drivers/STM32F4xx_HAL_Driver/Src/stm32f4xx_hal_rcc_ex.c ****       }
 488:Drivers/STM32F4xx_HAL_Driver/Src/stm32f4xx_hal_rcc_ex.c ****     }
 489:Drivers/STM32F4xx_HAL_Driver/Src/stm32f4xx_hal_rcc_ex.c ****   }
 490:Drivers/STM32F4xx_HAL_Driver/Src/stm32f4xx_hal_rcc_ex.c ****   return HAL_OK;
 285              		.loc 1 490 10 view .LVU97
 286 0158 0020     		movs	r0, #0
 287              	.LVL11:
 288              	.L10:
 491:Drivers/STM32F4xx_HAL_Driver/Src/stm32f4xx_hal_rcc_ex.c **** }
 289              		.loc 1 491 1 view .LVU98
 290 015a 03B0     		add	sp, sp, #12
 291              	.LCFI2:
 292              		.cfi_remember_state
 293              		.cfi_def_cfa_offset 20
 294              		@ sp needed
 295 015c F0BD     		pop	{r4, r5, r6, r7, pc}
 296              	.LVL12:
 297              	.L45:
 298              	.LCFI3:
 299              		.cfi_restore_state
 113:Drivers/STM32F4xx_HAL_Driver/Src/stm32f4xx_hal_rcc_ex.c ****     }
 300              		.loc 1 113 18 view .LVU99
 301 015e 0126     		movs	r6, #1
 302 0160 63E7     		b	.L2
 303              	.LVL13:
 304              	.L60:
 145:Drivers/STM32F4xx_HAL_Driver/Src/stm32f4xx_hal_rcc_ex.c ****     }
ARM GAS  C:\Users\Ebrahim\AppData\Local\Temp\ccoXyWuB.s 			page 15


 305              		.loc 1 145 18 view .LVU100
 306 0162 0126     		movs	r6, #1
 307              	.LVL14:
 145:Drivers/STM32F4xx_HAL_Driver/Src/stm32f4xx_hal_rcc_ex.c ****     }
 308              		.loc 1 145 18 view .LVU101
 309 0164 82E7     		b	.L5
 310              	.LVL15:
 311              	.L48:
 150:Drivers/STM32F4xx_HAL_Driver/Src/stm32f4xx_hal_rcc_ex.c ****     }
 312              		.loc 1 150 18 view .LVU102
 313 0166 0125     		movs	r5, #1
 314 0168 83E7     		b	.L4
 315              	.LVL16:
 316              	.L61:
 167:Drivers/STM32F4xx_HAL_Driver/Src/stm32f4xx_hal_rcc_ex.c ****     }
 317              		.loc 1 167 18 view .LVU103
 318 016a 0126     		movs	r6, #1
 319              	.LVL17:
 167:Drivers/STM32F4xx_HAL_Driver/Src/stm32f4xx_hal_rcc_ex.c ****     }
 320              		.loc 1 167 18 view .LVU104
 321 016c 92E7     		b	.L7
 322              	.LVL18:
 323              	.L62:
 181:Drivers/STM32F4xx_HAL_Driver/Src/stm32f4xx_hal_rcc_ex.c **** 
 324              		.loc 1 181 5 is_stmt 1 view .LVU105
 184:Drivers/STM32F4xx_HAL_Driver/Src/stm32f4xx_hal_rcc_ex.c **** 
 325              		.loc 1 184 5 view .LVU106
 326              	.LBB2:
 184:Drivers/STM32F4xx_HAL_Driver/Src/stm32f4xx_hal_rcc_ex.c **** 
 327              		.loc 1 184 5 view .LVU107
 328 016e 0023     		movs	r3, #0
 329 0170 0193     		str	r3, [sp, #4]
 184:Drivers/STM32F4xx_HAL_Driver/Src/stm32f4xx_hal_rcc_ex.c **** 
 330              		.loc 1 184 5 view .LVU108
 331 0172 3D4B     		ldr	r3, .L73
 332 0174 1A6C     		ldr	r2, [r3, #64]
 333 0176 42F08052 		orr	r2, r2, #268435456
 334 017a 1A64     		str	r2, [r3, #64]
 184:Drivers/STM32F4xx_HAL_Driver/Src/stm32f4xx_hal_rcc_ex.c **** 
 335              		.loc 1 184 5 view .LVU109
 336 017c 1B6C     		ldr	r3, [r3, #64]
 337 017e 03F08053 		and	r3, r3, #268435456
 338 0182 0193     		str	r3, [sp, #4]
 184:Drivers/STM32F4xx_HAL_Driver/Src/stm32f4xx_hal_rcc_ex.c **** 
 339              		.loc 1 184 5 view .LVU110
 340 0184 019B     		ldr	r3, [sp, #4]
 341              	.LBE2:
 184:Drivers/STM32F4xx_HAL_Driver/Src/stm32f4xx_hal_rcc_ex.c **** 
 342              		.loc 1 184 5 view .LVU111
 187:Drivers/STM32F4xx_HAL_Driver/Src/stm32f4xx_hal_rcc_ex.c **** 
 343              		.loc 1 187 5 view .LVU112
 187:Drivers/STM32F4xx_HAL_Driver/Src/stm32f4xx_hal_rcc_ex.c **** 
 344              		.loc 1 187 8 is_stmt 0 view .LVU113
 345 0186 3A4A     		ldr	r2, .L73+8
 346 0188 1368     		ldr	r3, [r2]
 187:Drivers/STM32F4xx_HAL_Driver/Src/stm32f4xx_hal_rcc_ex.c **** 
 347              		.loc 1 187 13 view .LVU114
ARM GAS  C:\Users\Ebrahim\AppData\Local\Temp\ccoXyWuB.s 			page 16


 348 018a 43F48073 		orr	r3, r3, #256
 349 018e 1360     		str	r3, [r2]
 190:Drivers/STM32F4xx_HAL_Driver/Src/stm32f4xx_hal_rcc_ex.c **** 
 350              		.loc 1 190 5 is_stmt 1 view .LVU115
 190:Drivers/STM32F4xx_HAL_Driver/Src/stm32f4xx_hal_rcc_ex.c **** 
 351              		.loc 1 190 17 is_stmt 0 view .LVU116
 352 0190 FFF7FEFF 		bl	HAL_GetTick
 353              	.LVL19:
 190:Drivers/STM32F4xx_HAL_Driver/Src/stm32f4xx_hal_rcc_ex.c **** 
 354              		.loc 1 190 17 view .LVU117
 355 0194 0746     		mov	r7, r0
 356              	.LVL20:
 192:Drivers/STM32F4xx_HAL_Driver/Src/stm32f4xx_hal_rcc_ex.c ****     {
 357              		.loc 1 192 5 is_stmt 1 view .LVU118
 358              	.L9:
 192:Drivers/STM32F4xx_HAL_Driver/Src/stm32f4xx_hal_rcc_ex.c ****     {
 359              		.loc 1 192 35 view .LVU119
 192:Drivers/STM32F4xx_HAL_Driver/Src/stm32f4xx_hal_rcc_ex.c ****     {
 360              		.loc 1 192 16 is_stmt 0 view .LVU120
 361 0196 364B     		ldr	r3, .L73+8
 362 0198 1B68     		ldr	r3, [r3]
 192:Drivers/STM32F4xx_HAL_Driver/Src/stm32f4xx_hal_rcc_ex.c ****     {
 363              		.loc 1 192 35 view .LVU121
 364 019a 13F4807F 		tst	r3, #256
 365 019e 06D1     		bne	.L65
 194:Drivers/STM32F4xx_HAL_Driver/Src/stm32f4xx_hal_rcc_ex.c ****       {
 366              		.loc 1 194 7 is_stmt 1 view .LVU122
 194:Drivers/STM32F4xx_HAL_Driver/Src/stm32f4xx_hal_rcc_ex.c ****       {
 367              		.loc 1 194 12 is_stmt 0 view .LVU123
 368 01a0 FFF7FEFF 		bl	HAL_GetTick
 369              	.LVL21:
 194:Drivers/STM32F4xx_HAL_Driver/Src/stm32f4xx_hal_rcc_ex.c ****       {
 370              		.loc 1 194 26 discriminator 1 view .LVU124
 371 01a4 C01B     		subs	r0, r0, r7
 194:Drivers/STM32F4xx_HAL_Driver/Src/stm32f4xx_hal_rcc_ex.c ****       {
 372              		.loc 1 194 10 discriminator 1 view .LVU125
 373 01a6 0228     		cmp	r0, #2
 374 01a8 F5D9     		bls	.L9
 196:Drivers/STM32F4xx_HAL_Driver/Src/stm32f4xx_hal_rcc_ex.c ****       }
 375              		.loc 1 196 16 view .LVU126
 376 01aa 0320     		movs	r0, #3
 377 01ac D5E7     		b	.L10
 378              	.L65:
 200:Drivers/STM32F4xx_HAL_Driver/Src/stm32f4xx_hal_rcc_ex.c ****     if ((tmpreg1 != 0x00000000U) && ((tmpreg1) != (PeriphClkInit->RTCClockSelection & RCC_BDCR_RTCS
 379              		.loc 1 200 5 is_stmt 1 view .LVU127
 200:Drivers/STM32F4xx_HAL_Driver/Src/stm32f4xx_hal_rcc_ex.c ****     if ((tmpreg1 != 0x00000000U) && ((tmpreg1) != (PeriphClkInit->RTCClockSelection & RCC_BDCR_RTCS
 380              		.loc 1 200 19 is_stmt 0 view .LVU128
 381 01ae 2E4B     		ldr	r3, .L73
 382 01b0 1B6F     		ldr	r3, [r3, #112]
 383              	.LVL22:
 201:Drivers/STM32F4xx_HAL_Driver/Src/stm32f4xx_hal_rcc_ex.c ****     {
 384              		.loc 1 201 5 is_stmt 1 view .LVU129
 201:Drivers/STM32F4xx_HAL_Driver/Src/stm32f4xx_hal_rcc_ex.c ****     {
 385              		.loc 1 201 8 is_stmt 0 view .LVU130
 386 01b2 13F44073 		ands	r3, r3, #768
 387              	.LVL23:
 201:Drivers/STM32F4xx_HAL_Driver/Src/stm32f4xx_hal_rcc_ex.c ****     {
ARM GAS  C:\Users\Ebrahim\AppData\Local\Temp\ccoXyWuB.s 			page 17


 388              		.loc 1 201 8 view .LVU131
 389 01b6 14D0     		beq	.L12
 201:Drivers/STM32F4xx_HAL_Driver/Src/stm32f4xx_hal_rcc_ex.c ****     {
 390              		.loc 1 201 65 discriminator 1 view .LVU132
 391 01b8 226C     		ldr	r2, [r4, #64]
 201:Drivers/STM32F4xx_HAL_Driver/Src/stm32f4xx_hal_rcc_ex.c ****     {
 392              		.loc 1 201 85 discriminator 1 view .LVU133
 393 01ba 02F44072 		and	r2, r2, #768
 201:Drivers/STM32F4xx_HAL_Driver/Src/stm32f4xx_hal_rcc_ex.c ****     {
 394              		.loc 1 201 34 discriminator 1 view .LVU134
 395 01be 9A42     		cmp	r2, r3
 396 01c0 0FD0     		beq	.L12
 204:Drivers/STM32F4xx_HAL_Driver/Src/stm32f4xx_hal_rcc_ex.c ****       /* RTC Clock selection can be changed only if the Backup Domain is reset */
 397              		.loc 1 204 7 is_stmt 1 view .LVU135
 204:Drivers/STM32F4xx_HAL_Driver/Src/stm32f4xx_hal_rcc_ex.c ****       /* RTC Clock selection can be changed only if the Backup Domain is reset */
 398              		.loc 1 204 21 is_stmt 0 view .LVU136
 399 01c2 294B     		ldr	r3, .L73
 400              	.LVL24:
 204:Drivers/STM32F4xx_HAL_Driver/Src/stm32f4xx_hal_rcc_ex.c ****       /* RTC Clock selection can be changed only if the Backup Domain is reset */
 401              		.loc 1 204 21 view .LVU137
 402 01c4 1A6F     		ldr	r2, [r3, #112]
 204:Drivers/STM32F4xx_HAL_Driver/Src/stm32f4xx_hal_rcc_ex.c ****       /* RTC Clock selection can be changed only if the Backup Domain is reset */
 403              		.loc 1 204 15 view .LVU138
 404 01c6 22F44072 		bic	r2, r2, #768
 405              	.LVL25:
 206:Drivers/STM32F4xx_HAL_Driver/Src/stm32f4xx_hal_rcc_ex.c ****       __HAL_RCC_BACKUPRESET_RELEASE();
 406              		.loc 1 206 7 is_stmt 1 view .LVU139
 407 01ca 2A49     		ldr	r1, .L73+12
 408 01cc 0120     		movs	r0, #1
 409 01ce C1F8400E 		str	r0, [r1, #3648]
 207:Drivers/STM32F4xx_HAL_Driver/Src/stm32f4xx_hal_rcc_ex.c ****       /* Restore the Content of BDCR register */
 410              		.loc 1 207 7 view .LVU140
 411 01d2 0020     		movs	r0, #0
 412 01d4 C1F8400E 		str	r0, [r1, #3648]
 209:Drivers/STM32F4xx_HAL_Driver/Src/stm32f4xx_hal_rcc_ex.c **** 
 413              		.loc 1 209 7 view .LVU141
 209:Drivers/STM32F4xx_HAL_Driver/Src/stm32f4xx_hal_rcc_ex.c **** 
 414              		.loc 1 209 17 is_stmt 0 view .LVU142
 415 01d8 1A67     		str	r2, [r3, #112]
 212:Drivers/STM32F4xx_HAL_Driver/Src/stm32f4xx_hal_rcc_ex.c ****       {
 416              		.loc 1 212 7 is_stmt 1 view .LVU143
 212:Drivers/STM32F4xx_HAL_Driver/Src/stm32f4xx_hal_rcc_ex.c ****       {
 417              		.loc 1 212 11 is_stmt 0 view .LVU144
 418 01da 1B6F     		ldr	r3, [r3, #112]
 212:Drivers/STM32F4xx_HAL_Driver/Src/stm32f4xx_hal_rcc_ex.c ****       {
 419              		.loc 1 212 10 view .LVU145
 420 01dc 13F0010F 		tst	r3, #1
 421 01e0 12D1     		bne	.L66
 422              	.LVL26:
 423              	.L12:
 227:Drivers/STM32F4xx_HAL_Driver/Src/stm32f4xx_hal_rcc_ex.c ****   }
 424              		.loc 1 227 5 is_stmt 1 view .LVU146
 227:Drivers/STM32F4xx_HAL_Driver/Src/stm32f4xx_hal_rcc_ex.c ****   }
 425              		.loc 1 227 5 view .LVU147
 426 01e2 236C     		ldr	r3, [r4, #64]
 427 01e4 03F44072 		and	r2, r3, #768
 428 01e8 B2F5407F 		cmp	r2, #768
ARM GAS  C:\Users\Ebrahim\AppData\Local\Temp\ccoXyWuB.s 			page 18


 429 01ec 1DD0     		beq	.L67
 227:Drivers/STM32F4xx_HAL_Driver/Src/stm32f4xx_hal_rcc_ex.c ****   }
 430              		.loc 1 227 5 is_stmt 0 discriminator 2 view .LVU148
 431 01ee 1E4A     		ldr	r2, .L73
 432 01f0 9368     		ldr	r3, [r2, #8]
 433 01f2 23F4F813 		bic	r3, r3, #2031616
 434 01f6 9360     		str	r3, [r2, #8]
 435              	.L16:
 227:Drivers/STM32F4xx_HAL_Driver/Src/stm32f4xx_hal_rcc_ex.c ****   }
 436              		.loc 1 227 5 is_stmt 1 discriminator 4 view .LVU149
 437 01f8 1B49     		ldr	r1, .L73
 438 01fa 0B6F     		ldr	r3, [r1, #112]
 439 01fc 226C     		ldr	r2, [r4, #64]
 440 01fe C2F30B02 		ubfx	r2, r2, #0, #12
 441 0202 1343     		orrs	r3, r3, r2
 442 0204 0B67     		str	r3, [r1, #112]
 443 0206 4BE7     		b	.L8
 444              	.LVL27:
 445              	.L66:
 215:Drivers/STM32F4xx_HAL_Driver/Src/stm32f4xx_hal_rcc_ex.c **** 
 446              		.loc 1 215 9 view .LVU150
 215:Drivers/STM32F4xx_HAL_Driver/Src/stm32f4xx_hal_rcc_ex.c **** 
 447              		.loc 1 215 21 is_stmt 0 view .LVU151
 448 0208 FFF7FEFF 		bl	HAL_GetTick
 449              	.LVL28:
 215:Drivers/STM32F4xx_HAL_Driver/Src/stm32f4xx_hal_rcc_ex.c **** 
 450              		.loc 1 215 21 view .LVU152
 451 020c 0746     		mov	r7, r0
 452              	.LVL29:
 218:Drivers/STM32F4xx_HAL_Driver/Src/stm32f4xx_hal_rcc_ex.c ****         {
 453              		.loc 1 218 9 is_stmt 1 view .LVU153
 454              	.L13:
 218:Drivers/STM32F4xx_HAL_Driver/Src/stm32f4xx_hal_rcc_ex.c ****         {
 455              		.loc 1 218 52 view .LVU154
 218:Drivers/STM32F4xx_HAL_Driver/Src/stm32f4xx_hal_rcc_ex.c ****         {
 456              		.loc 1 218 16 is_stmt 0 view .LVU155
 457 020e 164B     		ldr	r3, .L73
 458 0210 1B6F     		ldr	r3, [r3, #112]
 218:Drivers/STM32F4xx_HAL_Driver/Src/stm32f4xx_hal_rcc_ex.c ****         {
 459              		.loc 1 218 52 view .LVU156
 460 0212 13F0020F 		tst	r3, #2
 461 0216 E4D1     		bne	.L12
 220:Drivers/STM32F4xx_HAL_Driver/Src/stm32f4xx_hal_rcc_ex.c ****           {
 462              		.loc 1 220 11 is_stmt 1 view .LVU157
 220:Drivers/STM32F4xx_HAL_Driver/Src/stm32f4xx_hal_rcc_ex.c ****           {
 463              		.loc 1 220 16 is_stmt 0 view .LVU158
 464 0218 FFF7FEFF 		bl	HAL_GetTick
 465              	.LVL30:
 220:Drivers/STM32F4xx_HAL_Driver/Src/stm32f4xx_hal_rcc_ex.c ****           {
 466              		.loc 1 220 30 discriminator 1 view .LVU159
 467 021c C01B     		subs	r0, r0, r7
 220:Drivers/STM32F4xx_HAL_Driver/Src/stm32f4xx_hal_rcc_ex.c ****           {
 468              		.loc 1 220 14 discriminator 1 view .LVU160
 469 021e 41F28833 		movw	r3, #5000
 470 0222 9842     		cmp	r0, r3
 471 0224 F3D9     		bls	.L13
 222:Drivers/STM32F4xx_HAL_Driver/Src/stm32f4xx_hal_rcc_ex.c ****           }
ARM GAS  C:\Users\Ebrahim\AppData\Local\Temp\ccoXyWuB.s 			page 19


 472              		.loc 1 222 20 view .LVU161
 473 0226 0320     		movs	r0, #3
 474 0228 97E7     		b	.L10
 475              	.LVL31:
 476              	.L67:
 227:Drivers/STM32F4xx_HAL_Driver/Src/stm32f4xx_hal_rcc_ex.c ****   }
 477              		.loc 1 227 5 discriminator 1 view .LVU162
 478 022a 0F49     		ldr	r1, .L73
 479 022c 8A68     		ldr	r2, [r1, #8]
 480 022e 22F4F812 		bic	r2, r2, #2031616
 481 0232 23F07043 		bic	r3, r3, #-268435456
 482 0236 23F44073 		bic	r3, r3, #768
 483 023a 1343     		orrs	r3, r3, r2
 484 023c 8B60     		str	r3, [r1, #8]
 485 023e DBE7     		b	.L16
 486              	.LVL32:
 487              	.L63:
 273:Drivers/STM32F4xx_HAL_Driver/Src/stm32f4xx_hal_rcc_ex.c ****     }
 488              		.loc 1 273 18 view .LVU163
 489 0240 0125     		movs	r5, #1
 490              	.LVL33:
 273:Drivers/STM32F4xx_HAL_Driver/Src/stm32f4xx_hal_rcc_ex.c ****     }
 491              		.loc 1 273 18 view .LVU164
 492 0242 62E7     		b	.L20
 493              	.LVL34:
 494              	.L23:
 311:Drivers/STM32F4xx_HAL_Driver/Src/stm32f4xx_hal_rcc_ex.c ****     /* Get tick */
 495              		.loc 1 311 5 is_stmt 1 view .LVU165
 496 0244 0B4B     		ldr	r3, .L73+12
 497 0246 0022     		movs	r2, #0
 498 0248 9A66     		str	r2, [r3, #104]
 313:Drivers/STM32F4xx_HAL_Driver/Src/stm32f4xx_hal_rcc_ex.c ****     /* Wait till PLLI2S is disabled */
 499              		.loc 1 313 5 view .LVU166
 313:Drivers/STM32F4xx_HAL_Driver/Src/stm32f4xx_hal_rcc_ex.c ****     /* Wait till PLLI2S is disabled */
 500              		.loc 1 313 17 is_stmt 0 view .LVU167
 501 024a FFF7FEFF 		bl	HAL_GetTick
 502              	.LVL35:
 503 024e 0646     		mov	r6, r0
 504              	.LVL36:
 315:Drivers/STM32F4xx_HAL_Driver/Src/stm32f4xx_hal_rcc_ex.c ****     {
 505              		.loc 1 315 5 is_stmt 1 view .LVU168
 506              	.L25:
 315:Drivers/STM32F4xx_HAL_Driver/Src/stm32f4xx_hal_rcc_ex.c ****     {
 507              		.loc 1 315 52 view .LVU169
 315:Drivers/STM32F4xx_HAL_Driver/Src/stm32f4xx_hal_rcc_ex.c ****     {
 508              		.loc 1 315 12 is_stmt 0 view .LVU170
 509 0250 054B     		ldr	r3, .L73
 510 0252 1B68     		ldr	r3, [r3]
 315:Drivers/STM32F4xx_HAL_Driver/Src/stm32f4xx_hal_rcc_ex.c ****     {
 511              		.loc 1 315 52 view .LVU171
 512 0254 13F0006F 		tst	r3, #134217728
 513 0258 0ED0     		beq	.L68
 317:Drivers/STM32F4xx_HAL_Driver/Src/stm32f4xx_hal_rcc_ex.c ****       {
 514              		.loc 1 317 7 is_stmt 1 view .LVU172
 317:Drivers/STM32F4xx_HAL_Driver/Src/stm32f4xx_hal_rcc_ex.c ****       {
 515              		.loc 1 317 12 is_stmt 0 view .LVU173
 516 025a FFF7FEFF 		bl	HAL_GetTick
ARM GAS  C:\Users\Ebrahim\AppData\Local\Temp\ccoXyWuB.s 			page 20


 517              	.LVL37:
 317:Drivers/STM32F4xx_HAL_Driver/Src/stm32f4xx_hal_rcc_ex.c ****       {
 518              		.loc 1 317 26 discriminator 1 view .LVU174
 519 025e 801B     		subs	r0, r0, r6
 317:Drivers/STM32F4xx_HAL_Driver/Src/stm32f4xx_hal_rcc_ex.c ****       {
 520              		.loc 1 317 10 discriminator 1 view .LVU175
 521 0260 0228     		cmp	r0, #2
 522 0262 F5D9     		bls	.L25
 320:Drivers/STM32F4xx_HAL_Driver/Src/stm32f4xx_hal_rcc_ex.c ****       }
 523              		.loc 1 320 16 view .LVU176
 524 0264 0320     		movs	r0, #3
 525 0266 78E7     		b	.L10
 526              	.L74:
 527              		.align	2
 528              	.L73:
 529 0268 00380240 		.word	1073887232
 530 026c 00104742 		.word	1111953408
 531 0270 00700040 		.word	1073770496
 532 0274 00004742 		.word	1111949312
 533              	.L68:
 325:Drivers/STM32F4xx_HAL_Driver/Src/stm32f4xx_hal_rcc_ex.c ****     assert_param(IS_RCC_PLLI2SN_VALUE(PeriphClkInit->PLLI2S.PLLI2SN));
 534              		.loc 1 325 5 is_stmt 1 view .LVU177
 326:Drivers/STM32F4xx_HAL_Driver/Src/stm32f4xx_hal_rcc_ex.c **** 
 535              		.loc 1 326 5 view .LVU178
 329:Drivers/STM32F4xx_HAL_Driver/Src/stm32f4xx_hal_rcc_ex.c ****          && (PeriphClkInit->I2sApb1ClockSelection == RCC_I2SAPB1CLKSOURCE_PLLI2S)) ||
 536              		.loc 1 329 5 view .LVU179
 329:Drivers/STM32F4xx_HAL_Driver/Src/stm32f4xx_hal_rcc_ex.c ****          && (PeriphClkInit->I2sApb1ClockSelection == RCC_I2SAPB1CLKSOURCE_PLLI2S)) ||
 537              		.loc 1 329 26 is_stmt 0 view .LVU180
 538 0278 2368     		ldr	r3, [r4]
 329:Drivers/STM32F4xx_HAL_Driver/Src/stm32f4xx_hal_rcc_ex.c ****          && (PeriphClkInit->I2sApb1ClockSelection == RCC_I2SAPB1CLKSOURCE_PLLI2S)) ||
 539              		.loc 1 329 8 view .LVU181
 540 027a 13F0010F 		tst	r3, #1
 541 027e 01D0     		beq	.L27
 330:Drivers/STM32F4xx_HAL_Driver/Src/stm32f4xx_hal_rcc_ex.c ****         ((((PeriphClkInit->PeriphClockSelection) & RCC_PERIPHCLK_I2S_APB2) == RCC_PERIPHCLK_I2S_APB
 542              		.loc 1 330 27 view .LVU182
 543 0280 A26B     		ldr	r2, [r4, #56]
 330:Drivers/STM32F4xx_HAL_Driver/Src/stm32f4xx_hal_rcc_ex.c ****         ((((PeriphClkInit->PeriphClockSelection) & RCC_PERIPHCLK_I2S_APB2) == RCC_PERIPHCLK_I2S_APB
 544              		.loc 1 330 10 view .LVU183
 545 0282 22B1     		cbz	r2, .L28
 546              	.L27:
 330:Drivers/STM32F4xx_HAL_Driver/Src/stm32f4xx_hal_rcc_ex.c ****         ((((PeriphClkInit->PeriphClockSelection) & RCC_PERIPHCLK_I2S_APB2) == RCC_PERIPHCLK_I2S_APB
 547              		.loc 1 330 84 discriminator 1 view .LVU184
 548 0284 13F0020F 		tst	r3, #2
 549 0288 15D0     		beq	.L29
 331:Drivers/STM32F4xx_HAL_Driver/Src/stm32f4xx_hal_rcc_ex.c ****     {
 550              		.loc 1 331 120 view .LVU185
 551 028a E36B     		ldr	r3, [r4, #60]
 331:Drivers/STM32F4xx_HAL_Driver/Src/stm32f4xx_hal_rcc_ex.c ****     {
 552              		.loc 1 331 103 view .LVU186
 553 028c 9BB9     		cbnz	r3, .L29
 554              	.L28:
 334:Drivers/STM32F4xx_HAL_Driver/Src/stm32f4xx_hal_rcc_ex.c **** 
 555              		.loc 1 334 7 is_stmt 1 view .LVU187
 337:Drivers/STM32F4xx_HAL_Driver/Src/stm32f4xx_hal_rcc_ex.c ****       plli2sq = ((RCC->PLLI2SCFGR & RCC_PLLI2SCFGR_PLLI2SQ) >> RCC_PLLI2SCFGR_PLLI2SQ_Pos);
 556              		.loc 1 337 7 view .LVU188
 337:Drivers/STM32F4xx_HAL_Driver/Src/stm32f4xx_hal_rcc_ex.c ****       plli2sq = ((RCC->PLLI2SCFGR & RCC_PLLI2SCFGR_PLLI2SQ) >> RCC_PLLI2SCFGR_PLLI2SQ_Pos);
 557              		.loc 1 337 24 is_stmt 0 view .LVU189
ARM GAS  C:\Users\Ebrahim\AppData\Local\Temp\ccoXyWuB.s 			page 21


 558 028e 774A     		ldr	r2, .L75
 559 0290 D2F88400 		ldr	r0, [r2, #132]
 560              	.LVL38:
 338:Drivers/STM32F4xx_HAL_Driver/Src/stm32f4xx_hal_rcc_ex.c ****       /* Configure the PLLI2S division factors */
 561              		.loc 1 338 7 is_stmt 1 view .LVU190
 338:Drivers/STM32F4xx_HAL_Driver/Src/stm32f4xx_hal_rcc_ex.c ****       /* Configure the PLLI2S division factors */
 562              		.loc 1 338 22 is_stmt 0 view .LVU191
 563 0294 D2F88410 		ldr	r1, [r2, #132]
 564              	.LVL39:
 342:Drivers/STM32F4xx_HAL_Driver/Src/stm32f4xx_hal_rcc_ex.c ****                               PeriphClkInit->PLLI2S.PLLI2SR);
 565              		.loc 1 342 7 is_stmt 1 view .LVU192
 566 0298 6368     		ldr	r3, [r4, #4]
 567 029a A668     		ldr	r6, [r4, #8]
 568              	.LVL40:
 342:Drivers/STM32F4xx_HAL_Driver/Src/stm32f4xx_hal_rcc_ex.c ****                               PeriphClkInit->PLLI2S.PLLI2SR);
 569              		.loc 1 342 7 is_stmt 0 view .LVU193
 570 029c 43EA8613 		orr	r3, r3, r6, lsl #6
 571 02a0 00F44030 		and	r0, r0, #196608
 572              	.LVL41:
 342:Drivers/STM32F4xx_HAL_Driver/Src/stm32f4xx_hal_rcc_ex.c ****                               PeriphClkInit->PLLI2S.PLLI2SR);
 573              		.loc 1 342 7 view .LVU194
 574 02a4 0343     		orrs	r3, r3, r0
 575 02a6 01F07061 		and	r1, r1, #251658240
 576              	.LVL42:
 342:Drivers/STM32F4xx_HAL_Driver/Src/stm32f4xx_hal_rcc_ex.c ****                               PeriphClkInit->PLLI2S.PLLI2SR);
 577              		.loc 1 342 7 view .LVU195
 578 02aa 0B43     		orrs	r3, r3, r1
 579 02ac 6169     		ldr	r1, [r4, #20]
 580 02ae 43EA0173 		orr	r3, r3, r1, lsl #28
 581 02b2 C2F88430 		str	r3, [r2, #132]
 582              	.LVL43:
 583              	.L29:
 347:Drivers/STM32F4xx_HAL_Driver/Src/stm32f4xx_hal_rcc_ex.c ****          && (PeriphClkInit->Sai1ClockSelection == RCC_SAI1CLKSOURCE_PLLI2S)) ||
 584              		.loc 1 347 5 is_stmt 1 view .LVU196
 347:Drivers/STM32F4xx_HAL_Driver/Src/stm32f4xx_hal_rcc_ex.c ****          && (PeriphClkInit->Sai1ClockSelection == RCC_SAI1CLKSOURCE_PLLI2S)) ||
 585              		.loc 1 347 26 is_stmt 0 view .LVU197
 586 02b6 2368     		ldr	r3, [r4]
 347:Drivers/STM32F4xx_HAL_Driver/Src/stm32f4xx_hal_rcc_ex.c ****          && (PeriphClkInit->Sai1ClockSelection == RCC_SAI1CLKSOURCE_PLLI2S)) ||
 587              		.loc 1 347 8 view .LVU198
 588 02b8 13F0040F 		tst	r3, #4
 589 02bc 03D0     		beq	.L30
 348:Drivers/STM32F4xx_HAL_Driver/Src/stm32f4xx_hal_rcc_ex.c ****         ((((PeriphClkInit->PeriphClockSelection) & RCC_PERIPHCLK_SAI2) == RCC_PERIPHCLK_SAI2) && (P
 590              		.loc 1 348 27 view .LVU199
 591 02be 226B     		ldr	r2, [r4, #48]
 348:Drivers/STM32F4xx_HAL_Driver/Src/stm32f4xx_hal_rcc_ex.c ****         ((((PeriphClkInit->PeriphClockSelection) & RCC_PERIPHCLK_SAI2) == RCC_PERIPHCLK_SAI2) && (P
 592              		.loc 1 348 10 view .LVU200
 593 02c0 B2F5801F 		cmp	r2, #1048576
 594 02c4 06D0     		beq	.L31
 595              	.L30:
 348:Drivers/STM32F4xx_HAL_Driver/Src/stm32f4xx_hal_rcc_ex.c ****         ((((PeriphClkInit->PeriphClockSelection) & RCC_PERIPHCLK_SAI2) == RCC_PERIPHCLK_SAI2) && (P
 596              		.loc 1 348 78 discriminator 1 view .LVU201
 597 02c6 13F0080F 		tst	r3, #8
 598 02ca 20D0     		beq	.L32
 349:Drivers/STM32F4xx_HAL_Driver/Src/stm32f4xx_hal_rcc_ex.c ****     {
 599              		.loc 1 349 112 view .LVU202
 600 02cc 636B     		ldr	r3, [r4, #52]
 349:Drivers/STM32F4xx_HAL_Driver/Src/stm32f4xx_hal_rcc_ex.c ****     {
ARM GAS  C:\Users\Ebrahim\AppData\Local\Temp\ccoXyWuB.s 			page 22


 601              		.loc 1 349 95 view .LVU203
 602 02ce B3F5800F 		cmp	r3, #4194304
 603 02d2 1CD1     		bne	.L32
 604              	.L31:
 352:Drivers/STM32F4xx_HAL_Driver/Src/stm32f4xx_hal_rcc_ex.c ****       /* Check for PLLI2S/DIVQ parameters */
 605              		.loc 1 352 7 is_stmt 1 view .LVU204
 354:Drivers/STM32F4xx_HAL_Driver/Src/stm32f4xx_hal_rcc_ex.c **** 
 606              		.loc 1 354 7 view .LVU205
 357:Drivers/STM32F4xx_HAL_Driver/Src/stm32f4xx_hal_rcc_ex.c ****       plli2sr = ((RCC->PLLI2SCFGR & RCC_PLLI2SCFGR_PLLI2SR) >> RCC_PLLI2SCFGR_PLLI2SR_Pos);
 607              		.loc 1 357 7 view .LVU206
 357:Drivers/STM32F4xx_HAL_Driver/Src/stm32f4xx_hal_rcc_ex.c ****       plli2sr = ((RCC->PLLI2SCFGR & RCC_PLLI2SCFGR_PLLI2SR) >> RCC_PLLI2SCFGR_PLLI2SR_Pos);
 608              		.loc 1 357 24 is_stmt 0 view .LVU207
 609 02d4 654A     		ldr	r2, .L75
 610 02d6 D2F88400 		ldr	r0, [r2, #132]
 611              	.LVL44:
 358:Drivers/STM32F4xx_HAL_Driver/Src/stm32f4xx_hal_rcc_ex.c ****       /* Configure the PLLI2S division factors */
 612              		.loc 1 358 7 is_stmt 1 view .LVU208
 358:Drivers/STM32F4xx_HAL_Driver/Src/stm32f4xx_hal_rcc_ex.c ****       /* Configure the PLLI2S division factors */
 613              		.loc 1 358 22 is_stmt 0 view .LVU209
 614 02da D2F88410 		ldr	r1, [r2, #132]
 615              	.LVL45:
 363:Drivers/STM32F4xx_HAL_Driver/Src/stm32f4xx_hal_rcc_ex.c ****                               PeriphClkInit->PLLI2S.PLLI2SQ, plli2sr);
 616              		.loc 1 363 7 is_stmt 1 view .LVU210
 617 02de 6368     		ldr	r3, [r4, #4]
 618 02e0 A668     		ldr	r6, [r4, #8]
 619 02e2 43EA8613 		orr	r3, r3, r6, lsl #6
 620 02e6 00F44030 		and	r0, r0, #196608
 621              	.LVL46:
 363:Drivers/STM32F4xx_HAL_Driver/Src/stm32f4xx_hal_rcc_ex.c ****                               PeriphClkInit->PLLI2S.PLLI2SQ, plli2sr);
 622              		.loc 1 363 7 is_stmt 0 view .LVU211
 623 02ea 0343     		orrs	r3, r3, r0
 624 02ec 2069     		ldr	r0, [r4, #16]
 625 02ee 43EA0063 		orr	r3, r3, r0, lsl #24
 626 02f2 01F0E041 		and	r1, r1, #1879048192
 627              	.LVL47:
 363:Drivers/STM32F4xx_HAL_Driver/Src/stm32f4xx_hal_rcc_ex.c ****                               PeriphClkInit->PLLI2S.PLLI2SQ, plli2sr);
 628              		.loc 1 363 7 view .LVU212
 629 02f6 0B43     		orrs	r3, r3, r1
 630 02f8 C2F88430 		str	r3, [r2, #132]
 367:Drivers/STM32F4xx_HAL_Driver/Src/stm32f4xx_hal_rcc_ex.c ****     }
 631              		.loc 1 367 7 is_stmt 1 view .LVU213
 632 02fc D2F88C30 		ldr	r3, [r2, #140]
 633 0300 23F01F03 		bic	r3, r3, #31
 634 0304 A16A     		ldr	r1, [r4, #40]
 635 0306 0139     		subs	r1, r1, #1
 636 0308 0B43     		orrs	r3, r3, r1
 637 030a C2F88C30 		str	r3, [r2, #140]
 638              	.LVL48:
 639              	.L32:
 371:Drivers/STM32F4xx_HAL_Driver/Src/stm32f4xx_hal_rcc_ex.c ****         && (PeriphClkInit->SpdifClockSelection == RCC_SPDIFRXCLKSOURCE_PLLI2SP))
 640              		.loc 1 371 5 view .LVU214
 371:Drivers/STM32F4xx_HAL_Driver/Src/stm32f4xx_hal_rcc_ex.c ****         && (PeriphClkInit->SpdifClockSelection == RCC_SPDIFRXCLKSOURCE_PLLI2SP))
 641              		.loc 1 371 25 is_stmt 0 view .LVU215
 642 030e 2368     		ldr	r3, [r4]
 371:Drivers/STM32F4xx_HAL_Driver/Src/stm32f4xx_hal_rcc_ex.c ****         && (PeriphClkInit->SpdifClockSelection == RCC_SPDIFRXCLKSOURCE_PLLI2SP))
 643              		.loc 1 371 8 view .LVU216
 644 0310 13F4806F 		tst	r3, #1024
ARM GAS  C:\Users\Ebrahim\AppData\Local\Temp\ccoXyWuB.s 			page 23


 645 0314 03D0     		beq	.L33
 372:Drivers/STM32F4xx_HAL_Driver/Src/stm32f4xx_hal_rcc_ex.c ****     {
 646              		.loc 1 372 26 view .LVU217
 647 0316 236D     		ldr	r3, [r4, #80]
 372:Drivers/STM32F4xx_HAL_Driver/Src/stm32f4xx_hal_rcc_ex.c ****     {
 648              		.loc 1 372 9 view .LVU218
 649 0318 B3F1005F 		cmp	r3, #536870912
 650 031c 28D0     		beq	.L69
 651              	.L33:
 387:Drivers/STM32F4xx_HAL_Driver/Src/stm32f4xx_hal_rcc_ex.c ****     {
 652              		.loc 1 387 5 is_stmt 1 view .LVU219
 387:Drivers/STM32F4xx_HAL_Driver/Src/stm32f4xx_hal_rcc_ex.c ****     {
 653              		.loc 1 387 23 is_stmt 0 view .LVU220
 654 031e 2368     		ldr	r3, [r4]
 387:Drivers/STM32F4xx_HAL_Driver/Src/stm32f4xx_hal_rcc_ex.c ****     {
 655              		.loc 1 387 8 view .LVU221
 656 0320 13F4006F 		tst	r3, #2048
 657 0324 11D0     		beq	.L34
 390:Drivers/STM32F4xx_HAL_Driver/Src/stm32f4xx_hal_rcc_ex.c ****       assert_param(IS_RCC_PLLI2SR_VALUE(PeriphClkInit->PLLI2S.PLLI2SR));
 658              		.loc 1 390 7 is_stmt 1 view .LVU222
 391:Drivers/STM32F4xx_HAL_Driver/Src/stm32f4xx_hal_rcc_ex.c ****       assert_param(IS_RCC_PLLI2SQ_VALUE(PeriphClkInit->PLLI2S.PLLI2SQ));
 659              		.loc 1 391 7 view .LVU223
 392:Drivers/STM32F4xx_HAL_Driver/Src/stm32f4xx_hal_rcc_ex.c **** 
 660              		.loc 1 392 7 view .LVU224
 396:Drivers/STM32F4xx_HAL_Driver/Src/stm32f4xx_hal_rcc_ex.c ****                               PeriphClkInit->PLLI2S.PLLI2SQ, PeriphClkInit->PLLI2S.PLLI2SR);
 661              		.loc 1 396 7 view .LVU225
 662 0326 6368     		ldr	r3, [r4, #4]
 663 0328 A268     		ldr	r2, [r4, #8]
 664 032a 43EA8213 		orr	r3, r3, r2, lsl #6
 665 032e E268     		ldr	r2, [r4, #12]
 666 0330 5208     		lsrs	r2, r2, #1
 667 0332 013A     		subs	r2, r2, #1
 668 0334 43EA0243 		orr	r3, r3, r2, lsl #16
 669 0338 2269     		ldr	r2, [r4, #16]
 670 033a 43EA0263 		orr	r3, r3, r2, lsl #24
 671 033e 6269     		ldr	r2, [r4, #20]
 672 0340 43EA0273 		orr	r3, r3, r2, lsl #28
 673 0344 494A     		ldr	r2, .L75
 674 0346 C2F88430 		str	r3, [r2, #132]
 675              	.L34:
 401:Drivers/STM32F4xx_HAL_Driver/Src/stm32f4xx_hal_rcc_ex.c ****     /* Get tick */
 676              		.loc 1 401 5 view .LVU226
 677 034a 494B     		ldr	r3, .L75+4
 678 034c 0122     		movs	r2, #1
 679 034e 9A66     		str	r2, [r3, #104]
 403:Drivers/STM32F4xx_HAL_Driver/Src/stm32f4xx_hal_rcc_ex.c ****     /* Wait till PLLI2S is ready */
 680              		.loc 1 403 5 view .LVU227
 403:Drivers/STM32F4xx_HAL_Driver/Src/stm32f4xx_hal_rcc_ex.c ****     /* Wait till PLLI2S is ready */
 681              		.loc 1 403 17 is_stmt 0 view .LVU228
 682 0350 FFF7FEFF 		bl	HAL_GetTick
 683              	.LVL49:
 684 0354 0646     		mov	r6, r0
 685              	.LVL50:
 405:Drivers/STM32F4xx_HAL_Driver/Src/stm32f4xx_hal_rcc_ex.c ****     {
 686              		.loc 1 405 5 is_stmt 1 view .LVU229
 687              	.L35:
 405:Drivers/STM32F4xx_HAL_Driver/Src/stm32f4xx_hal_rcc_ex.c ****     {
ARM GAS  C:\Users\Ebrahim\AppData\Local\Temp\ccoXyWuB.s 			page 24


 688              		.loc 1 405 52 view .LVU230
 405:Drivers/STM32F4xx_HAL_Driver/Src/stm32f4xx_hal_rcc_ex.c ****     {
 689              		.loc 1 405 12 is_stmt 0 view .LVU231
 690 0356 454B     		ldr	r3, .L75
 691 0358 1B68     		ldr	r3, [r3]
 405:Drivers/STM32F4xx_HAL_Driver/Src/stm32f4xx_hal_rcc_ex.c ****     {
 692              		.loc 1 405 52 view .LVU232
 693 035a 13F0006F 		tst	r3, #134217728
 694 035e 7FF4F8AE 		bne	.L24
 407:Drivers/STM32F4xx_HAL_Driver/Src/stm32f4xx_hal_rcc_ex.c ****       {
 695              		.loc 1 407 7 is_stmt 1 view .LVU233
 407:Drivers/STM32F4xx_HAL_Driver/Src/stm32f4xx_hal_rcc_ex.c ****       {
 696              		.loc 1 407 12 is_stmt 0 view .LVU234
 697 0362 FFF7FEFF 		bl	HAL_GetTick
 698              	.LVL51:
 407:Drivers/STM32F4xx_HAL_Driver/Src/stm32f4xx_hal_rcc_ex.c ****       {
 699              		.loc 1 407 26 discriminator 1 view .LVU235
 700 0366 801B     		subs	r0, r0, r6
 407:Drivers/STM32F4xx_HAL_Driver/Src/stm32f4xx_hal_rcc_ex.c ****       {
 701              		.loc 1 407 10 discriminator 1 view .LVU236
 702 0368 0228     		cmp	r0, #2
 703 036a F4D9     		bls	.L35
 410:Drivers/STM32F4xx_HAL_Driver/Src/stm32f4xx_hal_rcc_ex.c ****       }
 704              		.loc 1 410 16 view .LVU237
 705 036c 0320     		movs	r0, #3
 706 036e F4E6     		b	.L10
 707              	.LVL52:
 708              	.L69:
 375:Drivers/STM32F4xx_HAL_Driver/Src/stm32f4xx_hal_rcc_ex.c ****       /* Read PLLI2SR value from PLLI2SCFGR register (this value is not need for SAI configuration)
 709              		.loc 1 375 7 is_stmt 1 view .LVU238
 377:Drivers/STM32F4xx_HAL_Driver/Src/stm32f4xx_hal_rcc_ex.c ****       plli2sr = ((RCC->PLLI2SCFGR & RCC_PLLI2SCFGR_PLLI2SR) >> RCC_PLLI2SCFGR_PLLI2SR_Pos);
 710              		.loc 1 377 7 view .LVU239
 377:Drivers/STM32F4xx_HAL_Driver/Src/stm32f4xx_hal_rcc_ex.c ****       plli2sr = ((RCC->PLLI2SCFGR & RCC_PLLI2SCFGR_PLLI2SR) >> RCC_PLLI2SCFGR_PLLI2SR_Pos);
 711              		.loc 1 377 24 is_stmt 0 view .LVU240
 712 0370 3E48     		ldr	r0, .L75
 713 0372 D0F88420 		ldr	r2, [r0, #132]
 377:Drivers/STM32F4xx_HAL_Driver/Src/stm32f4xx_hal_rcc_ex.c ****       plli2sr = ((RCC->PLLI2SCFGR & RCC_PLLI2SCFGR_PLLI2SR) >> RCC_PLLI2SCFGR_PLLI2SR_Pos);
 714              		.loc 1 377 63 view .LVU241
 715 0376 C2F30142 		ubfx	r2, r2, #16, #2
 377:Drivers/STM32F4xx_HAL_Driver/Src/stm32f4xx_hal_rcc_ex.c ****       plli2sr = ((RCC->PLLI2SCFGR & RCC_PLLI2SCFGR_PLLI2SR) >> RCC_PLLI2SCFGR_PLLI2SR_Pos);
 716              		.loc 1 377 94 view .LVU242
 717 037a 0132     		adds	r2, r2, #1
 718              	.LVL53:
 378:Drivers/STM32F4xx_HAL_Driver/Src/stm32f4xx_hal_rcc_ex.c ****       /* Configure the PLLI2S division factors */
 719              		.loc 1 378 7 is_stmt 1 view .LVU243
 378:Drivers/STM32F4xx_HAL_Driver/Src/stm32f4xx_hal_rcc_ex.c ****       /* Configure the PLLI2S division factors */
 720              		.loc 1 378 22 is_stmt 0 view .LVU244
 721 037c D0F88460 		ldr	r6, [r0, #132]
 722              	.LVL54:
 382:Drivers/STM32F4xx_HAL_Driver/Src/stm32f4xx_hal_rcc_ex.c ****                               plli2sq, plli2sr);
 723              		.loc 1 382 7 is_stmt 1 view .LVU245
 724 0380 6368     		ldr	r3, [r4, #4]
 725 0382 A168     		ldr	r1, [r4, #8]
 726 0384 43EA8113 		orr	r3, r3, r1, lsl #6
 727 0388 E168     		ldr	r1, [r4, #12]
 728 038a 4908     		lsrs	r1, r1, #1
 729 038c 0139     		subs	r1, r1, #1
ARM GAS  C:\Users\Ebrahim\AppData\Local\Temp\ccoXyWuB.s 			page 25


 730 038e 43EA0143 		orr	r3, r3, r1, lsl #16
 731 0392 43EA4263 		orr	r3, r3, r2, lsl #25
 732 0396 06F0E042 		and	r2, r6, #1879048192
 733              	.LVL55:
 382:Drivers/STM32F4xx_HAL_Driver/Src/stm32f4xx_hal_rcc_ex.c ****                               plli2sq, plli2sr);
 734              		.loc 1 382 7 is_stmt 0 view .LVU246
 735 039a 1343     		orrs	r3, r3, r2
 736 039c C0F88430 		str	r3, [r0, #132]
 737 03a0 BDE7     		b	.L33
 738              	.LVL56:
 739              	.L64:
 421:Drivers/STM32F4xx_HAL_Driver/Src/stm32f4xx_hal_rcc_ex.c ****     /* Get tick */
 740              		.loc 1 421 5 is_stmt 1 view .LVU247
 741 03a2 334B     		ldr	r3, .L75+4
 742 03a4 0022     		movs	r2, #0
 743 03a6 1A67     		str	r2, [r3, #112]
 423:Drivers/STM32F4xx_HAL_Driver/Src/stm32f4xx_hal_rcc_ex.c ****     /* Wait till PLLSAI is disabled */
 744              		.loc 1 423 5 view .LVU248
 423:Drivers/STM32F4xx_HAL_Driver/Src/stm32f4xx_hal_rcc_ex.c ****     /* Wait till PLLSAI is disabled */
 745              		.loc 1 423 17 is_stmt 0 view .LVU249
 746 03a8 FFF7FEFF 		bl	HAL_GetTick
 747              	.LVL57:
 748 03ac 0546     		mov	r5, r0
 749              	.LVL58:
 425:Drivers/STM32F4xx_HAL_Driver/Src/stm32f4xx_hal_rcc_ex.c ****     {
 750              		.loc 1 425 5 is_stmt 1 view .LVU250
 751              	.L37:
 425:Drivers/STM32F4xx_HAL_Driver/Src/stm32f4xx_hal_rcc_ex.c ****     {
 752              		.loc 1 425 40 view .LVU251
 425:Drivers/STM32F4xx_HAL_Driver/Src/stm32f4xx_hal_rcc_ex.c ****     {
 753              		.loc 1 425 12 is_stmt 0 view .LVU252
 754 03ae 2F4B     		ldr	r3, .L75
 755 03b0 1B68     		ldr	r3, [r3]
 425:Drivers/STM32F4xx_HAL_Driver/Src/stm32f4xx_hal_rcc_ex.c ****     {
 756              		.loc 1 425 40 view .LVU253
 757 03b2 13F0005F 		tst	r3, #536870912
 758 03b6 06D0     		beq	.L70
 427:Drivers/STM32F4xx_HAL_Driver/Src/stm32f4xx_hal_rcc_ex.c ****       {
 759              		.loc 1 427 7 is_stmt 1 view .LVU254
 427:Drivers/STM32F4xx_HAL_Driver/Src/stm32f4xx_hal_rcc_ex.c ****       {
 760              		.loc 1 427 12 is_stmt 0 view .LVU255
 761 03b8 FFF7FEFF 		bl	HAL_GetTick
 762              	.LVL59:
 427:Drivers/STM32F4xx_HAL_Driver/Src/stm32f4xx_hal_rcc_ex.c ****       {
 763              		.loc 1 427 26 discriminator 1 view .LVU256
 764 03bc 401B     		subs	r0, r0, r5
 427:Drivers/STM32F4xx_HAL_Driver/Src/stm32f4xx_hal_rcc_ex.c ****       {
 765              		.loc 1 427 10 discriminator 1 view .LVU257
 766 03be 0228     		cmp	r0, #2
 767 03c0 F5D9     		bls	.L37
 430:Drivers/STM32F4xx_HAL_Driver/Src/stm32f4xx_hal_rcc_ex.c ****       }
 768              		.loc 1 430 16 view .LVU258
 769 03c2 0320     		movs	r0, #3
 770 03c4 C9E6     		b	.L10
 771              	.L70:
 435:Drivers/STM32F4xx_HAL_Driver/Src/stm32f4xx_hal_rcc_ex.c ****     assert_param(IS_RCC_PLLSAIN_VALUE(PeriphClkInit->PLLSAI.PLLSAIN));
 772              		.loc 1 435 5 is_stmt 1 view .LVU259
ARM GAS  C:\Users\Ebrahim\AppData\Local\Temp\ccoXyWuB.s 			page 26


 436:Drivers/STM32F4xx_HAL_Driver/Src/stm32f4xx_hal_rcc_ex.c **** 
 773              		.loc 1 436 5 view .LVU260
 439:Drivers/STM32F4xx_HAL_Driver/Src/stm32f4xx_hal_rcc_ex.c ****          && (PeriphClkInit->Sai1ClockSelection == RCC_SAI1CLKSOURCE_PLLSAI)) ||
 774              		.loc 1 439 5 view .LVU261
 439:Drivers/STM32F4xx_HAL_Driver/Src/stm32f4xx_hal_rcc_ex.c ****          && (PeriphClkInit->Sai1ClockSelection == RCC_SAI1CLKSOURCE_PLLSAI)) ||
 775              		.loc 1 439 26 is_stmt 0 view .LVU262
 776 03c6 2368     		ldr	r3, [r4]
 439:Drivers/STM32F4xx_HAL_Driver/Src/stm32f4xx_hal_rcc_ex.c ****          && (PeriphClkInit->Sai1ClockSelection == RCC_SAI1CLKSOURCE_PLLSAI)) ||
 777              		.loc 1 439 8 view .LVU263
 778 03c8 13F0040F 		tst	r3, #4
 779 03cc 01D0     		beq	.L39
 440:Drivers/STM32F4xx_HAL_Driver/Src/stm32f4xx_hal_rcc_ex.c ****         ((((PeriphClkInit->PeriphClockSelection) & RCC_PERIPHCLK_SAI2) == RCC_PERIPHCLK_SAI2) && (P
 780              		.loc 1 440 27 view .LVU264
 781 03ce 226B     		ldr	r2, [r4, #48]
 440:Drivers/STM32F4xx_HAL_Driver/Src/stm32f4xx_hal_rcc_ex.c ****         ((((PeriphClkInit->PeriphClockSelection) & RCC_PERIPHCLK_SAI2) == RCC_PERIPHCLK_SAI2) && (P
 782              		.loc 1 440 10 view .LVU265
 783 03d0 22B1     		cbz	r2, .L40
 784              	.L39:
 440:Drivers/STM32F4xx_HAL_Driver/Src/stm32f4xx_hal_rcc_ex.c ****         ((((PeriphClkInit->PeriphClockSelection) & RCC_PERIPHCLK_SAI2) == RCC_PERIPHCLK_SAI2) && (P
 785              		.loc 1 440 78 discriminator 1 view .LVU266
 786 03d2 13F0080F 		tst	r3, #8
 787 03d6 1AD0     		beq	.L41
 441:Drivers/STM32F4xx_HAL_Driver/Src/stm32f4xx_hal_rcc_ex.c ****     {
 788              		.loc 1 441 112 view .LVU267
 789 03d8 636B     		ldr	r3, [r4, #52]
 441:Drivers/STM32F4xx_HAL_Driver/Src/stm32f4xx_hal_rcc_ex.c ****     {
 790              		.loc 1 441 95 view .LVU268
 791 03da C3B9     		cbnz	r3, .L41
 792              	.L40:
 444:Drivers/STM32F4xx_HAL_Driver/Src/stm32f4xx_hal_rcc_ex.c ****       /* check for PLLSAI/DIVQ Parameter */
 793              		.loc 1 444 7 is_stmt 1 view .LVU269
 446:Drivers/STM32F4xx_HAL_Driver/Src/stm32f4xx_hal_rcc_ex.c **** 
 794              		.loc 1 446 7 view .LVU270
 449:Drivers/STM32F4xx_HAL_Driver/Src/stm32f4xx_hal_rcc_ex.c ****       /* PLLSAI_VCO Input  = PLL_SOURCE/PLLM */
 795              		.loc 1 449 7 view .LVU271
 449:Drivers/STM32F4xx_HAL_Driver/Src/stm32f4xx_hal_rcc_ex.c ****       /* PLLSAI_VCO Input  = PLL_SOURCE/PLLM */
 796              		.loc 1 449 24 is_stmt 0 view .LVU272
 797 03dc 234A     		ldr	r2, .L75
 798 03de D2F88810 		ldr	r1, [r2, #136]
 799              	.LVL60:
 453:Drivers/STM32F4xx_HAL_Driver/Src/stm32f4xx_hal_rcc_ex.c ****                               PeriphClkInit->PLLSAI.PLLSAIQ, 0U);
 800              		.loc 1 453 7 is_stmt 1 view .LVU273
 801 03e2 A369     		ldr	r3, [r4, #24]
 802 03e4 E069     		ldr	r0, [r4, #28]
 803 03e6 43EA8013 		orr	r3, r3, r0, lsl #6
 804 03ea 01F44031 		and	r1, r1, #196608
 805              	.LVL61:
 453:Drivers/STM32F4xx_HAL_Driver/Src/stm32f4xx_hal_rcc_ex.c ****                               PeriphClkInit->PLLSAI.PLLSAIQ, 0U);
 806              		.loc 1 453 7 is_stmt 0 view .LVU274
 807 03ee 0B43     		orrs	r3, r3, r1
 808 03f0 616A     		ldr	r1, [r4, #36]
 809 03f2 43EA0163 		orr	r3, r3, r1, lsl #24
 810 03f6 C2F88830 		str	r3, [r2, #136]
 457:Drivers/STM32F4xx_HAL_Driver/Src/stm32f4xx_hal_rcc_ex.c ****     }
 811              		.loc 1 457 7 is_stmt 1 view .LVU275
 812 03fa D2F88C30 		ldr	r3, [r2, #140]
 813 03fe 23F4F853 		bic	r3, r3, #7936
ARM GAS  C:\Users\Ebrahim\AppData\Local\Temp\ccoXyWuB.s 			page 27


 814 0402 E16A     		ldr	r1, [r4, #44]
 815 0404 0139     		subs	r1, r1, #1
 816 0406 43EA0123 		orr	r3, r3, r1, lsl #8
 817 040a C2F88C30 		str	r3, [r2, #140]
 818              	.LVL62:
 819              	.L41:
 462:Drivers/STM32F4xx_HAL_Driver/Src/stm32f4xx_hal_rcc_ex.c ****         && (PeriphClkInit->Clk48ClockSelection == RCC_CLK48CLKSOURCE_PLLSAIP))
 820              		.loc 1 462 5 view .LVU276
 462:Drivers/STM32F4xx_HAL_Driver/Src/stm32f4xx_hal_rcc_ex.c ****         && (PeriphClkInit->Clk48ClockSelection == RCC_CLK48CLKSOURCE_PLLSAIP))
 821              		.loc 1 462 25 is_stmt 0 view .LVU277
 822 040e 2368     		ldr	r3, [r4]
 462:Drivers/STM32F4xx_HAL_Driver/Src/stm32f4xx_hal_rcc_ex.c ****         && (PeriphClkInit->Clk48ClockSelection == RCC_CLK48CLKSOURCE_PLLSAIP))
 823              		.loc 1 462 8 view .LVU278
 824 0410 13F4807F 		tst	r3, #256
 825 0414 03D0     		beq	.L42
 463:Drivers/STM32F4xx_HAL_Driver/Src/stm32f4xx_hal_rcc_ex.c ****     {
 826              		.loc 1 463 26 view .LVU279
 827 0416 636D     		ldr	r3, [r4, #84]
 463:Drivers/STM32F4xx_HAL_Driver/Src/stm32f4xx_hal_rcc_ex.c ****     {
 828              		.loc 1 463 9 view .LVU280
 829 0418 B3F1006F 		cmp	r3, #134217728
 830 041c 11D0     		beq	.L71
 831              	.LVL63:
 832              	.L42:
 477:Drivers/STM32F4xx_HAL_Driver/Src/stm32f4xx_hal_rcc_ex.c ****     /* Get tick */
 833              		.loc 1 477 5 is_stmt 1 view .LVU281
 834 041e 144B     		ldr	r3, .L75+4
 835 0420 0122     		movs	r2, #1
 836 0422 1A67     		str	r2, [r3, #112]
 479:Drivers/STM32F4xx_HAL_Driver/Src/stm32f4xx_hal_rcc_ex.c ****     /* Wait till PLLSAI is ready */
 837              		.loc 1 479 5 view .LVU282
 479:Drivers/STM32F4xx_HAL_Driver/Src/stm32f4xx_hal_rcc_ex.c ****     /* Wait till PLLSAI is ready */
 838              		.loc 1 479 17 is_stmt 0 view .LVU283
 839 0424 FFF7FEFF 		bl	HAL_GetTick
 840              	.LVL64:
 841 0428 0446     		mov	r4, r0
 842              	.LVL65:
 481:Drivers/STM32F4xx_HAL_Driver/Src/stm32f4xx_hal_rcc_ex.c ****     {
 843              		.loc 1 481 5 is_stmt 1 view .LVU284
 844              	.L43:
 481:Drivers/STM32F4xx_HAL_Driver/Src/stm32f4xx_hal_rcc_ex.c ****     {
 845              		.loc 1 481 40 view .LVU285
 481:Drivers/STM32F4xx_HAL_Driver/Src/stm32f4xx_hal_rcc_ex.c ****     {
 846              		.loc 1 481 12 is_stmt 0 view .LVU286
 847 042a 104B     		ldr	r3, .L75
 848 042c 1B68     		ldr	r3, [r3]
 481:Drivers/STM32F4xx_HAL_Driver/Src/stm32f4xx_hal_rcc_ex.c ****     {
 849              		.loc 1 481 40 view .LVU287
 850 042e 13F0005F 		tst	r3, #536870912
 851 0432 18D1     		bne	.L72
 483:Drivers/STM32F4xx_HAL_Driver/Src/stm32f4xx_hal_rcc_ex.c ****       {
 852              		.loc 1 483 7 is_stmt 1 view .LVU288
 483:Drivers/STM32F4xx_HAL_Driver/Src/stm32f4xx_hal_rcc_ex.c ****       {
 853              		.loc 1 483 12 is_stmt 0 view .LVU289
 854 0434 FFF7FEFF 		bl	HAL_GetTick
 855              	.LVL66:
 483:Drivers/STM32F4xx_HAL_Driver/Src/stm32f4xx_hal_rcc_ex.c ****       {
ARM GAS  C:\Users\Ebrahim\AppData\Local\Temp\ccoXyWuB.s 			page 28


 856              		.loc 1 483 26 discriminator 1 view .LVU290
 857 0438 001B     		subs	r0, r0, r4
 483:Drivers/STM32F4xx_HAL_Driver/Src/stm32f4xx_hal_rcc_ex.c ****       {
 858              		.loc 1 483 10 discriminator 1 view .LVU291
 859 043a 0228     		cmp	r0, #2
 860 043c F5D9     		bls	.L43
 486:Drivers/STM32F4xx_HAL_Driver/Src/stm32f4xx_hal_rcc_ex.c ****       }
 861              		.loc 1 486 16 view .LVU292
 862 043e 0320     		movs	r0, #3
 863 0440 8BE6     		b	.L10
 864              	.LVL67:
 865              	.L71:
 466:Drivers/STM32F4xx_HAL_Driver/Src/stm32f4xx_hal_rcc_ex.c ****       /* Read PLLSAIQ value from PLLI2SCFGR register (this value is not need for SAI configuration)
 866              		.loc 1 466 7 is_stmt 1 view .LVU293
 468:Drivers/STM32F4xx_HAL_Driver/Src/stm32f4xx_hal_rcc_ex.c ****       /* Configure the PLLSAI division factors */
 867              		.loc 1 468 7 view .LVU294
 468:Drivers/STM32F4xx_HAL_Driver/Src/stm32f4xx_hal_rcc_ex.c ****       /* Configure the PLLSAI division factors */
 868              		.loc 1 468 22 is_stmt 0 view .LVU295
 869 0442 0A48     		ldr	r0, .L75
 870 0444 D0F88810 		ldr	r1, [r0, #136]
 871              	.LVL68:
 472:Drivers/STM32F4xx_HAL_Driver/Src/stm32f4xx_hal_rcc_ex.c ****                               pllsaiq, 0U);
 872              		.loc 1 472 7 is_stmt 1 view .LVU296
 873 0448 A369     		ldr	r3, [r4, #24]
 874 044a E269     		ldr	r2, [r4, #28]
 875 044c 43EA8213 		orr	r3, r3, r2, lsl #6
 876 0450 226A     		ldr	r2, [r4, #32]
 877 0452 5208     		lsrs	r2, r2, #1
 878 0454 013A     		subs	r2, r2, #1
 879 0456 43EA0243 		orr	r3, r3, r2, lsl #16
 880 045a 01F07062 		and	r2, r1, #251658240
 881 045e 1343     		orrs	r3, r3, r2
 882 0460 C0F88830 		str	r3, [r0, #136]
 883 0464 DBE7     		b	.L42
 884              	.LVL69:
 885              	.L72:
 490:Drivers/STM32F4xx_HAL_Driver/Src/stm32f4xx_hal_rcc_ex.c **** }
 886              		.loc 1 490 10 is_stmt 0 view .LVU297
 887 0466 0020     		movs	r0, #0
 888 0468 77E6     		b	.L10
 889              	.L76:
 890 046a 00BF     		.align	2
 891              	.L75:
 892 046c 00380240 		.word	1073887232
 893 0470 00004742 		.word	1111949312
 894              		.cfi_endproc
 895              	.LFE134:
 897              		.section	.text.HAL_RCCEx_GetPeriphCLKConfig,"ax",%progbits
 898              		.align	1
 899              		.global	HAL_RCCEx_GetPeriphCLKConfig
 900              		.syntax unified
 901              		.thumb
 902              		.thumb_func
 904              	HAL_RCCEx_GetPeriphCLKConfig:
 905              	.LVL70:
 906              	.LFB135:
 492:Drivers/STM32F4xx_HAL_Driver/Src/stm32f4xx_hal_rcc_ex.c **** 
ARM GAS  C:\Users\Ebrahim\AppData\Local\Temp\ccoXyWuB.s 			page 29


 493:Drivers/STM32F4xx_HAL_Driver/Src/stm32f4xx_hal_rcc_ex.c **** /**
 494:Drivers/STM32F4xx_HAL_Driver/Src/stm32f4xx_hal_rcc_ex.c ****   * @brief  Get the RCC_PeriphCLKInitTypeDef according to the internal
 495:Drivers/STM32F4xx_HAL_Driver/Src/stm32f4xx_hal_rcc_ex.c ****   *         RCC configuration registers.
 496:Drivers/STM32F4xx_HAL_Driver/Src/stm32f4xx_hal_rcc_ex.c ****   * @param  PeriphClkInit pointer to an RCC_PeriphCLKInitTypeDef structure that
 497:Drivers/STM32F4xx_HAL_Driver/Src/stm32f4xx_hal_rcc_ex.c ****   *         will be configured.
 498:Drivers/STM32F4xx_HAL_Driver/Src/stm32f4xx_hal_rcc_ex.c ****   * @retval None
 499:Drivers/STM32F4xx_HAL_Driver/Src/stm32f4xx_hal_rcc_ex.c ****   */
 500:Drivers/STM32F4xx_HAL_Driver/Src/stm32f4xx_hal_rcc_ex.c **** void HAL_RCCEx_GetPeriphCLKConfig(RCC_PeriphCLKInitTypeDef  *PeriphClkInit)
 501:Drivers/STM32F4xx_HAL_Driver/Src/stm32f4xx_hal_rcc_ex.c **** {
 907              		.loc 1 501 1 is_stmt 1 view -0
 908              		.cfi_startproc
 909              		@ args = 0, pretend = 0, frame = 0
 910              		@ frame_needed = 0, uses_anonymous_args = 0
 911              		@ link register save eliminated.
 502:Drivers/STM32F4xx_HAL_Driver/Src/stm32f4xx_hal_rcc_ex.c ****   uint32_t tempreg;
 912              		.loc 1 502 3 view .LVU299
 503:Drivers/STM32F4xx_HAL_Driver/Src/stm32f4xx_hal_rcc_ex.c **** 
 504:Drivers/STM32F4xx_HAL_Driver/Src/stm32f4xx_hal_rcc_ex.c ****   /* Set all possible values for the extended clock type parameter------------*/
 505:Drivers/STM32F4xx_HAL_Driver/Src/stm32f4xx_hal_rcc_ex.c ****   PeriphClkInit->PeriphClockSelection = RCC_PERIPHCLK_I2S_APB1 | RCC_PERIPHCLK_I2S_APB2 | \
 913              		.loc 1 505 3 view .LVU300
 914              		.loc 1 505 39 is_stmt 0 view .LVU301
 915 0000 40F2FF73 		movw	r3, #2047
 916 0004 0360     		str	r3, [r0]
 506:Drivers/STM32F4xx_HAL_Driver/Src/stm32f4xx_hal_rcc_ex.c ****                                         RCC_PERIPHCLK_SAI1     | RCC_PERIPHCLK_SAI2     | \
 507:Drivers/STM32F4xx_HAL_Driver/Src/stm32f4xx_hal_rcc_ex.c ****                                         RCC_PERIPHCLK_TIM      | RCC_PERIPHCLK_RTC      | \
 508:Drivers/STM32F4xx_HAL_Driver/Src/stm32f4xx_hal_rcc_ex.c ****                                         RCC_PERIPHCLK_CEC      | RCC_PERIPHCLK_FMPI2C1  | \
 509:Drivers/STM32F4xx_HAL_Driver/Src/stm32f4xx_hal_rcc_ex.c ****                                         RCC_PERIPHCLK_CLK48     | RCC_PERIPHCLK_SDIO     | \
 510:Drivers/STM32F4xx_HAL_Driver/Src/stm32f4xx_hal_rcc_ex.c ****                                         RCC_PERIPHCLK_SPDIFRX;
 511:Drivers/STM32F4xx_HAL_Driver/Src/stm32f4xx_hal_rcc_ex.c **** 
 512:Drivers/STM32F4xx_HAL_Driver/Src/stm32f4xx_hal_rcc_ex.c ****   /* Get the PLLI2S Clock configuration --------------------------------------*/
 513:Drivers/STM32F4xx_HAL_Driver/Src/stm32f4xx_hal_rcc_ex.c ****   PeriphClkInit->PLLI2S.PLLI2SM = (uint32_t)((RCC->PLLI2SCFGR & RCC_PLLI2SCFGR_PLLI2SM) >> RCC_PLLI
 917              		.loc 1 513 3 is_stmt 1 view .LVU302
 918              		.loc 1 513 50 is_stmt 0 view .LVU303
 919 0006 3F4B     		ldr	r3, .L80
 920 0008 D3F88420 		ldr	r2, [r3, #132]
 921              		.loc 1 513 35 view .LVU304
 922 000c 02F03F02 		and	r2, r2, #63
 923              		.loc 1 513 33 view .LVU305
 924 0010 4260     		str	r2, [r0, #4]
 514:Drivers/STM32F4xx_HAL_Driver/Src/stm32f4xx_hal_rcc_ex.c ****   PeriphClkInit->PLLI2S.PLLI2SN = (uint32_t)((RCC->PLLI2SCFGR & RCC_PLLI2SCFGR_PLLI2SN) >> RCC_PLLI
 925              		.loc 1 514 3 is_stmt 1 view .LVU306
 926              		.loc 1 514 50 is_stmt 0 view .LVU307
 927 0012 D3F88420 		ldr	r2, [r3, #132]
 928              		.loc 1 514 35 view .LVU308
 929 0016 C2F38812 		ubfx	r2, r2, #6, #9
 930              		.loc 1 514 33 view .LVU309
 931 001a 8260     		str	r2, [r0, #8]
 515:Drivers/STM32F4xx_HAL_Driver/Src/stm32f4xx_hal_rcc_ex.c ****   PeriphClkInit->PLLI2S.PLLI2SP = (uint32_t)((((RCC->PLLI2SCFGR & RCC_PLLI2SCFGR_PLLI2SP) >> RCC_PL
 932              		.loc 1 515 3 is_stmt 1 view .LVU310
 933              		.loc 1 515 52 is_stmt 0 view .LVU311
 934 001c D3F88420 		ldr	r2, [r3, #132]
 935              		.loc 1 515 91 view .LVU312
 936 0020 C2F30142 		ubfx	r2, r2, #16, #2
 937              		.loc 1 515 122 view .LVU313
 938 0024 0132     		adds	r2, r2, #1
 939              		.loc 1 515 35 view .LVU314
 940 0026 5200     		lsls	r2, r2, #1
ARM GAS  C:\Users\Ebrahim\AppData\Local\Temp\ccoXyWuB.s 			page 30


 941              		.loc 1 515 33 view .LVU315
 942 0028 C260     		str	r2, [r0, #12]
 516:Drivers/STM32F4xx_HAL_Driver/Src/stm32f4xx_hal_rcc_ex.c ****   PeriphClkInit->PLLI2S.PLLI2SQ = (uint32_t)((RCC->PLLI2SCFGR & RCC_PLLI2SCFGR_PLLI2SQ) >> RCC_PLLI
 943              		.loc 1 516 3 is_stmt 1 view .LVU316
 944              		.loc 1 516 50 is_stmt 0 view .LVU317
 945 002a D3F88420 		ldr	r2, [r3, #132]
 946              		.loc 1 516 35 view .LVU318
 947 002e C2F30362 		ubfx	r2, r2, #24, #4
 948              		.loc 1 516 33 view .LVU319
 949 0032 0261     		str	r2, [r0, #16]
 517:Drivers/STM32F4xx_HAL_Driver/Src/stm32f4xx_hal_rcc_ex.c ****   PeriphClkInit->PLLI2S.PLLI2SR = (uint32_t)((RCC->PLLI2SCFGR & RCC_PLLI2SCFGR_PLLI2SR) >> RCC_PLLI
 950              		.loc 1 517 3 is_stmt 1 view .LVU320
 951              		.loc 1 517 50 is_stmt 0 view .LVU321
 952 0034 D3F88420 		ldr	r2, [r3, #132]
 953              		.loc 1 517 35 view .LVU322
 954 0038 C2F30272 		ubfx	r2, r2, #28, #3
 955              		.loc 1 517 33 view .LVU323
 956 003c 4261     		str	r2, [r0, #20]
 518:Drivers/STM32F4xx_HAL_Driver/Src/stm32f4xx_hal_rcc_ex.c ****   /* Get the PLLSAI Clock configuration --------------------------------------*/
 519:Drivers/STM32F4xx_HAL_Driver/Src/stm32f4xx_hal_rcc_ex.c ****   PeriphClkInit->PLLSAI.PLLSAIM = (uint32_t)((RCC->PLLSAICFGR & RCC_PLLSAICFGR_PLLSAIM) >> RCC_PLLS
 957              		.loc 1 519 3 is_stmt 1 view .LVU324
 958              		.loc 1 519 50 is_stmt 0 view .LVU325
 959 003e D3F88820 		ldr	r2, [r3, #136]
 960              		.loc 1 519 35 view .LVU326
 961 0042 02F03F02 		and	r2, r2, #63
 962              		.loc 1 519 33 view .LVU327
 963 0046 8261     		str	r2, [r0, #24]
 520:Drivers/STM32F4xx_HAL_Driver/Src/stm32f4xx_hal_rcc_ex.c ****   PeriphClkInit->PLLSAI.PLLSAIN = (uint32_t)((RCC->PLLSAICFGR & RCC_PLLSAICFGR_PLLSAIN) >> RCC_PLLS
 964              		.loc 1 520 3 is_stmt 1 view .LVU328
 965              		.loc 1 520 50 is_stmt 0 view .LVU329
 966 0048 D3F88820 		ldr	r2, [r3, #136]
 967              		.loc 1 520 35 view .LVU330
 968 004c C2F38812 		ubfx	r2, r2, #6, #9
 969              		.loc 1 520 33 view .LVU331
 970 0050 C261     		str	r2, [r0, #28]
 521:Drivers/STM32F4xx_HAL_Driver/Src/stm32f4xx_hal_rcc_ex.c ****   PeriphClkInit->PLLSAI.PLLSAIP = (uint32_t)((((RCC->PLLSAICFGR & RCC_PLLSAICFGR_PLLSAIP) >> RCC_PL
 971              		.loc 1 521 3 is_stmt 1 view .LVU332
 972              		.loc 1 521 52 is_stmt 0 view .LVU333
 973 0052 D3F88820 		ldr	r2, [r3, #136]
 974              		.loc 1 521 91 view .LVU334
 975 0056 C2F30142 		ubfx	r2, r2, #16, #2
 976              		.loc 1 521 122 view .LVU335
 977 005a 0132     		adds	r2, r2, #1
 978              		.loc 1 521 35 view .LVU336
 979 005c 5200     		lsls	r2, r2, #1
 980              		.loc 1 521 33 view .LVU337
 981 005e 0262     		str	r2, [r0, #32]
 522:Drivers/STM32F4xx_HAL_Driver/Src/stm32f4xx_hal_rcc_ex.c ****   PeriphClkInit->PLLSAI.PLLSAIQ = (uint32_t)((RCC->PLLSAICFGR & RCC_PLLSAICFGR_PLLSAIQ) >> RCC_PLLS
 982              		.loc 1 522 3 is_stmt 1 view .LVU338
 983              		.loc 1 522 50 is_stmt 0 view .LVU339
 984 0060 D3F88820 		ldr	r2, [r3, #136]
 985              		.loc 1 522 35 view .LVU340
 986 0064 C2F30362 		ubfx	r2, r2, #24, #4
 987              		.loc 1 522 33 view .LVU341
 988 0068 4262     		str	r2, [r0, #36]
 523:Drivers/STM32F4xx_HAL_Driver/Src/stm32f4xx_hal_rcc_ex.c ****   /* Get the PLLSAI/PLLI2S division factors ----------------------------------*/
 524:Drivers/STM32F4xx_HAL_Driver/Src/stm32f4xx_hal_rcc_ex.c ****   PeriphClkInit->PLLI2SDivQ = (uint32_t)((RCC->DCKCFGR & RCC_DCKCFGR_PLLI2SDIVQ) >> RCC_DCKCFGR_PLL
ARM GAS  C:\Users\Ebrahim\AppData\Local\Temp\ccoXyWuB.s 			page 31


 989              		.loc 1 524 3 is_stmt 1 view .LVU342
 990              		.loc 1 524 46 is_stmt 0 view .LVU343
 991 006a D3F88C20 		ldr	r2, [r3, #140]
 992              		.loc 1 524 31 view .LVU344
 993 006e 02F01F02 		and	r2, r2, #31
 994              		.loc 1 524 29 view .LVU345
 995 0072 8262     		str	r2, [r0, #40]
 525:Drivers/STM32F4xx_HAL_Driver/Src/stm32f4xx_hal_rcc_ex.c ****   PeriphClkInit->PLLSAIDivQ = (uint32_t)((RCC->DCKCFGR & RCC_DCKCFGR_PLLSAIDIVQ) >> RCC_DCKCFGR_PLL
 996              		.loc 1 525 3 is_stmt 1 view .LVU346
 997              		.loc 1 525 46 is_stmt 0 view .LVU347
 998 0074 D3F88C20 		ldr	r2, [r3, #140]
 999              		.loc 1 525 31 view .LVU348
 1000 0078 C2F30422 		ubfx	r2, r2, #8, #5
 1001              		.loc 1 525 29 view .LVU349
 1002 007c C262     		str	r2, [r0, #44]
 526:Drivers/STM32F4xx_HAL_Driver/Src/stm32f4xx_hal_rcc_ex.c **** 
 527:Drivers/STM32F4xx_HAL_Driver/Src/stm32f4xx_hal_rcc_ex.c ****   /* Get the SAI1 clock configuration ----------------------------------------*/
 528:Drivers/STM32F4xx_HAL_Driver/Src/stm32f4xx_hal_rcc_ex.c ****   PeriphClkInit->Sai1ClockSelection = __HAL_RCC_GET_SAI1_SOURCE();
 1003              		.loc 1 528 3 is_stmt 1 view .LVU350
 1004              		.loc 1 528 39 is_stmt 0 view .LVU351
 1005 007e D3F88C20 		ldr	r2, [r3, #140]
 1006 0082 02F44012 		and	r2, r2, #3145728
 1007              		.loc 1 528 37 view .LVU352
 1008 0086 0263     		str	r2, [r0, #48]
 529:Drivers/STM32F4xx_HAL_Driver/Src/stm32f4xx_hal_rcc_ex.c **** 
 530:Drivers/STM32F4xx_HAL_Driver/Src/stm32f4xx_hal_rcc_ex.c ****   /* Get the SAI2 clock configuration ----------------------------------------*/
 531:Drivers/STM32F4xx_HAL_Driver/Src/stm32f4xx_hal_rcc_ex.c ****   PeriphClkInit->Sai2ClockSelection = __HAL_RCC_GET_SAI2_SOURCE();
 1009              		.loc 1 531 3 is_stmt 1 view .LVU353
 1010              		.loc 1 531 39 is_stmt 0 view .LVU354
 1011 0088 D3F88C20 		ldr	r2, [r3, #140]
 1012 008c 02F44002 		and	r2, r2, #12582912
 1013              		.loc 1 531 37 view .LVU355
 1014 0090 4263     		str	r2, [r0, #52]
 532:Drivers/STM32F4xx_HAL_Driver/Src/stm32f4xx_hal_rcc_ex.c **** 
 533:Drivers/STM32F4xx_HAL_Driver/Src/stm32f4xx_hal_rcc_ex.c ****   /* Get the I2S APB1 clock configuration ------------------------------------*/
 534:Drivers/STM32F4xx_HAL_Driver/Src/stm32f4xx_hal_rcc_ex.c ****   PeriphClkInit->I2sApb1ClockSelection = __HAL_RCC_GET_I2S_APB1_SOURCE();
 1015              		.loc 1 534 3 is_stmt 1 view .LVU356
 1016              		.loc 1 534 42 is_stmt 0 view .LVU357
 1017 0092 D3F88C20 		ldr	r2, [r3, #140]
 1018 0096 02F0C062 		and	r2, r2, #100663296
 1019              		.loc 1 534 40 view .LVU358
 1020 009a 8263     		str	r2, [r0, #56]
 535:Drivers/STM32F4xx_HAL_Driver/Src/stm32f4xx_hal_rcc_ex.c **** 
 536:Drivers/STM32F4xx_HAL_Driver/Src/stm32f4xx_hal_rcc_ex.c ****   /* Get the I2S APB2 clock configuration ------------------------------------*/
 537:Drivers/STM32F4xx_HAL_Driver/Src/stm32f4xx_hal_rcc_ex.c ****   PeriphClkInit->I2sApb2ClockSelection = __HAL_RCC_GET_I2S_APB2_SOURCE();
 1021              		.loc 1 537 3 is_stmt 1 view .LVU359
 1022              		.loc 1 537 42 is_stmt 0 view .LVU360
 1023 009c D3F88C20 		ldr	r2, [r3, #140]
 1024 00a0 02F0C052 		and	r2, r2, #402653184
 1025              		.loc 1 537 40 view .LVU361
 1026 00a4 C263     		str	r2, [r0, #60]
 538:Drivers/STM32F4xx_HAL_Driver/Src/stm32f4xx_hal_rcc_ex.c **** 
 539:Drivers/STM32F4xx_HAL_Driver/Src/stm32f4xx_hal_rcc_ex.c ****   /* Get the RTC Clock configuration -----------------------------------------*/
 540:Drivers/STM32F4xx_HAL_Driver/Src/stm32f4xx_hal_rcc_ex.c ****   tempreg = (RCC->CFGR & RCC_CFGR_RTCPRE);
 1027              		.loc 1 540 3 is_stmt 1 view .LVU362
 1028              		.loc 1 540 17 is_stmt 0 view .LVU363
 1029 00a6 9968     		ldr	r1, [r3, #8]
ARM GAS  C:\Users\Ebrahim\AppData\Local\Temp\ccoXyWuB.s 			page 32


 1030              		.loc 1 540 11 view .LVU364
 1031 00a8 01F4F811 		and	r1, r1, #2031616
 1032              	.LVL71:
 541:Drivers/STM32F4xx_HAL_Driver/Src/stm32f4xx_hal_rcc_ex.c ****   PeriphClkInit->RTCClockSelection = (uint32_t)((tempreg) | (RCC->BDCR & RCC_BDCR_RTCSEL));
 1033              		.loc 1 541 3 is_stmt 1 view .LVU365
 1034              		.loc 1 541 65 is_stmt 0 view .LVU366
 1035 00ac 1A6F     		ldr	r2, [r3, #112]
 1036              		.loc 1 541 72 view .LVU367
 1037 00ae 02F44072 		and	r2, r2, #768
 1038              		.loc 1 541 38 view .LVU368
 1039 00b2 0A43     		orrs	r2, r2, r1
 1040              		.loc 1 541 36 view .LVU369
 1041 00b4 0264     		str	r2, [r0, #64]
 542:Drivers/STM32F4xx_HAL_Driver/Src/stm32f4xx_hal_rcc_ex.c **** 
 543:Drivers/STM32F4xx_HAL_Driver/Src/stm32f4xx_hal_rcc_ex.c ****   /* Get the CEC clock configuration -----------------------------------------*/
 544:Drivers/STM32F4xx_HAL_Driver/Src/stm32f4xx_hal_rcc_ex.c ****   PeriphClkInit->CecClockSelection = __HAL_RCC_GET_CEC_SOURCE();
 1042              		.loc 1 544 3 is_stmt 1 view .LVU370
 1043              		.loc 1 544 38 is_stmt 0 view .LVU371
 1044 00b6 D3F89420 		ldr	r2, [r3, #148]
 1045 00ba 02F08062 		and	r2, r2, #67108864
 1046              		.loc 1 544 36 view .LVU372
 1047 00be 8264     		str	r2, [r0, #72]
 545:Drivers/STM32F4xx_HAL_Driver/Src/stm32f4xx_hal_rcc_ex.c **** 
 546:Drivers/STM32F4xx_HAL_Driver/Src/stm32f4xx_hal_rcc_ex.c ****   /* Get the FMPI2C1 clock configuration -------------------------------------*/
 547:Drivers/STM32F4xx_HAL_Driver/Src/stm32f4xx_hal_rcc_ex.c ****   PeriphClkInit->Fmpi2c1ClockSelection = __HAL_RCC_GET_FMPI2C1_SOURCE();
 1048              		.loc 1 547 3 is_stmt 1 view .LVU373
 1049              		.loc 1 547 42 is_stmt 0 view .LVU374
 1050 00c0 D3F89420 		ldr	r2, [r3, #148]
 1051 00c4 02F44002 		and	r2, r2, #12582912
 1052              		.loc 1 547 40 view .LVU375
 1053 00c8 C264     		str	r2, [r0, #76]
 548:Drivers/STM32F4xx_HAL_Driver/Src/stm32f4xx_hal_rcc_ex.c **** 
 549:Drivers/STM32F4xx_HAL_Driver/Src/stm32f4xx_hal_rcc_ex.c ****   /* Get the CLK48 clock configuration ----------------------------------------*/
 550:Drivers/STM32F4xx_HAL_Driver/Src/stm32f4xx_hal_rcc_ex.c ****   PeriphClkInit->Clk48ClockSelection = __HAL_RCC_GET_CLK48_SOURCE();
 1054              		.loc 1 550 3 is_stmt 1 view .LVU376
 1055              		.loc 1 550 40 is_stmt 0 view .LVU377
 1056 00ca D3F89420 		ldr	r2, [r3, #148]
 1057 00ce 02F00062 		and	r2, r2, #134217728
 1058              		.loc 1 550 38 view .LVU378
 1059 00d2 4265     		str	r2, [r0, #84]
 551:Drivers/STM32F4xx_HAL_Driver/Src/stm32f4xx_hal_rcc_ex.c **** 
 552:Drivers/STM32F4xx_HAL_Driver/Src/stm32f4xx_hal_rcc_ex.c ****   /* Get the SDIO clock configuration ----------------------------------------*/
 553:Drivers/STM32F4xx_HAL_Driver/Src/stm32f4xx_hal_rcc_ex.c ****   PeriphClkInit->SdioClockSelection = __HAL_RCC_GET_SDIO_SOURCE();
 1060              		.loc 1 553 3 is_stmt 1 view .LVU379
 1061              		.loc 1 553 39 is_stmt 0 view .LVU380
 1062 00d4 D3F89420 		ldr	r2, [r3, #148]
 1063 00d8 02F08052 		and	r2, r2, #268435456
 1064              		.loc 1 553 37 view .LVU381
 1065 00dc 4264     		str	r2, [r0, #68]
 554:Drivers/STM32F4xx_HAL_Driver/Src/stm32f4xx_hal_rcc_ex.c **** 
 555:Drivers/STM32F4xx_HAL_Driver/Src/stm32f4xx_hal_rcc_ex.c ****   /* Get the SPDIFRX clock configuration -------------------------------------*/
 556:Drivers/STM32F4xx_HAL_Driver/Src/stm32f4xx_hal_rcc_ex.c ****   PeriphClkInit->SpdifClockSelection = __HAL_RCC_GET_SPDIFRX_SOURCE();
 1066              		.loc 1 556 3 is_stmt 1 view .LVU382
 1067              		.loc 1 556 40 is_stmt 0 view .LVU383
 1068 00de D3F89420 		ldr	r2, [r3, #148]
 1069 00e2 02F00052 		and	r2, r2, #536870912
 1070              		.loc 1 556 38 view .LVU384
ARM GAS  C:\Users\Ebrahim\AppData\Local\Temp\ccoXyWuB.s 			page 33


 1071 00e6 0265     		str	r2, [r0, #80]
 557:Drivers/STM32F4xx_HAL_Driver/Src/stm32f4xx_hal_rcc_ex.c **** 
 558:Drivers/STM32F4xx_HAL_Driver/Src/stm32f4xx_hal_rcc_ex.c ****   /* Get the TIM Prescaler configuration -------------------------------------*/
 559:Drivers/STM32F4xx_HAL_Driver/Src/stm32f4xx_hal_rcc_ex.c ****   if ((RCC->DCKCFGR & RCC_DCKCFGR_TIMPRE) == RESET)
 1072              		.loc 1 559 3 is_stmt 1 view .LVU385
 1073              		.loc 1 559 11 is_stmt 0 view .LVU386
 1074 00e8 D3F88C30 		ldr	r3, [r3, #140]
 1075              		.loc 1 559 6 view .LVU387
 1076 00ec 13F0807F 		tst	r3, #16777216
 1077 00f0 03D1     		bne	.L78
 560:Drivers/STM32F4xx_HAL_Driver/Src/stm32f4xx_hal_rcc_ex.c ****   {
 561:Drivers/STM32F4xx_HAL_Driver/Src/stm32f4xx_hal_rcc_ex.c ****     PeriphClkInit->TIMPresSelection = RCC_TIMPRES_DESACTIVATED;
 1078              		.loc 1 561 5 is_stmt 1 view .LVU388
 1079              		.loc 1 561 37 is_stmt 0 view .LVU389
 1080 00f2 0023     		movs	r3, #0
 1081 00f4 80F85830 		strb	r3, [r0, #88]
 1082 00f8 7047     		bx	lr
 1083              	.L78:
 562:Drivers/STM32F4xx_HAL_Driver/Src/stm32f4xx_hal_rcc_ex.c ****   }
 563:Drivers/STM32F4xx_HAL_Driver/Src/stm32f4xx_hal_rcc_ex.c ****   else
 564:Drivers/STM32F4xx_HAL_Driver/Src/stm32f4xx_hal_rcc_ex.c ****   {
 565:Drivers/STM32F4xx_HAL_Driver/Src/stm32f4xx_hal_rcc_ex.c ****     PeriphClkInit->TIMPresSelection = RCC_TIMPRES_ACTIVATED;
 1084              		.loc 1 565 5 is_stmt 1 view .LVU390
 1085              		.loc 1 565 37 is_stmt 0 view .LVU391
 1086 00fa 0123     		movs	r3, #1
 1087 00fc 80F85830 		strb	r3, [r0, #88]
 566:Drivers/STM32F4xx_HAL_Driver/Src/stm32f4xx_hal_rcc_ex.c ****   }
 567:Drivers/STM32F4xx_HAL_Driver/Src/stm32f4xx_hal_rcc_ex.c **** }
 1088              		.loc 1 567 1 view .LVU392
 1089 0100 7047     		bx	lr
 1090              	.L81:
 1091 0102 00BF     		.align	2
 1092              	.L80:
 1093 0104 00380240 		.word	1073887232
 1094              		.cfi_endproc
 1095              	.LFE135:
 1097              		.section	.text.HAL_RCCEx_GetPeriphCLKFreq,"ax",%progbits
 1098              		.align	1
 1099              		.global	HAL_RCCEx_GetPeriphCLKFreq
 1100              		.syntax unified
 1101              		.thumb
 1102              		.thumb_func
 1104              	HAL_RCCEx_GetPeriphCLKFreq:
 1105              	.LVL72:
 1106              	.LFB136:
 568:Drivers/STM32F4xx_HAL_Driver/Src/stm32f4xx_hal_rcc_ex.c **** 
 569:Drivers/STM32F4xx_HAL_Driver/Src/stm32f4xx_hal_rcc_ex.c **** /**
 570:Drivers/STM32F4xx_HAL_Driver/Src/stm32f4xx_hal_rcc_ex.c ****   * @brief  Return the peripheral clock frequency for a given peripheral(SAI..)
 571:Drivers/STM32F4xx_HAL_Driver/Src/stm32f4xx_hal_rcc_ex.c ****   * @note   Return 0 if peripheral clock identifier not managed by this API
 572:Drivers/STM32F4xx_HAL_Driver/Src/stm32f4xx_hal_rcc_ex.c ****   * @param  PeriphClk Peripheral clock identifier
 573:Drivers/STM32F4xx_HAL_Driver/Src/stm32f4xx_hal_rcc_ex.c ****   *         This parameter can be one of the following values:
 574:Drivers/STM32F4xx_HAL_Driver/Src/stm32f4xx_hal_rcc_ex.c ****   *            @arg RCC_PERIPHCLK_SAI1: SAI1 peripheral clock
 575:Drivers/STM32F4xx_HAL_Driver/Src/stm32f4xx_hal_rcc_ex.c ****   *            @arg RCC_PERIPHCLK_SAI2: SAI2 peripheral clock
 576:Drivers/STM32F4xx_HAL_Driver/Src/stm32f4xx_hal_rcc_ex.c ****   *            @arg RCC_PERIPHCLK_I2S_APB1: I2S APB1 peripheral clock
 577:Drivers/STM32F4xx_HAL_Driver/Src/stm32f4xx_hal_rcc_ex.c ****   *            @arg RCC_PERIPHCLK_I2S_APB2: I2S APB2 peripheral clock
 578:Drivers/STM32F4xx_HAL_Driver/Src/stm32f4xx_hal_rcc_ex.c ****   * @retval Frequency in KHz
 579:Drivers/STM32F4xx_HAL_Driver/Src/stm32f4xx_hal_rcc_ex.c ****   */
ARM GAS  C:\Users\Ebrahim\AppData\Local\Temp\ccoXyWuB.s 			page 34


 580:Drivers/STM32F4xx_HAL_Driver/Src/stm32f4xx_hal_rcc_ex.c **** uint32_t HAL_RCCEx_GetPeriphCLKFreq(uint32_t PeriphClk)
 581:Drivers/STM32F4xx_HAL_Driver/Src/stm32f4xx_hal_rcc_ex.c **** {
 1107              		.loc 1 581 1 is_stmt 1 view -0
 1108              		.cfi_startproc
 1109              		@ args = 0, pretend = 0, frame = 0
 1110              		@ frame_needed = 0, uses_anonymous_args = 0
 1111              		@ link register save eliminated.
 582:Drivers/STM32F4xx_HAL_Driver/Src/stm32f4xx_hal_rcc_ex.c ****   uint32_t tmpreg1 = 0U;
 1112              		.loc 1 582 3 view .LVU394
 583:Drivers/STM32F4xx_HAL_Driver/Src/stm32f4xx_hal_rcc_ex.c ****   /* This variable used to store the SAI clock frequency (value in Hz) */
 584:Drivers/STM32F4xx_HAL_Driver/Src/stm32f4xx_hal_rcc_ex.c ****   uint32_t frequency = 0U;
 1113              		.loc 1 584 3 view .LVU395
 585:Drivers/STM32F4xx_HAL_Driver/Src/stm32f4xx_hal_rcc_ex.c ****   /* This variable used to store the VCO Input (value in Hz) */
 586:Drivers/STM32F4xx_HAL_Driver/Src/stm32f4xx_hal_rcc_ex.c ****   uint32_t vcoinput = 0U;
 1114              		.loc 1 586 3 view .LVU396
 587:Drivers/STM32F4xx_HAL_Driver/Src/stm32f4xx_hal_rcc_ex.c ****   /* This variable used to store the SAI clock source */
 588:Drivers/STM32F4xx_HAL_Driver/Src/stm32f4xx_hal_rcc_ex.c ****   uint32_t saiclocksource = 0U;
 1115              		.loc 1 588 3 view .LVU397
 589:Drivers/STM32F4xx_HAL_Driver/Src/stm32f4xx_hal_rcc_ex.c ****   uint32_t srcclk = 0U;
 1116              		.loc 1 589 3 view .LVU398
 590:Drivers/STM32F4xx_HAL_Driver/Src/stm32f4xx_hal_rcc_ex.c ****   /* This variable used to store the VCO Output (value in Hz) */
 591:Drivers/STM32F4xx_HAL_Driver/Src/stm32f4xx_hal_rcc_ex.c ****   uint32_t vcooutput = 0U;
 1117              		.loc 1 591 3 view .LVU399
 592:Drivers/STM32F4xx_HAL_Driver/Src/stm32f4xx_hal_rcc_ex.c ****   switch (PeriphClk)
 1118              		.loc 1 592 3 view .LVU400
 1119 0000 0138     		subs	r0, r0, #1
 1120              	.LVL73:
 1121              		.loc 1 592 3 is_stmt 0 view .LVU401
 1122 0002 0728     		cmp	r0, #7
 1123 0004 00F26781 		bhi	.L115
 1124 0008 DFE810F0 		tbh	[pc, r0, lsl #1]
 1125              	.L85:
 1126 000c A500     		.2byte	(.L87-.L85)/2
 1127 000e 0601     		.2byte	(.L86-.L85)/2
 1128 0010 6501     		.2byte	(.L115-.L85)/2
 1129 0012 0800     		.2byte	(.L84-.L85)/2
 1130 0014 6501     		.2byte	(.L115-.L85)/2
 1131 0016 6501     		.2byte	(.L115-.L85)/2
 1132 0018 6501     		.2byte	(.L115-.L85)/2
 1133 001a 0800     		.2byte	(.L84-.L85)/2
 1134              		.p2align 1
 1135              	.L84:
 593:Drivers/STM32F4xx_HAL_Driver/Src/stm32f4xx_hal_rcc_ex.c ****   {
 594:Drivers/STM32F4xx_HAL_Driver/Src/stm32f4xx_hal_rcc_ex.c ****     case RCC_PERIPHCLK_SAI1:
 595:Drivers/STM32F4xx_HAL_Driver/Src/stm32f4xx_hal_rcc_ex.c ****     case RCC_PERIPHCLK_SAI2:
 596:Drivers/STM32F4xx_HAL_Driver/Src/stm32f4xx_hal_rcc_ex.c ****     {
 597:Drivers/STM32F4xx_HAL_Driver/Src/stm32f4xx_hal_rcc_ex.c ****       saiclocksource = RCC->DCKCFGR;
 1136              		.loc 1 597 7 is_stmt 1 view .LVU402
 1137              		.loc 1 597 22 is_stmt 0 view .LVU403
 1138 001c B04B     		ldr	r3, .L126
 1139 001e D3F88C30 		ldr	r3, [r3, #140]
 1140              	.LVL74:
 598:Drivers/STM32F4xx_HAL_Driver/Src/stm32f4xx_hal_rcc_ex.c ****       saiclocksource &= (RCC_DCKCFGR_SAI1SRC | RCC_DCKCFGR_SAI2SRC);
 1141              		.loc 1 598 7 is_stmt 1 view .LVU404
 1142              		.loc 1 598 22 is_stmt 0 view .LVU405
 1143 0022 03F47003 		and	r3, r3, #15728640
 1144              	.LVL75:
ARM GAS  C:\Users\Ebrahim\AppData\Local\Temp\ccoXyWuB.s 			page 35


 599:Drivers/STM32F4xx_HAL_Driver/Src/stm32f4xx_hal_rcc_ex.c ****       switch (saiclocksource)
 1145              		.loc 1 599 7 is_stmt 1 view .LVU406
 1146 0026 B3F5401F 		cmp	r3, #3145728
 1147 002a 00F05681 		beq	.L116
 1148 002e 0BD9     		bls	.L122
 1149 0030 B3F5000F 		cmp	r3, #8388608
 1150 0034 67D0     		beq	.L90
 1151 0036 B3F5400F 		cmp	r3, #12582912
 1152 003a 00F08480 		beq	.L92
 1153 003e B3F5800F 		cmp	r3, #4194304
 1154 0042 35D0     		beq	.L89
 1155 0044 0020     		movs	r0, #0
 1156              	.LVL76:
 1157              		.loc 1 599 7 is_stmt 0 view .LVU407
 1158 0046 7047     		bx	lr
 1159              	.L122:
 1160 0048 B3F5801F 		cmp	r3, #1048576
 1161 004c 30D0     		beq	.L89
 1162 004e B3F5001F 		cmp	r3, #2097152
 1163 0052 58D0     		beq	.L90
 1164 0054 0BBB     		cbnz	r3, .L123
 600:Drivers/STM32F4xx_HAL_Driver/Src/stm32f4xx_hal_rcc_ex.c ****       {
 601:Drivers/STM32F4xx_HAL_Driver/Src/stm32f4xx_hal_rcc_ex.c ****         case 0U: /* PLLSAI is the clock source for SAI*/
 602:Drivers/STM32F4xx_HAL_Driver/Src/stm32f4xx_hal_rcc_ex.c ****         {
 603:Drivers/STM32F4xx_HAL_Driver/Src/stm32f4xx_hal_rcc_ex.c ****           /* Configure the PLLSAI division factor */
 604:Drivers/STM32F4xx_HAL_Driver/Src/stm32f4xx_hal_rcc_ex.c ****           /* PLLSAI_VCO Input  = PLL_SOURCE/PLLSAIM */
 605:Drivers/STM32F4xx_HAL_Driver/Src/stm32f4xx_hal_rcc_ex.c ****           if ((RCC->PLLCFGR & RCC_PLLCFGR_PLLSRC) == RCC_PLLSOURCE_HSI)
 1165              		.loc 1 605 11 is_stmt 1 view .LVU408
 1166              		.loc 1 605 19 is_stmt 0 view .LVU409
 1167 0056 A24B     		ldr	r3, .L126
 1168              	.LVL77:
 1169              		.loc 1 605 19 view .LVU410
 1170 0058 5B68     		ldr	r3, [r3, #4]
 1171              		.loc 1 605 14 view .LVU411
 1172 005a 13F4800F 		tst	r3, #4194304
 1173 005e 1ED1     		bne	.L93
 606:Drivers/STM32F4xx_HAL_Driver/Src/stm32f4xx_hal_rcc_ex.c ****           {
 607:Drivers/STM32F4xx_HAL_Driver/Src/stm32f4xx_hal_rcc_ex.c ****             /* In Case the PLL Source is HSI (Internal Clock) */
 608:Drivers/STM32F4xx_HAL_Driver/Src/stm32f4xx_hal_rcc_ex.c ****             vcoinput = (HSI_VALUE / (uint32_t)(RCC->PLLSAICFGR & RCC_PLLSAICFGR_PLLSAIM));
 1174              		.loc 1 608 13 is_stmt 1 view .LVU412
 1175              		.loc 1 608 51 is_stmt 0 view .LVU413
 1176 0060 9F4B     		ldr	r3, .L126
 1177 0062 D3F88830 		ldr	r3, [r3, #136]
 1178              		.loc 1 608 37 view .LVU414
 1179 0066 03F03F03 		and	r3, r3, #63
 1180              		.loc 1 608 22 view .LVU415
 1181 006a 9E49     		ldr	r1, .L126+4
 1182 006c B1FBF3F1 		udiv	r1, r1, r3
 1183              	.LVL78:
 1184              	.L94:
 609:Drivers/STM32F4xx_HAL_Driver/Src/stm32f4xx_hal_rcc_ex.c ****           }
 610:Drivers/STM32F4xx_HAL_Driver/Src/stm32f4xx_hal_rcc_ex.c ****           else
 611:Drivers/STM32F4xx_HAL_Driver/Src/stm32f4xx_hal_rcc_ex.c ****           {
 612:Drivers/STM32F4xx_HAL_Driver/Src/stm32f4xx_hal_rcc_ex.c ****             /* In Case the PLL Source is HSE (External Clock) */
 613:Drivers/STM32F4xx_HAL_Driver/Src/stm32f4xx_hal_rcc_ex.c ****             vcoinput = ((HSE_VALUE / (uint32_t)(RCC->PLLSAICFGR & RCC_PLLSAICFGR_PLLSAIM)));
 614:Drivers/STM32F4xx_HAL_Driver/Src/stm32f4xx_hal_rcc_ex.c ****           }
 615:Drivers/STM32F4xx_HAL_Driver/Src/stm32f4xx_hal_rcc_ex.c ****           /* PLLSAI_VCO Output = PLLSAI_VCO Input * PLLSAIN */
ARM GAS  C:\Users\Ebrahim\AppData\Local\Temp\ccoXyWuB.s 			page 36


 616:Drivers/STM32F4xx_HAL_Driver/Src/stm32f4xx_hal_rcc_ex.c ****           /* SAI_CLK(first level) = PLLSAI_VCO Output/PLLSAIQ */
 617:Drivers/STM32F4xx_HAL_Driver/Src/stm32f4xx_hal_rcc_ex.c ****           tmpreg1 = (RCC->PLLSAICFGR & RCC_PLLSAICFGR_PLLSAIQ) >> 24U;
 1185              		.loc 1 617 11 is_stmt 1 view .LVU416
 1186              		.loc 1 617 25 is_stmt 0 view .LVU417
 1187 0070 9B4B     		ldr	r3, .L126
 1188 0072 D3F88820 		ldr	r2, [r3, #136]
 1189              		.loc 1 617 19 view .LVU418
 1190 0076 C2F30362 		ubfx	r2, r2, #24, #4
 1191              	.LVL79:
 618:Drivers/STM32F4xx_HAL_Driver/Src/stm32f4xx_hal_rcc_ex.c ****           frequency = (vcoinput * ((RCC->PLLSAICFGR & RCC_PLLSAICFGR_PLLSAIN) >> 6U)) / (tmpreg1);
 1192              		.loc 1 618 11 is_stmt 1 view .LVU419
 1193              		.loc 1 618 40 is_stmt 0 view .LVU420
 1194 007a D3F88800 		ldr	r0, [r3, #136]
 1195              		.loc 1 618 79 view .LVU421
 1196 007e C0F38810 		ubfx	r0, r0, #6, #9
 1197              		.loc 1 618 33 view .LVU422
 1198 0082 01FB00F0 		mul	r0, r1, r0
 1199              		.loc 1 618 21 view .LVU423
 1200 0086 B0FBF2F0 		udiv	r0, r0, r2
 1201              	.LVL80:
 619:Drivers/STM32F4xx_HAL_Driver/Src/stm32f4xx_hal_rcc_ex.c **** 
 620:Drivers/STM32F4xx_HAL_Driver/Src/stm32f4xx_hal_rcc_ex.c ****           /* SAI_CLK_x = SAI_CLK(first level)/PLLSAIDIVQ */
 621:Drivers/STM32F4xx_HAL_Driver/Src/stm32f4xx_hal_rcc_ex.c ****           tmpreg1 = (((RCC->DCKCFGR & RCC_DCKCFGR_PLLSAIDIVQ) >> 8U) + 1U);
 1202              		.loc 1 621 11 is_stmt 1 view .LVU424
 1203              		.loc 1 621 27 is_stmt 0 view .LVU425
 1204 008a D3F88C30 		ldr	r3, [r3, #140]
 1205              		.loc 1 621 63 view .LVU426
 1206 008e C3F30423 		ubfx	r3, r3, #8, #5
 1207              		.loc 1 621 19 view .LVU427
 1208 0092 0133     		adds	r3, r3, #1
 1209              	.LVL81:
 622:Drivers/STM32F4xx_HAL_Driver/Src/stm32f4xx_hal_rcc_ex.c ****           frequency = frequency / (tmpreg1);
 1210              		.loc 1 622 11 is_stmt 1 view .LVU428
 1211              		.loc 1 622 21 is_stmt 0 view .LVU429
 1212 0094 B0FBF3F0 		udiv	r0, r0, r3
 1213              	.LVL82:
 623:Drivers/STM32F4xx_HAL_Driver/Src/stm32f4xx_hal_rcc_ex.c ****           break;
 1214              		.loc 1 623 11 is_stmt 1 view .LVU430
 1215 0098 7047     		bx	lr
 1216              	.LVL83:
 1217              	.L123:
 599:Drivers/STM32F4xx_HAL_Driver/Src/stm32f4xx_hal_rcc_ex.c ****       {
 1218              		.loc 1 599 7 is_stmt 0 view .LVU431
 1219 009a 0020     		movs	r0, #0
 1220 009c 7047     		bx	lr
 1221              	.LVL84:
 1222              	.L93:
 613:Drivers/STM32F4xx_HAL_Driver/Src/stm32f4xx_hal_rcc_ex.c ****           }
 1223              		.loc 1 613 13 is_stmt 1 view .LVU432
 613:Drivers/STM32F4xx_HAL_Driver/Src/stm32f4xx_hal_rcc_ex.c ****           }
 1224              		.loc 1 613 52 is_stmt 0 view .LVU433
 1225 009e 904B     		ldr	r3, .L126
 1226 00a0 D3F88830 		ldr	r3, [r3, #136]
 613:Drivers/STM32F4xx_HAL_Driver/Src/stm32f4xx_hal_rcc_ex.c ****           }
 1227              		.loc 1 613 38 view .LVU434
 1228 00a4 03F03F03 		and	r3, r3, #63
 613:Drivers/STM32F4xx_HAL_Driver/Src/stm32f4xx_hal_rcc_ex.c ****           }
ARM GAS  C:\Users\Ebrahim\AppData\Local\Temp\ccoXyWuB.s 			page 37


 1229              		.loc 1 613 22 view .LVU435
 1230 00a8 8F49     		ldr	r1, .L126+8
 1231 00aa B1FBF3F1 		udiv	r1, r1, r3
 1232              	.LVL85:
 613:Drivers/STM32F4xx_HAL_Driver/Src/stm32f4xx_hal_rcc_ex.c ****           }
 1233              		.loc 1 613 22 view .LVU436
 1234 00ae DFE7     		b	.L94
 1235              	.LVL86:
 1236              	.L89:
 624:Drivers/STM32F4xx_HAL_Driver/Src/stm32f4xx_hal_rcc_ex.c ****         }
 625:Drivers/STM32F4xx_HAL_Driver/Src/stm32f4xx_hal_rcc_ex.c ****         case RCC_DCKCFGR_SAI1SRC_0: /* PLLI2S is the clock source for SAI*/
 626:Drivers/STM32F4xx_HAL_Driver/Src/stm32f4xx_hal_rcc_ex.c ****         case RCC_DCKCFGR_SAI2SRC_0: /* PLLI2S is the clock source for SAI*/
 627:Drivers/STM32F4xx_HAL_Driver/Src/stm32f4xx_hal_rcc_ex.c ****         {
 628:Drivers/STM32F4xx_HAL_Driver/Src/stm32f4xx_hal_rcc_ex.c ****           /* Configure the PLLI2S division factor */
 629:Drivers/STM32F4xx_HAL_Driver/Src/stm32f4xx_hal_rcc_ex.c ****           /* PLLI2S_VCO Input  = PLL_SOURCE/PLLI2SM */
 630:Drivers/STM32F4xx_HAL_Driver/Src/stm32f4xx_hal_rcc_ex.c ****           if ((RCC->PLLCFGR & RCC_PLLCFGR_PLLSRC) == RCC_PLLSOURCE_HSI)
 1237              		.loc 1 630 11 is_stmt 1 view .LVU437
 1238              		.loc 1 630 19 is_stmt 0 view .LVU438
 1239 00b0 8B4B     		ldr	r3, .L126
 1240              	.LVL87:
 1241              		.loc 1 630 19 view .LVU439
 1242 00b2 5B68     		ldr	r3, [r3, #4]
 1243              		.loc 1 630 14 view .LVU440
 1244 00b4 13F4800F 		tst	r3, #4194304
 1245 00b8 1CD1     		bne	.L95
 631:Drivers/STM32F4xx_HAL_Driver/Src/stm32f4xx_hal_rcc_ex.c ****           {
 632:Drivers/STM32F4xx_HAL_Driver/Src/stm32f4xx_hal_rcc_ex.c ****             /* In Case the PLL Source is HSI (Internal Clock) */
 633:Drivers/STM32F4xx_HAL_Driver/Src/stm32f4xx_hal_rcc_ex.c ****             vcoinput = (HSI_VALUE / (uint32_t)(RCC->PLLI2SCFGR & RCC_PLLI2SCFGR_PLLI2SM));
 1246              		.loc 1 633 13 is_stmt 1 view .LVU441
 1247              		.loc 1 633 51 is_stmt 0 view .LVU442
 1248 00ba 894B     		ldr	r3, .L126
 1249 00bc D3F88430 		ldr	r3, [r3, #132]
 1250              		.loc 1 633 37 view .LVU443
 1251 00c0 03F03F03 		and	r3, r3, #63
 1252              		.loc 1 633 22 view .LVU444
 1253 00c4 8749     		ldr	r1, .L126+4
 1254 00c6 B1FBF3F1 		udiv	r1, r1, r3
 1255              	.LVL88:
 1256              	.L96:
 634:Drivers/STM32F4xx_HAL_Driver/Src/stm32f4xx_hal_rcc_ex.c ****           }
 635:Drivers/STM32F4xx_HAL_Driver/Src/stm32f4xx_hal_rcc_ex.c ****           else
 636:Drivers/STM32F4xx_HAL_Driver/Src/stm32f4xx_hal_rcc_ex.c ****           {
 637:Drivers/STM32F4xx_HAL_Driver/Src/stm32f4xx_hal_rcc_ex.c ****             /* In Case the PLL Source is HSE (External Clock) */
 638:Drivers/STM32F4xx_HAL_Driver/Src/stm32f4xx_hal_rcc_ex.c ****             vcoinput = ((HSE_VALUE / (uint32_t)(RCC->PLLI2SCFGR & RCC_PLLI2SCFGR_PLLI2SM)));
 639:Drivers/STM32F4xx_HAL_Driver/Src/stm32f4xx_hal_rcc_ex.c ****           }
 640:Drivers/STM32F4xx_HAL_Driver/Src/stm32f4xx_hal_rcc_ex.c **** 
 641:Drivers/STM32F4xx_HAL_Driver/Src/stm32f4xx_hal_rcc_ex.c ****           /* PLLI2S_VCO Output = PLLI2S_VCO Input * PLLI2SN */
 642:Drivers/STM32F4xx_HAL_Driver/Src/stm32f4xx_hal_rcc_ex.c ****           /* SAI_CLK(first level) = PLLI2S_VCO Output/PLLI2SQ */
 643:Drivers/STM32F4xx_HAL_Driver/Src/stm32f4xx_hal_rcc_ex.c ****           tmpreg1 = (RCC->PLLI2SCFGR & RCC_PLLI2SCFGR_PLLI2SQ) >> 24U;
 1257              		.loc 1 643 11 is_stmt 1 view .LVU445
 1258              		.loc 1 643 25 is_stmt 0 view .LVU446
 1259 00ca 854B     		ldr	r3, .L126
 1260 00cc D3F88420 		ldr	r2, [r3, #132]
 1261              		.loc 1 643 19 view .LVU447
 1262 00d0 C2F30362 		ubfx	r2, r2, #24, #4
 1263              	.LVL89:
 644:Drivers/STM32F4xx_HAL_Driver/Src/stm32f4xx_hal_rcc_ex.c ****           frequency = (vcoinput * ((RCC->PLLI2SCFGR & RCC_PLLI2SCFGR_PLLI2SN) >> 6U)) / (tmpreg1);
ARM GAS  C:\Users\Ebrahim\AppData\Local\Temp\ccoXyWuB.s 			page 38


 1264              		.loc 1 644 11 is_stmt 1 view .LVU448
 1265              		.loc 1 644 40 is_stmt 0 view .LVU449
 1266 00d4 D3F88400 		ldr	r0, [r3, #132]
 1267              		.loc 1 644 79 view .LVU450
 1268 00d8 C0F38810 		ubfx	r0, r0, #6, #9
 1269              		.loc 1 644 33 view .LVU451
 1270 00dc 01FB00F0 		mul	r0, r1, r0
 1271              		.loc 1 644 21 view .LVU452
 1272 00e0 B0FBF2F0 		udiv	r0, r0, r2
 1273              	.LVL90:
 645:Drivers/STM32F4xx_HAL_Driver/Src/stm32f4xx_hal_rcc_ex.c **** 
 646:Drivers/STM32F4xx_HAL_Driver/Src/stm32f4xx_hal_rcc_ex.c ****           /* SAI_CLK_x = SAI_CLK(first level)/PLLI2SDIVQ */
 647:Drivers/STM32F4xx_HAL_Driver/Src/stm32f4xx_hal_rcc_ex.c ****           tmpreg1 = ((RCC->DCKCFGR & RCC_DCKCFGR_PLLI2SDIVQ) + 1U);
 1274              		.loc 1 647 11 is_stmt 1 view .LVU453
 1275              		.loc 1 647 26 is_stmt 0 view .LVU454
 1276 00e4 D3F88C30 		ldr	r3, [r3, #140]
 1277              		.loc 1 647 36 view .LVU455
 1278 00e8 03F01F03 		and	r3, r3, #31
 1279              		.loc 1 647 19 view .LVU456
 1280 00ec 0133     		adds	r3, r3, #1
 1281              	.LVL91:
 648:Drivers/STM32F4xx_HAL_Driver/Src/stm32f4xx_hal_rcc_ex.c ****           frequency = frequency / (tmpreg1);
 1282              		.loc 1 648 11 is_stmt 1 view .LVU457
 1283              		.loc 1 648 21 is_stmt 0 view .LVU458
 1284 00ee B0FBF3F0 		udiv	r0, r0, r3
 1285              	.LVL92:
 649:Drivers/STM32F4xx_HAL_Driver/Src/stm32f4xx_hal_rcc_ex.c ****           break;
 1286              		.loc 1 649 11 is_stmt 1 view .LVU459
 1287 00f2 7047     		bx	lr
 1288              	.LVL93:
 1289              	.L95:
 638:Drivers/STM32F4xx_HAL_Driver/Src/stm32f4xx_hal_rcc_ex.c ****           }
 1290              		.loc 1 638 13 view .LVU460
 638:Drivers/STM32F4xx_HAL_Driver/Src/stm32f4xx_hal_rcc_ex.c ****           }
 1291              		.loc 1 638 52 is_stmt 0 view .LVU461
 1292 00f4 7A4B     		ldr	r3, .L126
 1293 00f6 D3F88430 		ldr	r3, [r3, #132]
 638:Drivers/STM32F4xx_HAL_Driver/Src/stm32f4xx_hal_rcc_ex.c ****           }
 1294              		.loc 1 638 38 view .LVU462
 1295 00fa 03F03F03 		and	r3, r3, #63
 638:Drivers/STM32F4xx_HAL_Driver/Src/stm32f4xx_hal_rcc_ex.c ****           }
 1296              		.loc 1 638 22 view .LVU463
 1297 00fe 7A49     		ldr	r1, .L126+8
 1298 0100 B1FBF3F1 		udiv	r1, r1, r3
 1299              	.LVL94:
 638:Drivers/STM32F4xx_HAL_Driver/Src/stm32f4xx_hal_rcc_ex.c ****           }
 1300              		.loc 1 638 22 view .LVU464
 1301 0104 E1E7     		b	.L96
 1302              	.LVL95:
 1303              	.L90:
 650:Drivers/STM32F4xx_HAL_Driver/Src/stm32f4xx_hal_rcc_ex.c ****         }
 651:Drivers/STM32F4xx_HAL_Driver/Src/stm32f4xx_hal_rcc_ex.c ****         case RCC_DCKCFGR_SAI1SRC_1: /* PLLR is the clock source for SAI*/
 652:Drivers/STM32F4xx_HAL_Driver/Src/stm32f4xx_hal_rcc_ex.c ****         case RCC_DCKCFGR_SAI2SRC_1: /* PLLR is the clock source for SAI*/
 653:Drivers/STM32F4xx_HAL_Driver/Src/stm32f4xx_hal_rcc_ex.c ****         {
 654:Drivers/STM32F4xx_HAL_Driver/Src/stm32f4xx_hal_rcc_ex.c ****           /* Configure the PLLI2S division factor */
 655:Drivers/STM32F4xx_HAL_Driver/Src/stm32f4xx_hal_rcc_ex.c ****           /* PLL_VCO Input  = PLL_SOURCE/PLLM */
 656:Drivers/STM32F4xx_HAL_Driver/Src/stm32f4xx_hal_rcc_ex.c ****           if ((RCC->PLLCFGR & RCC_PLLCFGR_PLLSRC) == RCC_PLLSOURCE_HSI)
ARM GAS  C:\Users\Ebrahim\AppData\Local\Temp\ccoXyWuB.s 			page 39


 1304              		.loc 1 656 11 is_stmt 1 view .LVU465
 1305              		.loc 1 656 19 is_stmt 0 view .LVU466
 1306 0106 764B     		ldr	r3, .L126
 1307              	.LVL96:
 1308              		.loc 1 656 19 view .LVU467
 1309 0108 5B68     		ldr	r3, [r3, #4]
 1310              		.loc 1 656 14 view .LVU468
 1311 010a 13F4800F 		tst	r3, #4194304
 1312 010e 12D1     		bne	.L97
 657:Drivers/STM32F4xx_HAL_Driver/Src/stm32f4xx_hal_rcc_ex.c ****           {
 658:Drivers/STM32F4xx_HAL_Driver/Src/stm32f4xx_hal_rcc_ex.c ****             /* In Case the PLL Source is HSI (Internal Clock) */
 659:Drivers/STM32F4xx_HAL_Driver/Src/stm32f4xx_hal_rcc_ex.c ****             vcoinput = (HSI_VALUE / (uint32_t)(RCC->PLLCFGR & RCC_PLLCFGR_PLLM));
 1313              		.loc 1 659 13 is_stmt 1 view .LVU469
 1314              		.loc 1 659 51 is_stmt 0 view .LVU470
 1315 0110 734B     		ldr	r3, .L126
 1316 0112 5B68     		ldr	r3, [r3, #4]
 1317              		.loc 1 659 37 view .LVU471
 1318 0114 03F03F03 		and	r3, r3, #63
 1319              		.loc 1 659 22 view .LVU472
 1320 0118 724A     		ldr	r2, .L126+4
 1321 011a B2FBF3F2 		udiv	r2, r2, r3
 1322              	.LVL97:
 1323              	.L98:
 660:Drivers/STM32F4xx_HAL_Driver/Src/stm32f4xx_hal_rcc_ex.c ****           }
 661:Drivers/STM32F4xx_HAL_Driver/Src/stm32f4xx_hal_rcc_ex.c ****           else
 662:Drivers/STM32F4xx_HAL_Driver/Src/stm32f4xx_hal_rcc_ex.c ****           {
 663:Drivers/STM32F4xx_HAL_Driver/Src/stm32f4xx_hal_rcc_ex.c ****             /* In Case the PLL Source is HSE (External Clock) */
 664:Drivers/STM32F4xx_HAL_Driver/Src/stm32f4xx_hal_rcc_ex.c ****             vcoinput = ((HSE_VALUE / (uint32_t)(RCC->PLLCFGR & RCC_PLLCFGR_PLLM)));
 665:Drivers/STM32F4xx_HAL_Driver/Src/stm32f4xx_hal_rcc_ex.c ****           }
 666:Drivers/STM32F4xx_HAL_Driver/Src/stm32f4xx_hal_rcc_ex.c **** 
 667:Drivers/STM32F4xx_HAL_Driver/Src/stm32f4xx_hal_rcc_ex.c ****           /* PLL_VCO Output = PLL_VCO Input * PLLN */
 668:Drivers/STM32F4xx_HAL_Driver/Src/stm32f4xx_hal_rcc_ex.c ****           /* SAI_CLK_x = PLL_VCO Output/PLLR */
 669:Drivers/STM32F4xx_HAL_Driver/Src/stm32f4xx_hal_rcc_ex.c ****           tmpreg1 = (RCC->PLLCFGR & RCC_PLLCFGR_PLLR) >> 28U;
 1324              		.loc 1 669 11 is_stmt 1 view .LVU473
 1325              		.loc 1 669 25 is_stmt 0 view .LVU474
 1326 011e 7049     		ldr	r1, .L126
 1327 0120 4B68     		ldr	r3, [r1, #4]
 1328              		.loc 1 669 19 view .LVU475
 1329 0122 C3F30273 		ubfx	r3, r3, #28, #3
 1330              	.LVL98:
 670:Drivers/STM32F4xx_HAL_Driver/Src/stm32f4xx_hal_rcc_ex.c ****           frequency = (vcoinput * ((RCC->PLLCFGR & RCC_PLLCFGR_PLLN) >> 6U)) / (tmpreg1);
 1331              		.loc 1 670 11 is_stmt 1 view .LVU476
 1332              		.loc 1 670 40 is_stmt 0 view .LVU477
 1333 0126 4868     		ldr	r0, [r1, #4]
 1334              		.loc 1 670 70 view .LVU478
 1335 0128 C0F38810 		ubfx	r0, r0, #6, #9
 1336              		.loc 1 670 33 view .LVU479
 1337 012c 02FB00F0 		mul	r0, r2, r0
 1338              		.loc 1 670 21 view .LVU480
 1339 0130 B0FBF3F0 		udiv	r0, r0, r3
 1340              	.LVL99:
 671:Drivers/STM32F4xx_HAL_Driver/Src/stm32f4xx_hal_rcc_ex.c ****           break;
 1341              		.loc 1 671 11 is_stmt 1 view .LVU481
 1342 0134 7047     		bx	lr
 1343              	.LVL100:
 1344              	.L97:
 664:Drivers/STM32F4xx_HAL_Driver/Src/stm32f4xx_hal_rcc_ex.c ****           }
ARM GAS  C:\Users\Ebrahim\AppData\Local\Temp\ccoXyWuB.s 			page 40


 1345              		.loc 1 664 13 view .LVU482
 664:Drivers/STM32F4xx_HAL_Driver/Src/stm32f4xx_hal_rcc_ex.c ****           }
 1346              		.loc 1 664 52 is_stmt 0 view .LVU483
 1347 0136 6A4B     		ldr	r3, .L126
 1348 0138 5B68     		ldr	r3, [r3, #4]
 664:Drivers/STM32F4xx_HAL_Driver/Src/stm32f4xx_hal_rcc_ex.c ****           }
 1349              		.loc 1 664 38 view .LVU484
 1350 013a 03F03F03 		and	r3, r3, #63
 664:Drivers/STM32F4xx_HAL_Driver/Src/stm32f4xx_hal_rcc_ex.c ****           }
 1351              		.loc 1 664 22 view .LVU485
 1352 013e 6A4A     		ldr	r2, .L126+8
 1353 0140 B2FBF3F2 		udiv	r2, r2, r3
 1354              	.LVL101:
 664:Drivers/STM32F4xx_HAL_Driver/Src/stm32f4xx_hal_rcc_ex.c ****           }
 1355              		.loc 1 664 22 view .LVU486
 1356 0144 EBE7     		b	.L98
 1357              	.LVL102:
 1358              	.L92:
 672:Drivers/STM32F4xx_HAL_Driver/Src/stm32f4xx_hal_rcc_ex.c ****         }
 673:Drivers/STM32F4xx_HAL_Driver/Src/stm32f4xx_hal_rcc_ex.c ****         case RCC_DCKCFGR_SAI1SRC: /* External clock is the clock source for SAI*/
 674:Drivers/STM32F4xx_HAL_Driver/Src/stm32f4xx_hal_rcc_ex.c ****         {
 675:Drivers/STM32F4xx_HAL_Driver/Src/stm32f4xx_hal_rcc_ex.c ****           frequency = EXTERNAL_CLOCK_VALUE;
 676:Drivers/STM32F4xx_HAL_Driver/Src/stm32f4xx_hal_rcc_ex.c ****           break;
 677:Drivers/STM32F4xx_HAL_Driver/Src/stm32f4xx_hal_rcc_ex.c ****         }
 678:Drivers/STM32F4xx_HAL_Driver/Src/stm32f4xx_hal_rcc_ex.c ****         case RCC_DCKCFGR_SAI2SRC: /* PLLSRC(HSE or HSI) is the clock source for SAI*/
 679:Drivers/STM32F4xx_HAL_Driver/Src/stm32f4xx_hal_rcc_ex.c ****         {
 680:Drivers/STM32F4xx_HAL_Driver/Src/stm32f4xx_hal_rcc_ex.c ****           if ((RCC->PLLCFGR & RCC_PLLCFGR_PLLSRC) == RCC_PLLSOURCE_HSI)
 1359              		.loc 1 680 11 is_stmt 1 view .LVU487
 1360              		.loc 1 680 19 is_stmt 0 view .LVU488
 1361 0146 664B     		ldr	r3, .L126
 1362              	.LVL103:
 1363              		.loc 1 680 19 view .LVU489
 1364 0148 5B68     		ldr	r3, [r3, #4]
 1365              		.loc 1 680 14 view .LVU490
 1366 014a 13F4800F 		tst	r3, #4194304
 1367 014e 40F0CF80 		bne	.L117
 681:Drivers/STM32F4xx_HAL_Driver/Src/stm32f4xx_hal_rcc_ex.c ****           {
 682:Drivers/STM32F4xx_HAL_Driver/Src/stm32f4xx_hal_rcc_ex.c ****             /* In Case the PLL Source is HSI (Internal Clock) */
 683:Drivers/STM32F4xx_HAL_Driver/Src/stm32f4xx_hal_rcc_ex.c ****             frequency = (uint32_t)(HSI_VALUE);
 1368              		.loc 1 683 23 view .LVU491
 1369 0152 6448     		ldr	r0, .L126+4
 1370 0154 7047     		bx	lr
 1371              	.LVL104:
 1372              	.L87:
 684:Drivers/STM32F4xx_HAL_Driver/Src/stm32f4xx_hal_rcc_ex.c ****           }
 685:Drivers/STM32F4xx_HAL_Driver/Src/stm32f4xx_hal_rcc_ex.c ****           else
 686:Drivers/STM32F4xx_HAL_Driver/Src/stm32f4xx_hal_rcc_ex.c ****           {
 687:Drivers/STM32F4xx_HAL_Driver/Src/stm32f4xx_hal_rcc_ex.c ****             /* In Case the PLL Source is HSE (External Clock) */
 688:Drivers/STM32F4xx_HAL_Driver/Src/stm32f4xx_hal_rcc_ex.c ****             frequency = (uint32_t)(HSE_VALUE);
 689:Drivers/STM32F4xx_HAL_Driver/Src/stm32f4xx_hal_rcc_ex.c ****           }
 690:Drivers/STM32F4xx_HAL_Driver/Src/stm32f4xx_hal_rcc_ex.c ****           break;
 691:Drivers/STM32F4xx_HAL_Driver/Src/stm32f4xx_hal_rcc_ex.c ****         }
 692:Drivers/STM32F4xx_HAL_Driver/Src/stm32f4xx_hal_rcc_ex.c ****         default :
 693:Drivers/STM32F4xx_HAL_Driver/Src/stm32f4xx_hal_rcc_ex.c ****         {
 694:Drivers/STM32F4xx_HAL_Driver/Src/stm32f4xx_hal_rcc_ex.c ****           break;
 695:Drivers/STM32F4xx_HAL_Driver/Src/stm32f4xx_hal_rcc_ex.c ****         }
 696:Drivers/STM32F4xx_HAL_Driver/Src/stm32f4xx_hal_rcc_ex.c ****       }
ARM GAS  C:\Users\Ebrahim\AppData\Local\Temp\ccoXyWuB.s 			page 41


 697:Drivers/STM32F4xx_HAL_Driver/Src/stm32f4xx_hal_rcc_ex.c ****       break;
 698:Drivers/STM32F4xx_HAL_Driver/Src/stm32f4xx_hal_rcc_ex.c ****     }
 699:Drivers/STM32F4xx_HAL_Driver/Src/stm32f4xx_hal_rcc_ex.c ****     case RCC_PERIPHCLK_I2S_APB1:
 700:Drivers/STM32F4xx_HAL_Driver/Src/stm32f4xx_hal_rcc_ex.c ****     {
 701:Drivers/STM32F4xx_HAL_Driver/Src/stm32f4xx_hal_rcc_ex.c ****       /* Get the current I2S source */
 702:Drivers/STM32F4xx_HAL_Driver/Src/stm32f4xx_hal_rcc_ex.c ****       srcclk = __HAL_RCC_GET_I2S_APB1_SOURCE();
 1373              		.loc 1 702 7 is_stmt 1 view .LVU492
 1374              		.loc 1 702 16 is_stmt 0 view .LVU493
 1375 0156 624B     		ldr	r3, .L126
 1376 0158 D3F88C30 		ldr	r3, [r3, #140]
 1377              		.loc 1 702 14 view .LVU494
 1378 015c 03F0C063 		and	r3, r3, #100663296
 1379              	.LVL105:
 703:Drivers/STM32F4xx_HAL_Driver/Src/stm32f4xx_hal_rcc_ex.c ****       switch (srcclk)
 1380              		.loc 1 703 7 is_stmt 1 view .LVU495
 1381 0160 B3F1806F 		cmp	r3, #67108864
 1382 0164 38D0     		beq	.L99
 1383 0166 06D8     		bhi	.L100
 1384 0168 93B1     		cbz	r3, .L101
 1385 016a B3F1007F 		cmp	r3, #33554432
 1386 016e 40F0C180 		bne	.L118
 1387 0172 5E48     		ldr	r0, .L126+12
 1388 0174 7047     		bx	lr
 1389              	.L100:
 1390 0176 B3F1C06F 		cmp	r3, #100663296
 1391 017a 07D1     		bne	.L124
 704:Drivers/STM32F4xx_HAL_Driver/Src/stm32f4xx_hal_rcc_ex.c ****       {
 705:Drivers/STM32F4xx_HAL_Driver/Src/stm32f4xx_hal_rcc_ex.c ****         /* Check if I2S clock selection is External clock mapped on the I2S_CKIN pin used as I2S cl
 706:Drivers/STM32F4xx_HAL_Driver/Src/stm32f4xx_hal_rcc_ex.c ****         case RCC_I2SAPB1CLKSOURCE_EXT:
 707:Drivers/STM32F4xx_HAL_Driver/Src/stm32f4xx_hal_rcc_ex.c ****         {
 708:Drivers/STM32F4xx_HAL_Driver/Src/stm32f4xx_hal_rcc_ex.c ****           /* Set the I2S clock to the external clock  value */
 709:Drivers/STM32F4xx_HAL_Driver/Src/stm32f4xx_hal_rcc_ex.c ****           frequency = EXTERNAL_CLOCK_VALUE;
 710:Drivers/STM32F4xx_HAL_Driver/Src/stm32f4xx_hal_rcc_ex.c ****           break;
 711:Drivers/STM32F4xx_HAL_Driver/Src/stm32f4xx_hal_rcc_ex.c ****         }
 712:Drivers/STM32F4xx_HAL_Driver/Src/stm32f4xx_hal_rcc_ex.c ****         /* Check if I2S clock selection is PLLI2S VCO output clock divided by PLLI2SR used as I2S c
 713:Drivers/STM32F4xx_HAL_Driver/Src/stm32f4xx_hal_rcc_ex.c ****         case RCC_I2SAPB1CLKSOURCE_PLLI2S:
 714:Drivers/STM32F4xx_HAL_Driver/Src/stm32f4xx_hal_rcc_ex.c ****         {
 715:Drivers/STM32F4xx_HAL_Driver/Src/stm32f4xx_hal_rcc_ex.c ****           /* Configure the PLLI2S division factor */
 716:Drivers/STM32F4xx_HAL_Driver/Src/stm32f4xx_hal_rcc_ex.c ****           /* PLLI2S_VCO Input  = PLL_SOURCE/PLLI2SM */
 717:Drivers/STM32F4xx_HAL_Driver/Src/stm32f4xx_hal_rcc_ex.c ****           if ((RCC->PLLCFGR & RCC_PLLCFGR_PLLSRC) == RCC_PLLSOURCE_HSE)
 718:Drivers/STM32F4xx_HAL_Driver/Src/stm32f4xx_hal_rcc_ex.c ****           {
 719:Drivers/STM32F4xx_HAL_Driver/Src/stm32f4xx_hal_rcc_ex.c ****             /* Get the I2S source clock value */
 720:Drivers/STM32F4xx_HAL_Driver/Src/stm32f4xx_hal_rcc_ex.c ****             vcoinput = (uint32_t)(HSE_VALUE / (uint32_t)(RCC->PLLI2SCFGR & RCC_PLLI2SCFGR_PLLI2SM))
 721:Drivers/STM32F4xx_HAL_Driver/Src/stm32f4xx_hal_rcc_ex.c ****           }
 722:Drivers/STM32F4xx_HAL_Driver/Src/stm32f4xx_hal_rcc_ex.c ****           else
 723:Drivers/STM32F4xx_HAL_Driver/Src/stm32f4xx_hal_rcc_ex.c ****           {
 724:Drivers/STM32F4xx_HAL_Driver/Src/stm32f4xx_hal_rcc_ex.c ****             /* Get the I2S source clock value */
 725:Drivers/STM32F4xx_HAL_Driver/Src/stm32f4xx_hal_rcc_ex.c ****             vcoinput = (uint32_t)(HSI_VALUE / (uint32_t)(RCC->PLLI2SCFGR & RCC_PLLI2SCFGR_PLLI2SM))
 726:Drivers/STM32F4xx_HAL_Driver/Src/stm32f4xx_hal_rcc_ex.c ****           }
 727:Drivers/STM32F4xx_HAL_Driver/Src/stm32f4xx_hal_rcc_ex.c **** 
 728:Drivers/STM32F4xx_HAL_Driver/Src/stm32f4xx_hal_rcc_ex.c ****           /* PLLI2S_VCO Output = PLLI2S_VCO Input * PLLI2SN */
 729:Drivers/STM32F4xx_HAL_Driver/Src/stm32f4xx_hal_rcc_ex.c ****           vcooutput = (uint32_t)(vcoinput * (((RCC->PLLI2SCFGR & RCC_PLLI2SCFGR_PLLI2SN) >> 6U) & (
 730:Drivers/STM32F4xx_HAL_Driver/Src/stm32f4xx_hal_rcc_ex.c ****           /* I2S_CLK = PLLI2S_VCO Output/PLLI2SR */
 731:Drivers/STM32F4xx_HAL_Driver/Src/stm32f4xx_hal_rcc_ex.c ****           frequency = (uint32_t)(vcooutput / (((RCC->PLLI2SCFGR & RCC_PLLI2SCFGR_PLLI2SR) >> 28U) &
 732:Drivers/STM32F4xx_HAL_Driver/Src/stm32f4xx_hal_rcc_ex.c ****           break;
 733:Drivers/STM32F4xx_HAL_Driver/Src/stm32f4xx_hal_rcc_ex.c ****         }
 734:Drivers/STM32F4xx_HAL_Driver/Src/stm32f4xx_hal_rcc_ex.c ****         /* Check if I2S clock selection is PLL VCO Output divided by PLLR used as I2S clock */
ARM GAS  C:\Users\Ebrahim\AppData\Local\Temp\ccoXyWuB.s 			page 42


 735:Drivers/STM32F4xx_HAL_Driver/Src/stm32f4xx_hal_rcc_ex.c ****         case RCC_I2SAPB1CLKSOURCE_PLLR:
 736:Drivers/STM32F4xx_HAL_Driver/Src/stm32f4xx_hal_rcc_ex.c ****         {
 737:Drivers/STM32F4xx_HAL_Driver/Src/stm32f4xx_hal_rcc_ex.c ****           /* Configure the PLL division factor R */
 738:Drivers/STM32F4xx_HAL_Driver/Src/stm32f4xx_hal_rcc_ex.c ****           /* PLL_VCO Input  = PLL_SOURCE/PLLM */
 739:Drivers/STM32F4xx_HAL_Driver/Src/stm32f4xx_hal_rcc_ex.c ****           if ((RCC->PLLCFGR & RCC_PLLCFGR_PLLSRC) == RCC_PLLSOURCE_HSE)
 740:Drivers/STM32F4xx_HAL_Driver/Src/stm32f4xx_hal_rcc_ex.c ****           {
 741:Drivers/STM32F4xx_HAL_Driver/Src/stm32f4xx_hal_rcc_ex.c ****             /* Get the I2S source clock value */
 742:Drivers/STM32F4xx_HAL_Driver/Src/stm32f4xx_hal_rcc_ex.c ****             vcoinput = (uint32_t)(HSE_VALUE / (uint32_t)(RCC->PLLCFGR & RCC_PLLCFGR_PLLM));
 743:Drivers/STM32F4xx_HAL_Driver/Src/stm32f4xx_hal_rcc_ex.c ****           }
 744:Drivers/STM32F4xx_HAL_Driver/Src/stm32f4xx_hal_rcc_ex.c ****           else
 745:Drivers/STM32F4xx_HAL_Driver/Src/stm32f4xx_hal_rcc_ex.c ****           {
 746:Drivers/STM32F4xx_HAL_Driver/Src/stm32f4xx_hal_rcc_ex.c ****             /* Get the I2S source clock value */
 747:Drivers/STM32F4xx_HAL_Driver/Src/stm32f4xx_hal_rcc_ex.c ****             vcoinput = (uint32_t)(HSI_VALUE / (uint32_t)(RCC->PLLCFGR & RCC_PLLCFGR_PLLM));
 748:Drivers/STM32F4xx_HAL_Driver/Src/stm32f4xx_hal_rcc_ex.c ****           }
 749:Drivers/STM32F4xx_HAL_Driver/Src/stm32f4xx_hal_rcc_ex.c **** 
 750:Drivers/STM32F4xx_HAL_Driver/Src/stm32f4xx_hal_rcc_ex.c ****           /* PLL_VCO Output = PLL_VCO Input * PLLN */
 751:Drivers/STM32F4xx_HAL_Driver/Src/stm32f4xx_hal_rcc_ex.c ****           vcooutput = (uint32_t)(vcoinput * (((RCC->PLLCFGR & RCC_PLLCFGR_PLLN) >> 6U) & (RCC_PLLCF
 752:Drivers/STM32F4xx_HAL_Driver/Src/stm32f4xx_hal_rcc_ex.c ****           /* I2S_CLK = PLL_VCO Output/PLLR */
 753:Drivers/STM32F4xx_HAL_Driver/Src/stm32f4xx_hal_rcc_ex.c ****           frequency = (uint32_t)(vcooutput / (((RCC->PLLCFGR & RCC_PLLCFGR_PLLR) >> 28U) & (RCC_PLL
 754:Drivers/STM32F4xx_HAL_Driver/Src/stm32f4xx_hal_rcc_ex.c ****           break;
 755:Drivers/STM32F4xx_HAL_Driver/Src/stm32f4xx_hal_rcc_ex.c ****         }
 756:Drivers/STM32F4xx_HAL_Driver/Src/stm32f4xx_hal_rcc_ex.c ****         /* Check if I2S clock selection is HSI or HSE depending from PLL source Clock */
 757:Drivers/STM32F4xx_HAL_Driver/Src/stm32f4xx_hal_rcc_ex.c ****         case RCC_I2SAPB1CLKSOURCE_PLLSRC:
 758:Drivers/STM32F4xx_HAL_Driver/Src/stm32f4xx_hal_rcc_ex.c ****         {
 759:Drivers/STM32F4xx_HAL_Driver/Src/stm32f4xx_hal_rcc_ex.c ****           if ((RCC->PLLCFGR & RCC_PLLCFGR_PLLSRC) == RCC_PLLSOURCE_HSE)
 1392              		.loc 1 759 11 view .LVU496
 1393              		.loc 1 759 19 is_stmt 0 view .LVU497
 1394 017c 584B     		ldr	r3, .L126
 1395              	.LVL106:
 1396              		.loc 1 759 19 view .LVU498
 1397 017e 5B68     		ldr	r3, [r3, #4]
 1398              		.loc 1 759 14 view .LVU499
 1399 0180 13F4800F 		tst	r3, #4194304
 1400 0184 00F0B880 		beq	.L119
 760:Drivers/STM32F4xx_HAL_Driver/Src/stm32f4xx_hal_rcc_ex.c ****           {
 761:Drivers/STM32F4xx_HAL_Driver/Src/stm32f4xx_hal_rcc_ex.c ****             frequency = HSE_VALUE;
 1401              		.loc 1 761 23 view .LVU500
 1402 0188 5748     		ldr	r0, .L126+8
 1403 018a 7047     		bx	lr
 1404              	.LVL107:
 1405              	.L124:
 762:Drivers/STM32F4xx_HAL_Driver/Src/stm32f4xx_hal_rcc_ex.c ****           }
 763:Drivers/STM32F4xx_HAL_Driver/Src/stm32f4xx_hal_rcc_ex.c ****           else
 764:Drivers/STM32F4xx_HAL_Driver/Src/stm32f4xx_hal_rcc_ex.c ****           {
 765:Drivers/STM32F4xx_HAL_Driver/Src/stm32f4xx_hal_rcc_ex.c ****             frequency = HSI_VALUE;
 766:Drivers/STM32F4xx_HAL_Driver/Src/stm32f4xx_hal_rcc_ex.c ****           }
 767:Drivers/STM32F4xx_HAL_Driver/Src/stm32f4xx_hal_rcc_ex.c ****           break;
 768:Drivers/STM32F4xx_HAL_Driver/Src/stm32f4xx_hal_rcc_ex.c ****         }
 769:Drivers/STM32F4xx_HAL_Driver/Src/stm32f4xx_hal_rcc_ex.c ****         /* Clock not enabled for I2S*/
 770:Drivers/STM32F4xx_HAL_Driver/Src/stm32f4xx_hal_rcc_ex.c ****         default:
 771:Drivers/STM32F4xx_HAL_Driver/Src/stm32f4xx_hal_rcc_ex.c ****         {
 772:Drivers/STM32F4xx_HAL_Driver/Src/stm32f4xx_hal_rcc_ex.c ****           frequency = 0U;
 1406              		.loc 1 772 21 view .LVU501
 1407 018c 0020     		movs	r0, #0
 1408 018e 7047     		bx	lr
 1409              	.L101:
 717:Drivers/STM32F4xx_HAL_Driver/Src/stm32f4xx_hal_rcc_ex.c ****           {
ARM GAS  C:\Users\Ebrahim\AppData\Local\Temp\ccoXyWuB.s 			page 43


 1410              		.loc 1 717 11 is_stmt 1 view .LVU502
 717:Drivers/STM32F4xx_HAL_Driver/Src/stm32f4xx_hal_rcc_ex.c ****           {
 1411              		.loc 1 717 19 is_stmt 0 view .LVU503
 1412 0190 534B     		ldr	r3, .L126
 1413              	.LVL108:
 717:Drivers/STM32F4xx_HAL_Driver/Src/stm32f4xx_hal_rcc_ex.c ****           {
 1414              		.loc 1 717 19 view .LVU504
 1415 0192 5B68     		ldr	r3, [r3, #4]
 717:Drivers/STM32F4xx_HAL_Driver/Src/stm32f4xx_hal_rcc_ex.c ****           {
 1416              		.loc 1 717 14 view .LVU505
 1417 0194 13F4800F 		tst	r3, #4194304
 1418 0198 15D0     		beq	.L103
 720:Drivers/STM32F4xx_HAL_Driver/Src/stm32f4xx_hal_rcc_ex.c ****           }
 1419              		.loc 1 720 13 is_stmt 1 view .LVU506
 720:Drivers/STM32F4xx_HAL_Driver/Src/stm32f4xx_hal_rcc_ex.c ****           }
 1420              		.loc 1 720 61 is_stmt 0 view .LVU507
 1421 019a 514B     		ldr	r3, .L126
 1422 019c D3F88420 		ldr	r2, [r3, #132]
 720:Drivers/STM32F4xx_HAL_Driver/Src/stm32f4xx_hal_rcc_ex.c ****           }
 1423              		.loc 1 720 47 view .LVU508
 1424 01a0 02F03F02 		and	r2, r2, #63
 720:Drivers/STM32F4xx_HAL_Driver/Src/stm32f4xx_hal_rcc_ex.c ****           }
 1425              		.loc 1 720 22 view .LVU509
 1426 01a4 504B     		ldr	r3, .L126+8
 1427 01a6 B3FBF2F3 		udiv	r3, r3, r2
 1428              	.LVL109:
 1429              	.L104:
 729:Drivers/STM32F4xx_HAL_Driver/Src/stm32f4xx_hal_rcc_ex.c ****           /* I2S_CLK = PLLI2S_VCO Output/PLLI2SR */
 1430              		.loc 1 729 11 is_stmt 1 view .LVU510
 729:Drivers/STM32F4xx_HAL_Driver/Src/stm32f4xx_hal_rcc_ex.c ****           /* I2S_CLK = PLLI2S_VCO Output/PLLI2SR */
 1431              		.loc 1 729 51 is_stmt 0 view .LVU511
 1432 01aa 4D4A     		ldr	r2, .L126
 1433 01ac D2F88400 		ldr	r0, [r2, #132]
 729:Drivers/STM32F4xx_HAL_Driver/Src/stm32f4xx_hal_rcc_ex.c ****           /* I2S_CLK = PLLI2S_VCO Output/PLLI2SR */
 1434              		.loc 1 729 97 view .LVU512
 1435 01b0 C0F38810 		ubfx	r0, r0, #6, #9
 729:Drivers/STM32F4xx_HAL_Driver/Src/stm32f4xx_hal_rcc_ex.c ****           /* I2S_CLK = PLLI2S_VCO Output/PLLI2SR */
 1436              		.loc 1 729 21 view .LVU513
 1437 01b4 03FB00F0 		mul	r0, r3, r0
 1438              	.LVL110:
 731:Drivers/STM32F4xx_HAL_Driver/Src/stm32f4xx_hal_rcc_ex.c ****           break;
 1439              		.loc 1 731 11 is_stmt 1 view .LVU514
 731:Drivers/STM32F4xx_HAL_Driver/Src/stm32f4xx_hal_rcc_ex.c ****           break;
 1440              		.loc 1 731 52 is_stmt 0 view .LVU515
 1441 01b8 D2F88430 		ldr	r3, [r2, #132]
 1442              	.LVL111:
 731:Drivers/STM32F4xx_HAL_Driver/Src/stm32f4xx_hal_rcc_ex.c ****           break;
 1443              		.loc 1 731 99 view .LVU516
 1444 01bc C3F30273 		ubfx	r3, r3, #28, #3
 731:Drivers/STM32F4xx_HAL_Driver/Src/stm32f4xx_hal_rcc_ex.c ****           break;
 1445              		.loc 1 731 21 view .LVU517
 1446 01c0 B0FBF3F0 		udiv	r0, r0, r3
 1447              	.LVL112:
 732:Drivers/STM32F4xx_HAL_Driver/Src/stm32f4xx_hal_rcc_ex.c ****         }
 1448              		.loc 1 732 11 is_stmt 1 view .LVU518
 1449 01c4 7047     		bx	lr
 1450              	.LVL113:
ARM GAS  C:\Users\Ebrahim\AppData\Local\Temp\ccoXyWuB.s 			page 44


 1451              	.L103:
 725:Drivers/STM32F4xx_HAL_Driver/Src/stm32f4xx_hal_rcc_ex.c ****           }
 1452              		.loc 1 725 13 view .LVU519
 725:Drivers/STM32F4xx_HAL_Driver/Src/stm32f4xx_hal_rcc_ex.c ****           }
 1453              		.loc 1 725 61 is_stmt 0 view .LVU520
 1454 01c6 464B     		ldr	r3, .L126
 1455 01c8 D3F88420 		ldr	r2, [r3, #132]
 725:Drivers/STM32F4xx_HAL_Driver/Src/stm32f4xx_hal_rcc_ex.c ****           }
 1456              		.loc 1 725 47 view .LVU521
 1457 01cc 02F03F02 		and	r2, r2, #63
 725:Drivers/STM32F4xx_HAL_Driver/Src/stm32f4xx_hal_rcc_ex.c ****           }
 1458              		.loc 1 725 22 view .LVU522
 1459 01d0 444B     		ldr	r3, .L126+4
 1460 01d2 B3FBF2F3 		udiv	r3, r3, r2
 1461              	.LVL114:
 725:Drivers/STM32F4xx_HAL_Driver/Src/stm32f4xx_hal_rcc_ex.c ****           }
 1462              		.loc 1 725 22 view .LVU523
 1463 01d6 E8E7     		b	.L104
 1464              	.LVL115:
 1465              	.L99:
 739:Drivers/STM32F4xx_HAL_Driver/Src/stm32f4xx_hal_rcc_ex.c ****           {
 1466              		.loc 1 739 11 is_stmt 1 view .LVU524
 739:Drivers/STM32F4xx_HAL_Driver/Src/stm32f4xx_hal_rcc_ex.c ****           {
 1467              		.loc 1 739 19 is_stmt 0 view .LVU525
 1468 01d8 414B     		ldr	r3, .L126
 1469              	.LVL116:
 739:Drivers/STM32F4xx_HAL_Driver/Src/stm32f4xx_hal_rcc_ex.c ****           {
 1470              		.loc 1 739 19 view .LVU526
 1471 01da 5B68     		ldr	r3, [r3, #4]
 739:Drivers/STM32F4xx_HAL_Driver/Src/stm32f4xx_hal_rcc_ex.c ****           {
 1472              		.loc 1 739 14 view .LVU527
 1473 01dc 13F4800F 		tst	r3, #4194304
 1474 01e0 12D0     		beq	.L105
 742:Drivers/STM32F4xx_HAL_Driver/Src/stm32f4xx_hal_rcc_ex.c ****           }
 1475              		.loc 1 742 13 is_stmt 1 view .LVU528
 742:Drivers/STM32F4xx_HAL_Driver/Src/stm32f4xx_hal_rcc_ex.c ****           }
 1476              		.loc 1 742 61 is_stmt 0 view .LVU529
 1477 01e2 3F4B     		ldr	r3, .L126
 1478 01e4 5A68     		ldr	r2, [r3, #4]
 742:Drivers/STM32F4xx_HAL_Driver/Src/stm32f4xx_hal_rcc_ex.c ****           }
 1479              		.loc 1 742 47 view .LVU530
 1480 01e6 02F03F02 		and	r2, r2, #63
 742:Drivers/STM32F4xx_HAL_Driver/Src/stm32f4xx_hal_rcc_ex.c ****           }
 1481              		.loc 1 742 22 view .LVU531
 1482 01ea 3F4B     		ldr	r3, .L126+8
 1483 01ec B3FBF2F3 		udiv	r3, r3, r2
 1484              	.LVL117:
 1485              	.L106:
 751:Drivers/STM32F4xx_HAL_Driver/Src/stm32f4xx_hal_rcc_ex.c ****           /* I2S_CLK = PLL_VCO Output/PLLR */
 1486              		.loc 1 751 11 is_stmt 1 view .LVU532
 751:Drivers/STM32F4xx_HAL_Driver/Src/stm32f4xx_hal_rcc_ex.c ****           /* I2S_CLK = PLL_VCO Output/PLLR */
 1487              		.loc 1 751 51 is_stmt 0 view .LVU533
 1488 01f0 3B4A     		ldr	r2, .L126
 1489 01f2 5068     		ldr	r0, [r2, #4]
 751:Drivers/STM32F4xx_HAL_Driver/Src/stm32f4xx_hal_rcc_ex.c ****           /* I2S_CLK = PLL_VCO Output/PLLR */
 1490              		.loc 1 751 88 view .LVU534
 1491 01f4 C0F38810 		ubfx	r0, r0, #6, #9
ARM GAS  C:\Users\Ebrahim\AppData\Local\Temp\ccoXyWuB.s 			page 45


 751:Drivers/STM32F4xx_HAL_Driver/Src/stm32f4xx_hal_rcc_ex.c ****           /* I2S_CLK = PLL_VCO Output/PLLR */
 1492              		.loc 1 751 21 view .LVU535
 1493 01f8 03FB00F0 		mul	r0, r3, r0
 1494              	.LVL118:
 753:Drivers/STM32F4xx_HAL_Driver/Src/stm32f4xx_hal_rcc_ex.c ****           break;
 1495              		.loc 1 753 11 is_stmt 1 view .LVU536
 753:Drivers/STM32F4xx_HAL_Driver/Src/stm32f4xx_hal_rcc_ex.c ****           break;
 1496              		.loc 1 753 52 is_stmt 0 view .LVU537
 1497 01fc 5368     		ldr	r3, [r2, #4]
 1498              	.LVL119:
 753:Drivers/STM32F4xx_HAL_Driver/Src/stm32f4xx_hal_rcc_ex.c ****           break;
 1499              		.loc 1 753 90 view .LVU538
 1500 01fe C3F30273 		ubfx	r3, r3, #28, #3
 753:Drivers/STM32F4xx_HAL_Driver/Src/stm32f4xx_hal_rcc_ex.c ****           break;
 1501              		.loc 1 753 21 view .LVU539
 1502 0202 B0FBF3F0 		udiv	r0, r0, r3
 1503              	.LVL120:
 754:Drivers/STM32F4xx_HAL_Driver/Src/stm32f4xx_hal_rcc_ex.c ****         }
 1504              		.loc 1 754 11 is_stmt 1 view .LVU540
 1505 0206 7047     		bx	lr
 1506              	.LVL121:
 1507              	.L105:
 747:Drivers/STM32F4xx_HAL_Driver/Src/stm32f4xx_hal_rcc_ex.c ****           }
 1508              		.loc 1 747 13 view .LVU541
 747:Drivers/STM32F4xx_HAL_Driver/Src/stm32f4xx_hal_rcc_ex.c ****           }
 1509              		.loc 1 747 61 is_stmt 0 view .LVU542
 1510 0208 354B     		ldr	r3, .L126
 1511 020a 5A68     		ldr	r2, [r3, #4]
 747:Drivers/STM32F4xx_HAL_Driver/Src/stm32f4xx_hal_rcc_ex.c ****           }
 1512              		.loc 1 747 47 view .LVU543
 1513 020c 02F03F02 		and	r2, r2, #63
 747:Drivers/STM32F4xx_HAL_Driver/Src/stm32f4xx_hal_rcc_ex.c ****           }
 1514              		.loc 1 747 22 view .LVU544
 1515 0210 344B     		ldr	r3, .L126+4
 1516 0212 B3FBF2F3 		udiv	r3, r3, r2
 1517              	.LVL122:
 747:Drivers/STM32F4xx_HAL_Driver/Src/stm32f4xx_hal_rcc_ex.c ****           }
 1518              		.loc 1 747 22 view .LVU545
 1519 0216 EBE7     		b	.L106
 1520              	.LVL123:
 1521              	.L86:
 773:Drivers/STM32F4xx_HAL_Driver/Src/stm32f4xx_hal_rcc_ex.c ****           break;
 774:Drivers/STM32F4xx_HAL_Driver/Src/stm32f4xx_hal_rcc_ex.c ****         }
 775:Drivers/STM32F4xx_HAL_Driver/Src/stm32f4xx_hal_rcc_ex.c ****       }
 776:Drivers/STM32F4xx_HAL_Driver/Src/stm32f4xx_hal_rcc_ex.c ****       break;
 777:Drivers/STM32F4xx_HAL_Driver/Src/stm32f4xx_hal_rcc_ex.c ****     }
 778:Drivers/STM32F4xx_HAL_Driver/Src/stm32f4xx_hal_rcc_ex.c ****     case RCC_PERIPHCLK_I2S_APB2:
 779:Drivers/STM32F4xx_HAL_Driver/Src/stm32f4xx_hal_rcc_ex.c ****     {
 780:Drivers/STM32F4xx_HAL_Driver/Src/stm32f4xx_hal_rcc_ex.c ****       /* Get the current I2S source */
 781:Drivers/STM32F4xx_HAL_Driver/Src/stm32f4xx_hal_rcc_ex.c ****       srcclk = __HAL_RCC_GET_I2S_APB2_SOURCE();
 1522              		.loc 1 781 7 is_stmt 1 view .LVU546
 1523              		.loc 1 781 16 is_stmt 0 view .LVU547
 1524 0218 314B     		ldr	r3, .L126
 1525 021a D3F88C30 		ldr	r3, [r3, #140]
 1526              		.loc 1 781 14 view .LVU548
 1527 021e 03F0C053 		and	r3, r3, #402653184
 1528              	.LVL124:
ARM GAS  C:\Users\Ebrahim\AppData\Local\Temp\ccoXyWuB.s 			page 46


 782:Drivers/STM32F4xx_HAL_Driver/Src/stm32f4xx_hal_rcc_ex.c ****       switch (srcclk)
 1529              		.loc 1 782 7 is_stmt 1 view .LVU549
 1530 0222 B3F1805F 		cmp	r3, #268435456
 1531 0226 36D0     		beq	.L107
 1532 0228 05D8     		bhi	.L108
 1533 022a 83B1     		cbz	r3, .L109
 1534 022c B3F1006F 		cmp	r3, #134217728
 1535 0230 64D1     		bne	.L120
 1536 0232 2E48     		ldr	r0, .L126+12
 1537 0234 7047     		bx	lr
 1538              	.L108:
 1539 0236 B3F1C05F 		cmp	r3, #402653184
 1540 023a 06D1     		bne	.L125
 783:Drivers/STM32F4xx_HAL_Driver/Src/stm32f4xx_hal_rcc_ex.c ****       {
 784:Drivers/STM32F4xx_HAL_Driver/Src/stm32f4xx_hal_rcc_ex.c ****         /* Check if I2S clock selection is External clock mapped on the I2S_CKIN pin used as I2S cl
 785:Drivers/STM32F4xx_HAL_Driver/Src/stm32f4xx_hal_rcc_ex.c ****         case RCC_I2SAPB2CLKSOURCE_EXT:
 786:Drivers/STM32F4xx_HAL_Driver/Src/stm32f4xx_hal_rcc_ex.c ****         {
 787:Drivers/STM32F4xx_HAL_Driver/Src/stm32f4xx_hal_rcc_ex.c ****           /* Set the I2S clock to the external clock  value */
 788:Drivers/STM32F4xx_HAL_Driver/Src/stm32f4xx_hal_rcc_ex.c ****           frequency = EXTERNAL_CLOCK_VALUE;
 789:Drivers/STM32F4xx_HAL_Driver/Src/stm32f4xx_hal_rcc_ex.c ****           break;
 790:Drivers/STM32F4xx_HAL_Driver/Src/stm32f4xx_hal_rcc_ex.c ****         }
 791:Drivers/STM32F4xx_HAL_Driver/Src/stm32f4xx_hal_rcc_ex.c ****         /* Check if I2S clock selection is PLLI2S VCO output clock divided by PLLI2SR used as I2S c
 792:Drivers/STM32F4xx_HAL_Driver/Src/stm32f4xx_hal_rcc_ex.c ****         case RCC_I2SAPB2CLKSOURCE_PLLI2S:
 793:Drivers/STM32F4xx_HAL_Driver/Src/stm32f4xx_hal_rcc_ex.c ****         {
 794:Drivers/STM32F4xx_HAL_Driver/Src/stm32f4xx_hal_rcc_ex.c ****           /* Configure the PLLI2S division factor */
 795:Drivers/STM32F4xx_HAL_Driver/Src/stm32f4xx_hal_rcc_ex.c ****           /* PLLI2S_VCO Input  = PLL_SOURCE/PLLI2SM */
 796:Drivers/STM32F4xx_HAL_Driver/Src/stm32f4xx_hal_rcc_ex.c ****           if ((RCC->PLLCFGR & RCC_PLLCFGR_PLLSRC) == RCC_PLLSOURCE_HSE)
 797:Drivers/STM32F4xx_HAL_Driver/Src/stm32f4xx_hal_rcc_ex.c ****           {
 798:Drivers/STM32F4xx_HAL_Driver/Src/stm32f4xx_hal_rcc_ex.c ****             /* Get the I2S source clock value */
 799:Drivers/STM32F4xx_HAL_Driver/Src/stm32f4xx_hal_rcc_ex.c ****             vcoinput = (uint32_t)(HSE_VALUE / (uint32_t)(RCC->PLLI2SCFGR & RCC_PLLI2SCFGR_PLLI2SM))
 800:Drivers/STM32F4xx_HAL_Driver/Src/stm32f4xx_hal_rcc_ex.c ****           }
 801:Drivers/STM32F4xx_HAL_Driver/Src/stm32f4xx_hal_rcc_ex.c ****           else
 802:Drivers/STM32F4xx_HAL_Driver/Src/stm32f4xx_hal_rcc_ex.c ****           {
 803:Drivers/STM32F4xx_HAL_Driver/Src/stm32f4xx_hal_rcc_ex.c ****             /* Get the I2S source clock value */
 804:Drivers/STM32F4xx_HAL_Driver/Src/stm32f4xx_hal_rcc_ex.c ****             vcoinput = (uint32_t)(HSI_VALUE / (uint32_t)(RCC->PLLI2SCFGR & RCC_PLLI2SCFGR_PLLI2SM))
 805:Drivers/STM32F4xx_HAL_Driver/Src/stm32f4xx_hal_rcc_ex.c ****           }
 806:Drivers/STM32F4xx_HAL_Driver/Src/stm32f4xx_hal_rcc_ex.c **** 
 807:Drivers/STM32F4xx_HAL_Driver/Src/stm32f4xx_hal_rcc_ex.c ****           /* PLLI2S_VCO Output = PLLI2S_VCO Input * PLLI2SN */
 808:Drivers/STM32F4xx_HAL_Driver/Src/stm32f4xx_hal_rcc_ex.c ****           vcooutput = (uint32_t)(vcoinput * (((RCC->PLLI2SCFGR & RCC_PLLI2SCFGR_PLLI2SN) >> 6U) & (
 809:Drivers/STM32F4xx_HAL_Driver/Src/stm32f4xx_hal_rcc_ex.c ****           /* I2S_CLK = PLLI2S_VCO Output/PLLI2SR */
 810:Drivers/STM32F4xx_HAL_Driver/Src/stm32f4xx_hal_rcc_ex.c ****           frequency = (uint32_t)(vcooutput / (((RCC->PLLI2SCFGR & RCC_PLLI2SCFGR_PLLI2SR) >> 28U) &
 811:Drivers/STM32F4xx_HAL_Driver/Src/stm32f4xx_hal_rcc_ex.c ****           break;
 812:Drivers/STM32F4xx_HAL_Driver/Src/stm32f4xx_hal_rcc_ex.c ****         }
 813:Drivers/STM32F4xx_HAL_Driver/Src/stm32f4xx_hal_rcc_ex.c ****         /* Check if I2S clock selection is PLL VCO Output divided by PLLR used as I2S clock */
 814:Drivers/STM32F4xx_HAL_Driver/Src/stm32f4xx_hal_rcc_ex.c ****         case RCC_I2SAPB2CLKSOURCE_PLLR:
 815:Drivers/STM32F4xx_HAL_Driver/Src/stm32f4xx_hal_rcc_ex.c ****         {
 816:Drivers/STM32F4xx_HAL_Driver/Src/stm32f4xx_hal_rcc_ex.c ****           /* Configure the PLL division factor R */
 817:Drivers/STM32F4xx_HAL_Driver/Src/stm32f4xx_hal_rcc_ex.c ****           /* PLL_VCO Input  = PLL_SOURCE/PLLM */
 818:Drivers/STM32F4xx_HAL_Driver/Src/stm32f4xx_hal_rcc_ex.c ****           if ((RCC->PLLCFGR & RCC_PLLCFGR_PLLSRC) == RCC_PLLSOURCE_HSE)
 819:Drivers/STM32F4xx_HAL_Driver/Src/stm32f4xx_hal_rcc_ex.c ****           {
 820:Drivers/STM32F4xx_HAL_Driver/Src/stm32f4xx_hal_rcc_ex.c ****             /* Get the I2S source clock value */
 821:Drivers/STM32F4xx_HAL_Driver/Src/stm32f4xx_hal_rcc_ex.c ****             vcoinput = (uint32_t)(HSE_VALUE / (uint32_t)(RCC->PLLCFGR & RCC_PLLCFGR_PLLM));
 822:Drivers/STM32F4xx_HAL_Driver/Src/stm32f4xx_hal_rcc_ex.c ****           }
 823:Drivers/STM32F4xx_HAL_Driver/Src/stm32f4xx_hal_rcc_ex.c ****           else
 824:Drivers/STM32F4xx_HAL_Driver/Src/stm32f4xx_hal_rcc_ex.c ****           {
 825:Drivers/STM32F4xx_HAL_Driver/Src/stm32f4xx_hal_rcc_ex.c ****             /* Get the I2S source clock value */
 826:Drivers/STM32F4xx_HAL_Driver/Src/stm32f4xx_hal_rcc_ex.c ****             vcoinput = (uint32_t)(HSI_VALUE / (uint32_t)(RCC->PLLCFGR & RCC_PLLCFGR_PLLM));
ARM GAS  C:\Users\Ebrahim\AppData\Local\Temp\ccoXyWuB.s 			page 47


 827:Drivers/STM32F4xx_HAL_Driver/Src/stm32f4xx_hal_rcc_ex.c ****           }
 828:Drivers/STM32F4xx_HAL_Driver/Src/stm32f4xx_hal_rcc_ex.c **** 
 829:Drivers/STM32F4xx_HAL_Driver/Src/stm32f4xx_hal_rcc_ex.c ****           /* PLL_VCO Output = PLL_VCO Input * PLLN */
 830:Drivers/STM32F4xx_HAL_Driver/Src/stm32f4xx_hal_rcc_ex.c ****           vcooutput = (uint32_t)(vcoinput * (((RCC->PLLCFGR & RCC_PLLCFGR_PLLN) >> 6U) & (RCC_PLLCF
 831:Drivers/STM32F4xx_HAL_Driver/Src/stm32f4xx_hal_rcc_ex.c ****           /* I2S_CLK = PLL_VCO Output/PLLR */
 832:Drivers/STM32F4xx_HAL_Driver/Src/stm32f4xx_hal_rcc_ex.c ****           frequency = (uint32_t)(vcooutput / (((RCC->PLLCFGR & RCC_PLLCFGR_PLLR) >> 28U) & (RCC_PLL
 833:Drivers/STM32F4xx_HAL_Driver/Src/stm32f4xx_hal_rcc_ex.c ****           break;
 834:Drivers/STM32F4xx_HAL_Driver/Src/stm32f4xx_hal_rcc_ex.c ****         }
 835:Drivers/STM32F4xx_HAL_Driver/Src/stm32f4xx_hal_rcc_ex.c ****         /* Check if I2S clock selection is HSI or HSE depending from PLL source Clock */
 836:Drivers/STM32F4xx_HAL_Driver/Src/stm32f4xx_hal_rcc_ex.c ****         case RCC_I2SAPB2CLKSOURCE_PLLSRC:
 837:Drivers/STM32F4xx_HAL_Driver/Src/stm32f4xx_hal_rcc_ex.c ****         {
 838:Drivers/STM32F4xx_HAL_Driver/Src/stm32f4xx_hal_rcc_ex.c ****           if ((RCC->PLLCFGR & RCC_PLLCFGR_PLLSRC) == RCC_PLLSOURCE_HSE)
 1541              		.loc 1 838 11 view .LVU550
 1542              		.loc 1 838 19 is_stmt 0 view .LVU551
 1543 023c 284B     		ldr	r3, .L126
 1544              	.LVL125:
 1545              		.loc 1 838 19 view .LVU552
 1546 023e 5B68     		ldr	r3, [r3, #4]
 1547              		.loc 1 838 14 view .LVU553
 1548 0240 13F4800F 		tst	r3, #4194304
 1549 0244 5CD0     		beq	.L121
 839:Drivers/STM32F4xx_HAL_Driver/Src/stm32f4xx_hal_rcc_ex.c ****           {
 840:Drivers/STM32F4xx_HAL_Driver/Src/stm32f4xx_hal_rcc_ex.c ****             frequency = HSE_VALUE;
 1550              		.loc 1 840 23 view .LVU554
 1551 0246 2848     		ldr	r0, .L126+8
 1552 0248 7047     		bx	lr
 1553              	.LVL126:
 1554              	.L125:
 841:Drivers/STM32F4xx_HAL_Driver/Src/stm32f4xx_hal_rcc_ex.c ****           }
 842:Drivers/STM32F4xx_HAL_Driver/Src/stm32f4xx_hal_rcc_ex.c ****           else
 843:Drivers/STM32F4xx_HAL_Driver/Src/stm32f4xx_hal_rcc_ex.c ****           {
 844:Drivers/STM32F4xx_HAL_Driver/Src/stm32f4xx_hal_rcc_ex.c ****             frequency = HSI_VALUE;
 845:Drivers/STM32F4xx_HAL_Driver/Src/stm32f4xx_hal_rcc_ex.c ****           }
 846:Drivers/STM32F4xx_HAL_Driver/Src/stm32f4xx_hal_rcc_ex.c ****           break;
 847:Drivers/STM32F4xx_HAL_Driver/Src/stm32f4xx_hal_rcc_ex.c ****         }
 848:Drivers/STM32F4xx_HAL_Driver/Src/stm32f4xx_hal_rcc_ex.c ****         /* Clock not enabled for I2S*/
 849:Drivers/STM32F4xx_HAL_Driver/Src/stm32f4xx_hal_rcc_ex.c ****         default:
 850:Drivers/STM32F4xx_HAL_Driver/Src/stm32f4xx_hal_rcc_ex.c ****         {
 851:Drivers/STM32F4xx_HAL_Driver/Src/stm32f4xx_hal_rcc_ex.c ****           frequency = 0U;
 1555              		.loc 1 851 21 view .LVU555
 1556 024a 0020     		movs	r0, #0
 1557 024c 7047     		bx	lr
 1558              	.L109:
 796:Drivers/STM32F4xx_HAL_Driver/Src/stm32f4xx_hal_rcc_ex.c ****           {
 1559              		.loc 1 796 11 is_stmt 1 view .LVU556
 796:Drivers/STM32F4xx_HAL_Driver/Src/stm32f4xx_hal_rcc_ex.c ****           {
 1560              		.loc 1 796 19 is_stmt 0 view .LVU557
 1561 024e 244B     		ldr	r3, .L126
 1562              	.LVL127:
 796:Drivers/STM32F4xx_HAL_Driver/Src/stm32f4xx_hal_rcc_ex.c ****           {
 1563              		.loc 1 796 19 view .LVU558
 1564 0250 5B68     		ldr	r3, [r3, #4]
 796:Drivers/STM32F4xx_HAL_Driver/Src/stm32f4xx_hal_rcc_ex.c ****           {
 1565              		.loc 1 796 14 view .LVU559
 1566 0252 13F4800F 		tst	r3, #4194304
 1567 0256 15D0     		beq	.L111
 799:Drivers/STM32F4xx_HAL_Driver/Src/stm32f4xx_hal_rcc_ex.c ****           }
ARM GAS  C:\Users\Ebrahim\AppData\Local\Temp\ccoXyWuB.s 			page 48


 1568              		.loc 1 799 13 is_stmt 1 view .LVU560
 799:Drivers/STM32F4xx_HAL_Driver/Src/stm32f4xx_hal_rcc_ex.c ****           }
 1569              		.loc 1 799 61 is_stmt 0 view .LVU561
 1570 0258 214B     		ldr	r3, .L126
 1571 025a D3F88420 		ldr	r2, [r3, #132]
 799:Drivers/STM32F4xx_HAL_Driver/Src/stm32f4xx_hal_rcc_ex.c ****           }
 1572              		.loc 1 799 47 view .LVU562
 1573 025e 02F03F02 		and	r2, r2, #63
 799:Drivers/STM32F4xx_HAL_Driver/Src/stm32f4xx_hal_rcc_ex.c ****           }
 1574              		.loc 1 799 22 view .LVU563
 1575 0262 214B     		ldr	r3, .L126+8
 1576 0264 B3FBF2F3 		udiv	r3, r3, r2
 1577              	.LVL128:
 1578              	.L112:
 808:Drivers/STM32F4xx_HAL_Driver/Src/stm32f4xx_hal_rcc_ex.c ****           /* I2S_CLK = PLLI2S_VCO Output/PLLI2SR */
 1579              		.loc 1 808 11 is_stmt 1 view .LVU564
 808:Drivers/STM32F4xx_HAL_Driver/Src/stm32f4xx_hal_rcc_ex.c ****           /* I2S_CLK = PLLI2S_VCO Output/PLLI2SR */
 1580              		.loc 1 808 51 is_stmt 0 view .LVU565
 1581 0268 1D4A     		ldr	r2, .L126
 1582 026a D2F88400 		ldr	r0, [r2, #132]
 808:Drivers/STM32F4xx_HAL_Driver/Src/stm32f4xx_hal_rcc_ex.c ****           /* I2S_CLK = PLLI2S_VCO Output/PLLI2SR */
 1583              		.loc 1 808 97 view .LVU566
 1584 026e C0F38810 		ubfx	r0, r0, #6, #9
 808:Drivers/STM32F4xx_HAL_Driver/Src/stm32f4xx_hal_rcc_ex.c ****           /* I2S_CLK = PLLI2S_VCO Output/PLLI2SR */
 1585              		.loc 1 808 21 view .LVU567
 1586 0272 03FB00F0 		mul	r0, r3, r0
 1587              	.LVL129:
 810:Drivers/STM32F4xx_HAL_Driver/Src/stm32f4xx_hal_rcc_ex.c ****           break;
 1588              		.loc 1 810 11 is_stmt 1 view .LVU568
 810:Drivers/STM32F4xx_HAL_Driver/Src/stm32f4xx_hal_rcc_ex.c ****           break;
 1589              		.loc 1 810 52 is_stmt 0 view .LVU569
 1590 0276 D2F88430 		ldr	r3, [r2, #132]
 1591              	.LVL130:
 810:Drivers/STM32F4xx_HAL_Driver/Src/stm32f4xx_hal_rcc_ex.c ****           break;
 1592              		.loc 1 810 99 view .LVU570
 1593 027a C3F30273 		ubfx	r3, r3, #28, #3
 810:Drivers/STM32F4xx_HAL_Driver/Src/stm32f4xx_hal_rcc_ex.c ****           break;
 1594              		.loc 1 810 21 view .LVU571
 1595 027e B0FBF3F0 		udiv	r0, r0, r3
 1596              	.LVL131:
 811:Drivers/STM32F4xx_HAL_Driver/Src/stm32f4xx_hal_rcc_ex.c ****         }
 1597              		.loc 1 811 11 is_stmt 1 view .LVU572
 1598 0282 7047     		bx	lr
 1599              	.LVL132:
 1600              	.L111:
 804:Drivers/STM32F4xx_HAL_Driver/Src/stm32f4xx_hal_rcc_ex.c ****           }
 1601              		.loc 1 804 13 view .LVU573
 804:Drivers/STM32F4xx_HAL_Driver/Src/stm32f4xx_hal_rcc_ex.c ****           }
 1602              		.loc 1 804 61 is_stmt 0 view .LVU574
 1603 0284 164B     		ldr	r3, .L126
 1604 0286 D3F88420 		ldr	r2, [r3, #132]
 804:Drivers/STM32F4xx_HAL_Driver/Src/stm32f4xx_hal_rcc_ex.c ****           }
 1605              		.loc 1 804 47 view .LVU575
 1606 028a 02F03F02 		and	r2, r2, #63
 804:Drivers/STM32F4xx_HAL_Driver/Src/stm32f4xx_hal_rcc_ex.c ****           }
 1607              		.loc 1 804 22 view .LVU576
 1608 028e 154B     		ldr	r3, .L126+4
ARM GAS  C:\Users\Ebrahim\AppData\Local\Temp\ccoXyWuB.s 			page 49


 1609 0290 B3FBF2F3 		udiv	r3, r3, r2
 1610              	.LVL133:
 804:Drivers/STM32F4xx_HAL_Driver/Src/stm32f4xx_hal_rcc_ex.c ****           }
 1611              		.loc 1 804 22 view .LVU577
 1612 0294 E8E7     		b	.L112
 1613              	.LVL134:
 1614              	.L107:
 818:Drivers/STM32F4xx_HAL_Driver/Src/stm32f4xx_hal_rcc_ex.c ****           {
 1615              		.loc 1 818 11 is_stmt 1 view .LVU578
 818:Drivers/STM32F4xx_HAL_Driver/Src/stm32f4xx_hal_rcc_ex.c ****           {
 1616              		.loc 1 818 19 is_stmt 0 view .LVU579
 1617 0296 124B     		ldr	r3, .L126
 1618              	.LVL135:
 818:Drivers/STM32F4xx_HAL_Driver/Src/stm32f4xx_hal_rcc_ex.c ****           {
 1619              		.loc 1 818 19 view .LVU580
 1620 0298 5B68     		ldr	r3, [r3, #4]
 818:Drivers/STM32F4xx_HAL_Driver/Src/stm32f4xx_hal_rcc_ex.c ****           {
 1621              		.loc 1 818 14 view .LVU581
 1622 029a 13F4800F 		tst	r3, #4194304
 1623 029e 12D0     		beq	.L113
 821:Drivers/STM32F4xx_HAL_Driver/Src/stm32f4xx_hal_rcc_ex.c ****           }
 1624              		.loc 1 821 13 is_stmt 1 view .LVU582
 821:Drivers/STM32F4xx_HAL_Driver/Src/stm32f4xx_hal_rcc_ex.c ****           }
 1625              		.loc 1 821 61 is_stmt 0 view .LVU583
 1626 02a0 0F4B     		ldr	r3, .L126
 1627 02a2 5A68     		ldr	r2, [r3, #4]
 821:Drivers/STM32F4xx_HAL_Driver/Src/stm32f4xx_hal_rcc_ex.c ****           }
 1628              		.loc 1 821 47 view .LVU584
 1629 02a4 02F03F02 		and	r2, r2, #63
 821:Drivers/STM32F4xx_HAL_Driver/Src/stm32f4xx_hal_rcc_ex.c ****           }
 1630              		.loc 1 821 22 view .LVU585
 1631 02a8 0F4B     		ldr	r3, .L126+8
 1632 02aa B3FBF2F3 		udiv	r3, r3, r2
 1633              	.LVL136:
 1634              	.L114:
 830:Drivers/STM32F4xx_HAL_Driver/Src/stm32f4xx_hal_rcc_ex.c ****           /* I2S_CLK = PLL_VCO Output/PLLR */
 1635              		.loc 1 830 11 is_stmt 1 view .LVU586
 830:Drivers/STM32F4xx_HAL_Driver/Src/stm32f4xx_hal_rcc_ex.c ****           /* I2S_CLK = PLL_VCO Output/PLLR */
 1636              		.loc 1 830 51 is_stmt 0 view .LVU587
 1637 02ae 0C4A     		ldr	r2, .L126
 1638 02b0 5068     		ldr	r0, [r2, #4]
 830:Drivers/STM32F4xx_HAL_Driver/Src/stm32f4xx_hal_rcc_ex.c ****           /* I2S_CLK = PLL_VCO Output/PLLR */
 1639              		.loc 1 830 88 view .LVU588
 1640 02b2 C0F38810 		ubfx	r0, r0, #6, #9
 830:Drivers/STM32F4xx_HAL_Driver/Src/stm32f4xx_hal_rcc_ex.c ****           /* I2S_CLK = PLL_VCO Output/PLLR */
 1641              		.loc 1 830 21 view .LVU589
 1642 02b6 03FB00F0 		mul	r0, r3, r0
 1643              	.LVL137:
 832:Drivers/STM32F4xx_HAL_Driver/Src/stm32f4xx_hal_rcc_ex.c ****           break;
 1644              		.loc 1 832 11 is_stmt 1 view .LVU590
 832:Drivers/STM32F4xx_HAL_Driver/Src/stm32f4xx_hal_rcc_ex.c ****           break;
 1645              		.loc 1 832 52 is_stmt 0 view .LVU591
 1646 02ba 5368     		ldr	r3, [r2, #4]
 1647              	.LVL138:
 832:Drivers/STM32F4xx_HAL_Driver/Src/stm32f4xx_hal_rcc_ex.c ****           break;
 1648              		.loc 1 832 90 view .LVU592
 1649 02bc C3F30273 		ubfx	r3, r3, #28, #3
ARM GAS  C:\Users\Ebrahim\AppData\Local\Temp\ccoXyWuB.s 			page 50


 832:Drivers/STM32F4xx_HAL_Driver/Src/stm32f4xx_hal_rcc_ex.c ****           break;
 1650              		.loc 1 832 21 view .LVU593
 1651 02c0 B0FBF3F0 		udiv	r0, r0, r3
 1652              	.LVL139:
 833:Drivers/STM32F4xx_HAL_Driver/Src/stm32f4xx_hal_rcc_ex.c ****         }
 1653              		.loc 1 833 11 is_stmt 1 view .LVU594
 1654 02c4 7047     		bx	lr
 1655              	.LVL140:
 1656              	.L113:
 826:Drivers/STM32F4xx_HAL_Driver/Src/stm32f4xx_hal_rcc_ex.c ****           }
 1657              		.loc 1 826 13 view .LVU595
 826:Drivers/STM32F4xx_HAL_Driver/Src/stm32f4xx_hal_rcc_ex.c ****           }
 1658              		.loc 1 826 61 is_stmt 0 view .LVU596
 1659 02c6 064B     		ldr	r3, .L126
 1660 02c8 5A68     		ldr	r2, [r3, #4]
 826:Drivers/STM32F4xx_HAL_Driver/Src/stm32f4xx_hal_rcc_ex.c ****           }
 1661              		.loc 1 826 47 view .LVU597
 1662 02ca 02F03F02 		and	r2, r2, #63
 826:Drivers/STM32F4xx_HAL_Driver/Src/stm32f4xx_hal_rcc_ex.c ****           }
 1663              		.loc 1 826 22 view .LVU598
 1664 02ce 054B     		ldr	r3, .L126+4
 1665 02d0 B3FBF2F3 		udiv	r3, r3, r2
 1666              	.LVL141:
 826:Drivers/STM32F4xx_HAL_Driver/Src/stm32f4xx_hal_rcc_ex.c ****           }
 1667              		.loc 1 826 22 view .LVU599
 1668 02d4 EBE7     		b	.L114
 1669              	.LVL142:
 1670              	.L115:
 592:Drivers/STM32F4xx_HAL_Driver/Src/stm32f4xx_hal_rcc_ex.c ****   {
 1671              		.loc 1 592 3 view .LVU600
 1672 02d6 0020     		movs	r0, #0
 1673 02d8 7047     		bx	lr
 1674              	.LVL143:
 1675              	.L116:
 675:Drivers/STM32F4xx_HAL_Driver/Src/stm32f4xx_hal_rcc_ex.c ****           break;
 1676              		.loc 1 675 21 view .LVU601
 1677 02da 0448     		ldr	r0, .L126+12
 1678 02dc 7047     		bx	lr
 1679              	.L127:
 1680 02de 00BF     		.align	2
 1681              	.L126:
 1682 02e0 00380240 		.word	1073887232
 1683 02e4 0024F400 		.word	16000000
 1684 02e8 40787D01 		.word	25000000
 1685 02ec 0080BB00 		.word	12288000
 1686              	.LVL144:
 1687              	.L117:
 688:Drivers/STM32F4xx_HAL_Driver/Src/stm32f4xx_hal_rcc_ex.c ****           }
 1688              		.loc 1 688 23 view .LVU602
 1689 02f0 0448     		ldr	r0, .L128
 1690 02f2 7047     		bx	lr
 1691              	.LVL145:
 1692              	.L118:
 772:Drivers/STM32F4xx_HAL_Driver/Src/stm32f4xx_hal_rcc_ex.c ****           break;
 1693              		.loc 1 772 21 view .LVU603
 1694 02f4 0020     		movs	r0, #0
 1695 02f6 7047     		bx	lr
ARM GAS  C:\Users\Ebrahim\AppData\Local\Temp\ccoXyWuB.s 			page 51


 1696              	.LVL146:
 1697              	.L119:
 765:Drivers/STM32F4xx_HAL_Driver/Src/stm32f4xx_hal_rcc_ex.c ****           }
 1698              		.loc 1 765 23 view .LVU604
 1699 02f8 0348     		ldr	r0, .L128+4
 1700 02fa 7047     		bx	lr
 1701              	.LVL147:
 1702              	.L120:
 1703              		.loc 1 851 21 view .LVU605
 1704 02fc 0020     		movs	r0, #0
 1705 02fe 7047     		bx	lr
 1706              	.LVL148:
 1707              	.L121:
 844:Drivers/STM32F4xx_HAL_Driver/Src/stm32f4xx_hal_rcc_ex.c ****           }
 1708              		.loc 1 844 23 view .LVU606
 1709 0300 0148     		ldr	r0, .L128+4
 1710              	.LVL149:
 852:Drivers/STM32F4xx_HAL_Driver/Src/stm32f4xx_hal_rcc_ex.c ****           break;
 853:Drivers/STM32F4xx_HAL_Driver/Src/stm32f4xx_hal_rcc_ex.c ****         }
 854:Drivers/STM32F4xx_HAL_Driver/Src/stm32f4xx_hal_rcc_ex.c ****       }
 855:Drivers/STM32F4xx_HAL_Driver/Src/stm32f4xx_hal_rcc_ex.c ****       break;
 856:Drivers/STM32F4xx_HAL_Driver/Src/stm32f4xx_hal_rcc_ex.c ****     }
 857:Drivers/STM32F4xx_HAL_Driver/Src/stm32f4xx_hal_rcc_ex.c ****     default:
 858:Drivers/STM32F4xx_HAL_Driver/Src/stm32f4xx_hal_rcc_ex.c ****     {
 859:Drivers/STM32F4xx_HAL_Driver/Src/stm32f4xx_hal_rcc_ex.c ****       break;
 860:Drivers/STM32F4xx_HAL_Driver/Src/stm32f4xx_hal_rcc_ex.c ****     }
 861:Drivers/STM32F4xx_HAL_Driver/Src/stm32f4xx_hal_rcc_ex.c ****   }
 862:Drivers/STM32F4xx_HAL_Driver/Src/stm32f4xx_hal_rcc_ex.c ****   return frequency;
 1711              		.loc 1 862 3 is_stmt 1 view .LVU607
 863:Drivers/STM32F4xx_HAL_Driver/Src/stm32f4xx_hal_rcc_ex.c **** }
 1712              		.loc 1 863 1 is_stmt 0 view .LVU608
 1713 0302 7047     		bx	lr
 1714              	.L129:
 1715              		.align	2
 1716              	.L128:
 1717 0304 40787D01 		.word	25000000
 1718 0308 0024F400 		.word	16000000
 1719              		.cfi_endproc
 1720              	.LFE136:
 1722              		.section	.text.HAL_RCCEx_SelectLSEMode,"ax",%progbits
 1723              		.align	1
 1724              		.global	HAL_RCCEx_SelectLSEMode
 1725              		.syntax unified
 1726              		.thumb
 1727              		.thumb_func
 1729              	HAL_RCCEx_SelectLSEMode:
 1730              	.LVL150:
 1731              	.LFB137:
 864:Drivers/STM32F4xx_HAL_Driver/Src/stm32f4xx_hal_rcc_ex.c **** #endif /* STM32F446xx */
 865:Drivers/STM32F4xx_HAL_Driver/Src/stm32f4xx_hal_rcc_ex.c **** 
 866:Drivers/STM32F4xx_HAL_Driver/Src/stm32f4xx_hal_rcc_ex.c **** #if defined(STM32F469xx) || defined(STM32F479xx)
 867:Drivers/STM32F4xx_HAL_Driver/Src/stm32f4xx_hal_rcc_ex.c **** /**
 868:Drivers/STM32F4xx_HAL_Driver/Src/stm32f4xx_hal_rcc_ex.c ****   * @brief  Initializes the RCC extended peripherals clocks according to the specified
 869:Drivers/STM32F4xx_HAL_Driver/Src/stm32f4xx_hal_rcc_ex.c ****   *         parameters in the RCC_PeriphCLKInitTypeDef.
 870:Drivers/STM32F4xx_HAL_Driver/Src/stm32f4xx_hal_rcc_ex.c ****   * @param  PeriphClkInit pointer to an RCC_PeriphCLKInitTypeDef structure that
 871:Drivers/STM32F4xx_HAL_Driver/Src/stm32f4xx_hal_rcc_ex.c ****   *         contains the configuration information for the Extended Peripherals
 872:Drivers/STM32F4xx_HAL_Driver/Src/stm32f4xx_hal_rcc_ex.c ****   *         clocks(I2S, SAI, LTDC, RTC and TIM).
ARM GAS  C:\Users\Ebrahim\AppData\Local\Temp\ccoXyWuB.s 			page 52


 873:Drivers/STM32F4xx_HAL_Driver/Src/stm32f4xx_hal_rcc_ex.c ****   *
 874:Drivers/STM32F4xx_HAL_Driver/Src/stm32f4xx_hal_rcc_ex.c ****   * @note   Care must be taken when HAL_RCCEx_PeriphCLKConfig() is used to select
 875:Drivers/STM32F4xx_HAL_Driver/Src/stm32f4xx_hal_rcc_ex.c ****   *         the RTC clock source; in this case the Backup domain will be reset in
 876:Drivers/STM32F4xx_HAL_Driver/Src/stm32f4xx_hal_rcc_ex.c ****   *         order to modify the RTC Clock source, as consequence RTC registers (including
 877:Drivers/STM32F4xx_HAL_Driver/Src/stm32f4xx_hal_rcc_ex.c ****   *         the backup registers) and RCC_BDCR register are set to their reset values.
 878:Drivers/STM32F4xx_HAL_Driver/Src/stm32f4xx_hal_rcc_ex.c ****   *
 879:Drivers/STM32F4xx_HAL_Driver/Src/stm32f4xx_hal_rcc_ex.c ****   * @retval HAL status
 880:Drivers/STM32F4xx_HAL_Driver/Src/stm32f4xx_hal_rcc_ex.c ****   */
 881:Drivers/STM32F4xx_HAL_Driver/Src/stm32f4xx_hal_rcc_ex.c **** HAL_StatusTypeDef HAL_RCCEx_PeriphCLKConfig(RCC_PeriphCLKInitTypeDef  *PeriphClkInit)
 882:Drivers/STM32F4xx_HAL_Driver/Src/stm32f4xx_hal_rcc_ex.c **** {
 883:Drivers/STM32F4xx_HAL_Driver/Src/stm32f4xx_hal_rcc_ex.c ****   uint32_t tickstart = 0U;
 884:Drivers/STM32F4xx_HAL_Driver/Src/stm32f4xx_hal_rcc_ex.c ****   uint32_t tmpreg1 = 0U;
 885:Drivers/STM32F4xx_HAL_Driver/Src/stm32f4xx_hal_rcc_ex.c ****   uint32_t pllsaip = 0U;
 886:Drivers/STM32F4xx_HAL_Driver/Src/stm32f4xx_hal_rcc_ex.c ****   uint32_t pllsaiq = 0U;
 887:Drivers/STM32F4xx_HAL_Driver/Src/stm32f4xx_hal_rcc_ex.c ****   uint32_t pllsair = 0U;
 888:Drivers/STM32F4xx_HAL_Driver/Src/stm32f4xx_hal_rcc_ex.c **** 
 889:Drivers/STM32F4xx_HAL_Driver/Src/stm32f4xx_hal_rcc_ex.c ****   /* Check the parameters */
 890:Drivers/STM32F4xx_HAL_Driver/Src/stm32f4xx_hal_rcc_ex.c ****   assert_param(IS_RCC_PERIPHCLOCK(PeriphClkInit->PeriphClockSelection));
 891:Drivers/STM32F4xx_HAL_Driver/Src/stm32f4xx_hal_rcc_ex.c **** 
 892:Drivers/STM32F4xx_HAL_Driver/Src/stm32f4xx_hal_rcc_ex.c ****   /*--------------------------- CLK48 Configuration --------------------------*/
 893:Drivers/STM32F4xx_HAL_Driver/Src/stm32f4xx_hal_rcc_ex.c ****   if (((PeriphClkInit->PeriphClockSelection) & RCC_PERIPHCLK_CLK48) == RCC_PERIPHCLK_CLK48)
 894:Drivers/STM32F4xx_HAL_Driver/Src/stm32f4xx_hal_rcc_ex.c ****   {
 895:Drivers/STM32F4xx_HAL_Driver/Src/stm32f4xx_hal_rcc_ex.c ****     /* Check the parameters */
 896:Drivers/STM32F4xx_HAL_Driver/Src/stm32f4xx_hal_rcc_ex.c ****     assert_param(IS_RCC_CLK48CLKSOURCE(PeriphClkInit->Clk48ClockSelection));
 897:Drivers/STM32F4xx_HAL_Driver/Src/stm32f4xx_hal_rcc_ex.c **** 
 898:Drivers/STM32F4xx_HAL_Driver/Src/stm32f4xx_hal_rcc_ex.c ****     /* Configure the CLK48 clock source */
 899:Drivers/STM32F4xx_HAL_Driver/Src/stm32f4xx_hal_rcc_ex.c ****     __HAL_RCC_CLK48_CONFIG(PeriphClkInit->Clk48ClockSelection);
 900:Drivers/STM32F4xx_HAL_Driver/Src/stm32f4xx_hal_rcc_ex.c ****   }
 901:Drivers/STM32F4xx_HAL_Driver/Src/stm32f4xx_hal_rcc_ex.c ****   /*--------------------------------------------------------------------------*/
 902:Drivers/STM32F4xx_HAL_Driver/Src/stm32f4xx_hal_rcc_ex.c **** 
 903:Drivers/STM32F4xx_HAL_Driver/Src/stm32f4xx_hal_rcc_ex.c ****   /*------------------------------ SDIO Configuration ------------------------*/
 904:Drivers/STM32F4xx_HAL_Driver/Src/stm32f4xx_hal_rcc_ex.c ****   if (((PeriphClkInit->PeriphClockSelection) & RCC_PERIPHCLK_SDIO) == RCC_PERIPHCLK_SDIO)
 905:Drivers/STM32F4xx_HAL_Driver/Src/stm32f4xx_hal_rcc_ex.c ****   {
 906:Drivers/STM32F4xx_HAL_Driver/Src/stm32f4xx_hal_rcc_ex.c ****     /* Check the parameters */
 907:Drivers/STM32F4xx_HAL_Driver/Src/stm32f4xx_hal_rcc_ex.c ****     assert_param(IS_RCC_SDIOCLKSOURCE(PeriphClkInit->SdioClockSelection));
 908:Drivers/STM32F4xx_HAL_Driver/Src/stm32f4xx_hal_rcc_ex.c **** 
 909:Drivers/STM32F4xx_HAL_Driver/Src/stm32f4xx_hal_rcc_ex.c ****     /* Configure the SDIO clock source */
 910:Drivers/STM32F4xx_HAL_Driver/Src/stm32f4xx_hal_rcc_ex.c ****     __HAL_RCC_SDIO_CONFIG(PeriphClkInit->SdioClockSelection);
 911:Drivers/STM32F4xx_HAL_Driver/Src/stm32f4xx_hal_rcc_ex.c ****   }
 912:Drivers/STM32F4xx_HAL_Driver/Src/stm32f4xx_hal_rcc_ex.c ****   /*--------------------------------------------------------------------------*/
 913:Drivers/STM32F4xx_HAL_Driver/Src/stm32f4xx_hal_rcc_ex.c **** 
 914:Drivers/STM32F4xx_HAL_Driver/Src/stm32f4xx_hal_rcc_ex.c ****   /*----------------------- SAI/I2S Configuration (PLLI2S) -------------------*/
 915:Drivers/STM32F4xx_HAL_Driver/Src/stm32f4xx_hal_rcc_ex.c ****   /*------------------- Common configuration SAI/I2S -------------------------*/
 916:Drivers/STM32F4xx_HAL_Driver/Src/stm32f4xx_hal_rcc_ex.c ****   /* In Case of SAI or I2S Clock Configuration through PLLI2S, PLLI2SN division
 917:Drivers/STM32F4xx_HAL_Driver/Src/stm32f4xx_hal_rcc_ex.c ****      factor is common parameters for both peripherals */
 918:Drivers/STM32F4xx_HAL_Driver/Src/stm32f4xx_hal_rcc_ex.c ****   if ((((PeriphClkInit->PeriphClockSelection) & RCC_PERIPHCLK_I2S) == RCC_PERIPHCLK_I2S) ||
 919:Drivers/STM32F4xx_HAL_Driver/Src/stm32f4xx_hal_rcc_ex.c ****       (((PeriphClkInit->PeriphClockSelection) & RCC_PERIPHCLK_SAI_PLLI2S) == RCC_PERIPHCLK_SAI_PLLI
 920:Drivers/STM32F4xx_HAL_Driver/Src/stm32f4xx_hal_rcc_ex.c ****       (((PeriphClkInit->PeriphClockSelection) & RCC_PERIPHCLK_PLLI2S) == RCC_PERIPHCLK_PLLI2S))
 921:Drivers/STM32F4xx_HAL_Driver/Src/stm32f4xx_hal_rcc_ex.c ****   {
 922:Drivers/STM32F4xx_HAL_Driver/Src/stm32f4xx_hal_rcc_ex.c ****     /* check for Parameters */
 923:Drivers/STM32F4xx_HAL_Driver/Src/stm32f4xx_hal_rcc_ex.c ****     assert_param(IS_RCC_PLLI2SN_VALUE(PeriphClkInit->PLLI2S.PLLI2SN));
 924:Drivers/STM32F4xx_HAL_Driver/Src/stm32f4xx_hal_rcc_ex.c **** 
 925:Drivers/STM32F4xx_HAL_Driver/Src/stm32f4xx_hal_rcc_ex.c ****     /* Disable the PLLI2S */
 926:Drivers/STM32F4xx_HAL_Driver/Src/stm32f4xx_hal_rcc_ex.c ****     __HAL_RCC_PLLI2S_DISABLE();
 927:Drivers/STM32F4xx_HAL_Driver/Src/stm32f4xx_hal_rcc_ex.c ****     /* Get tick */
 928:Drivers/STM32F4xx_HAL_Driver/Src/stm32f4xx_hal_rcc_ex.c ****     tickstart = HAL_GetTick();
 929:Drivers/STM32F4xx_HAL_Driver/Src/stm32f4xx_hal_rcc_ex.c ****     /* Wait till PLLI2S is disabled */
ARM GAS  C:\Users\Ebrahim\AppData\Local\Temp\ccoXyWuB.s 			page 53


 930:Drivers/STM32F4xx_HAL_Driver/Src/stm32f4xx_hal_rcc_ex.c ****     while (__HAL_RCC_GET_FLAG(RCC_FLAG_PLLI2SRDY)  != RESET)
 931:Drivers/STM32F4xx_HAL_Driver/Src/stm32f4xx_hal_rcc_ex.c ****     {
 932:Drivers/STM32F4xx_HAL_Driver/Src/stm32f4xx_hal_rcc_ex.c ****       if ((HAL_GetTick() - tickstart) > PLLI2S_TIMEOUT_VALUE)
 933:Drivers/STM32F4xx_HAL_Driver/Src/stm32f4xx_hal_rcc_ex.c ****       {
 934:Drivers/STM32F4xx_HAL_Driver/Src/stm32f4xx_hal_rcc_ex.c ****         /* return in case of Timeout detected */
 935:Drivers/STM32F4xx_HAL_Driver/Src/stm32f4xx_hal_rcc_ex.c ****         return HAL_TIMEOUT;
 936:Drivers/STM32F4xx_HAL_Driver/Src/stm32f4xx_hal_rcc_ex.c ****       }
 937:Drivers/STM32F4xx_HAL_Driver/Src/stm32f4xx_hal_rcc_ex.c ****     }
 938:Drivers/STM32F4xx_HAL_Driver/Src/stm32f4xx_hal_rcc_ex.c **** 
 939:Drivers/STM32F4xx_HAL_Driver/Src/stm32f4xx_hal_rcc_ex.c ****     /*---------------------- I2S configuration -------------------------------*/
 940:Drivers/STM32F4xx_HAL_Driver/Src/stm32f4xx_hal_rcc_ex.c ****     /* In Case of I2S Clock Configuration through PLLI2S, PLLI2SR must be added
 941:Drivers/STM32F4xx_HAL_Driver/Src/stm32f4xx_hal_rcc_ex.c ****       only for I2S configuration */
 942:Drivers/STM32F4xx_HAL_Driver/Src/stm32f4xx_hal_rcc_ex.c ****     if (((PeriphClkInit->PeriphClockSelection) & RCC_PERIPHCLK_I2S) == (RCC_PERIPHCLK_I2S))
 943:Drivers/STM32F4xx_HAL_Driver/Src/stm32f4xx_hal_rcc_ex.c ****     {
 944:Drivers/STM32F4xx_HAL_Driver/Src/stm32f4xx_hal_rcc_ex.c ****       /* check for Parameters */
 945:Drivers/STM32F4xx_HAL_Driver/Src/stm32f4xx_hal_rcc_ex.c ****       assert_param(IS_RCC_PLLI2SR_VALUE(PeriphClkInit->PLLI2S.PLLI2SR));
 946:Drivers/STM32F4xx_HAL_Driver/Src/stm32f4xx_hal_rcc_ex.c ****       /* Configure the PLLI2S division factors */
 947:Drivers/STM32F4xx_HAL_Driver/Src/stm32f4xx_hal_rcc_ex.c ****       /* PLLI2S_VCO = f(VCO clock) = f(PLLI2S clock input) x (PLLI2SN/PLLM) */
 948:Drivers/STM32F4xx_HAL_Driver/Src/stm32f4xx_hal_rcc_ex.c ****       /* I2SCLK = f(PLLI2S clock output) = f(VCO clock) / PLLI2SR */
 949:Drivers/STM32F4xx_HAL_Driver/Src/stm32f4xx_hal_rcc_ex.c ****       __HAL_RCC_PLLI2S_CONFIG(PeriphClkInit->PLLI2S.PLLI2SN, PeriphClkInit->PLLI2S.PLLI2SR);
 950:Drivers/STM32F4xx_HAL_Driver/Src/stm32f4xx_hal_rcc_ex.c ****     }
 951:Drivers/STM32F4xx_HAL_Driver/Src/stm32f4xx_hal_rcc_ex.c **** 
 952:Drivers/STM32F4xx_HAL_Driver/Src/stm32f4xx_hal_rcc_ex.c ****     /*---------------------------- SAI configuration -------------------------*/
 953:Drivers/STM32F4xx_HAL_Driver/Src/stm32f4xx_hal_rcc_ex.c ****     /* In Case of SAI Clock Configuration through PLLI2S, PLLI2SQ and PLLI2S_DIVQ must
 954:Drivers/STM32F4xx_HAL_Driver/Src/stm32f4xx_hal_rcc_ex.c ****        be added only for SAI configuration */
 955:Drivers/STM32F4xx_HAL_Driver/Src/stm32f4xx_hal_rcc_ex.c ****     if (((PeriphClkInit->PeriphClockSelection) & RCC_PERIPHCLK_SAI_PLLI2S) == (RCC_PERIPHCLK_SAI_PL
 956:Drivers/STM32F4xx_HAL_Driver/Src/stm32f4xx_hal_rcc_ex.c ****     {
 957:Drivers/STM32F4xx_HAL_Driver/Src/stm32f4xx_hal_rcc_ex.c ****       /* Check the PLLI2S division factors */
 958:Drivers/STM32F4xx_HAL_Driver/Src/stm32f4xx_hal_rcc_ex.c ****       assert_param(IS_RCC_PLLI2SQ_VALUE(PeriphClkInit->PLLI2S.PLLI2SQ));
 959:Drivers/STM32F4xx_HAL_Driver/Src/stm32f4xx_hal_rcc_ex.c ****       assert_param(IS_RCC_PLLI2S_DIVQ_VALUE(PeriphClkInit->PLLI2SDivQ));
 960:Drivers/STM32F4xx_HAL_Driver/Src/stm32f4xx_hal_rcc_ex.c **** 
 961:Drivers/STM32F4xx_HAL_Driver/Src/stm32f4xx_hal_rcc_ex.c ****       /* Read PLLI2SR value from PLLI2SCFGR register (this value is not need for SAI configuration)
 962:Drivers/STM32F4xx_HAL_Driver/Src/stm32f4xx_hal_rcc_ex.c ****       tmpreg1 = ((RCC->PLLI2SCFGR & RCC_PLLI2SCFGR_PLLI2SR) >> RCC_PLLI2SCFGR_PLLI2SR_Pos);
 963:Drivers/STM32F4xx_HAL_Driver/Src/stm32f4xx_hal_rcc_ex.c ****       /* Configure the PLLI2S division factors */
 964:Drivers/STM32F4xx_HAL_Driver/Src/stm32f4xx_hal_rcc_ex.c ****       /* PLLI2S_VCO Input  = PLL_SOURCE/PLLM */
 965:Drivers/STM32F4xx_HAL_Driver/Src/stm32f4xx_hal_rcc_ex.c ****       /* PLLI2S_VCO Output = PLLI2S_VCO Input * PLLI2SN */
 966:Drivers/STM32F4xx_HAL_Driver/Src/stm32f4xx_hal_rcc_ex.c ****       /* SAI_CLK(first level) = PLLI2S_VCO Output/PLLI2SQ */
 967:Drivers/STM32F4xx_HAL_Driver/Src/stm32f4xx_hal_rcc_ex.c ****       __HAL_RCC_PLLI2S_SAICLK_CONFIG(PeriphClkInit->PLLI2S.PLLI2SN, PeriphClkInit->PLLI2S.PLLI2SQ, 
 968:Drivers/STM32F4xx_HAL_Driver/Src/stm32f4xx_hal_rcc_ex.c ****       /* SAI_CLK_x = SAI_CLK(first level)/PLLI2SDIVQ */
 969:Drivers/STM32F4xx_HAL_Driver/Src/stm32f4xx_hal_rcc_ex.c ****       __HAL_RCC_PLLI2S_PLLSAICLKDIVQ_CONFIG(PeriphClkInit->PLLI2SDivQ);
 970:Drivers/STM32F4xx_HAL_Driver/Src/stm32f4xx_hal_rcc_ex.c ****     }
 971:Drivers/STM32F4xx_HAL_Driver/Src/stm32f4xx_hal_rcc_ex.c **** 
 972:Drivers/STM32F4xx_HAL_Driver/Src/stm32f4xx_hal_rcc_ex.c ****     /*----------------- In Case of PLLI2S is just selected  -----------------*/
 973:Drivers/STM32F4xx_HAL_Driver/Src/stm32f4xx_hal_rcc_ex.c ****     if ((PeriphClkInit->PeriphClockSelection & RCC_PERIPHCLK_PLLI2S) == RCC_PERIPHCLK_PLLI2S)
 974:Drivers/STM32F4xx_HAL_Driver/Src/stm32f4xx_hal_rcc_ex.c ****     {
 975:Drivers/STM32F4xx_HAL_Driver/Src/stm32f4xx_hal_rcc_ex.c ****       /* Check for Parameters */
 976:Drivers/STM32F4xx_HAL_Driver/Src/stm32f4xx_hal_rcc_ex.c ****       assert_param(IS_RCC_PLLI2SQ_VALUE(PeriphClkInit->PLLI2S.PLLI2SQ));
 977:Drivers/STM32F4xx_HAL_Driver/Src/stm32f4xx_hal_rcc_ex.c ****       assert_param(IS_RCC_PLLI2SR_VALUE(PeriphClkInit->PLLI2S.PLLI2SR));
 978:Drivers/STM32F4xx_HAL_Driver/Src/stm32f4xx_hal_rcc_ex.c **** 
 979:Drivers/STM32F4xx_HAL_Driver/Src/stm32f4xx_hal_rcc_ex.c ****       /* Configure the PLLI2S multiplication and division factors */
 980:Drivers/STM32F4xx_HAL_Driver/Src/stm32f4xx_hal_rcc_ex.c ****       __HAL_RCC_PLLI2S_SAICLK_CONFIG(PeriphClkInit->PLLI2S.PLLI2SN, PeriphClkInit->PLLI2S.PLLI2SQ,
 981:Drivers/STM32F4xx_HAL_Driver/Src/stm32f4xx_hal_rcc_ex.c ****                                      PeriphClkInit->PLLI2S.PLLI2SR);
 982:Drivers/STM32F4xx_HAL_Driver/Src/stm32f4xx_hal_rcc_ex.c ****     }
 983:Drivers/STM32F4xx_HAL_Driver/Src/stm32f4xx_hal_rcc_ex.c **** 
 984:Drivers/STM32F4xx_HAL_Driver/Src/stm32f4xx_hal_rcc_ex.c ****     /* Enable the PLLI2S */
 985:Drivers/STM32F4xx_HAL_Driver/Src/stm32f4xx_hal_rcc_ex.c ****     __HAL_RCC_PLLI2S_ENABLE();
 986:Drivers/STM32F4xx_HAL_Driver/Src/stm32f4xx_hal_rcc_ex.c ****     /* Get tick */
ARM GAS  C:\Users\Ebrahim\AppData\Local\Temp\ccoXyWuB.s 			page 54


 987:Drivers/STM32F4xx_HAL_Driver/Src/stm32f4xx_hal_rcc_ex.c ****     tickstart = HAL_GetTick();
 988:Drivers/STM32F4xx_HAL_Driver/Src/stm32f4xx_hal_rcc_ex.c ****     /* Wait till PLLI2S is ready */
 989:Drivers/STM32F4xx_HAL_Driver/Src/stm32f4xx_hal_rcc_ex.c ****     while (__HAL_RCC_GET_FLAG(RCC_FLAG_PLLI2SRDY)  == RESET)
 990:Drivers/STM32F4xx_HAL_Driver/Src/stm32f4xx_hal_rcc_ex.c ****     {
 991:Drivers/STM32F4xx_HAL_Driver/Src/stm32f4xx_hal_rcc_ex.c ****       if ((HAL_GetTick() - tickstart) > PLLI2S_TIMEOUT_VALUE)
 992:Drivers/STM32F4xx_HAL_Driver/Src/stm32f4xx_hal_rcc_ex.c ****       {
 993:Drivers/STM32F4xx_HAL_Driver/Src/stm32f4xx_hal_rcc_ex.c ****         /* return in case of Timeout detected */
 994:Drivers/STM32F4xx_HAL_Driver/Src/stm32f4xx_hal_rcc_ex.c ****         return HAL_TIMEOUT;
 995:Drivers/STM32F4xx_HAL_Driver/Src/stm32f4xx_hal_rcc_ex.c ****       }
 996:Drivers/STM32F4xx_HAL_Driver/Src/stm32f4xx_hal_rcc_ex.c ****     }
 997:Drivers/STM32F4xx_HAL_Driver/Src/stm32f4xx_hal_rcc_ex.c ****   }
 998:Drivers/STM32F4xx_HAL_Driver/Src/stm32f4xx_hal_rcc_ex.c ****   /*--------------------------------------------------------------------------*/
 999:Drivers/STM32F4xx_HAL_Driver/Src/stm32f4xx_hal_rcc_ex.c **** 
1000:Drivers/STM32F4xx_HAL_Driver/Src/stm32f4xx_hal_rcc_ex.c ****   /*----------------------- SAI/LTDC Configuration (PLLSAI) ------------------*/
1001:Drivers/STM32F4xx_HAL_Driver/Src/stm32f4xx_hal_rcc_ex.c ****   /*----------------------- Common configuration SAI/LTDC --------------------*/
1002:Drivers/STM32F4xx_HAL_Driver/Src/stm32f4xx_hal_rcc_ex.c ****   /* In Case of SAI, LTDC or CLK48 Clock Configuration through PLLSAI, PLLSAIN division
1003:Drivers/STM32F4xx_HAL_Driver/Src/stm32f4xx_hal_rcc_ex.c ****      factor is common parameters for these peripherals */
1004:Drivers/STM32F4xx_HAL_Driver/Src/stm32f4xx_hal_rcc_ex.c ****   if ((((PeriphClkInit->PeriphClockSelection) & RCC_PERIPHCLK_SAI_PLLSAI) == RCC_PERIPHCLK_SAI_PLLS
1005:Drivers/STM32F4xx_HAL_Driver/Src/stm32f4xx_hal_rcc_ex.c ****       (((PeriphClkInit->PeriphClockSelection) & RCC_PERIPHCLK_LTDC) == RCC_PERIPHCLK_LTDC)         
1006:Drivers/STM32F4xx_HAL_Driver/Src/stm32f4xx_hal_rcc_ex.c ****       ((((PeriphClkInit->PeriphClockSelection) & RCC_PERIPHCLK_CLK48) == RCC_PERIPHCLK_CLK48)      
1007:Drivers/STM32F4xx_HAL_Driver/Src/stm32f4xx_hal_rcc_ex.c ****        (PeriphClkInit->Clk48ClockSelection == RCC_CLK48CLKSOURCE_PLLSAIP)))
1008:Drivers/STM32F4xx_HAL_Driver/Src/stm32f4xx_hal_rcc_ex.c ****   {
1009:Drivers/STM32F4xx_HAL_Driver/Src/stm32f4xx_hal_rcc_ex.c ****     /* Check the PLLSAI division factors */
1010:Drivers/STM32F4xx_HAL_Driver/Src/stm32f4xx_hal_rcc_ex.c ****     assert_param(IS_RCC_PLLSAIN_VALUE(PeriphClkInit->PLLSAI.PLLSAIN));
1011:Drivers/STM32F4xx_HAL_Driver/Src/stm32f4xx_hal_rcc_ex.c **** 
1012:Drivers/STM32F4xx_HAL_Driver/Src/stm32f4xx_hal_rcc_ex.c ****     /* Disable PLLSAI Clock */
1013:Drivers/STM32F4xx_HAL_Driver/Src/stm32f4xx_hal_rcc_ex.c ****     __HAL_RCC_PLLSAI_DISABLE();
1014:Drivers/STM32F4xx_HAL_Driver/Src/stm32f4xx_hal_rcc_ex.c ****     /* Get tick */
1015:Drivers/STM32F4xx_HAL_Driver/Src/stm32f4xx_hal_rcc_ex.c ****     tickstart = HAL_GetTick();
1016:Drivers/STM32F4xx_HAL_Driver/Src/stm32f4xx_hal_rcc_ex.c ****     /* Wait till PLLSAI is disabled */
1017:Drivers/STM32F4xx_HAL_Driver/Src/stm32f4xx_hal_rcc_ex.c ****     while (__HAL_RCC_PLLSAI_GET_FLAG() != RESET)
1018:Drivers/STM32F4xx_HAL_Driver/Src/stm32f4xx_hal_rcc_ex.c ****     {
1019:Drivers/STM32F4xx_HAL_Driver/Src/stm32f4xx_hal_rcc_ex.c ****       if ((HAL_GetTick() - tickstart) > PLLSAI_TIMEOUT_VALUE)
1020:Drivers/STM32F4xx_HAL_Driver/Src/stm32f4xx_hal_rcc_ex.c ****       {
1021:Drivers/STM32F4xx_HAL_Driver/Src/stm32f4xx_hal_rcc_ex.c ****         /* return in case of Timeout detected */
1022:Drivers/STM32F4xx_HAL_Driver/Src/stm32f4xx_hal_rcc_ex.c ****         return HAL_TIMEOUT;
1023:Drivers/STM32F4xx_HAL_Driver/Src/stm32f4xx_hal_rcc_ex.c ****       }
1024:Drivers/STM32F4xx_HAL_Driver/Src/stm32f4xx_hal_rcc_ex.c ****     }
1025:Drivers/STM32F4xx_HAL_Driver/Src/stm32f4xx_hal_rcc_ex.c **** 
1026:Drivers/STM32F4xx_HAL_Driver/Src/stm32f4xx_hal_rcc_ex.c ****     /*---------------------------- SAI configuration -------------------------*/
1027:Drivers/STM32F4xx_HAL_Driver/Src/stm32f4xx_hal_rcc_ex.c ****     /* In Case of SAI Clock Configuration through PLLSAI, PLLSAIQ and PLLSAI_DIVQ must
1028:Drivers/STM32F4xx_HAL_Driver/Src/stm32f4xx_hal_rcc_ex.c ****        be added only for SAI configuration */
1029:Drivers/STM32F4xx_HAL_Driver/Src/stm32f4xx_hal_rcc_ex.c ****     if (((PeriphClkInit->PeriphClockSelection) & RCC_PERIPHCLK_SAI_PLLSAI) == (RCC_PERIPHCLK_SAI_PL
1030:Drivers/STM32F4xx_HAL_Driver/Src/stm32f4xx_hal_rcc_ex.c ****     {
1031:Drivers/STM32F4xx_HAL_Driver/Src/stm32f4xx_hal_rcc_ex.c ****       assert_param(IS_RCC_PLLSAIQ_VALUE(PeriphClkInit->PLLSAI.PLLSAIQ));
1032:Drivers/STM32F4xx_HAL_Driver/Src/stm32f4xx_hal_rcc_ex.c ****       assert_param(IS_RCC_PLLSAI_DIVQ_VALUE(PeriphClkInit->PLLSAIDivQ));
1033:Drivers/STM32F4xx_HAL_Driver/Src/stm32f4xx_hal_rcc_ex.c **** 
1034:Drivers/STM32F4xx_HAL_Driver/Src/stm32f4xx_hal_rcc_ex.c ****       /* Read PLLSAIP value from PLLSAICFGR register (this value is not needed for SAI configuratio
1035:Drivers/STM32F4xx_HAL_Driver/Src/stm32f4xx_hal_rcc_ex.c ****       pllsaip = ((((RCC->PLLSAICFGR & RCC_PLLSAICFGR_PLLSAIP) >> RCC_PLLSAICFGR_PLLSAIP_Pos) + 1U) 
1036:Drivers/STM32F4xx_HAL_Driver/Src/stm32f4xx_hal_rcc_ex.c ****       /* Read PLLSAIR value from PLLSAICFGR register (this value is not need for SAI configuration)
1037:Drivers/STM32F4xx_HAL_Driver/Src/stm32f4xx_hal_rcc_ex.c ****       pllsair = ((RCC->PLLSAICFGR & RCC_PLLSAICFGR_PLLSAIR) >> RCC_PLLSAICFGR_PLLSAIR_Pos);
1038:Drivers/STM32F4xx_HAL_Driver/Src/stm32f4xx_hal_rcc_ex.c ****       /* PLLSAI_VCO Input  = PLL_SOURCE/PLLM */
1039:Drivers/STM32F4xx_HAL_Driver/Src/stm32f4xx_hal_rcc_ex.c ****       /* PLLSAI_VCO Output = PLLSAI_VCO Input * PLLSAIN */
1040:Drivers/STM32F4xx_HAL_Driver/Src/stm32f4xx_hal_rcc_ex.c ****       /* SAI_CLK(first level) = PLLSAI_VCO Output/PLLSAIQ */
1041:Drivers/STM32F4xx_HAL_Driver/Src/stm32f4xx_hal_rcc_ex.c ****       __HAL_RCC_PLLSAI_CONFIG(PeriphClkInit->PLLSAI.PLLSAIN, pllsaip, PeriphClkInit->PLLSAI.PLLSAIQ
1042:Drivers/STM32F4xx_HAL_Driver/Src/stm32f4xx_hal_rcc_ex.c ****       /* SAI_CLK_x = SAI_CLK(first level)/PLLSAIDIVQ */
1043:Drivers/STM32F4xx_HAL_Driver/Src/stm32f4xx_hal_rcc_ex.c ****       __HAL_RCC_PLLSAI_PLLSAICLKDIVQ_CONFIG(PeriphClkInit->PLLSAIDivQ);
ARM GAS  C:\Users\Ebrahim\AppData\Local\Temp\ccoXyWuB.s 			page 55


1044:Drivers/STM32F4xx_HAL_Driver/Src/stm32f4xx_hal_rcc_ex.c ****     }
1045:Drivers/STM32F4xx_HAL_Driver/Src/stm32f4xx_hal_rcc_ex.c **** 
1046:Drivers/STM32F4xx_HAL_Driver/Src/stm32f4xx_hal_rcc_ex.c ****     /*---------------------------- LTDC configuration ------------------------*/
1047:Drivers/STM32F4xx_HAL_Driver/Src/stm32f4xx_hal_rcc_ex.c ****     if (((PeriphClkInit->PeriphClockSelection) & RCC_PERIPHCLK_LTDC) == (RCC_PERIPHCLK_LTDC))
1048:Drivers/STM32F4xx_HAL_Driver/Src/stm32f4xx_hal_rcc_ex.c ****     {
1049:Drivers/STM32F4xx_HAL_Driver/Src/stm32f4xx_hal_rcc_ex.c ****       assert_param(IS_RCC_PLLSAIR_VALUE(PeriphClkInit->PLLSAI.PLLSAIR));
1050:Drivers/STM32F4xx_HAL_Driver/Src/stm32f4xx_hal_rcc_ex.c ****       assert_param(IS_RCC_PLLSAI_DIVR_VALUE(PeriphClkInit->PLLSAIDivR));
1051:Drivers/STM32F4xx_HAL_Driver/Src/stm32f4xx_hal_rcc_ex.c **** 
1052:Drivers/STM32F4xx_HAL_Driver/Src/stm32f4xx_hal_rcc_ex.c ****       /* Read PLLSAIP value from PLLSAICFGR register (this value is not needed for SAI configuratio
1053:Drivers/STM32F4xx_HAL_Driver/Src/stm32f4xx_hal_rcc_ex.c ****       pllsaip = ((((RCC->PLLSAICFGR & RCC_PLLSAICFGR_PLLSAIP) >> RCC_PLLSAICFGR_PLLSAIP_Pos) + 1U) 
1054:Drivers/STM32F4xx_HAL_Driver/Src/stm32f4xx_hal_rcc_ex.c ****       /* Read PLLSAIQ value from PLLSAICFGR register (this value is not need for SAI configuration)
1055:Drivers/STM32F4xx_HAL_Driver/Src/stm32f4xx_hal_rcc_ex.c ****       pllsaiq = ((RCC->PLLSAICFGR & RCC_PLLSAICFGR_PLLSAIQ) >> RCC_PLLSAICFGR_PLLSAIQ_Pos);
1056:Drivers/STM32F4xx_HAL_Driver/Src/stm32f4xx_hal_rcc_ex.c ****       /* PLLSAI_VCO Input  = PLL_SOURCE/PLLM */
1057:Drivers/STM32F4xx_HAL_Driver/Src/stm32f4xx_hal_rcc_ex.c ****       /* PLLSAI_VCO Output = PLLSAI_VCO Input * PLLSAIN */
1058:Drivers/STM32F4xx_HAL_Driver/Src/stm32f4xx_hal_rcc_ex.c ****       /* LTDC_CLK(first level) = PLLSAI_VCO Output/PLLSAIR */
1059:Drivers/STM32F4xx_HAL_Driver/Src/stm32f4xx_hal_rcc_ex.c ****       __HAL_RCC_PLLSAI_CONFIG(PeriphClkInit->PLLSAI.PLLSAIN, pllsaip, pllsaiq, PeriphClkInit->PLLSA
1060:Drivers/STM32F4xx_HAL_Driver/Src/stm32f4xx_hal_rcc_ex.c ****       /* LTDC_CLK = LTDC_CLK(first level)/PLLSAIDIVR */
1061:Drivers/STM32F4xx_HAL_Driver/Src/stm32f4xx_hal_rcc_ex.c ****       __HAL_RCC_PLLSAI_PLLSAICLKDIVR_CONFIG(PeriphClkInit->PLLSAIDivR);
1062:Drivers/STM32F4xx_HAL_Driver/Src/stm32f4xx_hal_rcc_ex.c ****     }
1063:Drivers/STM32F4xx_HAL_Driver/Src/stm32f4xx_hal_rcc_ex.c **** 
1064:Drivers/STM32F4xx_HAL_Driver/Src/stm32f4xx_hal_rcc_ex.c ****     /*---------------------------- CLK48 configuration ------------------------*/
1065:Drivers/STM32F4xx_HAL_Driver/Src/stm32f4xx_hal_rcc_ex.c ****     /* Configure the PLLSAI when it is used as clock source for CLK48 */
1066:Drivers/STM32F4xx_HAL_Driver/Src/stm32f4xx_hal_rcc_ex.c ****     if ((((PeriphClkInit->PeriphClockSelection) & RCC_PERIPHCLK_CLK48) == (RCC_PERIPHCLK_CLK48)) &&
1067:Drivers/STM32F4xx_HAL_Driver/Src/stm32f4xx_hal_rcc_ex.c ****         (PeriphClkInit->Clk48ClockSelection == RCC_CLK48CLKSOURCE_PLLSAIP))
1068:Drivers/STM32F4xx_HAL_Driver/Src/stm32f4xx_hal_rcc_ex.c ****     {
1069:Drivers/STM32F4xx_HAL_Driver/Src/stm32f4xx_hal_rcc_ex.c ****       assert_param(IS_RCC_PLLSAIP_VALUE(PeriphClkInit->PLLSAI.PLLSAIP));
1070:Drivers/STM32F4xx_HAL_Driver/Src/stm32f4xx_hal_rcc_ex.c **** 
1071:Drivers/STM32F4xx_HAL_Driver/Src/stm32f4xx_hal_rcc_ex.c ****       /* Read PLLSAIQ value from PLLSAICFGR register (this value is not need for SAI configuration)
1072:Drivers/STM32F4xx_HAL_Driver/Src/stm32f4xx_hal_rcc_ex.c ****       pllsaiq = ((RCC->PLLSAICFGR & RCC_PLLSAICFGR_PLLSAIQ) >> RCC_PLLSAICFGR_PLLSAIQ_Pos);
1073:Drivers/STM32F4xx_HAL_Driver/Src/stm32f4xx_hal_rcc_ex.c ****       /* Read PLLSAIR value from PLLSAICFGR register (this value is not need for SAI configuration)
1074:Drivers/STM32F4xx_HAL_Driver/Src/stm32f4xx_hal_rcc_ex.c ****       pllsair = ((RCC->PLLSAICFGR & RCC_PLLSAICFGR_PLLSAIR) >> RCC_PLLSAICFGR_PLLSAIR_Pos);
1075:Drivers/STM32F4xx_HAL_Driver/Src/stm32f4xx_hal_rcc_ex.c ****       /* PLLSAI_VCO Input  = PLL_SOURCE/PLLM */
1076:Drivers/STM32F4xx_HAL_Driver/Src/stm32f4xx_hal_rcc_ex.c ****       /* PLLSAI_VCO Output = PLLSAI_VCO Input * PLLSAIN */
1077:Drivers/STM32F4xx_HAL_Driver/Src/stm32f4xx_hal_rcc_ex.c ****       /* CLK48_CLK(first level) = PLLSAI_VCO Output/PLLSAIP */
1078:Drivers/STM32F4xx_HAL_Driver/Src/stm32f4xx_hal_rcc_ex.c ****       __HAL_RCC_PLLSAI_CONFIG(PeriphClkInit->PLLSAI.PLLSAIN, PeriphClkInit->PLLSAI.PLLSAIP, pllsaiq
1079:Drivers/STM32F4xx_HAL_Driver/Src/stm32f4xx_hal_rcc_ex.c ****     }
1080:Drivers/STM32F4xx_HAL_Driver/Src/stm32f4xx_hal_rcc_ex.c **** 
1081:Drivers/STM32F4xx_HAL_Driver/Src/stm32f4xx_hal_rcc_ex.c ****     /* Enable PLLSAI Clock */
1082:Drivers/STM32F4xx_HAL_Driver/Src/stm32f4xx_hal_rcc_ex.c ****     __HAL_RCC_PLLSAI_ENABLE();
1083:Drivers/STM32F4xx_HAL_Driver/Src/stm32f4xx_hal_rcc_ex.c ****     /* Get tick */
1084:Drivers/STM32F4xx_HAL_Driver/Src/stm32f4xx_hal_rcc_ex.c ****     tickstart = HAL_GetTick();
1085:Drivers/STM32F4xx_HAL_Driver/Src/stm32f4xx_hal_rcc_ex.c ****     /* Wait till PLLSAI is ready */
1086:Drivers/STM32F4xx_HAL_Driver/Src/stm32f4xx_hal_rcc_ex.c ****     while (__HAL_RCC_PLLSAI_GET_FLAG() == RESET)
1087:Drivers/STM32F4xx_HAL_Driver/Src/stm32f4xx_hal_rcc_ex.c ****     {
1088:Drivers/STM32F4xx_HAL_Driver/Src/stm32f4xx_hal_rcc_ex.c ****       if ((HAL_GetTick() - tickstart) > PLLSAI_TIMEOUT_VALUE)
1089:Drivers/STM32F4xx_HAL_Driver/Src/stm32f4xx_hal_rcc_ex.c ****       {
1090:Drivers/STM32F4xx_HAL_Driver/Src/stm32f4xx_hal_rcc_ex.c ****         /* return in case of Timeout detected */
1091:Drivers/STM32F4xx_HAL_Driver/Src/stm32f4xx_hal_rcc_ex.c ****         return HAL_TIMEOUT;
1092:Drivers/STM32F4xx_HAL_Driver/Src/stm32f4xx_hal_rcc_ex.c ****       }
1093:Drivers/STM32F4xx_HAL_Driver/Src/stm32f4xx_hal_rcc_ex.c ****     }
1094:Drivers/STM32F4xx_HAL_Driver/Src/stm32f4xx_hal_rcc_ex.c ****   }
1095:Drivers/STM32F4xx_HAL_Driver/Src/stm32f4xx_hal_rcc_ex.c **** 
1096:Drivers/STM32F4xx_HAL_Driver/Src/stm32f4xx_hal_rcc_ex.c ****   /*--------------------------------------------------------------------------*/
1097:Drivers/STM32F4xx_HAL_Driver/Src/stm32f4xx_hal_rcc_ex.c **** 
1098:Drivers/STM32F4xx_HAL_Driver/Src/stm32f4xx_hal_rcc_ex.c ****   /*---------------------------- RTC configuration ---------------------------*/
1099:Drivers/STM32F4xx_HAL_Driver/Src/stm32f4xx_hal_rcc_ex.c ****   if (((PeriphClkInit->PeriphClockSelection) & RCC_PERIPHCLK_RTC) == (RCC_PERIPHCLK_RTC))
1100:Drivers/STM32F4xx_HAL_Driver/Src/stm32f4xx_hal_rcc_ex.c ****   {
ARM GAS  C:\Users\Ebrahim\AppData\Local\Temp\ccoXyWuB.s 			page 56


1101:Drivers/STM32F4xx_HAL_Driver/Src/stm32f4xx_hal_rcc_ex.c ****     /* Check for RTC Parameters used to output RTCCLK */
1102:Drivers/STM32F4xx_HAL_Driver/Src/stm32f4xx_hal_rcc_ex.c ****     assert_param(IS_RCC_RTCCLKSOURCE(PeriphClkInit->RTCClockSelection));
1103:Drivers/STM32F4xx_HAL_Driver/Src/stm32f4xx_hal_rcc_ex.c **** 
1104:Drivers/STM32F4xx_HAL_Driver/Src/stm32f4xx_hal_rcc_ex.c ****     /* Enable Power Clock*/
1105:Drivers/STM32F4xx_HAL_Driver/Src/stm32f4xx_hal_rcc_ex.c ****     __HAL_RCC_PWR_CLK_ENABLE();
1106:Drivers/STM32F4xx_HAL_Driver/Src/stm32f4xx_hal_rcc_ex.c **** 
1107:Drivers/STM32F4xx_HAL_Driver/Src/stm32f4xx_hal_rcc_ex.c ****     /* Enable write access to Backup domain */
1108:Drivers/STM32F4xx_HAL_Driver/Src/stm32f4xx_hal_rcc_ex.c ****     PWR->CR |= PWR_CR_DBP;
1109:Drivers/STM32F4xx_HAL_Driver/Src/stm32f4xx_hal_rcc_ex.c **** 
1110:Drivers/STM32F4xx_HAL_Driver/Src/stm32f4xx_hal_rcc_ex.c ****     /* Get tick */
1111:Drivers/STM32F4xx_HAL_Driver/Src/stm32f4xx_hal_rcc_ex.c ****     tickstart = HAL_GetTick();
1112:Drivers/STM32F4xx_HAL_Driver/Src/stm32f4xx_hal_rcc_ex.c **** 
1113:Drivers/STM32F4xx_HAL_Driver/Src/stm32f4xx_hal_rcc_ex.c ****     while ((PWR->CR & PWR_CR_DBP) == RESET)
1114:Drivers/STM32F4xx_HAL_Driver/Src/stm32f4xx_hal_rcc_ex.c ****     {
1115:Drivers/STM32F4xx_HAL_Driver/Src/stm32f4xx_hal_rcc_ex.c ****       if ((HAL_GetTick() - tickstart) > RCC_DBP_TIMEOUT_VALUE)
1116:Drivers/STM32F4xx_HAL_Driver/Src/stm32f4xx_hal_rcc_ex.c ****       {
1117:Drivers/STM32F4xx_HAL_Driver/Src/stm32f4xx_hal_rcc_ex.c ****         return HAL_TIMEOUT;
1118:Drivers/STM32F4xx_HAL_Driver/Src/stm32f4xx_hal_rcc_ex.c ****       }
1119:Drivers/STM32F4xx_HAL_Driver/Src/stm32f4xx_hal_rcc_ex.c ****     }
1120:Drivers/STM32F4xx_HAL_Driver/Src/stm32f4xx_hal_rcc_ex.c ****     /* Reset the Backup domain only if the RTC Clock source selection is modified from reset value 
1121:Drivers/STM32F4xx_HAL_Driver/Src/stm32f4xx_hal_rcc_ex.c ****     tmpreg1 = (RCC->BDCR & RCC_BDCR_RTCSEL);
1122:Drivers/STM32F4xx_HAL_Driver/Src/stm32f4xx_hal_rcc_ex.c ****     if ((tmpreg1 != 0x00000000U) && ((tmpreg1) != (PeriphClkInit->RTCClockSelection & RCC_BDCR_RTCS
1123:Drivers/STM32F4xx_HAL_Driver/Src/stm32f4xx_hal_rcc_ex.c ****     {
1124:Drivers/STM32F4xx_HAL_Driver/Src/stm32f4xx_hal_rcc_ex.c ****       /* Store the content of BDCR register before the reset of Backup Domain */
1125:Drivers/STM32F4xx_HAL_Driver/Src/stm32f4xx_hal_rcc_ex.c ****       tmpreg1 = (RCC->BDCR & ~(RCC_BDCR_RTCSEL));
1126:Drivers/STM32F4xx_HAL_Driver/Src/stm32f4xx_hal_rcc_ex.c ****       /* RTC Clock selection can be changed only if the Backup Domain is reset */
1127:Drivers/STM32F4xx_HAL_Driver/Src/stm32f4xx_hal_rcc_ex.c ****       __HAL_RCC_BACKUPRESET_FORCE();
1128:Drivers/STM32F4xx_HAL_Driver/Src/stm32f4xx_hal_rcc_ex.c ****       __HAL_RCC_BACKUPRESET_RELEASE();
1129:Drivers/STM32F4xx_HAL_Driver/Src/stm32f4xx_hal_rcc_ex.c ****       /* Restore the Content of BDCR register */
1130:Drivers/STM32F4xx_HAL_Driver/Src/stm32f4xx_hal_rcc_ex.c ****       RCC->BDCR = tmpreg1;
1131:Drivers/STM32F4xx_HAL_Driver/Src/stm32f4xx_hal_rcc_ex.c **** 
1132:Drivers/STM32F4xx_HAL_Driver/Src/stm32f4xx_hal_rcc_ex.c ****       /* Wait for LSE reactivation if LSE was enable prior to Backup Domain reset */
1133:Drivers/STM32F4xx_HAL_Driver/Src/stm32f4xx_hal_rcc_ex.c ****       if (HAL_IS_BIT_SET(RCC->BDCR, RCC_BDCR_LSEON))
1134:Drivers/STM32F4xx_HAL_Driver/Src/stm32f4xx_hal_rcc_ex.c ****       {
1135:Drivers/STM32F4xx_HAL_Driver/Src/stm32f4xx_hal_rcc_ex.c ****         /* Get tick */
1136:Drivers/STM32F4xx_HAL_Driver/Src/stm32f4xx_hal_rcc_ex.c ****         tickstart = HAL_GetTick();
1137:Drivers/STM32F4xx_HAL_Driver/Src/stm32f4xx_hal_rcc_ex.c **** 
1138:Drivers/STM32F4xx_HAL_Driver/Src/stm32f4xx_hal_rcc_ex.c ****         /* Wait till LSE is ready */
1139:Drivers/STM32F4xx_HAL_Driver/Src/stm32f4xx_hal_rcc_ex.c ****         while (__HAL_RCC_GET_FLAG(RCC_FLAG_LSERDY) == RESET)
1140:Drivers/STM32F4xx_HAL_Driver/Src/stm32f4xx_hal_rcc_ex.c ****         {
1141:Drivers/STM32F4xx_HAL_Driver/Src/stm32f4xx_hal_rcc_ex.c ****           if ((HAL_GetTick() - tickstart) > RCC_LSE_TIMEOUT_VALUE)
1142:Drivers/STM32F4xx_HAL_Driver/Src/stm32f4xx_hal_rcc_ex.c ****           {
1143:Drivers/STM32F4xx_HAL_Driver/Src/stm32f4xx_hal_rcc_ex.c ****             return HAL_TIMEOUT;
1144:Drivers/STM32F4xx_HAL_Driver/Src/stm32f4xx_hal_rcc_ex.c ****           }
1145:Drivers/STM32F4xx_HAL_Driver/Src/stm32f4xx_hal_rcc_ex.c ****         }
1146:Drivers/STM32F4xx_HAL_Driver/Src/stm32f4xx_hal_rcc_ex.c ****       }
1147:Drivers/STM32F4xx_HAL_Driver/Src/stm32f4xx_hal_rcc_ex.c ****     }
1148:Drivers/STM32F4xx_HAL_Driver/Src/stm32f4xx_hal_rcc_ex.c ****     __HAL_RCC_RTC_CONFIG(PeriphClkInit->RTCClockSelection);
1149:Drivers/STM32F4xx_HAL_Driver/Src/stm32f4xx_hal_rcc_ex.c ****   }
1150:Drivers/STM32F4xx_HAL_Driver/Src/stm32f4xx_hal_rcc_ex.c ****   /*--------------------------------------------------------------------------*/
1151:Drivers/STM32F4xx_HAL_Driver/Src/stm32f4xx_hal_rcc_ex.c **** 
1152:Drivers/STM32F4xx_HAL_Driver/Src/stm32f4xx_hal_rcc_ex.c ****   /*---------------------------- TIM configuration ---------------------------*/
1153:Drivers/STM32F4xx_HAL_Driver/Src/stm32f4xx_hal_rcc_ex.c ****   if (((PeriphClkInit->PeriphClockSelection) & RCC_PERIPHCLK_TIM) == (RCC_PERIPHCLK_TIM))
1154:Drivers/STM32F4xx_HAL_Driver/Src/stm32f4xx_hal_rcc_ex.c ****   {
1155:Drivers/STM32F4xx_HAL_Driver/Src/stm32f4xx_hal_rcc_ex.c ****     __HAL_RCC_TIMCLKPRESCALER(PeriphClkInit->TIMPresSelection);
1156:Drivers/STM32F4xx_HAL_Driver/Src/stm32f4xx_hal_rcc_ex.c ****   }
1157:Drivers/STM32F4xx_HAL_Driver/Src/stm32f4xx_hal_rcc_ex.c ****   return HAL_OK;
ARM GAS  C:\Users\Ebrahim\AppData\Local\Temp\ccoXyWuB.s 			page 57


1158:Drivers/STM32F4xx_HAL_Driver/Src/stm32f4xx_hal_rcc_ex.c **** }
1159:Drivers/STM32F4xx_HAL_Driver/Src/stm32f4xx_hal_rcc_ex.c **** 
1160:Drivers/STM32F4xx_HAL_Driver/Src/stm32f4xx_hal_rcc_ex.c **** /**
1161:Drivers/STM32F4xx_HAL_Driver/Src/stm32f4xx_hal_rcc_ex.c ****   * @brief  Configures the RCC_PeriphCLKInitTypeDef according to the internal
1162:Drivers/STM32F4xx_HAL_Driver/Src/stm32f4xx_hal_rcc_ex.c ****   * RCC configuration registers.
1163:Drivers/STM32F4xx_HAL_Driver/Src/stm32f4xx_hal_rcc_ex.c ****   * @param  PeriphClkInit pointer to an RCC_PeriphCLKInitTypeDef structure that
1164:Drivers/STM32F4xx_HAL_Driver/Src/stm32f4xx_hal_rcc_ex.c ****   *         will be configured.
1165:Drivers/STM32F4xx_HAL_Driver/Src/stm32f4xx_hal_rcc_ex.c ****   * @retval None
1166:Drivers/STM32F4xx_HAL_Driver/Src/stm32f4xx_hal_rcc_ex.c ****   */
1167:Drivers/STM32F4xx_HAL_Driver/Src/stm32f4xx_hal_rcc_ex.c **** void HAL_RCCEx_GetPeriphCLKConfig(RCC_PeriphCLKInitTypeDef  *PeriphClkInit)
1168:Drivers/STM32F4xx_HAL_Driver/Src/stm32f4xx_hal_rcc_ex.c **** {
1169:Drivers/STM32F4xx_HAL_Driver/Src/stm32f4xx_hal_rcc_ex.c ****   uint32_t tempreg;
1170:Drivers/STM32F4xx_HAL_Driver/Src/stm32f4xx_hal_rcc_ex.c **** 
1171:Drivers/STM32F4xx_HAL_Driver/Src/stm32f4xx_hal_rcc_ex.c ****   /* Set all possible values for the extended clock type parameter------------*/
1172:Drivers/STM32F4xx_HAL_Driver/Src/stm32f4xx_hal_rcc_ex.c ****   PeriphClkInit->PeriphClockSelection = RCC_PERIPHCLK_I2S        | RCC_PERIPHCLK_SAI_PLLSAI | \
1173:Drivers/STM32F4xx_HAL_Driver/Src/stm32f4xx_hal_rcc_ex.c ****                                         RCC_PERIPHCLK_SAI_PLLI2S | RCC_PERIPHCLK_LTDC       | \
1174:Drivers/STM32F4xx_HAL_Driver/Src/stm32f4xx_hal_rcc_ex.c ****                                         RCC_PERIPHCLK_TIM        | RCC_PERIPHCLK_RTC        | \
1175:Drivers/STM32F4xx_HAL_Driver/Src/stm32f4xx_hal_rcc_ex.c ****                                         RCC_PERIPHCLK_CLK48       | RCC_PERIPHCLK_SDIO;
1176:Drivers/STM32F4xx_HAL_Driver/Src/stm32f4xx_hal_rcc_ex.c **** 
1177:Drivers/STM32F4xx_HAL_Driver/Src/stm32f4xx_hal_rcc_ex.c ****   /* Get the PLLI2S Clock configuration --------------------------------------*/
1178:Drivers/STM32F4xx_HAL_Driver/Src/stm32f4xx_hal_rcc_ex.c ****   PeriphClkInit->PLLI2S.PLLI2SN = (uint32_t)((RCC->PLLI2SCFGR & RCC_PLLI2SCFGR_PLLI2SN) >> RCC_PLLI
1179:Drivers/STM32F4xx_HAL_Driver/Src/stm32f4xx_hal_rcc_ex.c ****   PeriphClkInit->PLLI2S.PLLI2SR = (uint32_t)((RCC->PLLI2SCFGR & RCC_PLLI2SCFGR_PLLI2SR) >> RCC_PLLI
1180:Drivers/STM32F4xx_HAL_Driver/Src/stm32f4xx_hal_rcc_ex.c ****   PeriphClkInit->PLLI2S.PLLI2SQ = (uint32_t)((RCC->PLLI2SCFGR & RCC_PLLI2SCFGR_PLLI2SQ) >> RCC_PLLI
1181:Drivers/STM32F4xx_HAL_Driver/Src/stm32f4xx_hal_rcc_ex.c ****   /* Get the PLLSAI Clock configuration --------------------------------------*/
1182:Drivers/STM32F4xx_HAL_Driver/Src/stm32f4xx_hal_rcc_ex.c ****   PeriphClkInit->PLLSAI.PLLSAIN = (uint32_t)((RCC->PLLSAICFGR & RCC_PLLSAICFGR_PLLSAIN) >> RCC_PLLS
1183:Drivers/STM32F4xx_HAL_Driver/Src/stm32f4xx_hal_rcc_ex.c ****   PeriphClkInit->PLLSAI.PLLSAIR = (uint32_t)((RCC->PLLSAICFGR & RCC_PLLSAICFGR_PLLSAIR) >> RCC_PLLS
1184:Drivers/STM32F4xx_HAL_Driver/Src/stm32f4xx_hal_rcc_ex.c ****   PeriphClkInit->PLLSAI.PLLSAIQ = (uint32_t)((RCC->PLLSAICFGR & RCC_PLLSAICFGR_PLLSAIQ) >> RCC_PLLS
1185:Drivers/STM32F4xx_HAL_Driver/Src/stm32f4xx_hal_rcc_ex.c ****   /* Get the PLLSAI/PLLI2S division factors ----------------------------------*/
1186:Drivers/STM32F4xx_HAL_Driver/Src/stm32f4xx_hal_rcc_ex.c ****   PeriphClkInit->PLLI2SDivQ = (uint32_t)((RCC->DCKCFGR & RCC_DCKCFGR_PLLI2SDIVQ) >> RCC_DCKCFGR_PLL
1187:Drivers/STM32F4xx_HAL_Driver/Src/stm32f4xx_hal_rcc_ex.c ****   PeriphClkInit->PLLSAIDivQ = (uint32_t)((RCC->DCKCFGR & RCC_DCKCFGR_PLLSAIDIVQ) >> RCC_DCKCFGR_PLL
1188:Drivers/STM32F4xx_HAL_Driver/Src/stm32f4xx_hal_rcc_ex.c ****   PeriphClkInit->PLLSAIDivR = (uint32_t)(RCC->DCKCFGR & RCC_DCKCFGR_PLLSAIDIVR);
1189:Drivers/STM32F4xx_HAL_Driver/Src/stm32f4xx_hal_rcc_ex.c ****   /* Get the RTC Clock configuration -----------------------------------------*/
1190:Drivers/STM32F4xx_HAL_Driver/Src/stm32f4xx_hal_rcc_ex.c ****   tempreg = (RCC->CFGR & RCC_CFGR_RTCPRE);
1191:Drivers/STM32F4xx_HAL_Driver/Src/stm32f4xx_hal_rcc_ex.c ****   PeriphClkInit->RTCClockSelection = (uint32_t)((tempreg) | (RCC->BDCR & RCC_BDCR_RTCSEL));
1192:Drivers/STM32F4xx_HAL_Driver/Src/stm32f4xx_hal_rcc_ex.c **** 
1193:Drivers/STM32F4xx_HAL_Driver/Src/stm32f4xx_hal_rcc_ex.c ****   /* Get the CLK48 clock configuration -------------------------------------*/
1194:Drivers/STM32F4xx_HAL_Driver/Src/stm32f4xx_hal_rcc_ex.c ****   PeriphClkInit->Clk48ClockSelection = __HAL_RCC_GET_CLK48_SOURCE();
1195:Drivers/STM32F4xx_HAL_Driver/Src/stm32f4xx_hal_rcc_ex.c **** 
1196:Drivers/STM32F4xx_HAL_Driver/Src/stm32f4xx_hal_rcc_ex.c ****   /* Get the SDIO clock configuration ----------------------------------------*/
1197:Drivers/STM32F4xx_HAL_Driver/Src/stm32f4xx_hal_rcc_ex.c ****   PeriphClkInit->SdioClockSelection = __HAL_RCC_GET_SDIO_SOURCE();
1198:Drivers/STM32F4xx_HAL_Driver/Src/stm32f4xx_hal_rcc_ex.c **** 
1199:Drivers/STM32F4xx_HAL_Driver/Src/stm32f4xx_hal_rcc_ex.c ****   if ((RCC->DCKCFGR & RCC_DCKCFGR_TIMPRE) == RESET)
1200:Drivers/STM32F4xx_HAL_Driver/Src/stm32f4xx_hal_rcc_ex.c ****   {
1201:Drivers/STM32F4xx_HAL_Driver/Src/stm32f4xx_hal_rcc_ex.c ****     PeriphClkInit->TIMPresSelection = RCC_TIMPRES_DESACTIVATED;
1202:Drivers/STM32F4xx_HAL_Driver/Src/stm32f4xx_hal_rcc_ex.c ****   }
1203:Drivers/STM32F4xx_HAL_Driver/Src/stm32f4xx_hal_rcc_ex.c ****   else
1204:Drivers/STM32F4xx_HAL_Driver/Src/stm32f4xx_hal_rcc_ex.c ****   {
1205:Drivers/STM32F4xx_HAL_Driver/Src/stm32f4xx_hal_rcc_ex.c ****     PeriphClkInit->TIMPresSelection = RCC_TIMPRES_ACTIVATED;
1206:Drivers/STM32F4xx_HAL_Driver/Src/stm32f4xx_hal_rcc_ex.c ****   }
1207:Drivers/STM32F4xx_HAL_Driver/Src/stm32f4xx_hal_rcc_ex.c **** }
1208:Drivers/STM32F4xx_HAL_Driver/Src/stm32f4xx_hal_rcc_ex.c **** 
1209:Drivers/STM32F4xx_HAL_Driver/Src/stm32f4xx_hal_rcc_ex.c **** /**
1210:Drivers/STM32F4xx_HAL_Driver/Src/stm32f4xx_hal_rcc_ex.c ****   * @brief  Return the peripheral clock frequency for a given peripheral(SAI..)
1211:Drivers/STM32F4xx_HAL_Driver/Src/stm32f4xx_hal_rcc_ex.c ****   * @note   Return 0 if peripheral clock identifier not managed by this API
1212:Drivers/STM32F4xx_HAL_Driver/Src/stm32f4xx_hal_rcc_ex.c ****   * @param  PeriphClk Peripheral clock identifier
1213:Drivers/STM32F4xx_HAL_Driver/Src/stm32f4xx_hal_rcc_ex.c ****   *         This parameter can be one of the following values:
1214:Drivers/STM32F4xx_HAL_Driver/Src/stm32f4xx_hal_rcc_ex.c ****   *            @arg RCC_PERIPHCLK_I2S: I2S peripheral clock
ARM GAS  C:\Users\Ebrahim\AppData\Local\Temp\ccoXyWuB.s 			page 58


1215:Drivers/STM32F4xx_HAL_Driver/Src/stm32f4xx_hal_rcc_ex.c ****   * @retval Frequency in KHz
1216:Drivers/STM32F4xx_HAL_Driver/Src/stm32f4xx_hal_rcc_ex.c ****   */
1217:Drivers/STM32F4xx_HAL_Driver/Src/stm32f4xx_hal_rcc_ex.c **** uint32_t HAL_RCCEx_GetPeriphCLKFreq(uint32_t PeriphClk)
1218:Drivers/STM32F4xx_HAL_Driver/Src/stm32f4xx_hal_rcc_ex.c **** {
1219:Drivers/STM32F4xx_HAL_Driver/Src/stm32f4xx_hal_rcc_ex.c ****   /* This variable used to store the I2S clock frequency (value in Hz) */
1220:Drivers/STM32F4xx_HAL_Driver/Src/stm32f4xx_hal_rcc_ex.c ****   uint32_t frequency = 0U;
1221:Drivers/STM32F4xx_HAL_Driver/Src/stm32f4xx_hal_rcc_ex.c ****   /* This variable used to store the VCO Input (value in Hz) */
1222:Drivers/STM32F4xx_HAL_Driver/Src/stm32f4xx_hal_rcc_ex.c ****   uint32_t vcoinput = 0U;
1223:Drivers/STM32F4xx_HAL_Driver/Src/stm32f4xx_hal_rcc_ex.c ****   uint32_t srcclk = 0U;
1224:Drivers/STM32F4xx_HAL_Driver/Src/stm32f4xx_hal_rcc_ex.c ****   /* This variable used to store the VCO Output (value in Hz) */
1225:Drivers/STM32F4xx_HAL_Driver/Src/stm32f4xx_hal_rcc_ex.c ****   uint32_t vcooutput = 0U;
1226:Drivers/STM32F4xx_HAL_Driver/Src/stm32f4xx_hal_rcc_ex.c ****   switch (PeriphClk)
1227:Drivers/STM32F4xx_HAL_Driver/Src/stm32f4xx_hal_rcc_ex.c ****   {
1228:Drivers/STM32F4xx_HAL_Driver/Src/stm32f4xx_hal_rcc_ex.c ****     case RCC_PERIPHCLK_I2S:
1229:Drivers/STM32F4xx_HAL_Driver/Src/stm32f4xx_hal_rcc_ex.c ****     {
1230:Drivers/STM32F4xx_HAL_Driver/Src/stm32f4xx_hal_rcc_ex.c ****       /* Get the current I2S source */
1231:Drivers/STM32F4xx_HAL_Driver/Src/stm32f4xx_hal_rcc_ex.c ****       srcclk = __HAL_RCC_GET_I2S_SOURCE();
1232:Drivers/STM32F4xx_HAL_Driver/Src/stm32f4xx_hal_rcc_ex.c ****       switch (srcclk)
1233:Drivers/STM32F4xx_HAL_Driver/Src/stm32f4xx_hal_rcc_ex.c ****       {
1234:Drivers/STM32F4xx_HAL_Driver/Src/stm32f4xx_hal_rcc_ex.c ****         /* Check if I2S clock selection is External clock mapped on the I2S_CKIN pin used as I2S cl
1235:Drivers/STM32F4xx_HAL_Driver/Src/stm32f4xx_hal_rcc_ex.c ****         case RCC_I2SCLKSOURCE_EXT:
1236:Drivers/STM32F4xx_HAL_Driver/Src/stm32f4xx_hal_rcc_ex.c ****         {
1237:Drivers/STM32F4xx_HAL_Driver/Src/stm32f4xx_hal_rcc_ex.c ****           /* Set the I2S clock to the external clock  value */
1238:Drivers/STM32F4xx_HAL_Driver/Src/stm32f4xx_hal_rcc_ex.c ****           frequency = EXTERNAL_CLOCK_VALUE;
1239:Drivers/STM32F4xx_HAL_Driver/Src/stm32f4xx_hal_rcc_ex.c ****           break;
1240:Drivers/STM32F4xx_HAL_Driver/Src/stm32f4xx_hal_rcc_ex.c ****         }
1241:Drivers/STM32F4xx_HAL_Driver/Src/stm32f4xx_hal_rcc_ex.c ****         /* Check if I2S clock selection is PLLI2S VCO output clock divided by PLLI2SR used as I2S c
1242:Drivers/STM32F4xx_HAL_Driver/Src/stm32f4xx_hal_rcc_ex.c ****         case RCC_I2SCLKSOURCE_PLLI2S:
1243:Drivers/STM32F4xx_HAL_Driver/Src/stm32f4xx_hal_rcc_ex.c ****         {
1244:Drivers/STM32F4xx_HAL_Driver/Src/stm32f4xx_hal_rcc_ex.c ****           /* Configure the PLLI2S division factor */
1245:Drivers/STM32F4xx_HAL_Driver/Src/stm32f4xx_hal_rcc_ex.c ****           /* PLLI2S_VCO Input  = PLL_SOURCE/PLLI2SM */
1246:Drivers/STM32F4xx_HAL_Driver/Src/stm32f4xx_hal_rcc_ex.c ****           if ((RCC->PLLCFGR & RCC_PLLCFGR_PLLSRC) == RCC_PLLSOURCE_HSE)
1247:Drivers/STM32F4xx_HAL_Driver/Src/stm32f4xx_hal_rcc_ex.c ****           {
1248:Drivers/STM32F4xx_HAL_Driver/Src/stm32f4xx_hal_rcc_ex.c ****             /* Get the I2S source clock value */
1249:Drivers/STM32F4xx_HAL_Driver/Src/stm32f4xx_hal_rcc_ex.c ****             vcoinput = (uint32_t)(HSE_VALUE / (uint32_t)(RCC->PLLCFGR & RCC_PLLCFGR_PLLM));
1250:Drivers/STM32F4xx_HAL_Driver/Src/stm32f4xx_hal_rcc_ex.c ****           }
1251:Drivers/STM32F4xx_HAL_Driver/Src/stm32f4xx_hal_rcc_ex.c ****           else
1252:Drivers/STM32F4xx_HAL_Driver/Src/stm32f4xx_hal_rcc_ex.c ****           {
1253:Drivers/STM32F4xx_HAL_Driver/Src/stm32f4xx_hal_rcc_ex.c ****             /* Get the I2S source clock value */
1254:Drivers/STM32F4xx_HAL_Driver/Src/stm32f4xx_hal_rcc_ex.c ****             vcoinput = (uint32_t)(HSI_VALUE / (uint32_t)(RCC->PLLCFGR & RCC_PLLCFGR_PLLM));
1255:Drivers/STM32F4xx_HAL_Driver/Src/stm32f4xx_hal_rcc_ex.c ****           }
1256:Drivers/STM32F4xx_HAL_Driver/Src/stm32f4xx_hal_rcc_ex.c **** 
1257:Drivers/STM32F4xx_HAL_Driver/Src/stm32f4xx_hal_rcc_ex.c ****           /* PLLI2S_VCO Output = PLLI2S_VCO Input * PLLI2SN */
1258:Drivers/STM32F4xx_HAL_Driver/Src/stm32f4xx_hal_rcc_ex.c ****           vcooutput = (uint32_t)(vcoinput * (((RCC->PLLI2SCFGR & RCC_PLLI2SCFGR_PLLI2SN) >> 6U) & (
1259:Drivers/STM32F4xx_HAL_Driver/Src/stm32f4xx_hal_rcc_ex.c ****           /* I2S_CLK = PLLI2S_VCO Output/PLLI2SR */
1260:Drivers/STM32F4xx_HAL_Driver/Src/stm32f4xx_hal_rcc_ex.c ****           frequency = (uint32_t)(vcooutput / (((RCC->PLLI2SCFGR & RCC_PLLI2SCFGR_PLLI2SR) >> 28U) &
1261:Drivers/STM32F4xx_HAL_Driver/Src/stm32f4xx_hal_rcc_ex.c ****           break;
1262:Drivers/STM32F4xx_HAL_Driver/Src/stm32f4xx_hal_rcc_ex.c ****         }
1263:Drivers/STM32F4xx_HAL_Driver/Src/stm32f4xx_hal_rcc_ex.c ****         /* Clock not enabled for I2S*/
1264:Drivers/STM32F4xx_HAL_Driver/Src/stm32f4xx_hal_rcc_ex.c ****         default:
1265:Drivers/STM32F4xx_HAL_Driver/Src/stm32f4xx_hal_rcc_ex.c ****         {
1266:Drivers/STM32F4xx_HAL_Driver/Src/stm32f4xx_hal_rcc_ex.c ****           frequency = 0U;
1267:Drivers/STM32F4xx_HAL_Driver/Src/stm32f4xx_hal_rcc_ex.c ****           break;
1268:Drivers/STM32F4xx_HAL_Driver/Src/stm32f4xx_hal_rcc_ex.c ****         }
1269:Drivers/STM32F4xx_HAL_Driver/Src/stm32f4xx_hal_rcc_ex.c ****       }
1270:Drivers/STM32F4xx_HAL_Driver/Src/stm32f4xx_hal_rcc_ex.c ****       break;
1271:Drivers/STM32F4xx_HAL_Driver/Src/stm32f4xx_hal_rcc_ex.c ****     }
ARM GAS  C:\Users\Ebrahim\AppData\Local\Temp\ccoXyWuB.s 			page 59


1272:Drivers/STM32F4xx_HAL_Driver/Src/stm32f4xx_hal_rcc_ex.c ****     default:
1273:Drivers/STM32F4xx_HAL_Driver/Src/stm32f4xx_hal_rcc_ex.c ****     {
1274:Drivers/STM32F4xx_HAL_Driver/Src/stm32f4xx_hal_rcc_ex.c ****       break;
1275:Drivers/STM32F4xx_HAL_Driver/Src/stm32f4xx_hal_rcc_ex.c ****     }
1276:Drivers/STM32F4xx_HAL_Driver/Src/stm32f4xx_hal_rcc_ex.c ****   }
1277:Drivers/STM32F4xx_HAL_Driver/Src/stm32f4xx_hal_rcc_ex.c ****   return frequency;
1278:Drivers/STM32F4xx_HAL_Driver/Src/stm32f4xx_hal_rcc_ex.c **** }
1279:Drivers/STM32F4xx_HAL_Driver/Src/stm32f4xx_hal_rcc_ex.c **** #endif /* STM32F469xx || STM32F479xx */
1280:Drivers/STM32F4xx_HAL_Driver/Src/stm32f4xx_hal_rcc_ex.c **** 
1281:Drivers/STM32F4xx_HAL_Driver/Src/stm32f4xx_hal_rcc_ex.c **** #if defined(STM32F412Zx) || defined(STM32F412Vx) || defined(STM32F412Rx) || defined(STM32F412Cx) ||
1282:Drivers/STM32F4xx_HAL_Driver/Src/stm32f4xx_hal_rcc_ex.c **** /**
1283:Drivers/STM32F4xx_HAL_Driver/Src/stm32f4xx_hal_rcc_ex.c ****   * @brief  Initializes the RCC extended peripherals clocks according to the specified
1284:Drivers/STM32F4xx_HAL_Driver/Src/stm32f4xx_hal_rcc_ex.c ****   *         parameters in the RCC_PeriphCLKInitTypeDef.
1285:Drivers/STM32F4xx_HAL_Driver/Src/stm32f4xx_hal_rcc_ex.c ****   * @param  PeriphClkInit pointer to an RCC_PeriphCLKInitTypeDef structure that
1286:Drivers/STM32F4xx_HAL_Driver/Src/stm32f4xx_hal_rcc_ex.c ****   *         contains the configuration information for the Extended Peripherals
1287:Drivers/STM32F4xx_HAL_Driver/Src/stm32f4xx_hal_rcc_ex.c ****   *         clocks(I2S, LTDC RTC and TIM).
1288:Drivers/STM32F4xx_HAL_Driver/Src/stm32f4xx_hal_rcc_ex.c ****   *
1289:Drivers/STM32F4xx_HAL_Driver/Src/stm32f4xx_hal_rcc_ex.c ****   * @note   Care must be taken when HAL_RCCEx_PeriphCLKConfig() is used to select
1290:Drivers/STM32F4xx_HAL_Driver/Src/stm32f4xx_hal_rcc_ex.c ****   *         the RTC clock source; in this case the Backup domain will be reset in
1291:Drivers/STM32F4xx_HAL_Driver/Src/stm32f4xx_hal_rcc_ex.c ****   *         order to modify the RTC Clock source, as consequence RTC registers (including
1292:Drivers/STM32F4xx_HAL_Driver/Src/stm32f4xx_hal_rcc_ex.c ****   *         the backup registers) and RCC_BDCR register are set to their reset values.
1293:Drivers/STM32F4xx_HAL_Driver/Src/stm32f4xx_hal_rcc_ex.c ****   *
1294:Drivers/STM32F4xx_HAL_Driver/Src/stm32f4xx_hal_rcc_ex.c ****   * @retval HAL status
1295:Drivers/STM32F4xx_HAL_Driver/Src/stm32f4xx_hal_rcc_ex.c ****   */
1296:Drivers/STM32F4xx_HAL_Driver/Src/stm32f4xx_hal_rcc_ex.c **** HAL_StatusTypeDef HAL_RCCEx_PeriphCLKConfig(RCC_PeriphCLKInitTypeDef  *PeriphClkInit)
1297:Drivers/STM32F4xx_HAL_Driver/Src/stm32f4xx_hal_rcc_ex.c **** {
1298:Drivers/STM32F4xx_HAL_Driver/Src/stm32f4xx_hal_rcc_ex.c ****   uint32_t tickstart = 0U;
1299:Drivers/STM32F4xx_HAL_Driver/Src/stm32f4xx_hal_rcc_ex.c ****   uint32_t tmpreg1 = 0U;
1300:Drivers/STM32F4xx_HAL_Driver/Src/stm32f4xx_hal_rcc_ex.c **** #if defined(STM32F413xx) || defined(STM32F423xx)
1301:Drivers/STM32F4xx_HAL_Driver/Src/stm32f4xx_hal_rcc_ex.c ****   uint32_t plli2sq = 0U;
1302:Drivers/STM32F4xx_HAL_Driver/Src/stm32f4xx_hal_rcc_ex.c **** #endif /* STM32F413xx || STM32F423xx */
1303:Drivers/STM32F4xx_HAL_Driver/Src/stm32f4xx_hal_rcc_ex.c ****   uint32_t plli2sused = 0U;
1304:Drivers/STM32F4xx_HAL_Driver/Src/stm32f4xx_hal_rcc_ex.c **** 
1305:Drivers/STM32F4xx_HAL_Driver/Src/stm32f4xx_hal_rcc_ex.c ****   /* Check the peripheral clock selection parameters */
1306:Drivers/STM32F4xx_HAL_Driver/Src/stm32f4xx_hal_rcc_ex.c ****   assert_param(IS_RCC_PERIPHCLOCK(PeriphClkInit->PeriphClockSelection));
1307:Drivers/STM32F4xx_HAL_Driver/Src/stm32f4xx_hal_rcc_ex.c **** 
1308:Drivers/STM32F4xx_HAL_Driver/Src/stm32f4xx_hal_rcc_ex.c ****   /*----------------------------------- I2S APB1 configuration ---------------*/
1309:Drivers/STM32F4xx_HAL_Driver/Src/stm32f4xx_hal_rcc_ex.c ****   if (((PeriphClkInit->PeriphClockSelection) & RCC_PERIPHCLK_I2S_APB1) == (RCC_PERIPHCLK_I2S_APB1))
1310:Drivers/STM32F4xx_HAL_Driver/Src/stm32f4xx_hal_rcc_ex.c ****   {
1311:Drivers/STM32F4xx_HAL_Driver/Src/stm32f4xx_hal_rcc_ex.c ****     /* Check the parameters */
1312:Drivers/STM32F4xx_HAL_Driver/Src/stm32f4xx_hal_rcc_ex.c ****     assert_param(IS_RCC_I2SAPB1CLKSOURCE(PeriphClkInit->I2sApb1ClockSelection));
1313:Drivers/STM32F4xx_HAL_Driver/Src/stm32f4xx_hal_rcc_ex.c **** 
1314:Drivers/STM32F4xx_HAL_Driver/Src/stm32f4xx_hal_rcc_ex.c ****     /* Configure I2S Clock source */
1315:Drivers/STM32F4xx_HAL_Driver/Src/stm32f4xx_hal_rcc_ex.c ****     __HAL_RCC_I2S_APB1_CONFIG(PeriphClkInit->I2sApb1ClockSelection);
1316:Drivers/STM32F4xx_HAL_Driver/Src/stm32f4xx_hal_rcc_ex.c ****     /* Enable the PLLI2S when it's used as clock source for I2S */
1317:Drivers/STM32F4xx_HAL_Driver/Src/stm32f4xx_hal_rcc_ex.c ****     if (PeriphClkInit->I2sApb1ClockSelection == RCC_I2SAPB1CLKSOURCE_PLLI2S)
1318:Drivers/STM32F4xx_HAL_Driver/Src/stm32f4xx_hal_rcc_ex.c ****     {
1319:Drivers/STM32F4xx_HAL_Driver/Src/stm32f4xx_hal_rcc_ex.c ****       plli2sused = 1U;
1320:Drivers/STM32F4xx_HAL_Driver/Src/stm32f4xx_hal_rcc_ex.c ****     }
1321:Drivers/STM32F4xx_HAL_Driver/Src/stm32f4xx_hal_rcc_ex.c ****   }
1322:Drivers/STM32F4xx_HAL_Driver/Src/stm32f4xx_hal_rcc_ex.c ****   /*--------------------------------------------------------------------------*/
1323:Drivers/STM32F4xx_HAL_Driver/Src/stm32f4xx_hal_rcc_ex.c **** 
1324:Drivers/STM32F4xx_HAL_Driver/Src/stm32f4xx_hal_rcc_ex.c ****   /*----------------------------------- I2S APB2 configuration ---------------*/
1325:Drivers/STM32F4xx_HAL_Driver/Src/stm32f4xx_hal_rcc_ex.c ****   if (((PeriphClkInit->PeriphClockSelection) & RCC_PERIPHCLK_I2S_APB2) == (RCC_PERIPHCLK_I2S_APB2))
1326:Drivers/STM32F4xx_HAL_Driver/Src/stm32f4xx_hal_rcc_ex.c ****   {
1327:Drivers/STM32F4xx_HAL_Driver/Src/stm32f4xx_hal_rcc_ex.c ****     /* Check the parameters */
1328:Drivers/STM32F4xx_HAL_Driver/Src/stm32f4xx_hal_rcc_ex.c ****     assert_param(IS_RCC_I2SAPB2CLKSOURCE(PeriphClkInit->I2sApb2ClockSelection));
ARM GAS  C:\Users\Ebrahim\AppData\Local\Temp\ccoXyWuB.s 			page 60


1329:Drivers/STM32F4xx_HAL_Driver/Src/stm32f4xx_hal_rcc_ex.c **** 
1330:Drivers/STM32F4xx_HAL_Driver/Src/stm32f4xx_hal_rcc_ex.c ****     /* Configure I2S Clock source */
1331:Drivers/STM32F4xx_HAL_Driver/Src/stm32f4xx_hal_rcc_ex.c ****     __HAL_RCC_I2S_APB2_CONFIG(PeriphClkInit->I2sApb2ClockSelection);
1332:Drivers/STM32F4xx_HAL_Driver/Src/stm32f4xx_hal_rcc_ex.c ****     /* Enable the PLLI2S when it's used as clock source for I2S */
1333:Drivers/STM32F4xx_HAL_Driver/Src/stm32f4xx_hal_rcc_ex.c ****     if (PeriphClkInit->I2sApb2ClockSelection == RCC_I2SAPB2CLKSOURCE_PLLI2S)
1334:Drivers/STM32F4xx_HAL_Driver/Src/stm32f4xx_hal_rcc_ex.c ****     {
1335:Drivers/STM32F4xx_HAL_Driver/Src/stm32f4xx_hal_rcc_ex.c ****       plli2sused = 1U;
1336:Drivers/STM32F4xx_HAL_Driver/Src/stm32f4xx_hal_rcc_ex.c ****     }
1337:Drivers/STM32F4xx_HAL_Driver/Src/stm32f4xx_hal_rcc_ex.c ****   }
1338:Drivers/STM32F4xx_HAL_Driver/Src/stm32f4xx_hal_rcc_ex.c ****   /*--------------------------------------------------------------------------*/
1339:Drivers/STM32F4xx_HAL_Driver/Src/stm32f4xx_hal_rcc_ex.c **** 
1340:Drivers/STM32F4xx_HAL_Driver/Src/stm32f4xx_hal_rcc_ex.c **** #if defined(STM32F413xx) || defined(STM32F423xx)
1341:Drivers/STM32F4xx_HAL_Driver/Src/stm32f4xx_hal_rcc_ex.c ****   /*----------------------- SAI1 Block A configuration -----------------------*/
1342:Drivers/STM32F4xx_HAL_Driver/Src/stm32f4xx_hal_rcc_ex.c ****   if (((PeriphClkInit->PeriphClockSelection) & RCC_PERIPHCLK_SAIA) == (RCC_PERIPHCLK_SAIA))
1343:Drivers/STM32F4xx_HAL_Driver/Src/stm32f4xx_hal_rcc_ex.c ****   {
1344:Drivers/STM32F4xx_HAL_Driver/Src/stm32f4xx_hal_rcc_ex.c ****     /* Check the parameters */
1345:Drivers/STM32F4xx_HAL_Driver/Src/stm32f4xx_hal_rcc_ex.c ****     assert_param(IS_RCC_SAIACLKSOURCE(PeriphClkInit->SaiAClockSelection));
1346:Drivers/STM32F4xx_HAL_Driver/Src/stm32f4xx_hal_rcc_ex.c **** 
1347:Drivers/STM32F4xx_HAL_Driver/Src/stm32f4xx_hal_rcc_ex.c ****     /* Configure SAI1 Clock source */
1348:Drivers/STM32F4xx_HAL_Driver/Src/stm32f4xx_hal_rcc_ex.c ****     __HAL_RCC_SAI_BLOCKACLKSOURCE_CONFIG(PeriphClkInit->SaiAClockSelection);
1349:Drivers/STM32F4xx_HAL_Driver/Src/stm32f4xx_hal_rcc_ex.c ****     /* Enable the PLLI2S when it's used as clock source for SAI */
1350:Drivers/STM32F4xx_HAL_Driver/Src/stm32f4xx_hal_rcc_ex.c ****     if (PeriphClkInit->SaiAClockSelection == RCC_SAIACLKSOURCE_PLLI2SR)
1351:Drivers/STM32F4xx_HAL_Driver/Src/stm32f4xx_hal_rcc_ex.c ****     {
1352:Drivers/STM32F4xx_HAL_Driver/Src/stm32f4xx_hal_rcc_ex.c ****       plli2sused = 1U;
1353:Drivers/STM32F4xx_HAL_Driver/Src/stm32f4xx_hal_rcc_ex.c ****     }
1354:Drivers/STM32F4xx_HAL_Driver/Src/stm32f4xx_hal_rcc_ex.c ****     /* Enable the PLLSAI when it's used as clock source for SAI */
1355:Drivers/STM32F4xx_HAL_Driver/Src/stm32f4xx_hal_rcc_ex.c ****     if (PeriphClkInit->SaiAClockSelection == RCC_SAIACLKSOURCE_PLLR)
1356:Drivers/STM32F4xx_HAL_Driver/Src/stm32f4xx_hal_rcc_ex.c ****     {
1357:Drivers/STM32F4xx_HAL_Driver/Src/stm32f4xx_hal_rcc_ex.c ****       /* Check for PLL/DIVR parameters */
1358:Drivers/STM32F4xx_HAL_Driver/Src/stm32f4xx_hal_rcc_ex.c ****       assert_param(IS_RCC_PLL_DIVR_VALUE(PeriphClkInit->PLLDivR));
1359:Drivers/STM32F4xx_HAL_Driver/Src/stm32f4xx_hal_rcc_ex.c **** 
1360:Drivers/STM32F4xx_HAL_Driver/Src/stm32f4xx_hal_rcc_ex.c ****       /* SAI_CLK_x = SAI_CLK(first level)/PLLDIVR */
1361:Drivers/STM32F4xx_HAL_Driver/Src/stm32f4xx_hal_rcc_ex.c ****       __HAL_RCC_PLL_PLLSAICLKDIVR_CONFIG(PeriphClkInit->PLLDivR);
1362:Drivers/STM32F4xx_HAL_Driver/Src/stm32f4xx_hal_rcc_ex.c ****     }
1363:Drivers/STM32F4xx_HAL_Driver/Src/stm32f4xx_hal_rcc_ex.c ****   }
1364:Drivers/STM32F4xx_HAL_Driver/Src/stm32f4xx_hal_rcc_ex.c ****   /*--------------------------------------------------------------------------*/
1365:Drivers/STM32F4xx_HAL_Driver/Src/stm32f4xx_hal_rcc_ex.c **** 
1366:Drivers/STM32F4xx_HAL_Driver/Src/stm32f4xx_hal_rcc_ex.c ****   /*---------------------- SAI1 Block B configuration ------------------------*/
1367:Drivers/STM32F4xx_HAL_Driver/Src/stm32f4xx_hal_rcc_ex.c ****   if (((PeriphClkInit->PeriphClockSelection) & RCC_PERIPHCLK_SAIB) == (RCC_PERIPHCLK_SAIB))
1368:Drivers/STM32F4xx_HAL_Driver/Src/stm32f4xx_hal_rcc_ex.c ****   {
1369:Drivers/STM32F4xx_HAL_Driver/Src/stm32f4xx_hal_rcc_ex.c ****     /* Check the parameters */
1370:Drivers/STM32F4xx_HAL_Driver/Src/stm32f4xx_hal_rcc_ex.c ****     assert_param(IS_RCC_SAIBCLKSOURCE(PeriphClkInit->SaiBClockSelection));
1371:Drivers/STM32F4xx_HAL_Driver/Src/stm32f4xx_hal_rcc_ex.c **** 
1372:Drivers/STM32F4xx_HAL_Driver/Src/stm32f4xx_hal_rcc_ex.c ****     /* Configure SAI1 Clock source */
1373:Drivers/STM32F4xx_HAL_Driver/Src/stm32f4xx_hal_rcc_ex.c ****     __HAL_RCC_SAI_BLOCKBCLKSOURCE_CONFIG(PeriphClkInit->SaiBClockSelection);
1374:Drivers/STM32F4xx_HAL_Driver/Src/stm32f4xx_hal_rcc_ex.c ****     /* Enable the PLLI2S when it's used as clock source for SAI */
1375:Drivers/STM32F4xx_HAL_Driver/Src/stm32f4xx_hal_rcc_ex.c ****     if (PeriphClkInit->SaiBClockSelection == RCC_SAIBCLKSOURCE_PLLI2SR)
1376:Drivers/STM32F4xx_HAL_Driver/Src/stm32f4xx_hal_rcc_ex.c ****     {
1377:Drivers/STM32F4xx_HAL_Driver/Src/stm32f4xx_hal_rcc_ex.c ****       plli2sused = 1U;
1378:Drivers/STM32F4xx_HAL_Driver/Src/stm32f4xx_hal_rcc_ex.c ****     }
1379:Drivers/STM32F4xx_HAL_Driver/Src/stm32f4xx_hal_rcc_ex.c ****     /* Enable the PLLSAI when it's used as clock source for SAI */
1380:Drivers/STM32F4xx_HAL_Driver/Src/stm32f4xx_hal_rcc_ex.c ****     if (PeriphClkInit->SaiBClockSelection == RCC_SAIBCLKSOURCE_PLLR)
1381:Drivers/STM32F4xx_HAL_Driver/Src/stm32f4xx_hal_rcc_ex.c ****     {
1382:Drivers/STM32F4xx_HAL_Driver/Src/stm32f4xx_hal_rcc_ex.c ****       /* Check for PLL/DIVR parameters */
1383:Drivers/STM32F4xx_HAL_Driver/Src/stm32f4xx_hal_rcc_ex.c ****       assert_param(IS_RCC_PLL_DIVR_VALUE(PeriphClkInit->PLLDivR));
1384:Drivers/STM32F4xx_HAL_Driver/Src/stm32f4xx_hal_rcc_ex.c **** 
1385:Drivers/STM32F4xx_HAL_Driver/Src/stm32f4xx_hal_rcc_ex.c ****       /* SAI_CLK_x = SAI_CLK(first level)/PLLDIVR */
ARM GAS  C:\Users\Ebrahim\AppData\Local\Temp\ccoXyWuB.s 			page 61


1386:Drivers/STM32F4xx_HAL_Driver/Src/stm32f4xx_hal_rcc_ex.c ****       __HAL_RCC_PLL_PLLSAICLKDIVR_CONFIG(PeriphClkInit->PLLDivR);
1387:Drivers/STM32F4xx_HAL_Driver/Src/stm32f4xx_hal_rcc_ex.c ****     }
1388:Drivers/STM32F4xx_HAL_Driver/Src/stm32f4xx_hal_rcc_ex.c ****   }
1389:Drivers/STM32F4xx_HAL_Driver/Src/stm32f4xx_hal_rcc_ex.c ****   /*--------------------------------------------------------------------------*/
1390:Drivers/STM32F4xx_HAL_Driver/Src/stm32f4xx_hal_rcc_ex.c **** #endif /* STM32F413xx || STM32F423xx */
1391:Drivers/STM32F4xx_HAL_Driver/Src/stm32f4xx_hal_rcc_ex.c **** 
1392:Drivers/STM32F4xx_HAL_Driver/Src/stm32f4xx_hal_rcc_ex.c ****   /*------------------------------------ RTC configuration -------------------*/
1393:Drivers/STM32F4xx_HAL_Driver/Src/stm32f4xx_hal_rcc_ex.c ****   if (((PeriphClkInit->PeriphClockSelection) & RCC_PERIPHCLK_RTC) == (RCC_PERIPHCLK_RTC))
1394:Drivers/STM32F4xx_HAL_Driver/Src/stm32f4xx_hal_rcc_ex.c ****   {
1395:Drivers/STM32F4xx_HAL_Driver/Src/stm32f4xx_hal_rcc_ex.c ****     /* Check for RTC Parameters used to output RTCCLK */
1396:Drivers/STM32F4xx_HAL_Driver/Src/stm32f4xx_hal_rcc_ex.c ****     assert_param(IS_RCC_RTCCLKSOURCE(PeriphClkInit->RTCClockSelection));
1397:Drivers/STM32F4xx_HAL_Driver/Src/stm32f4xx_hal_rcc_ex.c **** 
1398:Drivers/STM32F4xx_HAL_Driver/Src/stm32f4xx_hal_rcc_ex.c ****     /* Enable Power Clock*/
1399:Drivers/STM32F4xx_HAL_Driver/Src/stm32f4xx_hal_rcc_ex.c ****     __HAL_RCC_PWR_CLK_ENABLE();
1400:Drivers/STM32F4xx_HAL_Driver/Src/stm32f4xx_hal_rcc_ex.c **** 
1401:Drivers/STM32F4xx_HAL_Driver/Src/stm32f4xx_hal_rcc_ex.c ****     /* Enable write access to Backup domain */
1402:Drivers/STM32F4xx_HAL_Driver/Src/stm32f4xx_hal_rcc_ex.c ****     PWR->CR |= PWR_CR_DBP;
1403:Drivers/STM32F4xx_HAL_Driver/Src/stm32f4xx_hal_rcc_ex.c **** 
1404:Drivers/STM32F4xx_HAL_Driver/Src/stm32f4xx_hal_rcc_ex.c ****     /* Get tick */
1405:Drivers/STM32F4xx_HAL_Driver/Src/stm32f4xx_hal_rcc_ex.c ****     tickstart = HAL_GetTick();
1406:Drivers/STM32F4xx_HAL_Driver/Src/stm32f4xx_hal_rcc_ex.c **** 
1407:Drivers/STM32F4xx_HAL_Driver/Src/stm32f4xx_hal_rcc_ex.c ****     while ((PWR->CR & PWR_CR_DBP) == RESET)
1408:Drivers/STM32F4xx_HAL_Driver/Src/stm32f4xx_hal_rcc_ex.c ****     {
1409:Drivers/STM32F4xx_HAL_Driver/Src/stm32f4xx_hal_rcc_ex.c ****       if ((HAL_GetTick() - tickstart) > RCC_DBP_TIMEOUT_VALUE)
1410:Drivers/STM32F4xx_HAL_Driver/Src/stm32f4xx_hal_rcc_ex.c ****       {
1411:Drivers/STM32F4xx_HAL_Driver/Src/stm32f4xx_hal_rcc_ex.c ****         return HAL_TIMEOUT;
1412:Drivers/STM32F4xx_HAL_Driver/Src/stm32f4xx_hal_rcc_ex.c ****       }
1413:Drivers/STM32F4xx_HAL_Driver/Src/stm32f4xx_hal_rcc_ex.c ****     }
1414:Drivers/STM32F4xx_HAL_Driver/Src/stm32f4xx_hal_rcc_ex.c ****     /* Reset the Backup domain only if the RTC Clock source selection is modified from reset value 
1415:Drivers/STM32F4xx_HAL_Driver/Src/stm32f4xx_hal_rcc_ex.c ****     tmpreg1 = (RCC->BDCR & RCC_BDCR_RTCSEL);
1416:Drivers/STM32F4xx_HAL_Driver/Src/stm32f4xx_hal_rcc_ex.c ****     if ((tmpreg1 != 0x00000000U) && ((tmpreg1) != (PeriphClkInit->RTCClockSelection & RCC_BDCR_RTCS
1417:Drivers/STM32F4xx_HAL_Driver/Src/stm32f4xx_hal_rcc_ex.c ****     {
1418:Drivers/STM32F4xx_HAL_Driver/Src/stm32f4xx_hal_rcc_ex.c ****       /* Store the content of BDCR register before the reset of Backup Domain */
1419:Drivers/STM32F4xx_HAL_Driver/Src/stm32f4xx_hal_rcc_ex.c ****       tmpreg1 = (RCC->BDCR & ~(RCC_BDCR_RTCSEL));
1420:Drivers/STM32F4xx_HAL_Driver/Src/stm32f4xx_hal_rcc_ex.c ****       /* RTC Clock selection can be changed only if the Backup Domain is reset */
1421:Drivers/STM32F4xx_HAL_Driver/Src/stm32f4xx_hal_rcc_ex.c ****       __HAL_RCC_BACKUPRESET_FORCE();
1422:Drivers/STM32F4xx_HAL_Driver/Src/stm32f4xx_hal_rcc_ex.c ****       __HAL_RCC_BACKUPRESET_RELEASE();
1423:Drivers/STM32F4xx_HAL_Driver/Src/stm32f4xx_hal_rcc_ex.c ****       /* Restore the Content of BDCR register */
1424:Drivers/STM32F4xx_HAL_Driver/Src/stm32f4xx_hal_rcc_ex.c ****       RCC->BDCR = tmpreg1;
1425:Drivers/STM32F4xx_HAL_Driver/Src/stm32f4xx_hal_rcc_ex.c **** 
1426:Drivers/STM32F4xx_HAL_Driver/Src/stm32f4xx_hal_rcc_ex.c ****       /* Wait for LSE reactivation if LSE was enable prior to Backup Domain reset */
1427:Drivers/STM32F4xx_HAL_Driver/Src/stm32f4xx_hal_rcc_ex.c ****       if (HAL_IS_BIT_SET(RCC->BDCR, RCC_BDCR_LSEON))
1428:Drivers/STM32F4xx_HAL_Driver/Src/stm32f4xx_hal_rcc_ex.c ****       {
1429:Drivers/STM32F4xx_HAL_Driver/Src/stm32f4xx_hal_rcc_ex.c ****         /* Get tick */
1430:Drivers/STM32F4xx_HAL_Driver/Src/stm32f4xx_hal_rcc_ex.c ****         tickstart = HAL_GetTick();
1431:Drivers/STM32F4xx_HAL_Driver/Src/stm32f4xx_hal_rcc_ex.c **** 
1432:Drivers/STM32F4xx_HAL_Driver/Src/stm32f4xx_hal_rcc_ex.c ****         /* Wait till LSE is ready */
1433:Drivers/STM32F4xx_HAL_Driver/Src/stm32f4xx_hal_rcc_ex.c ****         while (__HAL_RCC_GET_FLAG(RCC_FLAG_LSERDY) == RESET)
1434:Drivers/STM32F4xx_HAL_Driver/Src/stm32f4xx_hal_rcc_ex.c ****         {
1435:Drivers/STM32F4xx_HAL_Driver/Src/stm32f4xx_hal_rcc_ex.c ****           if ((HAL_GetTick() - tickstart) > RCC_LSE_TIMEOUT_VALUE)
1436:Drivers/STM32F4xx_HAL_Driver/Src/stm32f4xx_hal_rcc_ex.c ****           {
1437:Drivers/STM32F4xx_HAL_Driver/Src/stm32f4xx_hal_rcc_ex.c ****             return HAL_TIMEOUT;
1438:Drivers/STM32F4xx_HAL_Driver/Src/stm32f4xx_hal_rcc_ex.c ****           }
1439:Drivers/STM32F4xx_HAL_Driver/Src/stm32f4xx_hal_rcc_ex.c ****         }
1440:Drivers/STM32F4xx_HAL_Driver/Src/stm32f4xx_hal_rcc_ex.c ****       }
1441:Drivers/STM32F4xx_HAL_Driver/Src/stm32f4xx_hal_rcc_ex.c ****     }
1442:Drivers/STM32F4xx_HAL_Driver/Src/stm32f4xx_hal_rcc_ex.c ****     __HAL_RCC_RTC_CONFIG(PeriphClkInit->RTCClockSelection);
ARM GAS  C:\Users\Ebrahim\AppData\Local\Temp\ccoXyWuB.s 			page 62


1443:Drivers/STM32F4xx_HAL_Driver/Src/stm32f4xx_hal_rcc_ex.c ****   }
1444:Drivers/STM32F4xx_HAL_Driver/Src/stm32f4xx_hal_rcc_ex.c ****   /*--------------------------------------------------------------------------*/
1445:Drivers/STM32F4xx_HAL_Driver/Src/stm32f4xx_hal_rcc_ex.c **** 
1446:Drivers/STM32F4xx_HAL_Driver/Src/stm32f4xx_hal_rcc_ex.c ****   /*------------------------------------ TIM configuration -------------------*/
1447:Drivers/STM32F4xx_HAL_Driver/Src/stm32f4xx_hal_rcc_ex.c ****   if (((PeriphClkInit->PeriphClockSelection) & RCC_PERIPHCLK_TIM) == (RCC_PERIPHCLK_TIM))
1448:Drivers/STM32F4xx_HAL_Driver/Src/stm32f4xx_hal_rcc_ex.c ****   {
1449:Drivers/STM32F4xx_HAL_Driver/Src/stm32f4xx_hal_rcc_ex.c ****     /* Configure Timer Prescaler */
1450:Drivers/STM32F4xx_HAL_Driver/Src/stm32f4xx_hal_rcc_ex.c ****     __HAL_RCC_TIMCLKPRESCALER(PeriphClkInit->TIMPresSelection);
1451:Drivers/STM32F4xx_HAL_Driver/Src/stm32f4xx_hal_rcc_ex.c ****   }
1452:Drivers/STM32F4xx_HAL_Driver/Src/stm32f4xx_hal_rcc_ex.c ****   /*--------------------------------------------------------------------------*/
1453:Drivers/STM32F4xx_HAL_Driver/Src/stm32f4xx_hal_rcc_ex.c **** 
1454:Drivers/STM32F4xx_HAL_Driver/Src/stm32f4xx_hal_rcc_ex.c ****   /*------------------------------------- FMPI2C1 Configuration --------------*/
1455:Drivers/STM32F4xx_HAL_Driver/Src/stm32f4xx_hal_rcc_ex.c ****   if (((PeriphClkInit->PeriphClockSelection) & RCC_PERIPHCLK_FMPI2C1) == RCC_PERIPHCLK_FMPI2C1)
1456:Drivers/STM32F4xx_HAL_Driver/Src/stm32f4xx_hal_rcc_ex.c ****   {
1457:Drivers/STM32F4xx_HAL_Driver/Src/stm32f4xx_hal_rcc_ex.c ****     /* Check the parameters */
1458:Drivers/STM32F4xx_HAL_Driver/Src/stm32f4xx_hal_rcc_ex.c ****     assert_param(IS_RCC_FMPI2C1CLKSOURCE(PeriphClkInit->Fmpi2c1ClockSelection));
1459:Drivers/STM32F4xx_HAL_Driver/Src/stm32f4xx_hal_rcc_ex.c **** 
1460:Drivers/STM32F4xx_HAL_Driver/Src/stm32f4xx_hal_rcc_ex.c ****     /* Configure the FMPI2C1 clock source */
1461:Drivers/STM32F4xx_HAL_Driver/Src/stm32f4xx_hal_rcc_ex.c ****     __HAL_RCC_FMPI2C1_CONFIG(PeriphClkInit->Fmpi2c1ClockSelection);
1462:Drivers/STM32F4xx_HAL_Driver/Src/stm32f4xx_hal_rcc_ex.c ****   }
1463:Drivers/STM32F4xx_HAL_Driver/Src/stm32f4xx_hal_rcc_ex.c ****   /*--------------------------------------------------------------------------*/
1464:Drivers/STM32F4xx_HAL_Driver/Src/stm32f4xx_hal_rcc_ex.c **** 
1465:Drivers/STM32F4xx_HAL_Driver/Src/stm32f4xx_hal_rcc_ex.c ****   /*------------------------------------- CLK48 Configuration ----------------*/
1466:Drivers/STM32F4xx_HAL_Driver/Src/stm32f4xx_hal_rcc_ex.c ****   if (((PeriphClkInit->PeriphClockSelection) & RCC_PERIPHCLK_CLK48) == RCC_PERIPHCLK_CLK48)
1467:Drivers/STM32F4xx_HAL_Driver/Src/stm32f4xx_hal_rcc_ex.c ****   {
1468:Drivers/STM32F4xx_HAL_Driver/Src/stm32f4xx_hal_rcc_ex.c ****     /* Check the parameters */
1469:Drivers/STM32F4xx_HAL_Driver/Src/stm32f4xx_hal_rcc_ex.c ****     assert_param(IS_RCC_CLK48CLKSOURCE(PeriphClkInit->Clk48ClockSelection));
1470:Drivers/STM32F4xx_HAL_Driver/Src/stm32f4xx_hal_rcc_ex.c **** 
1471:Drivers/STM32F4xx_HAL_Driver/Src/stm32f4xx_hal_rcc_ex.c ****     /* Configure the SDIO clock source */
1472:Drivers/STM32F4xx_HAL_Driver/Src/stm32f4xx_hal_rcc_ex.c ****     __HAL_RCC_CLK48_CONFIG(PeriphClkInit->Clk48ClockSelection);
1473:Drivers/STM32F4xx_HAL_Driver/Src/stm32f4xx_hal_rcc_ex.c **** 
1474:Drivers/STM32F4xx_HAL_Driver/Src/stm32f4xx_hal_rcc_ex.c ****     /* Enable the PLLI2S when it's used as clock source for CLK48 */
1475:Drivers/STM32F4xx_HAL_Driver/Src/stm32f4xx_hal_rcc_ex.c ****     if (PeriphClkInit->Clk48ClockSelection == RCC_CLK48CLKSOURCE_PLLI2SQ)
1476:Drivers/STM32F4xx_HAL_Driver/Src/stm32f4xx_hal_rcc_ex.c ****     {
1477:Drivers/STM32F4xx_HAL_Driver/Src/stm32f4xx_hal_rcc_ex.c ****       plli2sused = 1U;
1478:Drivers/STM32F4xx_HAL_Driver/Src/stm32f4xx_hal_rcc_ex.c ****     }
1479:Drivers/STM32F4xx_HAL_Driver/Src/stm32f4xx_hal_rcc_ex.c ****   }
1480:Drivers/STM32F4xx_HAL_Driver/Src/stm32f4xx_hal_rcc_ex.c ****   /*--------------------------------------------------------------------------*/
1481:Drivers/STM32F4xx_HAL_Driver/Src/stm32f4xx_hal_rcc_ex.c **** 
1482:Drivers/STM32F4xx_HAL_Driver/Src/stm32f4xx_hal_rcc_ex.c ****   /*------------------------------------- SDIO Configuration -----------------*/
1483:Drivers/STM32F4xx_HAL_Driver/Src/stm32f4xx_hal_rcc_ex.c ****   if (((PeriphClkInit->PeriphClockSelection) & RCC_PERIPHCLK_SDIO) == RCC_PERIPHCLK_SDIO)
1484:Drivers/STM32F4xx_HAL_Driver/Src/stm32f4xx_hal_rcc_ex.c ****   {
1485:Drivers/STM32F4xx_HAL_Driver/Src/stm32f4xx_hal_rcc_ex.c ****     /* Check the parameters */
1486:Drivers/STM32F4xx_HAL_Driver/Src/stm32f4xx_hal_rcc_ex.c ****     assert_param(IS_RCC_SDIOCLKSOURCE(PeriphClkInit->SdioClockSelection));
1487:Drivers/STM32F4xx_HAL_Driver/Src/stm32f4xx_hal_rcc_ex.c **** 
1488:Drivers/STM32F4xx_HAL_Driver/Src/stm32f4xx_hal_rcc_ex.c ****     /* Configure the SDIO clock source */
1489:Drivers/STM32F4xx_HAL_Driver/Src/stm32f4xx_hal_rcc_ex.c ****     __HAL_RCC_SDIO_CONFIG(PeriphClkInit->SdioClockSelection);
1490:Drivers/STM32F4xx_HAL_Driver/Src/stm32f4xx_hal_rcc_ex.c ****   }
1491:Drivers/STM32F4xx_HAL_Driver/Src/stm32f4xx_hal_rcc_ex.c ****   /*--------------------------------------------------------------------------*/
1492:Drivers/STM32F4xx_HAL_Driver/Src/stm32f4xx_hal_rcc_ex.c **** 
1493:Drivers/STM32F4xx_HAL_Driver/Src/stm32f4xx_hal_rcc_ex.c ****   /*-------------------------------------- PLLI2S Configuration --------------*/
1494:Drivers/STM32F4xx_HAL_Driver/Src/stm32f4xx_hal_rcc_ex.c ****   /* PLLI2S is configured when a peripheral will use it as source clock : I2S on APB1 or
1495:Drivers/STM32F4xx_HAL_Driver/Src/stm32f4xx_hal_rcc_ex.c ****      I2S on APB2*/
1496:Drivers/STM32F4xx_HAL_Driver/Src/stm32f4xx_hal_rcc_ex.c ****   if ((plli2sused == 1U) || (PeriphClkInit->PeriphClockSelection == RCC_PERIPHCLK_PLLI2S))
1497:Drivers/STM32F4xx_HAL_Driver/Src/stm32f4xx_hal_rcc_ex.c ****   {
1498:Drivers/STM32F4xx_HAL_Driver/Src/stm32f4xx_hal_rcc_ex.c ****     /* Disable the PLLI2S */
1499:Drivers/STM32F4xx_HAL_Driver/Src/stm32f4xx_hal_rcc_ex.c ****     __HAL_RCC_PLLI2S_DISABLE();
ARM GAS  C:\Users\Ebrahim\AppData\Local\Temp\ccoXyWuB.s 			page 63


1500:Drivers/STM32F4xx_HAL_Driver/Src/stm32f4xx_hal_rcc_ex.c ****     /* Get tick */
1501:Drivers/STM32F4xx_HAL_Driver/Src/stm32f4xx_hal_rcc_ex.c ****     tickstart = HAL_GetTick();
1502:Drivers/STM32F4xx_HAL_Driver/Src/stm32f4xx_hal_rcc_ex.c ****     /* Wait till PLLI2S is disabled */
1503:Drivers/STM32F4xx_HAL_Driver/Src/stm32f4xx_hal_rcc_ex.c ****     while (__HAL_RCC_GET_FLAG(RCC_FLAG_PLLI2SRDY)  != RESET)
1504:Drivers/STM32F4xx_HAL_Driver/Src/stm32f4xx_hal_rcc_ex.c ****     {
1505:Drivers/STM32F4xx_HAL_Driver/Src/stm32f4xx_hal_rcc_ex.c ****       if ((HAL_GetTick() - tickstart) > PLLI2S_TIMEOUT_VALUE)
1506:Drivers/STM32F4xx_HAL_Driver/Src/stm32f4xx_hal_rcc_ex.c ****       {
1507:Drivers/STM32F4xx_HAL_Driver/Src/stm32f4xx_hal_rcc_ex.c ****         /* return in case of Timeout detected */
1508:Drivers/STM32F4xx_HAL_Driver/Src/stm32f4xx_hal_rcc_ex.c ****         return HAL_TIMEOUT;
1509:Drivers/STM32F4xx_HAL_Driver/Src/stm32f4xx_hal_rcc_ex.c ****       }
1510:Drivers/STM32F4xx_HAL_Driver/Src/stm32f4xx_hal_rcc_ex.c ****     }
1511:Drivers/STM32F4xx_HAL_Driver/Src/stm32f4xx_hal_rcc_ex.c **** 
1512:Drivers/STM32F4xx_HAL_Driver/Src/stm32f4xx_hal_rcc_ex.c ****     /* check for common PLLI2S Parameters */
1513:Drivers/STM32F4xx_HAL_Driver/Src/stm32f4xx_hal_rcc_ex.c ****     assert_param(IS_RCC_PLLI2SCLKSOURCE(PeriphClkInit->PLLI2SSelection));
1514:Drivers/STM32F4xx_HAL_Driver/Src/stm32f4xx_hal_rcc_ex.c ****     assert_param(IS_RCC_PLLI2SM_VALUE(PeriphClkInit->PLLI2S.PLLI2SM));
1515:Drivers/STM32F4xx_HAL_Driver/Src/stm32f4xx_hal_rcc_ex.c ****     assert_param(IS_RCC_PLLI2SN_VALUE(PeriphClkInit->PLLI2S.PLLI2SN));
1516:Drivers/STM32F4xx_HAL_Driver/Src/stm32f4xx_hal_rcc_ex.c ****     /*-------------------- Set the PLL I2S clock -----------------------------*/
1517:Drivers/STM32F4xx_HAL_Driver/Src/stm32f4xx_hal_rcc_ex.c ****     __HAL_RCC_PLL_I2S_CONFIG(PeriphClkInit->PLLI2SSelection);
1518:Drivers/STM32F4xx_HAL_Driver/Src/stm32f4xx_hal_rcc_ex.c **** 
1519:Drivers/STM32F4xx_HAL_Driver/Src/stm32f4xx_hal_rcc_ex.c ****     /*------- In Case of PLLI2S is selected as source clock for I2S ----------*/
1520:Drivers/STM32F4xx_HAL_Driver/Src/stm32f4xx_hal_rcc_ex.c ****     if (((((PeriphClkInit->PeriphClockSelection) & RCC_PERIPHCLK_I2S_APB1) == RCC_PERIPHCLK_I2S_APB
1521:Drivers/STM32F4xx_HAL_Driver/Src/stm32f4xx_hal_rcc_ex.c ****          && (PeriphClkInit->I2sApb1ClockSelection == RCC_I2SAPB1CLKSOURCE_PLLI2S)) ||
1522:Drivers/STM32F4xx_HAL_Driver/Src/stm32f4xx_hal_rcc_ex.c ****         ((((PeriphClkInit->PeriphClockSelection) & RCC_PERIPHCLK_I2S_APB2) == RCC_PERIPHCLK_I2S_APB
1523:Drivers/STM32F4xx_HAL_Driver/Src/stm32f4xx_hal_rcc_ex.c ****         ((((PeriphClkInit->PeriphClockSelection) & RCC_PERIPHCLK_CLK48) == RCC_PERIPHCLK_CLK48) && 
1524:Drivers/STM32F4xx_HAL_Driver/Src/stm32f4xx_hal_rcc_ex.c ****         ((((PeriphClkInit->PeriphClockSelection) & RCC_PERIPHCLK_SDIO) == RCC_PERIPHCLK_SDIO) && (P
1525:Drivers/STM32F4xx_HAL_Driver/Src/stm32f4xx_hal_rcc_ex.c ****     {
1526:Drivers/STM32F4xx_HAL_Driver/Src/stm32f4xx_hal_rcc_ex.c ****       /* check for Parameters */
1527:Drivers/STM32F4xx_HAL_Driver/Src/stm32f4xx_hal_rcc_ex.c ****       assert_param(IS_RCC_PLLI2SR_VALUE(PeriphClkInit->PLLI2S.PLLI2SR));
1528:Drivers/STM32F4xx_HAL_Driver/Src/stm32f4xx_hal_rcc_ex.c ****       assert_param(IS_RCC_PLLI2SQ_VALUE(PeriphClkInit->PLLI2S.PLLI2SQ));
1529:Drivers/STM32F4xx_HAL_Driver/Src/stm32f4xx_hal_rcc_ex.c **** 
1530:Drivers/STM32F4xx_HAL_Driver/Src/stm32f4xx_hal_rcc_ex.c ****       /* Configure the PLLI2S division factors */
1531:Drivers/STM32F4xx_HAL_Driver/Src/stm32f4xx_hal_rcc_ex.c ****       /* PLLI2S_VCO = f(VCO clock) = f(PLLI2S clock input) * (PLLI2SN/PLLI2SM)*/
1532:Drivers/STM32F4xx_HAL_Driver/Src/stm32f4xx_hal_rcc_ex.c ****       /* I2SCLK = f(PLLI2S clock output) = f(VCO clock) / PLLI2SR */
1533:Drivers/STM32F4xx_HAL_Driver/Src/stm32f4xx_hal_rcc_ex.c ****       __HAL_RCC_PLLI2S_CONFIG(PeriphClkInit->PLLI2S.PLLI2SM, PeriphClkInit->PLLI2S.PLLI2SN, PeriphC
1534:Drivers/STM32F4xx_HAL_Driver/Src/stm32f4xx_hal_rcc_ex.c ****                               PeriphClkInit->PLLI2S.PLLI2SR);
1535:Drivers/STM32F4xx_HAL_Driver/Src/stm32f4xx_hal_rcc_ex.c ****     }
1536:Drivers/STM32F4xx_HAL_Driver/Src/stm32f4xx_hal_rcc_ex.c **** 
1537:Drivers/STM32F4xx_HAL_Driver/Src/stm32f4xx_hal_rcc_ex.c **** #if defined(STM32F413xx) || defined(STM32F423xx)
1538:Drivers/STM32F4xx_HAL_Driver/Src/stm32f4xx_hal_rcc_ex.c ****     /*------- In Case of PLLI2S is selected as source clock for SAI ----------*/
1539:Drivers/STM32F4xx_HAL_Driver/Src/stm32f4xx_hal_rcc_ex.c ****     if (((((PeriphClkInit->PeriphClockSelection) & RCC_PERIPHCLK_SAIA) == RCC_PERIPHCLK_SAIA)
1540:Drivers/STM32F4xx_HAL_Driver/Src/stm32f4xx_hal_rcc_ex.c ****          && (PeriphClkInit->SaiAClockSelection == RCC_SAIACLKSOURCE_PLLI2SR)) ||
1541:Drivers/STM32F4xx_HAL_Driver/Src/stm32f4xx_hal_rcc_ex.c ****         ((((PeriphClkInit->PeriphClockSelection) & RCC_PERIPHCLK_SAIB) == RCC_PERIPHCLK_SAIB) && (P
1542:Drivers/STM32F4xx_HAL_Driver/Src/stm32f4xx_hal_rcc_ex.c ****     {
1543:Drivers/STM32F4xx_HAL_Driver/Src/stm32f4xx_hal_rcc_ex.c ****       /* Check for PLLI2S Parameters */
1544:Drivers/STM32F4xx_HAL_Driver/Src/stm32f4xx_hal_rcc_ex.c ****       assert_param(IS_RCC_PLLI2SR_VALUE(PeriphClkInit->PLLI2S.PLLI2SR));
1545:Drivers/STM32F4xx_HAL_Driver/Src/stm32f4xx_hal_rcc_ex.c ****       /* Check for PLLI2S/DIVR parameters */
1546:Drivers/STM32F4xx_HAL_Driver/Src/stm32f4xx_hal_rcc_ex.c ****       assert_param(IS_RCC_PLLI2S_DIVR_VALUE(PeriphClkInit->PLLI2SDivR));
1547:Drivers/STM32F4xx_HAL_Driver/Src/stm32f4xx_hal_rcc_ex.c **** 
1548:Drivers/STM32F4xx_HAL_Driver/Src/stm32f4xx_hal_rcc_ex.c ****       /* Read PLLI2SQ value from PLLI2SCFGR register (this value is not needed for SAI configuratio
1549:Drivers/STM32F4xx_HAL_Driver/Src/stm32f4xx_hal_rcc_ex.c ****       plli2sq = ((RCC->PLLI2SCFGR & RCC_PLLI2SCFGR_PLLI2SQ) >> RCC_PLLI2SCFGR_PLLI2SQ_Pos);
1550:Drivers/STM32F4xx_HAL_Driver/Src/stm32f4xx_hal_rcc_ex.c ****       /* Configure the PLLI2S division factors */
1551:Drivers/STM32F4xx_HAL_Driver/Src/stm32f4xx_hal_rcc_ex.c ****       /* PLLI2S_VCO Input  = PLL_SOURCE/PLLI2SM */
1552:Drivers/STM32F4xx_HAL_Driver/Src/stm32f4xx_hal_rcc_ex.c ****       /* PLLI2S_VCO Output = PLLI2S_VCO Input * PLLI2SN */
1553:Drivers/STM32F4xx_HAL_Driver/Src/stm32f4xx_hal_rcc_ex.c ****       /* SAI_CLK(first level) = PLLI2S_VCO Output/PLLI2SQ */
1554:Drivers/STM32F4xx_HAL_Driver/Src/stm32f4xx_hal_rcc_ex.c ****       __HAL_RCC_PLLI2S_CONFIG(PeriphClkInit->PLLI2S.PLLI2SM, PeriphClkInit->PLLI2S.PLLI2SN, plli2sq
1555:Drivers/STM32F4xx_HAL_Driver/Src/stm32f4xx_hal_rcc_ex.c ****                               PeriphClkInit->PLLI2S.PLLI2SR);
1556:Drivers/STM32F4xx_HAL_Driver/Src/stm32f4xx_hal_rcc_ex.c **** 
ARM GAS  C:\Users\Ebrahim\AppData\Local\Temp\ccoXyWuB.s 			page 64


1557:Drivers/STM32F4xx_HAL_Driver/Src/stm32f4xx_hal_rcc_ex.c ****       /* SAI_CLK_x = SAI_CLK(first level)/PLLI2SDIVR */
1558:Drivers/STM32F4xx_HAL_Driver/Src/stm32f4xx_hal_rcc_ex.c ****       __HAL_RCC_PLLI2S_PLLSAICLKDIVR_CONFIG(PeriphClkInit->PLLI2SDivR);
1559:Drivers/STM32F4xx_HAL_Driver/Src/stm32f4xx_hal_rcc_ex.c ****     }
1560:Drivers/STM32F4xx_HAL_Driver/Src/stm32f4xx_hal_rcc_ex.c **** #endif /* STM32F413xx || STM32F423xx */
1561:Drivers/STM32F4xx_HAL_Driver/Src/stm32f4xx_hal_rcc_ex.c **** 
1562:Drivers/STM32F4xx_HAL_Driver/Src/stm32f4xx_hal_rcc_ex.c ****     /*----------------- In Case of PLLI2S is just selected  ------------------*/
1563:Drivers/STM32F4xx_HAL_Driver/Src/stm32f4xx_hal_rcc_ex.c ****     if ((PeriphClkInit->PeriphClockSelection & RCC_PERIPHCLK_PLLI2S) == RCC_PERIPHCLK_PLLI2S)
1564:Drivers/STM32F4xx_HAL_Driver/Src/stm32f4xx_hal_rcc_ex.c ****     {
1565:Drivers/STM32F4xx_HAL_Driver/Src/stm32f4xx_hal_rcc_ex.c ****       /* Check for Parameters */
1566:Drivers/STM32F4xx_HAL_Driver/Src/stm32f4xx_hal_rcc_ex.c ****       assert_param(IS_RCC_PLLI2SR_VALUE(PeriphClkInit->PLLI2S.PLLI2SR));
1567:Drivers/STM32F4xx_HAL_Driver/Src/stm32f4xx_hal_rcc_ex.c ****       assert_param(IS_RCC_PLLI2SQ_VALUE(PeriphClkInit->PLLI2S.PLLI2SQ));
1568:Drivers/STM32F4xx_HAL_Driver/Src/stm32f4xx_hal_rcc_ex.c **** 
1569:Drivers/STM32F4xx_HAL_Driver/Src/stm32f4xx_hal_rcc_ex.c ****       /* Configure the PLLI2S division factors */
1570:Drivers/STM32F4xx_HAL_Driver/Src/stm32f4xx_hal_rcc_ex.c ****       /* PLLI2S_VCO = f(VCO clock) = f(PLLI2S clock input) * (PLLI2SN/PLLI2SM)*/
1571:Drivers/STM32F4xx_HAL_Driver/Src/stm32f4xx_hal_rcc_ex.c ****       /* SPDIFRXCLK = f(PLLI2S clock output) = f(VCO clock) / PLLI2SP */
1572:Drivers/STM32F4xx_HAL_Driver/Src/stm32f4xx_hal_rcc_ex.c ****       __HAL_RCC_PLLI2S_CONFIG(PeriphClkInit->PLLI2S.PLLI2SM, PeriphClkInit->PLLI2S.PLLI2SN, PeriphC
1573:Drivers/STM32F4xx_HAL_Driver/Src/stm32f4xx_hal_rcc_ex.c ****                               PeriphClkInit->PLLI2S.PLLI2SR);
1574:Drivers/STM32F4xx_HAL_Driver/Src/stm32f4xx_hal_rcc_ex.c ****     }
1575:Drivers/STM32F4xx_HAL_Driver/Src/stm32f4xx_hal_rcc_ex.c **** 
1576:Drivers/STM32F4xx_HAL_Driver/Src/stm32f4xx_hal_rcc_ex.c ****     /* Enable the PLLI2S */
1577:Drivers/STM32F4xx_HAL_Driver/Src/stm32f4xx_hal_rcc_ex.c ****     __HAL_RCC_PLLI2S_ENABLE();
1578:Drivers/STM32F4xx_HAL_Driver/Src/stm32f4xx_hal_rcc_ex.c ****     /* Get tick */
1579:Drivers/STM32F4xx_HAL_Driver/Src/stm32f4xx_hal_rcc_ex.c ****     tickstart = HAL_GetTick();
1580:Drivers/STM32F4xx_HAL_Driver/Src/stm32f4xx_hal_rcc_ex.c ****     /* Wait till PLLI2S is ready */
1581:Drivers/STM32F4xx_HAL_Driver/Src/stm32f4xx_hal_rcc_ex.c ****     while (__HAL_RCC_GET_FLAG(RCC_FLAG_PLLI2SRDY)  == RESET)
1582:Drivers/STM32F4xx_HAL_Driver/Src/stm32f4xx_hal_rcc_ex.c ****     {
1583:Drivers/STM32F4xx_HAL_Driver/Src/stm32f4xx_hal_rcc_ex.c ****       if ((HAL_GetTick() - tickstart) > PLLI2S_TIMEOUT_VALUE)
1584:Drivers/STM32F4xx_HAL_Driver/Src/stm32f4xx_hal_rcc_ex.c ****       {
1585:Drivers/STM32F4xx_HAL_Driver/Src/stm32f4xx_hal_rcc_ex.c ****         /* return in case of Timeout detected */
1586:Drivers/STM32F4xx_HAL_Driver/Src/stm32f4xx_hal_rcc_ex.c ****         return HAL_TIMEOUT;
1587:Drivers/STM32F4xx_HAL_Driver/Src/stm32f4xx_hal_rcc_ex.c ****       }
1588:Drivers/STM32F4xx_HAL_Driver/Src/stm32f4xx_hal_rcc_ex.c ****     }
1589:Drivers/STM32F4xx_HAL_Driver/Src/stm32f4xx_hal_rcc_ex.c ****   }
1590:Drivers/STM32F4xx_HAL_Driver/Src/stm32f4xx_hal_rcc_ex.c ****   /*--------------------------------------------------------------------------*/
1591:Drivers/STM32F4xx_HAL_Driver/Src/stm32f4xx_hal_rcc_ex.c **** 
1592:Drivers/STM32F4xx_HAL_Driver/Src/stm32f4xx_hal_rcc_ex.c ****   /*-------------------- DFSDM1 clock source configuration -------------------*/
1593:Drivers/STM32F4xx_HAL_Driver/Src/stm32f4xx_hal_rcc_ex.c ****   if (((PeriphClkInit->PeriphClockSelection) & RCC_PERIPHCLK_DFSDM1) == RCC_PERIPHCLK_DFSDM1)
1594:Drivers/STM32F4xx_HAL_Driver/Src/stm32f4xx_hal_rcc_ex.c ****   {
1595:Drivers/STM32F4xx_HAL_Driver/Src/stm32f4xx_hal_rcc_ex.c ****     /* Check the parameters */
1596:Drivers/STM32F4xx_HAL_Driver/Src/stm32f4xx_hal_rcc_ex.c ****     assert_param(IS_RCC_DFSDM1CLKSOURCE(PeriphClkInit->Dfsdm1ClockSelection));
1597:Drivers/STM32F4xx_HAL_Driver/Src/stm32f4xx_hal_rcc_ex.c **** 
1598:Drivers/STM32F4xx_HAL_Driver/Src/stm32f4xx_hal_rcc_ex.c ****     /* Configure the DFSDM1 interface clock source */
1599:Drivers/STM32F4xx_HAL_Driver/Src/stm32f4xx_hal_rcc_ex.c ****     __HAL_RCC_DFSDM1_CONFIG(PeriphClkInit->Dfsdm1ClockSelection);
1600:Drivers/STM32F4xx_HAL_Driver/Src/stm32f4xx_hal_rcc_ex.c ****   }
1601:Drivers/STM32F4xx_HAL_Driver/Src/stm32f4xx_hal_rcc_ex.c ****   /*--------------------------------------------------------------------------*/
1602:Drivers/STM32F4xx_HAL_Driver/Src/stm32f4xx_hal_rcc_ex.c **** 
1603:Drivers/STM32F4xx_HAL_Driver/Src/stm32f4xx_hal_rcc_ex.c ****   /*-------------------- DFSDM1 Audio clock source configuration -------------*/
1604:Drivers/STM32F4xx_HAL_Driver/Src/stm32f4xx_hal_rcc_ex.c ****   if (((PeriphClkInit->PeriphClockSelection) & RCC_PERIPHCLK_DFSDM1_AUDIO) == RCC_PERIPHCLK_DFSDM1_
1605:Drivers/STM32F4xx_HAL_Driver/Src/stm32f4xx_hal_rcc_ex.c ****   {
1606:Drivers/STM32F4xx_HAL_Driver/Src/stm32f4xx_hal_rcc_ex.c ****     /* Check the parameters */
1607:Drivers/STM32F4xx_HAL_Driver/Src/stm32f4xx_hal_rcc_ex.c ****     assert_param(IS_RCC_DFSDM1AUDIOCLKSOURCE(PeriphClkInit->Dfsdm1AudioClockSelection));
1608:Drivers/STM32F4xx_HAL_Driver/Src/stm32f4xx_hal_rcc_ex.c **** 
1609:Drivers/STM32F4xx_HAL_Driver/Src/stm32f4xx_hal_rcc_ex.c ****     /* Configure the DFSDM1 Audio interface clock source */
1610:Drivers/STM32F4xx_HAL_Driver/Src/stm32f4xx_hal_rcc_ex.c ****     __HAL_RCC_DFSDM1AUDIO_CONFIG(PeriphClkInit->Dfsdm1AudioClockSelection);
1611:Drivers/STM32F4xx_HAL_Driver/Src/stm32f4xx_hal_rcc_ex.c ****   }
1612:Drivers/STM32F4xx_HAL_Driver/Src/stm32f4xx_hal_rcc_ex.c ****   /*--------------------------------------------------------------------------*/
1613:Drivers/STM32F4xx_HAL_Driver/Src/stm32f4xx_hal_rcc_ex.c **** 
ARM GAS  C:\Users\Ebrahim\AppData\Local\Temp\ccoXyWuB.s 			page 65


1614:Drivers/STM32F4xx_HAL_Driver/Src/stm32f4xx_hal_rcc_ex.c **** #if defined(STM32F413xx) || defined(STM32F423xx)
1615:Drivers/STM32F4xx_HAL_Driver/Src/stm32f4xx_hal_rcc_ex.c ****   /*-------------------- DFSDM2 clock source configuration -------------------*/
1616:Drivers/STM32F4xx_HAL_Driver/Src/stm32f4xx_hal_rcc_ex.c ****   if (((PeriphClkInit->PeriphClockSelection) & RCC_PERIPHCLK_DFSDM2) == RCC_PERIPHCLK_DFSDM2)
1617:Drivers/STM32F4xx_HAL_Driver/Src/stm32f4xx_hal_rcc_ex.c ****   {
1618:Drivers/STM32F4xx_HAL_Driver/Src/stm32f4xx_hal_rcc_ex.c ****     /* Check the parameters */
1619:Drivers/STM32F4xx_HAL_Driver/Src/stm32f4xx_hal_rcc_ex.c ****     assert_param(IS_RCC_DFSDM2CLKSOURCE(PeriphClkInit->Dfsdm2ClockSelection));
1620:Drivers/STM32F4xx_HAL_Driver/Src/stm32f4xx_hal_rcc_ex.c **** 
1621:Drivers/STM32F4xx_HAL_Driver/Src/stm32f4xx_hal_rcc_ex.c ****     /* Configure the DFSDM1 interface clock source */
1622:Drivers/STM32F4xx_HAL_Driver/Src/stm32f4xx_hal_rcc_ex.c ****     __HAL_RCC_DFSDM2_CONFIG(PeriphClkInit->Dfsdm2ClockSelection);
1623:Drivers/STM32F4xx_HAL_Driver/Src/stm32f4xx_hal_rcc_ex.c ****   }
1624:Drivers/STM32F4xx_HAL_Driver/Src/stm32f4xx_hal_rcc_ex.c ****   /*--------------------------------------------------------------------------*/
1625:Drivers/STM32F4xx_HAL_Driver/Src/stm32f4xx_hal_rcc_ex.c **** 
1626:Drivers/STM32F4xx_HAL_Driver/Src/stm32f4xx_hal_rcc_ex.c ****   /*-------------------- DFSDM2 Audio clock source configuration -------------*/
1627:Drivers/STM32F4xx_HAL_Driver/Src/stm32f4xx_hal_rcc_ex.c ****   if (((PeriphClkInit->PeriphClockSelection) & RCC_PERIPHCLK_DFSDM2_AUDIO) == RCC_PERIPHCLK_DFSDM2_
1628:Drivers/STM32F4xx_HAL_Driver/Src/stm32f4xx_hal_rcc_ex.c ****   {
1629:Drivers/STM32F4xx_HAL_Driver/Src/stm32f4xx_hal_rcc_ex.c ****     /* Check the parameters */
1630:Drivers/STM32F4xx_HAL_Driver/Src/stm32f4xx_hal_rcc_ex.c ****     assert_param(IS_RCC_DFSDM2AUDIOCLKSOURCE(PeriphClkInit->Dfsdm2AudioClockSelection));
1631:Drivers/STM32F4xx_HAL_Driver/Src/stm32f4xx_hal_rcc_ex.c **** 
1632:Drivers/STM32F4xx_HAL_Driver/Src/stm32f4xx_hal_rcc_ex.c ****     /* Configure the DFSDM1 Audio interface clock source */
1633:Drivers/STM32F4xx_HAL_Driver/Src/stm32f4xx_hal_rcc_ex.c ****     __HAL_RCC_DFSDM2AUDIO_CONFIG(PeriphClkInit->Dfsdm2AudioClockSelection);
1634:Drivers/STM32F4xx_HAL_Driver/Src/stm32f4xx_hal_rcc_ex.c ****   }
1635:Drivers/STM32F4xx_HAL_Driver/Src/stm32f4xx_hal_rcc_ex.c ****   /*--------------------------------------------------------------------------*/
1636:Drivers/STM32F4xx_HAL_Driver/Src/stm32f4xx_hal_rcc_ex.c **** 
1637:Drivers/STM32F4xx_HAL_Driver/Src/stm32f4xx_hal_rcc_ex.c ****   /*---------------------------- LPTIM1 Configuration ------------------------*/
1638:Drivers/STM32F4xx_HAL_Driver/Src/stm32f4xx_hal_rcc_ex.c ****   if (((PeriphClkInit->PeriphClockSelection) & RCC_PERIPHCLK_LPTIM1) == RCC_PERIPHCLK_LPTIM1)
1639:Drivers/STM32F4xx_HAL_Driver/Src/stm32f4xx_hal_rcc_ex.c ****   {
1640:Drivers/STM32F4xx_HAL_Driver/Src/stm32f4xx_hal_rcc_ex.c ****     /* Check the parameters */
1641:Drivers/STM32F4xx_HAL_Driver/Src/stm32f4xx_hal_rcc_ex.c ****     assert_param(IS_RCC_LPTIM1CLKSOURCE(PeriphClkInit->Lptim1ClockSelection));
1642:Drivers/STM32F4xx_HAL_Driver/Src/stm32f4xx_hal_rcc_ex.c **** 
1643:Drivers/STM32F4xx_HAL_Driver/Src/stm32f4xx_hal_rcc_ex.c ****     /* Configure the LPTIM1 clock source */
1644:Drivers/STM32F4xx_HAL_Driver/Src/stm32f4xx_hal_rcc_ex.c ****     __HAL_RCC_LPTIM1_CONFIG(PeriphClkInit->Lptim1ClockSelection);
1645:Drivers/STM32F4xx_HAL_Driver/Src/stm32f4xx_hal_rcc_ex.c ****   }
1646:Drivers/STM32F4xx_HAL_Driver/Src/stm32f4xx_hal_rcc_ex.c ****   /*--------------------------------------------------------------------------*/
1647:Drivers/STM32F4xx_HAL_Driver/Src/stm32f4xx_hal_rcc_ex.c **** #endif /* STM32F413xx || STM32F423xx */
1648:Drivers/STM32F4xx_HAL_Driver/Src/stm32f4xx_hal_rcc_ex.c **** 
1649:Drivers/STM32F4xx_HAL_Driver/Src/stm32f4xx_hal_rcc_ex.c ****   return HAL_OK;
1650:Drivers/STM32F4xx_HAL_Driver/Src/stm32f4xx_hal_rcc_ex.c **** }
1651:Drivers/STM32F4xx_HAL_Driver/Src/stm32f4xx_hal_rcc_ex.c **** 
1652:Drivers/STM32F4xx_HAL_Driver/Src/stm32f4xx_hal_rcc_ex.c **** /**
1653:Drivers/STM32F4xx_HAL_Driver/Src/stm32f4xx_hal_rcc_ex.c ****   * @brief  Get the RCC_PeriphCLKInitTypeDef according to the internal
1654:Drivers/STM32F4xx_HAL_Driver/Src/stm32f4xx_hal_rcc_ex.c ****   *         RCC configuration registers.
1655:Drivers/STM32F4xx_HAL_Driver/Src/stm32f4xx_hal_rcc_ex.c ****   * @param  PeriphClkInit pointer to an RCC_PeriphCLKInitTypeDef structure that
1656:Drivers/STM32F4xx_HAL_Driver/Src/stm32f4xx_hal_rcc_ex.c ****   *         will be configured.
1657:Drivers/STM32F4xx_HAL_Driver/Src/stm32f4xx_hal_rcc_ex.c ****   * @retval None
1658:Drivers/STM32F4xx_HAL_Driver/Src/stm32f4xx_hal_rcc_ex.c ****   */
1659:Drivers/STM32F4xx_HAL_Driver/Src/stm32f4xx_hal_rcc_ex.c **** void HAL_RCCEx_GetPeriphCLKConfig(RCC_PeriphCLKInitTypeDef  *PeriphClkInit)
1660:Drivers/STM32F4xx_HAL_Driver/Src/stm32f4xx_hal_rcc_ex.c **** {
1661:Drivers/STM32F4xx_HAL_Driver/Src/stm32f4xx_hal_rcc_ex.c ****   uint32_t tempreg;
1662:Drivers/STM32F4xx_HAL_Driver/Src/stm32f4xx_hal_rcc_ex.c **** 
1663:Drivers/STM32F4xx_HAL_Driver/Src/stm32f4xx_hal_rcc_ex.c ****   /* Set all possible values for the extended clock type parameter------------*/
1664:Drivers/STM32F4xx_HAL_Driver/Src/stm32f4xx_hal_rcc_ex.c **** #if defined(STM32F413xx) || defined(STM32F423xx)
1665:Drivers/STM32F4xx_HAL_Driver/Src/stm32f4xx_hal_rcc_ex.c ****   PeriphClkInit->PeriphClockSelection = RCC_PERIPHCLK_I2S_APB1     | RCC_PERIPHCLK_I2S_APB2 | \
1666:Drivers/STM32F4xx_HAL_Driver/Src/stm32f4xx_hal_rcc_ex.c ****                                         RCC_PERIPHCLK_TIM          | RCC_PERIPHCLK_RTC      | \
1667:Drivers/STM32F4xx_HAL_Driver/Src/stm32f4xx_hal_rcc_ex.c ****                                         RCC_PERIPHCLK_FMPI2C1      | RCC_PERIPHCLK_CLK48    | \
1668:Drivers/STM32F4xx_HAL_Driver/Src/stm32f4xx_hal_rcc_ex.c ****                                         RCC_PERIPHCLK_SDIO         | RCC_PERIPHCLK_DFSDM1   | \
1669:Drivers/STM32F4xx_HAL_Driver/Src/stm32f4xx_hal_rcc_ex.c ****                                         RCC_PERIPHCLK_DFSDM1_AUDIO | RCC_PERIPHCLK_DFSDM2   | \
1670:Drivers/STM32F4xx_HAL_Driver/Src/stm32f4xx_hal_rcc_ex.c ****                                         RCC_PERIPHCLK_DFSDM2_AUDIO | RCC_PERIPHCLK_LPTIM1   | \
ARM GAS  C:\Users\Ebrahim\AppData\Local\Temp\ccoXyWuB.s 			page 66


1671:Drivers/STM32F4xx_HAL_Driver/Src/stm32f4xx_hal_rcc_ex.c ****                                         RCC_PERIPHCLK_SAIA         | RCC_PERIPHCLK_SAIB;
1672:Drivers/STM32F4xx_HAL_Driver/Src/stm32f4xx_hal_rcc_ex.c **** #else /* STM32F412Zx || STM32F412Vx || STM32F412Rx || STM32F412Cx */
1673:Drivers/STM32F4xx_HAL_Driver/Src/stm32f4xx_hal_rcc_ex.c ****   PeriphClkInit->PeriphClockSelection = RCC_PERIPHCLK_I2S_APB1 | RCC_PERIPHCLK_I2S_APB2 | \
1674:Drivers/STM32F4xx_HAL_Driver/Src/stm32f4xx_hal_rcc_ex.c ****                                         RCC_PERIPHCLK_TIM      | RCC_PERIPHCLK_RTC      | \
1675:Drivers/STM32F4xx_HAL_Driver/Src/stm32f4xx_hal_rcc_ex.c ****                                         RCC_PERIPHCLK_FMPI2C1  | RCC_PERIPHCLK_CLK48    | \
1676:Drivers/STM32F4xx_HAL_Driver/Src/stm32f4xx_hal_rcc_ex.c ****                                         RCC_PERIPHCLK_SDIO     | RCC_PERIPHCLK_DFSDM1   | \
1677:Drivers/STM32F4xx_HAL_Driver/Src/stm32f4xx_hal_rcc_ex.c ****                                         RCC_PERIPHCLK_DFSDM1_AUDIO;
1678:Drivers/STM32F4xx_HAL_Driver/Src/stm32f4xx_hal_rcc_ex.c **** #endif /* STM32F413xx || STM32F423xx */
1679:Drivers/STM32F4xx_HAL_Driver/Src/stm32f4xx_hal_rcc_ex.c **** 
1680:Drivers/STM32F4xx_HAL_Driver/Src/stm32f4xx_hal_rcc_ex.c **** 
1681:Drivers/STM32F4xx_HAL_Driver/Src/stm32f4xx_hal_rcc_ex.c **** 
1682:Drivers/STM32F4xx_HAL_Driver/Src/stm32f4xx_hal_rcc_ex.c ****   /* Get the PLLI2S Clock configuration --------------------------------------*/
1683:Drivers/STM32F4xx_HAL_Driver/Src/stm32f4xx_hal_rcc_ex.c ****   PeriphClkInit->PLLI2S.PLLI2SM = (uint32_t)((RCC->PLLI2SCFGR & RCC_PLLI2SCFGR_PLLI2SM) >> RCC_PLLI
1684:Drivers/STM32F4xx_HAL_Driver/Src/stm32f4xx_hal_rcc_ex.c ****   PeriphClkInit->PLLI2S.PLLI2SN = (uint32_t)((RCC->PLLI2SCFGR & RCC_PLLI2SCFGR_PLLI2SN) >> RCC_PLLI
1685:Drivers/STM32F4xx_HAL_Driver/Src/stm32f4xx_hal_rcc_ex.c ****   PeriphClkInit->PLLI2S.PLLI2SQ = (uint32_t)((RCC->PLLI2SCFGR & RCC_PLLI2SCFGR_PLLI2SQ) >> RCC_PLLI
1686:Drivers/STM32F4xx_HAL_Driver/Src/stm32f4xx_hal_rcc_ex.c ****   PeriphClkInit->PLLI2S.PLLI2SR = (uint32_t)((RCC->PLLI2SCFGR & RCC_PLLI2SCFGR_PLLI2SR) >> RCC_PLLI
1687:Drivers/STM32F4xx_HAL_Driver/Src/stm32f4xx_hal_rcc_ex.c **** #if defined(STM32F413xx) || defined(STM32F423xx)
1688:Drivers/STM32F4xx_HAL_Driver/Src/stm32f4xx_hal_rcc_ex.c ****   /* Get the PLL/PLLI2S division factors -------------------------------------*/
1689:Drivers/STM32F4xx_HAL_Driver/Src/stm32f4xx_hal_rcc_ex.c ****   PeriphClkInit->PLLI2SDivR = (uint32_t)((RCC->DCKCFGR & RCC_DCKCFGR_PLLI2SDIVR) >> RCC_DCKCFGR_PLL
1690:Drivers/STM32F4xx_HAL_Driver/Src/stm32f4xx_hal_rcc_ex.c ****   PeriphClkInit->PLLDivR = (uint32_t)((RCC->DCKCFGR & RCC_DCKCFGR_PLLDIVR) >> RCC_DCKCFGR_PLLDIVR_P
1691:Drivers/STM32F4xx_HAL_Driver/Src/stm32f4xx_hal_rcc_ex.c **** #endif /* STM32F413xx || STM32F423xx */
1692:Drivers/STM32F4xx_HAL_Driver/Src/stm32f4xx_hal_rcc_ex.c **** 
1693:Drivers/STM32F4xx_HAL_Driver/Src/stm32f4xx_hal_rcc_ex.c ****   /* Get the I2S APB1 clock configuration ------------------------------------*/
1694:Drivers/STM32F4xx_HAL_Driver/Src/stm32f4xx_hal_rcc_ex.c ****   PeriphClkInit->I2sApb1ClockSelection = __HAL_RCC_GET_I2S_APB1_SOURCE();
1695:Drivers/STM32F4xx_HAL_Driver/Src/stm32f4xx_hal_rcc_ex.c **** 
1696:Drivers/STM32F4xx_HAL_Driver/Src/stm32f4xx_hal_rcc_ex.c ****   /* Get the I2S APB2 clock configuration ------------------------------------*/
1697:Drivers/STM32F4xx_HAL_Driver/Src/stm32f4xx_hal_rcc_ex.c ****   PeriphClkInit->I2sApb2ClockSelection = __HAL_RCC_GET_I2S_APB2_SOURCE();
1698:Drivers/STM32F4xx_HAL_Driver/Src/stm32f4xx_hal_rcc_ex.c **** 
1699:Drivers/STM32F4xx_HAL_Driver/Src/stm32f4xx_hal_rcc_ex.c ****   /* Get the RTC Clock configuration -----------------------------------------*/
1700:Drivers/STM32F4xx_HAL_Driver/Src/stm32f4xx_hal_rcc_ex.c ****   tempreg = (RCC->CFGR & RCC_CFGR_RTCPRE);
1701:Drivers/STM32F4xx_HAL_Driver/Src/stm32f4xx_hal_rcc_ex.c ****   PeriphClkInit->RTCClockSelection = (uint32_t)((tempreg) | (RCC->BDCR & RCC_BDCR_RTCSEL));
1702:Drivers/STM32F4xx_HAL_Driver/Src/stm32f4xx_hal_rcc_ex.c **** 
1703:Drivers/STM32F4xx_HAL_Driver/Src/stm32f4xx_hal_rcc_ex.c ****   /* Get the FMPI2C1 clock configuration -------------------------------------*/
1704:Drivers/STM32F4xx_HAL_Driver/Src/stm32f4xx_hal_rcc_ex.c ****   PeriphClkInit->Fmpi2c1ClockSelection = __HAL_RCC_GET_FMPI2C1_SOURCE();
1705:Drivers/STM32F4xx_HAL_Driver/Src/stm32f4xx_hal_rcc_ex.c **** 
1706:Drivers/STM32F4xx_HAL_Driver/Src/stm32f4xx_hal_rcc_ex.c ****   /* Get the CLK48 clock configuration ---------------------------------------*/
1707:Drivers/STM32F4xx_HAL_Driver/Src/stm32f4xx_hal_rcc_ex.c ****   PeriphClkInit->Clk48ClockSelection = __HAL_RCC_GET_CLK48_SOURCE();
1708:Drivers/STM32F4xx_HAL_Driver/Src/stm32f4xx_hal_rcc_ex.c **** 
1709:Drivers/STM32F4xx_HAL_Driver/Src/stm32f4xx_hal_rcc_ex.c ****   /* Get the SDIO clock configuration ----------------------------------------*/
1710:Drivers/STM32F4xx_HAL_Driver/Src/stm32f4xx_hal_rcc_ex.c ****   PeriphClkInit->SdioClockSelection = __HAL_RCC_GET_SDIO_SOURCE();
1711:Drivers/STM32F4xx_HAL_Driver/Src/stm32f4xx_hal_rcc_ex.c **** 
1712:Drivers/STM32F4xx_HAL_Driver/Src/stm32f4xx_hal_rcc_ex.c ****   /* Get the DFSDM1 clock configuration --------------------------------------*/
1713:Drivers/STM32F4xx_HAL_Driver/Src/stm32f4xx_hal_rcc_ex.c ****   PeriphClkInit->Dfsdm1ClockSelection = __HAL_RCC_GET_DFSDM1_SOURCE();
1714:Drivers/STM32F4xx_HAL_Driver/Src/stm32f4xx_hal_rcc_ex.c **** 
1715:Drivers/STM32F4xx_HAL_Driver/Src/stm32f4xx_hal_rcc_ex.c ****   /* Get the DFSDM1 Audio clock configuration --------------------------------*/
1716:Drivers/STM32F4xx_HAL_Driver/Src/stm32f4xx_hal_rcc_ex.c ****   PeriphClkInit->Dfsdm1AudioClockSelection = __HAL_RCC_GET_DFSDM1AUDIO_SOURCE();
1717:Drivers/STM32F4xx_HAL_Driver/Src/stm32f4xx_hal_rcc_ex.c **** 
1718:Drivers/STM32F4xx_HAL_Driver/Src/stm32f4xx_hal_rcc_ex.c **** #if defined(STM32F413xx) || defined(STM32F423xx)
1719:Drivers/STM32F4xx_HAL_Driver/Src/stm32f4xx_hal_rcc_ex.c ****   /* Get the DFSDM2 clock configuration --------------------------------------*/
1720:Drivers/STM32F4xx_HAL_Driver/Src/stm32f4xx_hal_rcc_ex.c ****   PeriphClkInit->Dfsdm2ClockSelection = __HAL_RCC_GET_DFSDM2_SOURCE();
1721:Drivers/STM32F4xx_HAL_Driver/Src/stm32f4xx_hal_rcc_ex.c **** 
1722:Drivers/STM32F4xx_HAL_Driver/Src/stm32f4xx_hal_rcc_ex.c ****   /* Get the DFSDM2 Audio clock configuration --------------------------------*/
1723:Drivers/STM32F4xx_HAL_Driver/Src/stm32f4xx_hal_rcc_ex.c ****   PeriphClkInit->Dfsdm2AudioClockSelection = __HAL_RCC_GET_DFSDM2AUDIO_SOURCE();
1724:Drivers/STM32F4xx_HAL_Driver/Src/stm32f4xx_hal_rcc_ex.c **** 
1725:Drivers/STM32F4xx_HAL_Driver/Src/stm32f4xx_hal_rcc_ex.c ****   /* Get the LPTIM1 clock configuration --------------------------------------*/
1726:Drivers/STM32F4xx_HAL_Driver/Src/stm32f4xx_hal_rcc_ex.c ****   PeriphClkInit->Lptim1ClockSelection = __HAL_RCC_GET_LPTIM1_SOURCE();
1727:Drivers/STM32F4xx_HAL_Driver/Src/stm32f4xx_hal_rcc_ex.c **** 
ARM GAS  C:\Users\Ebrahim\AppData\Local\Temp\ccoXyWuB.s 			page 67


1728:Drivers/STM32F4xx_HAL_Driver/Src/stm32f4xx_hal_rcc_ex.c ****   /* Get the SAI1 Block Aclock configuration ---------------------------------*/
1729:Drivers/STM32F4xx_HAL_Driver/Src/stm32f4xx_hal_rcc_ex.c ****   PeriphClkInit->SaiAClockSelection = __HAL_RCC_GET_SAI_BLOCKA_SOURCE();
1730:Drivers/STM32F4xx_HAL_Driver/Src/stm32f4xx_hal_rcc_ex.c **** 
1731:Drivers/STM32F4xx_HAL_Driver/Src/stm32f4xx_hal_rcc_ex.c ****   /* Get the SAI1 Block B clock configuration --------------------------------*/
1732:Drivers/STM32F4xx_HAL_Driver/Src/stm32f4xx_hal_rcc_ex.c ****   PeriphClkInit->SaiBClockSelection = __HAL_RCC_GET_SAI_BLOCKB_SOURCE();
1733:Drivers/STM32F4xx_HAL_Driver/Src/stm32f4xx_hal_rcc_ex.c **** #endif /* STM32F413xx || STM32F423xx */
1734:Drivers/STM32F4xx_HAL_Driver/Src/stm32f4xx_hal_rcc_ex.c **** 
1735:Drivers/STM32F4xx_HAL_Driver/Src/stm32f4xx_hal_rcc_ex.c ****   /* Get the TIM Prescaler configuration -------------------------------------*/
1736:Drivers/STM32F4xx_HAL_Driver/Src/stm32f4xx_hal_rcc_ex.c ****   if ((RCC->DCKCFGR & RCC_DCKCFGR_TIMPRE) == RESET)
1737:Drivers/STM32F4xx_HAL_Driver/Src/stm32f4xx_hal_rcc_ex.c ****   {
1738:Drivers/STM32F4xx_HAL_Driver/Src/stm32f4xx_hal_rcc_ex.c ****     PeriphClkInit->TIMPresSelection = RCC_TIMPRES_DESACTIVATED;
1739:Drivers/STM32F4xx_HAL_Driver/Src/stm32f4xx_hal_rcc_ex.c ****   }
1740:Drivers/STM32F4xx_HAL_Driver/Src/stm32f4xx_hal_rcc_ex.c ****   else
1741:Drivers/STM32F4xx_HAL_Driver/Src/stm32f4xx_hal_rcc_ex.c ****   {
1742:Drivers/STM32F4xx_HAL_Driver/Src/stm32f4xx_hal_rcc_ex.c ****     PeriphClkInit->TIMPresSelection = RCC_TIMPRES_ACTIVATED;
1743:Drivers/STM32F4xx_HAL_Driver/Src/stm32f4xx_hal_rcc_ex.c ****   }
1744:Drivers/STM32F4xx_HAL_Driver/Src/stm32f4xx_hal_rcc_ex.c **** }
1745:Drivers/STM32F4xx_HAL_Driver/Src/stm32f4xx_hal_rcc_ex.c **** 
1746:Drivers/STM32F4xx_HAL_Driver/Src/stm32f4xx_hal_rcc_ex.c **** /**
1747:Drivers/STM32F4xx_HAL_Driver/Src/stm32f4xx_hal_rcc_ex.c ****   * @brief  Return the peripheral clock frequency for a given peripheral(I2S..)
1748:Drivers/STM32F4xx_HAL_Driver/Src/stm32f4xx_hal_rcc_ex.c ****   * @note   Return 0 if peripheral clock identifier not managed by this API
1749:Drivers/STM32F4xx_HAL_Driver/Src/stm32f4xx_hal_rcc_ex.c ****   * @param  PeriphClk Peripheral clock identifier
1750:Drivers/STM32F4xx_HAL_Driver/Src/stm32f4xx_hal_rcc_ex.c ****   *         This parameter can be one of the following values:
1751:Drivers/STM32F4xx_HAL_Driver/Src/stm32f4xx_hal_rcc_ex.c ****   *            @arg RCC_PERIPHCLK_I2S_APB1: I2S APB1 peripheral clock
1752:Drivers/STM32F4xx_HAL_Driver/Src/stm32f4xx_hal_rcc_ex.c ****   *            @arg RCC_PERIPHCLK_I2S_APB2: I2S APB2 peripheral clock
1753:Drivers/STM32F4xx_HAL_Driver/Src/stm32f4xx_hal_rcc_ex.c ****   * @retval Frequency in KHz
1754:Drivers/STM32F4xx_HAL_Driver/Src/stm32f4xx_hal_rcc_ex.c ****   */
1755:Drivers/STM32F4xx_HAL_Driver/Src/stm32f4xx_hal_rcc_ex.c **** uint32_t HAL_RCCEx_GetPeriphCLKFreq(uint32_t PeriphClk)
1756:Drivers/STM32F4xx_HAL_Driver/Src/stm32f4xx_hal_rcc_ex.c **** {
1757:Drivers/STM32F4xx_HAL_Driver/Src/stm32f4xx_hal_rcc_ex.c ****   /* This variable used to store the I2S clock frequency (value in Hz) */
1758:Drivers/STM32F4xx_HAL_Driver/Src/stm32f4xx_hal_rcc_ex.c ****   uint32_t frequency = 0U;
1759:Drivers/STM32F4xx_HAL_Driver/Src/stm32f4xx_hal_rcc_ex.c ****   /* This variable used to store the VCO Input (value in Hz) */
1760:Drivers/STM32F4xx_HAL_Driver/Src/stm32f4xx_hal_rcc_ex.c ****   uint32_t vcoinput = 0U;
1761:Drivers/STM32F4xx_HAL_Driver/Src/stm32f4xx_hal_rcc_ex.c ****   uint32_t srcclk = 0U;
1762:Drivers/STM32F4xx_HAL_Driver/Src/stm32f4xx_hal_rcc_ex.c ****   /* This variable used to store the VCO Output (value in Hz) */
1763:Drivers/STM32F4xx_HAL_Driver/Src/stm32f4xx_hal_rcc_ex.c ****   uint32_t vcooutput = 0U;
1764:Drivers/STM32F4xx_HAL_Driver/Src/stm32f4xx_hal_rcc_ex.c ****   switch (PeriphClk)
1765:Drivers/STM32F4xx_HAL_Driver/Src/stm32f4xx_hal_rcc_ex.c ****   {
1766:Drivers/STM32F4xx_HAL_Driver/Src/stm32f4xx_hal_rcc_ex.c ****     case RCC_PERIPHCLK_I2S_APB1:
1767:Drivers/STM32F4xx_HAL_Driver/Src/stm32f4xx_hal_rcc_ex.c ****     {
1768:Drivers/STM32F4xx_HAL_Driver/Src/stm32f4xx_hal_rcc_ex.c ****       /* Get the current I2S source */
1769:Drivers/STM32F4xx_HAL_Driver/Src/stm32f4xx_hal_rcc_ex.c ****       srcclk = __HAL_RCC_GET_I2S_APB1_SOURCE();
1770:Drivers/STM32F4xx_HAL_Driver/Src/stm32f4xx_hal_rcc_ex.c ****       switch (srcclk)
1771:Drivers/STM32F4xx_HAL_Driver/Src/stm32f4xx_hal_rcc_ex.c ****       {
1772:Drivers/STM32F4xx_HAL_Driver/Src/stm32f4xx_hal_rcc_ex.c ****         /* Check if I2S clock selection is External clock mapped on the I2S_CKIN pin used as I2S cl
1773:Drivers/STM32F4xx_HAL_Driver/Src/stm32f4xx_hal_rcc_ex.c ****         case RCC_I2SAPB1CLKSOURCE_EXT:
1774:Drivers/STM32F4xx_HAL_Driver/Src/stm32f4xx_hal_rcc_ex.c ****         {
1775:Drivers/STM32F4xx_HAL_Driver/Src/stm32f4xx_hal_rcc_ex.c ****           /* Set the I2S clock to the external clock  value */
1776:Drivers/STM32F4xx_HAL_Driver/Src/stm32f4xx_hal_rcc_ex.c ****           frequency = EXTERNAL_CLOCK_VALUE;
1777:Drivers/STM32F4xx_HAL_Driver/Src/stm32f4xx_hal_rcc_ex.c ****           break;
1778:Drivers/STM32F4xx_HAL_Driver/Src/stm32f4xx_hal_rcc_ex.c ****         }
1779:Drivers/STM32F4xx_HAL_Driver/Src/stm32f4xx_hal_rcc_ex.c ****         /* Check if I2S clock selection is PLLI2S VCO output clock divided by PLLI2SR used as I2S c
1780:Drivers/STM32F4xx_HAL_Driver/Src/stm32f4xx_hal_rcc_ex.c ****         case RCC_I2SAPB1CLKSOURCE_PLLI2S:
1781:Drivers/STM32F4xx_HAL_Driver/Src/stm32f4xx_hal_rcc_ex.c ****         {
1782:Drivers/STM32F4xx_HAL_Driver/Src/stm32f4xx_hal_rcc_ex.c ****           if ((RCC->PLLI2SCFGR & RCC_PLLI2SCFGR_PLLI2SSRC) == RCC_PLLI2SCFGR_PLLI2SSRC)
1783:Drivers/STM32F4xx_HAL_Driver/Src/stm32f4xx_hal_rcc_ex.c ****           {
1784:Drivers/STM32F4xx_HAL_Driver/Src/stm32f4xx_hal_rcc_ex.c ****             /* Get the I2S source clock value */
ARM GAS  C:\Users\Ebrahim\AppData\Local\Temp\ccoXyWuB.s 			page 68


1785:Drivers/STM32F4xx_HAL_Driver/Src/stm32f4xx_hal_rcc_ex.c ****             vcoinput = (uint32_t)(EXTERNAL_CLOCK_VALUE / (uint32_t)(RCC->PLLI2SCFGR & RCC_PLLI2SCFG
1786:Drivers/STM32F4xx_HAL_Driver/Src/stm32f4xx_hal_rcc_ex.c ****           }
1787:Drivers/STM32F4xx_HAL_Driver/Src/stm32f4xx_hal_rcc_ex.c ****           else
1788:Drivers/STM32F4xx_HAL_Driver/Src/stm32f4xx_hal_rcc_ex.c ****           {
1789:Drivers/STM32F4xx_HAL_Driver/Src/stm32f4xx_hal_rcc_ex.c ****             /* Configure the PLLI2S division factor */
1790:Drivers/STM32F4xx_HAL_Driver/Src/stm32f4xx_hal_rcc_ex.c ****             /* PLLI2S_VCO Input  = PLL_SOURCE/PLLI2SM */
1791:Drivers/STM32F4xx_HAL_Driver/Src/stm32f4xx_hal_rcc_ex.c ****             if ((RCC->PLLCFGR & RCC_PLLCFGR_PLLSRC) == RCC_PLLSOURCE_HSE)
1792:Drivers/STM32F4xx_HAL_Driver/Src/stm32f4xx_hal_rcc_ex.c ****             {
1793:Drivers/STM32F4xx_HAL_Driver/Src/stm32f4xx_hal_rcc_ex.c ****               /* Get the I2S source clock value */
1794:Drivers/STM32F4xx_HAL_Driver/Src/stm32f4xx_hal_rcc_ex.c ****               vcoinput = (uint32_t)(HSE_VALUE / (uint32_t)(RCC->PLLI2SCFGR & RCC_PLLI2SCFGR_PLLI2SM
1795:Drivers/STM32F4xx_HAL_Driver/Src/stm32f4xx_hal_rcc_ex.c ****             }
1796:Drivers/STM32F4xx_HAL_Driver/Src/stm32f4xx_hal_rcc_ex.c ****             else
1797:Drivers/STM32F4xx_HAL_Driver/Src/stm32f4xx_hal_rcc_ex.c ****             {
1798:Drivers/STM32F4xx_HAL_Driver/Src/stm32f4xx_hal_rcc_ex.c ****               /* Get the I2S source clock value */
1799:Drivers/STM32F4xx_HAL_Driver/Src/stm32f4xx_hal_rcc_ex.c ****               vcoinput = (uint32_t)(HSI_VALUE / (uint32_t)(RCC->PLLI2SCFGR & RCC_PLLI2SCFGR_PLLI2SM
1800:Drivers/STM32F4xx_HAL_Driver/Src/stm32f4xx_hal_rcc_ex.c ****             }
1801:Drivers/STM32F4xx_HAL_Driver/Src/stm32f4xx_hal_rcc_ex.c ****           }
1802:Drivers/STM32F4xx_HAL_Driver/Src/stm32f4xx_hal_rcc_ex.c ****           /* PLLI2S_VCO Output = PLLI2S_VCO Input * PLLI2SN */
1803:Drivers/STM32F4xx_HAL_Driver/Src/stm32f4xx_hal_rcc_ex.c ****           vcooutput = (uint32_t)(vcoinput * (((RCC->PLLI2SCFGR & RCC_PLLI2SCFGR_PLLI2SN) >> 6U) & (
1804:Drivers/STM32F4xx_HAL_Driver/Src/stm32f4xx_hal_rcc_ex.c ****           /* I2S_CLK = PLLI2S_VCO Output/PLLI2SR */
1805:Drivers/STM32F4xx_HAL_Driver/Src/stm32f4xx_hal_rcc_ex.c ****           frequency = (uint32_t)(vcooutput / (((RCC->PLLI2SCFGR & RCC_PLLI2SCFGR_PLLI2SR) >> 28U) &
1806:Drivers/STM32F4xx_HAL_Driver/Src/stm32f4xx_hal_rcc_ex.c ****           break;
1807:Drivers/STM32F4xx_HAL_Driver/Src/stm32f4xx_hal_rcc_ex.c ****         }
1808:Drivers/STM32F4xx_HAL_Driver/Src/stm32f4xx_hal_rcc_ex.c ****         /* Check if I2S clock selection is PLL VCO Output divided by PLLR used as I2S clock */
1809:Drivers/STM32F4xx_HAL_Driver/Src/stm32f4xx_hal_rcc_ex.c ****         case RCC_I2SAPB1CLKSOURCE_PLLR:
1810:Drivers/STM32F4xx_HAL_Driver/Src/stm32f4xx_hal_rcc_ex.c ****         {
1811:Drivers/STM32F4xx_HAL_Driver/Src/stm32f4xx_hal_rcc_ex.c ****           /* Configure the PLL division factor R */
1812:Drivers/STM32F4xx_HAL_Driver/Src/stm32f4xx_hal_rcc_ex.c ****           /* PLL_VCO Input  = PLL_SOURCE/PLLM */
1813:Drivers/STM32F4xx_HAL_Driver/Src/stm32f4xx_hal_rcc_ex.c ****           if ((RCC->PLLCFGR & RCC_PLLCFGR_PLLSRC) == RCC_PLLSOURCE_HSE)
1814:Drivers/STM32F4xx_HAL_Driver/Src/stm32f4xx_hal_rcc_ex.c ****           {
1815:Drivers/STM32F4xx_HAL_Driver/Src/stm32f4xx_hal_rcc_ex.c ****             /* Get the I2S source clock value */
1816:Drivers/STM32F4xx_HAL_Driver/Src/stm32f4xx_hal_rcc_ex.c ****             vcoinput = (uint32_t)(HSE_VALUE / (uint32_t)(RCC->PLLCFGR & RCC_PLLCFGR_PLLM));
1817:Drivers/STM32F4xx_HAL_Driver/Src/stm32f4xx_hal_rcc_ex.c ****           }
1818:Drivers/STM32F4xx_HAL_Driver/Src/stm32f4xx_hal_rcc_ex.c ****           else
1819:Drivers/STM32F4xx_HAL_Driver/Src/stm32f4xx_hal_rcc_ex.c ****           {
1820:Drivers/STM32F4xx_HAL_Driver/Src/stm32f4xx_hal_rcc_ex.c ****             /* Get the I2S source clock value */
1821:Drivers/STM32F4xx_HAL_Driver/Src/stm32f4xx_hal_rcc_ex.c ****             vcoinput = (uint32_t)(HSI_VALUE / (uint32_t)(RCC->PLLCFGR & RCC_PLLCFGR_PLLM));
1822:Drivers/STM32F4xx_HAL_Driver/Src/stm32f4xx_hal_rcc_ex.c ****           }
1823:Drivers/STM32F4xx_HAL_Driver/Src/stm32f4xx_hal_rcc_ex.c **** 
1824:Drivers/STM32F4xx_HAL_Driver/Src/stm32f4xx_hal_rcc_ex.c ****           /* PLL_VCO Output = PLL_VCO Input * PLLN */
1825:Drivers/STM32F4xx_HAL_Driver/Src/stm32f4xx_hal_rcc_ex.c ****           vcooutput = (uint32_t)(vcoinput * (((RCC->PLLCFGR & RCC_PLLCFGR_PLLN) >> 6U) & (RCC_PLLCF
1826:Drivers/STM32F4xx_HAL_Driver/Src/stm32f4xx_hal_rcc_ex.c ****           /* I2S_CLK = PLL_VCO Output/PLLR */
1827:Drivers/STM32F4xx_HAL_Driver/Src/stm32f4xx_hal_rcc_ex.c ****           frequency = (uint32_t)(vcooutput / (((RCC->PLLCFGR & RCC_PLLCFGR_PLLR) >> 28U) & (RCC_PLL
1828:Drivers/STM32F4xx_HAL_Driver/Src/stm32f4xx_hal_rcc_ex.c ****           break;
1829:Drivers/STM32F4xx_HAL_Driver/Src/stm32f4xx_hal_rcc_ex.c ****         }
1830:Drivers/STM32F4xx_HAL_Driver/Src/stm32f4xx_hal_rcc_ex.c ****         /* Check if I2S clock selection is HSI or HSE depending from PLL source Clock */
1831:Drivers/STM32F4xx_HAL_Driver/Src/stm32f4xx_hal_rcc_ex.c ****         case RCC_I2SAPB1CLKSOURCE_PLLSRC:
1832:Drivers/STM32F4xx_HAL_Driver/Src/stm32f4xx_hal_rcc_ex.c ****         {
1833:Drivers/STM32F4xx_HAL_Driver/Src/stm32f4xx_hal_rcc_ex.c ****           if ((RCC->PLLCFGR & RCC_PLLCFGR_PLLSRC) == RCC_PLLSOURCE_HSE)
1834:Drivers/STM32F4xx_HAL_Driver/Src/stm32f4xx_hal_rcc_ex.c ****           {
1835:Drivers/STM32F4xx_HAL_Driver/Src/stm32f4xx_hal_rcc_ex.c ****             frequency = HSE_VALUE;
1836:Drivers/STM32F4xx_HAL_Driver/Src/stm32f4xx_hal_rcc_ex.c ****           }
1837:Drivers/STM32F4xx_HAL_Driver/Src/stm32f4xx_hal_rcc_ex.c ****           else
1838:Drivers/STM32F4xx_HAL_Driver/Src/stm32f4xx_hal_rcc_ex.c ****           {
1839:Drivers/STM32F4xx_HAL_Driver/Src/stm32f4xx_hal_rcc_ex.c ****             frequency = HSI_VALUE;
1840:Drivers/STM32F4xx_HAL_Driver/Src/stm32f4xx_hal_rcc_ex.c ****           }
1841:Drivers/STM32F4xx_HAL_Driver/Src/stm32f4xx_hal_rcc_ex.c ****           break;
ARM GAS  C:\Users\Ebrahim\AppData\Local\Temp\ccoXyWuB.s 			page 69


1842:Drivers/STM32F4xx_HAL_Driver/Src/stm32f4xx_hal_rcc_ex.c ****         }
1843:Drivers/STM32F4xx_HAL_Driver/Src/stm32f4xx_hal_rcc_ex.c ****         /* Clock not enabled for I2S*/
1844:Drivers/STM32F4xx_HAL_Driver/Src/stm32f4xx_hal_rcc_ex.c ****         default:
1845:Drivers/STM32F4xx_HAL_Driver/Src/stm32f4xx_hal_rcc_ex.c ****         {
1846:Drivers/STM32F4xx_HAL_Driver/Src/stm32f4xx_hal_rcc_ex.c ****           frequency = 0U;
1847:Drivers/STM32F4xx_HAL_Driver/Src/stm32f4xx_hal_rcc_ex.c ****           break;
1848:Drivers/STM32F4xx_HAL_Driver/Src/stm32f4xx_hal_rcc_ex.c ****         }
1849:Drivers/STM32F4xx_HAL_Driver/Src/stm32f4xx_hal_rcc_ex.c ****       }
1850:Drivers/STM32F4xx_HAL_Driver/Src/stm32f4xx_hal_rcc_ex.c ****       break;
1851:Drivers/STM32F4xx_HAL_Driver/Src/stm32f4xx_hal_rcc_ex.c ****     }
1852:Drivers/STM32F4xx_HAL_Driver/Src/stm32f4xx_hal_rcc_ex.c ****     case RCC_PERIPHCLK_I2S_APB2:
1853:Drivers/STM32F4xx_HAL_Driver/Src/stm32f4xx_hal_rcc_ex.c ****     {
1854:Drivers/STM32F4xx_HAL_Driver/Src/stm32f4xx_hal_rcc_ex.c ****       /* Get the current I2S source */
1855:Drivers/STM32F4xx_HAL_Driver/Src/stm32f4xx_hal_rcc_ex.c ****       srcclk = __HAL_RCC_GET_I2S_APB2_SOURCE();
1856:Drivers/STM32F4xx_HAL_Driver/Src/stm32f4xx_hal_rcc_ex.c ****       switch (srcclk)
1857:Drivers/STM32F4xx_HAL_Driver/Src/stm32f4xx_hal_rcc_ex.c ****       {
1858:Drivers/STM32F4xx_HAL_Driver/Src/stm32f4xx_hal_rcc_ex.c ****         /* Check if I2S clock selection is External clock mapped on the I2S_CKIN pin used as I2S cl
1859:Drivers/STM32F4xx_HAL_Driver/Src/stm32f4xx_hal_rcc_ex.c ****         case RCC_I2SAPB2CLKSOURCE_EXT:
1860:Drivers/STM32F4xx_HAL_Driver/Src/stm32f4xx_hal_rcc_ex.c ****         {
1861:Drivers/STM32F4xx_HAL_Driver/Src/stm32f4xx_hal_rcc_ex.c ****           /* Set the I2S clock to the external clock  value */
1862:Drivers/STM32F4xx_HAL_Driver/Src/stm32f4xx_hal_rcc_ex.c ****           frequency = EXTERNAL_CLOCK_VALUE;
1863:Drivers/STM32F4xx_HAL_Driver/Src/stm32f4xx_hal_rcc_ex.c ****           break;
1864:Drivers/STM32F4xx_HAL_Driver/Src/stm32f4xx_hal_rcc_ex.c ****         }
1865:Drivers/STM32F4xx_HAL_Driver/Src/stm32f4xx_hal_rcc_ex.c ****         /* Check if I2S clock selection is PLLI2S VCO output clock divided by PLLI2SR used as I2S c
1866:Drivers/STM32F4xx_HAL_Driver/Src/stm32f4xx_hal_rcc_ex.c ****         case RCC_I2SAPB2CLKSOURCE_PLLI2S:
1867:Drivers/STM32F4xx_HAL_Driver/Src/stm32f4xx_hal_rcc_ex.c ****         {
1868:Drivers/STM32F4xx_HAL_Driver/Src/stm32f4xx_hal_rcc_ex.c ****           if ((RCC->PLLI2SCFGR & RCC_PLLI2SCFGR_PLLI2SSRC) == RCC_PLLI2SCFGR_PLLI2SSRC)
1869:Drivers/STM32F4xx_HAL_Driver/Src/stm32f4xx_hal_rcc_ex.c ****           {
1870:Drivers/STM32F4xx_HAL_Driver/Src/stm32f4xx_hal_rcc_ex.c ****             /* Get the I2S source clock value */
1871:Drivers/STM32F4xx_HAL_Driver/Src/stm32f4xx_hal_rcc_ex.c ****             vcoinput = (uint32_t)(EXTERNAL_CLOCK_VALUE / (uint32_t)(RCC->PLLI2SCFGR & RCC_PLLI2SCFG
1872:Drivers/STM32F4xx_HAL_Driver/Src/stm32f4xx_hal_rcc_ex.c ****           }
1873:Drivers/STM32F4xx_HAL_Driver/Src/stm32f4xx_hal_rcc_ex.c ****           else
1874:Drivers/STM32F4xx_HAL_Driver/Src/stm32f4xx_hal_rcc_ex.c ****           {
1875:Drivers/STM32F4xx_HAL_Driver/Src/stm32f4xx_hal_rcc_ex.c ****             /* Configure the PLLI2S division factor */
1876:Drivers/STM32F4xx_HAL_Driver/Src/stm32f4xx_hal_rcc_ex.c ****             /* PLLI2S_VCO Input  = PLL_SOURCE/PLLI2SM */
1877:Drivers/STM32F4xx_HAL_Driver/Src/stm32f4xx_hal_rcc_ex.c ****             if ((RCC->PLLCFGR & RCC_PLLCFGR_PLLSRC) == RCC_PLLSOURCE_HSE)
1878:Drivers/STM32F4xx_HAL_Driver/Src/stm32f4xx_hal_rcc_ex.c ****             {
1879:Drivers/STM32F4xx_HAL_Driver/Src/stm32f4xx_hal_rcc_ex.c ****               /* Get the I2S source clock value */
1880:Drivers/STM32F4xx_HAL_Driver/Src/stm32f4xx_hal_rcc_ex.c ****               vcoinput = (uint32_t)(HSE_VALUE / (uint32_t)(RCC->PLLI2SCFGR & RCC_PLLI2SCFGR_PLLI2SM
1881:Drivers/STM32F4xx_HAL_Driver/Src/stm32f4xx_hal_rcc_ex.c ****             }
1882:Drivers/STM32F4xx_HAL_Driver/Src/stm32f4xx_hal_rcc_ex.c ****             else
1883:Drivers/STM32F4xx_HAL_Driver/Src/stm32f4xx_hal_rcc_ex.c ****             {
1884:Drivers/STM32F4xx_HAL_Driver/Src/stm32f4xx_hal_rcc_ex.c ****               /* Get the I2S source clock value */
1885:Drivers/STM32F4xx_HAL_Driver/Src/stm32f4xx_hal_rcc_ex.c ****               vcoinput = (uint32_t)(HSI_VALUE / (uint32_t)(RCC->PLLI2SCFGR & RCC_PLLI2SCFGR_PLLI2SM
1886:Drivers/STM32F4xx_HAL_Driver/Src/stm32f4xx_hal_rcc_ex.c ****             }
1887:Drivers/STM32F4xx_HAL_Driver/Src/stm32f4xx_hal_rcc_ex.c ****           }
1888:Drivers/STM32F4xx_HAL_Driver/Src/stm32f4xx_hal_rcc_ex.c ****           /* PLLI2S_VCO Output = PLLI2S_VCO Input * PLLI2SN */
1889:Drivers/STM32F4xx_HAL_Driver/Src/stm32f4xx_hal_rcc_ex.c ****           vcooutput = (uint32_t)(vcoinput * (((RCC->PLLI2SCFGR & RCC_PLLI2SCFGR_PLLI2SN) >> 6U) & (
1890:Drivers/STM32F4xx_HAL_Driver/Src/stm32f4xx_hal_rcc_ex.c ****           /* I2S_CLK = PLLI2S_VCO Output/PLLI2SR */
1891:Drivers/STM32F4xx_HAL_Driver/Src/stm32f4xx_hal_rcc_ex.c ****           frequency = (uint32_t)(vcooutput / (((RCC->PLLI2SCFGR & RCC_PLLI2SCFGR_PLLI2SR) >> 28U) &
1892:Drivers/STM32F4xx_HAL_Driver/Src/stm32f4xx_hal_rcc_ex.c ****           break;
1893:Drivers/STM32F4xx_HAL_Driver/Src/stm32f4xx_hal_rcc_ex.c ****         }
1894:Drivers/STM32F4xx_HAL_Driver/Src/stm32f4xx_hal_rcc_ex.c ****         /* Check if I2S clock selection is PLL VCO Output divided by PLLR used as I2S clock */
1895:Drivers/STM32F4xx_HAL_Driver/Src/stm32f4xx_hal_rcc_ex.c ****         case RCC_I2SAPB2CLKSOURCE_PLLR:
1896:Drivers/STM32F4xx_HAL_Driver/Src/stm32f4xx_hal_rcc_ex.c ****         {
1897:Drivers/STM32F4xx_HAL_Driver/Src/stm32f4xx_hal_rcc_ex.c ****           /* Configure the PLL division factor R */
1898:Drivers/STM32F4xx_HAL_Driver/Src/stm32f4xx_hal_rcc_ex.c ****           /* PLL_VCO Input  = PLL_SOURCE/PLLM */
ARM GAS  C:\Users\Ebrahim\AppData\Local\Temp\ccoXyWuB.s 			page 70


1899:Drivers/STM32F4xx_HAL_Driver/Src/stm32f4xx_hal_rcc_ex.c ****           if ((RCC->PLLCFGR & RCC_PLLCFGR_PLLSRC) == RCC_PLLSOURCE_HSE)
1900:Drivers/STM32F4xx_HAL_Driver/Src/stm32f4xx_hal_rcc_ex.c ****           {
1901:Drivers/STM32F4xx_HAL_Driver/Src/stm32f4xx_hal_rcc_ex.c ****             /* Get the I2S source clock value */
1902:Drivers/STM32F4xx_HAL_Driver/Src/stm32f4xx_hal_rcc_ex.c ****             vcoinput = (uint32_t)(HSE_VALUE / (uint32_t)(RCC->PLLCFGR & RCC_PLLCFGR_PLLM));
1903:Drivers/STM32F4xx_HAL_Driver/Src/stm32f4xx_hal_rcc_ex.c ****           }
1904:Drivers/STM32F4xx_HAL_Driver/Src/stm32f4xx_hal_rcc_ex.c ****           else
1905:Drivers/STM32F4xx_HAL_Driver/Src/stm32f4xx_hal_rcc_ex.c ****           {
1906:Drivers/STM32F4xx_HAL_Driver/Src/stm32f4xx_hal_rcc_ex.c ****             /* Get the I2S source clock value */
1907:Drivers/STM32F4xx_HAL_Driver/Src/stm32f4xx_hal_rcc_ex.c ****             vcoinput = (uint32_t)(HSI_VALUE / (uint32_t)(RCC->PLLCFGR & RCC_PLLCFGR_PLLM));
1908:Drivers/STM32F4xx_HAL_Driver/Src/stm32f4xx_hal_rcc_ex.c ****           }
1909:Drivers/STM32F4xx_HAL_Driver/Src/stm32f4xx_hal_rcc_ex.c **** 
1910:Drivers/STM32F4xx_HAL_Driver/Src/stm32f4xx_hal_rcc_ex.c ****           /* PLL_VCO Output = PLL_VCO Input * PLLN */
1911:Drivers/STM32F4xx_HAL_Driver/Src/stm32f4xx_hal_rcc_ex.c ****           vcooutput = (uint32_t)(vcoinput * (((RCC->PLLCFGR & RCC_PLLCFGR_PLLN) >> 6U) & (RCC_PLLCF
1912:Drivers/STM32F4xx_HAL_Driver/Src/stm32f4xx_hal_rcc_ex.c ****           /* I2S_CLK = PLL_VCO Output/PLLR */
1913:Drivers/STM32F4xx_HAL_Driver/Src/stm32f4xx_hal_rcc_ex.c ****           frequency = (uint32_t)(vcooutput / (((RCC->PLLCFGR & RCC_PLLCFGR_PLLR) >> 28U) & (RCC_PLL
1914:Drivers/STM32F4xx_HAL_Driver/Src/stm32f4xx_hal_rcc_ex.c ****           break;
1915:Drivers/STM32F4xx_HAL_Driver/Src/stm32f4xx_hal_rcc_ex.c ****         }
1916:Drivers/STM32F4xx_HAL_Driver/Src/stm32f4xx_hal_rcc_ex.c ****         /* Check if I2S clock selection is HSI or HSE depending from PLL source Clock */
1917:Drivers/STM32F4xx_HAL_Driver/Src/stm32f4xx_hal_rcc_ex.c ****         case RCC_I2SAPB2CLKSOURCE_PLLSRC:
1918:Drivers/STM32F4xx_HAL_Driver/Src/stm32f4xx_hal_rcc_ex.c ****         {
1919:Drivers/STM32F4xx_HAL_Driver/Src/stm32f4xx_hal_rcc_ex.c ****           if ((RCC->PLLCFGR & RCC_PLLCFGR_PLLSRC) == RCC_PLLSOURCE_HSE)
1920:Drivers/STM32F4xx_HAL_Driver/Src/stm32f4xx_hal_rcc_ex.c ****           {
1921:Drivers/STM32F4xx_HAL_Driver/Src/stm32f4xx_hal_rcc_ex.c ****             frequency = HSE_VALUE;
1922:Drivers/STM32F4xx_HAL_Driver/Src/stm32f4xx_hal_rcc_ex.c ****           }
1923:Drivers/STM32F4xx_HAL_Driver/Src/stm32f4xx_hal_rcc_ex.c ****           else
1924:Drivers/STM32F4xx_HAL_Driver/Src/stm32f4xx_hal_rcc_ex.c ****           {
1925:Drivers/STM32F4xx_HAL_Driver/Src/stm32f4xx_hal_rcc_ex.c ****             frequency = HSI_VALUE;
1926:Drivers/STM32F4xx_HAL_Driver/Src/stm32f4xx_hal_rcc_ex.c ****           }
1927:Drivers/STM32F4xx_HAL_Driver/Src/stm32f4xx_hal_rcc_ex.c ****           break;
1928:Drivers/STM32F4xx_HAL_Driver/Src/stm32f4xx_hal_rcc_ex.c ****         }
1929:Drivers/STM32F4xx_HAL_Driver/Src/stm32f4xx_hal_rcc_ex.c ****         /* Clock not enabled for I2S*/
1930:Drivers/STM32F4xx_HAL_Driver/Src/stm32f4xx_hal_rcc_ex.c ****         default:
1931:Drivers/STM32F4xx_HAL_Driver/Src/stm32f4xx_hal_rcc_ex.c ****         {
1932:Drivers/STM32F4xx_HAL_Driver/Src/stm32f4xx_hal_rcc_ex.c ****           frequency = 0U;
1933:Drivers/STM32F4xx_HAL_Driver/Src/stm32f4xx_hal_rcc_ex.c ****           break;
1934:Drivers/STM32F4xx_HAL_Driver/Src/stm32f4xx_hal_rcc_ex.c ****         }
1935:Drivers/STM32F4xx_HAL_Driver/Src/stm32f4xx_hal_rcc_ex.c ****       }
1936:Drivers/STM32F4xx_HAL_Driver/Src/stm32f4xx_hal_rcc_ex.c ****       break;
1937:Drivers/STM32F4xx_HAL_Driver/Src/stm32f4xx_hal_rcc_ex.c ****     }
1938:Drivers/STM32F4xx_HAL_Driver/Src/stm32f4xx_hal_rcc_ex.c ****     default:
1939:Drivers/STM32F4xx_HAL_Driver/Src/stm32f4xx_hal_rcc_ex.c ****     {
1940:Drivers/STM32F4xx_HAL_Driver/Src/stm32f4xx_hal_rcc_ex.c ****       break;
1941:Drivers/STM32F4xx_HAL_Driver/Src/stm32f4xx_hal_rcc_ex.c ****     }
1942:Drivers/STM32F4xx_HAL_Driver/Src/stm32f4xx_hal_rcc_ex.c ****   }
1943:Drivers/STM32F4xx_HAL_Driver/Src/stm32f4xx_hal_rcc_ex.c ****   return frequency;
1944:Drivers/STM32F4xx_HAL_Driver/Src/stm32f4xx_hal_rcc_ex.c **** }
1945:Drivers/STM32F4xx_HAL_Driver/Src/stm32f4xx_hal_rcc_ex.c **** #endif /* STM32F412Zx || STM32F412Vx || STM32F412Rx || STM32F412Cx || STM32F413xx || STM32F423xx */
1946:Drivers/STM32F4xx_HAL_Driver/Src/stm32f4xx_hal_rcc_ex.c **** 
1947:Drivers/STM32F4xx_HAL_Driver/Src/stm32f4xx_hal_rcc_ex.c **** #if defined(STM32F410Tx) || defined(STM32F410Cx) || defined(STM32F410Rx)
1948:Drivers/STM32F4xx_HAL_Driver/Src/stm32f4xx_hal_rcc_ex.c **** /**
1949:Drivers/STM32F4xx_HAL_Driver/Src/stm32f4xx_hal_rcc_ex.c ****   * @brief  Initializes the RCC extended peripherals clocks according to the specified parameters i
1950:Drivers/STM32F4xx_HAL_Driver/Src/stm32f4xx_hal_rcc_ex.c ****   *         RCC_PeriphCLKInitTypeDef.
1951:Drivers/STM32F4xx_HAL_Driver/Src/stm32f4xx_hal_rcc_ex.c ****   * @param  PeriphClkInit pointer to an RCC_PeriphCLKInitTypeDef structure that
1952:Drivers/STM32F4xx_HAL_Driver/Src/stm32f4xx_hal_rcc_ex.c ****   *         contains the configuration information for the Extended Peripherals clocks(I2S and RTC 
1953:Drivers/STM32F4xx_HAL_Driver/Src/stm32f4xx_hal_rcc_ex.c ****   *
1954:Drivers/STM32F4xx_HAL_Driver/Src/stm32f4xx_hal_rcc_ex.c ****   * @note   A caution to be taken when HAL_RCCEx_PeriphCLKConfig() is used to select RTC clock sele
1955:Drivers/STM32F4xx_HAL_Driver/Src/stm32f4xx_hal_rcc_ex.c ****   *         the Reset of Backup domain will be applied in order to modify the RTC Clock source as c
ARM GAS  C:\Users\Ebrahim\AppData\Local\Temp\ccoXyWuB.s 			page 71


1956:Drivers/STM32F4xx_HAL_Driver/Src/stm32f4xx_hal_rcc_ex.c ****   *        domain (RTC and RCC_BDCR register expect BKPSRAM) will be reset
1957:Drivers/STM32F4xx_HAL_Driver/Src/stm32f4xx_hal_rcc_ex.c ****   *
1958:Drivers/STM32F4xx_HAL_Driver/Src/stm32f4xx_hal_rcc_ex.c ****   * @retval HAL status
1959:Drivers/STM32F4xx_HAL_Driver/Src/stm32f4xx_hal_rcc_ex.c ****   */
1960:Drivers/STM32F4xx_HAL_Driver/Src/stm32f4xx_hal_rcc_ex.c **** HAL_StatusTypeDef HAL_RCCEx_PeriphCLKConfig(RCC_PeriphCLKInitTypeDef  *PeriphClkInit)
1961:Drivers/STM32F4xx_HAL_Driver/Src/stm32f4xx_hal_rcc_ex.c **** {
1962:Drivers/STM32F4xx_HAL_Driver/Src/stm32f4xx_hal_rcc_ex.c ****   uint32_t tickstart = 0U;
1963:Drivers/STM32F4xx_HAL_Driver/Src/stm32f4xx_hal_rcc_ex.c ****   uint32_t tmpreg1 = 0U;
1964:Drivers/STM32F4xx_HAL_Driver/Src/stm32f4xx_hal_rcc_ex.c **** 
1965:Drivers/STM32F4xx_HAL_Driver/Src/stm32f4xx_hal_rcc_ex.c ****   /* Check the parameters */
1966:Drivers/STM32F4xx_HAL_Driver/Src/stm32f4xx_hal_rcc_ex.c ****   assert_param(IS_RCC_PERIPHCLOCK(PeriphClkInit->PeriphClockSelection));
1967:Drivers/STM32F4xx_HAL_Driver/Src/stm32f4xx_hal_rcc_ex.c **** 
1968:Drivers/STM32F4xx_HAL_Driver/Src/stm32f4xx_hal_rcc_ex.c ****   /*---------------------------- RTC configuration ---------------------------*/
1969:Drivers/STM32F4xx_HAL_Driver/Src/stm32f4xx_hal_rcc_ex.c ****   if (((PeriphClkInit->PeriphClockSelection) & RCC_PERIPHCLK_RTC) == (RCC_PERIPHCLK_RTC))
1970:Drivers/STM32F4xx_HAL_Driver/Src/stm32f4xx_hal_rcc_ex.c ****   {
1971:Drivers/STM32F4xx_HAL_Driver/Src/stm32f4xx_hal_rcc_ex.c ****     /* Check for RTC Parameters used to output RTCCLK */
1972:Drivers/STM32F4xx_HAL_Driver/Src/stm32f4xx_hal_rcc_ex.c ****     assert_param(IS_RCC_RTCCLKSOURCE(PeriphClkInit->RTCClockSelection));
1973:Drivers/STM32F4xx_HAL_Driver/Src/stm32f4xx_hal_rcc_ex.c **** 
1974:Drivers/STM32F4xx_HAL_Driver/Src/stm32f4xx_hal_rcc_ex.c ****     /* Enable Power Clock*/
1975:Drivers/STM32F4xx_HAL_Driver/Src/stm32f4xx_hal_rcc_ex.c ****     __HAL_RCC_PWR_CLK_ENABLE();
1976:Drivers/STM32F4xx_HAL_Driver/Src/stm32f4xx_hal_rcc_ex.c **** 
1977:Drivers/STM32F4xx_HAL_Driver/Src/stm32f4xx_hal_rcc_ex.c ****     /* Enable write access to Backup domain */
1978:Drivers/STM32F4xx_HAL_Driver/Src/stm32f4xx_hal_rcc_ex.c ****     PWR->CR |= PWR_CR_DBP;
1979:Drivers/STM32F4xx_HAL_Driver/Src/stm32f4xx_hal_rcc_ex.c **** 
1980:Drivers/STM32F4xx_HAL_Driver/Src/stm32f4xx_hal_rcc_ex.c ****     /* Get tick */
1981:Drivers/STM32F4xx_HAL_Driver/Src/stm32f4xx_hal_rcc_ex.c ****     tickstart = HAL_GetTick();
1982:Drivers/STM32F4xx_HAL_Driver/Src/stm32f4xx_hal_rcc_ex.c **** 
1983:Drivers/STM32F4xx_HAL_Driver/Src/stm32f4xx_hal_rcc_ex.c ****     while ((PWR->CR & PWR_CR_DBP) == RESET)
1984:Drivers/STM32F4xx_HAL_Driver/Src/stm32f4xx_hal_rcc_ex.c ****     {
1985:Drivers/STM32F4xx_HAL_Driver/Src/stm32f4xx_hal_rcc_ex.c ****       if ((HAL_GetTick() - tickstart) > RCC_DBP_TIMEOUT_VALUE)
1986:Drivers/STM32F4xx_HAL_Driver/Src/stm32f4xx_hal_rcc_ex.c ****       {
1987:Drivers/STM32F4xx_HAL_Driver/Src/stm32f4xx_hal_rcc_ex.c ****         return HAL_TIMEOUT;
1988:Drivers/STM32F4xx_HAL_Driver/Src/stm32f4xx_hal_rcc_ex.c ****       }
1989:Drivers/STM32F4xx_HAL_Driver/Src/stm32f4xx_hal_rcc_ex.c ****     }
1990:Drivers/STM32F4xx_HAL_Driver/Src/stm32f4xx_hal_rcc_ex.c ****     /* Reset the Backup domain only if the RTC Clock source selection is modified from reset value 
1991:Drivers/STM32F4xx_HAL_Driver/Src/stm32f4xx_hal_rcc_ex.c ****     tmpreg1 = (RCC->BDCR & RCC_BDCR_RTCSEL);
1992:Drivers/STM32F4xx_HAL_Driver/Src/stm32f4xx_hal_rcc_ex.c ****     if ((tmpreg1 != 0x00000000U) && ((tmpreg1) != (PeriphClkInit->RTCClockSelection & RCC_BDCR_RTCS
1993:Drivers/STM32F4xx_HAL_Driver/Src/stm32f4xx_hal_rcc_ex.c ****     {
1994:Drivers/STM32F4xx_HAL_Driver/Src/stm32f4xx_hal_rcc_ex.c ****       /* Store the content of BDCR register before the reset of Backup Domain */
1995:Drivers/STM32F4xx_HAL_Driver/Src/stm32f4xx_hal_rcc_ex.c ****       tmpreg1 = (RCC->BDCR & ~(RCC_BDCR_RTCSEL));
1996:Drivers/STM32F4xx_HAL_Driver/Src/stm32f4xx_hal_rcc_ex.c ****       /* RTC Clock selection can be changed only if the Backup Domain is reset */
1997:Drivers/STM32F4xx_HAL_Driver/Src/stm32f4xx_hal_rcc_ex.c ****       __HAL_RCC_BACKUPRESET_FORCE();
1998:Drivers/STM32F4xx_HAL_Driver/Src/stm32f4xx_hal_rcc_ex.c ****       __HAL_RCC_BACKUPRESET_RELEASE();
1999:Drivers/STM32F4xx_HAL_Driver/Src/stm32f4xx_hal_rcc_ex.c ****       /* Restore the Content of BDCR register */
2000:Drivers/STM32F4xx_HAL_Driver/Src/stm32f4xx_hal_rcc_ex.c ****       RCC->BDCR = tmpreg1;
2001:Drivers/STM32F4xx_HAL_Driver/Src/stm32f4xx_hal_rcc_ex.c **** 
2002:Drivers/STM32F4xx_HAL_Driver/Src/stm32f4xx_hal_rcc_ex.c ****       /* Wait for LSE reactivation if LSE was enable prior to Backup Domain reset */
2003:Drivers/STM32F4xx_HAL_Driver/Src/stm32f4xx_hal_rcc_ex.c ****       if (HAL_IS_BIT_SET(RCC->BDCR, RCC_BDCR_LSEON))
2004:Drivers/STM32F4xx_HAL_Driver/Src/stm32f4xx_hal_rcc_ex.c ****       {
2005:Drivers/STM32F4xx_HAL_Driver/Src/stm32f4xx_hal_rcc_ex.c ****         /* Get tick */
2006:Drivers/STM32F4xx_HAL_Driver/Src/stm32f4xx_hal_rcc_ex.c ****         tickstart = HAL_GetTick();
2007:Drivers/STM32F4xx_HAL_Driver/Src/stm32f4xx_hal_rcc_ex.c **** 
2008:Drivers/STM32F4xx_HAL_Driver/Src/stm32f4xx_hal_rcc_ex.c ****         /* Wait till LSE is ready */
2009:Drivers/STM32F4xx_HAL_Driver/Src/stm32f4xx_hal_rcc_ex.c ****         while (__HAL_RCC_GET_FLAG(RCC_FLAG_LSERDY) == RESET)
2010:Drivers/STM32F4xx_HAL_Driver/Src/stm32f4xx_hal_rcc_ex.c ****         {
2011:Drivers/STM32F4xx_HAL_Driver/Src/stm32f4xx_hal_rcc_ex.c ****           if ((HAL_GetTick() - tickstart) > RCC_LSE_TIMEOUT_VALUE)
2012:Drivers/STM32F4xx_HAL_Driver/Src/stm32f4xx_hal_rcc_ex.c ****           {
ARM GAS  C:\Users\Ebrahim\AppData\Local\Temp\ccoXyWuB.s 			page 72


2013:Drivers/STM32F4xx_HAL_Driver/Src/stm32f4xx_hal_rcc_ex.c ****             return HAL_TIMEOUT;
2014:Drivers/STM32F4xx_HAL_Driver/Src/stm32f4xx_hal_rcc_ex.c ****           }
2015:Drivers/STM32F4xx_HAL_Driver/Src/stm32f4xx_hal_rcc_ex.c ****         }
2016:Drivers/STM32F4xx_HAL_Driver/Src/stm32f4xx_hal_rcc_ex.c ****       }
2017:Drivers/STM32F4xx_HAL_Driver/Src/stm32f4xx_hal_rcc_ex.c ****     }
2018:Drivers/STM32F4xx_HAL_Driver/Src/stm32f4xx_hal_rcc_ex.c ****     __HAL_RCC_RTC_CONFIG(PeriphClkInit->RTCClockSelection);
2019:Drivers/STM32F4xx_HAL_Driver/Src/stm32f4xx_hal_rcc_ex.c ****   }
2020:Drivers/STM32F4xx_HAL_Driver/Src/stm32f4xx_hal_rcc_ex.c ****   /*--------------------------------------------------------------------------*/
2021:Drivers/STM32F4xx_HAL_Driver/Src/stm32f4xx_hal_rcc_ex.c **** 
2022:Drivers/STM32F4xx_HAL_Driver/Src/stm32f4xx_hal_rcc_ex.c ****   /*---------------------------- TIM configuration ---------------------------*/
2023:Drivers/STM32F4xx_HAL_Driver/Src/stm32f4xx_hal_rcc_ex.c ****   if (((PeriphClkInit->PeriphClockSelection) & RCC_PERIPHCLK_TIM) == (RCC_PERIPHCLK_TIM))
2024:Drivers/STM32F4xx_HAL_Driver/Src/stm32f4xx_hal_rcc_ex.c ****   {
2025:Drivers/STM32F4xx_HAL_Driver/Src/stm32f4xx_hal_rcc_ex.c ****     __HAL_RCC_TIMCLKPRESCALER(PeriphClkInit->TIMPresSelection);
2026:Drivers/STM32F4xx_HAL_Driver/Src/stm32f4xx_hal_rcc_ex.c ****   }
2027:Drivers/STM32F4xx_HAL_Driver/Src/stm32f4xx_hal_rcc_ex.c ****   /*--------------------------------------------------------------------------*/
2028:Drivers/STM32F4xx_HAL_Driver/Src/stm32f4xx_hal_rcc_ex.c **** 
2029:Drivers/STM32F4xx_HAL_Driver/Src/stm32f4xx_hal_rcc_ex.c ****   /*---------------------------- FMPI2C1 Configuration -----------------------*/
2030:Drivers/STM32F4xx_HAL_Driver/Src/stm32f4xx_hal_rcc_ex.c ****   if (((PeriphClkInit->PeriphClockSelection) & RCC_PERIPHCLK_FMPI2C1) == RCC_PERIPHCLK_FMPI2C1)
2031:Drivers/STM32F4xx_HAL_Driver/Src/stm32f4xx_hal_rcc_ex.c ****   {
2032:Drivers/STM32F4xx_HAL_Driver/Src/stm32f4xx_hal_rcc_ex.c ****     /* Check the parameters */
2033:Drivers/STM32F4xx_HAL_Driver/Src/stm32f4xx_hal_rcc_ex.c ****     assert_param(IS_RCC_FMPI2C1CLKSOURCE(PeriphClkInit->Fmpi2c1ClockSelection));
2034:Drivers/STM32F4xx_HAL_Driver/Src/stm32f4xx_hal_rcc_ex.c **** 
2035:Drivers/STM32F4xx_HAL_Driver/Src/stm32f4xx_hal_rcc_ex.c ****     /* Configure the FMPI2C1 clock source */
2036:Drivers/STM32F4xx_HAL_Driver/Src/stm32f4xx_hal_rcc_ex.c ****     __HAL_RCC_FMPI2C1_CONFIG(PeriphClkInit->Fmpi2c1ClockSelection);
2037:Drivers/STM32F4xx_HAL_Driver/Src/stm32f4xx_hal_rcc_ex.c ****   }
2038:Drivers/STM32F4xx_HAL_Driver/Src/stm32f4xx_hal_rcc_ex.c ****   /*--------------------------------------------------------------------------*/
2039:Drivers/STM32F4xx_HAL_Driver/Src/stm32f4xx_hal_rcc_ex.c **** 
2040:Drivers/STM32F4xx_HAL_Driver/Src/stm32f4xx_hal_rcc_ex.c ****   /*---------------------------- LPTIM1 Configuration ------------------------*/
2041:Drivers/STM32F4xx_HAL_Driver/Src/stm32f4xx_hal_rcc_ex.c ****   if (((PeriphClkInit->PeriphClockSelection) & RCC_PERIPHCLK_LPTIM1) == RCC_PERIPHCLK_LPTIM1)
2042:Drivers/STM32F4xx_HAL_Driver/Src/stm32f4xx_hal_rcc_ex.c ****   {
2043:Drivers/STM32F4xx_HAL_Driver/Src/stm32f4xx_hal_rcc_ex.c ****     /* Check the parameters */
2044:Drivers/STM32F4xx_HAL_Driver/Src/stm32f4xx_hal_rcc_ex.c ****     assert_param(IS_RCC_LPTIM1CLKSOURCE(PeriphClkInit->Lptim1ClockSelection));
2045:Drivers/STM32F4xx_HAL_Driver/Src/stm32f4xx_hal_rcc_ex.c **** 
2046:Drivers/STM32F4xx_HAL_Driver/Src/stm32f4xx_hal_rcc_ex.c ****     /* Configure the LPTIM1 clock source */
2047:Drivers/STM32F4xx_HAL_Driver/Src/stm32f4xx_hal_rcc_ex.c ****     __HAL_RCC_LPTIM1_CONFIG(PeriphClkInit->Lptim1ClockSelection);
2048:Drivers/STM32F4xx_HAL_Driver/Src/stm32f4xx_hal_rcc_ex.c ****   }
2049:Drivers/STM32F4xx_HAL_Driver/Src/stm32f4xx_hal_rcc_ex.c **** 
2050:Drivers/STM32F4xx_HAL_Driver/Src/stm32f4xx_hal_rcc_ex.c ****   /*---------------------------- I2S Configuration ---------------------------*/
2051:Drivers/STM32F4xx_HAL_Driver/Src/stm32f4xx_hal_rcc_ex.c ****   if (((PeriphClkInit->PeriphClockSelection) & RCC_PERIPHCLK_I2S) == RCC_PERIPHCLK_I2S)
2052:Drivers/STM32F4xx_HAL_Driver/Src/stm32f4xx_hal_rcc_ex.c ****   {
2053:Drivers/STM32F4xx_HAL_Driver/Src/stm32f4xx_hal_rcc_ex.c ****     /* Check the parameters */
2054:Drivers/STM32F4xx_HAL_Driver/Src/stm32f4xx_hal_rcc_ex.c ****     assert_param(IS_RCC_I2SAPBCLKSOURCE(PeriphClkInit->I2SClockSelection));
2055:Drivers/STM32F4xx_HAL_Driver/Src/stm32f4xx_hal_rcc_ex.c **** 
2056:Drivers/STM32F4xx_HAL_Driver/Src/stm32f4xx_hal_rcc_ex.c ****     /* Configure the I2S clock source */
2057:Drivers/STM32F4xx_HAL_Driver/Src/stm32f4xx_hal_rcc_ex.c ****     __HAL_RCC_I2S_CONFIG(PeriphClkInit->I2SClockSelection);
2058:Drivers/STM32F4xx_HAL_Driver/Src/stm32f4xx_hal_rcc_ex.c ****   }
2059:Drivers/STM32F4xx_HAL_Driver/Src/stm32f4xx_hal_rcc_ex.c **** 
2060:Drivers/STM32F4xx_HAL_Driver/Src/stm32f4xx_hal_rcc_ex.c ****   return HAL_OK;
2061:Drivers/STM32F4xx_HAL_Driver/Src/stm32f4xx_hal_rcc_ex.c **** }
2062:Drivers/STM32F4xx_HAL_Driver/Src/stm32f4xx_hal_rcc_ex.c **** 
2063:Drivers/STM32F4xx_HAL_Driver/Src/stm32f4xx_hal_rcc_ex.c **** /**
2064:Drivers/STM32F4xx_HAL_Driver/Src/stm32f4xx_hal_rcc_ex.c ****   * @brief  Configures the RCC_OscInitStruct according to the internal
2065:Drivers/STM32F4xx_HAL_Driver/Src/stm32f4xx_hal_rcc_ex.c ****   * RCC configuration registers.
2066:Drivers/STM32F4xx_HAL_Driver/Src/stm32f4xx_hal_rcc_ex.c ****   * @param  PeriphClkInit pointer to an RCC_PeriphCLKInitTypeDef structure that
2067:Drivers/STM32F4xx_HAL_Driver/Src/stm32f4xx_hal_rcc_ex.c ****   * will be configured.
2068:Drivers/STM32F4xx_HAL_Driver/Src/stm32f4xx_hal_rcc_ex.c ****   * @retval None
2069:Drivers/STM32F4xx_HAL_Driver/Src/stm32f4xx_hal_rcc_ex.c ****   */
ARM GAS  C:\Users\Ebrahim\AppData\Local\Temp\ccoXyWuB.s 			page 73


2070:Drivers/STM32F4xx_HAL_Driver/Src/stm32f4xx_hal_rcc_ex.c **** void HAL_RCCEx_GetPeriphCLKConfig(RCC_PeriphCLKInitTypeDef  *PeriphClkInit)
2071:Drivers/STM32F4xx_HAL_Driver/Src/stm32f4xx_hal_rcc_ex.c **** {
2072:Drivers/STM32F4xx_HAL_Driver/Src/stm32f4xx_hal_rcc_ex.c ****   uint32_t tempreg;
2073:Drivers/STM32F4xx_HAL_Driver/Src/stm32f4xx_hal_rcc_ex.c **** 
2074:Drivers/STM32F4xx_HAL_Driver/Src/stm32f4xx_hal_rcc_ex.c ****   /* Set all possible values for the extended clock type parameter------------*/
2075:Drivers/STM32F4xx_HAL_Driver/Src/stm32f4xx_hal_rcc_ex.c ****   PeriphClkInit->PeriphClockSelection = RCC_PERIPHCLK_FMPI2C1 | RCC_PERIPHCLK_LPTIM1 | RCC_PERIPHCL
2076:Drivers/STM32F4xx_HAL_Driver/Src/stm32f4xx_hal_rcc_ex.c **** 
2077:Drivers/STM32F4xx_HAL_Driver/Src/stm32f4xx_hal_rcc_ex.c ****   tempreg = (RCC->CFGR & RCC_CFGR_RTCPRE);
2078:Drivers/STM32F4xx_HAL_Driver/Src/stm32f4xx_hal_rcc_ex.c ****   PeriphClkInit->RTCClockSelection = (uint32_t)((tempreg) | (RCC->BDCR & RCC_BDCR_RTCSEL));
2079:Drivers/STM32F4xx_HAL_Driver/Src/stm32f4xx_hal_rcc_ex.c **** 
2080:Drivers/STM32F4xx_HAL_Driver/Src/stm32f4xx_hal_rcc_ex.c ****   if ((RCC->DCKCFGR & RCC_DCKCFGR_TIMPRE) == RESET)
2081:Drivers/STM32F4xx_HAL_Driver/Src/stm32f4xx_hal_rcc_ex.c ****   {
2082:Drivers/STM32F4xx_HAL_Driver/Src/stm32f4xx_hal_rcc_ex.c ****     PeriphClkInit->TIMPresSelection = RCC_TIMPRES_DESACTIVATED;
2083:Drivers/STM32F4xx_HAL_Driver/Src/stm32f4xx_hal_rcc_ex.c ****   }
2084:Drivers/STM32F4xx_HAL_Driver/Src/stm32f4xx_hal_rcc_ex.c ****   else
2085:Drivers/STM32F4xx_HAL_Driver/Src/stm32f4xx_hal_rcc_ex.c ****   {
2086:Drivers/STM32F4xx_HAL_Driver/Src/stm32f4xx_hal_rcc_ex.c ****     PeriphClkInit->TIMPresSelection = RCC_TIMPRES_ACTIVATED;
2087:Drivers/STM32F4xx_HAL_Driver/Src/stm32f4xx_hal_rcc_ex.c ****   }
2088:Drivers/STM32F4xx_HAL_Driver/Src/stm32f4xx_hal_rcc_ex.c ****   /* Get the FMPI2C1 clock configuration -------------------------------------*/
2089:Drivers/STM32F4xx_HAL_Driver/Src/stm32f4xx_hal_rcc_ex.c ****   PeriphClkInit->Fmpi2c1ClockSelection = __HAL_RCC_GET_FMPI2C1_SOURCE();
2090:Drivers/STM32F4xx_HAL_Driver/Src/stm32f4xx_hal_rcc_ex.c **** 
2091:Drivers/STM32F4xx_HAL_Driver/Src/stm32f4xx_hal_rcc_ex.c ****   /* Get the I2S clock configuration -----------------------------------------*/
2092:Drivers/STM32F4xx_HAL_Driver/Src/stm32f4xx_hal_rcc_ex.c ****   PeriphClkInit->I2SClockSelection = __HAL_RCC_GET_I2S_SOURCE();
2093:Drivers/STM32F4xx_HAL_Driver/Src/stm32f4xx_hal_rcc_ex.c **** 
2094:Drivers/STM32F4xx_HAL_Driver/Src/stm32f4xx_hal_rcc_ex.c **** 
2095:Drivers/STM32F4xx_HAL_Driver/Src/stm32f4xx_hal_rcc_ex.c **** }
2096:Drivers/STM32F4xx_HAL_Driver/Src/stm32f4xx_hal_rcc_ex.c **** /**
2097:Drivers/STM32F4xx_HAL_Driver/Src/stm32f4xx_hal_rcc_ex.c ****   * @brief  Return the peripheral clock frequency for a given peripheral(SAI..)
2098:Drivers/STM32F4xx_HAL_Driver/Src/stm32f4xx_hal_rcc_ex.c ****   * @note   Return 0 if peripheral clock identifier not managed by this API
2099:Drivers/STM32F4xx_HAL_Driver/Src/stm32f4xx_hal_rcc_ex.c ****   * @param  PeriphClk Peripheral clock identifier
2100:Drivers/STM32F4xx_HAL_Driver/Src/stm32f4xx_hal_rcc_ex.c ****   *         This parameter can be one of the following values:
2101:Drivers/STM32F4xx_HAL_Driver/Src/stm32f4xx_hal_rcc_ex.c ****   *            @arg RCC_PERIPHCLK_I2S: I2S peripheral clock
2102:Drivers/STM32F4xx_HAL_Driver/Src/stm32f4xx_hal_rcc_ex.c ****   * @retval Frequency in KHz
2103:Drivers/STM32F4xx_HAL_Driver/Src/stm32f4xx_hal_rcc_ex.c ****   */
2104:Drivers/STM32F4xx_HAL_Driver/Src/stm32f4xx_hal_rcc_ex.c **** uint32_t HAL_RCCEx_GetPeriphCLKFreq(uint32_t PeriphClk)
2105:Drivers/STM32F4xx_HAL_Driver/Src/stm32f4xx_hal_rcc_ex.c **** {
2106:Drivers/STM32F4xx_HAL_Driver/Src/stm32f4xx_hal_rcc_ex.c ****   /* This variable used to store the I2S clock frequency (value in Hz) */
2107:Drivers/STM32F4xx_HAL_Driver/Src/stm32f4xx_hal_rcc_ex.c ****   uint32_t frequency = 0U;
2108:Drivers/STM32F4xx_HAL_Driver/Src/stm32f4xx_hal_rcc_ex.c ****   /* This variable used to store the VCO Input (value in Hz) */
2109:Drivers/STM32F4xx_HAL_Driver/Src/stm32f4xx_hal_rcc_ex.c ****   uint32_t vcoinput = 0U;
2110:Drivers/STM32F4xx_HAL_Driver/Src/stm32f4xx_hal_rcc_ex.c ****   uint32_t srcclk = 0U;
2111:Drivers/STM32F4xx_HAL_Driver/Src/stm32f4xx_hal_rcc_ex.c ****   /* This variable used to store the VCO Output (value in Hz) */
2112:Drivers/STM32F4xx_HAL_Driver/Src/stm32f4xx_hal_rcc_ex.c ****   uint32_t vcooutput = 0U;
2113:Drivers/STM32F4xx_HAL_Driver/Src/stm32f4xx_hal_rcc_ex.c ****   switch (PeriphClk)
2114:Drivers/STM32F4xx_HAL_Driver/Src/stm32f4xx_hal_rcc_ex.c ****   {
2115:Drivers/STM32F4xx_HAL_Driver/Src/stm32f4xx_hal_rcc_ex.c ****     case RCC_PERIPHCLK_I2S:
2116:Drivers/STM32F4xx_HAL_Driver/Src/stm32f4xx_hal_rcc_ex.c ****     {
2117:Drivers/STM32F4xx_HAL_Driver/Src/stm32f4xx_hal_rcc_ex.c ****       /* Get the current I2S source */
2118:Drivers/STM32F4xx_HAL_Driver/Src/stm32f4xx_hal_rcc_ex.c ****       srcclk = __HAL_RCC_GET_I2S_SOURCE();
2119:Drivers/STM32F4xx_HAL_Driver/Src/stm32f4xx_hal_rcc_ex.c ****       switch (srcclk)
2120:Drivers/STM32F4xx_HAL_Driver/Src/stm32f4xx_hal_rcc_ex.c ****       {
2121:Drivers/STM32F4xx_HAL_Driver/Src/stm32f4xx_hal_rcc_ex.c ****         /* Check if I2S clock selection is External clock mapped on the I2S_CKIN pin used as I2S cl
2122:Drivers/STM32F4xx_HAL_Driver/Src/stm32f4xx_hal_rcc_ex.c ****         case RCC_I2SAPBCLKSOURCE_EXT:
2123:Drivers/STM32F4xx_HAL_Driver/Src/stm32f4xx_hal_rcc_ex.c ****         {
2124:Drivers/STM32F4xx_HAL_Driver/Src/stm32f4xx_hal_rcc_ex.c ****           /* Set the I2S clock to the external clock  value */
2125:Drivers/STM32F4xx_HAL_Driver/Src/stm32f4xx_hal_rcc_ex.c ****           frequency = EXTERNAL_CLOCK_VALUE;
2126:Drivers/STM32F4xx_HAL_Driver/Src/stm32f4xx_hal_rcc_ex.c ****           break;
ARM GAS  C:\Users\Ebrahim\AppData\Local\Temp\ccoXyWuB.s 			page 74


2127:Drivers/STM32F4xx_HAL_Driver/Src/stm32f4xx_hal_rcc_ex.c ****         }
2128:Drivers/STM32F4xx_HAL_Driver/Src/stm32f4xx_hal_rcc_ex.c ****         /* Check if I2S clock selection is PLL VCO Output divided by PLLR used as I2S clock */
2129:Drivers/STM32F4xx_HAL_Driver/Src/stm32f4xx_hal_rcc_ex.c ****         case RCC_I2SAPBCLKSOURCE_PLLR:
2130:Drivers/STM32F4xx_HAL_Driver/Src/stm32f4xx_hal_rcc_ex.c ****         {
2131:Drivers/STM32F4xx_HAL_Driver/Src/stm32f4xx_hal_rcc_ex.c ****           /* Configure the PLL division factor R */
2132:Drivers/STM32F4xx_HAL_Driver/Src/stm32f4xx_hal_rcc_ex.c ****           /* PLL_VCO Input  = PLL_SOURCE/PLLM */
2133:Drivers/STM32F4xx_HAL_Driver/Src/stm32f4xx_hal_rcc_ex.c ****           if ((RCC->PLLCFGR & RCC_PLLCFGR_PLLSRC) == RCC_PLLSOURCE_HSE)
2134:Drivers/STM32F4xx_HAL_Driver/Src/stm32f4xx_hal_rcc_ex.c ****           {
2135:Drivers/STM32F4xx_HAL_Driver/Src/stm32f4xx_hal_rcc_ex.c ****             /* Get the I2S source clock value */
2136:Drivers/STM32F4xx_HAL_Driver/Src/stm32f4xx_hal_rcc_ex.c ****             vcoinput = (uint32_t)(HSE_VALUE / (uint32_t)(RCC->PLLCFGR & RCC_PLLCFGR_PLLM));
2137:Drivers/STM32F4xx_HAL_Driver/Src/stm32f4xx_hal_rcc_ex.c ****           }
2138:Drivers/STM32F4xx_HAL_Driver/Src/stm32f4xx_hal_rcc_ex.c ****           else
2139:Drivers/STM32F4xx_HAL_Driver/Src/stm32f4xx_hal_rcc_ex.c ****           {
2140:Drivers/STM32F4xx_HAL_Driver/Src/stm32f4xx_hal_rcc_ex.c ****             /* Get the I2S source clock value */
2141:Drivers/STM32F4xx_HAL_Driver/Src/stm32f4xx_hal_rcc_ex.c ****             vcoinput = (uint32_t)(HSI_VALUE / (uint32_t)(RCC->PLLCFGR & RCC_PLLCFGR_PLLM));
2142:Drivers/STM32F4xx_HAL_Driver/Src/stm32f4xx_hal_rcc_ex.c ****           }
2143:Drivers/STM32F4xx_HAL_Driver/Src/stm32f4xx_hal_rcc_ex.c **** 
2144:Drivers/STM32F4xx_HAL_Driver/Src/stm32f4xx_hal_rcc_ex.c ****           /* PLL_VCO Output = PLL_VCO Input * PLLN */
2145:Drivers/STM32F4xx_HAL_Driver/Src/stm32f4xx_hal_rcc_ex.c ****           vcooutput = (uint32_t)(vcoinput * (((RCC->PLLCFGR & RCC_PLLCFGR_PLLN) >> 6U) & (RCC_PLLCF
2146:Drivers/STM32F4xx_HAL_Driver/Src/stm32f4xx_hal_rcc_ex.c ****           /* I2S_CLK = PLL_VCO Output/PLLR */
2147:Drivers/STM32F4xx_HAL_Driver/Src/stm32f4xx_hal_rcc_ex.c ****           frequency = (uint32_t)(vcooutput / (((RCC->PLLCFGR & RCC_PLLCFGR_PLLR) >> 28U) & (RCC_PLL
2148:Drivers/STM32F4xx_HAL_Driver/Src/stm32f4xx_hal_rcc_ex.c ****           break;
2149:Drivers/STM32F4xx_HAL_Driver/Src/stm32f4xx_hal_rcc_ex.c ****         }
2150:Drivers/STM32F4xx_HAL_Driver/Src/stm32f4xx_hal_rcc_ex.c ****         /* Check if I2S clock selection is HSI or HSE depending from PLL source Clock */
2151:Drivers/STM32F4xx_HAL_Driver/Src/stm32f4xx_hal_rcc_ex.c ****         case RCC_I2SAPBCLKSOURCE_PLLSRC:
2152:Drivers/STM32F4xx_HAL_Driver/Src/stm32f4xx_hal_rcc_ex.c ****         {
2153:Drivers/STM32F4xx_HAL_Driver/Src/stm32f4xx_hal_rcc_ex.c ****           if ((RCC->PLLCFGR & RCC_PLLCFGR_PLLSRC) == RCC_PLLSOURCE_HSE)
2154:Drivers/STM32F4xx_HAL_Driver/Src/stm32f4xx_hal_rcc_ex.c ****           {
2155:Drivers/STM32F4xx_HAL_Driver/Src/stm32f4xx_hal_rcc_ex.c ****             frequency = HSE_VALUE;
2156:Drivers/STM32F4xx_HAL_Driver/Src/stm32f4xx_hal_rcc_ex.c ****           }
2157:Drivers/STM32F4xx_HAL_Driver/Src/stm32f4xx_hal_rcc_ex.c ****           else
2158:Drivers/STM32F4xx_HAL_Driver/Src/stm32f4xx_hal_rcc_ex.c ****           {
2159:Drivers/STM32F4xx_HAL_Driver/Src/stm32f4xx_hal_rcc_ex.c ****             frequency = HSI_VALUE;
2160:Drivers/STM32F4xx_HAL_Driver/Src/stm32f4xx_hal_rcc_ex.c ****           }
2161:Drivers/STM32F4xx_HAL_Driver/Src/stm32f4xx_hal_rcc_ex.c ****           break;
2162:Drivers/STM32F4xx_HAL_Driver/Src/stm32f4xx_hal_rcc_ex.c ****         }
2163:Drivers/STM32F4xx_HAL_Driver/Src/stm32f4xx_hal_rcc_ex.c ****         /* Clock not enabled for I2S*/
2164:Drivers/STM32F4xx_HAL_Driver/Src/stm32f4xx_hal_rcc_ex.c ****         default:
2165:Drivers/STM32F4xx_HAL_Driver/Src/stm32f4xx_hal_rcc_ex.c ****         {
2166:Drivers/STM32F4xx_HAL_Driver/Src/stm32f4xx_hal_rcc_ex.c ****           frequency = 0U;
2167:Drivers/STM32F4xx_HAL_Driver/Src/stm32f4xx_hal_rcc_ex.c ****           break;
2168:Drivers/STM32F4xx_HAL_Driver/Src/stm32f4xx_hal_rcc_ex.c ****         }
2169:Drivers/STM32F4xx_HAL_Driver/Src/stm32f4xx_hal_rcc_ex.c ****       }
2170:Drivers/STM32F4xx_HAL_Driver/Src/stm32f4xx_hal_rcc_ex.c ****       break;
2171:Drivers/STM32F4xx_HAL_Driver/Src/stm32f4xx_hal_rcc_ex.c ****     }
2172:Drivers/STM32F4xx_HAL_Driver/Src/stm32f4xx_hal_rcc_ex.c ****     default:
2173:Drivers/STM32F4xx_HAL_Driver/Src/stm32f4xx_hal_rcc_ex.c ****     {
2174:Drivers/STM32F4xx_HAL_Driver/Src/stm32f4xx_hal_rcc_ex.c ****       break;
2175:Drivers/STM32F4xx_HAL_Driver/Src/stm32f4xx_hal_rcc_ex.c ****     }
2176:Drivers/STM32F4xx_HAL_Driver/Src/stm32f4xx_hal_rcc_ex.c ****   }
2177:Drivers/STM32F4xx_HAL_Driver/Src/stm32f4xx_hal_rcc_ex.c ****   return frequency;
2178:Drivers/STM32F4xx_HAL_Driver/Src/stm32f4xx_hal_rcc_ex.c **** }
2179:Drivers/STM32F4xx_HAL_Driver/Src/stm32f4xx_hal_rcc_ex.c **** #endif /* STM32F410Tx || STM32F410Cx || STM32F410Rx */
2180:Drivers/STM32F4xx_HAL_Driver/Src/stm32f4xx_hal_rcc_ex.c **** 
2181:Drivers/STM32F4xx_HAL_Driver/Src/stm32f4xx_hal_rcc_ex.c **** #if defined(STM32F427xx) || defined(STM32F437xx) || defined(STM32F429xx) || defined(STM32F439xx)
2182:Drivers/STM32F4xx_HAL_Driver/Src/stm32f4xx_hal_rcc_ex.c **** /**
2183:Drivers/STM32F4xx_HAL_Driver/Src/stm32f4xx_hal_rcc_ex.c ****   * @brief  Initializes the RCC extended peripherals clocks according to the specified
ARM GAS  C:\Users\Ebrahim\AppData\Local\Temp\ccoXyWuB.s 			page 75


2184:Drivers/STM32F4xx_HAL_Driver/Src/stm32f4xx_hal_rcc_ex.c ****   *         parameters in the RCC_PeriphCLKInitTypeDef.
2185:Drivers/STM32F4xx_HAL_Driver/Src/stm32f4xx_hal_rcc_ex.c ****   * @param  PeriphClkInit pointer to an RCC_PeriphCLKInitTypeDef structure that
2186:Drivers/STM32F4xx_HAL_Driver/Src/stm32f4xx_hal_rcc_ex.c ****   *         contains the configuration information for the Extended Peripherals
2187:Drivers/STM32F4xx_HAL_Driver/Src/stm32f4xx_hal_rcc_ex.c ****   *         clocks(I2S, SAI, LTDC RTC and TIM).
2188:Drivers/STM32F4xx_HAL_Driver/Src/stm32f4xx_hal_rcc_ex.c ****   *
2189:Drivers/STM32F4xx_HAL_Driver/Src/stm32f4xx_hal_rcc_ex.c ****   * @note   Care must be taken when HAL_RCCEx_PeriphCLKConfig() is used to select
2190:Drivers/STM32F4xx_HAL_Driver/Src/stm32f4xx_hal_rcc_ex.c ****   *         the RTC clock source; in this case the Backup domain will be reset in
2191:Drivers/STM32F4xx_HAL_Driver/Src/stm32f4xx_hal_rcc_ex.c ****   *         order to modify the RTC Clock source, as consequence RTC registers (including
2192:Drivers/STM32F4xx_HAL_Driver/Src/stm32f4xx_hal_rcc_ex.c ****   *         the backup registers) and RCC_BDCR register are set to their reset values.
2193:Drivers/STM32F4xx_HAL_Driver/Src/stm32f4xx_hal_rcc_ex.c ****   *
2194:Drivers/STM32F4xx_HAL_Driver/Src/stm32f4xx_hal_rcc_ex.c ****   * @retval HAL status
2195:Drivers/STM32F4xx_HAL_Driver/Src/stm32f4xx_hal_rcc_ex.c ****   */
2196:Drivers/STM32F4xx_HAL_Driver/Src/stm32f4xx_hal_rcc_ex.c **** HAL_StatusTypeDef HAL_RCCEx_PeriphCLKConfig(RCC_PeriphCLKInitTypeDef  *PeriphClkInit)
2197:Drivers/STM32F4xx_HAL_Driver/Src/stm32f4xx_hal_rcc_ex.c **** {
2198:Drivers/STM32F4xx_HAL_Driver/Src/stm32f4xx_hal_rcc_ex.c ****   uint32_t tickstart = 0U;
2199:Drivers/STM32F4xx_HAL_Driver/Src/stm32f4xx_hal_rcc_ex.c ****   uint32_t tmpreg1 = 0U;
2200:Drivers/STM32F4xx_HAL_Driver/Src/stm32f4xx_hal_rcc_ex.c **** 
2201:Drivers/STM32F4xx_HAL_Driver/Src/stm32f4xx_hal_rcc_ex.c ****   /* Check the parameters */
2202:Drivers/STM32F4xx_HAL_Driver/Src/stm32f4xx_hal_rcc_ex.c ****   assert_param(IS_RCC_PERIPHCLOCK(PeriphClkInit->PeriphClockSelection));
2203:Drivers/STM32F4xx_HAL_Driver/Src/stm32f4xx_hal_rcc_ex.c **** 
2204:Drivers/STM32F4xx_HAL_Driver/Src/stm32f4xx_hal_rcc_ex.c ****   /*----------------------- SAI/I2S Configuration (PLLI2S) -------------------*/
2205:Drivers/STM32F4xx_HAL_Driver/Src/stm32f4xx_hal_rcc_ex.c ****   /*----------------------- Common configuration SAI/I2S ---------------------*/
2206:Drivers/STM32F4xx_HAL_Driver/Src/stm32f4xx_hal_rcc_ex.c ****   /* In Case of SAI or I2S Clock Configuration through PLLI2S, PLLI2SN division
2207:Drivers/STM32F4xx_HAL_Driver/Src/stm32f4xx_hal_rcc_ex.c ****      factor is common parameters for both peripherals */
2208:Drivers/STM32F4xx_HAL_Driver/Src/stm32f4xx_hal_rcc_ex.c ****   if ((((PeriphClkInit->PeriphClockSelection) & RCC_PERIPHCLK_I2S) == RCC_PERIPHCLK_I2S) ||
2209:Drivers/STM32F4xx_HAL_Driver/Src/stm32f4xx_hal_rcc_ex.c ****       (((PeriphClkInit->PeriphClockSelection) & RCC_PERIPHCLK_SAI_PLLI2S) == RCC_PERIPHCLK_SAI_PLLI
2210:Drivers/STM32F4xx_HAL_Driver/Src/stm32f4xx_hal_rcc_ex.c ****       (((PeriphClkInit->PeriphClockSelection) & RCC_PERIPHCLK_PLLI2S) == RCC_PERIPHCLK_PLLI2S))
2211:Drivers/STM32F4xx_HAL_Driver/Src/stm32f4xx_hal_rcc_ex.c ****   {
2212:Drivers/STM32F4xx_HAL_Driver/Src/stm32f4xx_hal_rcc_ex.c ****     /* check for Parameters */
2213:Drivers/STM32F4xx_HAL_Driver/Src/stm32f4xx_hal_rcc_ex.c ****     assert_param(IS_RCC_PLLI2SN_VALUE(PeriphClkInit->PLLI2S.PLLI2SN));
2214:Drivers/STM32F4xx_HAL_Driver/Src/stm32f4xx_hal_rcc_ex.c **** 
2215:Drivers/STM32F4xx_HAL_Driver/Src/stm32f4xx_hal_rcc_ex.c ****     /* Disable the PLLI2S */
2216:Drivers/STM32F4xx_HAL_Driver/Src/stm32f4xx_hal_rcc_ex.c ****     __HAL_RCC_PLLI2S_DISABLE();
2217:Drivers/STM32F4xx_HAL_Driver/Src/stm32f4xx_hal_rcc_ex.c ****     /* Get tick */
2218:Drivers/STM32F4xx_HAL_Driver/Src/stm32f4xx_hal_rcc_ex.c ****     tickstart = HAL_GetTick();
2219:Drivers/STM32F4xx_HAL_Driver/Src/stm32f4xx_hal_rcc_ex.c ****     /* Wait till PLLI2S is disabled */
2220:Drivers/STM32F4xx_HAL_Driver/Src/stm32f4xx_hal_rcc_ex.c ****     while (__HAL_RCC_GET_FLAG(RCC_FLAG_PLLI2SRDY)  != RESET)
2221:Drivers/STM32F4xx_HAL_Driver/Src/stm32f4xx_hal_rcc_ex.c ****     {
2222:Drivers/STM32F4xx_HAL_Driver/Src/stm32f4xx_hal_rcc_ex.c ****       if ((HAL_GetTick() - tickstart) > PLLI2S_TIMEOUT_VALUE)
2223:Drivers/STM32F4xx_HAL_Driver/Src/stm32f4xx_hal_rcc_ex.c ****       {
2224:Drivers/STM32F4xx_HAL_Driver/Src/stm32f4xx_hal_rcc_ex.c ****         /* return in case of Timeout detected */
2225:Drivers/STM32F4xx_HAL_Driver/Src/stm32f4xx_hal_rcc_ex.c ****         return HAL_TIMEOUT;
2226:Drivers/STM32F4xx_HAL_Driver/Src/stm32f4xx_hal_rcc_ex.c ****       }
2227:Drivers/STM32F4xx_HAL_Driver/Src/stm32f4xx_hal_rcc_ex.c ****     }
2228:Drivers/STM32F4xx_HAL_Driver/Src/stm32f4xx_hal_rcc_ex.c **** 
2229:Drivers/STM32F4xx_HAL_Driver/Src/stm32f4xx_hal_rcc_ex.c ****     /*---------------------------- I2S configuration -------------------------*/
2230:Drivers/STM32F4xx_HAL_Driver/Src/stm32f4xx_hal_rcc_ex.c ****     /* In Case of I2S Clock Configuration through PLLI2S, PLLI2SR must be added
2231:Drivers/STM32F4xx_HAL_Driver/Src/stm32f4xx_hal_rcc_ex.c ****       only for I2S configuration */
2232:Drivers/STM32F4xx_HAL_Driver/Src/stm32f4xx_hal_rcc_ex.c ****     if (((PeriphClkInit->PeriphClockSelection) & RCC_PERIPHCLK_I2S) == (RCC_PERIPHCLK_I2S))
2233:Drivers/STM32F4xx_HAL_Driver/Src/stm32f4xx_hal_rcc_ex.c ****     {
2234:Drivers/STM32F4xx_HAL_Driver/Src/stm32f4xx_hal_rcc_ex.c ****       /* check for Parameters */
2235:Drivers/STM32F4xx_HAL_Driver/Src/stm32f4xx_hal_rcc_ex.c ****       assert_param(IS_RCC_PLLI2SR_VALUE(PeriphClkInit->PLLI2S.PLLI2SR));
2236:Drivers/STM32F4xx_HAL_Driver/Src/stm32f4xx_hal_rcc_ex.c ****       /* Configure the PLLI2S division factors */
2237:Drivers/STM32F4xx_HAL_Driver/Src/stm32f4xx_hal_rcc_ex.c ****       /* PLLI2S_VCO = f(VCO clock) = f(PLLI2S clock input) * (PLLI2SN/PLLM) */
2238:Drivers/STM32F4xx_HAL_Driver/Src/stm32f4xx_hal_rcc_ex.c ****       /* I2SCLK = f(PLLI2S clock output) = f(VCO clock) / PLLI2SR */
2239:Drivers/STM32F4xx_HAL_Driver/Src/stm32f4xx_hal_rcc_ex.c ****       __HAL_RCC_PLLI2S_CONFIG(PeriphClkInit->PLLI2S.PLLI2SN, PeriphClkInit->PLLI2S.PLLI2SR);
2240:Drivers/STM32F4xx_HAL_Driver/Src/stm32f4xx_hal_rcc_ex.c ****     }
ARM GAS  C:\Users\Ebrahim\AppData\Local\Temp\ccoXyWuB.s 			page 76


2241:Drivers/STM32F4xx_HAL_Driver/Src/stm32f4xx_hal_rcc_ex.c **** 
2242:Drivers/STM32F4xx_HAL_Driver/Src/stm32f4xx_hal_rcc_ex.c ****     /*---------------------------- SAI configuration -------------------------*/
2243:Drivers/STM32F4xx_HAL_Driver/Src/stm32f4xx_hal_rcc_ex.c ****     /* In Case of SAI Clock Configuration through PLLI2S, PLLI2SQ and PLLI2S_DIVQ must
2244:Drivers/STM32F4xx_HAL_Driver/Src/stm32f4xx_hal_rcc_ex.c ****        be added only for SAI configuration */
2245:Drivers/STM32F4xx_HAL_Driver/Src/stm32f4xx_hal_rcc_ex.c ****     if (((PeriphClkInit->PeriphClockSelection) & RCC_PERIPHCLK_SAI_PLLI2S) == (RCC_PERIPHCLK_SAI_PL
2246:Drivers/STM32F4xx_HAL_Driver/Src/stm32f4xx_hal_rcc_ex.c ****     {
2247:Drivers/STM32F4xx_HAL_Driver/Src/stm32f4xx_hal_rcc_ex.c ****       /* Check the PLLI2S division factors */
2248:Drivers/STM32F4xx_HAL_Driver/Src/stm32f4xx_hal_rcc_ex.c ****       assert_param(IS_RCC_PLLI2SQ_VALUE(PeriphClkInit->PLLI2S.PLLI2SQ));
2249:Drivers/STM32F4xx_HAL_Driver/Src/stm32f4xx_hal_rcc_ex.c ****       assert_param(IS_RCC_PLLI2S_DIVQ_VALUE(PeriphClkInit->PLLI2SDivQ));
2250:Drivers/STM32F4xx_HAL_Driver/Src/stm32f4xx_hal_rcc_ex.c **** 
2251:Drivers/STM32F4xx_HAL_Driver/Src/stm32f4xx_hal_rcc_ex.c ****       /* Read PLLI2SR value from PLLI2SCFGR register (this value is not need for SAI configuration)
2252:Drivers/STM32F4xx_HAL_Driver/Src/stm32f4xx_hal_rcc_ex.c ****       tmpreg1 = ((RCC->PLLI2SCFGR & RCC_PLLI2SCFGR_PLLI2SR) >> RCC_PLLI2SCFGR_PLLI2SR_Pos);
2253:Drivers/STM32F4xx_HAL_Driver/Src/stm32f4xx_hal_rcc_ex.c ****       /* Configure the PLLI2S division factors */
2254:Drivers/STM32F4xx_HAL_Driver/Src/stm32f4xx_hal_rcc_ex.c ****       /* PLLI2S_VCO Input  = PLL_SOURCE/PLLM */
2255:Drivers/STM32F4xx_HAL_Driver/Src/stm32f4xx_hal_rcc_ex.c ****       /* PLLI2S_VCO Output = PLLI2S_VCO Input * PLLI2SN */
2256:Drivers/STM32F4xx_HAL_Driver/Src/stm32f4xx_hal_rcc_ex.c ****       /* SAI_CLK(first level) = PLLI2S_VCO Output/PLLI2SQ */
2257:Drivers/STM32F4xx_HAL_Driver/Src/stm32f4xx_hal_rcc_ex.c ****       __HAL_RCC_PLLI2S_SAICLK_CONFIG(PeriphClkInit->PLLI2S.PLLI2SN, PeriphClkInit->PLLI2S.PLLI2SQ, 
2258:Drivers/STM32F4xx_HAL_Driver/Src/stm32f4xx_hal_rcc_ex.c ****       /* SAI_CLK_x = SAI_CLK(first level)/PLLI2SDIVQ */
2259:Drivers/STM32F4xx_HAL_Driver/Src/stm32f4xx_hal_rcc_ex.c ****       __HAL_RCC_PLLI2S_PLLSAICLKDIVQ_CONFIG(PeriphClkInit->PLLI2SDivQ);
2260:Drivers/STM32F4xx_HAL_Driver/Src/stm32f4xx_hal_rcc_ex.c ****     }
2261:Drivers/STM32F4xx_HAL_Driver/Src/stm32f4xx_hal_rcc_ex.c **** 
2262:Drivers/STM32F4xx_HAL_Driver/Src/stm32f4xx_hal_rcc_ex.c ****     /*----------------- In Case of PLLI2S is just selected  -----------------*/
2263:Drivers/STM32F4xx_HAL_Driver/Src/stm32f4xx_hal_rcc_ex.c ****     if ((PeriphClkInit->PeriphClockSelection & RCC_PERIPHCLK_PLLI2S) == RCC_PERIPHCLK_PLLI2S)
2264:Drivers/STM32F4xx_HAL_Driver/Src/stm32f4xx_hal_rcc_ex.c ****     {
2265:Drivers/STM32F4xx_HAL_Driver/Src/stm32f4xx_hal_rcc_ex.c ****       /* Check for Parameters */
2266:Drivers/STM32F4xx_HAL_Driver/Src/stm32f4xx_hal_rcc_ex.c ****       assert_param(IS_RCC_PLLI2SQ_VALUE(PeriphClkInit->PLLI2S.PLLI2SQ));
2267:Drivers/STM32F4xx_HAL_Driver/Src/stm32f4xx_hal_rcc_ex.c ****       assert_param(IS_RCC_PLLI2SR_VALUE(PeriphClkInit->PLLI2S.PLLI2SR));
2268:Drivers/STM32F4xx_HAL_Driver/Src/stm32f4xx_hal_rcc_ex.c **** 
2269:Drivers/STM32F4xx_HAL_Driver/Src/stm32f4xx_hal_rcc_ex.c ****       /* Configure the PLLI2S multiplication and division factors */
2270:Drivers/STM32F4xx_HAL_Driver/Src/stm32f4xx_hal_rcc_ex.c ****       __HAL_RCC_PLLI2S_SAICLK_CONFIG(PeriphClkInit->PLLI2S.PLLI2SN, PeriphClkInit->PLLI2S.PLLI2SQ,
2271:Drivers/STM32F4xx_HAL_Driver/Src/stm32f4xx_hal_rcc_ex.c ****                                      PeriphClkInit->PLLI2S.PLLI2SR);
2272:Drivers/STM32F4xx_HAL_Driver/Src/stm32f4xx_hal_rcc_ex.c ****     }
2273:Drivers/STM32F4xx_HAL_Driver/Src/stm32f4xx_hal_rcc_ex.c **** 
2274:Drivers/STM32F4xx_HAL_Driver/Src/stm32f4xx_hal_rcc_ex.c ****     /* Enable the PLLI2S */
2275:Drivers/STM32F4xx_HAL_Driver/Src/stm32f4xx_hal_rcc_ex.c ****     __HAL_RCC_PLLI2S_ENABLE();
2276:Drivers/STM32F4xx_HAL_Driver/Src/stm32f4xx_hal_rcc_ex.c ****     /* Get tick */
2277:Drivers/STM32F4xx_HAL_Driver/Src/stm32f4xx_hal_rcc_ex.c ****     tickstart = HAL_GetTick();
2278:Drivers/STM32F4xx_HAL_Driver/Src/stm32f4xx_hal_rcc_ex.c ****     /* Wait till PLLI2S is ready */
2279:Drivers/STM32F4xx_HAL_Driver/Src/stm32f4xx_hal_rcc_ex.c ****     while (__HAL_RCC_GET_FLAG(RCC_FLAG_PLLI2SRDY)  == RESET)
2280:Drivers/STM32F4xx_HAL_Driver/Src/stm32f4xx_hal_rcc_ex.c ****     {
2281:Drivers/STM32F4xx_HAL_Driver/Src/stm32f4xx_hal_rcc_ex.c ****       if ((HAL_GetTick() - tickstart) > PLLI2S_TIMEOUT_VALUE)
2282:Drivers/STM32F4xx_HAL_Driver/Src/stm32f4xx_hal_rcc_ex.c ****       {
2283:Drivers/STM32F4xx_HAL_Driver/Src/stm32f4xx_hal_rcc_ex.c ****         /* return in case of Timeout detected */
2284:Drivers/STM32F4xx_HAL_Driver/Src/stm32f4xx_hal_rcc_ex.c ****         return HAL_TIMEOUT;
2285:Drivers/STM32F4xx_HAL_Driver/Src/stm32f4xx_hal_rcc_ex.c ****       }
2286:Drivers/STM32F4xx_HAL_Driver/Src/stm32f4xx_hal_rcc_ex.c ****     }
2287:Drivers/STM32F4xx_HAL_Driver/Src/stm32f4xx_hal_rcc_ex.c ****   }
2288:Drivers/STM32F4xx_HAL_Driver/Src/stm32f4xx_hal_rcc_ex.c ****   /*--------------------------------------------------------------------------*/
2289:Drivers/STM32F4xx_HAL_Driver/Src/stm32f4xx_hal_rcc_ex.c **** 
2290:Drivers/STM32F4xx_HAL_Driver/Src/stm32f4xx_hal_rcc_ex.c ****   /*----------------------- SAI/LTDC Configuration (PLLSAI) ------------------*/
2291:Drivers/STM32F4xx_HAL_Driver/Src/stm32f4xx_hal_rcc_ex.c ****   /*----------------------- Common configuration SAI/LTDC --------------------*/
2292:Drivers/STM32F4xx_HAL_Driver/Src/stm32f4xx_hal_rcc_ex.c ****   /* In Case of SAI or LTDC Clock Configuration through PLLSAI, PLLSAIN division
2293:Drivers/STM32F4xx_HAL_Driver/Src/stm32f4xx_hal_rcc_ex.c ****      factor is common parameters for both peripherals */
2294:Drivers/STM32F4xx_HAL_Driver/Src/stm32f4xx_hal_rcc_ex.c ****   if ((((PeriphClkInit->PeriphClockSelection) & RCC_PERIPHCLK_SAI_PLLSAI) == RCC_PERIPHCLK_SAI_PLLS
2295:Drivers/STM32F4xx_HAL_Driver/Src/stm32f4xx_hal_rcc_ex.c ****       (((PeriphClkInit->PeriphClockSelection) & RCC_PERIPHCLK_LTDC) == RCC_PERIPHCLK_LTDC))
2296:Drivers/STM32F4xx_HAL_Driver/Src/stm32f4xx_hal_rcc_ex.c ****   {
2297:Drivers/STM32F4xx_HAL_Driver/Src/stm32f4xx_hal_rcc_ex.c ****     /* Check the PLLSAI division factors */
ARM GAS  C:\Users\Ebrahim\AppData\Local\Temp\ccoXyWuB.s 			page 77


2298:Drivers/STM32F4xx_HAL_Driver/Src/stm32f4xx_hal_rcc_ex.c ****     assert_param(IS_RCC_PLLSAIN_VALUE(PeriphClkInit->PLLSAI.PLLSAIN));
2299:Drivers/STM32F4xx_HAL_Driver/Src/stm32f4xx_hal_rcc_ex.c **** 
2300:Drivers/STM32F4xx_HAL_Driver/Src/stm32f4xx_hal_rcc_ex.c ****     /* Disable PLLSAI Clock */
2301:Drivers/STM32F4xx_HAL_Driver/Src/stm32f4xx_hal_rcc_ex.c ****     __HAL_RCC_PLLSAI_DISABLE();
2302:Drivers/STM32F4xx_HAL_Driver/Src/stm32f4xx_hal_rcc_ex.c ****     /* Get tick */
2303:Drivers/STM32F4xx_HAL_Driver/Src/stm32f4xx_hal_rcc_ex.c ****     tickstart = HAL_GetTick();
2304:Drivers/STM32F4xx_HAL_Driver/Src/stm32f4xx_hal_rcc_ex.c ****     /* Wait till PLLSAI is disabled */
2305:Drivers/STM32F4xx_HAL_Driver/Src/stm32f4xx_hal_rcc_ex.c ****     while (__HAL_RCC_PLLSAI_GET_FLAG() != RESET)
2306:Drivers/STM32F4xx_HAL_Driver/Src/stm32f4xx_hal_rcc_ex.c ****     {
2307:Drivers/STM32F4xx_HAL_Driver/Src/stm32f4xx_hal_rcc_ex.c ****       if ((HAL_GetTick() - tickstart) > PLLSAI_TIMEOUT_VALUE)
2308:Drivers/STM32F4xx_HAL_Driver/Src/stm32f4xx_hal_rcc_ex.c ****       {
2309:Drivers/STM32F4xx_HAL_Driver/Src/stm32f4xx_hal_rcc_ex.c ****         /* return in case of Timeout detected */
2310:Drivers/STM32F4xx_HAL_Driver/Src/stm32f4xx_hal_rcc_ex.c ****         return HAL_TIMEOUT;
2311:Drivers/STM32F4xx_HAL_Driver/Src/stm32f4xx_hal_rcc_ex.c ****       }
2312:Drivers/STM32F4xx_HAL_Driver/Src/stm32f4xx_hal_rcc_ex.c ****     }
2313:Drivers/STM32F4xx_HAL_Driver/Src/stm32f4xx_hal_rcc_ex.c **** 
2314:Drivers/STM32F4xx_HAL_Driver/Src/stm32f4xx_hal_rcc_ex.c ****     /*---------------------------- SAI configuration -------------------------*/
2315:Drivers/STM32F4xx_HAL_Driver/Src/stm32f4xx_hal_rcc_ex.c ****     /* In Case of SAI Clock Configuration through PLLSAI, PLLSAIQ and PLLSAI_DIVQ must
2316:Drivers/STM32F4xx_HAL_Driver/Src/stm32f4xx_hal_rcc_ex.c ****        be added only for SAI configuration */
2317:Drivers/STM32F4xx_HAL_Driver/Src/stm32f4xx_hal_rcc_ex.c ****     if (((PeriphClkInit->PeriphClockSelection) & RCC_PERIPHCLK_SAI_PLLSAI) == (RCC_PERIPHCLK_SAI_PL
2318:Drivers/STM32F4xx_HAL_Driver/Src/stm32f4xx_hal_rcc_ex.c ****     {
2319:Drivers/STM32F4xx_HAL_Driver/Src/stm32f4xx_hal_rcc_ex.c ****       assert_param(IS_RCC_PLLSAIQ_VALUE(PeriphClkInit->PLLSAI.PLLSAIQ));
2320:Drivers/STM32F4xx_HAL_Driver/Src/stm32f4xx_hal_rcc_ex.c ****       assert_param(IS_RCC_PLLSAI_DIVQ_VALUE(PeriphClkInit->PLLSAIDivQ));
2321:Drivers/STM32F4xx_HAL_Driver/Src/stm32f4xx_hal_rcc_ex.c **** 
2322:Drivers/STM32F4xx_HAL_Driver/Src/stm32f4xx_hal_rcc_ex.c ****       /* Read PLLSAIR value from PLLSAICFGR register (this value is not need for SAI configuration)
2323:Drivers/STM32F4xx_HAL_Driver/Src/stm32f4xx_hal_rcc_ex.c ****       tmpreg1 = ((RCC->PLLSAICFGR & RCC_PLLSAICFGR_PLLSAIR) >> RCC_PLLSAICFGR_PLLSAIR_Pos);
2324:Drivers/STM32F4xx_HAL_Driver/Src/stm32f4xx_hal_rcc_ex.c ****       /* PLLSAI_VCO Input  = PLL_SOURCE/PLLM */
2325:Drivers/STM32F4xx_HAL_Driver/Src/stm32f4xx_hal_rcc_ex.c ****       /* PLLSAI_VCO Output = PLLSAI_VCO Input * PLLSAIN */
2326:Drivers/STM32F4xx_HAL_Driver/Src/stm32f4xx_hal_rcc_ex.c ****       /* SAI_CLK(first level) = PLLSAI_VCO Output/PLLSAIQ */
2327:Drivers/STM32F4xx_HAL_Driver/Src/stm32f4xx_hal_rcc_ex.c ****       __HAL_RCC_PLLSAI_CONFIG(PeriphClkInit->PLLSAI.PLLSAIN, PeriphClkInit->PLLSAI.PLLSAIQ, tmpreg1
2328:Drivers/STM32F4xx_HAL_Driver/Src/stm32f4xx_hal_rcc_ex.c ****       /* SAI_CLK_x = SAI_CLK(first level)/PLLSAIDIVQ */
2329:Drivers/STM32F4xx_HAL_Driver/Src/stm32f4xx_hal_rcc_ex.c ****       __HAL_RCC_PLLSAI_PLLSAICLKDIVQ_CONFIG(PeriphClkInit->PLLSAIDivQ);
2330:Drivers/STM32F4xx_HAL_Driver/Src/stm32f4xx_hal_rcc_ex.c ****     }
2331:Drivers/STM32F4xx_HAL_Driver/Src/stm32f4xx_hal_rcc_ex.c **** 
2332:Drivers/STM32F4xx_HAL_Driver/Src/stm32f4xx_hal_rcc_ex.c ****     /*---------------------------- LTDC configuration ------------------------*/
2333:Drivers/STM32F4xx_HAL_Driver/Src/stm32f4xx_hal_rcc_ex.c ****     if (((PeriphClkInit->PeriphClockSelection) & RCC_PERIPHCLK_LTDC) == (RCC_PERIPHCLK_LTDC))
2334:Drivers/STM32F4xx_HAL_Driver/Src/stm32f4xx_hal_rcc_ex.c ****     {
2335:Drivers/STM32F4xx_HAL_Driver/Src/stm32f4xx_hal_rcc_ex.c ****       assert_param(IS_RCC_PLLSAIR_VALUE(PeriphClkInit->PLLSAI.PLLSAIR));
2336:Drivers/STM32F4xx_HAL_Driver/Src/stm32f4xx_hal_rcc_ex.c ****       assert_param(IS_RCC_PLLSAI_DIVR_VALUE(PeriphClkInit->PLLSAIDivR));
2337:Drivers/STM32F4xx_HAL_Driver/Src/stm32f4xx_hal_rcc_ex.c **** 
2338:Drivers/STM32F4xx_HAL_Driver/Src/stm32f4xx_hal_rcc_ex.c ****       /* Read PLLSAIR value from PLLSAICFGR register (this value is not need for SAI configuration)
2339:Drivers/STM32F4xx_HAL_Driver/Src/stm32f4xx_hal_rcc_ex.c ****       tmpreg1 = ((RCC->PLLSAICFGR & RCC_PLLSAICFGR_PLLSAIQ) >> RCC_PLLSAICFGR_PLLSAIQ_Pos);
2340:Drivers/STM32F4xx_HAL_Driver/Src/stm32f4xx_hal_rcc_ex.c ****       /* PLLSAI_VCO Input  = PLL_SOURCE/PLLM */
2341:Drivers/STM32F4xx_HAL_Driver/Src/stm32f4xx_hal_rcc_ex.c ****       /* PLLSAI_VCO Output = PLLSAI_VCO Input * PLLSAIN */
2342:Drivers/STM32F4xx_HAL_Driver/Src/stm32f4xx_hal_rcc_ex.c ****       /* LTDC_CLK(first level) = PLLSAI_VCO Output/PLLSAIR */
2343:Drivers/STM32F4xx_HAL_Driver/Src/stm32f4xx_hal_rcc_ex.c ****       __HAL_RCC_PLLSAI_CONFIG(PeriphClkInit->PLLSAI.PLLSAIN, tmpreg1, PeriphClkInit->PLLSAI.PLLSAIR
2344:Drivers/STM32F4xx_HAL_Driver/Src/stm32f4xx_hal_rcc_ex.c ****       /* LTDC_CLK = LTDC_CLK(first level)/PLLSAIDIVR */
2345:Drivers/STM32F4xx_HAL_Driver/Src/stm32f4xx_hal_rcc_ex.c ****       __HAL_RCC_PLLSAI_PLLSAICLKDIVR_CONFIG(PeriphClkInit->PLLSAIDivR);
2346:Drivers/STM32F4xx_HAL_Driver/Src/stm32f4xx_hal_rcc_ex.c ****     }
2347:Drivers/STM32F4xx_HAL_Driver/Src/stm32f4xx_hal_rcc_ex.c ****     /* Enable PLLSAI Clock */
2348:Drivers/STM32F4xx_HAL_Driver/Src/stm32f4xx_hal_rcc_ex.c ****     __HAL_RCC_PLLSAI_ENABLE();
2349:Drivers/STM32F4xx_HAL_Driver/Src/stm32f4xx_hal_rcc_ex.c ****     /* Get tick */
2350:Drivers/STM32F4xx_HAL_Driver/Src/stm32f4xx_hal_rcc_ex.c ****     tickstart = HAL_GetTick();
2351:Drivers/STM32F4xx_HAL_Driver/Src/stm32f4xx_hal_rcc_ex.c ****     /* Wait till PLLSAI is ready */
2352:Drivers/STM32F4xx_HAL_Driver/Src/stm32f4xx_hal_rcc_ex.c ****     while (__HAL_RCC_PLLSAI_GET_FLAG() == RESET)
2353:Drivers/STM32F4xx_HAL_Driver/Src/stm32f4xx_hal_rcc_ex.c ****     {
2354:Drivers/STM32F4xx_HAL_Driver/Src/stm32f4xx_hal_rcc_ex.c ****       if ((HAL_GetTick() - tickstart) > PLLSAI_TIMEOUT_VALUE)
ARM GAS  C:\Users\Ebrahim\AppData\Local\Temp\ccoXyWuB.s 			page 78


2355:Drivers/STM32F4xx_HAL_Driver/Src/stm32f4xx_hal_rcc_ex.c ****       {
2356:Drivers/STM32F4xx_HAL_Driver/Src/stm32f4xx_hal_rcc_ex.c ****         /* return in case of Timeout detected */
2357:Drivers/STM32F4xx_HAL_Driver/Src/stm32f4xx_hal_rcc_ex.c ****         return HAL_TIMEOUT;
2358:Drivers/STM32F4xx_HAL_Driver/Src/stm32f4xx_hal_rcc_ex.c ****       }
2359:Drivers/STM32F4xx_HAL_Driver/Src/stm32f4xx_hal_rcc_ex.c ****     }
2360:Drivers/STM32F4xx_HAL_Driver/Src/stm32f4xx_hal_rcc_ex.c ****   }
2361:Drivers/STM32F4xx_HAL_Driver/Src/stm32f4xx_hal_rcc_ex.c ****   /*--------------------------------------------------------------------------*/
2362:Drivers/STM32F4xx_HAL_Driver/Src/stm32f4xx_hal_rcc_ex.c **** 
2363:Drivers/STM32F4xx_HAL_Driver/Src/stm32f4xx_hal_rcc_ex.c ****   /*---------------------------- RTC configuration ---------------------------*/
2364:Drivers/STM32F4xx_HAL_Driver/Src/stm32f4xx_hal_rcc_ex.c ****   if (((PeriphClkInit->PeriphClockSelection) & RCC_PERIPHCLK_RTC) == (RCC_PERIPHCLK_RTC))
2365:Drivers/STM32F4xx_HAL_Driver/Src/stm32f4xx_hal_rcc_ex.c ****   {
2366:Drivers/STM32F4xx_HAL_Driver/Src/stm32f4xx_hal_rcc_ex.c ****     /* Check for RTC Parameters used to output RTCCLK */
2367:Drivers/STM32F4xx_HAL_Driver/Src/stm32f4xx_hal_rcc_ex.c ****     assert_param(IS_RCC_RTCCLKSOURCE(PeriphClkInit->RTCClockSelection));
2368:Drivers/STM32F4xx_HAL_Driver/Src/stm32f4xx_hal_rcc_ex.c **** 
2369:Drivers/STM32F4xx_HAL_Driver/Src/stm32f4xx_hal_rcc_ex.c ****     /* Enable Power Clock*/
2370:Drivers/STM32F4xx_HAL_Driver/Src/stm32f4xx_hal_rcc_ex.c ****     __HAL_RCC_PWR_CLK_ENABLE();
2371:Drivers/STM32F4xx_HAL_Driver/Src/stm32f4xx_hal_rcc_ex.c **** 
2372:Drivers/STM32F4xx_HAL_Driver/Src/stm32f4xx_hal_rcc_ex.c ****     /* Enable write access to Backup domain */
2373:Drivers/STM32F4xx_HAL_Driver/Src/stm32f4xx_hal_rcc_ex.c ****     PWR->CR |= PWR_CR_DBP;
2374:Drivers/STM32F4xx_HAL_Driver/Src/stm32f4xx_hal_rcc_ex.c **** 
2375:Drivers/STM32F4xx_HAL_Driver/Src/stm32f4xx_hal_rcc_ex.c ****     /* Get tick */
2376:Drivers/STM32F4xx_HAL_Driver/Src/stm32f4xx_hal_rcc_ex.c ****     tickstart = HAL_GetTick();
2377:Drivers/STM32F4xx_HAL_Driver/Src/stm32f4xx_hal_rcc_ex.c **** 
2378:Drivers/STM32F4xx_HAL_Driver/Src/stm32f4xx_hal_rcc_ex.c ****     while ((PWR->CR & PWR_CR_DBP) == RESET)
2379:Drivers/STM32F4xx_HAL_Driver/Src/stm32f4xx_hal_rcc_ex.c ****     {
2380:Drivers/STM32F4xx_HAL_Driver/Src/stm32f4xx_hal_rcc_ex.c ****       if ((HAL_GetTick() - tickstart) > RCC_DBP_TIMEOUT_VALUE)
2381:Drivers/STM32F4xx_HAL_Driver/Src/stm32f4xx_hal_rcc_ex.c ****       {
2382:Drivers/STM32F4xx_HAL_Driver/Src/stm32f4xx_hal_rcc_ex.c ****         return HAL_TIMEOUT;
2383:Drivers/STM32F4xx_HAL_Driver/Src/stm32f4xx_hal_rcc_ex.c ****       }
2384:Drivers/STM32F4xx_HAL_Driver/Src/stm32f4xx_hal_rcc_ex.c ****     }
2385:Drivers/STM32F4xx_HAL_Driver/Src/stm32f4xx_hal_rcc_ex.c ****     /* Reset the Backup domain only if the RTC Clock source selection is modified from reset value 
2386:Drivers/STM32F4xx_HAL_Driver/Src/stm32f4xx_hal_rcc_ex.c ****     tmpreg1 = (RCC->BDCR & RCC_BDCR_RTCSEL);
2387:Drivers/STM32F4xx_HAL_Driver/Src/stm32f4xx_hal_rcc_ex.c ****     if ((tmpreg1 != 0x00000000U) && ((tmpreg1) != (PeriphClkInit->RTCClockSelection & RCC_BDCR_RTCS
2388:Drivers/STM32F4xx_HAL_Driver/Src/stm32f4xx_hal_rcc_ex.c ****     {
2389:Drivers/STM32F4xx_HAL_Driver/Src/stm32f4xx_hal_rcc_ex.c ****       /* Store the content of BDCR register before the reset of Backup Domain */
2390:Drivers/STM32F4xx_HAL_Driver/Src/stm32f4xx_hal_rcc_ex.c ****       tmpreg1 = (RCC->BDCR & ~(RCC_BDCR_RTCSEL));
2391:Drivers/STM32F4xx_HAL_Driver/Src/stm32f4xx_hal_rcc_ex.c ****       /* RTC Clock selection can be changed only if the Backup Domain is reset */
2392:Drivers/STM32F4xx_HAL_Driver/Src/stm32f4xx_hal_rcc_ex.c ****       __HAL_RCC_BACKUPRESET_FORCE();
2393:Drivers/STM32F4xx_HAL_Driver/Src/stm32f4xx_hal_rcc_ex.c ****       __HAL_RCC_BACKUPRESET_RELEASE();
2394:Drivers/STM32F4xx_HAL_Driver/Src/stm32f4xx_hal_rcc_ex.c ****       /* Restore the Content of BDCR register */
2395:Drivers/STM32F4xx_HAL_Driver/Src/stm32f4xx_hal_rcc_ex.c ****       RCC->BDCR = tmpreg1;
2396:Drivers/STM32F4xx_HAL_Driver/Src/stm32f4xx_hal_rcc_ex.c **** 
2397:Drivers/STM32F4xx_HAL_Driver/Src/stm32f4xx_hal_rcc_ex.c ****       /* Wait for LSE reactivation if LSE was enable prior to Backup Domain reset */
2398:Drivers/STM32F4xx_HAL_Driver/Src/stm32f4xx_hal_rcc_ex.c ****       if (HAL_IS_BIT_SET(RCC->BDCR, RCC_BDCR_LSEON))
2399:Drivers/STM32F4xx_HAL_Driver/Src/stm32f4xx_hal_rcc_ex.c ****       {
2400:Drivers/STM32F4xx_HAL_Driver/Src/stm32f4xx_hal_rcc_ex.c ****         /* Get tick */
2401:Drivers/STM32F4xx_HAL_Driver/Src/stm32f4xx_hal_rcc_ex.c ****         tickstart = HAL_GetTick();
2402:Drivers/STM32F4xx_HAL_Driver/Src/stm32f4xx_hal_rcc_ex.c **** 
2403:Drivers/STM32F4xx_HAL_Driver/Src/stm32f4xx_hal_rcc_ex.c ****         /* Wait till LSE is ready */
2404:Drivers/STM32F4xx_HAL_Driver/Src/stm32f4xx_hal_rcc_ex.c ****         while (__HAL_RCC_GET_FLAG(RCC_FLAG_LSERDY) == RESET)
2405:Drivers/STM32F4xx_HAL_Driver/Src/stm32f4xx_hal_rcc_ex.c ****         {
2406:Drivers/STM32F4xx_HAL_Driver/Src/stm32f4xx_hal_rcc_ex.c ****           if ((HAL_GetTick() - tickstart) > RCC_LSE_TIMEOUT_VALUE)
2407:Drivers/STM32F4xx_HAL_Driver/Src/stm32f4xx_hal_rcc_ex.c ****           {
2408:Drivers/STM32F4xx_HAL_Driver/Src/stm32f4xx_hal_rcc_ex.c ****             return HAL_TIMEOUT;
2409:Drivers/STM32F4xx_HAL_Driver/Src/stm32f4xx_hal_rcc_ex.c ****           }
2410:Drivers/STM32F4xx_HAL_Driver/Src/stm32f4xx_hal_rcc_ex.c ****         }
2411:Drivers/STM32F4xx_HAL_Driver/Src/stm32f4xx_hal_rcc_ex.c ****       }
ARM GAS  C:\Users\Ebrahim\AppData\Local\Temp\ccoXyWuB.s 			page 79


2412:Drivers/STM32F4xx_HAL_Driver/Src/stm32f4xx_hal_rcc_ex.c ****     }
2413:Drivers/STM32F4xx_HAL_Driver/Src/stm32f4xx_hal_rcc_ex.c ****     __HAL_RCC_RTC_CONFIG(PeriphClkInit->RTCClockSelection);
2414:Drivers/STM32F4xx_HAL_Driver/Src/stm32f4xx_hal_rcc_ex.c ****   }
2415:Drivers/STM32F4xx_HAL_Driver/Src/stm32f4xx_hal_rcc_ex.c ****   /*--------------------------------------------------------------------------*/
2416:Drivers/STM32F4xx_HAL_Driver/Src/stm32f4xx_hal_rcc_ex.c **** 
2417:Drivers/STM32F4xx_HAL_Driver/Src/stm32f4xx_hal_rcc_ex.c ****   /*---------------------------- TIM configuration ---------------------------*/
2418:Drivers/STM32F4xx_HAL_Driver/Src/stm32f4xx_hal_rcc_ex.c ****   if (((PeriphClkInit->PeriphClockSelection) & RCC_PERIPHCLK_TIM) == (RCC_PERIPHCLK_TIM))
2419:Drivers/STM32F4xx_HAL_Driver/Src/stm32f4xx_hal_rcc_ex.c ****   {
2420:Drivers/STM32F4xx_HAL_Driver/Src/stm32f4xx_hal_rcc_ex.c ****     __HAL_RCC_TIMCLKPRESCALER(PeriphClkInit->TIMPresSelection);
2421:Drivers/STM32F4xx_HAL_Driver/Src/stm32f4xx_hal_rcc_ex.c ****   }
2422:Drivers/STM32F4xx_HAL_Driver/Src/stm32f4xx_hal_rcc_ex.c ****   return HAL_OK;
2423:Drivers/STM32F4xx_HAL_Driver/Src/stm32f4xx_hal_rcc_ex.c **** }
2424:Drivers/STM32F4xx_HAL_Driver/Src/stm32f4xx_hal_rcc_ex.c **** 
2425:Drivers/STM32F4xx_HAL_Driver/Src/stm32f4xx_hal_rcc_ex.c **** /**
2426:Drivers/STM32F4xx_HAL_Driver/Src/stm32f4xx_hal_rcc_ex.c ****   * @brief  Configures the PeriphClkInit according to the internal
2427:Drivers/STM32F4xx_HAL_Driver/Src/stm32f4xx_hal_rcc_ex.c ****   * RCC configuration registers.
2428:Drivers/STM32F4xx_HAL_Driver/Src/stm32f4xx_hal_rcc_ex.c ****   * @param  PeriphClkInit pointer to an RCC_PeriphCLKInitTypeDef structure that
2429:Drivers/STM32F4xx_HAL_Driver/Src/stm32f4xx_hal_rcc_ex.c ****   *         will be configured.
2430:Drivers/STM32F4xx_HAL_Driver/Src/stm32f4xx_hal_rcc_ex.c ****   * @retval None
2431:Drivers/STM32F4xx_HAL_Driver/Src/stm32f4xx_hal_rcc_ex.c ****   */
2432:Drivers/STM32F4xx_HAL_Driver/Src/stm32f4xx_hal_rcc_ex.c **** void HAL_RCCEx_GetPeriphCLKConfig(RCC_PeriphCLKInitTypeDef  *PeriphClkInit)
2433:Drivers/STM32F4xx_HAL_Driver/Src/stm32f4xx_hal_rcc_ex.c **** {
2434:Drivers/STM32F4xx_HAL_Driver/Src/stm32f4xx_hal_rcc_ex.c ****   uint32_t tempreg;
2435:Drivers/STM32F4xx_HAL_Driver/Src/stm32f4xx_hal_rcc_ex.c **** 
2436:Drivers/STM32F4xx_HAL_Driver/Src/stm32f4xx_hal_rcc_ex.c ****   /* Set all possible values for the extended clock type parameter------------*/
2437:Drivers/STM32F4xx_HAL_Driver/Src/stm32f4xx_hal_rcc_ex.c ****   PeriphClkInit->PeriphClockSelection = RCC_PERIPHCLK_I2S | RCC_PERIPHCLK_SAI_PLLSAI | RCC_PERIPHCL
2438:Drivers/STM32F4xx_HAL_Driver/Src/stm32f4xx_hal_rcc_ex.c **** 
2439:Drivers/STM32F4xx_HAL_Driver/Src/stm32f4xx_hal_rcc_ex.c ****   /* Get the PLLI2S Clock configuration -----------------------------------------------*/
2440:Drivers/STM32F4xx_HAL_Driver/Src/stm32f4xx_hal_rcc_ex.c ****   PeriphClkInit->PLLI2S.PLLI2SN = (uint32_t)((RCC->PLLI2SCFGR & RCC_PLLI2SCFGR_PLLI2SN) >> RCC_PLLI
2441:Drivers/STM32F4xx_HAL_Driver/Src/stm32f4xx_hal_rcc_ex.c ****   PeriphClkInit->PLLI2S.PLLI2SR = (uint32_t)((RCC->PLLI2SCFGR & RCC_PLLI2SCFGR_PLLI2SR) >> RCC_PLLI
2442:Drivers/STM32F4xx_HAL_Driver/Src/stm32f4xx_hal_rcc_ex.c ****   PeriphClkInit->PLLI2S.PLLI2SQ = (uint32_t)((RCC->PLLI2SCFGR & RCC_PLLI2SCFGR_PLLI2SQ) >> RCC_PLLI
2443:Drivers/STM32F4xx_HAL_Driver/Src/stm32f4xx_hal_rcc_ex.c ****   /* Get the PLLSAI Clock configuration -----------------------------------------------*/
2444:Drivers/STM32F4xx_HAL_Driver/Src/stm32f4xx_hal_rcc_ex.c ****   PeriphClkInit->PLLSAI.PLLSAIN = (uint32_t)((RCC->PLLSAICFGR & RCC_PLLSAICFGR_PLLSAIN) >> RCC_PLLS
2445:Drivers/STM32F4xx_HAL_Driver/Src/stm32f4xx_hal_rcc_ex.c ****   PeriphClkInit->PLLSAI.PLLSAIR = (uint32_t)((RCC->PLLSAICFGR & RCC_PLLSAICFGR_PLLSAIR) >> RCC_PLLS
2446:Drivers/STM32F4xx_HAL_Driver/Src/stm32f4xx_hal_rcc_ex.c ****   PeriphClkInit->PLLSAI.PLLSAIQ = (uint32_t)((RCC->PLLSAICFGR & RCC_PLLSAICFGR_PLLSAIQ) >> RCC_PLLS
2447:Drivers/STM32F4xx_HAL_Driver/Src/stm32f4xx_hal_rcc_ex.c ****   /* Get the PLLSAI/PLLI2S division factors -----------------------------------------------*/
2448:Drivers/STM32F4xx_HAL_Driver/Src/stm32f4xx_hal_rcc_ex.c ****   PeriphClkInit->PLLI2SDivQ = (uint32_t)((RCC->DCKCFGR & RCC_DCKCFGR_PLLI2SDIVQ) >> RCC_DCKCFGR_PLL
2449:Drivers/STM32F4xx_HAL_Driver/Src/stm32f4xx_hal_rcc_ex.c ****   PeriphClkInit->PLLSAIDivQ = (uint32_t)((RCC->DCKCFGR & RCC_DCKCFGR_PLLSAIDIVQ) >> RCC_DCKCFGR_PLL
2450:Drivers/STM32F4xx_HAL_Driver/Src/stm32f4xx_hal_rcc_ex.c ****   PeriphClkInit->PLLSAIDivR = (uint32_t)(RCC->DCKCFGR & RCC_DCKCFGR_PLLSAIDIVR);
2451:Drivers/STM32F4xx_HAL_Driver/Src/stm32f4xx_hal_rcc_ex.c ****   /* Get the RTC Clock configuration -----------------------------------------------*/
2452:Drivers/STM32F4xx_HAL_Driver/Src/stm32f4xx_hal_rcc_ex.c ****   tempreg = (RCC->CFGR & RCC_CFGR_RTCPRE);
2453:Drivers/STM32F4xx_HAL_Driver/Src/stm32f4xx_hal_rcc_ex.c ****   PeriphClkInit->RTCClockSelection = (uint32_t)((tempreg) | (RCC->BDCR & RCC_BDCR_RTCSEL));
2454:Drivers/STM32F4xx_HAL_Driver/Src/stm32f4xx_hal_rcc_ex.c **** 
2455:Drivers/STM32F4xx_HAL_Driver/Src/stm32f4xx_hal_rcc_ex.c ****   if ((RCC->DCKCFGR & RCC_DCKCFGR_TIMPRE) == RESET)
2456:Drivers/STM32F4xx_HAL_Driver/Src/stm32f4xx_hal_rcc_ex.c ****   {
2457:Drivers/STM32F4xx_HAL_Driver/Src/stm32f4xx_hal_rcc_ex.c ****     PeriphClkInit->TIMPresSelection = RCC_TIMPRES_DESACTIVATED;
2458:Drivers/STM32F4xx_HAL_Driver/Src/stm32f4xx_hal_rcc_ex.c ****   }
2459:Drivers/STM32F4xx_HAL_Driver/Src/stm32f4xx_hal_rcc_ex.c ****   else
2460:Drivers/STM32F4xx_HAL_Driver/Src/stm32f4xx_hal_rcc_ex.c ****   {
2461:Drivers/STM32F4xx_HAL_Driver/Src/stm32f4xx_hal_rcc_ex.c ****     PeriphClkInit->TIMPresSelection = RCC_TIMPRES_ACTIVATED;
2462:Drivers/STM32F4xx_HAL_Driver/Src/stm32f4xx_hal_rcc_ex.c ****   }
2463:Drivers/STM32F4xx_HAL_Driver/Src/stm32f4xx_hal_rcc_ex.c **** }
2464:Drivers/STM32F4xx_HAL_Driver/Src/stm32f4xx_hal_rcc_ex.c **** 
2465:Drivers/STM32F4xx_HAL_Driver/Src/stm32f4xx_hal_rcc_ex.c **** /**
2466:Drivers/STM32F4xx_HAL_Driver/Src/stm32f4xx_hal_rcc_ex.c ****   * @brief  Return the peripheral clock frequency for a given peripheral(SAI..)
2467:Drivers/STM32F4xx_HAL_Driver/Src/stm32f4xx_hal_rcc_ex.c ****   * @note   Return 0 if peripheral clock identifier not managed by this API
2468:Drivers/STM32F4xx_HAL_Driver/Src/stm32f4xx_hal_rcc_ex.c ****   * @param  PeriphClk Peripheral clock identifier
ARM GAS  C:\Users\Ebrahim\AppData\Local\Temp\ccoXyWuB.s 			page 80


2469:Drivers/STM32F4xx_HAL_Driver/Src/stm32f4xx_hal_rcc_ex.c ****   *         This parameter can be one of the following values:
2470:Drivers/STM32F4xx_HAL_Driver/Src/stm32f4xx_hal_rcc_ex.c ****   *            @arg RCC_PERIPHCLK_I2S: I2S peripheral clock
2471:Drivers/STM32F4xx_HAL_Driver/Src/stm32f4xx_hal_rcc_ex.c ****   * @retval Frequency in KHz
2472:Drivers/STM32F4xx_HAL_Driver/Src/stm32f4xx_hal_rcc_ex.c ****   */
2473:Drivers/STM32F4xx_HAL_Driver/Src/stm32f4xx_hal_rcc_ex.c **** uint32_t HAL_RCCEx_GetPeriphCLKFreq(uint32_t PeriphClk)
2474:Drivers/STM32F4xx_HAL_Driver/Src/stm32f4xx_hal_rcc_ex.c **** {
2475:Drivers/STM32F4xx_HAL_Driver/Src/stm32f4xx_hal_rcc_ex.c ****   /* This variable used to store the I2S clock frequency (value in Hz) */
2476:Drivers/STM32F4xx_HAL_Driver/Src/stm32f4xx_hal_rcc_ex.c ****   uint32_t frequency = 0U;
2477:Drivers/STM32F4xx_HAL_Driver/Src/stm32f4xx_hal_rcc_ex.c ****   /* This variable used to store the VCO Input (value in Hz) */
2478:Drivers/STM32F4xx_HAL_Driver/Src/stm32f4xx_hal_rcc_ex.c ****   uint32_t vcoinput = 0U;
2479:Drivers/STM32F4xx_HAL_Driver/Src/stm32f4xx_hal_rcc_ex.c ****   uint32_t srcclk = 0U;
2480:Drivers/STM32F4xx_HAL_Driver/Src/stm32f4xx_hal_rcc_ex.c ****   /* This variable used to store the VCO Output (value in Hz) */
2481:Drivers/STM32F4xx_HAL_Driver/Src/stm32f4xx_hal_rcc_ex.c ****   uint32_t vcooutput = 0U;
2482:Drivers/STM32F4xx_HAL_Driver/Src/stm32f4xx_hal_rcc_ex.c ****   switch (PeriphClk)
2483:Drivers/STM32F4xx_HAL_Driver/Src/stm32f4xx_hal_rcc_ex.c ****   {
2484:Drivers/STM32F4xx_HAL_Driver/Src/stm32f4xx_hal_rcc_ex.c ****     case RCC_PERIPHCLK_I2S:
2485:Drivers/STM32F4xx_HAL_Driver/Src/stm32f4xx_hal_rcc_ex.c ****     {
2486:Drivers/STM32F4xx_HAL_Driver/Src/stm32f4xx_hal_rcc_ex.c ****       /* Get the current I2S source */
2487:Drivers/STM32F4xx_HAL_Driver/Src/stm32f4xx_hal_rcc_ex.c ****       srcclk = __HAL_RCC_GET_I2S_SOURCE();
2488:Drivers/STM32F4xx_HAL_Driver/Src/stm32f4xx_hal_rcc_ex.c ****       switch (srcclk)
2489:Drivers/STM32F4xx_HAL_Driver/Src/stm32f4xx_hal_rcc_ex.c ****       {
2490:Drivers/STM32F4xx_HAL_Driver/Src/stm32f4xx_hal_rcc_ex.c ****         /* Check if I2S clock selection is External clock mapped on the I2S_CKIN pin used as I2S cl
2491:Drivers/STM32F4xx_HAL_Driver/Src/stm32f4xx_hal_rcc_ex.c ****         case RCC_I2SCLKSOURCE_EXT:
2492:Drivers/STM32F4xx_HAL_Driver/Src/stm32f4xx_hal_rcc_ex.c ****         {
2493:Drivers/STM32F4xx_HAL_Driver/Src/stm32f4xx_hal_rcc_ex.c ****           /* Set the I2S clock to the external clock  value */
2494:Drivers/STM32F4xx_HAL_Driver/Src/stm32f4xx_hal_rcc_ex.c ****           frequency = EXTERNAL_CLOCK_VALUE;
2495:Drivers/STM32F4xx_HAL_Driver/Src/stm32f4xx_hal_rcc_ex.c ****           break;
2496:Drivers/STM32F4xx_HAL_Driver/Src/stm32f4xx_hal_rcc_ex.c ****         }
2497:Drivers/STM32F4xx_HAL_Driver/Src/stm32f4xx_hal_rcc_ex.c ****         /* Check if I2S clock selection is PLLI2S VCO output clock divided by PLLI2SR used as I2S c
2498:Drivers/STM32F4xx_HAL_Driver/Src/stm32f4xx_hal_rcc_ex.c ****         case RCC_I2SCLKSOURCE_PLLI2S:
2499:Drivers/STM32F4xx_HAL_Driver/Src/stm32f4xx_hal_rcc_ex.c ****         {
2500:Drivers/STM32F4xx_HAL_Driver/Src/stm32f4xx_hal_rcc_ex.c ****           /* Configure the PLLI2S division factor */
2501:Drivers/STM32F4xx_HAL_Driver/Src/stm32f4xx_hal_rcc_ex.c ****           /* PLLI2S_VCO Input  = PLL_SOURCE/PLLM */
2502:Drivers/STM32F4xx_HAL_Driver/Src/stm32f4xx_hal_rcc_ex.c ****           if ((RCC->PLLCFGR & RCC_PLLCFGR_PLLSRC) == RCC_PLLSOURCE_HSE)
2503:Drivers/STM32F4xx_HAL_Driver/Src/stm32f4xx_hal_rcc_ex.c ****           {
2504:Drivers/STM32F4xx_HAL_Driver/Src/stm32f4xx_hal_rcc_ex.c ****             /* Get the I2S source clock value */
2505:Drivers/STM32F4xx_HAL_Driver/Src/stm32f4xx_hal_rcc_ex.c ****             vcoinput = (uint32_t)(HSE_VALUE / (uint32_t)(RCC->PLLCFGR & RCC_PLLCFGR_PLLM));
2506:Drivers/STM32F4xx_HAL_Driver/Src/stm32f4xx_hal_rcc_ex.c ****           }
2507:Drivers/STM32F4xx_HAL_Driver/Src/stm32f4xx_hal_rcc_ex.c ****           else
2508:Drivers/STM32F4xx_HAL_Driver/Src/stm32f4xx_hal_rcc_ex.c ****           {
2509:Drivers/STM32F4xx_HAL_Driver/Src/stm32f4xx_hal_rcc_ex.c ****             /* Get the I2S source clock value */
2510:Drivers/STM32F4xx_HAL_Driver/Src/stm32f4xx_hal_rcc_ex.c ****             vcoinput = (uint32_t)(HSI_VALUE / (uint32_t)(RCC->PLLCFGR & RCC_PLLCFGR_PLLM));
2511:Drivers/STM32F4xx_HAL_Driver/Src/stm32f4xx_hal_rcc_ex.c ****           }
2512:Drivers/STM32F4xx_HAL_Driver/Src/stm32f4xx_hal_rcc_ex.c **** 
2513:Drivers/STM32F4xx_HAL_Driver/Src/stm32f4xx_hal_rcc_ex.c ****           /* PLLI2S_VCO Output = PLLI2S_VCO Input * PLLI2SN */
2514:Drivers/STM32F4xx_HAL_Driver/Src/stm32f4xx_hal_rcc_ex.c ****           vcooutput = (uint32_t)(vcoinput * (((RCC->PLLI2SCFGR & RCC_PLLI2SCFGR_PLLI2SN) >> 6U) & (
2515:Drivers/STM32F4xx_HAL_Driver/Src/stm32f4xx_hal_rcc_ex.c ****           /* I2S_CLK = PLLI2S_VCO Output/PLLI2SR */
2516:Drivers/STM32F4xx_HAL_Driver/Src/stm32f4xx_hal_rcc_ex.c ****           frequency = (uint32_t)(vcooutput / (((RCC->PLLI2SCFGR & RCC_PLLI2SCFGR_PLLI2SR) >> 28U) &
2517:Drivers/STM32F4xx_HAL_Driver/Src/stm32f4xx_hal_rcc_ex.c ****           break;
2518:Drivers/STM32F4xx_HAL_Driver/Src/stm32f4xx_hal_rcc_ex.c ****         }
2519:Drivers/STM32F4xx_HAL_Driver/Src/stm32f4xx_hal_rcc_ex.c ****         /* Clock not enabled for I2S*/
2520:Drivers/STM32F4xx_HAL_Driver/Src/stm32f4xx_hal_rcc_ex.c ****         default:
2521:Drivers/STM32F4xx_HAL_Driver/Src/stm32f4xx_hal_rcc_ex.c ****         {
2522:Drivers/STM32F4xx_HAL_Driver/Src/stm32f4xx_hal_rcc_ex.c ****           frequency = 0U;
2523:Drivers/STM32F4xx_HAL_Driver/Src/stm32f4xx_hal_rcc_ex.c ****           break;
2524:Drivers/STM32F4xx_HAL_Driver/Src/stm32f4xx_hal_rcc_ex.c ****         }
2525:Drivers/STM32F4xx_HAL_Driver/Src/stm32f4xx_hal_rcc_ex.c ****       }
ARM GAS  C:\Users\Ebrahim\AppData\Local\Temp\ccoXyWuB.s 			page 81


2526:Drivers/STM32F4xx_HAL_Driver/Src/stm32f4xx_hal_rcc_ex.c ****       break;
2527:Drivers/STM32F4xx_HAL_Driver/Src/stm32f4xx_hal_rcc_ex.c ****     }
2528:Drivers/STM32F4xx_HAL_Driver/Src/stm32f4xx_hal_rcc_ex.c ****     default:
2529:Drivers/STM32F4xx_HAL_Driver/Src/stm32f4xx_hal_rcc_ex.c ****     {
2530:Drivers/STM32F4xx_HAL_Driver/Src/stm32f4xx_hal_rcc_ex.c ****       break;
2531:Drivers/STM32F4xx_HAL_Driver/Src/stm32f4xx_hal_rcc_ex.c ****     }
2532:Drivers/STM32F4xx_HAL_Driver/Src/stm32f4xx_hal_rcc_ex.c ****   }
2533:Drivers/STM32F4xx_HAL_Driver/Src/stm32f4xx_hal_rcc_ex.c ****   return frequency;
2534:Drivers/STM32F4xx_HAL_Driver/Src/stm32f4xx_hal_rcc_ex.c **** }
2535:Drivers/STM32F4xx_HAL_Driver/Src/stm32f4xx_hal_rcc_ex.c **** #endif /* STM32F427xx || STM32F437xx || STM32F429xx || STM32F439xx */
2536:Drivers/STM32F4xx_HAL_Driver/Src/stm32f4xx_hal_rcc_ex.c **** 
2537:Drivers/STM32F4xx_HAL_Driver/Src/stm32f4xx_hal_rcc_ex.c **** #if defined(STM32F405xx) || defined(STM32F415xx) || defined(STM32F407xx)|| defined(STM32F417xx) ||\
2538:Drivers/STM32F4xx_HAL_Driver/Src/stm32f4xx_hal_rcc_ex.c ****     defined(STM32F401xC) || defined(STM32F401xE) || defined(STM32F411xE)
2539:Drivers/STM32F4xx_HAL_Driver/Src/stm32f4xx_hal_rcc_ex.c **** /**
2540:Drivers/STM32F4xx_HAL_Driver/Src/stm32f4xx_hal_rcc_ex.c ****   * @brief  Initializes the RCC extended peripherals clocks according to the specified parameters i
2541:Drivers/STM32F4xx_HAL_Driver/Src/stm32f4xx_hal_rcc_ex.c ****   *         RCC_PeriphCLKInitTypeDef.
2542:Drivers/STM32F4xx_HAL_Driver/Src/stm32f4xx_hal_rcc_ex.c ****   * @param  PeriphClkInit pointer to an RCC_PeriphCLKInitTypeDef structure that
2543:Drivers/STM32F4xx_HAL_Driver/Src/stm32f4xx_hal_rcc_ex.c ****   *         contains the configuration information for the Extended Peripherals clocks(I2S and RTC 
2544:Drivers/STM32F4xx_HAL_Driver/Src/stm32f4xx_hal_rcc_ex.c ****   *
2545:Drivers/STM32F4xx_HAL_Driver/Src/stm32f4xx_hal_rcc_ex.c ****   * @note   A caution to be taken when HAL_RCCEx_PeriphCLKConfig() is used to select RTC clock sele
2546:Drivers/STM32F4xx_HAL_Driver/Src/stm32f4xx_hal_rcc_ex.c ****   *         the Reset of Backup domain will be applied in order to modify the RTC Clock source as c
2547:Drivers/STM32F4xx_HAL_Driver/Src/stm32f4xx_hal_rcc_ex.c ****   *        domain (RTC and RCC_BDCR register expect BKPSRAM) will be reset
2548:Drivers/STM32F4xx_HAL_Driver/Src/stm32f4xx_hal_rcc_ex.c ****   *
2549:Drivers/STM32F4xx_HAL_Driver/Src/stm32f4xx_hal_rcc_ex.c ****   * @retval HAL status
2550:Drivers/STM32F4xx_HAL_Driver/Src/stm32f4xx_hal_rcc_ex.c ****   */
2551:Drivers/STM32F4xx_HAL_Driver/Src/stm32f4xx_hal_rcc_ex.c **** HAL_StatusTypeDef HAL_RCCEx_PeriphCLKConfig(RCC_PeriphCLKInitTypeDef  *PeriphClkInit)
2552:Drivers/STM32F4xx_HAL_Driver/Src/stm32f4xx_hal_rcc_ex.c **** {
2553:Drivers/STM32F4xx_HAL_Driver/Src/stm32f4xx_hal_rcc_ex.c ****   uint32_t tickstart = 0U;
2554:Drivers/STM32F4xx_HAL_Driver/Src/stm32f4xx_hal_rcc_ex.c ****   uint32_t tmpreg1 = 0U;
2555:Drivers/STM32F4xx_HAL_Driver/Src/stm32f4xx_hal_rcc_ex.c **** 
2556:Drivers/STM32F4xx_HAL_Driver/Src/stm32f4xx_hal_rcc_ex.c ****   /* Check the parameters */
2557:Drivers/STM32F4xx_HAL_Driver/Src/stm32f4xx_hal_rcc_ex.c ****   assert_param(IS_RCC_PERIPHCLOCK(PeriphClkInit->PeriphClockSelection));
2558:Drivers/STM32F4xx_HAL_Driver/Src/stm32f4xx_hal_rcc_ex.c **** 
2559:Drivers/STM32F4xx_HAL_Driver/Src/stm32f4xx_hal_rcc_ex.c ****   /*---------------------------- I2S configuration ---------------------------*/
2560:Drivers/STM32F4xx_HAL_Driver/Src/stm32f4xx_hal_rcc_ex.c ****   if ((((PeriphClkInit->PeriphClockSelection) & RCC_PERIPHCLK_I2S) == RCC_PERIPHCLK_I2S) ||
2561:Drivers/STM32F4xx_HAL_Driver/Src/stm32f4xx_hal_rcc_ex.c ****       (((PeriphClkInit->PeriphClockSelection) & RCC_PERIPHCLK_PLLI2S) == RCC_PERIPHCLK_PLLI2S))
2562:Drivers/STM32F4xx_HAL_Driver/Src/stm32f4xx_hal_rcc_ex.c ****   {
2563:Drivers/STM32F4xx_HAL_Driver/Src/stm32f4xx_hal_rcc_ex.c ****     /* check for Parameters */
2564:Drivers/STM32F4xx_HAL_Driver/Src/stm32f4xx_hal_rcc_ex.c ****     assert_param(IS_RCC_PLLI2SR_VALUE(PeriphClkInit->PLLI2S.PLLI2SR));
2565:Drivers/STM32F4xx_HAL_Driver/Src/stm32f4xx_hal_rcc_ex.c ****     assert_param(IS_RCC_PLLI2SN_VALUE(PeriphClkInit->PLLI2S.PLLI2SN));
2566:Drivers/STM32F4xx_HAL_Driver/Src/stm32f4xx_hal_rcc_ex.c **** #if defined(STM32F411xE)
2567:Drivers/STM32F4xx_HAL_Driver/Src/stm32f4xx_hal_rcc_ex.c ****     assert_param(IS_RCC_PLLI2SM_VALUE(PeriphClkInit->PLLI2S.PLLI2SM));
2568:Drivers/STM32F4xx_HAL_Driver/Src/stm32f4xx_hal_rcc_ex.c **** #endif /* STM32F411xE */
2569:Drivers/STM32F4xx_HAL_Driver/Src/stm32f4xx_hal_rcc_ex.c ****     /* Disable the PLLI2S */
2570:Drivers/STM32F4xx_HAL_Driver/Src/stm32f4xx_hal_rcc_ex.c ****     __HAL_RCC_PLLI2S_DISABLE();
2571:Drivers/STM32F4xx_HAL_Driver/Src/stm32f4xx_hal_rcc_ex.c ****     /* Get tick */
2572:Drivers/STM32F4xx_HAL_Driver/Src/stm32f4xx_hal_rcc_ex.c ****     tickstart = HAL_GetTick();
2573:Drivers/STM32F4xx_HAL_Driver/Src/stm32f4xx_hal_rcc_ex.c ****     /* Wait till PLLI2S is disabled */
2574:Drivers/STM32F4xx_HAL_Driver/Src/stm32f4xx_hal_rcc_ex.c ****     while (__HAL_RCC_GET_FLAG(RCC_FLAG_PLLI2SRDY)  != RESET)
2575:Drivers/STM32F4xx_HAL_Driver/Src/stm32f4xx_hal_rcc_ex.c ****     {
2576:Drivers/STM32F4xx_HAL_Driver/Src/stm32f4xx_hal_rcc_ex.c ****       if ((HAL_GetTick() - tickstart) > PLLI2S_TIMEOUT_VALUE)
2577:Drivers/STM32F4xx_HAL_Driver/Src/stm32f4xx_hal_rcc_ex.c ****       {
2578:Drivers/STM32F4xx_HAL_Driver/Src/stm32f4xx_hal_rcc_ex.c ****         /* return in case of Timeout detected */
2579:Drivers/STM32F4xx_HAL_Driver/Src/stm32f4xx_hal_rcc_ex.c ****         return HAL_TIMEOUT;
2580:Drivers/STM32F4xx_HAL_Driver/Src/stm32f4xx_hal_rcc_ex.c ****       }
2581:Drivers/STM32F4xx_HAL_Driver/Src/stm32f4xx_hal_rcc_ex.c ****     }
2582:Drivers/STM32F4xx_HAL_Driver/Src/stm32f4xx_hal_rcc_ex.c **** 
ARM GAS  C:\Users\Ebrahim\AppData\Local\Temp\ccoXyWuB.s 			page 82


2583:Drivers/STM32F4xx_HAL_Driver/Src/stm32f4xx_hal_rcc_ex.c **** #if defined(STM32F411xE)
2584:Drivers/STM32F4xx_HAL_Driver/Src/stm32f4xx_hal_rcc_ex.c ****     /* Configure the PLLI2S division factors */
2585:Drivers/STM32F4xx_HAL_Driver/Src/stm32f4xx_hal_rcc_ex.c ****     /* PLLI2S_VCO = f(VCO clock) = f(PLLI2S clock input) * (PLLI2SN/PLLI2SM) */
2586:Drivers/STM32F4xx_HAL_Driver/Src/stm32f4xx_hal_rcc_ex.c ****     /* I2SCLK = f(PLLI2S clock output) = f(VCO clock) / PLLI2SR */
2587:Drivers/STM32F4xx_HAL_Driver/Src/stm32f4xx_hal_rcc_ex.c ****     __HAL_RCC_PLLI2S_I2SCLK_CONFIG(PeriphClkInit->PLLI2S.PLLI2SM, PeriphClkInit->PLLI2S.PLLI2SN,
2588:Drivers/STM32F4xx_HAL_Driver/Src/stm32f4xx_hal_rcc_ex.c ****                                    PeriphClkInit->PLLI2S.PLLI2SR);
2589:Drivers/STM32F4xx_HAL_Driver/Src/stm32f4xx_hal_rcc_ex.c **** #else
2590:Drivers/STM32F4xx_HAL_Driver/Src/stm32f4xx_hal_rcc_ex.c ****     /* Configure the PLLI2S division factors */
2591:Drivers/STM32F4xx_HAL_Driver/Src/stm32f4xx_hal_rcc_ex.c ****     /* PLLI2S_VCO = f(VCO clock) = f(PLLI2S clock input) * (PLLI2SN/PLLM) */
2592:Drivers/STM32F4xx_HAL_Driver/Src/stm32f4xx_hal_rcc_ex.c ****     /* I2SCLK = f(PLLI2S clock output) = f(VCO clock) / PLLI2SR */
2593:Drivers/STM32F4xx_HAL_Driver/Src/stm32f4xx_hal_rcc_ex.c ****     __HAL_RCC_PLLI2S_CONFIG(PeriphClkInit->PLLI2S.PLLI2SN, PeriphClkInit->PLLI2S.PLLI2SR);
2594:Drivers/STM32F4xx_HAL_Driver/Src/stm32f4xx_hal_rcc_ex.c **** #endif /* STM32F411xE */
2595:Drivers/STM32F4xx_HAL_Driver/Src/stm32f4xx_hal_rcc_ex.c **** 
2596:Drivers/STM32F4xx_HAL_Driver/Src/stm32f4xx_hal_rcc_ex.c ****     /* Enable the PLLI2S */
2597:Drivers/STM32F4xx_HAL_Driver/Src/stm32f4xx_hal_rcc_ex.c ****     __HAL_RCC_PLLI2S_ENABLE();
2598:Drivers/STM32F4xx_HAL_Driver/Src/stm32f4xx_hal_rcc_ex.c ****     /* Get tick */
2599:Drivers/STM32F4xx_HAL_Driver/Src/stm32f4xx_hal_rcc_ex.c ****     tickstart = HAL_GetTick();
2600:Drivers/STM32F4xx_HAL_Driver/Src/stm32f4xx_hal_rcc_ex.c ****     /* Wait till PLLI2S is ready */
2601:Drivers/STM32F4xx_HAL_Driver/Src/stm32f4xx_hal_rcc_ex.c ****     while (__HAL_RCC_GET_FLAG(RCC_FLAG_PLLI2SRDY)  == RESET)
2602:Drivers/STM32F4xx_HAL_Driver/Src/stm32f4xx_hal_rcc_ex.c ****     {
2603:Drivers/STM32F4xx_HAL_Driver/Src/stm32f4xx_hal_rcc_ex.c ****       if ((HAL_GetTick() - tickstart) > PLLI2S_TIMEOUT_VALUE)
2604:Drivers/STM32F4xx_HAL_Driver/Src/stm32f4xx_hal_rcc_ex.c ****       {
2605:Drivers/STM32F4xx_HAL_Driver/Src/stm32f4xx_hal_rcc_ex.c ****         /* return in case of Timeout detected */
2606:Drivers/STM32F4xx_HAL_Driver/Src/stm32f4xx_hal_rcc_ex.c ****         return HAL_TIMEOUT;
2607:Drivers/STM32F4xx_HAL_Driver/Src/stm32f4xx_hal_rcc_ex.c ****       }
2608:Drivers/STM32F4xx_HAL_Driver/Src/stm32f4xx_hal_rcc_ex.c ****     }
2609:Drivers/STM32F4xx_HAL_Driver/Src/stm32f4xx_hal_rcc_ex.c ****   }
2610:Drivers/STM32F4xx_HAL_Driver/Src/stm32f4xx_hal_rcc_ex.c **** 
2611:Drivers/STM32F4xx_HAL_Driver/Src/stm32f4xx_hal_rcc_ex.c ****   /*---------------------------- RTC configuration ---------------------------*/
2612:Drivers/STM32F4xx_HAL_Driver/Src/stm32f4xx_hal_rcc_ex.c ****   if (((PeriphClkInit->PeriphClockSelection) & RCC_PERIPHCLK_RTC) == (RCC_PERIPHCLK_RTC))
2613:Drivers/STM32F4xx_HAL_Driver/Src/stm32f4xx_hal_rcc_ex.c ****   {
2614:Drivers/STM32F4xx_HAL_Driver/Src/stm32f4xx_hal_rcc_ex.c ****     /* Check for RTC Parameters used to output RTCCLK */
2615:Drivers/STM32F4xx_HAL_Driver/Src/stm32f4xx_hal_rcc_ex.c ****     assert_param(IS_RCC_RTCCLKSOURCE(PeriphClkInit->RTCClockSelection));
2616:Drivers/STM32F4xx_HAL_Driver/Src/stm32f4xx_hal_rcc_ex.c **** 
2617:Drivers/STM32F4xx_HAL_Driver/Src/stm32f4xx_hal_rcc_ex.c ****     /* Enable Power Clock*/
2618:Drivers/STM32F4xx_HAL_Driver/Src/stm32f4xx_hal_rcc_ex.c ****     __HAL_RCC_PWR_CLK_ENABLE();
2619:Drivers/STM32F4xx_HAL_Driver/Src/stm32f4xx_hal_rcc_ex.c **** 
2620:Drivers/STM32F4xx_HAL_Driver/Src/stm32f4xx_hal_rcc_ex.c ****     /* Enable write access to Backup domain */
2621:Drivers/STM32F4xx_HAL_Driver/Src/stm32f4xx_hal_rcc_ex.c ****     PWR->CR |= PWR_CR_DBP;
2622:Drivers/STM32F4xx_HAL_Driver/Src/stm32f4xx_hal_rcc_ex.c **** 
2623:Drivers/STM32F4xx_HAL_Driver/Src/stm32f4xx_hal_rcc_ex.c ****     /* Get tick */
2624:Drivers/STM32F4xx_HAL_Driver/Src/stm32f4xx_hal_rcc_ex.c ****     tickstart = HAL_GetTick();
2625:Drivers/STM32F4xx_HAL_Driver/Src/stm32f4xx_hal_rcc_ex.c **** 
2626:Drivers/STM32F4xx_HAL_Driver/Src/stm32f4xx_hal_rcc_ex.c ****     while ((PWR->CR & PWR_CR_DBP) == RESET)
2627:Drivers/STM32F4xx_HAL_Driver/Src/stm32f4xx_hal_rcc_ex.c ****     {
2628:Drivers/STM32F4xx_HAL_Driver/Src/stm32f4xx_hal_rcc_ex.c ****       if ((HAL_GetTick() - tickstart) > RCC_DBP_TIMEOUT_VALUE)
2629:Drivers/STM32F4xx_HAL_Driver/Src/stm32f4xx_hal_rcc_ex.c ****       {
2630:Drivers/STM32F4xx_HAL_Driver/Src/stm32f4xx_hal_rcc_ex.c ****         return HAL_TIMEOUT;
2631:Drivers/STM32F4xx_HAL_Driver/Src/stm32f4xx_hal_rcc_ex.c ****       }
2632:Drivers/STM32F4xx_HAL_Driver/Src/stm32f4xx_hal_rcc_ex.c ****     }
2633:Drivers/STM32F4xx_HAL_Driver/Src/stm32f4xx_hal_rcc_ex.c ****     /* Reset the Backup domain only if the RTC Clock source selection is modified from reset value 
2634:Drivers/STM32F4xx_HAL_Driver/Src/stm32f4xx_hal_rcc_ex.c ****     tmpreg1 = (RCC->BDCR & RCC_BDCR_RTCSEL);
2635:Drivers/STM32F4xx_HAL_Driver/Src/stm32f4xx_hal_rcc_ex.c ****     if ((tmpreg1 != 0x00000000U) && ((tmpreg1) != (PeriphClkInit->RTCClockSelection & RCC_BDCR_RTCS
2636:Drivers/STM32F4xx_HAL_Driver/Src/stm32f4xx_hal_rcc_ex.c ****     {
2637:Drivers/STM32F4xx_HAL_Driver/Src/stm32f4xx_hal_rcc_ex.c ****       /* Store the content of BDCR register before the reset of Backup Domain */
2638:Drivers/STM32F4xx_HAL_Driver/Src/stm32f4xx_hal_rcc_ex.c ****       tmpreg1 = (RCC->BDCR & ~(RCC_BDCR_RTCSEL));
2639:Drivers/STM32F4xx_HAL_Driver/Src/stm32f4xx_hal_rcc_ex.c ****       /* RTC Clock selection can be changed only if the Backup Domain is reset */
ARM GAS  C:\Users\Ebrahim\AppData\Local\Temp\ccoXyWuB.s 			page 83


2640:Drivers/STM32F4xx_HAL_Driver/Src/stm32f4xx_hal_rcc_ex.c ****       __HAL_RCC_BACKUPRESET_FORCE();
2641:Drivers/STM32F4xx_HAL_Driver/Src/stm32f4xx_hal_rcc_ex.c ****       __HAL_RCC_BACKUPRESET_RELEASE();
2642:Drivers/STM32F4xx_HAL_Driver/Src/stm32f4xx_hal_rcc_ex.c ****       /* Restore the Content of BDCR register */
2643:Drivers/STM32F4xx_HAL_Driver/Src/stm32f4xx_hal_rcc_ex.c ****       RCC->BDCR = tmpreg1;
2644:Drivers/STM32F4xx_HAL_Driver/Src/stm32f4xx_hal_rcc_ex.c **** 
2645:Drivers/STM32F4xx_HAL_Driver/Src/stm32f4xx_hal_rcc_ex.c ****       /* Wait for LSE reactivation if LSE was enable prior to Backup Domain reset */
2646:Drivers/STM32F4xx_HAL_Driver/Src/stm32f4xx_hal_rcc_ex.c ****       if (HAL_IS_BIT_SET(RCC->BDCR, RCC_BDCR_LSEON))
2647:Drivers/STM32F4xx_HAL_Driver/Src/stm32f4xx_hal_rcc_ex.c ****       {
2648:Drivers/STM32F4xx_HAL_Driver/Src/stm32f4xx_hal_rcc_ex.c ****         /* Get tick */
2649:Drivers/STM32F4xx_HAL_Driver/Src/stm32f4xx_hal_rcc_ex.c ****         tickstart = HAL_GetTick();
2650:Drivers/STM32F4xx_HAL_Driver/Src/stm32f4xx_hal_rcc_ex.c **** 
2651:Drivers/STM32F4xx_HAL_Driver/Src/stm32f4xx_hal_rcc_ex.c ****         /* Wait till LSE is ready */
2652:Drivers/STM32F4xx_HAL_Driver/Src/stm32f4xx_hal_rcc_ex.c ****         while (__HAL_RCC_GET_FLAG(RCC_FLAG_LSERDY) == RESET)
2653:Drivers/STM32F4xx_HAL_Driver/Src/stm32f4xx_hal_rcc_ex.c ****         {
2654:Drivers/STM32F4xx_HAL_Driver/Src/stm32f4xx_hal_rcc_ex.c ****           if ((HAL_GetTick() - tickstart) > RCC_LSE_TIMEOUT_VALUE)
2655:Drivers/STM32F4xx_HAL_Driver/Src/stm32f4xx_hal_rcc_ex.c ****           {
2656:Drivers/STM32F4xx_HAL_Driver/Src/stm32f4xx_hal_rcc_ex.c ****             return HAL_TIMEOUT;
2657:Drivers/STM32F4xx_HAL_Driver/Src/stm32f4xx_hal_rcc_ex.c ****           }
2658:Drivers/STM32F4xx_HAL_Driver/Src/stm32f4xx_hal_rcc_ex.c ****         }
2659:Drivers/STM32F4xx_HAL_Driver/Src/stm32f4xx_hal_rcc_ex.c ****       }
2660:Drivers/STM32F4xx_HAL_Driver/Src/stm32f4xx_hal_rcc_ex.c ****     }
2661:Drivers/STM32F4xx_HAL_Driver/Src/stm32f4xx_hal_rcc_ex.c ****     __HAL_RCC_RTC_CONFIG(PeriphClkInit->RTCClockSelection);
2662:Drivers/STM32F4xx_HAL_Driver/Src/stm32f4xx_hal_rcc_ex.c ****   }
2663:Drivers/STM32F4xx_HAL_Driver/Src/stm32f4xx_hal_rcc_ex.c **** #if defined(STM32F401xC) || defined(STM32F401xE) || defined(STM32F411xE)
2664:Drivers/STM32F4xx_HAL_Driver/Src/stm32f4xx_hal_rcc_ex.c ****   /*---------------------------- TIM configuration ---------------------------*/
2665:Drivers/STM32F4xx_HAL_Driver/Src/stm32f4xx_hal_rcc_ex.c ****   if (((PeriphClkInit->PeriphClockSelection) & RCC_PERIPHCLK_TIM) == (RCC_PERIPHCLK_TIM))
2666:Drivers/STM32F4xx_HAL_Driver/Src/stm32f4xx_hal_rcc_ex.c ****   {
2667:Drivers/STM32F4xx_HAL_Driver/Src/stm32f4xx_hal_rcc_ex.c ****     __HAL_RCC_TIMCLKPRESCALER(PeriphClkInit->TIMPresSelection);
2668:Drivers/STM32F4xx_HAL_Driver/Src/stm32f4xx_hal_rcc_ex.c ****   }
2669:Drivers/STM32F4xx_HAL_Driver/Src/stm32f4xx_hal_rcc_ex.c **** #endif /* STM32F401xC || STM32F401xE || STM32F411xE */
2670:Drivers/STM32F4xx_HAL_Driver/Src/stm32f4xx_hal_rcc_ex.c ****   return HAL_OK;
2671:Drivers/STM32F4xx_HAL_Driver/Src/stm32f4xx_hal_rcc_ex.c **** }
2672:Drivers/STM32F4xx_HAL_Driver/Src/stm32f4xx_hal_rcc_ex.c **** 
2673:Drivers/STM32F4xx_HAL_Driver/Src/stm32f4xx_hal_rcc_ex.c **** /**
2674:Drivers/STM32F4xx_HAL_Driver/Src/stm32f4xx_hal_rcc_ex.c ****   * @brief  Configures the RCC_OscInitStruct according to the internal
2675:Drivers/STM32F4xx_HAL_Driver/Src/stm32f4xx_hal_rcc_ex.c ****   * RCC configuration registers.
2676:Drivers/STM32F4xx_HAL_Driver/Src/stm32f4xx_hal_rcc_ex.c ****   * @param  PeriphClkInit pointer to an RCC_PeriphCLKInitTypeDef structure that
2677:Drivers/STM32F4xx_HAL_Driver/Src/stm32f4xx_hal_rcc_ex.c ****   * will be configured.
2678:Drivers/STM32F4xx_HAL_Driver/Src/stm32f4xx_hal_rcc_ex.c ****   * @retval None
2679:Drivers/STM32F4xx_HAL_Driver/Src/stm32f4xx_hal_rcc_ex.c ****   */
2680:Drivers/STM32F4xx_HAL_Driver/Src/stm32f4xx_hal_rcc_ex.c **** void HAL_RCCEx_GetPeriphCLKConfig(RCC_PeriphCLKInitTypeDef  *PeriphClkInit)
2681:Drivers/STM32F4xx_HAL_Driver/Src/stm32f4xx_hal_rcc_ex.c **** {
2682:Drivers/STM32F4xx_HAL_Driver/Src/stm32f4xx_hal_rcc_ex.c ****   uint32_t tempreg;
2683:Drivers/STM32F4xx_HAL_Driver/Src/stm32f4xx_hal_rcc_ex.c **** 
2684:Drivers/STM32F4xx_HAL_Driver/Src/stm32f4xx_hal_rcc_ex.c ****   /* Set all possible values for the extended clock type parameter------------*/
2685:Drivers/STM32F4xx_HAL_Driver/Src/stm32f4xx_hal_rcc_ex.c ****   PeriphClkInit->PeriphClockSelection = RCC_PERIPHCLK_I2S | RCC_PERIPHCLK_RTC;
2686:Drivers/STM32F4xx_HAL_Driver/Src/stm32f4xx_hal_rcc_ex.c **** 
2687:Drivers/STM32F4xx_HAL_Driver/Src/stm32f4xx_hal_rcc_ex.c ****   /* Get the PLLI2S Clock configuration --------------------------------------*/
2688:Drivers/STM32F4xx_HAL_Driver/Src/stm32f4xx_hal_rcc_ex.c ****   PeriphClkInit->PLLI2S.PLLI2SN = (uint32_t)((RCC->PLLI2SCFGR & RCC_PLLI2SCFGR_PLLI2SN) >> RCC_PLLI
2689:Drivers/STM32F4xx_HAL_Driver/Src/stm32f4xx_hal_rcc_ex.c ****   PeriphClkInit->PLLI2S.PLLI2SR = (uint32_t)((RCC->PLLI2SCFGR & RCC_PLLI2SCFGR_PLLI2SR) >> RCC_PLLI
2690:Drivers/STM32F4xx_HAL_Driver/Src/stm32f4xx_hal_rcc_ex.c **** #if defined(STM32F411xE)
2691:Drivers/STM32F4xx_HAL_Driver/Src/stm32f4xx_hal_rcc_ex.c ****   PeriphClkInit->PLLI2S.PLLI2SM = (uint32_t)(RCC->PLLI2SCFGR & RCC_PLLI2SCFGR_PLLI2SM);
2692:Drivers/STM32F4xx_HAL_Driver/Src/stm32f4xx_hal_rcc_ex.c **** #endif /* STM32F411xE */
2693:Drivers/STM32F4xx_HAL_Driver/Src/stm32f4xx_hal_rcc_ex.c ****   /* Get the RTC Clock configuration -----------------------------------------*/
2694:Drivers/STM32F4xx_HAL_Driver/Src/stm32f4xx_hal_rcc_ex.c ****   tempreg = (RCC->CFGR & RCC_CFGR_RTCPRE);
2695:Drivers/STM32F4xx_HAL_Driver/Src/stm32f4xx_hal_rcc_ex.c ****   PeriphClkInit->RTCClockSelection = (uint32_t)((tempreg) | (RCC->BDCR & RCC_BDCR_RTCSEL));
2696:Drivers/STM32F4xx_HAL_Driver/Src/stm32f4xx_hal_rcc_ex.c **** 
ARM GAS  C:\Users\Ebrahim\AppData\Local\Temp\ccoXyWuB.s 			page 84


2697:Drivers/STM32F4xx_HAL_Driver/Src/stm32f4xx_hal_rcc_ex.c **** #if defined(STM32F401xC) || defined(STM32F401xE) || defined(STM32F411xE)
2698:Drivers/STM32F4xx_HAL_Driver/Src/stm32f4xx_hal_rcc_ex.c ****   /* Get the TIM Prescaler configuration -------------------------------------*/
2699:Drivers/STM32F4xx_HAL_Driver/Src/stm32f4xx_hal_rcc_ex.c ****   if ((RCC->DCKCFGR & RCC_DCKCFGR_TIMPRE) == RESET)
2700:Drivers/STM32F4xx_HAL_Driver/Src/stm32f4xx_hal_rcc_ex.c ****   {
2701:Drivers/STM32F4xx_HAL_Driver/Src/stm32f4xx_hal_rcc_ex.c ****     PeriphClkInit->TIMPresSelection = RCC_TIMPRES_DESACTIVATED;
2702:Drivers/STM32F4xx_HAL_Driver/Src/stm32f4xx_hal_rcc_ex.c ****   }
2703:Drivers/STM32F4xx_HAL_Driver/Src/stm32f4xx_hal_rcc_ex.c ****   else
2704:Drivers/STM32F4xx_HAL_Driver/Src/stm32f4xx_hal_rcc_ex.c ****   {
2705:Drivers/STM32F4xx_HAL_Driver/Src/stm32f4xx_hal_rcc_ex.c ****     PeriphClkInit->TIMPresSelection = RCC_TIMPRES_ACTIVATED;
2706:Drivers/STM32F4xx_HAL_Driver/Src/stm32f4xx_hal_rcc_ex.c ****   }
2707:Drivers/STM32F4xx_HAL_Driver/Src/stm32f4xx_hal_rcc_ex.c **** #endif /* STM32F401xC || STM32F401xE || STM32F411xE */
2708:Drivers/STM32F4xx_HAL_Driver/Src/stm32f4xx_hal_rcc_ex.c **** }
2709:Drivers/STM32F4xx_HAL_Driver/Src/stm32f4xx_hal_rcc_ex.c **** 
2710:Drivers/STM32F4xx_HAL_Driver/Src/stm32f4xx_hal_rcc_ex.c **** /**
2711:Drivers/STM32F4xx_HAL_Driver/Src/stm32f4xx_hal_rcc_ex.c ****   * @brief  Return the peripheral clock frequency for a given peripheral(SAI..)
2712:Drivers/STM32F4xx_HAL_Driver/Src/stm32f4xx_hal_rcc_ex.c ****   * @note   Return 0 if peripheral clock identifier not managed by this API
2713:Drivers/STM32F4xx_HAL_Driver/Src/stm32f4xx_hal_rcc_ex.c ****   * @param  PeriphClk Peripheral clock identifier
2714:Drivers/STM32F4xx_HAL_Driver/Src/stm32f4xx_hal_rcc_ex.c ****   *         This parameter can be one of the following values:
2715:Drivers/STM32F4xx_HAL_Driver/Src/stm32f4xx_hal_rcc_ex.c ****   *            @arg RCC_PERIPHCLK_I2S: I2S peripheral clock
2716:Drivers/STM32F4xx_HAL_Driver/Src/stm32f4xx_hal_rcc_ex.c ****   * @retval Frequency in KHz
2717:Drivers/STM32F4xx_HAL_Driver/Src/stm32f4xx_hal_rcc_ex.c ****   */
2718:Drivers/STM32F4xx_HAL_Driver/Src/stm32f4xx_hal_rcc_ex.c **** uint32_t HAL_RCCEx_GetPeriphCLKFreq(uint32_t PeriphClk)
2719:Drivers/STM32F4xx_HAL_Driver/Src/stm32f4xx_hal_rcc_ex.c **** {
2720:Drivers/STM32F4xx_HAL_Driver/Src/stm32f4xx_hal_rcc_ex.c ****   /* This variable used to store the I2S clock frequency (value in Hz) */
2721:Drivers/STM32F4xx_HAL_Driver/Src/stm32f4xx_hal_rcc_ex.c ****   uint32_t frequency = 0U;
2722:Drivers/STM32F4xx_HAL_Driver/Src/stm32f4xx_hal_rcc_ex.c ****   /* This variable used to store the VCO Input (value in Hz) */
2723:Drivers/STM32F4xx_HAL_Driver/Src/stm32f4xx_hal_rcc_ex.c ****   uint32_t vcoinput = 0U;
2724:Drivers/STM32F4xx_HAL_Driver/Src/stm32f4xx_hal_rcc_ex.c ****   uint32_t srcclk = 0U;
2725:Drivers/STM32F4xx_HAL_Driver/Src/stm32f4xx_hal_rcc_ex.c ****   /* This variable used to store the VCO Output (value in Hz) */
2726:Drivers/STM32F4xx_HAL_Driver/Src/stm32f4xx_hal_rcc_ex.c ****   uint32_t vcooutput = 0U;
2727:Drivers/STM32F4xx_HAL_Driver/Src/stm32f4xx_hal_rcc_ex.c ****   switch (PeriphClk)
2728:Drivers/STM32F4xx_HAL_Driver/Src/stm32f4xx_hal_rcc_ex.c ****   {
2729:Drivers/STM32F4xx_HAL_Driver/Src/stm32f4xx_hal_rcc_ex.c ****     case RCC_PERIPHCLK_I2S:
2730:Drivers/STM32F4xx_HAL_Driver/Src/stm32f4xx_hal_rcc_ex.c ****     {
2731:Drivers/STM32F4xx_HAL_Driver/Src/stm32f4xx_hal_rcc_ex.c ****       /* Get the current I2S source */
2732:Drivers/STM32F4xx_HAL_Driver/Src/stm32f4xx_hal_rcc_ex.c ****       srcclk = __HAL_RCC_GET_I2S_SOURCE();
2733:Drivers/STM32F4xx_HAL_Driver/Src/stm32f4xx_hal_rcc_ex.c ****       switch (srcclk)
2734:Drivers/STM32F4xx_HAL_Driver/Src/stm32f4xx_hal_rcc_ex.c ****       {
2735:Drivers/STM32F4xx_HAL_Driver/Src/stm32f4xx_hal_rcc_ex.c ****         /* Check if I2S clock selection is External clock mapped on the I2S_CKIN pin used as I2S cl
2736:Drivers/STM32F4xx_HAL_Driver/Src/stm32f4xx_hal_rcc_ex.c ****         case RCC_I2SCLKSOURCE_EXT:
2737:Drivers/STM32F4xx_HAL_Driver/Src/stm32f4xx_hal_rcc_ex.c ****         {
2738:Drivers/STM32F4xx_HAL_Driver/Src/stm32f4xx_hal_rcc_ex.c ****           /* Set the I2S clock to the external clock  value */
2739:Drivers/STM32F4xx_HAL_Driver/Src/stm32f4xx_hal_rcc_ex.c ****           frequency = EXTERNAL_CLOCK_VALUE;
2740:Drivers/STM32F4xx_HAL_Driver/Src/stm32f4xx_hal_rcc_ex.c ****           break;
2741:Drivers/STM32F4xx_HAL_Driver/Src/stm32f4xx_hal_rcc_ex.c ****         }
2742:Drivers/STM32F4xx_HAL_Driver/Src/stm32f4xx_hal_rcc_ex.c ****         /* Check if I2S clock selection is PLLI2S VCO output clock divided by PLLI2SR used as I2S c
2743:Drivers/STM32F4xx_HAL_Driver/Src/stm32f4xx_hal_rcc_ex.c ****         case RCC_I2SCLKSOURCE_PLLI2S:
2744:Drivers/STM32F4xx_HAL_Driver/Src/stm32f4xx_hal_rcc_ex.c ****         {
2745:Drivers/STM32F4xx_HAL_Driver/Src/stm32f4xx_hal_rcc_ex.c **** #if defined(STM32F411xE)
2746:Drivers/STM32F4xx_HAL_Driver/Src/stm32f4xx_hal_rcc_ex.c ****           /* Configure the PLLI2S division factor */
2747:Drivers/STM32F4xx_HAL_Driver/Src/stm32f4xx_hal_rcc_ex.c ****           /* PLLI2S_VCO Input  = PLL_SOURCE/PLLI2SM */
2748:Drivers/STM32F4xx_HAL_Driver/Src/stm32f4xx_hal_rcc_ex.c ****           if ((RCC->PLLCFGR & RCC_PLLCFGR_PLLSRC) == RCC_PLLSOURCE_HSE)
2749:Drivers/STM32F4xx_HAL_Driver/Src/stm32f4xx_hal_rcc_ex.c ****           {
2750:Drivers/STM32F4xx_HAL_Driver/Src/stm32f4xx_hal_rcc_ex.c ****             /* Get the I2S source clock value */
2751:Drivers/STM32F4xx_HAL_Driver/Src/stm32f4xx_hal_rcc_ex.c ****             vcoinput = (uint32_t)(HSE_VALUE / (uint32_t)(RCC->PLLI2SCFGR & RCC_PLLI2SCFGR_PLLI2SM))
2752:Drivers/STM32F4xx_HAL_Driver/Src/stm32f4xx_hal_rcc_ex.c ****           }
2753:Drivers/STM32F4xx_HAL_Driver/Src/stm32f4xx_hal_rcc_ex.c ****           else
ARM GAS  C:\Users\Ebrahim\AppData\Local\Temp\ccoXyWuB.s 			page 85


2754:Drivers/STM32F4xx_HAL_Driver/Src/stm32f4xx_hal_rcc_ex.c ****           {
2755:Drivers/STM32F4xx_HAL_Driver/Src/stm32f4xx_hal_rcc_ex.c ****             /* Get the I2S source clock value */
2756:Drivers/STM32F4xx_HAL_Driver/Src/stm32f4xx_hal_rcc_ex.c ****             vcoinput = (uint32_t)(HSI_VALUE / (uint32_t)(RCC->PLLI2SCFGR & RCC_PLLI2SCFGR_PLLI2SM))
2757:Drivers/STM32F4xx_HAL_Driver/Src/stm32f4xx_hal_rcc_ex.c ****           }
2758:Drivers/STM32F4xx_HAL_Driver/Src/stm32f4xx_hal_rcc_ex.c **** #else
2759:Drivers/STM32F4xx_HAL_Driver/Src/stm32f4xx_hal_rcc_ex.c ****           /* Configure the PLLI2S division factor */
2760:Drivers/STM32F4xx_HAL_Driver/Src/stm32f4xx_hal_rcc_ex.c ****           /* PLLI2S_VCO Input  = PLL_SOURCE/PLLM */
2761:Drivers/STM32F4xx_HAL_Driver/Src/stm32f4xx_hal_rcc_ex.c ****           if ((RCC->PLLCFGR & RCC_PLLCFGR_PLLSRC) == RCC_PLLSOURCE_HSE)
2762:Drivers/STM32F4xx_HAL_Driver/Src/stm32f4xx_hal_rcc_ex.c ****           {
2763:Drivers/STM32F4xx_HAL_Driver/Src/stm32f4xx_hal_rcc_ex.c ****             /* Get the I2S source clock value */
2764:Drivers/STM32F4xx_HAL_Driver/Src/stm32f4xx_hal_rcc_ex.c ****             vcoinput = (uint32_t)(HSE_VALUE / (uint32_t)(RCC->PLLCFGR & RCC_PLLCFGR_PLLM));
2765:Drivers/STM32F4xx_HAL_Driver/Src/stm32f4xx_hal_rcc_ex.c ****           }
2766:Drivers/STM32F4xx_HAL_Driver/Src/stm32f4xx_hal_rcc_ex.c ****           else
2767:Drivers/STM32F4xx_HAL_Driver/Src/stm32f4xx_hal_rcc_ex.c ****           {
2768:Drivers/STM32F4xx_HAL_Driver/Src/stm32f4xx_hal_rcc_ex.c ****             /* Get the I2S source clock value */
2769:Drivers/STM32F4xx_HAL_Driver/Src/stm32f4xx_hal_rcc_ex.c ****             vcoinput = (uint32_t)(HSI_VALUE / (uint32_t)(RCC->PLLCFGR & RCC_PLLCFGR_PLLM));
2770:Drivers/STM32F4xx_HAL_Driver/Src/stm32f4xx_hal_rcc_ex.c ****           }
2771:Drivers/STM32F4xx_HAL_Driver/Src/stm32f4xx_hal_rcc_ex.c **** #endif /* STM32F411xE */
2772:Drivers/STM32F4xx_HAL_Driver/Src/stm32f4xx_hal_rcc_ex.c ****           /* PLLI2S_VCO Output = PLLI2S_VCO Input * PLLI2SN */
2773:Drivers/STM32F4xx_HAL_Driver/Src/stm32f4xx_hal_rcc_ex.c ****           vcooutput = (uint32_t)(vcoinput * (((RCC->PLLI2SCFGR & RCC_PLLI2SCFGR_PLLI2SN) >> 6U) & (
2774:Drivers/STM32F4xx_HAL_Driver/Src/stm32f4xx_hal_rcc_ex.c ****           /* I2S_CLK = PLLI2S_VCO Output/PLLI2SR */
2775:Drivers/STM32F4xx_HAL_Driver/Src/stm32f4xx_hal_rcc_ex.c ****           frequency = (uint32_t)(vcooutput / (((RCC->PLLI2SCFGR & RCC_PLLI2SCFGR_PLLI2SR) >> 28U) &
2776:Drivers/STM32F4xx_HAL_Driver/Src/stm32f4xx_hal_rcc_ex.c ****           break;
2777:Drivers/STM32F4xx_HAL_Driver/Src/stm32f4xx_hal_rcc_ex.c ****         }
2778:Drivers/STM32F4xx_HAL_Driver/Src/stm32f4xx_hal_rcc_ex.c ****         /* Clock not enabled for I2S*/
2779:Drivers/STM32F4xx_HAL_Driver/Src/stm32f4xx_hal_rcc_ex.c ****         default:
2780:Drivers/STM32F4xx_HAL_Driver/Src/stm32f4xx_hal_rcc_ex.c ****         {
2781:Drivers/STM32F4xx_HAL_Driver/Src/stm32f4xx_hal_rcc_ex.c ****           frequency = 0U;
2782:Drivers/STM32F4xx_HAL_Driver/Src/stm32f4xx_hal_rcc_ex.c ****           break;
2783:Drivers/STM32F4xx_HAL_Driver/Src/stm32f4xx_hal_rcc_ex.c ****         }
2784:Drivers/STM32F4xx_HAL_Driver/Src/stm32f4xx_hal_rcc_ex.c ****       }
2785:Drivers/STM32F4xx_HAL_Driver/Src/stm32f4xx_hal_rcc_ex.c ****       break;
2786:Drivers/STM32F4xx_HAL_Driver/Src/stm32f4xx_hal_rcc_ex.c ****     }
2787:Drivers/STM32F4xx_HAL_Driver/Src/stm32f4xx_hal_rcc_ex.c ****     default:
2788:Drivers/STM32F4xx_HAL_Driver/Src/stm32f4xx_hal_rcc_ex.c ****     {
2789:Drivers/STM32F4xx_HAL_Driver/Src/stm32f4xx_hal_rcc_ex.c ****       break;
2790:Drivers/STM32F4xx_HAL_Driver/Src/stm32f4xx_hal_rcc_ex.c ****     }
2791:Drivers/STM32F4xx_HAL_Driver/Src/stm32f4xx_hal_rcc_ex.c ****   }
2792:Drivers/STM32F4xx_HAL_Driver/Src/stm32f4xx_hal_rcc_ex.c ****   return frequency;
2793:Drivers/STM32F4xx_HAL_Driver/Src/stm32f4xx_hal_rcc_ex.c **** }
2794:Drivers/STM32F4xx_HAL_Driver/Src/stm32f4xx_hal_rcc_ex.c **** #endif /* STM32F405xx || STM32F415xx || STM32F407xx || STM32F417xx || STM32F401xC || STM32F401xE  |
2795:Drivers/STM32F4xx_HAL_Driver/Src/stm32f4xx_hal_rcc_ex.c **** 
2796:Drivers/STM32F4xx_HAL_Driver/Src/stm32f4xx_hal_rcc_ex.c **** #if defined(STM32F410Tx) || defined(STM32F410Cx) || defined(STM32F410Rx) || defined(STM32F411xE) ||
2797:Drivers/STM32F4xx_HAL_Driver/Src/stm32f4xx_hal_rcc_ex.c ****     defined(STM32F412Vx) || defined(STM32F412Rx) || defined(STM32F412Cx) || defined(STM32F413xx) ||
2798:Drivers/STM32F4xx_HAL_Driver/Src/stm32f4xx_hal_rcc_ex.c **** /**
2799:Drivers/STM32F4xx_HAL_Driver/Src/stm32f4xx_hal_rcc_ex.c ****   * @brief  Select LSE mode
2800:Drivers/STM32F4xx_HAL_Driver/Src/stm32f4xx_hal_rcc_ex.c ****   *
2801:Drivers/STM32F4xx_HAL_Driver/Src/stm32f4xx_hal_rcc_ex.c ****   * @note   This mode is only available for STM32F410xx/STM32F411xx/STM32F446xx/STM32F469xx/STM32F4
2802:Drivers/STM32F4xx_HAL_Driver/Src/stm32f4xx_hal_rcc_ex.c ****   *
2803:Drivers/STM32F4xx_HAL_Driver/Src/stm32f4xx_hal_rcc_ex.c ****   * @param  Mode specifies the LSE mode.
2804:Drivers/STM32F4xx_HAL_Driver/Src/stm32f4xx_hal_rcc_ex.c ****   *          This parameter can be one of the following values:
2805:Drivers/STM32F4xx_HAL_Driver/Src/stm32f4xx_hal_rcc_ex.c ****   *            @arg RCC_LSE_LOWPOWER_MODE:  LSE oscillator in low power mode selection
2806:Drivers/STM32F4xx_HAL_Driver/Src/stm32f4xx_hal_rcc_ex.c ****   *            @arg RCC_LSE_HIGHDRIVE_MODE: LSE oscillator in High Drive mode selection
2807:Drivers/STM32F4xx_HAL_Driver/Src/stm32f4xx_hal_rcc_ex.c ****   * @retval None
2808:Drivers/STM32F4xx_HAL_Driver/Src/stm32f4xx_hal_rcc_ex.c ****   */
2809:Drivers/STM32F4xx_HAL_Driver/Src/stm32f4xx_hal_rcc_ex.c **** void HAL_RCCEx_SelectLSEMode(uint8_t Mode)
2810:Drivers/STM32F4xx_HAL_Driver/Src/stm32f4xx_hal_rcc_ex.c **** {
ARM GAS  C:\Users\Ebrahim\AppData\Local\Temp\ccoXyWuB.s 			page 86


 1732              		.loc 1 2810 1 is_stmt 1 view -0
 1733              		.cfi_startproc
 1734              		@ args = 0, pretend = 0, frame = 0
 1735              		@ frame_needed = 0, uses_anonymous_args = 0
 1736              		@ link register save eliminated.
2811:Drivers/STM32F4xx_HAL_Driver/Src/stm32f4xx_hal_rcc_ex.c ****   /* Check the parameters */
2812:Drivers/STM32F4xx_HAL_Driver/Src/stm32f4xx_hal_rcc_ex.c ****   assert_param(IS_RCC_LSE_MODE(Mode));
 1737              		.loc 1 2812 3 view .LVU610
2813:Drivers/STM32F4xx_HAL_Driver/Src/stm32f4xx_hal_rcc_ex.c ****   if (Mode == RCC_LSE_HIGHDRIVE_MODE)
 1738              		.loc 1 2813 3 view .LVU611
 1739              		.loc 1 2813 6 is_stmt 0 view .LVU612
 1740 0000 0128     		cmp	r0, #1
 1741 0002 05D0     		beq	.L133
2814:Drivers/STM32F4xx_HAL_Driver/Src/stm32f4xx_hal_rcc_ex.c ****   {
2815:Drivers/STM32F4xx_HAL_Driver/Src/stm32f4xx_hal_rcc_ex.c ****     SET_BIT(RCC->BDCR, RCC_BDCR_LSEMOD);
2816:Drivers/STM32F4xx_HAL_Driver/Src/stm32f4xx_hal_rcc_ex.c ****   }
2817:Drivers/STM32F4xx_HAL_Driver/Src/stm32f4xx_hal_rcc_ex.c ****   else
2818:Drivers/STM32F4xx_HAL_Driver/Src/stm32f4xx_hal_rcc_ex.c ****   {
2819:Drivers/STM32F4xx_HAL_Driver/Src/stm32f4xx_hal_rcc_ex.c ****     CLEAR_BIT(RCC->BDCR, RCC_BDCR_LSEMOD);
 1742              		.loc 1 2819 5 is_stmt 1 view .LVU613
 1743 0004 054A     		ldr	r2, .L134
 1744 0006 136F     		ldr	r3, [r2, #112]
 1745 0008 23F00803 		bic	r3, r3, #8
 1746 000c 1367     		str	r3, [r2, #112]
2820:Drivers/STM32F4xx_HAL_Driver/Src/stm32f4xx_hal_rcc_ex.c ****   }
2821:Drivers/STM32F4xx_HAL_Driver/Src/stm32f4xx_hal_rcc_ex.c **** }
 1747              		.loc 1 2821 1 is_stmt 0 view .LVU614
 1748 000e 7047     		bx	lr
 1749              	.L133:
2815:Drivers/STM32F4xx_HAL_Driver/Src/stm32f4xx_hal_rcc_ex.c ****   }
 1750              		.loc 1 2815 5 is_stmt 1 view .LVU615
 1751 0010 024A     		ldr	r2, .L134
 1752 0012 136F     		ldr	r3, [r2, #112]
 1753 0014 43F00803 		orr	r3, r3, #8
 1754 0018 1367     		str	r3, [r2, #112]
 1755 001a 7047     		bx	lr
 1756              	.L135:
 1757              		.align	2
 1758              	.L134:
 1759 001c 00380240 		.word	1073887232
 1760              		.cfi_endproc
 1761              	.LFE137:
 1763              		.section	.text.HAL_RCCEx_EnablePLLI2S,"ax",%progbits
 1764              		.align	1
 1765              		.global	HAL_RCCEx_EnablePLLI2S
 1766              		.syntax unified
 1767              		.thumb
 1768              		.thumb_func
 1770              	HAL_RCCEx_EnablePLLI2S:
 1771              	.LVL151:
 1772              	.LFB138:
2822:Drivers/STM32F4xx_HAL_Driver/Src/stm32f4xx_hal_rcc_ex.c **** 
2823:Drivers/STM32F4xx_HAL_Driver/Src/stm32f4xx_hal_rcc_ex.c **** #endif /* STM32F410xx || STM32F411xE || STM32F446xx || STM32F469xx || STM32F479xx || STM32F412Zx ||
2824:Drivers/STM32F4xx_HAL_Driver/Src/stm32f4xx_hal_rcc_ex.c **** 
2825:Drivers/STM32F4xx_HAL_Driver/Src/stm32f4xx_hal_rcc_ex.c **** /** @defgroup RCCEx_Exported_Functions_Group2 Extended Clock management functions
2826:Drivers/STM32F4xx_HAL_Driver/Src/stm32f4xx_hal_rcc_ex.c ****   *  @brief  Extended Clock management functions
2827:Drivers/STM32F4xx_HAL_Driver/Src/stm32f4xx_hal_rcc_ex.c ****   *
ARM GAS  C:\Users\Ebrahim\AppData\Local\Temp\ccoXyWuB.s 			page 87


2828:Drivers/STM32F4xx_HAL_Driver/Src/stm32f4xx_hal_rcc_ex.c **** @verbatim
2829:Drivers/STM32F4xx_HAL_Driver/Src/stm32f4xx_hal_rcc_ex.c ****  ===============================================================================
2830:Drivers/STM32F4xx_HAL_Driver/Src/stm32f4xx_hal_rcc_ex.c ****                 ##### Extended clock management functions  #####
2831:Drivers/STM32F4xx_HAL_Driver/Src/stm32f4xx_hal_rcc_ex.c ****  ===============================================================================
2832:Drivers/STM32F4xx_HAL_Driver/Src/stm32f4xx_hal_rcc_ex.c ****     [..]
2833:Drivers/STM32F4xx_HAL_Driver/Src/stm32f4xx_hal_rcc_ex.c ****     This subsection provides a set of functions allowing to control the
2834:Drivers/STM32F4xx_HAL_Driver/Src/stm32f4xx_hal_rcc_ex.c ****     activation or deactivation of PLLI2S, PLLSAI.
2835:Drivers/STM32F4xx_HAL_Driver/Src/stm32f4xx_hal_rcc_ex.c **** @endverbatim
2836:Drivers/STM32F4xx_HAL_Driver/Src/stm32f4xx_hal_rcc_ex.c ****   * @{
2837:Drivers/STM32F4xx_HAL_Driver/Src/stm32f4xx_hal_rcc_ex.c ****   */
2838:Drivers/STM32F4xx_HAL_Driver/Src/stm32f4xx_hal_rcc_ex.c **** 
2839:Drivers/STM32F4xx_HAL_Driver/Src/stm32f4xx_hal_rcc_ex.c **** #if defined(RCC_PLLI2S_SUPPORT)
2840:Drivers/STM32F4xx_HAL_Driver/Src/stm32f4xx_hal_rcc_ex.c **** /**
2841:Drivers/STM32F4xx_HAL_Driver/Src/stm32f4xx_hal_rcc_ex.c ****   * @brief  Enable PLLI2S.
2842:Drivers/STM32F4xx_HAL_Driver/Src/stm32f4xx_hal_rcc_ex.c ****   * @param  PLLI2SInit  pointer to an RCC_PLLI2SInitTypeDef structure that
2843:Drivers/STM32F4xx_HAL_Driver/Src/stm32f4xx_hal_rcc_ex.c ****   *         contains the configuration information for the PLLI2S
2844:Drivers/STM32F4xx_HAL_Driver/Src/stm32f4xx_hal_rcc_ex.c ****   * @retval HAL status
2845:Drivers/STM32F4xx_HAL_Driver/Src/stm32f4xx_hal_rcc_ex.c ****   */
2846:Drivers/STM32F4xx_HAL_Driver/Src/stm32f4xx_hal_rcc_ex.c **** HAL_StatusTypeDef HAL_RCCEx_EnablePLLI2S(RCC_PLLI2SInitTypeDef  *PLLI2SInit)
2847:Drivers/STM32F4xx_HAL_Driver/Src/stm32f4xx_hal_rcc_ex.c **** {
 1773              		.loc 1 2847 1 view -0
 1774              		.cfi_startproc
 1775              		@ args = 0, pretend = 0, frame = 0
 1776              		@ frame_needed = 0, uses_anonymous_args = 0
 1777              		.loc 1 2847 1 is_stmt 0 view .LVU617
 1778 0000 38B5     		push	{r3, r4, r5, lr}
 1779              	.LCFI4:
 1780              		.cfi_def_cfa_offset 16
 1781              		.cfi_offset 3, -16
 1782              		.cfi_offset 4, -12
 1783              		.cfi_offset 5, -8
 1784              		.cfi_offset 14, -4
 1785 0002 0546     		mov	r5, r0
2848:Drivers/STM32F4xx_HAL_Driver/Src/stm32f4xx_hal_rcc_ex.c ****   uint32_t tickstart;
 1786              		.loc 1 2848 3 is_stmt 1 view .LVU618
2849:Drivers/STM32F4xx_HAL_Driver/Src/stm32f4xx_hal_rcc_ex.c **** 
2850:Drivers/STM32F4xx_HAL_Driver/Src/stm32f4xx_hal_rcc_ex.c ****   /* Check for parameters */
2851:Drivers/STM32F4xx_HAL_Driver/Src/stm32f4xx_hal_rcc_ex.c ****   assert_param(IS_RCC_PLLI2SN_VALUE(PLLI2SInit->PLLI2SN));
 1787              		.loc 1 2851 3 view .LVU619
2852:Drivers/STM32F4xx_HAL_Driver/Src/stm32f4xx_hal_rcc_ex.c ****   assert_param(IS_RCC_PLLI2SR_VALUE(PLLI2SInit->PLLI2SR));
 1788              		.loc 1 2852 3 view .LVU620
2853:Drivers/STM32F4xx_HAL_Driver/Src/stm32f4xx_hal_rcc_ex.c **** #if defined(RCC_PLLI2SCFGR_PLLI2SM)
2854:Drivers/STM32F4xx_HAL_Driver/Src/stm32f4xx_hal_rcc_ex.c ****   assert_param(IS_RCC_PLLI2SM_VALUE(PLLI2SInit->PLLI2SM));
 1789              		.loc 1 2854 3 view .LVU621
2855:Drivers/STM32F4xx_HAL_Driver/Src/stm32f4xx_hal_rcc_ex.c **** #endif /* RCC_PLLI2SCFGR_PLLI2SM */
2856:Drivers/STM32F4xx_HAL_Driver/Src/stm32f4xx_hal_rcc_ex.c **** #if defined(RCC_PLLI2SCFGR_PLLI2SP)
2857:Drivers/STM32F4xx_HAL_Driver/Src/stm32f4xx_hal_rcc_ex.c ****   assert_param(IS_RCC_PLLI2SP_VALUE(PLLI2SInit->PLLI2SP));
 1790              		.loc 1 2857 3 view .LVU622
2858:Drivers/STM32F4xx_HAL_Driver/Src/stm32f4xx_hal_rcc_ex.c **** #endif /* RCC_PLLI2SCFGR_PLLI2SP */
2859:Drivers/STM32F4xx_HAL_Driver/Src/stm32f4xx_hal_rcc_ex.c **** #if defined(RCC_PLLI2SCFGR_PLLI2SQ)
2860:Drivers/STM32F4xx_HAL_Driver/Src/stm32f4xx_hal_rcc_ex.c ****   assert_param(IS_RCC_PLLI2SQ_VALUE(PLLI2SInit->PLLI2SQ));
 1791              		.loc 1 2860 3 view .LVU623
2861:Drivers/STM32F4xx_HAL_Driver/Src/stm32f4xx_hal_rcc_ex.c **** #endif /* RCC_PLLI2SCFGR_PLLI2SQ */
2862:Drivers/STM32F4xx_HAL_Driver/Src/stm32f4xx_hal_rcc_ex.c **** 
2863:Drivers/STM32F4xx_HAL_Driver/Src/stm32f4xx_hal_rcc_ex.c ****   /* Disable the PLLI2S */
2864:Drivers/STM32F4xx_HAL_Driver/Src/stm32f4xx_hal_rcc_ex.c ****   __HAL_RCC_PLLI2S_DISABLE();
 1792              		.loc 1 2864 3 view .LVU624
ARM GAS  C:\Users\Ebrahim\AppData\Local\Temp\ccoXyWuB.s 			page 88


 1793 0004 1B4B     		ldr	r3, .L147
 1794 0006 0022     		movs	r2, #0
 1795 0008 9A66     		str	r2, [r3, #104]
2865:Drivers/STM32F4xx_HAL_Driver/Src/stm32f4xx_hal_rcc_ex.c **** 
2866:Drivers/STM32F4xx_HAL_Driver/Src/stm32f4xx_hal_rcc_ex.c ****   /* Wait till PLLI2S is disabled */
2867:Drivers/STM32F4xx_HAL_Driver/Src/stm32f4xx_hal_rcc_ex.c ****   tickstart = HAL_GetTick();
 1796              		.loc 1 2867 3 view .LVU625
 1797              		.loc 1 2867 15 is_stmt 0 view .LVU626
 1798 000a FFF7FEFF 		bl	HAL_GetTick
 1799              	.LVL152:
 1800              		.loc 1 2867 15 view .LVU627
 1801 000e 0446     		mov	r4, r0
 1802              	.LVL153:
2868:Drivers/STM32F4xx_HAL_Driver/Src/stm32f4xx_hal_rcc_ex.c ****   while (__HAL_RCC_GET_FLAG(RCC_FLAG_PLLI2SRDY) != RESET)
 1803              		.loc 1 2868 3 is_stmt 1 view .LVU628
 1804              	.L137:
 1805              		.loc 1 2868 49 view .LVU629
 1806              		.loc 1 2868 10 is_stmt 0 view .LVU630
 1807 0010 194B     		ldr	r3, .L147+4
 1808 0012 1B68     		ldr	r3, [r3]
 1809              		.loc 1 2868 49 view .LVU631
 1810 0014 13F0006F 		tst	r3, #134217728
 1811 0018 06D0     		beq	.L145
2869:Drivers/STM32F4xx_HAL_Driver/Src/stm32f4xx_hal_rcc_ex.c ****   {
2870:Drivers/STM32F4xx_HAL_Driver/Src/stm32f4xx_hal_rcc_ex.c ****     if ((HAL_GetTick() - tickstart) > PLLI2S_TIMEOUT_VALUE)
 1812              		.loc 1 2870 5 is_stmt 1 view .LVU632
 1813              		.loc 1 2870 10 is_stmt 0 view .LVU633
 1814 001a FFF7FEFF 		bl	HAL_GetTick
 1815              	.LVL154:
 1816              		.loc 1 2870 24 discriminator 1 view .LVU634
 1817 001e 001B     		subs	r0, r0, r4
 1818              		.loc 1 2870 8 discriminator 1 view .LVU635
 1819 0020 0228     		cmp	r0, #2
 1820 0022 F5D9     		bls	.L137
2871:Drivers/STM32F4xx_HAL_Driver/Src/stm32f4xx_hal_rcc_ex.c ****     {
2872:Drivers/STM32F4xx_HAL_Driver/Src/stm32f4xx_hal_rcc_ex.c ****       /* return in case of Timeout detected */
2873:Drivers/STM32F4xx_HAL_Driver/Src/stm32f4xx_hal_rcc_ex.c ****       return HAL_TIMEOUT;
 1821              		.loc 1 2873 14 view .LVU636
 1822 0024 0320     		movs	r0, #3
 1823              	.L138:
2874:Drivers/STM32F4xx_HAL_Driver/Src/stm32f4xx_hal_rcc_ex.c ****     }
2875:Drivers/STM32F4xx_HAL_Driver/Src/stm32f4xx_hal_rcc_ex.c ****   }
2876:Drivers/STM32F4xx_HAL_Driver/Src/stm32f4xx_hal_rcc_ex.c **** 
2877:Drivers/STM32F4xx_HAL_Driver/Src/stm32f4xx_hal_rcc_ex.c ****   /* Configure the PLLI2S division factors */
2878:Drivers/STM32F4xx_HAL_Driver/Src/stm32f4xx_hal_rcc_ex.c **** #if defined(STM32F446xx)
2879:Drivers/STM32F4xx_HAL_Driver/Src/stm32f4xx_hal_rcc_ex.c ****   /* PLLI2S_VCO = f(VCO clock) = f(PLLI2S clock input) * (PLLI2SN/PLLI2SM) */
2880:Drivers/STM32F4xx_HAL_Driver/Src/stm32f4xx_hal_rcc_ex.c ****   /* I2SPCLK = PLLI2S_VCO / PLLI2SP */
2881:Drivers/STM32F4xx_HAL_Driver/Src/stm32f4xx_hal_rcc_ex.c ****   /* I2SQCLK = PLLI2S_VCO / PLLI2SQ */
2882:Drivers/STM32F4xx_HAL_Driver/Src/stm32f4xx_hal_rcc_ex.c ****   /* I2SRCLK = PLLI2S_VCO / PLLI2SR */
2883:Drivers/STM32F4xx_HAL_Driver/Src/stm32f4xx_hal_rcc_ex.c ****   __HAL_RCC_PLLI2S_CONFIG(PLLI2SInit->PLLI2SM, PLLI2SInit->PLLI2SN, \
2884:Drivers/STM32F4xx_HAL_Driver/Src/stm32f4xx_hal_rcc_ex.c ****                           PLLI2SInit->PLLI2SP, PLLI2SInit->PLLI2SQ, PLLI2SInit->PLLI2SR);
2885:Drivers/STM32F4xx_HAL_Driver/Src/stm32f4xx_hal_rcc_ex.c **** #elif defined(STM32F412Zx) || defined(STM32F412Vx) || defined(STM32F412Rx) || defined(STM32F412Cx) 
2886:Drivers/STM32F4xx_HAL_Driver/Src/stm32f4xx_hal_rcc_ex.c ****       defined(STM32F413xx) || defined(STM32F423xx)
2887:Drivers/STM32F4xx_HAL_Driver/Src/stm32f4xx_hal_rcc_ex.c ****   /* PLLI2S_VCO = f(VCO clock) = f(PLLI2S clock input) * (PLLI2SN/PLLI2SM)*/
2888:Drivers/STM32F4xx_HAL_Driver/Src/stm32f4xx_hal_rcc_ex.c ****   /* I2SQCLK = PLLI2S_VCO / PLLI2SQ */
2889:Drivers/STM32F4xx_HAL_Driver/Src/stm32f4xx_hal_rcc_ex.c ****   /* I2SRCLK = PLLI2S_VCO / PLLI2SR */
2890:Drivers/STM32F4xx_HAL_Driver/Src/stm32f4xx_hal_rcc_ex.c ****   __HAL_RCC_PLLI2S_CONFIG(PLLI2SInit->PLLI2SM, PLLI2SInit->PLLI2SN, \
ARM GAS  C:\Users\Ebrahim\AppData\Local\Temp\ccoXyWuB.s 			page 89


2891:Drivers/STM32F4xx_HAL_Driver/Src/stm32f4xx_hal_rcc_ex.c ****                           PLLI2SInit->PLLI2SQ, PLLI2SInit->PLLI2SR);
2892:Drivers/STM32F4xx_HAL_Driver/Src/stm32f4xx_hal_rcc_ex.c **** #elif defined(STM32F427xx) || defined(STM32F437xx) || defined(STM32F429xx) || defined(STM32F439xx) 
2893:Drivers/STM32F4xx_HAL_Driver/Src/stm32f4xx_hal_rcc_ex.c ****       defined(STM32F469xx) || defined(STM32F479xx)
2894:Drivers/STM32F4xx_HAL_Driver/Src/stm32f4xx_hal_rcc_ex.c ****   /* PLLI2S_VCO = f(VCO clock) = f(PLLI2S clock input) * PLLI2SN */
2895:Drivers/STM32F4xx_HAL_Driver/Src/stm32f4xx_hal_rcc_ex.c ****   /* I2SQCLK = PLLI2S_VCO / PLLI2SQ */
2896:Drivers/STM32F4xx_HAL_Driver/Src/stm32f4xx_hal_rcc_ex.c ****   /* I2SRCLK = PLLI2S_VCO / PLLI2SR */
2897:Drivers/STM32F4xx_HAL_Driver/Src/stm32f4xx_hal_rcc_ex.c ****   __HAL_RCC_PLLI2S_SAICLK_CONFIG(PLLI2SInit->PLLI2SN, PLLI2SInit->PLLI2SQ, PLLI2SInit->PLLI2SR);
2898:Drivers/STM32F4xx_HAL_Driver/Src/stm32f4xx_hal_rcc_ex.c **** #elif defined(STM32F411xE)
2899:Drivers/STM32F4xx_HAL_Driver/Src/stm32f4xx_hal_rcc_ex.c ****   /* PLLI2S_VCO = f(VCO clock) = f(PLLI2S clock input) * (PLLI2SN/PLLI2SM) */
2900:Drivers/STM32F4xx_HAL_Driver/Src/stm32f4xx_hal_rcc_ex.c ****   /* I2SRCLK = PLLI2S_VCO / PLLI2SR */
2901:Drivers/STM32F4xx_HAL_Driver/Src/stm32f4xx_hal_rcc_ex.c ****   __HAL_RCC_PLLI2S_I2SCLK_CONFIG(PLLI2SInit->PLLI2SM, PLLI2SInit->PLLI2SN, PLLI2SInit->PLLI2SR);
2902:Drivers/STM32F4xx_HAL_Driver/Src/stm32f4xx_hal_rcc_ex.c **** #else
2903:Drivers/STM32F4xx_HAL_Driver/Src/stm32f4xx_hal_rcc_ex.c ****   /* PLLI2S_VCO = f(VCO clock) = f(PLLI2S clock input) x PLLI2SN */
2904:Drivers/STM32F4xx_HAL_Driver/Src/stm32f4xx_hal_rcc_ex.c ****   /* I2SRCLK = PLLI2S_VCO / PLLI2SR */
2905:Drivers/STM32F4xx_HAL_Driver/Src/stm32f4xx_hal_rcc_ex.c ****   __HAL_RCC_PLLI2S_CONFIG(PLLI2SInit->PLLI2SN, PLLI2SInit->PLLI2SR);
2906:Drivers/STM32F4xx_HAL_Driver/Src/stm32f4xx_hal_rcc_ex.c **** #endif /* STM32F446xx */
2907:Drivers/STM32F4xx_HAL_Driver/Src/stm32f4xx_hal_rcc_ex.c **** 
2908:Drivers/STM32F4xx_HAL_Driver/Src/stm32f4xx_hal_rcc_ex.c ****   /* Enable the PLLI2S */
2909:Drivers/STM32F4xx_HAL_Driver/Src/stm32f4xx_hal_rcc_ex.c ****   __HAL_RCC_PLLI2S_ENABLE();
2910:Drivers/STM32F4xx_HAL_Driver/Src/stm32f4xx_hal_rcc_ex.c **** 
2911:Drivers/STM32F4xx_HAL_Driver/Src/stm32f4xx_hal_rcc_ex.c ****   /* Wait till PLLI2S is ready */
2912:Drivers/STM32F4xx_HAL_Driver/Src/stm32f4xx_hal_rcc_ex.c ****   tickstart = HAL_GetTick();
2913:Drivers/STM32F4xx_HAL_Driver/Src/stm32f4xx_hal_rcc_ex.c ****   while (__HAL_RCC_GET_FLAG(RCC_FLAG_PLLI2SRDY) == RESET)
2914:Drivers/STM32F4xx_HAL_Driver/Src/stm32f4xx_hal_rcc_ex.c ****   {
2915:Drivers/STM32F4xx_HAL_Driver/Src/stm32f4xx_hal_rcc_ex.c ****     if ((HAL_GetTick() - tickstart) > PLLI2S_TIMEOUT_VALUE)
2916:Drivers/STM32F4xx_HAL_Driver/Src/stm32f4xx_hal_rcc_ex.c ****     {
2917:Drivers/STM32F4xx_HAL_Driver/Src/stm32f4xx_hal_rcc_ex.c ****       /* return in case of Timeout detected */
2918:Drivers/STM32F4xx_HAL_Driver/Src/stm32f4xx_hal_rcc_ex.c ****       return HAL_TIMEOUT;
2919:Drivers/STM32F4xx_HAL_Driver/Src/stm32f4xx_hal_rcc_ex.c ****     }
2920:Drivers/STM32F4xx_HAL_Driver/Src/stm32f4xx_hal_rcc_ex.c ****   }
2921:Drivers/STM32F4xx_HAL_Driver/Src/stm32f4xx_hal_rcc_ex.c **** 
2922:Drivers/STM32F4xx_HAL_Driver/Src/stm32f4xx_hal_rcc_ex.c ****   return HAL_OK;
2923:Drivers/STM32F4xx_HAL_Driver/Src/stm32f4xx_hal_rcc_ex.c **** }
 1824              		.loc 1 2923 1 view .LVU637
 1825 0026 38BD     		pop	{r3, r4, r5, pc}
 1826              	.LVL155:
 1827              	.L145:
2883:Drivers/STM32F4xx_HAL_Driver/Src/stm32f4xx_hal_rcc_ex.c ****                           PLLI2SInit->PLLI2SP, PLLI2SInit->PLLI2SQ, PLLI2SInit->PLLI2SR);
 1828              		.loc 1 2883 3 is_stmt 1 view .LVU638
 1829 0028 2B68     		ldr	r3, [r5]
 1830 002a 6A68     		ldr	r2, [r5, #4]
 1831 002c 43EA8213 		orr	r3, r3, r2, lsl #6
 1832 0030 AA68     		ldr	r2, [r5, #8]
 1833 0032 5208     		lsrs	r2, r2, #1
 1834 0034 013A     		subs	r2, r2, #1
 1835 0036 43EA0243 		orr	r3, r3, r2, lsl #16
 1836 003a EA68     		ldr	r2, [r5, #12]
 1837 003c 43EA0263 		orr	r3, r3, r2, lsl #24
 1838 0040 2A69     		ldr	r2, [r5, #16]
 1839 0042 43EA0273 		orr	r3, r3, r2, lsl #28
 1840 0046 0C4A     		ldr	r2, .L147+4
 1841 0048 C2F88430 		str	r3, [r2, #132]
2909:Drivers/STM32F4xx_HAL_Driver/Src/stm32f4xx_hal_rcc_ex.c **** 
 1842              		.loc 1 2909 3 view .LVU639
 1843 004c 094B     		ldr	r3, .L147
 1844 004e 0122     		movs	r2, #1
 1845 0050 9A66     		str	r2, [r3, #104]
ARM GAS  C:\Users\Ebrahim\AppData\Local\Temp\ccoXyWuB.s 			page 90


2912:Drivers/STM32F4xx_HAL_Driver/Src/stm32f4xx_hal_rcc_ex.c ****   while (__HAL_RCC_GET_FLAG(RCC_FLAG_PLLI2SRDY) == RESET)
 1846              		.loc 1 2912 3 view .LVU640
2912:Drivers/STM32F4xx_HAL_Driver/Src/stm32f4xx_hal_rcc_ex.c ****   while (__HAL_RCC_GET_FLAG(RCC_FLAG_PLLI2SRDY) == RESET)
 1847              		.loc 1 2912 15 is_stmt 0 view .LVU641
 1848 0052 FFF7FEFF 		bl	HAL_GetTick
 1849              	.LVL156:
 1850 0056 0446     		mov	r4, r0
 1851              	.LVL157:
2913:Drivers/STM32F4xx_HAL_Driver/Src/stm32f4xx_hal_rcc_ex.c ****   {
 1852              		.loc 1 2913 3 is_stmt 1 view .LVU642
 1853              	.L140:
2913:Drivers/STM32F4xx_HAL_Driver/Src/stm32f4xx_hal_rcc_ex.c ****   {
 1854              		.loc 1 2913 49 view .LVU643
2913:Drivers/STM32F4xx_HAL_Driver/Src/stm32f4xx_hal_rcc_ex.c ****   {
 1855              		.loc 1 2913 10 is_stmt 0 view .LVU644
 1856 0058 074B     		ldr	r3, .L147+4
 1857 005a 1B68     		ldr	r3, [r3]
2913:Drivers/STM32F4xx_HAL_Driver/Src/stm32f4xx_hal_rcc_ex.c ****   {
 1858              		.loc 1 2913 49 view .LVU645
 1859 005c 13F0006F 		tst	r3, #134217728
 1860 0060 06D1     		bne	.L146
2915:Drivers/STM32F4xx_HAL_Driver/Src/stm32f4xx_hal_rcc_ex.c ****     {
 1861              		.loc 1 2915 5 is_stmt 1 view .LVU646
2915:Drivers/STM32F4xx_HAL_Driver/Src/stm32f4xx_hal_rcc_ex.c ****     {
 1862              		.loc 1 2915 10 is_stmt 0 view .LVU647
 1863 0062 FFF7FEFF 		bl	HAL_GetTick
 1864              	.LVL158:
2915:Drivers/STM32F4xx_HAL_Driver/Src/stm32f4xx_hal_rcc_ex.c ****     {
 1865              		.loc 1 2915 24 discriminator 1 view .LVU648
 1866 0066 001B     		subs	r0, r0, r4
2915:Drivers/STM32F4xx_HAL_Driver/Src/stm32f4xx_hal_rcc_ex.c ****     {
 1867              		.loc 1 2915 8 discriminator 1 view .LVU649
 1868 0068 0228     		cmp	r0, #2
 1869 006a F5D9     		bls	.L140
2918:Drivers/STM32F4xx_HAL_Driver/Src/stm32f4xx_hal_rcc_ex.c ****     }
 1870              		.loc 1 2918 14 view .LVU650
 1871 006c 0320     		movs	r0, #3
 1872 006e DAE7     		b	.L138
 1873              	.L146:
2922:Drivers/STM32F4xx_HAL_Driver/Src/stm32f4xx_hal_rcc_ex.c **** }
 1874              		.loc 1 2922 10 view .LVU651
 1875 0070 0020     		movs	r0, #0
 1876 0072 D8E7     		b	.L138
 1877              	.L148:
 1878              		.align	2
 1879              	.L147:
 1880 0074 00004742 		.word	1111949312
 1881 0078 00380240 		.word	1073887232
 1882              		.cfi_endproc
 1883              	.LFE138:
 1885              		.section	.text.HAL_RCCEx_DisablePLLI2S,"ax",%progbits
 1886              		.align	1
 1887              		.global	HAL_RCCEx_DisablePLLI2S
 1888              		.syntax unified
 1889              		.thumb
 1890              		.thumb_func
 1892              	HAL_RCCEx_DisablePLLI2S:
ARM GAS  C:\Users\Ebrahim\AppData\Local\Temp\ccoXyWuB.s 			page 91


 1893              	.LFB139:
2924:Drivers/STM32F4xx_HAL_Driver/Src/stm32f4xx_hal_rcc_ex.c **** 
2925:Drivers/STM32F4xx_HAL_Driver/Src/stm32f4xx_hal_rcc_ex.c **** /**
2926:Drivers/STM32F4xx_HAL_Driver/Src/stm32f4xx_hal_rcc_ex.c ****   * @brief  Disable PLLI2S.
2927:Drivers/STM32F4xx_HAL_Driver/Src/stm32f4xx_hal_rcc_ex.c ****   * @retval HAL status
2928:Drivers/STM32F4xx_HAL_Driver/Src/stm32f4xx_hal_rcc_ex.c ****   */
2929:Drivers/STM32F4xx_HAL_Driver/Src/stm32f4xx_hal_rcc_ex.c **** HAL_StatusTypeDef HAL_RCCEx_DisablePLLI2S(void)
2930:Drivers/STM32F4xx_HAL_Driver/Src/stm32f4xx_hal_rcc_ex.c **** {
 1894              		.loc 1 2930 1 is_stmt 1 view -0
 1895              		.cfi_startproc
 1896              		@ args = 0, pretend = 0, frame = 0
 1897              		@ frame_needed = 0, uses_anonymous_args = 0
 1898 0000 10B5     		push	{r4, lr}
 1899              	.LCFI5:
 1900              		.cfi_def_cfa_offset 8
 1901              		.cfi_offset 4, -8
 1902              		.cfi_offset 14, -4
2931:Drivers/STM32F4xx_HAL_Driver/Src/stm32f4xx_hal_rcc_ex.c ****   uint32_t tickstart;
 1903              		.loc 1 2931 3 view .LVU653
2932:Drivers/STM32F4xx_HAL_Driver/Src/stm32f4xx_hal_rcc_ex.c **** 
2933:Drivers/STM32F4xx_HAL_Driver/Src/stm32f4xx_hal_rcc_ex.c ****   /* Disable the PLLI2S */
2934:Drivers/STM32F4xx_HAL_Driver/Src/stm32f4xx_hal_rcc_ex.c ****   __HAL_RCC_PLLI2S_DISABLE();
 1904              		.loc 1 2934 3 view .LVU654
 1905 0002 0A4B     		ldr	r3, .L156
 1906 0004 0022     		movs	r2, #0
 1907 0006 9A66     		str	r2, [r3, #104]
2935:Drivers/STM32F4xx_HAL_Driver/Src/stm32f4xx_hal_rcc_ex.c **** 
2936:Drivers/STM32F4xx_HAL_Driver/Src/stm32f4xx_hal_rcc_ex.c ****   /* Wait till PLLI2S is disabled */
2937:Drivers/STM32F4xx_HAL_Driver/Src/stm32f4xx_hal_rcc_ex.c ****   tickstart = HAL_GetTick();
 1908              		.loc 1 2937 3 view .LVU655
 1909              		.loc 1 2937 15 is_stmt 0 view .LVU656
 1910 0008 FFF7FEFF 		bl	HAL_GetTick
 1911              	.LVL159:
 1912 000c 0446     		mov	r4, r0
 1913              	.LVL160:
2938:Drivers/STM32F4xx_HAL_Driver/Src/stm32f4xx_hal_rcc_ex.c ****   while (READ_BIT(RCC->CR, RCC_CR_PLLI2SRDY) != RESET)
 1914              		.loc 1 2938 3 is_stmt 1 view .LVU657
 1915              	.L150:
 1916              		.loc 1 2938 46 view .LVU658
 1917              		.loc 1 2938 10 is_stmt 0 view .LVU659
 1918 000e 084B     		ldr	r3, .L156+4
 1919 0010 1B68     		ldr	r3, [r3]
 1920              		.loc 1 2938 46 view .LVU660
 1921 0012 13F0006F 		tst	r3, #134217728
 1922 0016 06D0     		beq	.L155
2939:Drivers/STM32F4xx_HAL_Driver/Src/stm32f4xx_hal_rcc_ex.c ****   {
2940:Drivers/STM32F4xx_HAL_Driver/Src/stm32f4xx_hal_rcc_ex.c ****     if ((HAL_GetTick() - tickstart) > PLLI2S_TIMEOUT_VALUE)
 1923              		.loc 1 2940 5 is_stmt 1 view .LVU661
 1924              		.loc 1 2940 10 is_stmt 0 view .LVU662
 1925 0018 FFF7FEFF 		bl	HAL_GetTick
 1926              	.LVL161:
 1927              		.loc 1 2940 24 discriminator 1 view .LVU663
 1928 001c 001B     		subs	r0, r0, r4
 1929              		.loc 1 2940 8 discriminator 1 view .LVU664
 1930 001e 0228     		cmp	r0, #2
 1931 0020 F5D9     		bls	.L150
2941:Drivers/STM32F4xx_HAL_Driver/Src/stm32f4xx_hal_rcc_ex.c ****     {
ARM GAS  C:\Users\Ebrahim\AppData\Local\Temp\ccoXyWuB.s 			page 92


2942:Drivers/STM32F4xx_HAL_Driver/Src/stm32f4xx_hal_rcc_ex.c ****       /* return in case of Timeout detected */
2943:Drivers/STM32F4xx_HAL_Driver/Src/stm32f4xx_hal_rcc_ex.c ****       return HAL_TIMEOUT;
 1932              		.loc 1 2943 14 view .LVU665
 1933 0022 0320     		movs	r0, #3
 1934 0024 00E0     		b	.L151
 1935              	.L155:
2944:Drivers/STM32F4xx_HAL_Driver/Src/stm32f4xx_hal_rcc_ex.c ****     }
2945:Drivers/STM32F4xx_HAL_Driver/Src/stm32f4xx_hal_rcc_ex.c ****   }
2946:Drivers/STM32F4xx_HAL_Driver/Src/stm32f4xx_hal_rcc_ex.c **** 
2947:Drivers/STM32F4xx_HAL_Driver/Src/stm32f4xx_hal_rcc_ex.c ****   return HAL_OK;
 1936              		.loc 1 2947 10 view .LVU666
 1937 0026 0020     		movs	r0, #0
 1938              	.L151:
2948:Drivers/STM32F4xx_HAL_Driver/Src/stm32f4xx_hal_rcc_ex.c **** }
 1939              		.loc 1 2948 1 view .LVU667
 1940 0028 10BD     		pop	{r4, pc}
 1941              	.LVL162:
 1942              	.L157:
 1943              		.loc 1 2948 1 view .LVU668
 1944 002a 00BF     		.align	2
 1945              	.L156:
 1946 002c 00004742 		.word	1111949312
 1947 0030 00380240 		.word	1073887232
 1948              		.cfi_endproc
 1949              	.LFE139:
 1951              		.section	.text.HAL_RCCEx_EnablePLLSAI,"ax",%progbits
 1952              		.align	1
 1953              		.global	HAL_RCCEx_EnablePLLSAI
 1954              		.syntax unified
 1955              		.thumb
 1956              		.thumb_func
 1958              	HAL_RCCEx_EnablePLLSAI:
 1959              	.LVL163:
 1960              	.LFB140:
2949:Drivers/STM32F4xx_HAL_Driver/Src/stm32f4xx_hal_rcc_ex.c **** 
2950:Drivers/STM32F4xx_HAL_Driver/Src/stm32f4xx_hal_rcc_ex.c **** #endif /* RCC_PLLI2S_SUPPORT */
2951:Drivers/STM32F4xx_HAL_Driver/Src/stm32f4xx_hal_rcc_ex.c **** 
2952:Drivers/STM32F4xx_HAL_Driver/Src/stm32f4xx_hal_rcc_ex.c **** #if defined(RCC_PLLSAI_SUPPORT)
2953:Drivers/STM32F4xx_HAL_Driver/Src/stm32f4xx_hal_rcc_ex.c **** /**
2954:Drivers/STM32F4xx_HAL_Driver/Src/stm32f4xx_hal_rcc_ex.c ****   * @brief  Enable PLLSAI.
2955:Drivers/STM32F4xx_HAL_Driver/Src/stm32f4xx_hal_rcc_ex.c ****   * @param  PLLSAIInit  pointer to an RCC_PLLSAIInitTypeDef structure that
2956:Drivers/STM32F4xx_HAL_Driver/Src/stm32f4xx_hal_rcc_ex.c ****   *         contains the configuration information for the PLLSAI
2957:Drivers/STM32F4xx_HAL_Driver/Src/stm32f4xx_hal_rcc_ex.c ****   * @retval HAL status
2958:Drivers/STM32F4xx_HAL_Driver/Src/stm32f4xx_hal_rcc_ex.c ****   */
2959:Drivers/STM32F4xx_HAL_Driver/Src/stm32f4xx_hal_rcc_ex.c **** HAL_StatusTypeDef HAL_RCCEx_EnablePLLSAI(RCC_PLLSAIInitTypeDef  *PLLSAIInit)
2960:Drivers/STM32F4xx_HAL_Driver/Src/stm32f4xx_hal_rcc_ex.c **** {
 1961              		.loc 1 2960 1 is_stmt 1 view -0
 1962              		.cfi_startproc
 1963              		@ args = 0, pretend = 0, frame = 0
 1964              		@ frame_needed = 0, uses_anonymous_args = 0
 1965              		.loc 1 2960 1 is_stmt 0 view .LVU670
 1966 0000 38B5     		push	{r3, r4, r5, lr}
 1967              	.LCFI6:
 1968              		.cfi_def_cfa_offset 16
 1969              		.cfi_offset 3, -16
 1970              		.cfi_offset 4, -12
 1971              		.cfi_offset 5, -8
ARM GAS  C:\Users\Ebrahim\AppData\Local\Temp\ccoXyWuB.s 			page 93


 1972              		.cfi_offset 14, -4
 1973 0002 0546     		mov	r5, r0
2961:Drivers/STM32F4xx_HAL_Driver/Src/stm32f4xx_hal_rcc_ex.c ****   uint32_t tickstart;
 1974              		.loc 1 2961 3 is_stmt 1 view .LVU671
2962:Drivers/STM32F4xx_HAL_Driver/Src/stm32f4xx_hal_rcc_ex.c **** 
2963:Drivers/STM32F4xx_HAL_Driver/Src/stm32f4xx_hal_rcc_ex.c ****   /* Check for parameters */
2964:Drivers/STM32F4xx_HAL_Driver/Src/stm32f4xx_hal_rcc_ex.c ****   assert_param(IS_RCC_PLLSAIN_VALUE(PLLSAIInit->PLLSAIN));
 1975              		.loc 1 2964 3 view .LVU672
2965:Drivers/STM32F4xx_HAL_Driver/Src/stm32f4xx_hal_rcc_ex.c ****   assert_param(IS_RCC_PLLSAIQ_VALUE(PLLSAIInit->PLLSAIQ));
 1976              		.loc 1 2965 3 view .LVU673
2966:Drivers/STM32F4xx_HAL_Driver/Src/stm32f4xx_hal_rcc_ex.c **** #if defined(RCC_PLLSAICFGR_PLLSAIM)
2967:Drivers/STM32F4xx_HAL_Driver/Src/stm32f4xx_hal_rcc_ex.c ****   assert_param(IS_RCC_PLLSAIM_VALUE(PLLSAIInit->PLLSAIM));
 1977              		.loc 1 2967 3 view .LVU674
2968:Drivers/STM32F4xx_HAL_Driver/Src/stm32f4xx_hal_rcc_ex.c **** #endif /* RCC_PLLSAICFGR_PLLSAIM */
2969:Drivers/STM32F4xx_HAL_Driver/Src/stm32f4xx_hal_rcc_ex.c **** #if defined(RCC_PLLSAICFGR_PLLSAIP)
2970:Drivers/STM32F4xx_HAL_Driver/Src/stm32f4xx_hal_rcc_ex.c ****   assert_param(IS_RCC_PLLSAIP_VALUE(PLLSAIInit->PLLSAIP));
 1978              		.loc 1 2970 3 view .LVU675
2971:Drivers/STM32F4xx_HAL_Driver/Src/stm32f4xx_hal_rcc_ex.c **** #endif /* RCC_PLLSAICFGR_PLLSAIP */
2972:Drivers/STM32F4xx_HAL_Driver/Src/stm32f4xx_hal_rcc_ex.c **** #if defined(RCC_PLLSAICFGR_PLLSAIR)
2973:Drivers/STM32F4xx_HAL_Driver/Src/stm32f4xx_hal_rcc_ex.c ****   assert_param(IS_RCC_PLLSAIR_VALUE(PLLSAIInit->PLLSAIR));
2974:Drivers/STM32F4xx_HAL_Driver/Src/stm32f4xx_hal_rcc_ex.c **** #endif /* RCC_PLLSAICFGR_PLLSAIR */
2975:Drivers/STM32F4xx_HAL_Driver/Src/stm32f4xx_hal_rcc_ex.c **** 
2976:Drivers/STM32F4xx_HAL_Driver/Src/stm32f4xx_hal_rcc_ex.c ****   /* Disable the PLLSAI */
2977:Drivers/STM32F4xx_HAL_Driver/Src/stm32f4xx_hal_rcc_ex.c ****   __HAL_RCC_PLLSAI_DISABLE();
 1979              		.loc 1 2977 3 view .LVU676
 1980 0004 1A4B     		ldr	r3, .L169
 1981 0006 0022     		movs	r2, #0
 1982 0008 1A67     		str	r2, [r3, #112]
2978:Drivers/STM32F4xx_HAL_Driver/Src/stm32f4xx_hal_rcc_ex.c **** 
2979:Drivers/STM32F4xx_HAL_Driver/Src/stm32f4xx_hal_rcc_ex.c ****   /* Wait till PLLSAI is disabled */
2980:Drivers/STM32F4xx_HAL_Driver/Src/stm32f4xx_hal_rcc_ex.c ****   tickstart = HAL_GetTick();
 1983              		.loc 1 2980 3 view .LVU677
 1984              		.loc 1 2980 15 is_stmt 0 view .LVU678
 1985 000a FFF7FEFF 		bl	HAL_GetTick
 1986              	.LVL164:
 1987              		.loc 1 2980 15 view .LVU679
 1988 000e 0446     		mov	r4, r0
 1989              	.LVL165:
2981:Drivers/STM32F4xx_HAL_Driver/Src/stm32f4xx_hal_rcc_ex.c ****   while (__HAL_RCC_PLLSAI_GET_FLAG() != RESET)
 1990              		.loc 1 2981 3 is_stmt 1 view .LVU680
 1991              	.L159:
 1992              		.loc 1 2981 38 view .LVU681
 1993              		.loc 1 2981 10 is_stmt 0 view .LVU682
 1994 0010 184B     		ldr	r3, .L169+4
 1995 0012 1B68     		ldr	r3, [r3]
 1996              		.loc 1 2981 38 view .LVU683
 1997 0014 13F0005F 		tst	r3, #536870912
 1998 0018 06D0     		beq	.L167
2982:Drivers/STM32F4xx_HAL_Driver/Src/stm32f4xx_hal_rcc_ex.c ****   {
2983:Drivers/STM32F4xx_HAL_Driver/Src/stm32f4xx_hal_rcc_ex.c ****     if ((HAL_GetTick() - tickstart) > PLLSAI_TIMEOUT_VALUE)
 1999              		.loc 1 2983 5 is_stmt 1 view .LVU684
 2000              		.loc 1 2983 10 is_stmt 0 view .LVU685
 2001 001a FFF7FEFF 		bl	HAL_GetTick
 2002              	.LVL166:
 2003              		.loc 1 2983 24 discriminator 1 view .LVU686
 2004 001e 001B     		subs	r0, r0, r4
 2005              		.loc 1 2983 8 discriminator 1 view .LVU687
ARM GAS  C:\Users\Ebrahim\AppData\Local\Temp\ccoXyWuB.s 			page 94


 2006 0020 0228     		cmp	r0, #2
 2007 0022 F5D9     		bls	.L159
2984:Drivers/STM32F4xx_HAL_Driver/Src/stm32f4xx_hal_rcc_ex.c ****     {
2985:Drivers/STM32F4xx_HAL_Driver/Src/stm32f4xx_hal_rcc_ex.c ****       /* return in case of Timeout detected */
2986:Drivers/STM32F4xx_HAL_Driver/Src/stm32f4xx_hal_rcc_ex.c ****       return HAL_TIMEOUT;
 2008              		.loc 1 2986 14 view .LVU688
 2009 0024 0320     		movs	r0, #3
 2010              	.L160:
2987:Drivers/STM32F4xx_HAL_Driver/Src/stm32f4xx_hal_rcc_ex.c ****     }
2988:Drivers/STM32F4xx_HAL_Driver/Src/stm32f4xx_hal_rcc_ex.c ****   }
2989:Drivers/STM32F4xx_HAL_Driver/Src/stm32f4xx_hal_rcc_ex.c **** 
2990:Drivers/STM32F4xx_HAL_Driver/Src/stm32f4xx_hal_rcc_ex.c ****   /* Configure the PLLSAI division factors */
2991:Drivers/STM32F4xx_HAL_Driver/Src/stm32f4xx_hal_rcc_ex.c **** #if defined(STM32F446xx)
2992:Drivers/STM32F4xx_HAL_Driver/Src/stm32f4xx_hal_rcc_ex.c ****   /* PLLSAI_VCO = f(VCO clock) = f(PLLSAI clock input) * (PLLSAIN/PLLSAIM) */
2993:Drivers/STM32F4xx_HAL_Driver/Src/stm32f4xx_hal_rcc_ex.c ****   /* SAIPCLK = PLLSAI_VCO / PLLSAIP */
2994:Drivers/STM32F4xx_HAL_Driver/Src/stm32f4xx_hal_rcc_ex.c ****   /* SAIQCLK = PLLSAI_VCO / PLLSAIQ */
2995:Drivers/STM32F4xx_HAL_Driver/Src/stm32f4xx_hal_rcc_ex.c ****   /* SAIRCLK = PLLSAI_VCO / PLLSAIR */
2996:Drivers/STM32F4xx_HAL_Driver/Src/stm32f4xx_hal_rcc_ex.c ****   __HAL_RCC_PLLSAI_CONFIG(PLLSAIInit->PLLSAIM, PLLSAIInit->PLLSAIN, \
2997:Drivers/STM32F4xx_HAL_Driver/Src/stm32f4xx_hal_rcc_ex.c ****                           PLLSAIInit->PLLSAIP, PLLSAIInit->PLLSAIQ, 0U);
2998:Drivers/STM32F4xx_HAL_Driver/Src/stm32f4xx_hal_rcc_ex.c **** #elif defined(STM32F469xx) || defined(STM32F479xx)
2999:Drivers/STM32F4xx_HAL_Driver/Src/stm32f4xx_hal_rcc_ex.c ****   /* PLLSAI_VCO = f(VCO clock) = f(PLLSAI clock input) * PLLSAIN */
3000:Drivers/STM32F4xx_HAL_Driver/Src/stm32f4xx_hal_rcc_ex.c ****   /* SAIPCLK = PLLSAI_VCO / PLLSAIP */
3001:Drivers/STM32F4xx_HAL_Driver/Src/stm32f4xx_hal_rcc_ex.c ****   /* SAIQCLK = PLLSAI_VCO / PLLSAIQ */
3002:Drivers/STM32F4xx_HAL_Driver/Src/stm32f4xx_hal_rcc_ex.c ****   /* SAIRCLK = PLLSAI_VCO / PLLSAIR */
3003:Drivers/STM32F4xx_HAL_Driver/Src/stm32f4xx_hal_rcc_ex.c ****   __HAL_RCC_PLLSAI_CONFIG(PLLSAIInit->PLLSAIN, PLLSAIInit->PLLSAIP, \
3004:Drivers/STM32F4xx_HAL_Driver/Src/stm32f4xx_hal_rcc_ex.c ****                           PLLSAIInit->PLLSAIQ, PLLSAIInit->PLLSAIR);
3005:Drivers/STM32F4xx_HAL_Driver/Src/stm32f4xx_hal_rcc_ex.c **** #else
3006:Drivers/STM32F4xx_HAL_Driver/Src/stm32f4xx_hal_rcc_ex.c ****   /* PLLSAI_VCO = f(VCO clock) = f(PLLSAI clock input) x PLLSAIN */
3007:Drivers/STM32F4xx_HAL_Driver/Src/stm32f4xx_hal_rcc_ex.c ****   /* SAIQCLK = PLLSAI_VCO / PLLSAIQ */
3008:Drivers/STM32F4xx_HAL_Driver/Src/stm32f4xx_hal_rcc_ex.c ****   /* SAIRCLK = PLLSAI_VCO / PLLSAIR */
3009:Drivers/STM32F4xx_HAL_Driver/Src/stm32f4xx_hal_rcc_ex.c ****   __HAL_RCC_PLLSAI_CONFIG(PLLSAIInit->PLLSAIN, PLLSAIInit->PLLSAIQ, PLLSAIInit->PLLSAIR);
3010:Drivers/STM32F4xx_HAL_Driver/Src/stm32f4xx_hal_rcc_ex.c **** #endif /* STM32F446xx */
3011:Drivers/STM32F4xx_HAL_Driver/Src/stm32f4xx_hal_rcc_ex.c **** 
3012:Drivers/STM32F4xx_HAL_Driver/Src/stm32f4xx_hal_rcc_ex.c ****   /* Enable the PLLSAI */
3013:Drivers/STM32F4xx_HAL_Driver/Src/stm32f4xx_hal_rcc_ex.c ****   __HAL_RCC_PLLSAI_ENABLE();
3014:Drivers/STM32F4xx_HAL_Driver/Src/stm32f4xx_hal_rcc_ex.c **** 
3015:Drivers/STM32F4xx_HAL_Driver/Src/stm32f4xx_hal_rcc_ex.c ****   /* Wait till PLLSAI is ready */
3016:Drivers/STM32F4xx_HAL_Driver/Src/stm32f4xx_hal_rcc_ex.c ****   tickstart = HAL_GetTick();
3017:Drivers/STM32F4xx_HAL_Driver/Src/stm32f4xx_hal_rcc_ex.c ****   while (__HAL_RCC_PLLSAI_GET_FLAG() == RESET)
3018:Drivers/STM32F4xx_HAL_Driver/Src/stm32f4xx_hal_rcc_ex.c ****   {
3019:Drivers/STM32F4xx_HAL_Driver/Src/stm32f4xx_hal_rcc_ex.c ****     if ((HAL_GetTick() - tickstart) > PLLSAI_TIMEOUT_VALUE)
3020:Drivers/STM32F4xx_HAL_Driver/Src/stm32f4xx_hal_rcc_ex.c ****     {
3021:Drivers/STM32F4xx_HAL_Driver/Src/stm32f4xx_hal_rcc_ex.c ****       /* return in case of Timeout detected */
3022:Drivers/STM32F4xx_HAL_Driver/Src/stm32f4xx_hal_rcc_ex.c ****       return HAL_TIMEOUT;
3023:Drivers/STM32F4xx_HAL_Driver/Src/stm32f4xx_hal_rcc_ex.c ****     }
3024:Drivers/STM32F4xx_HAL_Driver/Src/stm32f4xx_hal_rcc_ex.c ****   }
3025:Drivers/STM32F4xx_HAL_Driver/Src/stm32f4xx_hal_rcc_ex.c **** 
3026:Drivers/STM32F4xx_HAL_Driver/Src/stm32f4xx_hal_rcc_ex.c ****   return HAL_OK;
3027:Drivers/STM32F4xx_HAL_Driver/Src/stm32f4xx_hal_rcc_ex.c **** }
 2011              		.loc 1 3027 1 view .LVU689
 2012 0026 38BD     		pop	{r3, r4, r5, pc}
 2013              	.LVL167:
 2014              	.L167:
2996:Drivers/STM32F4xx_HAL_Driver/Src/stm32f4xx_hal_rcc_ex.c ****                           PLLSAIInit->PLLSAIP, PLLSAIInit->PLLSAIQ, 0U);
 2015              		.loc 1 2996 3 is_stmt 1 view .LVU690
 2016 0028 2B68     		ldr	r3, [r5]
 2017 002a 6A68     		ldr	r2, [r5, #4]
ARM GAS  C:\Users\Ebrahim\AppData\Local\Temp\ccoXyWuB.s 			page 95


 2018 002c 43EA8213 		orr	r3, r3, r2, lsl #6
 2019 0030 AA68     		ldr	r2, [r5, #8]
 2020 0032 5208     		lsrs	r2, r2, #1
 2021 0034 013A     		subs	r2, r2, #1
 2022 0036 43EA0243 		orr	r3, r3, r2, lsl #16
 2023 003a EA68     		ldr	r2, [r5, #12]
 2024 003c 43EA0263 		orr	r3, r3, r2, lsl #24
 2025 0040 0C4A     		ldr	r2, .L169+4
 2026 0042 C2F88830 		str	r3, [r2, #136]
3013:Drivers/STM32F4xx_HAL_Driver/Src/stm32f4xx_hal_rcc_ex.c **** 
 2027              		.loc 1 3013 3 view .LVU691
 2028 0046 0A4B     		ldr	r3, .L169
 2029 0048 0122     		movs	r2, #1
 2030 004a 1A67     		str	r2, [r3, #112]
3016:Drivers/STM32F4xx_HAL_Driver/Src/stm32f4xx_hal_rcc_ex.c ****   while (__HAL_RCC_PLLSAI_GET_FLAG() == RESET)
 2031              		.loc 1 3016 3 view .LVU692
3016:Drivers/STM32F4xx_HAL_Driver/Src/stm32f4xx_hal_rcc_ex.c ****   while (__HAL_RCC_PLLSAI_GET_FLAG() == RESET)
 2032              		.loc 1 3016 15 is_stmt 0 view .LVU693
 2033 004c FFF7FEFF 		bl	HAL_GetTick
 2034              	.LVL168:
 2035 0050 0446     		mov	r4, r0
 2036              	.LVL169:
3017:Drivers/STM32F4xx_HAL_Driver/Src/stm32f4xx_hal_rcc_ex.c ****   {
 2037              		.loc 1 3017 3 is_stmt 1 view .LVU694
 2038              	.L162:
3017:Drivers/STM32F4xx_HAL_Driver/Src/stm32f4xx_hal_rcc_ex.c ****   {
 2039              		.loc 1 3017 38 view .LVU695
3017:Drivers/STM32F4xx_HAL_Driver/Src/stm32f4xx_hal_rcc_ex.c ****   {
 2040              		.loc 1 3017 10 is_stmt 0 view .LVU696
 2041 0052 084B     		ldr	r3, .L169+4
 2042 0054 1B68     		ldr	r3, [r3]
3017:Drivers/STM32F4xx_HAL_Driver/Src/stm32f4xx_hal_rcc_ex.c ****   {
 2043              		.loc 1 3017 38 view .LVU697
 2044 0056 13F0005F 		tst	r3, #536870912
 2045 005a 06D1     		bne	.L168
3019:Drivers/STM32F4xx_HAL_Driver/Src/stm32f4xx_hal_rcc_ex.c ****     {
 2046              		.loc 1 3019 5 is_stmt 1 view .LVU698
3019:Drivers/STM32F4xx_HAL_Driver/Src/stm32f4xx_hal_rcc_ex.c ****     {
 2047              		.loc 1 3019 10 is_stmt 0 view .LVU699
 2048 005c FFF7FEFF 		bl	HAL_GetTick
 2049              	.LVL170:
3019:Drivers/STM32F4xx_HAL_Driver/Src/stm32f4xx_hal_rcc_ex.c ****     {
 2050              		.loc 1 3019 24 discriminator 1 view .LVU700
 2051 0060 001B     		subs	r0, r0, r4
3019:Drivers/STM32F4xx_HAL_Driver/Src/stm32f4xx_hal_rcc_ex.c ****     {
 2052              		.loc 1 3019 8 discriminator 1 view .LVU701
 2053 0062 0228     		cmp	r0, #2
 2054 0064 F5D9     		bls	.L162
3022:Drivers/STM32F4xx_HAL_Driver/Src/stm32f4xx_hal_rcc_ex.c ****     }
 2055              		.loc 1 3022 14 view .LVU702
 2056 0066 0320     		movs	r0, #3
 2057 0068 DDE7     		b	.L160
 2058              	.L168:
3026:Drivers/STM32F4xx_HAL_Driver/Src/stm32f4xx_hal_rcc_ex.c **** }
 2059              		.loc 1 3026 10 view .LVU703
 2060 006a 0020     		movs	r0, #0
 2061 006c DBE7     		b	.L160
ARM GAS  C:\Users\Ebrahim\AppData\Local\Temp\ccoXyWuB.s 			page 96


 2062              	.L170:
 2063 006e 00BF     		.align	2
 2064              	.L169:
 2065 0070 00004742 		.word	1111949312
 2066 0074 00380240 		.word	1073887232
 2067              		.cfi_endproc
 2068              	.LFE140:
 2070              		.section	.text.HAL_RCCEx_DisablePLLSAI,"ax",%progbits
 2071              		.align	1
 2072              		.global	HAL_RCCEx_DisablePLLSAI
 2073              		.syntax unified
 2074              		.thumb
 2075              		.thumb_func
 2077              	HAL_RCCEx_DisablePLLSAI:
 2078              	.LFB141:
3028:Drivers/STM32F4xx_HAL_Driver/Src/stm32f4xx_hal_rcc_ex.c **** 
3029:Drivers/STM32F4xx_HAL_Driver/Src/stm32f4xx_hal_rcc_ex.c **** /**
3030:Drivers/STM32F4xx_HAL_Driver/Src/stm32f4xx_hal_rcc_ex.c ****   * @brief  Disable PLLSAI.
3031:Drivers/STM32F4xx_HAL_Driver/Src/stm32f4xx_hal_rcc_ex.c ****   * @retval HAL status
3032:Drivers/STM32F4xx_HAL_Driver/Src/stm32f4xx_hal_rcc_ex.c ****   */
3033:Drivers/STM32F4xx_HAL_Driver/Src/stm32f4xx_hal_rcc_ex.c **** HAL_StatusTypeDef HAL_RCCEx_DisablePLLSAI(void)
3034:Drivers/STM32F4xx_HAL_Driver/Src/stm32f4xx_hal_rcc_ex.c **** {
 2079              		.loc 1 3034 1 is_stmt 1 view -0
 2080              		.cfi_startproc
 2081              		@ args = 0, pretend = 0, frame = 0
 2082              		@ frame_needed = 0, uses_anonymous_args = 0
 2083 0000 10B5     		push	{r4, lr}
 2084              	.LCFI7:
 2085              		.cfi_def_cfa_offset 8
 2086              		.cfi_offset 4, -8
 2087              		.cfi_offset 14, -4
3035:Drivers/STM32F4xx_HAL_Driver/Src/stm32f4xx_hal_rcc_ex.c ****   uint32_t tickstart;
 2088              		.loc 1 3035 3 view .LVU705
3036:Drivers/STM32F4xx_HAL_Driver/Src/stm32f4xx_hal_rcc_ex.c **** 
3037:Drivers/STM32F4xx_HAL_Driver/Src/stm32f4xx_hal_rcc_ex.c ****   /* Disable the PLLSAI */
3038:Drivers/STM32F4xx_HAL_Driver/Src/stm32f4xx_hal_rcc_ex.c ****   __HAL_RCC_PLLSAI_DISABLE();
 2089              		.loc 1 3038 3 view .LVU706
 2090 0002 0A4B     		ldr	r3, .L178
 2091 0004 0022     		movs	r2, #0
 2092 0006 1A67     		str	r2, [r3, #112]
3039:Drivers/STM32F4xx_HAL_Driver/Src/stm32f4xx_hal_rcc_ex.c **** 
3040:Drivers/STM32F4xx_HAL_Driver/Src/stm32f4xx_hal_rcc_ex.c ****   /* Wait till PLLSAI is disabled */
3041:Drivers/STM32F4xx_HAL_Driver/Src/stm32f4xx_hal_rcc_ex.c ****   tickstart = HAL_GetTick();
 2093              		.loc 1 3041 3 view .LVU707
 2094              		.loc 1 3041 15 is_stmt 0 view .LVU708
 2095 0008 FFF7FEFF 		bl	HAL_GetTick
 2096              	.LVL171:
 2097 000c 0446     		mov	r4, r0
 2098              	.LVL172:
3042:Drivers/STM32F4xx_HAL_Driver/Src/stm32f4xx_hal_rcc_ex.c ****   while (__HAL_RCC_PLLSAI_GET_FLAG() != RESET)
 2099              		.loc 1 3042 3 is_stmt 1 view .LVU709
 2100              	.L172:
 2101              		.loc 1 3042 38 view .LVU710
 2102              		.loc 1 3042 10 is_stmt 0 view .LVU711
 2103 000e 084B     		ldr	r3, .L178+4
 2104 0010 1B68     		ldr	r3, [r3]
 2105              		.loc 1 3042 38 view .LVU712
ARM GAS  C:\Users\Ebrahim\AppData\Local\Temp\ccoXyWuB.s 			page 97


 2106 0012 13F0005F 		tst	r3, #536870912
 2107 0016 06D0     		beq	.L177
3043:Drivers/STM32F4xx_HAL_Driver/Src/stm32f4xx_hal_rcc_ex.c ****   {
3044:Drivers/STM32F4xx_HAL_Driver/Src/stm32f4xx_hal_rcc_ex.c ****     if ((HAL_GetTick() - tickstart) > PLLSAI_TIMEOUT_VALUE)
 2108              		.loc 1 3044 5 is_stmt 1 view .LVU713
 2109              		.loc 1 3044 10 is_stmt 0 view .LVU714
 2110 0018 FFF7FEFF 		bl	HAL_GetTick
 2111              	.LVL173:
 2112              		.loc 1 3044 24 discriminator 1 view .LVU715
 2113 001c 001B     		subs	r0, r0, r4
 2114              		.loc 1 3044 8 discriminator 1 view .LVU716
 2115 001e 0228     		cmp	r0, #2
 2116 0020 F5D9     		bls	.L172
3045:Drivers/STM32F4xx_HAL_Driver/Src/stm32f4xx_hal_rcc_ex.c ****     {
3046:Drivers/STM32F4xx_HAL_Driver/Src/stm32f4xx_hal_rcc_ex.c ****       /* return in case of Timeout detected */
3047:Drivers/STM32F4xx_HAL_Driver/Src/stm32f4xx_hal_rcc_ex.c ****       return HAL_TIMEOUT;
 2117              		.loc 1 3047 14 view .LVU717
 2118 0022 0320     		movs	r0, #3
 2119 0024 00E0     		b	.L173
 2120              	.L177:
3048:Drivers/STM32F4xx_HAL_Driver/Src/stm32f4xx_hal_rcc_ex.c ****     }
3049:Drivers/STM32F4xx_HAL_Driver/Src/stm32f4xx_hal_rcc_ex.c ****   }
3050:Drivers/STM32F4xx_HAL_Driver/Src/stm32f4xx_hal_rcc_ex.c **** 
3051:Drivers/STM32F4xx_HAL_Driver/Src/stm32f4xx_hal_rcc_ex.c ****   return HAL_OK;
 2121              		.loc 1 3051 10 view .LVU718
 2122 0026 0020     		movs	r0, #0
 2123              	.L173:
3052:Drivers/STM32F4xx_HAL_Driver/Src/stm32f4xx_hal_rcc_ex.c **** }
 2124              		.loc 1 3052 1 view .LVU719
 2125 0028 10BD     		pop	{r4, pc}
 2126              	.LVL174:
 2127              	.L179:
 2128              		.loc 1 3052 1 view .LVU720
 2129 002a 00BF     		.align	2
 2130              	.L178:
 2131 002c 00004742 		.word	1111949312
 2132 0030 00380240 		.word	1073887232
 2133              		.cfi_endproc
 2134              	.LFE141:
 2136              		.global	__aeabi_uldivmod
 2137              		.section	.text.HAL_RCC_GetSysClockFreq,"ax",%progbits
 2138              		.align	1
 2139              		.global	HAL_RCC_GetSysClockFreq
 2140              		.syntax unified
 2141              		.thumb
 2142              		.thumb_func
 2144              	HAL_RCC_GetSysClockFreq:
 2145              	.LFB142:
3053:Drivers/STM32F4xx_HAL_Driver/Src/stm32f4xx_hal_rcc_ex.c **** 
3054:Drivers/STM32F4xx_HAL_Driver/Src/stm32f4xx_hal_rcc_ex.c **** #endif /* RCC_PLLSAI_SUPPORT */
3055:Drivers/STM32F4xx_HAL_Driver/Src/stm32f4xx_hal_rcc_ex.c **** 
3056:Drivers/STM32F4xx_HAL_Driver/Src/stm32f4xx_hal_rcc_ex.c **** /**
3057:Drivers/STM32F4xx_HAL_Driver/Src/stm32f4xx_hal_rcc_ex.c ****   * @}
3058:Drivers/STM32F4xx_HAL_Driver/Src/stm32f4xx_hal_rcc_ex.c ****   */
3059:Drivers/STM32F4xx_HAL_Driver/Src/stm32f4xx_hal_rcc_ex.c **** 
3060:Drivers/STM32F4xx_HAL_Driver/Src/stm32f4xx_hal_rcc_ex.c **** #if defined(STM32F446xx)
3061:Drivers/STM32F4xx_HAL_Driver/Src/stm32f4xx_hal_rcc_ex.c **** /**
ARM GAS  C:\Users\Ebrahim\AppData\Local\Temp\ccoXyWuB.s 			page 98


3062:Drivers/STM32F4xx_HAL_Driver/Src/stm32f4xx_hal_rcc_ex.c ****   * @brief  Returns the SYSCLK frequency
3063:Drivers/STM32F4xx_HAL_Driver/Src/stm32f4xx_hal_rcc_ex.c ****   *
3064:Drivers/STM32F4xx_HAL_Driver/Src/stm32f4xx_hal_rcc_ex.c ****   * @note   This function implementation is valid only for STM32F446xx devices.
3065:Drivers/STM32F4xx_HAL_Driver/Src/stm32f4xx_hal_rcc_ex.c ****   * @note   This function add the PLL/PLLR System clock source
3066:Drivers/STM32F4xx_HAL_Driver/Src/stm32f4xx_hal_rcc_ex.c ****   *
3067:Drivers/STM32F4xx_HAL_Driver/Src/stm32f4xx_hal_rcc_ex.c ****   * @note   The system frequency computed by this function is not the real
3068:Drivers/STM32F4xx_HAL_Driver/Src/stm32f4xx_hal_rcc_ex.c ****   *         frequency in the chip. It is calculated based on the predefined
3069:Drivers/STM32F4xx_HAL_Driver/Src/stm32f4xx_hal_rcc_ex.c ****   *         constant and the selected clock source:
3070:Drivers/STM32F4xx_HAL_Driver/Src/stm32f4xx_hal_rcc_ex.c ****   * @note     If SYSCLK source is HSI, function returns values based on HSI_VALUE(*)
3071:Drivers/STM32F4xx_HAL_Driver/Src/stm32f4xx_hal_rcc_ex.c ****   * @note     If SYSCLK source is HSE, function returns values based on HSE_VALUE(**)
3072:Drivers/STM32F4xx_HAL_Driver/Src/stm32f4xx_hal_rcc_ex.c ****   * @note     If SYSCLK source is PLL or PLLR, function returns values based on HSE_VALUE(**)
3073:Drivers/STM32F4xx_HAL_Driver/Src/stm32f4xx_hal_rcc_ex.c ****   *           or HSI_VALUE(*) multiplied/divided by the PLL factors.
3074:Drivers/STM32F4xx_HAL_Driver/Src/stm32f4xx_hal_rcc_ex.c ****   * @note     (*) HSI_VALUE is a constant defined in stm32f4xx_hal_conf.h file (default value
3075:Drivers/STM32F4xx_HAL_Driver/Src/stm32f4xx_hal_rcc_ex.c ****   *               16 MHz) but the real value may vary depending on the variations
3076:Drivers/STM32F4xx_HAL_Driver/Src/stm32f4xx_hal_rcc_ex.c ****   *               in voltage and temperature.
3077:Drivers/STM32F4xx_HAL_Driver/Src/stm32f4xx_hal_rcc_ex.c ****   * @note     (**) HSE_VALUE is a constant defined in stm32f4xx_hal_conf.h file (default value
3078:Drivers/STM32F4xx_HAL_Driver/Src/stm32f4xx_hal_rcc_ex.c ****   *                25 MHz), user has to ensure that HSE_VALUE is same as the real
3079:Drivers/STM32F4xx_HAL_Driver/Src/stm32f4xx_hal_rcc_ex.c ****   *                frequency of the crystal used. Otherwise, this function may
3080:Drivers/STM32F4xx_HAL_Driver/Src/stm32f4xx_hal_rcc_ex.c ****   *                have wrong result.
3081:Drivers/STM32F4xx_HAL_Driver/Src/stm32f4xx_hal_rcc_ex.c ****   *
3082:Drivers/STM32F4xx_HAL_Driver/Src/stm32f4xx_hal_rcc_ex.c ****   * @note   The result of this function could be not correct when using fractional
3083:Drivers/STM32F4xx_HAL_Driver/Src/stm32f4xx_hal_rcc_ex.c ****   *         value for HSE crystal.
3084:Drivers/STM32F4xx_HAL_Driver/Src/stm32f4xx_hal_rcc_ex.c ****   *
3085:Drivers/STM32F4xx_HAL_Driver/Src/stm32f4xx_hal_rcc_ex.c ****   * @note   This function can be used by the user application to compute the
3086:Drivers/STM32F4xx_HAL_Driver/Src/stm32f4xx_hal_rcc_ex.c ****   *         baudrate for the communication peripherals or configure other parameters.
3087:Drivers/STM32F4xx_HAL_Driver/Src/stm32f4xx_hal_rcc_ex.c ****   *
3088:Drivers/STM32F4xx_HAL_Driver/Src/stm32f4xx_hal_rcc_ex.c ****   * @note   Each time SYSCLK changes, this function must be called to update the
3089:Drivers/STM32F4xx_HAL_Driver/Src/stm32f4xx_hal_rcc_ex.c ****   *         right SYSCLK value. Otherwise, any configuration based on this function will be incorre
3090:Drivers/STM32F4xx_HAL_Driver/Src/stm32f4xx_hal_rcc_ex.c ****   *
3091:Drivers/STM32F4xx_HAL_Driver/Src/stm32f4xx_hal_rcc_ex.c ****   *
3092:Drivers/STM32F4xx_HAL_Driver/Src/stm32f4xx_hal_rcc_ex.c ****   * @retval SYSCLK frequency
3093:Drivers/STM32F4xx_HAL_Driver/Src/stm32f4xx_hal_rcc_ex.c ****   */
3094:Drivers/STM32F4xx_HAL_Driver/Src/stm32f4xx_hal_rcc_ex.c **** uint32_t HAL_RCC_GetSysClockFreq(void)
3095:Drivers/STM32F4xx_HAL_Driver/Src/stm32f4xx_hal_rcc_ex.c **** {
 2146              		.loc 1 3095 1 is_stmt 1 view -0
 2147              		.cfi_startproc
 2148              		@ args = 0, pretend = 0, frame = 0
 2149              		@ frame_needed = 0, uses_anonymous_args = 0
 2150 0000 08B5     		push	{r3, lr}
 2151              	.LCFI8:
 2152              		.cfi_def_cfa_offset 8
 2153              		.cfi_offset 3, -8
 2154              		.cfi_offset 14, -4
3096:Drivers/STM32F4xx_HAL_Driver/Src/stm32f4xx_hal_rcc_ex.c ****   uint32_t pllm = 0U;
 2155              		.loc 1 3096 3 view .LVU722
 2156              	.LVL175:
3097:Drivers/STM32F4xx_HAL_Driver/Src/stm32f4xx_hal_rcc_ex.c ****   uint32_t pllvco = 0U;
 2157              		.loc 1 3097 3 view .LVU723
3098:Drivers/STM32F4xx_HAL_Driver/Src/stm32f4xx_hal_rcc_ex.c ****   uint32_t pllp = 0U;
 2158              		.loc 1 3098 3 view .LVU724
3099:Drivers/STM32F4xx_HAL_Driver/Src/stm32f4xx_hal_rcc_ex.c ****   uint32_t pllr = 0U;
 2159              		.loc 1 3099 3 view .LVU725
3100:Drivers/STM32F4xx_HAL_Driver/Src/stm32f4xx_hal_rcc_ex.c ****   uint32_t sysclockfreq = 0U;
 2160              		.loc 1 3100 3 view .LVU726
3101:Drivers/STM32F4xx_HAL_Driver/Src/stm32f4xx_hal_rcc_ex.c **** 
3102:Drivers/STM32F4xx_HAL_Driver/Src/stm32f4xx_hal_rcc_ex.c ****   /* Get SYSCLK source -------------------------------------------------------*/
3103:Drivers/STM32F4xx_HAL_Driver/Src/stm32f4xx_hal_rcc_ex.c ****   switch (RCC->CFGR & RCC_CFGR_SWS)
ARM GAS  C:\Users\Ebrahim\AppData\Local\Temp\ccoXyWuB.s 			page 99


 2161              		.loc 1 3103 3 view .LVU727
 2162              		.loc 1 3103 14 is_stmt 0 view .LVU728
 2163 0002 464B     		ldr	r3, .L190
 2164 0004 9B68     		ldr	r3, [r3, #8]
 2165              		.loc 1 3103 21 view .LVU729
 2166 0006 03F00C03 		and	r3, r3, #12
 2167              		.loc 1 3103 3 view .LVU730
 2168 000a 082B     		cmp	r3, #8
 2169 000c 05D0     		beq	.L181
 2170 000e 0C2B     		cmp	r3, #12
 2171 0010 43D0     		beq	.L182
 2172 0012 042B     		cmp	r3, #4
 2173 0014 7FD1     		bne	.L188
3104:Drivers/STM32F4xx_HAL_Driver/Src/stm32f4xx_hal_rcc_ex.c ****   {
3105:Drivers/STM32F4xx_HAL_Driver/Src/stm32f4xx_hal_rcc_ex.c ****     case RCC_CFGR_SWS_HSI:  /* HSI used as system clock source */
3106:Drivers/STM32F4xx_HAL_Driver/Src/stm32f4xx_hal_rcc_ex.c ****     {
3107:Drivers/STM32F4xx_HAL_Driver/Src/stm32f4xx_hal_rcc_ex.c ****       sysclockfreq = HSI_VALUE;
3108:Drivers/STM32F4xx_HAL_Driver/Src/stm32f4xx_hal_rcc_ex.c ****       break;
3109:Drivers/STM32F4xx_HAL_Driver/Src/stm32f4xx_hal_rcc_ex.c ****     }
3110:Drivers/STM32F4xx_HAL_Driver/Src/stm32f4xx_hal_rcc_ex.c ****     case RCC_CFGR_SWS_HSE:  /* HSE used as system clock  source */
3111:Drivers/STM32F4xx_HAL_Driver/Src/stm32f4xx_hal_rcc_ex.c ****     {
3112:Drivers/STM32F4xx_HAL_Driver/Src/stm32f4xx_hal_rcc_ex.c ****       sysclockfreq = HSE_VALUE;
 2174              		.loc 1 3112 20 view .LVU731
 2175 0016 4248     		ldr	r0, .L190+4
 2176 0018 19E0     		b	.L180
 2177              	.L181:
3113:Drivers/STM32F4xx_HAL_Driver/Src/stm32f4xx_hal_rcc_ex.c ****       break;
3114:Drivers/STM32F4xx_HAL_Driver/Src/stm32f4xx_hal_rcc_ex.c ****     }
3115:Drivers/STM32F4xx_HAL_Driver/Src/stm32f4xx_hal_rcc_ex.c ****     case RCC_CFGR_SWS_PLL:  /* PLL/PLLP used as system clock  source */
3116:Drivers/STM32F4xx_HAL_Driver/Src/stm32f4xx_hal_rcc_ex.c ****     {
3117:Drivers/STM32F4xx_HAL_Driver/Src/stm32f4xx_hal_rcc_ex.c ****       /* PLL_VCO = (HSE_VALUE or HSI_VALUE / PLLM) * PLLN
3118:Drivers/STM32F4xx_HAL_Driver/Src/stm32f4xx_hal_rcc_ex.c ****       SYSCLK = PLL_VCO / PLLP */
3119:Drivers/STM32F4xx_HAL_Driver/Src/stm32f4xx_hal_rcc_ex.c ****       pllm = RCC->PLLCFGR & RCC_PLLCFGR_PLLM;
 2178              		.loc 1 3119 7 is_stmt 1 view .LVU732
 2179              		.loc 1 3119 17 is_stmt 0 view .LVU733
 2180 001a 404B     		ldr	r3, .L190
 2181 001c 5A68     		ldr	r2, [r3, #4]
 2182              		.loc 1 3119 12 view .LVU734
 2183 001e 02F03F02 		and	r2, r2, #63
 2184              	.LVL176:
3120:Drivers/STM32F4xx_HAL_Driver/Src/stm32f4xx_hal_rcc_ex.c ****       if (__HAL_RCC_GET_PLL_OSCSOURCE() != RCC_PLLSOURCE_HSI)
 2185              		.loc 1 3120 7 is_stmt 1 view .LVU735
 2186              		.loc 1 3120 11 is_stmt 0 view .LVU736
 2187 0022 5B68     		ldr	r3, [r3, #4]
 2188              		.loc 1 3120 10 view .LVU737
 2189 0024 13F4800F 		tst	r3, #4194304
 2190 0028 12D0     		beq	.L184
3121:Drivers/STM32F4xx_HAL_Driver/Src/stm32f4xx_hal_rcc_ex.c ****       {
3122:Drivers/STM32F4xx_HAL_Driver/Src/stm32f4xx_hal_rcc_ex.c ****         /* HSE used as PLL clock source */
3123:Drivers/STM32F4xx_HAL_Driver/Src/stm32f4xx_hal_rcc_ex.c ****         pllvco = (uint32_t)((((uint64_t) HSE_VALUE * ((uint64_t)((RCC->PLLCFGR & RCC_PLLCFGR_PLLN) 
 2191              		.loc 1 3123 9 is_stmt 1 view .LVU738
 2192              		.loc 1 3123 70 is_stmt 0 view .LVU739
 2193 002a 3C4B     		ldr	r3, .L190
 2194 002c 5968     		ldr	r1, [r3, #4]
 2195              		.loc 1 3123 55 view .LVU740
 2196 002e C1F38811 		ubfx	r1, r1, #6, #9
 2197              		.loc 1 3123 52 view .LVU741
ARM GAS  C:\Users\Ebrahim\AppData\Local\Temp\ccoXyWuB.s 			page 100


 2198 0032 3B48     		ldr	r0, .L190+4
 2199              		.loc 1 3123 128 view .LVU742
 2200 0034 0023     		movs	r3, #0
 2201 0036 A1FB0001 		umull	r0, r1, r1, r0
 2202 003a FFF7FEFF 		bl	__aeabi_uldivmod
 2203              	.LVL177:
 2204              	.L185:
3124:Drivers/STM32F4xx_HAL_Driver/Src/stm32f4xx_hal_rcc_ex.c ****       }
3125:Drivers/STM32F4xx_HAL_Driver/Src/stm32f4xx_hal_rcc_ex.c ****       else
3126:Drivers/STM32F4xx_HAL_Driver/Src/stm32f4xx_hal_rcc_ex.c ****       {
3127:Drivers/STM32F4xx_HAL_Driver/Src/stm32f4xx_hal_rcc_ex.c ****         /* HSI used as PLL clock source */
3128:Drivers/STM32F4xx_HAL_Driver/Src/stm32f4xx_hal_rcc_ex.c ****         pllvco = (uint32_t)((((uint64_t) HSI_VALUE * ((uint64_t)((RCC->PLLCFGR & RCC_PLLCFGR_PLLN) 
3129:Drivers/STM32F4xx_HAL_Driver/Src/stm32f4xx_hal_rcc_ex.c ****       }
3130:Drivers/STM32F4xx_HAL_Driver/Src/stm32f4xx_hal_rcc_ex.c ****       pllp = ((((RCC->PLLCFGR & RCC_PLLCFGR_PLLP) >> RCC_PLLCFGR_PLLP_Pos) + 1U) * 2U);
 2205              		.loc 1 3130 7 is_stmt 1 view .LVU743
 2206              		.loc 1 3130 21 is_stmt 0 view .LVU744
 2207 003e 374B     		ldr	r3, .L190
 2208 0040 5B68     		ldr	r3, [r3, #4]
 2209              		.loc 1 3130 51 view .LVU745
 2210 0042 C3F30143 		ubfx	r3, r3, #16, #2
 2211              		.loc 1 3130 76 view .LVU746
 2212 0046 0133     		adds	r3, r3, #1
 2213              		.loc 1 3130 12 view .LVU747
 2214 0048 5B00     		lsls	r3, r3, #1
 2215              	.LVL178:
3131:Drivers/STM32F4xx_HAL_Driver/Src/stm32f4xx_hal_rcc_ex.c **** 
3132:Drivers/STM32F4xx_HAL_Driver/Src/stm32f4xx_hal_rcc_ex.c ****       sysclockfreq = pllvco / pllp;
 2216              		.loc 1 3132 7 is_stmt 1 view .LVU748
 2217              		.loc 1 3132 20 is_stmt 0 view .LVU749
 2218 004a B0FBF3F0 		udiv	r0, r0, r3
 2219              	.LVL179:
3133:Drivers/STM32F4xx_HAL_Driver/Src/stm32f4xx_hal_rcc_ex.c ****       break;
 2220              		.loc 1 3133 7 is_stmt 1 view .LVU750
 2221              	.L180:
3134:Drivers/STM32F4xx_HAL_Driver/Src/stm32f4xx_hal_rcc_ex.c ****     }
3135:Drivers/STM32F4xx_HAL_Driver/Src/stm32f4xx_hal_rcc_ex.c ****     case RCC_CFGR_SWS_PLLR:  /* PLL/PLLR used as system clock  source */
3136:Drivers/STM32F4xx_HAL_Driver/Src/stm32f4xx_hal_rcc_ex.c ****     {
3137:Drivers/STM32F4xx_HAL_Driver/Src/stm32f4xx_hal_rcc_ex.c ****       /* PLL_VCO = (HSE_VALUE or HSI_VALUE / PLLM) * PLLN
3138:Drivers/STM32F4xx_HAL_Driver/Src/stm32f4xx_hal_rcc_ex.c ****       SYSCLK = PLL_VCO / PLLR */
3139:Drivers/STM32F4xx_HAL_Driver/Src/stm32f4xx_hal_rcc_ex.c ****       pllm = RCC->PLLCFGR & RCC_PLLCFGR_PLLM;
3140:Drivers/STM32F4xx_HAL_Driver/Src/stm32f4xx_hal_rcc_ex.c ****       if (__HAL_RCC_GET_PLL_OSCSOURCE() != RCC_PLLSOURCE_HSI)
3141:Drivers/STM32F4xx_HAL_Driver/Src/stm32f4xx_hal_rcc_ex.c ****       {
3142:Drivers/STM32F4xx_HAL_Driver/Src/stm32f4xx_hal_rcc_ex.c ****         /* HSE used as PLL clock source */
3143:Drivers/STM32F4xx_HAL_Driver/Src/stm32f4xx_hal_rcc_ex.c ****         pllvco = (uint32_t)((((uint64_t) HSE_VALUE * ((uint64_t)((RCC->PLLCFGR & RCC_PLLCFGR_PLLN) 
3144:Drivers/STM32F4xx_HAL_Driver/Src/stm32f4xx_hal_rcc_ex.c ****       }
3145:Drivers/STM32F4xx_HAL_Driver/Src/stm32f4xx_hal_rcc_ex.c ****       else
3146:Drivers/STM32F4xx_HAL_Driver/Src/stm32f4xx_hal_rcc_ex.c ****       {
3147:Drivers/STM32F4xx_HAL_Driver/Src/stm32f4xx_hal_rcc_ex.c ****         /* HSI used as PLL clock source */
3148:Drivers/STM32F4xx_HAL_Driver/Src/stm32f4xx_hal_rcc_ex.c ****         pllvco = (uint32_t)((((uint64_t) HSI_VALUE * ((uint64_t)((RCC->PLLCFGR & RCC_PLLCFGR_PLLN) 
3149:Drivers/STM32F4xx_HAL_Driver/Src/stm32f4xx_hal_rcc_ex.c ****       }
3150:Drivers/STM32F4xx_HAL_Driver/Src/stm32f4xx_hal_rcc_ex.c ****       pllr = ((RCC->PLLCFGR & RCC_PLLCFGR_PLLR) >> RCC_PLLCFGR_PLLR_Pos);
3151:Drivers/STM32F4xx_HAL_Driver/Src/stm32f4xx_hal_rcc_ex.c **** 
3152:Drivers/STM32F4xx_HAL_Driver/Src/stm32f4xx_hal_rcc_ex.c ****       sysclockfreq = pllvco / pllr;
3153:Drivers/STM32F4xx_HAL_Driver/Src/stm32f4xx_hal_rcc_ex.c ****       break;
3154:Drivers/STM32F4xx_HAL_Driver/Src/stm32f4xx_hal_rcc_ex.c ****     }
3155:Drivers/STM32F4xx_HAL_Driver/Src/stm32f4xx_hal_rcc_ex.c ****     default:
3156:Drivers/STM32F4xx_HAL_Driver/Src/stm32f4xx_hal_rcc_ex.c ****     {
ARM GAS  C:\Users\Ebrahim\AppData\Local\Temp\ccoXyWuB.s 			page 101


3157:Drivers/STM32F4xx_HAL_Driver/Src/stm32f4xx_hal_rcc_ex.c ****       sysclockfreq = HSI_VALUE;
3158:Drivers/STM32F4xx_HAL_Driver/Src/stm32f4xx_hal_rcc_ex.c ****       break;
3159:Drivers/STM32F4xx_HAL_Driver/Src/stm32f4xx_hal_rcc_ex.c ****     }
3160:Drivers/STM32F4xx_HAL_Driver/Src/stm32f4xx_hal_rcc_ex.c ****   }
3161:Drivers/STM32F4xx_HAL_Driver/Src/stm32f4xx_hal_rcc_ex.c ****   return sysclockfreq;
3162:Drivers/STM32F4xx_HAL_Driver/Src/stm32f4xx_hal_rcc_ex.c **** }
 2222              		.loc 1 3162 1 is_stmt 0 view .LVU751
 2223 004e 08BD     		pop	{r3, pc}
 2224              	.LVL180:
 2225              	.L184:
3128:Drivers/STM32F4xx_HAL_Driver/Src/stm32f4xx_hal_rcc_ex.c ****       }
 2226              		.loc 1 3128 9 is_stmt 1 view .LVU752
3128:Drivers/STM32F4xx_HAL_Driver/Src/stm32f4xx_hal_rcc_ex.c ****       }
 2227              		.loc 1 3128 70 is_stmt 0 view .LVU753
 2228 0050 324B     		ldr	r3, .L190
 2229 0052 5868     		ldr	r0, [r3, #4]
3128:Drivers/STM32F4xx_HAL_Driver/Src/stm32f4xx_hal_rcc_ex.c ****       }
 2230              		.loc 1 3128 55 view .LVU754
 2231 0054 C0F38810 		ubfx	r0, r0, #6, #9
3128:Drivers/STM32F4xx_HAL_Driver/Src/stm32f4xx_hal_rcc_ex.c ****       }
 2232              		.loc 1 3128 52 view .LVU755
 2233 0058 4FEA401C 		lsl	ip, r0, #5
 2234 005c BCEB000C 		subs	ip, ip, r0
 2235 0060 6EEB0E0E 		sbc	lr, lr, lr
 2236 0064 4FEA8E13 		lsl	r3, lr, #6
 2237 0068 43EA9C63 		orr	r3, r3, ip, lsr #26
 2238 006c 4FEA8C11 		lsl	r1, ip, #6
 2239 0070 B1EB0C01 		subs	r1, r1, ip
 2240 0074 63EB0E03 		sbc	r3, r3, lr
 2241 0078 DB00     		lsls	r3, r3, #3
 2242 007a 43EA5173 		orr	r3, r3, r1, lsr #29
 2243 007e C900     		lsls	r1, r1, #3
 2244 0080 11EB000C 		adds	ip, r1, r0
 2245 0084 43F10003 		adc	r3, r3, #0
 2246 0088 9902     		lsls	r1, r3, #10
3128:Drivers/STM32F4xx_HAL_Driver/Src/stm32f4xx_hal_rcc_ex.c ****       }
 2247              		.loc 1 3128 128 view .LVU756
 2248 008a 0023     		movs	r3, #0
 2249 008c 4FEA8C20 		lsl	r0, ip, #10
 2250 0090 41EA9C51 		orr	r1, r1, ip, lsr #22
 2251 0094 FFF7FEFF 		bl	__aeabi_uldivmod
 2252              	.LVL181:
3128:Drivers/STM32F4xx_HAL_Driver/Src/stm32f4xx_hal_rcc_ex.c ****       }
 2253              		.loc 1 3128 128 view .LVU757
 2254 0098 D1E7     		b	.L185
 2255              	.LVL182:
 2256              	.L182:
3139:Drivers/STM32F4xx_HAL_Driver/Src/stm32f4xx_hal_rcc_ex.c ****       if (__HAL_RCC_GET_PLL_OSCSOURCE() != RCC_PLLSOURCE_HSI)
 2257              		.loc 1 3139 7 is_stmt 1 view .LVU758
3139:Drivers/STM32F4xx_HAL_Driver/Src/stm32f4xx_hal_rcc_ex.c ****       if (__HAL_RCC_GET_PLL_OSCSOURCE() != RCC_PLLSOURCE_HSI)
 2258              		.loc 1 3139 17 is_stmt 0 view .LVU759
 2259 009a 204B     		ldr	r3, .L190
 2260 009c 5A68     		ldr	r2, [r3, #4]
3139:Drivers/STM32F4xx_HAL_Driver/Src/stm32f4xx_hal_rcc_ex.c ****       if (__HAL_RCC_GET_PLL_OSCSOURCE() != RCC_PLLSOURCE_HSI)
 2261              		.loc 1 3139 12 view .LVU760
 2262 009e 02F03F02 		and	r2, r2, #63
 2263              	.LVL183:
ARM GAS  C:\Users\Ebrahim\AppData\Local\Temp\ccoXyWuB.s 			page 102


3140:Drivers/STM32F4xx_HAL_Driver/Src/stm32f4xx_hal_rcc_ex.c ****       {
 2264              		.loc 1 3140 7 is_stmt 1 view .LVU761
3140:Drivers/STM32F4xx_HAL_Driver/Src/stm32f4xx_hal_rcc_ex.c ****       {
 2265              		.loc 1 3140 11 is_stmt 0 view .LVU762
 2266 00a2 5B68     		ldr	r3, [r3, #4]
3140:Drivers/STM32F4xx_HAL_Driver/Src/stm32f4xx_hal_rcc_ex.c ****       {
 2267              		.loc 1 3140 10 view .LVU763
 2268 00a4 13F4800F 		tst	r3, #4194304
 2269 00a8 10D0     		beq	.L186
3143:Drivers/STM32F4xx_HAL_Driver/Src/stm32f4xx_hal_rcc_ex.c ****       }
 2270              		.loc 1 3143 9 is_stmt 1 view .LVU764
3143:Drivers/STM32F4xx_HAL_Driver/Src/stm32f4xx_hal_rcc_ex.c ****       }
 2271              		.loc 1 3143 70 is_stmt 0 view .LVU765
 2272 00aa 1C4B     		ldr	r3, .L190
 2273 00ac 5968     		ldr	r1, [r3, #4]
3143:Drivers/STM32F4xx_HAL_Driver/Src/stm32f4xx_hal_rcc_ex.c ****       }
 2274              		.loc 1 3143 55 view .LVU766
 2275 00ae C1F38811 		ubfx	r1, r1, #6, #9
3143:Drivers/STM32F4xx_HAL_Driver/Src/stm32f4xx_hal_rcc_ex.c ****       }
 2276              		.loc 1 3143 52 view .LVU767
 2277 00b2 1B48     		ldr	r0, .L190+4
3143:Drivers/STM32F4xx_HAL_Driver/Src/stm32f4xx_hal_rcc_ex.c ****       }
 2278              		.loc 1 3143 128 view .LVU768
 2279 00b4 0023     		movs	r3, #0
 2280 00b6 A1FB0001 		umull	r0, r1, r1, r0
 2281 00ba FFF7FEFF 		bl	__aeabi_uldivmod
 2282              	.LVL184:
 2283              	.L187:
3150:Drivers/STM32F4xx_HAL_Driver/Src/stm32f4xx_hal_rcc_ex.c **** 
 2284              		.loc 1 3150 7 is_stmt 1 view .LVU769
3150:Drivers/STM32F4xx_HAL_Driver/Src/stm32f4xx_hal_rcc_ex.c **** 
 2285              		.loc 1 3150 19 is_stmt 0 view .LVU770
 2286 00be 174B     		ldr	r3, .L190
 2287 00c0 5B68     		ldr	r3, [r3, #4]
3150:Drivers/STM32F4xx_HAL_Driver/Src/stm32f4xx_hal_rcc_ex.c **** 
 2288              		.loc 1 3150 12 view .LVU771
 2289 00c2 C3F30273 		ubfx	r3, r3, #28, #3
 2290              	.LVL185:
3152:Drivers/STM32F4xx_HAL_Driver/Src/stm32f4xx_hal_rcc_ex.c ****       break;
 2291              		.loc 1 3152 7 is_stmt 1 view .LVU772
3152:Drivers/STM32F4xx_HAL_Driver/Src/stm32f4xx_hal_rcc_ex.c ****       break;
 2292              		.loc 1 3152 20 is_stmt 0 view .LVU773
 2293 00c6 B0FBF3F0 		udiv	r0, r0, r3
 2294              	.LVL186:
3153:Drivers/STM32F4xx_HAL_Driver/Src/stm32f4xx_hal_rcc_ex.c ****     }
 2295              		.loc 1 3153 7 is_stmt 1 view .LVU774
 2296 00ca C0E7     		b	.L180
 2297              	.LVL187:
 2298              	.L186:
3148:Drivers/STM32F4xx_HAL_Driver/Src/stm32f4xx_hal_rcc_ex.c ****       }
 2299              		.loc 1 3148 9 view .LVU775
3148:Drivers/STM32F4xx_HAL_Driver/Src/stm32f4xx_hal_rcc_ex.c ****       }
 2300              		.loc 1 3148 70 is_stmt 0 view .LVU776
 2301 00cc 134B     		ldr	r3, .L190
 2302 00ce 5868     		ldr	r0, [r3, #4]
3148:Drivers/STM32F4xx_HAL_Driver/Src/stm32f4xx_hal_rcc_ex.c ****       }
 2303              		.loc 1 3148 55 view .LVU777
ARM GAS  C:\Users\Ebrahim\AppData\Local\Temp\ccoXyWuB.s 			page 103


 2304 00d0 C0F38810 		ubfx	r0, r0, #6, #9
3148:Drivers/STM32F4xx_HAL_Driver/Src/stm32f4xx_hal_rcc_ex.c ****       }
 2305              		.loc 1 3148 52 view .LVU778
 2306 00d4 4FEA401C 		lsl	ip, r0, #5
 2307 00d8 BCEB000C 		subs	ip, ip, r0
 2308 00dc 6EEB0E0E 		sbc	lr, lr, lr
 2309 00e0 4FEA8E13 		lsl	r3, lr, #6
 2310 00e4 43EA9C63 		orr	r3, r3, ip, lsr #26
 2311 00e8 4FEA8C11 		lsl	r1, ip, #6
 2312 00ec B1EB0C01 		subs	r1, r1, ip
 2313 00f0 63EB0E03 		sbc	r3, r3, lr
 2314 00f4 DB00     		lsls	r3, r3, #3
 2315 00f6 43EA5173 		orr	r3, r3, r1, lsr #29
 2316 00fa C900     		lsls	r1, r1, #3
 2317 00fc 11EB000C 		adds	ip, r1, r0
 2318 0100 43F10003 		adc	r3, r3, #0
 2319 0104 9902     		lsls	r1, r3, #10
3148:Drivers/STM32F4xx_HAL_Driver/Src/stm32f4xx_hal_rcc_ex.c ****       }
 2320              		.loc 1 3148 128 view .LVU779
 2321 0106 0023     		movs	r3, #0
 2322 0108 4FEA8C20 		lsl	r0, ip, #10
 2323 010c 41EA9C51 		orr	r1, r1, ip, lsr #22
 2324 0110 FFF7FEFF 		bl	__aeabi_uldivmod
 2325              	.LVL188:
3148:Drivers/STM32F4xx_HAL_Driver/Src/stm32f4xx_hal_rcc_ex.c ****       }
 2326              		.loc 1 3148 128 view .LVU780
 2327 0114 D3E7     		b	.L187
 2328              	.LVL189:
 2329              	.L188:
3103:Drivers/STM32F4xx_HAL_Driver/Src/stm32f4xx_hal_rcc_ex.c ****   {
 2330              		.loc 1 3103 3 view .LVU781
 2331 0116 0348     		ldr	r0, .L190+8
 2332              	.LVL190:
3161:Drivers/STM32F4xx_HAL_Driver/Src/stm32f4xx_hal_rcc_ex.c **** }
 2333              		.loc 1 3161 3 is_stmt 1 view .LVU782
3161:Drivers/STM32F4xx_HAL_Driver/Src/stm32f4xx_hal_rcc_ex.c **** }
 2334              		.loc 1 3161 10 is_stmt 0 view .LVU783
 2335 0118 99E7     		b	.L180
 2336              	.L191:
 2337 011a 00BF     		.align	2
 2338              	.L190:
 2339 011c 00380240 		.word	1073887232
 2340 0120 40787D01 		.word	25000000
 2341 0124 0024F400 		.word	16000000
 2342              		.cfi_endproc
 2343              	.LFE142:
 2345              		.section	.text.HAL_RCC_DeInit,"ax",%progbits
 2346              		.align	1
 2347              		.global	HAL_RCC_DeInit
 2348              		.syntax unified
 2349              		.thumb
 2350              		.thumb_func
 2352              	HAL_RCC_DeInit:
 2353              	.LFB143:
3163:Drivers/STM32F4xx_HAL_Driver/Src/stm32f4xx_hal_rcc_ex.c **** #endif /* STM32F446xx */
3164:Drivers/STM32F4xx_HAL_Driver/Src/stm32f4xx_hal_rcc_ex.c **** 
3165:Drivers/STM32F4xx_HAL_Driver/Src/stm32f4xx_hal_rcc_ex.c **** /**
ARM GAS  C:\Users\Ebrahim\AppData\Local\Temp\ccoXyWuB.s 			page 104


3166:Drivers/STM32F4xx_HAL_Driver/Src/stm32f4xx_hal_rcc_ex.c ****   * @}
3167:Drivers/STM32F4xx_HAL_Driver/Src/stm32f4xx_hal_rcc_ex.c ****   */
3168:Drivers/STM32F4xx_HAL_Driver/Src/stm32f4xx_hal_rcc_ex.c **** 
3169:Drivers/STM32F4xx_HAL_Driver/Src/stm32f4xx_hal_rcc_ex.c **** /**
3170:Drivers/STM32F4xx_HAL_Driver/Src/stm32f4xx_hal_rcc_ex.c ****   * @}
3171:Drivers/STM32F4xx_HAL_Driver/Src/stm32f4xx_hal_rcc_ex.c ****   */
3172:Drivers/STM32F4xx_HAL_Driver/Src/stm32f4xx_hal_rcc_ex.c **** 
3173:Drivers/STM32F4xx_HAL_Driver/Src/stm32f4xx_hal_rcc_ex.c **** /**
3174:Drivers/STM32F4xx_HAL_Driver/Src/stm32f4xx_hal_rcc_ex.c ****   * @brief  Resets the RCC clock configuration to the default reset state.
3175:Drivers/STM32F4xx_HAL_Driver/Src/stm32f4xx_hal_rcc_ex.c ****   * @note   The default reset state of the clock configuration is given below:
3176:Drivers/STM32F4xx_HAL_Driver/Src/stm32f4xx_hal_rcc_ex.c ****   *            - HSI ON and used as system clock source
3177:Drivers/STM32F4xx_HAL_Driver/Src/stm32f4xx_hal_rcc_ex.c ****   *            - HSE, PLL, PLLI2S and PLLSAI OFF
3178:Drivers/STM32F4xx_HAL_Driver/Src/stm32f4xx_hal_rcc_ex.c ****   *            - AHB, APB1 and APB2 prescaler set to 1.
3179:Drivers/STM32F4xx_HAL_Driver/Src/stm32f4xx_hal_rcc_ex.c ****   *            - CSS, MCO1 and MCO2 OFF
3180:Drivers/STM32F4xx_HAL_Driver/Src/stm32f4xx_hal_rcc_ex.c ****   *            - All interrupts disabled
3181:Drivers/STM32F4xx_HAL_Driver/Src/stm32f4xx_hal_rcc_ex.c ****   * @note   This function doesn't modify the configuration of the
3182:Drivers/STM32F4xx_HAL_Driver/Src/stm32f4xx_hal_rcc_ex.c ****   *            - Peripheral clocks
3183:Drivers/STM32F4xx_HAL_Driver/Src/stm32f4xx_hal_rcc_ex.c ****   *            - LSI, LSE and RTC clocks
3184:Drivers/STM32F4xx_HAL_Driver/Src/stm32f4xx_hal_rcc_ex.c ****   * @retval HAL status
3185:Drivers/STM32F4xx_HAL_Driver/Src/stm32f4xx_hal_rcc_ex.c ****   */
3186:Drivers/STM32F4xx_HAL_Driver/Src/stm32f4xx_hal_rcc_ex.c **** HAL_StatusTypeDef HAL_RCC_DeInit(void)
3187:Drivers/STM32F4xx_HAL_Driver/Src/stm32f4xx_hal_rcc_ex.c **** {
 2354              		.loc 1 3187 1 is_stmt 1 view -0
 2355              		.cfi_startproc
 2356              		@ args = 0, pretend = 0, frame = 0
 2357              		@ frame_needed = 0, uses_anonymous_args = 0
 2358 0000 38B5     		push	{r3, r4, r5, lr}
 2359              	.LCFI9:
 2360              		.cfi_def_cfa_offset 16
 2361              		.cfi_offset 3, -16
 2362              		.cfi_offset 4, -12
 2363              		.cfi_offset 5, -8
 2364              		.cfi_offset 14, -4
3188:Drivers/STM32F4xx_HAL_Driver/Src/stm32f4xx_hal_rcc_ex.c ****   uint32_t tickstart;
 2365              		.loc 1 3188 3 view .LVU785
3189:Drivers/STM32F4xx_HAL_Driver/Src/stm32f4xx_hal_rcc_ex.c **** 
3190:Drivers/STM32F4xx_HAL_Driver/Src/stm32f4xx_hal_rcc_ex.c ****   /* Get Start Tick */
3191:Drivers/STM32F4xx_HAL_Driver/Src/stm32f4xx_hal_rcc_ex.c ****   tickstart = HAL_GetTick();
 2366              		.loc 1 3191 3 view .LVU786
 2367              		.loc 1 3191 15 is_stmt 0 view .LVU787
 2368 0002 FFF7FEFF 		bl	HAL_GetTick
 2369              	.LVL191:
 2370 0006 0446     		mov	r4, r0
 2371              	.LVL192:
3192:Drivers/STM32F4xx_HAL_Driver/Src/stm32f4xx_hal_rcc_ex.c **** 
3193:Drivers/STM32F4xx_HAL_Driver/Src/stm32f4xx_hal_rcc_ex.c ****   /* Set HSION bit to the reset value */
3194:Drivers/STM32F4xx_HAL_Driver/Src/stm32f4xx_hal_rcc_ex.c ****   SET_BIT(RCC->CR, RCC_CR_HSION);
 2372              		.loc 1 3194 3 is_stmt 1 view .LVU788
 2373 0008 564A     		ldr	r2, .L219
 2374 000a 1368     		ldr	r3, [r2]
 2375 000c 43F00103 		orr	r3, r3, #1
 2376 0010 1360     		str	r3, [r2]
3195:Drivers/STM32F4xx_HAL_Driver/Src/stm32f4xx_hal_rcc_ex.c **** 
3196:Drivers/STM32F4xx_HAL_Driver/Src/stm32f4xx_hal_rcc_ex.c ****   /* Wait till HSI is ready */
3197:Drivers/STM32F4xx_HAL_Driver/Src/stm32f4xx_hal_rcc_ex.c ****   while (READ_BIT(RCC->CR, RCC_CR_HSIRDY) == RESET)
 2377              		.loc 1 3197 3 view .LVU789
 2378              	.LVL193:
ARM GAS  C:\Users\Ebrahim\AppData\Local\Temp\ccoXyWuB.s 			page 105


 2379              	.L193:
 2380              		.loc 1 3197 43 view .LVU790
 2381              		.loc 1 3197 10 is_stmt 0 view .LVU791
 2382 0012 544B     		ldr	r3, .L219
 2383 0014 1B68     		ldr	r3, [r3]
 2384              		.loc 1 3197 43 view .LVU792
 2385 0016 13F0020F 		tst	r3, #2
 2386 001a 06D1     		bne	.L213
3198:Drivers/STM32F4xx_HAL_Driver/Src/stm32f4xx_hal_rcc_ex.c ****   {
3199:Drivers/STM32F4xx_HAL_Driver/Src/stm32f4xx_hal_rcc_ex.c ****     if ((HAL_GetTick() - tickstart) > HSI_TIMEOUT_VALUE)
 2387              		.loc 1 3199 5 is_stmt 1 view .LVU793
 2388              		.loc 1 3199 10 is_stmt 0 view .LVU794
 2389 001c FFF7FEFF 		bl	HAL_GetTick
 2390              	.LVL194:
 2391              		.loc 1 3199 24 discriminator 1 view .LVU795
 2392 0020 001B     		subs	r0, r0, r4
 2393              		.loc 1 3199 8 discriminator 1 view .LVU796
 2394 0022 0228     		cmp	r0, #2
 2395 0024 F5D9     		bls	.L193
3200:Drivers/STM32F4xx_HAL_Driver/Src/stm32f4xx_hal_rcc_ex.c ****     {
3201:Drivers/STM32F4xx_HAL_Driver/Src/stm32f4xx_hal_rcc_ex.c ****       return HAL_TIMEOUT;
 2396              		.loc 1 3201 14 view .LVU797
 2397 0026 0320     		movs	r0, #3
 2398              	.L194:
3202:Drivers/STM32F4xx_HAL_Driver/Src/stm32f4xx_hal_rcc_ex.c ****     }
3203:Drivers/STM32F4xx_HAL_Driver/Src/stm32f4xx_hal_rcc_ex.c ****   }
3204:Drivers/STM32F4xx_HAL_Driver/Src/stm32f4xx_hal_rcc_ex.c **** 
3205:Drivers/STM32F4xx_HAL_Driver/Src/stm32f4xx_hal_rcc_ex.c ****   /* Set HSITRIM[4:0] bits to the reset value */
3206:Drivers/STM32F4xx_HAL_Driver/Src/stm32f4xx_hal_rcc_ex.c ****   SET_BIT(RCC->CR, RCC_CR_HSITRIM_4);
3207:Drivers/STM32F4xx_HAL_Driver/Src/stm32f4xx_hal_rcc_ex.c **** 
3208:Drivers/STM32F4xx_HAL_Driver/Src/stm32f4xx_hal_rcc_ex.c ****   /* Get Start Tick */
3209:Drivers/STM32F4xx_HAL_Driver/Src/stm32f4xx_hal_rcc_ex.c ****   tickstart = HAL_GetTick();
3210:Drivers/STM32F4xx_HAL_Driver/Src/stm32f4xx_hal_rcc_ex.c **** 
3211:Drivers/STM32F4xx_HAL_Driver/Src/stm32f4xx_hal_rcc_ex.c ****   /* Reset CFGR register */
3212:Drivers/STM32F4xx_HAL_Driver/Src/stm32f4xx_hal_rcc_ex.c ****   CLEAR_REG(RCC->CFGR);
3213:Drivers/STM32F4xx_HAL_Driver/Src/stm32f4xx_hal_rcc_ex.c **** 
3214:Drivers/STM32F4xx_HAL_Driver/Src/stm32f4xx_hal_rcc_ex.c ****   /* Wait till clock switch is ready */
3215:Drivers/STM32F4xx_HAL_Driver/Src/stm32f4xx_hal_rcc_ex.c ****   while (READ_BIT(RCC->CFGR, RCC_CFGR_SWS) != RESET)
3216:Drivers/STM32F4xx_HAL_Driver/Src/stm32f4xx_hal_rcc_ex.c ****   {
3217:Drivers/STM32F4xx_HAL_Driver/Src/stm32f4xx_hal_rcc_ex.c ****     if ((HAL_GetTick() - tickstart) > CLOCKSWITCH_TIMEOUT_VALUE)
3218:Drivers/STM32F4xx_HAL_Driver/Src/stm32f4xx_hal_rcc_ex.c ****     {
3219:Drivers/STM32F4xx_HAL_Driver/Src/stm32f4xx_hal_rcc_ex.c ****       return HAL_TIMEOUT;
3220:Drivers/STM32F4xx_HAL_Driver/Src/stm32f4xx_hal_rcc_ex.c ****     }
3221:Drivers/STM32F4xx_HAL_Driver/Src/stm32f4xx_hal_rcc_ex.c ****   }
3222:Drivers/STM32F4xx_HAL_Driver/Src/stm32f4xx_hal_rcc_ex.c **** 
3223:Drivers/STM32F4xx_HAL_Driver/Src/stm32f4xx_hal_rcc_ex.c ****   /* Get Start Tick */
3224:Drivers/STM32F4xx_HAL_Driver/Src/stm32f4xx_hal_rcc_ex.c ****   tickstart = HAL_GetTick();
3225:Drivers/STM32F4xx_HAL_Driver/Src/stm32f4xx_hal_rcc_ex.c **** 
3226:Drivers/STM32F4xx_HAL_Driver/Src/stm32f4xx_hal_rcc_ex.c ****   /* Clear HSEON, HSEBYP and CSSON bits */
3227:Drivers/STM32F4xx_HAL_Driver/Src/stm32f4xx_hal_rcc_ex.c ****   CLEAR_BIT(RCC->CR, RCC_CR_HSEON | RCC_CR_HSEBYP | RCC_CR_CSSON);
3228:Drivers/STM32F4xx_HAL_Driver/Src/stm32f4xx_hal_rcc_ex.c **** 
3229:Drivers/STM32F4xx_HAL_Driver/Src/stm32f4xx_hal_rcc_ex.c ****   /* Wait till HSE is disabled */
3230:Drivers/STM32F4xx_HAL_Driver/Src/stm32f4xx_hal_rcc_ex.c ****   while (READ_BIT(RCC->CR, RCC_CR_HSERDY) != RESET)
3231:Drivers/STM32F4xx_HAL_Driver/Src/stm32f4xx_hal_rcc_ex.c ****   {
3232:Drivers/STM32F4xx_HAL_Driver/Src/stm32f4xx_hal_rcc_ex.c ****     if ((HAL_GetTick() - tickstart) > HSE_TIMEOUT_VALUE)
3233:Drivers/STM32F4xx_HAL_Driver/Src/stm32f4xx_hal_rcc_ex.c ****     {
3234:Drivers/STM32F4xx_HAL_Driver/Src/stm32f4xx_hal_rcc_ex.c ****       return HAL_TIMEOUT;
ARM GAS  C:\Users\Ebrahim\AppData\Local\Temp\ccoXyWuB.s 			page 106


3235:Drivers/STM32F4xx_HAL_Driver/Src/stm32f4xx_hal_rcc_ex.c ****     }
3236:Drivers/STM32F4xx_HAL_Driver/Src/stm32f4xx_hal_rcc_ex.c ****   }
3237:Drivers/STM32F4xx_HAL_Driver/Src/stm32f4xx_hal_rcc_ex.c **** 
3238:Drivers/STM32F4xx_HAL_Driver/Src/stm32f4xx_hal_rcc_ex.c ****   /* Get Start Tick */
3239:Drivers/STM32F4xx_HAL_Driver/Src/stm32f4xx_hal_rcc_ex.c ****   tickstart = HAL_GetTick();
3240:Drivers/STM32F4xx_HAL_Driver/Src/stm32f4xx_hal_rcc_ex.c **** 
3241:Drivers/STM32F4xx_HAL_Driver/Src/stm32f4xx_hal_rcc_ex.c ****   /* Clear PLLON bit */
3242:Drivers/STM32F4xx_HAL_Driver/Src/stm32f4xx_hal_rcc_ex.c ****   CLEAR_BIT(RCC->CR, RCC_CR_PLLON);
3243:Drivers/STM32F4xx_HAL_Driver/Src/stm32f4xx_hal_rcc_ex.c **** 
3244:Drivers/STM32F4xx_HAL_Driver/Src/stm32f4xx_hal_rcc_ex.c ****   /* Wait till PLL is disabled */
3245:Drivers/STM32F4xx_HAL_Driver/Src/stm32f4xx_hal_rcc_ex.c ****   while (READ_BIT(RCC->CR, RCC_CR_PLLRDY) != RESET)
3246:Drivers/STM32F4xx_HAL_Driver/Src/stm32f4xx_hal_rcc_ex.c ****   {
3247:Drivers/STM32F4xx_HAL_Driver/Src/stm32f4xx_hal_rcc_ex.c ****     if ((HAL_GetTick() - tickstart) > PLL_TIMEOUT_VALUE)
3248:Drivers/STM32F4xx_HAL_Driver/Src/stm32f4xx_hal_rcc_ex.c ****     {
3249:Drivers/STM32F4xx_HAL_Driver/Src/stm32f4xx_hal_rcc_ex.c ****       return HAL_TIMEOUT;
3250:Drivers/STM32F4xx_HAL_Driver/Src/stm32f4xx_hal_rcc_ex.c ****     }
3251:Drivers/STM32F4xx_HAL_Driver/Src/stm32f4xx_hal_rcc_ex.c ****   }
3252:Drivers/STM32F4xx_HAL_Driver/Src/stm32f4xx_hal_rcc_ex.c **** 
3253:Drivers/STM32F4xx_HAL_Driver/Src/stm32f4xx_hal_rcc_ex.c **** #if defined(RCC_PLLI2S_SUPPORT)
3254:Drivers/STM32F4xx_HAL_Driver/Src/stm32f4xx_hal_rcc_ex.c ****   /* Get Start Tick */
3255:Drivers/STM32F4xx_HAL_Driver/Src/stm32f4xx_hal_rcc_ex.c ****   tickstart = HAL_GetTick();
3256:Drivers/STM32F4xx_HAL_Driver/Src/stm32f4xx_hal_rcc_ex.c **** 
3257:Drivers/STM32F4xx_HAL_Driver/Src/stm32f4xx_hal_rcc_ex.c ****   /* Reset PLLI2SON bit */
3258:Drivers/STM32F4xx_HAL_Driver/Src/stm32f4xx_hal_rcc_ex.c ****   CLEAR_BIT(RCC->CR, RCC_CR_PLLI2SON);
3259:Drivers/STM32F4xx_HAL_Driver/Src/stm32f4xx_hal_rcc_ex.c **** 
3260:Drivers/STM32F4xx_HAL_Driver/Src/stm32f4xx_hal_rcc_ex.c ****   /* Wait till PLLI2S is disabled */
3261:Drivers/STM32F4xx_HAL_Driver/Src/stm32f4xx_hal_rcc_ex.c ****   while (READ_BIT(RCC->CR, RCC_CR_PLLI2SRDY) != RESET)
3262:Drivers/STM32F4xx_HAL_Driver/Src/stm32f4xx_hal_rcc_ex.c ****   {
3263:Drivers/STM32F4xx_HAL_Driver/Src/stm32f4xx_hal_rcc_ex.c ****     if ((HAL_GetTick() - tickstart) > PLLI2S_TIMEOUT_VALUE)
3264:Drivers/STM32F4xx_HAL_Driver/Src/stm32f4xx_hal_rcc_ex.c ****     {
3265:Drivers/STM32F4xx_HAL_Driver/Src/stm32f4xx_hal_rcc_ex.c ****       return HAL_TIMEOUT;
3266:Drivers/STM32F4xx_HAL_Driver/Src/stm32f4xx_hal_rcc_ex.c ****     }
3267:Drivers/STM32F4xx_HAL_Driver/Src/stm32f4xx_hal_rcc_ex.c ****   }
3268:Drivers/STM32F4xx_HAL_Driver/Src/stm32f4xx_hal_rcc_ex.c **** #endif /* RCC_PLLI2S_SUPPORT */
3269:Drivers/STM32F4xx_HAL_Driver/Src/stm32f4xx_hal_rcc_ex.c **** 
3270:Drivers/STM32F4xx_HAL_Driver/Src/stm32f4xx_hal_rcc_ex.c **** #if defined(RCC_PLLSAI_SUPPORT)
3271:Drivers/STM32F4xx_HAL_Driver/Src/stm32f4xx_hal_rcc_ex.c ****   /* Get Start Tick */
3272:Drivers/STM32F4xx_HAL_Driver/Src/stm32f4xx_hal_rcc_ex.c ****   tickstart = HAL_GetTick();
3273:Drivers/STM32F4xx_HAL_Driver/Src/stm32f4xx_hal_rcc_ex.c **** 
3274:Drivers/STM32F4xx_HAL_Driver/Src/stm32f4xx_hal_rcc_ex.c ****   /* Reset PLLSAI bit */
3275:Drivers/STM32F4xx_HAL_Driver/Src/stm32f4xx_hal_rcc_ex.c ****   CLEAR_BIT(RCC->CR, RCC_CR_PLLSAION);
3276:Drivers/STM32F4xx_HAL_Driver/Src/stm32f4xx_hal_rcc_ex.c **** 
3277:Drivers/STM32F4xx_HAL_Driver/Src/stm32f4xx_hal_rcc_ex.c ****   /* Wait till PLLSAI is disabled */
3278:Drivers/STM32F4xx_HAL_Driver/Src/stm32f4xx_hal_rcc_ex.c ****   while (READ_BIT(RCC->CR, RCC_CR_PLLSAIRDY) != RESET)
3279:Drivers/STM32F4xx_HAL_Driver/Src/stm32f4xx_hal_rcc_ex.c ****   {
3280:Drivers/STM32F4xx_HAL_Driver/Src/stm32f4xx_hal_rcc_ex.c ****     if ((HAL_GetTick() - tickstart) > PLLSAI_TIMEOUT_VALUE)
3281:Drivers/STM32F4xx_HAL_Driver/Src/stm32f4xx_hal_rcc_ex.c ****     {
3282:Drivers/STM32F4xx_HAL_Driver/Src/stm32f4xx_hal_rcc_ex.c ****       return HAL_TIMEOUT;
3283:Drivers/STM32F4xx_HAL_Driver/Src/stm32f4xx_hal_rcc_ex.c ****     }
3284:Drivers/STM32F4xx_HAL_Driver/Src/stm32f4xx_hal_rcc_ex.c ****   }
3285:Drivers/STM32F4xx_HAL_Driver/Src/stm32f4xx_hal_rcc_ex.c **** #endif /* RCC_PLLSAI_SUPPORT */
3286:Drivers/STM32F4xx_HAL_Driver/Src/stm32f4xx_hal_rcc_ex.c **** 
3287:Drivers/STM32F4xx_HAL_Driver/Src/stm32f4xx_hal_rcc_ex.c ****   /* Once PLL, PLLI2S and PLLSAI are OFF, reset PLLCFGR register to default value */
3288:Drivers/STM32F4xx_HAL_Driver/Src/stm32f4xx_hal_rcc_ex.c **** #if defined(STM32F412Cx) || defined(STM32F412Rx) || defined(STM32F412Vx) || defined(STM32F412Zx) ||
3289:Drivers/STM32F4xx_HAL_Driver/Src/stm32f4xx_hal_rcc_ex.c ****     defined(STM32F423xx) || defined(STM32F446xx) || defined(STM32F469xx) || defined(STM32F479xx)
3290:Drivers/STM32F4xx_HAL_Driver/Src/stm32f4xx_hal_rcc_ex.c ****   RCC->PLLCFGR = RCC_PLLCFGR_PLLM_4 | RCC_PLLCFGR_PLLN_6 | RCC_PLLCFGR_PLLN_7 | RCC_PLLCFGR_PLLQ_2 
3291:Drivers/STM32F4xx_HAL_Driver/Src/stm32f4xx_hal_rcc_ex.c **** #elif defined(STM32F410Tx) || defined(STM32F410Cx) || defined(STM32F410Rx)
ARM GAS  C:\Users\Ebrahim\AppData\Local\Temp\ccoXyWuB.s 			page 107


3292:Drivers/STM32F4xx_HAL_Driver/Src/stm32f4xx_hal_rcc_ex.c ****   RCC->PLLCFGR = RCC_PLLCFGR_PLLR_0 | RCC_PLLCFGR_PLLR_1 | RCC_PLLCFGR_PLLR_2 | RCC_PLLCFGR_PLLM_4 
3293:Drivers/STM32F4xx_HAL_Driver/Src/stm32f4xx_hal_rcc_ex.c **** #else
3294:Drivers/STM32F4xx_HAL_Driver/Src/stm32f4xx_hal_rcc_ex.c ****   RCC->PLLCFGR = RCC_PLLCFGR_PLLM_4 | RCC_PLLCFGR_PLLN_6 | RCC_PLLCFGR_PLLN_7 | RCC_PLLCFGR_PLLQ_2;
3295:Drivers/STM32F4xx_HAL_Driver/Src/stm32f4xx_hal_rcc_ex.c **** #endif /* STM32F412Cx || STM32F412Rx || STM32F412Vx || STM32F412Zx || STM32F413xx || STM32F423xx ||
3296:Drivers/STM32F4xx_HAL_Driver/Src/stm32f4xx_hal_rcc_ex.c **** 
3297:Drivers/STM32F4xx_HAL_Driver/Src/stm32f4xx_hal_rcc_ex.c ****   /* Reset PLLI2SCFGR register to default value */
3298:Drivers/STM32F4xx_HAL_Driver/Src/stm32f4xx_hal_rcc_ex.c **** #if defined(STM32F412Cx) || defined(STM32F412Rx) || defined(STM32F412Vx) || defined(STM32F412Zx) ||
3299:Drivers/STM32F4xx_HAL_Driver/Src/stm32f4xx_hal_rcc_ex.c ****     defined(STM32F423xx) || defined(STM32F446xx)
3300:Drivers/STM32F4xx_HAL_Driver/Src/stm32f4xx_hal_rcc_ex.c ****   RCC->PLLI2SCFGR = RCC_PLLI2SCFGR_PLLI2SM_4 | RCC_PLLI2SCFGR_PLLI2SN_6 | RCC_PLLI2SCFGR_PLLI2SN_7 
3301:Drivers/STM32F4xx_HAL_Driver/Src/stm32f4xx_hal_rcc_ex.c **** #elif defined(STM32F401xC) || defined(STM32F401xE) || defined(STM32F405xx) || defined(STM32F415xx) 
3302:Drivers/STM32F4xx_HAL_Driver/Src/stm32f4xx_hal_rcc_ex.c ****   RCC->PLLI2SCFGR = RCC_PLLI2SCFGR_PLLI2SN_6 | RCC_PLLI2SCFGR_PLLI2SN_7 | RCC_PLLI2SCFGR_PLLI2SR_1;
3303:Drivers/STM32F4xx_HAL_Driver/Src/stm32f4xx_hal_rcc_ex.c **** #elif defined(STM32F427xx) || defined(STM32F437xx) || defined(STM32F429xx) || defined(STM32F439xx) 
3304:Drivers/STM32F4xx_HAL_Driver/Src/stm32f4xx_hal_rcc_ex.c ****   RCC->PLLI2SCFGR = RCC_PLLI2SCFGR_PLLI2SN_6 | RCC_PLLI2SCFGR_PLLI2SN_7 | RCC_PLLI2SCFGR_PLLI2SQ_2 
3305:Drivers/STM32F4xx_HAL_Driver/Src/stm32f4xx_hal_rcc_ex.c **** #elif defined(STM32F411xE)
3306:Drivers/STM32F4xx_HAL_Driver/Src/stm32f4xx_hal_rcc_ex.c ****   RCC->PLLI2SCFGR = RCC_PLLI2SCFGR_PLLI2SM_4 | RCC_PLLI2SCFGR_PLLI2SN_6 | RCC_PLLI2SCFGR_PLLI2SN_7 
3307:Drivers/STM32F4xx_HAL_Driver/Src/stm32f4xx_hal_rcc_ex.c **** #endif /* STM32F412Cx || STM32F412Rx || STM32F412Vx || STM32F412Zx || STM32F413xx || STM32F423xx ||
3308:Drivers/STM32F4xx_HAL_Driver/Src/stm32f4xx_hal_rcc_ex.c **** 
3309:Drivers/STM32F4xx_HAL_Driver/Src/stm32f4xx_hal_rcc_ex.c ****   /* Reset PLLSAICFGR register */
3310:Drivers/STM32F4xx_HAL_Driver/Src/stm32f4xx_hal_rcc_ex.c **** #if defined(STM32F427xx) || defined(STM32F429xx) || defined(STM32F437xx) || defined(STM32F439xx) ||
3311:Drivers/STM32F4xx_HAL_Driver/Src/stm32f4xx_hal_rcc_ex.c ****   RCC->PLLSAICFGR = RCC_PLLSAICFGR_PLLSAIN_6 | RCC_PLLSAICFGR_PLLSAIN_7 | RCC_PLLSAICFGR_PLLSAIQ_2 
3312:Drivers/STM32F4xx_HAL_Driver/Src/stm32f4xx_hal_rcc_ex.c **** #elif defined(STM32F446xx)
3313:Drivers/STM32F4xx_HAL_Driver/Src/stm32f4xx_hal_rcc_ex.c ****   RCC->PLLSAICFGR = RCC_PLLSAICFGR_PLLSAIM_4 | RCC_PLLSAICFGR_PLLSAIN_6 | RCC_PLLSAICFGR_PLLSAIN_7 
3314:Drivers/STM32F4xx_HAL_Driver/Src/stm32f4xx_hal_rcc_ex.c **** #endif /* STM32F427xx || STM32F429xx || STM32F437xx || STM32F439xx || STM32F469xx || STM32F479xx */
3315:Drivers/STM32F4xx_HAL_Driver/Src/stm32f4xx_hal_rcc_ex.c **** 
3316:Drivers/STM32F4xx_HAL_Driver/Src/stm32f4xx_hal_rcc_ex.c ****   /* Disable all interrupts */
3317:Drivers/STM32F4xx_HAL_Driver/Src/stm32f4xx_hal_rcc_ex.c ****   CLEAR_BIT(RCC->CIR, RCC_CIR_LSIRDYIE | RCC_CIR_LSERDYIE | RCC_CIR_HSIRDYIE | RCC_CIR_HSERDYIE | R
3318:Drivers/STM32F4xx_HAL_Driver/Src/stm32f4xx_hal_rcc_ex.c **** 
3319:Drivers/STM32F4xx_HAL_Driver/Src/stm32f4xx_hal_rcc_ex.c **** #if defined(RCC_CIR_PLLI2SRDYIE)
3320:Drivers/STM32F4xx_HAL_Driver/Src/stm32f4xx_hal_rcc_ex.c ****   CLEAR_BIT(RCC->CIR, RCC_CIR_PLLI2SRDYIE);
3321:Drivers/STM32F4xx_HAL_Driver/Src/stm32f4xx_hal_rcc_ex.c **** #endif /* RCC_CIR_PLLI2SRDYIE */
3322:Drivers/STM32F4xx_HAL_Driver/Src/stm32f4xx_hal_rcc_ex.c **** 
3323:Drivers/STM32F4xx_HAL_Driver/Src/stm32f4xx_hal_rcc_ex.c **** #if defined(RCC_CIR_PLLSAIRDYIE)
3324:Drivers/STM32F4xx_HAL_Driver/Src/stm32f4xx_hal_rcc_ex.c ****   CLEAR_BIT(RCC->CIR, RCC_CIR_PLLSAIRDYIE);
3325:Drivers/STM32F4xx_HAL_Driver/Src/stm32f4xx_hal_rcc_ex.c **** #endif /* RCC_CIR_PLLSAIRDYIE */
3326:Drivers/STM32F4xx_HAL_Driver/Src/stm32f4xx_hal_rcc_ex.c **** 
3327:Drivers/STM32F4xx_HAL_Driver/Src/stm32f4xx_hal_rcc_ex.c ****   /* Clear all interrupt flags */
3328:Drivers/STM32F4xx_HAL_Driver/Src/stm32f4xx_hal_rcc_ex.c ****   SET_BIT(RCC->CIR, RCC_CIR_LSIRDYC | RCC_CIR_LSERDYC | RCC_CIR_HSIRDYC | RCC_CIR_HSERDYC | RCC_CIR
3329:Drivers/STM32F4xx_HAL_Driver/Src/stm32f4xx_hal_rcc_ex.c ****           RCC_CIR_CSSC);
3330:Drivers/STM32F4xx_HAL_Driver/Src/stm32f4xx_hal_rcc_ex.c **** 
3331:Drivers/STM32F4xx_HAL_Driver/Src/stm32f4xx_hal_rcc_ex.c **** #if defined(RCC_CIR_PLLI2SRDYC)
3332:Drivers/STM32F4xx_HAL_Driver/Src/stm32f4xx_hal_rcc_ex.c ****   SET_BIT(RCC->CIR, RCC_CIR_PLLI2SRDYC);
3333:Drivers/STM32F4xx_HAL_Driver/Src/stm32f4xx_hal_rcc_ex.c **** #endif /* RCC_CIR_PLLI2SRDYC */
3334:Drivers/STM32F4xx_HAL_Driver/Src/stm32f4xx_hal_rcc_ex.c **** 
3335:Drivers/STM32F4xx_HAL_Driver/Src/stm32f4xx_hal_rcc_ex.c **** #if defined(RCC_CIR_PLLSAIRDYC)
3336:Drivers/STM32F4xx_HAL_Driver/Src/stm32f4xx_hal_rcc_ex.c ****   SET_BIT(RCC->CIR, RCC_CIR_PLLSAIRDYC);
3337:Drivers/STM32F4xx_HAL_Driver/Src/stm32f4xx_hal_rcc_ex.c **** #endif /* RCC_CIR_PLLSAIRDYC */
3338:Drivers/STM32F4xx_HAL_Driver/Src/stm32f4xx_hal_rcc_ex.c **** 
3339:Drivers/STM32F4xx_HAL_Driver/Src/stm32f4xx_hal_rcc_ex.c ****   /* Clear LSION bit */
3340:Drivers/STM32F4xx_HAL_Driver/Src/stm32f4xx_hal_rcc_ex.c ****   CLEAR_BIT(RCC->CSR, RCC_CSR_LSION);
3341:Drivers/STM32F4xx_HAL_Driver/Src/stm32f4xx_hal_rcc_ex.c **** 
3342:Drivers/STM32F4xx_HAL_Driver/Src/stm32f4xx_hal_rcc_ex.c ****   /* Reset all CSR flags */
3343:Drivers/STM32F4xx_HAL_Driver/Src/stm32f4xx_hal_rcc_ex.c ****   SET_BIT(RCC->CSR, RCC_CSR_RMVF);
3344:Drivers/STM32F4xx_HAL_Driver/Src/stm32f4xx_hal_rcc_ex.c **** 
3345:Drivers/STM32F4xx_HAL_Driver/Src/stm32f4xx_hal_rcc_ex.c ****   /* Update the SystemCoreClock global variable */
3346:Drivers/STM32F4xx_HAL_Driver/Src/stm32f4xx_hal_rcc_ex.c ****   SystemCoreClock = HSI_VALUE;
3347:Drivers/STM32F4xx_HAL_Driver/Src/stm32f4xx_hal_rcc_ex.c **** 
3348:Drivers/STM32F4xx_HAL_Driver/Src/stm32f4xx_hal_rcc_ex.c ****   /* Adapt Systick interrupt period */
ARM GAS  C:\Users\Ebrahim\AppData\Local\Temp\ccoXyWuB.s 			page 108


3349:Drivers/STM32F4xx_HAL_Driver/Src/stm32f4xx_hal_rcc_ex.c ****   if (HAL_InitTick(uwTickPrio) != HAL_OK)
3350:Drivers/STM32F4xx_HAL_Driver/Src/stm32f4xx_hal_rcc_ex.c ****   {
3351:Drivers/STM32F4xx_HAL_Driver/Src/stm32f4xx_hal_rcc_ex.c ****     return HAL_ERROR;
3352:Drivers/STM32F4xx_HAL_Driver/Src/stm32f4xx_hal_rcc_ex.c ****   }
3353:Drivers/STM32F4xx_HAL_Driver/Src/stm32f4xx_hal_rcc_ex.c ****   else
3354:Drivers/STM32F4xx_HAL_Driver/Src/stm32f4xx_hal_rcc_ex.c ****   {
3355:Drivers/STM32F4xx_HAL_Driver/Src/stm32f4xx_hal_rcc_ex.c ****     return HAL_OK;
3356:Drivers/STM32F4xx_HAL_Driver/Src/stm32f4xx_hal_rcc_ex.c ****   }
3357:Drivers/STM32F4xx_HAL_Driver/Src/stm32f4xx_hal_rcc_ex.c **** }
 2399              		.loc 1 3357 1 view .LVU798
 2400 0028 38BD     		pop	{r3, r4, r5, pc}
 2401              	.LVL195:
 2402              	.L213:
3206:Drivers/STM32F4xx_HAL_Driver/Src/stm32f4xx_hal_rcc_ex.c **** 
 2403              		.loc 1 3206 3 is_stmt 1 view .LVU799
 2404 002a 4E4D     		ldr	r5, .L219
 2405 002c 2B68     		ldr	r3, [r5]
 2406 002e 43F08003 		orr	r3, r3, #128
 2407 0032 2B60     		str	r3, [r5]
3209:Drivers/STM32F4xx_HAL_Driver/Src/stm32f4xx_hal_rcc_ex.c **** 
 2408              		.loc 1 3209 3 view .LVU800
3209:Drivers/STM32F4xx_HAL_Driver/Src/stm32f4xx_hal_rcc_ex.c **** 
 2409              		.loc 1 3209 15 is_stmt 0 view .LVU801
 2410 0034 FFF7FEFF 		bl	HAL_GetTick
 2411              	.LVL196:
 2412 0038 0446     		mov	r4, r0
 2413              	.LVL197:
3212:Drivers/STM32F4xx_HAL_Driver/Src/stm32f4xx_hal_rcc_ex.c **** 
 2414              		.loc 1 3212 3 is_stmt 1 view .LVU802
 2415 003a 0023     		movs	r3, #0
 2416 003c AB60     		str	r3, [r5, #8]
3215:Drivers/STM32F4xx_HAL_Driver/Src/stm32f4xx_hal_rcc_ex.c ****   {
 2417              		.loc 1 3215 3 view .LVU803
 2418              	.LVL198:
 2419              	.L196:
3215:Drivers/STM32F4xx_HAL_Driver/Src/stm32f4xx_hal_rcc_ex.c ****   {
 2420              		.loc 1 3215 44 view .LVU804
3215:Drivers/STM32F4xx_HAL_Driver/Src/stm32f4xx_hal_rcc_ex.c ****   {
 2421              		.loc 1 3215 10 is_stmt 0 view .LVU805
 2422 003e 494B     		ldr	r3, .L219
 2423 0040 9B68     		ldr	r3, [r3, #8]
3215:Drivers/STM32F4xx_HAL_Driver/Src/stm32f4xx_hal_rcc_ex.c ****   {
 2424              		.loc 1 3215 44 view .LVU806
 2425 0042 13F00C0F 		tst	r3, #12
 2426 0046 08D0     		beq	.L214
3217:Drivers/STM32F4xx_HAL_Driver/Src/stm32f4xx_hal_rcc_ex.c ****     {
 2427              		.loc 1 3217 5 is_stmt 1 view .LVU807
3217:Drivers/STM32F4xx_HAL_Driver/Src/stm32f4xx_hal_rcc_ex.c ****     {
 2428              		.loc 1 3217 10 is_stmt 0 view .LVU808
 2429 0048 FFF7FEFF 		bl	HAL_GetTick
 2430              	.LVL199:
3217:Drivers/STM32F4xx_HAL_Driver/Src/stm32f4xx_hal_rcc_ex.c ****     {
 2431              		.loc 1 3217 24 discriminator 1 view .LVU809
 2432 004c 001B     		subs	r0, r0, r4
3217:Drivers/STM32F4xx_HAL_Driver/Src/stm32f4xx_hal_rcc_ex.c ****     {
 2433              		.loc 1 3217 8 discriminator 1 view .LVU810
 2434 004e 41F28833 		movw	r3, #5000
ARM GAS  C:\Users\Ebrahim\AppData\Local\Temp\ccoXyWuB.s 			page 109


 2435 0052 9842     		cmp	r0, r3
 2436 0054 F3D9     		bls	.L196
3219:Drivers/STM32F4xx_HAL_Driver/Src/stm32f4xx_hal_rcc_ex.c ****     }
 2437              		.loc 1 3219 14 view .LVU811
 2438 0056 0320     		movs	r0, #3
 2439 0058 E6E7     		b	.L194
 2440              	.L214:
3224:Drivers/STM32F4xx_HAL_Driver/Src/stm32f4xx_hal_rcc_ex.c **** 
 2441              		.loc 1 3224 3 is_stmt 1 view .LVU812
3224:Drivers/STM32F4xx_HAL_Driver/Src/stm32f4xx_hal_rcc_ex.c **** 
 2442              		.loc 1 3224 15 is_stmt 0 view .LVU813
 2443 005a FFF7FEFF 		bl	HAL_GetTick
 2444              	.LVL200:
 2445 005e 0446     		mov	r4, r0
 2446              	.LVL201:
3227:Drivers/STM32F4xx_HAL_Driver/Src/stm32f4xx_hal_rcc_ex.c **** 
 2447              		.loc 1 3227 3 is_stmt 1 view .LVU814
 2448 0060 404A     		ldr	r2, .L219
 2449 0062 1368     		ldr	r3, [r2]
 2450 0064 23F45023 		bic	r3, r3, #851968
 2451 0068 1360     		str	r3, [r2]
3230:Drivers/STM32F4xx_HAL_Driver/Src/stm32f4xx_hal_rcc_ex.c ****   {
 2452              		.loc 1 3230 3 view .LVU815
 2453              	.LVL202:
 2454              	.L198:
3230:Drivers/STM32F4xx_HAL_Driver/Src/stm32f4xx_hal_rcc_ex.c ****   {
 2455              		.loc 1 3230 43 view .LVU816
3230:Drivers/STM32F4xx_HAL_Driver/Src/stm32f4xx_hal_rcc_ex.c ****   {
 2456              		.loc 1 3230 10 is_stmt 0 view .LVU817
 2457 006a 3E4B     		ldr	r3, .L219
 2458 006c 1B68     		ldr	r3, [r3]
3230:Drivers/STM32F4xx_HAL_Driver/Src/stm32f4xx_hal_rcc_ex.c ****   {
 2459              		.loc 1 3230 43 view .LVU818
 2460 006e 13F4003F 		tst	r3, #131072
 2461 0072 06D0     		beq	.L215
3232:Drivers/STM32F4xx_HAL_Driver/Src/stm32f4xx_hal_rcc_ex.c ****     {
 2462              		.loc 1 3232 5 is_stmt 1 view .LVU819
3232:Drivers/STM32F4xx_HAL_Driver/Src/stm32f4xx_hal_rcc_ex.c ****     {
 2463              		.loc 1 3232 10 is_stmt 0 view .LVU820
 2464 0074 FFF7FEFF 		bl	HAL_GetTick
 2465              	.LVL203:
3232:Drivers/STM32F4xx_HAL_Driver/Src/stm32f4xx_hal_rcc_ex.c ****     {
 2466              		.loc 1 3232 24 discriminator 1 view .LVU821
 2467 0078 001B     		subs	r0, r0, r4
3232:Drivers/STM32F4xx_HAL_Driver/Src/stm32f4xx_hal_rcc_ex.c ****     {
 2468              		.loc 1 3232 8 discriminator 1 view .LVU822
 2469 007a 6428     		cmp	r0, #100
 2470 007c F5D9     		bls	.L198
3234:Drivers/STM32F4xx_HAL_Driver/Src/stm32f4xx_hal_rcc_ex.c ****     }
 2471              		.loc 1 3234 14 view .LVU823
 2472 007e 0320     		movs	r0, #3
 2473 0080 D2E7     		b	.L194
 2474              	.L215:
3239:Drivers/STM32F4xx_HAL_Driver/Src/stm32f4xx_hal_rcc_ex.c **** 
 2475              		.loc 1 3239 3 is_stmt 1 view .LVU824
3239:Drivers/STM32F4xx_HAL_Driver/Src/stm32f4xx_hal_rcc_ex.c **** 
 2476              		.loc 1 3239 15 is_stmt 0 view .LVU825
ARM GAS  C:\Users\Ebrahim\AppData\Local\Temp\ccoXyWuB.s 			page 110


 2477 0082 FFF7FEFF 		bl	HAL_GetTick
 2478              	.LVL204:
 2479 0086 0446     		mov	r4, r0
 2480              	.LVL205:
3242:Drivers/STM32F4xx_HAL_Driver/Src/stm32f4xx_hal_rcc_ex.c **** 
 2481              		.loc 1 3242 3 is_stmt 1 view .LVU826
 2482 0088 364A     		ldr	r2, .L219
 2483 008a 1368     		ldr	r3, [r2]
 2484 008c 23F08073 		bic	r3, r3, #16777216
 2485 0090 1360     		str	r3, [r2]
3245:Drivers/STM32F4xx_HAL_Driver/Src/stm32f4xx_hal_rcc_ex.c ****   {
 2486              		.loc 1 3245 3 view .LVU827
 2487              	.LVL206:
 2488              	.L200:
3245:Drivers/STM32F4xx_HAL_Driver/Src/stm32f4xx_hal_rcc_ex.c ****   {
 2489              		.loc 1 3245 43 view .LVU828
3245:Drivers/STM32F4xx_HAL_Driver/Src/stm32f4xx_hal_rcc_ex.c ****   {
 2490              		.loc 1 3245 10 is_stmt 0 view .LVU829
 2491 0092 344B     		ldr	r3, .L219
 2492 0094 1B68     		ldr	r3, [r3]
3245:Drivers/STM32F4xx_HAL_Driver/Src/stm32f4xx_hal_rcc_ex.c ****   {
 2493              		.loc 1 3245 43 view .LVU830
 2494 0096 13F0007F 		tst	r3, #33554432
 2495 009a 06D0     		beq	.L216
3247:Drivers/STM32F4xx_HAL_Driver/Src/stm32f4xx_hal_rcc_ex.c ****     {
 2496              		.loc 1 3247 5 is_stmt 1 view .LVU831
3247:Drivers/STM32F4xx_HAL_Driver/Src/stm32f4xx_hal_rcc_ex.c ****     {
 2497              		.loc 1 3247 10 is_stmt 0 view .LVU832
 2498 009c FFF7FEFF 		bl	HAL_GetTick
 2499              	.LVL207:
3247:Drivers/STM32F4xx_HAL_Driver/Src/stm32f4xx_hal_rcc_ex.c ****     {
 2500              		.loc 1 3247 24 discriminator 1 view .LVU833
 2501 00a0 001B     		subs	r0, r0, r4
3247:Drivers/STM32F4xx_HAL_Driver/Src/stm32f4xx_hal_rcc_ex.c ****     {
 2502              		.loc 1 3247 8 discriminator 1 view .LVU834
 2503 00a2 0228     		cmp	r0, #2
 2504 00a4 F5D9     		bls	.L200
3249:Drivers/STM32F4xx_HAL_Driver/Src/stm32f4xx_hal_rcc_ex.c ****     }
 2505              		.loc 1 3249 14 view .LVU835
 2506 00a6 0320     		movs	r0, #3
 2507 00a8 BEE7     		b	.L194
 2508              	.L216:
3255:Drivers/STM32F4xx_HAL_Driver/Src/stm32f4xx_hal_rcc_ex.c **** 
 2509              		.loc 1 3255 3 is_stmt 1 view .LVU836
3255:Drivers/STM32F4xx_HAL_Driver/Src/stm32f4xx_hal_rcc_ex.c **** 
 2510              		.loc 1 3255 15 is_stmt 0 view .LVU837
 2511 00aa FFF7FEFF 		bl	HAL_GetTick
 2512              	.LVL208:
 2513 00ae 0446     		mov	r4, r0
 2514              	.LVL209:
3258:Drivers/STM32F4xx_HAL_Driver/Src/stm32f4xx_hal_rcc_ex.c **** 
 2515              		.loc 1 3258 3 is_stmt 1 view .LVU838
 2516 00b0 2C4A     		ldr	r2, .L219
 2517 00b2 1368     		ldr	r3, [r2]
 2518 00b4 23F08063 		bic	r3, r3, #67108864
 2519 00b8 1360     		str	r3, [r2]
3261:Drivers/STM32F4xx_HAL_Driver/Src/stm32f4xx_hal_rcc_ex.c ****   {
ARM GAS  C:\Users\Ebrahim\AppData\Local\Temp\ccoXyWuB.s 			page 111


 2520              		.loc 1 3261 3 view .LVU839
 2521              	.LVL210:
 2522              	.L202:
3261:Drivers/STM32F4xx_HAL_Driver/Src/stm32f4xx_hal_rcc_ex.c ****   {
 2523              		.loc 1 3261 46 view .LVU840
3261:Drivers/STM32F4xx_HAL_Driver/Src/stm32f4xx_hal_rcc_ex.c ****   {
 2524              		.loc 1 3261 10 is_stmt 0 view .LVU841
 2525 00ba 2A4B     		ldr	r3, .L219
 2526 00bc 1B68     		ldr	r3, [r3]
3261:Drivers/STM32F4xx_HAL_Driver/Src/stm32f4xx_hal_rcc_ex.c ****   {
 2527              		.loc 1 3261 46 view .LVU842
 2528 00be 13F0006F 		tst	r3, #134217728
 2529 00c2 06D0     		beq	.L217
3263:Drivers/STM32F4xx_HAL_Driver/Src/stm32f4xx_hal_rcc_ex.c ****     {
 2530              		.loc 1 3263 5 is_stmt 1 view .LVU843
3263:Drivers/STM32F4xx_HAL_Driver/Src/stm32f4xx_hal_rcc_ex.c ****     {
 2531              		.loc 1 3263 10 is_stmt 0 view .LVU844
 2532 00c4 FFF7FEFF 		bl	HAL_GetTick
 2533              	.LVL211:
3263:Drivers/STM32F4xx_HAL_Driver/Src/stm32f4xx_hal_rcc_ex.c ****     {
 2534              		.loc 1 3263 24 discriminator 1 view .LVU845
 2535 00c8 001B     		subs	r0, r0, r4
3263:Drivers/STM32F4xx_HAL_Driver/Src/stm32f4xx_hal_rcc_ex.c ****     {
 2536              		.loc 1 3263 8 discriminator 1 view .LVU846
 2537 00ca 0228     		cmp	r0, #2
 2538 00cc F5D9     		bls	.L202
3265:Drivers/STM32F4xx_HAL_Driver/Src/stm32f4xx_hal_rcc_ex.c ****     }
 2539              		.loc 1 3265 14 view .LVU847
 2540 00ce 0320     		movs	r0, #3
 2541 00d0 AAE7     		b	.L194
 2542              	.L217:
3272:Drivers/STM32F4xx_HAL_Driver/Src/stm32f4xx_hal_rcc_ex.c **** 
 2543              		.loc 1 3272 3 is_stmt 1 view .LVU848
3272:Drivers/STM32F4xx_HAL_Driver/Src/stm32f4xx_hal_rcc_ex.c **** 
 2544              		.loc 1 3272 15 is_stmt 0 view .LVU849
 2545 00d2 FFF7FEFF 		bl	HAL_GetTick
 2546              	.LVL212:
 2547 00d6 0446     		mov	r4, r0
 2548              	.LVL213:
3275:Drivers/STM32F4xx_HAL_Driver/Src/stm32f4xx_hal_rcc_ex.c **** 
 2549              		.loc 1 3275 3 is_stmt 1 view .LVU850
 2550 00d8 224A     		ldr	r2, .L219
 2551 00da 1368     		ldr	r3, [r2]
 2552 00dc 23F08053 		bic	r3, r3, #268435456
 2553 00e0 1360     		str	r3, [r2]
3278:Drivers/STM32F4xx_HAL_Driver/Src/stm32f4xx_hal_rcc_ex.c ****   {
 2554              		.loc 1 3278 3 view .LVU851
 2555              	.LVL214:
 2556              	.L204:
3278:Drivers/STM32F4xx_HAL_Driver/Src/stm32f4xx_hal_rcc_ex.c ****   {
 2557              		.loc 1 3278 46 view .LVU852
3278:Drivers/STM32F4xx_HAL_Driver/Src/stm32f4xx_hal_rcc_ex.c ****   {
 2558              		.loc 1 3278 10 is_stmt 0 view .LVU853
 2559 00e2 204B     		ldr	r3, .L219
 2560 00e4 1B68     		ldr	r3, [r3]
3278:Drivers/STM32F4xx_HAL_Driver/Src/stm32f4xx_hal_rcc_ex.c ****   {
 2561              		.loc 1 3278 46 view .LVU854
ARM GAS  C:\Users\Ebrahim\AppData\Local\Temp\ccoXyWuB.s 			page 112


 2562 00e6 13F0005F 		tst	r3, #536870912
 2563 00ea 06D0     		beq	.L218
3280:Drivers/STM32F4xx_HAL_Driver/Src/stm32f4xx_hal_rcc_ex.c ****     {
 2564              		.loc 1 3280 5 is_stmt 1 view .LVU855
3280:Drivers/STM32F4xx_HAL_Driver/Src/stm32f4xx_hal_rcc_ex.c ****     {
 2565              		.loc 1 3280 10 is_stmt 0 view .LVU856
 2566 00ec FFF7FEFF 		bl	HAL_GetTick
 2567              	.LVL215:
3280:Drivers/STM32F4xx_HAL_Driver/Src/stm32f4xx_hal_rcc_ex.c ****     {
 2568              		.loc 1 3280 24 discriminator 1 view .LVU857
 2569 00f0 001B     		subs	r0, r0, r4
3280:Drivers/STM32F4xx_HAL_Driver/Src/stm32f4xx_hal_rcc_ex.c ****     {
 2570              		.loc 1 3280 8 discriminator 1 view .LVU858
 2571 00f2 0228     		cmp	r0, #2
 2572 00f4 F5D9     		bls	.L204
3282:Drivers/STM32F4xx_HAL_Driver/Src/stm32f4xx_hal_rcc_ex.c ****     }
 2573              		.loc 1 3282 14 view .LVU859
 2574 00f6 0320     		movs	r0, #3
 2575 00f8 96E7     		b	.L194
 2576              	.L218:
3290:Drivers/STM32F4xx_HAL_Driver/Src/stm32f4xx_hal_rcc_ex.c **** #elif defined(STM32F410Tx) || defined(STM32F410Cx) || defined(STM32F410Rx)
 2577              		.loc 1 3290 3 is_stmt 1 view .LVU860
3290:Drivers/STM32F4xx_HAL_Driver/Src/stm32f4xx_hal_rcc_ex.c **** #elif defined(STM32F410Tx) || defined(STM32F410Cx) || defined(STM32F410Rx)
 2578              		.loc 1 3290 16 is_stmt 0 view .LVU861
 2579 00fa 1A4B     		ldr	r3, .L219
 2580 00fc 1A4A     		ldr	r2, .L219+4
 2581 00fe 5A60     		str	r2, [r3, #4]
3300:Drivers/STM32F4xx_HAL_Driver/Src/stm32f4xx_hal_rcc_ex.c **** #elif defined(STM32F401xC) || defined(STM32F401xE) || defined(STM32F405xx) || defined(STM32F415xx) 
 2582              		.loc 1 3300 3 is_stmt 1 view .LVU862
3300:Drivers/STM32F4xx_HAL_Driver/Src/stm32f4xx_hal_rcc_ex.c **** #elif defined(STM32F401xC) || defined(STM32F401xE) || defined(STM32F405xx) || defined(STM32F415xx) 
 2583              		.loc 1 3300 19 is_stmt 0 view .LVU863
 2584 0100 C3F88420 		str	r2, [r3, #132]
3313:Drivers/STM32F4xx_HAL_Driver/Src/stm32f4xx_hal_rcc_ex.c **** #endif /* STM32F427xx || STM32F429xx || STM32F437xx || STM32F439xx || STM32F469xx || STM32F479xx */
 2585              		.loc 1 3313 3 is_stmt 1 view .LVU864
3313:Drivers/STM32F4xx_HAL_Driver/Src/stm32f4xx_hal_rcc_ex.c **** #endif /* STM32F427xx || STM32F429xx || STM32F437xx || STM32F439xx || STM32F469xx || STM32F479xx */
 2586              		.loc 1 3313 19 is_stmt 0 view .LVU865
 2587 0104 02F16042 		add	r2, r2, #-536870912
 2588 0108 C3F88820 		str	r2, [r3, #136]
3317:Drivers/STM32F4xx_HAL_Driver/Src/stm32f4xx_hal_rcc_ex.c **** 
 2589              		.loc 1 3317 3 is_stmt 1 view .LVU866
 2590 010c DA68     		ldr	r2, [r3, #12]
 2591 010e 22F4F852 		bic	r2, r2, #7936
 2592 0112 DA60     		str	r2, [r3, #12]
3320:Drivers/STM32F4xx_HAL_Driver/Src/stm32f4xx_hal_rcc_ex.c **** #endif /* RCC_CIR_PLLI2SRDYIE */
 2593              		.loc 1 3320 3 view .LVU867
 2594 0114 DA68     		ldr	r2, [r3, #12]
 2595 0116 22F40052 		bic	r2, r2, #8192
 2596 011a DA60     		str	r2, [r3, #12]
3324:Drivers/STM32F4xx_HAL_Driver/Src/stm32f4xx_hal_rcc_ex.c **** #endif /* RCC_CIR_PLLSAIRDYIE */
 2597              		.loc 1 3324 3 view .LVU868
 2598 011c DA68     		ldr	r2, [r3, #12]
 2599 011e 22F48042 		bic	r2, r2, #16384
 2600 0122 DA60     		str	r2, [r3, #12]
3328:Drivers/STM32F4xx_HAL_Driver/Src/stm32f4xx_hal_rcc_ex.c ****           RCC_CIR_CSSC);
 2601              		.loc 1 3328 3 view .LVU869
 2602 0124 DA68     		ldr	r2, [r3, #12]
 2603 0126 42F41F02 		orr	r2, r2, #10420224
ARM GAS  C:\Users\Ebrahim\AppData\Local\Temp\ccoXyWuB.s 			page 113


 2604 012a DA60     		str	r2, [r3, #12]
3332:Drivers/STM32F4xx_HAL_Driver/Src/stm32f4xx_hal_rcc_ex.c **** #endif /* RCC_CIR_PLLI2SRDYC */
 2605              		.loc 1 3332 3 view .LVU870
 2606 012c DA68     		ldr	r2, [r3, #12]
 2607 012e 42F40012 		orr	r2, r2, #2097152
 2608 0132 DA60     		str	r2, [r3, #12]
3336:Drivers/STM32F4xx_HAL_Driver/Src/stm32f4xx_hal_rcc_ex.c **** #endif /* RCC_CIR_PLLSAIRDYC */
 2609              		.loc 1 3336 3 view .LVU871
 2610 0134 DA68     		ldr	r2, [r3, #12]
 2611 0136 42F48002 		orr	r2, r2, #4194304
 2612 013a DA60     		str	r2, [r3, #12]
3340:Drivers/STM32F4xx_HAL_Driver/Src/stm32f4xx_hal_rcc_ex.c **** 
 2613              		.loc 1 3340 3 view .LVU872
 2614 013c 5A6F     		ldr	r2, [r3, #116]
 2615 013e 22F00102 		bic	r2, r2, #1
 2616 0142 5A67     		str	r2, [r3, #116]
3343:Drivers/STM32F4xx_HAL_Driver/Src/stm32f4xx_hal_rcc_ex.c **** 
 2617              		.loc 1 3343 3 view .LVU873
 2618 0144 5A6F     		ldr	r2, [r3, #116]
 2619 0146 42F08072 		orr	r2, r2, #16777216
 2620 014a 5A67     		str	r2, [r3, #116]
3346:Drivers/STM32F4xx_HAL_Driver/Src/stm32f4xx_hal_rcc_ex.c **** 
 2621              		.loc 1 3346 3 view .LVU874
3346:Drivers/STM32F4xx_HAL_Driver/Src/stm32f4xx_hal_rcc_ex.c **** 
 2622              		.loc 1 3346 19 is_stmt 0 view .LVU875
 2623 014c 074B     		ldr	r3, .L219+8
 2624 014e 084A     		ldr	r2, .L219+12
 2625 0150 1A60     		str	r2, [r3]
3349:Drivers/STM32F4xx_HAL_Driver/Src/stm32f4xx_hal_rcc_ex.c ****   {
 2626              		.loc 1 3349 3 is_stmt 1 view .LVU876
3349:Drivers/STM32F4xx_HAL_Driver/Src/stm32f4xx_hal_rcc_ex.c ****   {
 2627              		.loc 1 3349 7 is_stmt 0 view .LVU877
 2628 0152 084B     		ldr	r3, .L219+16
 2629 0154 1868     		ldr	r0, [r3]
 2630 0156 FFF7FEFF 		bl	HAL_InitTick
 2631              	.LVL216:
3349:Drivers/STM32F4xx_HAL_Driver/Src/stm32f4xx_hal_rcc_ex.c ****   {
 2632              		.loc 1 3349 6 discriminator 1 view .LVU878
 2633 015a 0028     		cmp	r0, #0
 2634 015c 3FF464AF 		beq	.L194
3351:Drivers/STM32F4xx_HAL_Driver/Src/stm32f4xx_hal_rcc_ex.c ****   }
 2635              		.loc 1 3351 12 view .LVU879
 2636 0160 0120     		movs	r0, #1
 2637 0162 61E7     		b	.L194
 2638              	.L220:
 2639              		.align	2
 2640              	.L219:
 2641 0164 00380240 		.word	1073887232
 2642 0168 10300024 		.word	603992080
 2643 016c 00000000 		.word	SystemCoreClock
 2644 0170 0024F400 		.word	16000000
 2645 0174 00000000 		.word	uwTickPrio
 2646              		.cfi_endproc
 2647              	.LFE143:
 2649              		.section	.text.HAL_RCC_OscConfig,"ax",%progbits
 2650              		.align	1
 2651              		.global	HAL_RCC_OscConfig
ARM GAS  C:\Users\Ebrahim\AppData\Local\Temp\ccoXyWuB.s 			page 114


 2652              		.syntax unified
 2653              		.thumb
 2654              		.thumb_func
 2656              	HAL_RCC_OscConfig:
 2657              	.LVL217:
 2658              	.LFB144:
3358:Drivers/STM32F4xx_HAL_Driver/Src/stm32f4xx_hal_rcc_ex.c **** 
3359:Drivers/STM32F4xx_HAL_Driver/Src/stm32f4xx_hal_rcc_ex.c **** #if defined(STM32F410Tx) || defined(STM32F410Cx) || defined(STM32F410Rx) || defined(STM32F446xx) ||
3360:Drivers/STM32F4xx_HAL_Driver/Src/stm32f4xx_hal_rcc_ex.c ****     defined(STM32F412Vx) || defined(STM32F412Rx) || defined(STM32F412Cx) || defined(STM32F413xx) ||
3361:Drivers/STM32F4xx_HAL_Driver/Src/stm32f4xx_hal_rcc_ex.c **** /**
3362:Drivers/STM32F4xx_HAL_Driver/Src/stm32f4xx_hal_rcc_ex.c ****   * @brief  Initializes the RCC Oscillators according to the specified parameters in the
3363:Drivers/STM32F4xx_HAL_Driver/Src/stm32f4xx_hal_rcc_ex.c ****   *         RCC_OscInitTypeDef.
3364:Drivers/STM32F4xx_HAL_Driver/Src/stm32f4xx_hal_rcc_ex.c ****   * @param  RCC_OscInitStruct pointer to an RCC_OscInitTypeDef structure that
3365:Drivers/STM32F4xx_HAL_Driver/Src/stm32f4xx_hal_rcc_ex.c ****   *         contains the configuration information for the RCC Oscillators.
3366:Drivers/STM32F4xx_HAL_Driver/Src/stm32f4xx_hal_rcc_ex.c ****   * @note   The PLL is not disabled when used as system clock.
3367:Drivers/STM32F4xx_HAL_Driver/Src/stm32f4xx_hal_rcc_ex.c ****   * @note   Transitions LSE Bypass to LSE On and LSE On to LSE Bypass are not
3368:Drivers/STM32F4xx_HAL_Driver/Src/stm32f4xx_hal_rcc_ex.c ****   *         supported by this API. User should request a transition to LSE Off
3369:Drivers/STM32F4xx_HAL_Driver/Src/stm32f4xx_hal_rcc_ex.c ****   *         first and then LSE On or LSE Bypass.
3370:Drivers/STM32F4xx_HAL_Driver/Src/stm32f4xx_hal_rcc_ex.c ****   * @note   Transition HSE Bypass to HSE On and HSE On to HSE Bypass are not
3371:Drivers/STM32F4xx_HAL_Driver/Src/stm32f4xx_hal_rcc_ex.c ****   *         supported by this API. User should request a transition to HSE Off
3372:Drivers/STM32F4xx_HAL_Driver/Src/stm32f4xx_hal_rcc_ex.c ****   *         first and then HSE On or HSE Bypass.
3373:Drivers/STM32F4xx_HAL_Driver/Src/stm32f4xx_hal_rcc_ex.c ****   * @note   This function add the PLL/PLLR factor management during PLL configuration this feature
3374:Drivers/STM32F4xx_HAL_Driver/Src/stm32f4xx_hal_rcc_ex.c ****   *         is only available in STM32F410xx/STM32F446xx/STM32F469xx/STM32F479xx/STM32F412Zx/STM32F
3375:Drivers/STM32F4xx_HAL_Driver/Src/stm32f4xx_hal_rcc_ex.c ****   * @retval HAL status
3376:Drivers/STM32F4xx_HAL_Driver/Src/stm32f4xx_hal_rcc_ex.c ****   */
3377:Drivers/STM32F4xx_HAL_Driver/Src/stm32f4xx_hal_rcc_ex.c **** HAL_StatusTypeDef HAL_RCC_OscConfig(const RCC_OscInitTypeDef  *RCC_OscInitStruct)
3378:Drivers/STM32F4xx_HAL_Driver/Src/stm32f4xx_hal_rcc_ex.c **** {
 2659              		.loc 1 3378 1 is_stmt 1 view -0
 2660              		.cfi_startproc
 2661              		@ args = 0, pretend = 0, frame = 8
 2662              		@ frame_needed = 0, uses_anonymous_args = 0
3379:Drivers/STM32F4xx_HAL_Driver/Src/stm32f4xx_hal_rcc_ex.c ****   uint32_t tickstart;
 2663              		.loc 1 3379 3 view .LVU881
3380:Drivers/STM32F4xx_HAL_Driver/Src/stm32f4xx_hal_rcc_ex.c ****   uint32_t pll_config;
 2664              		.loc 1 3380 3 view .LVU882
3381:Drivers/STM32F4xx_HAL_Driver/Src/stm32f4xx_hal_rcc_ex.c **** 
3382:Drivers/STM32F4xx_HAL_Driver/Src/stm32f4xx_hal_rcc_ex.c ****   /* Check Null pointer */
3383:Drivers/STM32F4xx_HAL_Driver/Src/stm32f4xx_hal_rcc_ex.c ****   if (RCC_OscInitStruct == NULL)
 2665              		.loc 1 3383 3 view .LVU883
 2666              		.loc 1 3383 6 is_stmt 0 view .LVU884
 2667 0000 0028     		cmp	r0, #0
 2668 0002 00F00182 		beq	.L273
3378:Drivers/STM32F4xx_HAL_Driver/Src/stm32f4xx_hal_rcc_ex.c ****   uint32_t tickstart;
 2669              		.loc 1 3378 1 view .LVU885
 2670 0006 70B5     		push	{r4, r5, r6, lr}
 2671              	.LCFI10:
 2672              		.cfi_def_cfa_offset 16
 2673              		.cfi_offset 4, -16
 2674              		.cfi_offset 5, -12
 2675              		.cfi_offset 6, -8
 2676              		.cfi_offset 14, -4
 2677 0008 82B0     		sub	sp, sp, #8
 2678              	.LCFI11:
 2679              		.cfi_def_cfa_offset 24
 2680 000a 0446     		mov	r4, r0
3384:Drivers/STM32F4xx_HAL_Driver/Src/stm32f4xx_hal_rcc_ex.c ****   {
3385:Drivers/STM32F4xx_HAL_Driver/Src/stm32f4xx_hal_rcc_ex.c ****     return HAL_ERROR;
ARM GAS  C:\Users\Ebrahim\AppData\Local\Temp\ccoXyWuB.s 			page 115


3386:Drivers/STM32F4xx_HAL_Driver/Src/stm32f4xx_hal_rcc_ex.c ****   }
3387:Drivers/STM32F4xx_HAL_Driver/Src/stm32f4xx_hal_rcc_ex.c **** 
3388:Drivers/STM32F4xx_HAL_Driver/Src/stm32f4xx_hal_rcc_ex.c ****   /* Check the parameters */
3389:Drivers/STM32F4xx_HAL_Driver/Src/stm32f4xx_hal_rcc_ex.c ****   assert_param(IS_RCC_OSCILLATORTYPE(RCC_OscInitStruct->OscillatorType));
 2681              		.loc 1 3389 3 is_stmt 1 view .LVU886
3390:Drivers/STM32F4xx_HAL_Driver/Src/stm32f4xx_hal_rcc_ex.c ****   /*------------------------------- HSE Configuration ------------------------*/
3391:Drivers/STM32F4xx_HAL_Driver/Src/stm32f4xx_hal_rcc_ex.c ****   if (((RCC_OscInitStruct->OscillatorType) & RCC_OSCILLATORTYPE_HSE) == RCC_OSCILLATORTYPE_HSE)
 2682              		.loc 1 3391 3 view .LVU887
 2683              		.loc 1 3391 26 is_stmt 0 view .LVU888
 2684 000c 0368     		ldr	r3, [r0]
 2685              		.loc 1 3391 6 view .LVU889
 2686 000e 13F0010F 		tst	r3, #1
 2687 0012 41D0     		beq	.L223
3392:Drivers/STM32F4xx_HAL_Driver/Src/stm32f4xx_hal_rcc_ex.c ****   {
3393:Drivers/STM32F4xx_HAL_Driver/Src/stm32f4xx_hal_rcc_ex.c ****     /* Check the parameters */
3394:Drivers/STM32F4xx_HAL_Driver/Src/stm32f4xx_hal_rcc_ex.c ****     assert_param(IS_RCC_HSE(RCC_OscInitStruct->HSEState));
 2688              		.loc 1 3394 5 is_stmt 1 view .LVU890
3395:Drivers/STM32F4xx_HAL_Driver/Src/stm32f4xx_hal_rcc_ex.c ****     /* When the HSE is used as system clock or clock source for PLL in these cases HSE will not dis
3396:Drivers/STM32F4xx_HAL_Driver/Src/stm32f4xx_hal_rcc_ex.c **** #if defined(STM32F446xx)
3397:Drivers/STM32F4xx_HAL_Driver/Src/stm32f4xx_hal_rcc_ex.c ****     if ((__HAL_RCC_GET_SYSCLK_SOURCE() == RCC_CFGR_SWS_HSE)
 2689              		.loc 1 3397 5 view .LVU891
 2690              		.loc 1 3397 10 is_stmt 0 view .LVU892
 2691 0014 994B     		ldr	r3, .L317
 2692 0016 9B68     		ldr	r3, [r3, #8]
 2693 0018 03F00C03 		and	r3, r3, #12
 2694              		.loc 1 3397 8 view .LVU893
 2695 001c 042B     		cmp	r3, #4
 2696 001e 32D0     		beq	.L224
3398:Drivers/STM32F4xx_HAL_Driver/Src/stm32f4xx_hal_rcc_ex.c ****         || \
3399:Drivers/STM32F4xx_HAL_Driver/Src/stm32f4xx_hal_rcc_ex.c ****         ((__HAL_RCC_GET_SYSCLK_SOURCE() == RCC_CFGR_SWS_PLL) && ((RCC->PLLCFGR & RCC_PLLCFGR_PLLSRC
 2697              		.loc 1 3399 11 view .LVU894
 2698 0020 964B     		ldr	r3, .L317
 2699 0022 9B68     		ldr	r3, [r3, #8]
 2700 0024 03F00C03 		and	r3, r3, #12
3398:Drivers/STM32F4xx_HAL_Driver/Src/stm32f4xx_hal_rcc_ex.c ****         || \
 2701              		.loc 1 3398 9 view .LVU895
 2702 0028 082B     		cmp	r3, #8
 2703 002a 27D0     		beq	.L301
 2704              	.L225:
3400:Drivers/STM32F4xx_HAL_Driver/Src/stm32f4xx_hal_rcc_ex.c ****         ((__HAL_RCC_GET_SYSCLK_SOURCE() == RCC_CFGR_SWS_PLLR) && ((RCC->PLLCFGR & RCC_PLLCFGR_PLLSR
 2705              		.loc 1 3400 11 view .LVU896
 2706 002c 934B     		ldr	r3, .L317
 2707 002e 9B68     		ldr	r3, [r3, #8]
 2708 0030 03F00C03 		and	r3, r3, #12
3399:Drivers/STM32F4xx_HAL_Driver/Src/stm32f4xx_hal_rcc_ex.c ****         ((__HAL_RCC_GET_SYSCLK_SOURCE() == RCC_CFGR_SWS_PLLR) && ((RCC->PLLCFGR & RCC_PLLCFGR_PLLSR
 2709              		.loc 1 3399 130 discriminator 1 view .LVU897
 2710 0034 0C2B     		cmp	r3, #12
 2711 0036 59D0     		beq	.L302
 2712              	.L226:
3401:Drivers/STM32F4xx_HAL_Driver/Src/stm32f4xx_hal_rcc_ex.c **** #else
3402:Drivers/STM32F4xx_HAL_Driver/Src/stm32f4xx_hal_rcc_ex.c ****     if ((__HAL_RCC_GET_SYSCLK_SOURCE() == RCC_CFGR_SWS_HSE)
3403:Drivers/STM32F4xx_HAL_Driver/Src/stm32f4xx_hal_rcc_ex.c ****         || \
3404:Drivers/STM32F4xx_HAL_Driver/Src/stm32f4xx_hal_rcc_ex.c ****         ((__HAL_RCC_GET_SYSCLK_SOURCE() == RCC_CFGR_SWS_PLL) && ((RCC->PLLCFGR & RCC_PLLCFGR_PLLSRC
3405:Drivers/STM32F4xx_HAL_Driver/Src/stm32f4xx_hal_rcc_ex.c **** #endif /* STM32F446xx */
3406:Drivers/STM32F4xx_HAL_Driver/Src/stm32f4xx_hal_rcc_ex.c ****     {
3407:Drivers/STM32F4xx_HAL_Driver/Src/stm32f4xx_hal_rcc_ex.c ****       if ((__HAL_RCC_GET_FLAG(RCC_FLAG_HSERDY) != RESET) && (RCC_OscInitStruct->HSEState == RCC_HSE
3408:Drivers/STM32F4xx_HAL_Driver/Src/stm32f4xx_hal_rcc_ex.c ****       {
ARM GAS  C:\Users\Ebrahim\AppData\Local\Temp\ccoXyWuB.s 			page 116


3409:Drivers/STM32F4xx_HAL_Driver/Src/stm32f4xx_hal_rcc_ex.c ****         return HAL_ERROR;
3410:Drivers/STM32F4xx_HAL_Driver/Src/stm32f4xx_hal_rcc_ex.c ****       }
3411:Drivers/STM32F4xx_HAL_Driver/Src/stm32f4xx_hal_rcc_ex.c ****     }
3412:Drivers/STM32F4xx_HAL_Driver/Src/stm32f4xx_hal_rcc_ex.c ****     else
3413:Drivers/STM32F4xx_HAL_Driver/Src/stm32f4xx_hal_rcc_ex.c ****     {
3414:Drivers/STM32F4xx_HAL_Driver/Src/stm32f4xx_hal_rcc_ex.c ****       /* Set the new HSE configuration ---------------------------------------*/
3415:Drivers/STM32F4xx_HAL_Driver/Src/stm32f4xx_hal_rcc_ex.c ****       __HAL_RCC_HSE_CONFIG(RCC_OscInitStruct->HSEState);
 2713              		.loc 1 3415 7 is_stmt 1 view .LVU898
 2714              		.loc 1 3415 7 view .LVU899
 2715 0038 6368     		ldr	r3, [r4, #4]
 2716 003a B3F5803F 		cmp	r3, #65536
 2717 003e 5BD0     		beq	.L303
 2718              		.loc 1 3415 7 discriminator 2 view .LVU900
 2719 0040 B3F5A02F 		cmp	r3, #327680
 2720 0044 5ED0     		beq	.L304
 2721              		.loc 1 3415 7 discriminator 5 view .LVU901
 2722 0046 8D4B     		ldr	r3, .L317
 2723 0048 1A68     		ldr	r2, [r3]
 2724 004a 22F48032 		bic	r2, r2, #65536
 2725 004e 1A60     		str	r2, [r3]
 2726              		.loc 1 3415 7 discriminator 5 view .LVU902
 2727 0050 1A68     		ldr	r2, [r3]
 2728 0052 22F48022 		bic	r2, r2, #262144
 2729 0056 1A60     		str	r2, [r3]
 2730              	.L228:
 2731              		.loc 1 3415 7 discriminator 7 view .LVU903
3416:Drivers/STM32F4xx_HAL_Driver/Src/stm32f4xx_hal_rcc_ex.c **** 
3417:Drivers/STM32F4xx_HAL_Driver/Src/stm32f4xx_hal_rcc_ex.c ****       /* Check the HSE State */
3418:Drivers/STM32F4xx_HAL_Driver/Src/stm32f4xx_hal_rcc_ex.c ****       if ((RCC_OscInitStruct->HSEState) != RCC_HSE_OFF)
 2732              		.loc 1 3418 7 view .LVU904
 2733              		.loc 1 3418 29 is_stmt 0 view .LVU905
 2734 0058 6368     		ldr	r3, [r4, #4]
 2735              		.loc 1 3418 10 view .LVU906
 2736 005a 002B     		cmp	r3, #0
 2737 005c 5CD0     		beq	.L230
3419:Drivers/STM32F4xx_HAL_Driver/Src/stm32f4xx_hal_rcc_ex.c ****       {
3420:Drivers/STM32F4xx_HAL_Driver/Src/stm32f4xx_hal_rcc_ex.c ****         /* Get Start Tick*/
3421:Drivers/STM32F4xx_HAL_Driver/Src/stm32f4xx_hal_rcc_ex.c ****         tickstart = HAL_GetTick();
 2738              		.loc 1 3421 9 is_stmt 1 view .LVU907
 2739              		.loc 1 3421 21 is_stmt 0 view .LVU908
 2740 005e FFF7FEFF 		bl	HAL_GetTick
 2741              	.LVL218:
 2742              		.loc 1 3421 21 view .LVU909
 2743 0062 0546     		mov	r5, r0
 2744              	.LVL219:
3422:Drivers/STM32F4xx_HAL_Driver/Src/stm32f4xx_hal_rcc_ex.c **** 
3423:Drivers/STM32F4xx_HAL_Driver/Src/stm32f4xx_hal_rcc_ex.c ****         /* Wait till HSE is ready */
3424:Drivers/STM32F4xx_HAL_Driver/Src/stm32f4xx_hal_rcc_ex.c ****         while (__HAL_RCC_GET_FLAG(RCC_FLAG_HSERDY) == RESET)
 2745              		.loc 1 3424 9 is_stmt 1 view .LVU910
 2746              	.L231:
 2747              		.loc 1 3424 52 view .LVU911
 2748              		.loc 1 3424 16 is_stmt 0 view .LVU912
 2749 0064 854B     		ldr	r3, .L317
 2750 0066 1B68     		ldr	r3, [r3]
 2751              		.loc 1 3424 52 view .LVU913
 2752 0068 13F4003F 		tst	r3, #131072
 2753 006c 14D1     		bne	.L223
ARM GAS  C:\Users\Ebrahim\AppData\Local\Temp\ccoXyWuB.s 			page 117


3425:Drivers/STM32F4xx_HAL_Driver/Src/stm32f4xx_hal_rcc_ex.c ****         {
3426:Drivers/STM32F4xx_HAL_Driver/Src/stm32f4xx_hal_rcc_ex.c ****           if ((HAL_GetTick() - tickstart) > HSE_TIMEOUT_VALUE)
 2754              		.loc 1 3426 11 is_stmt 1 view .LVU914
 2755              		.loc 1 3426 16 is_stmt 0 view .LVU915
 2756 006e FFF7FEFF 		bl	HAL_GetTick
 2757              	.LVL220:
 2758              		.loc 1 3426 30 discriminator 1 view .LVU916
 2759 0072 401B     		subs	r0, r0, r5
 2760              		.loc 1 3426 14 discriminator 1 view .LVU917
 2761 0074 6428     		cmp	r0, #100
 2762 0076 F5D9     		bls	.L231
3427:Drivers/STM32F4xx_HAL_Driver/Src/stm32f4xx_hal_rcc_ex.c ****           {
3428:Drivers/STM32F4xx_HAL_Driver/Src/stm32f4xx_hal_rcc_ex.c ****             return HAL_TIMEOUT;
 2763              		.loc 1 3428 20 view .LVU918
 2764 0078 0320     		movs	r0, #3
 2765 007a CCE1     		b	.L222
 2766              	.LVL221:
 2767              	.L301:
3399:Drivers/STM32F4xx_HAL_Driver/Src/stm32f4xx_hal_rcc_ex.c ****         ((__HAL_RCC_GET_SYSCLK_SOURCE() == RCC_CFGR_SWS_PLLR) && ((RCC->PLLCFGR & RCC_PLLCFGR_PLLSR
 2768              		.loc 1 3399 70 view .LVU919
 2769 007c 7F4B     		ldr	r3, .L317
 2770 007e 5B68     		ldr	r3, [r3, #4]
3399:Drivers/STM32F4xx_HAL_Driver/Src/stm32f4xx_hal_rcc_ex.c ****         ((__HAL_RCC_GET_SYSCLK_SOURCE() == RCC_CFGR_SWS_PLLR) && ((RCC->PLLCFGR & RCC_PLLCFGR_PLLSR
 2771              		.loc 1 3399 62 view .LVU920
 2772 0080 13F4800F 		tst	r3, #4194304
 2773 0084 D2D0     		beq	.L225
 2774              	.L224:
3407:Drivers/STM32F4xx_HAL_Driver/Src/stm32f4xx_hal_rcc_ex.c ****       {
 2775              		.loc 1 3407 7 is_stmt 1 view .LVU921
3407:Drivers/STM32F4xx_HAL_Driver/Src/stm32f4xx_hal_rcc_ex.c ****       {
 2776              		.loc 1 3407 12 is_stmt 0 view .LVU922
 2777 0086 7D4B     		ldr	r3, .L317
 2778 0088 1B68     		ldr	r3, [r3]
3407:Drivers/STM32F4xx_HAL_Driver/Src/stm32f4xx_hal_rcc_ex.c ****       {
 2779              		.loc 1 3407 10 view .LVU923
 2780 008a 13F4003F 		tst	r3, #131072
 2781 008e 03D0     		beq	.L223
3407:Drivers/STM32F4xx_HAL_Driver/Src/stm32f4xx_hal_rcc_ex.c ****       {
 2782              		.loc 1 3407 79 discriminator 1 view .LVU924
 2783 0090 6368     		ldr	r3, [r4, #4]
3407:Drivers/STM32F4xx_HAL_Driver/Src/stm32f4xx_hal_rcc_ex.c ****       {
 2784              		.loc 1 3407 58 discriminator 1 view .LVU925
 2785 0092 002B     		cmp	r3, #0
 2786 0094 00F0BA81 		beq	.L305
 2787              	.LVL222:
 2788              	.L223:
3429:Drivers/STM32F4xx_HAL_Driver/Src/stm32f4xx_hal_rcc_ex.c ****           }
3430:Drivers/STM32F4xx_HAL_Driver/Src/stm32f4xx_hal_rcc_ex.c ****         }
3431:Drivers/STM32F4xx_HAL_Driver/Src/stm32f4xx_hal_rcc_ex.c ****       }
3432:Drivers/STM32F4xx_HAL_Driver/Src/stm32f4xx_hal_rcc_ex.c ****       else
3433:Drivers/STM32F4xx_HAL_Driver/Src/stm32f4xx_hal_rcc_ex.c ****       {
3434:Drivers/STM32F4xx_HAL_Driver/Src/stm32f4xx_hal_rcc_ex.c ****         /* Get Start Tick*/
3435:Drivers/STM32F4xx_HAL_Driver/Src/stm32f4xx_hal_rcc_ex.c ****         tickstart = HAL_GetTick();
3436:Drivers/STM32F4xx_HAL_Driver/Src/stm32f4xx_hal_rcc_ex.c **** 
3437:Drivers/STM32F4xx_HAL_Driver/Src/stm32f4xx_hal_rcc_ex.c ****         /* Wait till HSE is bypassed or disabled */
3438:Drivers/STM32F4xx_HAL_Driver/Src/stm32f4xx_hal_rcc_ex.c ****         while (__HAL_RCC_GET_FLAG(RCC_FLAG_HSERDY) != RESET)
3439:Drivers/STM32F4xx_HAL_Driver/Src/stm32f4xx_hal_rcc_ex.c ****         {
ARM GAS  C:\Users\Ebrahim\AppData\Local\Temp\ccoXyWuB.s 			page 118


3440:Drivers/STM32F4xx_HAL_Driver/Src/stm32f4xx_hal_rcc_ex.c ****           if ((HAL_GetTick() - tickstart) > HSE_TIMEOUT_VALUE)
3441:Drivers/STM32F4xx_HAL_Driver/Src/stm32f4xx_hal_rcc_ex.c ****           {
3442:Drivers/STM32F4xx_HAL_Driver/Src/stm32f4xx_hal_rcc_ex.c ****             return HAL_TIMEOUT;
3443:Drivers/STM32F4xx_HAL_Driver/Src/stm32f4xx_hal_rcc_ex.c ****           }
3444:Drivers/STM32F4xx_HAL_Driver/Src/stm32f4xx_hal_rcc_ex.c ****         }
3445:Drivers/STM32F4xx_HAL_Driver/Src/stm32f4xx_hal_rcc_ex.c ****       }
3446:Drivers/STM32F4xx_HAL_Driver/Src/stm32f4xx_hal_rcc_ex.c ****     }
3447:Drivers/STM32F4xx_HAL_Driver/Src/stm32f4xx_hal_rcc_ex.c ****   }
3448:Drivers/STM32F4xx_HAL_Driver/Src/stm32f4xx_hal_rcc_ex.c ****   /*----------------------------- HSI Configuration --------------------------*/
3449:Drivers/STM32F4xx_HAL_Driver/Src/stm32f4xx_hal_rcc_ex.c ****   if (((RCC_OscInitStruct->OscillatorType) & RCC_OSCILLATORTYPE_HSI) == RCC_OSCILLATORTYPE_HSI)
 2789              		.loc 1 3449 3 is_stmt 1 view .LVU926
 2790              		.loc 1 3449 26 is_stmt 0 view .LVU927
 2791 0098 2368     		ldr	r3, [r4]
 2792              		.loc 1 3449 6 view .LVU928
 2793 009a 13F0020F 		tst	r3, #2
 2794 009e 60D0     		beq	.L235
3450:Drivers/STM32F4xx_HAL_Driver/Src/stm32f4xx_hal_rcc_ex.c ****   {
3451:Drivers/STM32F4xx_HAL_Driver/Src/stm32f4xx_hal_rcc_ex.c ****     /* Check the parameters */
3452:Drivers/STM32F4xx_HAL_Driver/Src/stm32f4xx_hal_rcc_ex.c ****     assert_param(IS_RCC_HSI(RCC_OscInitStruct->HSIState));
 2795              		.loc 1 3452 5 is_stmt 1 view .LVU929
3453:Drivers/STM32F4xx_HAL_Driver/Src/stm32f4xx_hal_rcc_ex.c ****     assert_param(IS_RCC_CALIBRATION_VALUE(RCC_OscInitStruct->HSICalibrationValue));
 2796              		.loc 1 3453 5 view .LVU930
3454:Drivers/STM32F4xx_HAL_Driver/Src/stm32f4xx_hal_rcc_ex.c **** 
3455:Drivers/STM32F4xx_HAL_Driver/Src/stm32f4xx_hal_rcc_ex.c ****     /* Check if HSI is used as system clock or as PLL source when PLL is selected as system clock *
3456:Drivers/STM32F4xx_HAL_Driver/Src/stm32f4xx_hal_rcc_ex.c **** #if defined(STM32F446xx)
3457:Drivers/STM32F4xx_HAL_Driver/Src/stm32f4xx_hal_rcc_ex.c ****     if ((__HAL_RCC_GET_SYSCLK_SOURCE() == RCC_CFGR_SWS_HSI)
 2797              		.loc 1 3457 5 view .LVU931
 2798              		.loc 1 3457 10 is_stmt 0 view .LVU932
 2799 00a0 764B     		ldr	r3, .L317
 2800 00a2 9B68     		ldr	r3, [r3, #8]
 2801              		.loc 1 3457 8 view .LVU933
 2802 00a4 13F00C0F 		tst	r3, #12
 2803 00a8 4AD0     		beq	.L236
3458:Drivers/STM32F4xx_HAL_Driver/Src/stm32f4xx_hal_rcc_ex.c ****         || \
3459:Drivers/STM32F4xx_HAL_Driver/Src/stm32f4xx_hal_rcc_ex.c ****         ((__HAL_RCC_GET_SYSCLK_SOURCE() == RCC_CFGR_SWS_PLL) && ((RCC->PLLCFGR & RCC_PLLCFGR_PLLSRC
 2804              		.loc 1 3459 11 view .LVU934
 2805 00aa 744B     		ldr	r3, .L317
 2806 00ac 9B68     		ldr	r3, [r3, #8]
 2807 00ae 03F00C03 		and	r3, r3, #12
3458:Drivers/STM32F4xx_HAL_Driver/Src/stm32f4xx_hal_rcc_ex.c ****         || \
 2808              		.loc 1 3458 9 view .LVU935
 2809 00b2 082B     		cmp	r3, #8
 2810 00b4 3FD0     		beq	.L306
 2811              	.L237:
3460:Drivers/STM32F4xx_HAL_Driver/Src/stm32f4xx_hal_rcc_ex.c ****         ((__HAL_RCC_GET_SYSCLK_SOURCE() == RCC_CFGR_SWS_PLLR) && ((RCC->PLLCFGR & RCC_PLLCFGR_PLLSR
 2812              		.loc 1 3460 11 view .LVU936
 2813 00b6 714B     		ldr	r3, .L317
 2814 00b8 9B68     		ldr	r3, [r3, #8]
 2815 00ba 03F00C03 		and	r3, r3, #12
3459:Drivers/STM32F4xx_HAL_Driver/Src/stm32f4xx_hal_rcc_ex.c ****         ((__HAL_RCC_GET_SYSCLK_SOURCE() == RCC_CFGR_SWS_PLLR) && ((RCC->PLLCFGR & RCC_PLLCFGR_PLLSR
 2816              		.loc 1 3459 130 discriminator 1 view .LVU937
 2817 00be 0C2B     		cmp	r3, #12
 2818 00c0 69D0     		beq	.L307
 2819              	.L238:
3461:Drivers/STM32F4xx_HAL_Driver/Src/stm32f4xx_hal_rcc_ex.c **** #else
3462:Drivers/STM32F4xx_HAL_Driver/Src/stm32f4xx_hal_rcc_ex.c ****     if ((__HAL_RCC_GET_SYSCLK_SOURCE() == RCC_CFGR_SWS_HSI)
3463:Drivers/STM32F4xx_HAL_Driver/Src/stm32f4xx_hal_rcc_ex.c ****         || \
ARM GAS  C:\Users\Ebrahim\AppData\Local\Temp\ccoXyWuB.s 			page 119


3464:Drivers/STM32F4xx_HAL_Driver/Src/stm32f4xx_hal_rcc_ex.c ****         ((__HAL_RCC_GET_SYSCLK_SOURCE() == RCC_CFGR_SWS_PLL) && ((RCC->PLLCFGR & RCC_PLLCFGR_PLLSRC
3465:Drivers/STM32F4xx_HAL_Driver/Src/stm32f4xx_hal_rcc_ex.c **** #endif /* STM32F446xx */
3466:Drivers/STM32F4xx_HAL_Driver/Src/stm32f4xx_hal_rcc_ex.c ****     {
3467:Drivers/STM32F4xx_HAL_Driver/Src/stm32f4xx_hal_rcc_ex.c ****       /* When HSI is used as system clock it will not disabled */
3468:Drivers/STM32F4xx_HAL_Driver/Src/stm32f4xx_hal_rcc_ex.c ****       if ((__HAL_RCC_GET_FLAG(RCC_FLAG_HSIRDY) != RESET) && (RCC_OscInitStruct->HSIState != RCC_HSI
3469:Drivers/STM32F4xx_HAL_Driver/Src/stm32f4xx_hal_rcc_ex.c ****       {
3470:Drivers/STM32F4xx_HAL_Driver/Src/stm32f4xx_hal_rcc_ex.c ****         return HAL_ERROR;
3471:Drivers/STM32F4xx_HAL_Driver/Src/stm32f4xx_hal_rcc_ex.c ****       }
3472:Drivers/STM32F4xx_HAL_Driver/Src/stm32f4xx_hal_rcc_ex.c ****       /* Otherwise, just the calibration is allowed */
3473:Drivers/STM32F4xx_HAL_Driver/Src/stm32f4xx_hal_rcc_ex.c ****       else
3474:Drivers/STM32F4xx_HAL_Driver/Src/stm32f4xx_hal_rcc_ex.c ****       {
3475:Drivers/STM32F4xx_HAL_Driver/Src/stm32f4xx_hal_rcc_ex.c ****         /* Adjusts the Internal High Speed oscillator (HSI) calibration value.*/
3476:Drivers/STM32F4xx_HAL_Driver/Src/stm32f4xx_hal_rcc_ex.c ****         __HAL_RCC_HSI_CALIBRATIONVALUE_ADJUST(RCC_OscInitStruct->HSICalibrationValue);
3477:Drivers/STM32F4xx_HAL_Driver/Src/stm32f4xx_hal_rcc_ex.c ****       }
3478:Drivers/STM32F4xx_HAL_Driver/Src/stm32f4xx_hal_rcc_ex.c ****     }
3479:Drivers/STM32F4xx_HAL_Driver/Src/stm32f4xx_hal_rcc_ex.c ****     else
3480:Drivers/STM32F4xx_HAL_Driver/Src/stm32f4xx_hal_rcc_ex.c ****     {
3481:Drivers/STM32F4xx_HAL_Driver/Src/stm32f4xx_hal_rcc_ex.c ****       /* Check the HSI State */
3482:Drivers/STM32F4xx_HAL_Driver/Src/stm32f4xx_hal_rcc_ex.c ****       if ((RCC_OscInitStruct->HSIState) != RCC_HSI_OFF)
 2820              		.loc 1 3482 7 is_stmt 1 view .LVU938
 2821              		.loc 1 3482 29 is_stmt 0 view .LVU939
 2822 00c2 E368     		ldr	r3, [r4, #12]
 2823              		.loc 1 3482 10 view .LVU940
 2824 00c4 002B     		cmp	r3, #0
 2825 00c6 75D0     		beq	.L240
3483:Drivers/STM32F4xx_HAL_Driver/Src/stm32f4xx_hal_rcc_ex.c ****       {
3484:Drivers/STM32F4xx_HAL_Driver/Src/stm32f4xx_hal_rcc_ex.c ****         /* Enable the Internal High Speed oscillator (HSI). */
3485:Drivers/STM32F4xx_HAL_Driver/Src/stm32f4xx_hal_rcc_ex.c ****         __HAL_RCC_HSI_ENABLE();
 2826              		.loc 1 3485 9 is_stmt 1 view .LVU941
 2827 00c8 6D4B     		ldr	r3, .L317+4
 2828 00ca 0122     		movs	r2, #1
 2829 00cc 1A60     		str	r2, [r3]
3486:Drivers/STM32F4xx_HAL_Driver/Src/stm32f4xx_hal_rcc_ex.c **** 
3487:Drivers/STM32F4xx_HAL_Driver/Src/stm32f4xx_hal_rcc_ex.c ****         /* Get Start Tick*/
3488:Drivers/STM32F4xx_HAL_Driver/Src/stm32f4xx_hal_rcc_ex.c ****         tickstart = HAL_GetTick();
 2830              		.loc 1 3488 9 view .LVU942
 2831              		.loc 1 3488 21 is_stmt 0 view .LVU943
 2832 00ce FFF7FEFF 		bl	HAL_GetTick
 2833              	.LVL223:
 2834 00d2 0546     		mov	r5, r0
 2835              	.LVL224:
3489:Drivers/STM32F4xx_HAL_Driver/Src/stm32f4xx_hal_rcc_ex.c **** 
3490:Drivers/STM32F4xx_HAL_Driver/Src/stm32f4xx_hal_rcc_ex.c ****         /* Wait till HSI is ready */
3491:Drivers/STM32F4xx_HAL_Driver/Src/stm32f4xx_hal_rcc_ex.c ****         while (__HAL_RCC_GET_FLAG(RCC_FLAG_HSIRDY) == RESET)
 2836              		.loc 1 3491 9 is_stmt 1 view .LVU944
 2837              	.L241:
 2838              		.loc 1 3491 52 view .LVU945
 2839              		.loc 1 3491 16 is_stmt 0 view .LVU946
 2840 00d4 694B     		ldr	r3, .L317
 2841 00d6 1B68     		ldr	r3, [r3]
 2842              		.loc 1 3491 52 view .LVU947
 2843 00d8 13F0020F 		tst	r3, #2
 2844 00dc 61D1     		bne	.L308
3492:Drivers/STM32F4xx_HAL_Driver/Src/stm32f4xx_hal_rcc_ex.c ****         {
3493:Drivers/STM32F4xx_HAL_Driver/Src/stm32f4xx_hal_rcc_ex.c ****           if ((HAL_GetTick() - tickstart) > HSI_TIMEOUT_VALUE)
 2845              		.loc 1 3493 11 is_stmt 1 view .LVU948
 2846              		.loc 1 3493 16 is_stmt 0 view .LVU949
ARM GAS  C:\Users\Ebrahim\AppData\Local\Temp\ccoXyWuB.s 			page 120


 2847 00de FFF7FEFF 		bl	HAL_GetTick
 2848              	.LVL225:
 2849              		.loc 1 3493 30 discriminator 1 view .LVU950
 2850 00e2 401B     		subs	r0, r0, r5
 2851              		.loc 1 3493 14 discriminator 1 view .LVU951
 2852 00e4 0228     		cmp	r0, #2
 2853 00e6 F5D9     		bls	.L241
3494:Drivers/STM32F4xx_HAL_Driver/Src/stm32f4xx_hal_rcc_ex.c ****           {
3495:Drivers/STM32F4xx_HAL_Driver/Src/stm32f4xx_hal_rcc_ex.c ****             return HAL_TIMEOUT;
 2854              		.loc 1 3495 20 view .LVU952
 2855 00e8 0320     		movs	r0, #3
 2856 00ea 94E1     		b	.L222
 2857              	.LVL226:
 2858              	.L302:
3400:Drivers/STM32F4xx_HAL_Driver/Src/stm32f4xx_hal_rcc_ex.c **** #else
 2859              		.loc 1 3400 71 view .LVU953
 2860 00ec 634B     		ldr	r3, .L317
 2861 00ee 5B68     		ldr	r3, [r3, #4]
3400:Drivers/STM32F4xx_HAL_Driver/Src/stm32f4xx_hal_rcc_ex.c **** #else
 2862              		.loc 1 3400 63 view .LVU954
 2863 00f0 13F4800F 		tst	r3, #4194304
 2864 00f4 A0D0     		beq	.L226
 2865 00f6 C6E7     		b	.L224
 2866              	.L303:
3415:Drivers/STM32F4xx_HAL_Driver/Src/stm32f4xx_hal_rcc_ex.c **** 
 2867              		.loc 1 3415 7 is_stmt 1 discriminator 1 view .LVU955
 2868 00f8 604A     		ldr	r2, .L317
 2869 00fa 1368     		ldr	r3, [r2]
 2870 00fc 43F48033 		orr	r3, r3, #65536
 2871 0100 1360     		str	r3, [r2]
 2872 0102 A9E7     		b	.L228
 2873              	.L304:
3415:Drivers/STM32F4xx_HAL_Driver/Src/stm32f4xx_hal_rcc_ex.c **** 
 2874              		.loc 1 3415 7 discriminator 4 view .LVU956
 2875 0104 5D4B     		ldr	r3, .L317
 2876 0106 1A68     		ldr	r2, [r3]
 2877 0108 42F48022 		orr	r2, r2, #262144
 2878 010c 1A60     		str	r2, [r3]
3415:Drivers/STM32F4xx_HAL_Driver/Src/stm32f4xx_hal_rcc_ex.c **** 
 2879              		.loc 1 3415 7 discriminator 4 view .LVU957
 2880 010e 1A68     		ldr	r2, [r3]
 2881 0110 42F48032 		orr	r2, r2, #65536
 2882 0114 1A60     		str	r2, [r3]
 2883 0116 9FE7     		b	.L228
 2884              	.L230:
3435:Drivers/STM32F4xx_HAL_Driver/Src/stm32f4xx_hal_rcc_ex.c **** 
 2885              		.loc 1 3435 9 view .LVU958
3435:Drivers/STM32F4xx_HAL_Driver/Src/stm32f4xx_hal_rcc_ex.c **** 
 2886              		.loc 1 3435 21 is_stmt 0 view .LVU959
 2887 0118 FFF7FEFF 		bl	HAL_GetTick
 2888              	.LVL227:
3435:Drivers/STM32F4xx_HAL_Driver/Src/stm32f4xx_hal_rcc_ex.c **** 
 2889              		.loc 1 3435 21 view .LVU960
 2890 011c 0546     		mov	r5, r0
 2891              	.LVL228:
3438:Drivers/STM32F4xx_HAL_Driver/Src/stm32f4xx_hal_rcc_ex.c ****         {
 2892              		.loc 1 3438 9 is_stmt 1 view .LVU961
ARM GAS  C:\Users\Ebrahim\AppData\Local\Temp\ccoXyWuB.s 			page 121


 2893              	.L233:
3438:Drivers/STM32F4xx_HAL_Driver/Src/stm32f4xx_hal_rcc_ex.c ****         {
 2894              		.loc 1 3438 52 view .LVU962
3438:Drivers/STM32F4xx_HAL_Driver/Src/stm32f4xx_hal_rcc_ex.c ****         {
 2895              		.loc 1 3438 16 is_stmt 0 view .LVU963
 2896 011e 574B     		ldr	r3, .L317
 2897 0120 1B68     		ldr	r3, [r3]
3438:Drivers/STM32F4xx_HAL_Driver/Src/stm32f4xx_hal_rcc_ex.c ****         {
 2898              		.loc 1 3438 52 view .LVU964
 2899 0122 13F4003F 		tst	r3, #131072
 2900 0126 B7D0     		beq	.L223
3440:Drivers/STM32F4xx_HAL_Driver/Src/stm32f4xx_hal_rcc_ex.c ****           {
 2901              		.loc 1 3440 11 is_stmt 1 view .LVU965
3440:Drivers/STM32F4xx_HAL_Driver/Src/stm32f4xx_hal_rcc_ex.c ****           {
 2902              		.loc 1 3440 16 is_stmt 0 view .LVU966
 2903 0128 FFF7FEFF 		bl	HAL_GetTick
 2904              	.LVL229:
3440:Drivers/STM32F4xx_HAL_Driver/Src/stm32f4xx_hal_rcc_ex.c ****           {
 2905              		.loc 1 3440 30 discriminator 1 view .LVU967
 2906 012c 401B     		subs	r0, r0, r5
3440:Drivers/STM32F4xx_HAL_Driver/Src/stm32f4xx_hal_rcc_ex.c ****           {
 2907              		.loc 1 3440 14 discriminator 1 view .LVU968
 2908 012e 6428     		cmp	r0, #100
 2909 0130 F5D9     		bls	.L233
3442:Drivers/STM32F4xx_HAL_Driver/Src/stm32f4xx_hal_rcc_ex.c ****           }
 2910              		.loc 1 3442 20 view .LVU969
 2911 0132 0320     		movs	r0, #3
 2912 0134 6FE1     		b	.L222
 2913              	.LVL230:
 2914              	.L306:
3459:Drivers/STM32F4xx_HAL_Driver/Src/stm32f4xx_hal_rcc_ex.c ****         ((__HAL_RCC_GET_SYSCLK_SOURCE() == RCC_CFGR_SWS_PLLR) && ((RCC->PLLCFGR & RCC_PLLCFGR_PLLSR
 2915              		.loc 1 3459 70 view .LVU970
 2916 0136 514B     		ldr	r3, .L317
 2917 0138 5B68     		ldr	r3, [r3, #4]
3459:Drivers/STM32F4xx_HAL_Driver/Src/stm32f4xx_hal_rcc_ex.c ****         ((__HAL_RCC_GET_SYSCLK_SOURCE() == RCC_CFGR_SWS_PLLR) && ((RCC->PLLCFGR & RCC_PLLCFGR_PLLSR
 2918              		.loc 1 3459 62 view .LVU971
 2919 013a 13F4800F 		tst	r3, #4194304
 2920 013e BAD1     		bne	.L237
 2921              	.L236:
3468:Drivers/STM32F4xx_HAL_Driver/Src/stm32f4xx_hal_rcc_ex.c ****       {
 2922              		.loc 1 3468 7 is_stmt 1 view .LVU972
3468:Drivers/STM32F4xx_HAL_Driver/Src/stm32f4xx_hal_rcc_ex.c ****       {
 2923              		.loc 1 3468 12 is_stmt 0 view .LVU973
 2924 0140 4E4B     		ldr	r3, .L317
 2925 0142 1B68     		ldr	r3, [r3]
3468:Drivers/STM32F4xx_HAL_Driver/Src/stm32f4xx_hal_rcc_ex.c ****       {
 2926              		.loc 1 3468 10 view .LVU974
 2927 0144 13F0020F 		tst	r3, #2
 2928 0148 03D0     		beq	.L239
3468:Drivers/STM32F4xx_HAL_Driver/Src/stm32f4xx_hal_rcc_ex.c ****       {
 2929              		.loc 1 3468 79 discriminator 1 view .LVU975
 2930 014a E368     		ldr	r3, [r4, #12]
3468:Drivers/STM32F4xx_HAL_Driver/Src/stm32f4xx_hal_rcc_ex.c ****       {
 2931              		.loc 1 3468 58 discriminator 1 view .LVU976
 2932 014c 012B     		cmp	r3, #1
 2933 014e 40F05F81 		bne	.L277
 2934              	.L239:
ARM GAS  C:\Users\Ebrahim\AppData\Local\Temp\ccoXyWuB.s 			page 122


3476:Drivers/STM32F4xx_HAL_Driver/Src/stm32f4xx_hal_rcc_ex.c ****       }
 2935              		.loc 1 3476 9 is_stmt 1 view .LVU977
 2936 0152 4A4A     		ldr	r2, .L317
 2937 0154 1368     		ldr	r3, [r2]
 2938 0156 23F0F803 		bic	r3, r3, #248
 2939 015a 2169     		ldr	r1, [r4, #16]
 2940 015c 43EAC103 		orr	r3, r3, r1, lsl #3
 2941 0160 1360     		str	r3, [r2]
 2942              	.L235:
3496:Drivers/STM32F4xx_HAL_Driver/Src/stm32f4xx_hal_rcc_ex.c ****           }
3497:Drivers/STM32F4xx_HAL_Driver/Src/stm32f4xx_hal_rcc_ex.c ****         }
3498:Drivers/STM32F4xx_HAL_Driver/Src/stm32f4xx_hal_rcc_ex.c **** 
3499:Drivers/STM32F4xx_HAL_Driver/Src/stm32f4xx_hal_rcc_ex.c ****         /* Adjusts the Internal High Speed oscillator (HSI) calibration value.*/
3500:Drivers/STM32F4xx_HAL_Driver/Src/stm32f4xx_hal_rcc_ex.c ****         __HAL_RCC_HSI_CALIBRATIONVALUE_ADJUST(RCC_OscInitStruct->HSICalibrationValue);
3501:Drivers/STM32F4xx_HAL_Driver/Src/stm32f4xx_hal_rcc_ex.c ****       }
3502:Drivers/STM32F4xx_HAL_Driver/Src/stm32f4xx_hal_rcc_ex.c ****       else
3503:Drivers/STM32F4xx_HAL_Driver/Src/stm32f4xx_hal_rcc_ex.c ****       {
3504:Drivers/STM32F4xx_HAL_Driver/Src/stm32f4xx_hal_rcc_ex.c ****         /* Disable the Internal High Speed oscillator (HSI). */
3505:Drivers/STM32F4xx_HAL_Driver/Src/stm32f4xx_hal_rcc_ex.c ****         __HAL_RCC_HSI_DISABLE();
3506:Drivers/STM32F4xx_HAL_Driver/Src/stm32f4xx_hal_rcc_ex.c **** 
3507:Drivers/STM32F4xx_HAL_Driver/Src/stm32f4xx_hal_rcc_ex.c ****         /* Get Start Tick*/
3508:Drivers/STM32F4xx_HAL_Driver/Src/stm32f4xx_hal_rcc_ex.c ****         tickstart = HAL_GetTick();
3509:Drivers/STM32F4xx_HAL_Driver/Src/stm32f4xx_hal_rcc_ex.c **** 
3510:Drivers/STM32F4xx_HAL_Driver/Src/stm32f4xx_hal_rcc_ex.c ****         /* Wait till HSI is ready */
3511:Drivers/STM32F4xx_HAL_Driver/Src/stm32f4xx_hal_rcc_ex.c ****         while (__HAL_RCC_GET_FLAG(RCC_FLAG_HSIRDY) != RESET)
3512:Drivers/STM32F4xx_HAL_Driver/Src/stm32f4xx_hal_rcc_ex.c ****         {
3513:Drivers/STM32F4xx_HAL_Driver/Src/stm32f4xx_hal_rcc_ex.c ****           if ((HAL_GetTick() - tickstart) > HSI_TIMEOUT_VALUE)
3514:Drivers/STM32F4xx_HAL_Driver/Src/stm32f4xx_hal_rcc_ex.c ****           {
3515:Drivers/STM32F4xx_HAL_Driver/Src/stm32f4xx_hal_rcc_ex.c ****             return HAL_TIMEOUT;
3516:Drivers/STM32F4xx_HAL_Driver/Src/stm32f4xx_hal_rcc_ex.c ****           }
3517:Drivers/STM32F4xx_HAL_Driver/Src/stm32f4xx_hal_rcc_ex.c ****         }
3518:Drivers/STM32F4xx_HAL_Driver/Src/stm32f4xx_hal_rcc_ex.c ****       }
3519:Drivers/STM32F4xx_HAL_Driver/Src/stm32f4xx_hal_rcc_ex.c ****     }
3520:Drivers/STM32F4xx_HAL_Driver/Src/stm32f4xx_hal_rcc_ex.c ****   }
3521:Drivers/STM32F4xx_HAL_Driver/Src/stm32f4xx_hal_rcc_ex.c ****   /*------------------------------ LSI Configuration -------------------------*/
3522:Drivers/STM32F4xx_HAL_Driver/Src/stm32f4xx_hal_rcc_ex.c ****   if (((RCC_OscInitStruct->OscillatorType) & RCC_OSCILLATORTYPE_LSI) == RCC_OSCILLATORTYPE_LSI)
 2943              		.loc 1 3522 3 view .LVU978
 2944              		.loc 1 3522 26 is_stmt 0 view .LVU979
 2945 0162 2368     		ldr	r3, [r4]
 2946              		.loc 1 3522 6 view .LVU980
 2947 0164 13F0080F 		tst	r3, #8
 2948 0168 49D0     		beq	.L245
3523:Drivers/STM32F4xx_HAL_Driver/Src/stm32f4xx_hal_rcc_ex.c ****   {
3524:Drivers/STM32F4xx_HAL_Driver/Src/stm32f4xx_hal_rcc_ex.c ****     /* Check the parameters */
3525:Drivers/STM32F4xx_HAL_Driver/Src/stm32f4xx_hal_rcc_ex.c ****     assert_param(IS_RCC_LSI(RCC_OscInitStruct->LSIState));
 2949              		.loc 1 3525 5 is_stmt 1 view .LVU981
3526:Drivers/STM32F4xx_HAL_Driver/Src/stm32f4xx_hal_rcc_ex.c **** 
3527:Drivers/STM32F4xx_HAL_Driver/Src/stm32f4xx_hal_rcc_ex.c ****     /* Check the LSI State */
3528:Drivers/STM32F4xx_HAL_Driver/Src/stm32f4xx_hal_rcc_ex.c ****     if ((RCC_OscInitStruct->LSIState) != RCC_LSI_OFF)
 2950              		.loc 1 3528 5 view .LVU982
 2951              		.loc 1 3528 27 is_stmt 0 view .LVU983
 2952 016a 6369     		ldr	r3, [r4, #20]
 2953              		.loc 1 3528 8 view .LVU984
 2954 016c 002B     		cmp	r3, #0
 2955 016e 33D0     		beq	.L246
3529:Drivers/STM32F4xx_HAL_Driver/Src/stm32f4xx_hal_rcc_ex.c ****     {
3530:Drivers/STM32F4xx_HAL_Driver/Src/stm32f4xx_hal_rcc_ex.c ****       /* Enable the Internal Low Speed oscillator (LSI). */
ARM GAS  C:\Users\Ebrahim\AppData\Local\Temp\ccoXyWuB.s 			page 123


3531:Drivers/STM32F4xx_HAL_Driver/Src/stm32f4xx_hal_rcc_ex.c ****       __HAL_RCC_LSI_ENABLE();
 2956              		.loc 1 3531 7 is_stmt 1 view .LVU985
 2957 0170 434B     		ldr	r3, .L317+4
 2958 0172 0122     		movs	r2, #1
 2959 0174 C3F8802E 		str	r2, [r3, #3712]
3532:Drivers/STM32F4xx_HAL_Driver/Src/stm32f4xx_hal_rcc_ex.c **** 
3533:Drivers/STM32F4xx_HAL_Driver/Src/stm32f4xx_hal_rcc_ex.c ****       /* Get Start Tick*/
3534:Drivers/STM32F4xx_HAL_Driver/Src/stm32f4xx_hal_rcc_ex.c ****       tickstart = HAL_GetTick();
 2960              		.loc 1 3534 7 view .LVU986
 2961              		.loc 1 3534 19 is_stmt 0 view .LVU987
 2962 0178 FFF7FEFF 		bl	HAL_GetTick
 2963              	.LVL231:
 2964 017c 0546     		mov	r5, r0
 2965              	.LVL232:
3535:Drivers/STM32F4xx_HAL_Driver/Src/stm32f4xx_hal_rcc_ex.c **** 
3536:Drivers/STM32F4xx_HAL_Driver/Src/stm32f4xx_hal_rcc_ex.c ****       /* Wait till LSI is ready */
3537:Drivers/STM32F4xx_HAL_Driver/Src/stm32f4xx_hal_rcc_ex.c ****       while (__HAL_RCC_GET_FLAG(RCC_FLAG_LSIRDY) == RESET)
 2966              		.loc 1 3537 7 is_stmt 1 view .LVU988
 2967              	.L247:
 2968              		.loc 1 3537 50 view .LVU989
 2969              		.loc 1 3537 14 is_stmt 0 view .LVU990
 2970 017e 3F4B     		ldr	r3, .L317
 2971 0180 5B6F     		ldr	r3, [r3, #116]
 2972              		.loc 1 3537 50 view .LVU991
 2973 0182 13F0020F 		tst	r3, #2
 2974 0186 3AD1     		bne	.L245
3538:Drivers/STM32F4xx_HAL_Driver/Src/stm32f4xx_hal_rcc_ex.c ****       {
3539:Drivers/STM32F4xx_HAL_Driver/Src/stm32f4xx_hal_rcc_ex.c ****         if ((HAL_GetTick() - tickstart) > LSI_TIMEOUT_VALUE)
 2975              		.loc 1 3539 9 is_stmt 1 view .LVU992
 2976              		.loc 1 3539 14 is_stmt 0 view .LVU993
 2977 0188 FFF7FEFF 		bl	HAL_GetTick
 2978              	.LVL233:
 2979              		.loc 1 3539 28 discriminator 1 view .LVU994
 2980 018c 401B     		subs	r0, r0, r5
 2981              		.loc 1 3539 12 discriminator 1 view .LVU995
 2982 018e 0228     		cmp	r0, #2
 2983 0190 F5D9     		bls	.L247
3540:Drivers/STM32F4xx_HAL_Driver/Src/stm32f4xx_hal_rcc_ex.c ****         {
3541:Drivers/STM32F4xx_HAL_Driver/Src/stm32f4xx_hal_rcc_ex.c ****           return HAL_TIMEOUT;
 2984              		.loc 1 3541 18 view .LVU996
 2985 0192 0320     		movs	r0, #3
 2986 0194 3FE1     		b	.L222
 2987              	.LVL234:
 2988              	.L307:
3460:Drivers/STM32F4xx_HAL_Driver/Src/stm32f4xx_hal_rcc_ex.c **** #else
 2989              		.loc 1 3460 71 view .LVU997
 2990 0196 394B     		ldr	r3, .L317
 2991 0198 5B68     		ldr	r3, [r3, #4]
3460:Drivers/STM32F4xx_HAL_Driver/Src/stm32f4xx_hal_rcc_ex.c **** #else
 2992              		.loc 1 3460 63 view .LVU998
 2993 019a 13F4800F 		tst	r3, #4194304
 2994 019e 90D1     		bne	.L238
 2995 01a0 CEE7     		b	.L236
 2996              	.LVL235:
 2997              	.L308:
3500:Drivers/STM32F4xx_HAL_Driver/Src/stm32f4xx_hal_rcc_ex.c ****       }
 2998              		.loc 1 3500 9 is_stmt 1 view .LVU999
ARM GAS  C:\Users\Ebrahim\AppData\Local\Temp\ccoXyWuB.s 			page 124


 2999 01a2 364A     		ldr	r2, .L317
 3000 01a4 1368     		ldr	r3, [r2]
 3001 01a6 23F0F803 		bic	r3, r3, #248
 3002 01aa 2169     		ldr	r1, [r4, #16]
 3003 01ac 43EAC103 		orr	r3, r3, r1, lsl #3
 3004 01b0 1360     		str	r3, [r2]
 3005 01b2 D6E7     		b	.L235
 3006              	.LVL236:
 3007              	.L240:
3505:Drivers/STM32F4xx_HAL_Driver/Src/stm32f4xx_hal_rcc_ex.c **** 
 3008              		.loc 1 3505 9 view .LVU1000
 3009 01b4 324B     		ldr	r3, .L317+4
 3010 01b6 0022     		movs	r2, #0
 3011 01b8 1A60     		str	r2, [r3]
3508:Drivers/STM32F4xx_HAL_Driver/Src/stm32f4xx_hal_rcc_ex.c **** 
 3012              		.loc 1 3508 9 view .LVU1001
3508:Drivers/STM32F4xx_HAL_Driver/Src/stm32f4xx_hal_rcc_ex.c **** 
 3013              		.loc 1 3508 21 is_stmt 0 view .LVU1002
 3014 01ba FFF7FEFF 		bl	HAL_GetTick
 3015              	.LVL237:
 3016 01be 0546     		mov	r5, r0
 3017              	.LVL238:
3511:Drivers/STM32F4xx_HAL_Driver/Src/stm32f4xx_hal_rcc_ex.c ****         {
 3018              		.loc 1 3511 9 is_stmt 1 view .LVU1003
 3019              	.L243:
3511:Drivers/STM32F4xx_HAL_Driver/Src/stm32f4xx_hal_rcc_ex.c ****         {
 3020              		.loc 1 3511 52 view .LVU1004
3511:Drivers/STM32F4xx_HAL_Driver/Src/stm32f4xx_hal_rcc_ex.c ****         {
 3021              		.loc 1 3511 16 is_stmt 0 view .LVU1005
 3022 01c0 2E4B     		ldr	r3, .L317
 3023 01c2 1B68     		ldr	r3, [r3]
3511:Drivers/STM32F4xx_HAL_Driver/Src/stm32f4xx_hal_rcc_ex.c ****         {
 3024              		.loc 1 3511 52 view .LVU1006
 3025 01c4 13F0020F 		tst	r3, #2
 3026 01c8 CBD0     		beq	.L235
3513:Drivers/STM32F4xx_HAL_Driver/Src/stm32f4xx_hal_rcc_ex.c ****           {
 3027              		.loc 1 3513 11 is_stmt 1 view .LVU1007
3513:Drivers/STM32F4xx_HAL_Driver/Src/stm32f4xx_hal_rcc_ex.c ****           {
 3028              		.loc 1 3513 16 is_stmt 0 view .LVU1008
 3029 01ca FFF7FEFF 		bl	HAL_GetTick
 3030              	.LVL239:
3513:Drivers/STM32F4xx_HAL_Driver/Src/stm32f4xx_hal_rcc_ex.c ****           {
 3031              		.loc 1 3513 30 discriminator 1 view .LVU1009
 3032 01ce 401B     		subs	r0, r0, r5
3513:Drivers/STM32F4xx_HAL_Driver/Src/stm32f4xx_hal_rcc_ex.c ****           {
 3033              		.loc 1 3513 14 discriminator 1 view .LVU1010
 3034 01d0 0228     		cmp	r0, #2
 3035 01d2 F5D9     		bls	.L243
3515:Drivers/STM32F4xx_HAL_Driver/Src/stm32f4xx_hal_rcc_ex.c ****           }
 3036              		.loc 1 3515 20 view .LVU1011
 3037 01d4 0320     		movs	r0, #3
 3038 01d6 1EE1     		b	.L222
 3039              	.LVL240:
 3040              	.L246:
3542:Drivers/STM32F4xx_HAL_Driver/Src/stm32f4xx_hal_rcc_ex.c ****         }
3543:Drivers/STM32F4xx_HAL_Driver/Src/stm32f4xx_hal_rcc_ex.c ****       }
3544:Drivers/STM32F4xx_HAL_Driver/Src/stm32f4xx_hal_rcc_ex.c ****     }
ARM GAS  C:\Users\Ebrahim\AppData\Local\Temp\ccoXyWuB.s 			page 125


3545:Drivers/STM32F4xx_HAL_Driver/Src/stm32f4xx_hal_rcc_ex.c ****     else
3546:Drivers/STM32F4xx_HAL_Driver/Src/stm32f4xx_hal_rcc_ex.c ****     {
3547:Drivers/STM32F4xx_HAL_Driver/Src/stm32f4xx_hal_rcc_ex.c ****       /* Disable the Internal Low Speed oscillator (LSI). */
3548:Drivers/STM32F4xx_HAL_Driver/Src/stm32f4xx_hal_rcc_ex.c ****       __HAL_RCC_LSI_DISABLE();
 3041              		.loc 1 3548 7 is_stmt 1 view .LVU1012
 3042 01d8 294B     		ldr	r3, .L317+4
 3043 01da 0022     		movs	r2, #0
 3044 01dc C3F8802E 		str	r2, [r3, #3712]
3549:Drivers/STM32F4xx_HAL_Driver/Src/stm32f4xx_hal_rcc_ex.c **** 
3550:Drivers/STM32F4xx_HAL_Driver/Src/stm32f4xx_hal_rcc_ex.c ****       /* Get Start Tick*/
3551:Drivers/STM32F4xx_HAL_Driver/Src/stm32f4xx_hal_rcc_ex.c ****       tickstart = HAL_GetTick();
 3045              		.loc 1 3551 7 view .LVU1013
 3046              		.loc 1 3551 19 is_stmt 0 view .LVU1014
 3047 01e0 FFF7FEFF 		bl	HAL_GetTick
 3048              	.LVL241:
 3049 01e4 0546     		mov	r5, r0
 3050              	.LVL242:
3552:Drivers/STM32F4xx_HAL_Driver/Src/stm32f4xx_hal_rcc_ex.c **** 
3553:Drivers/STM32F4xx_HAL_Driver/Src/stm32f4xx_hal_rcc_ex.c ****       /* Wait till LSI is ready */
3554:Drivers/STM32F4xx_HAL_Driver/Src/stm32f4xx_hal_rcc_ex.c ****       while (__HAL_RCC_GET_FLAG(RCC_FLAG_LSIRDY) != RESET)
 3051              		.loc 1 3554 7 is_stmt 1 view .LVU1015
 3052              	.L249:
 3053              		.loc 1 3554 50 view .LVU1016
 3054              		.loc 1 3554 14 is_stmt 0 view .LVU1017
 3055 01e6 254B     		ldr	r3, .L317
 3056 01e8 5B6F     		ldr	r3, [r3, #116]
 3057              		.loc 1 3554 50 view .LVU1018
 3058 01ea 13F0020F 		tst	r3, #2
 3059 01ee 06D0     		beq	.L245
3555:Drivers/STM32F4xx_HAL_Driver/Src/stm32f4xx_hal_rcc_ex.c ****       {
3556:Drivers/STM32F4xx_HAL_Driver/Src/stm32f4xx_hal_rcc_ex.c ****         if ((HAL_GetTick() - tickstart) > LSI_TIMEOUT_VALUE)
 3060              		.loc 1 3556 9 is_stmt 1 view .LVU1019
 3061              		.loc 1 3556 14 is_stmt 0 view .LVU1020
 3062 01f0 FFF7FEFF 		bl	HAL_GetTick
 3063              	.LVL243:
 3064              		.loc 1 3556 28 discriminator 1 view .LVU1021
 3065 01f4 401B     		subs	r0, r0, r5
 3066              		.loc 1 3556 12 discriminator 1 view .LVU1022
 3067 01f6 0228     		cmp	r0, #2
 3068 01f8 F5D9     		bls	.L249
3557:Drivers/STM32F4xx_HAL_Driver/Src/stm32f4xx_hal_rcc_ex.c ****         {
3558:Drivers/STM32F4xx_HAL_Driver/Src/stm32f4xx_hal_rcc_ex.c ****           return HAL_TIMEOUT;
 3069              		.loc 1 3558 18 view .LVU1023
 3070 01fa 0320     		movs	r0, #3
 3071 01fc 0BE1     		b	.L222
 3072              	.LVL244:
 3073              	.L245:
3559:Drivers/STM32F4xx_HAL_Driver/Src/stm32f4xx_hal_rcc_ex.c ****         }
3560:Drivers/STM32F4xx_HAL_Driver/Src/stm32f4xx_hal_rcc_ex.c ****       }
3561:Drivers/STM32F4xx_HAL_Driver/Src/stm32f4xx_hal_rcc_ex.c ****     }
3562:Drivers/STM32F4xx_HAL_Driver/Src/stm32f4xx_hal_rcc_ex.c ****   }
3563:Drivers/STM32F4xx_HAL_Driver/Src/stm32f4xx_hal_rcc_ex.c ****   /*------------------------------ LSE Configuration -------------------------*/
3564:Drivers/STM32F4xx_HAL_Driver/Src/stm32f4xx_hal_rcc_ex.c ****   if (((RCC_OscInitStruct->OscillatorType) & RCC_OSCILLATORTYPE_LSE) == RCC_OSCILLATORTYPE_LSE)
 3074              		.loc 1 3564 3 is_stmt 1 view .LVU1024
 3075              		.loc 1 3564 26 is_stmt 0 view .LVU1025
 3076 01fe 2368     		ldr	r3, [r4]
 3077              		.loc 1 3564 6 view .LVU1026
ARM GAS  C:\Users\Ebrahim\AppData\Local\Temp\ccoXyWuB.s 			page 126


 3078 0200 13F0040F 		tst	r3, #4
 3079 0204 76D0     		beq	.L251
 3080              	.LBB3:
3565:Drivers/STM32F4xx_HAL_Driver/Src/stm32f4xx_hal_rcc_ex.c ****   {
3566:Drivers/STM32F4xx_HAL_Driver/Src/stm32f4xx_hal_rcc_ex.c ****     FlagStatus       pwrclkchanged = RESET;
 3081              		.loc 1 3566 5 is_stmt 1 view .LVU1027
 3082              	.LVL245:
3567:Drivers/STM32F4xx_HAL_Driver/Src/stm32f4xx_hal_rcc_ex.c **** 
3568:Drivers/STM32F4xx_HAL_Driver/Src/stm32f4xx_hal_rcc_ex.c ****     /* Check the parameters */
3569:Drivers/STM32F4xx_HAL_Driver/Src/stm32f4xx_hal_rcc_ex.c ****     assert_param(IS_RCC_LSE(RCC_OscInitStruct->LSEState));
 3083              		.loc 1 3569 5 view .LVU1028
3570:Drivers/STM32F4xx_HAL_Driver/Src/stm32f4xx_hal_rcc_ex.c **** 
3571:Drivers/STM32F4xx_HAL_Driver/Src/stm32f4xx_hal_rcc_ex.c ****     /* Update LSE configuration in Backup Domain control register    */
3572:Drivers/STM32F4xx_HAL_Driver/Src/stm32f4xx_hal_rcc_ex.c ****     /* Requires to enable write access to Backup Domain of necessary */
3573:Drivers/STM32F4xx_HAL_Driver/Src/stm32f4xx_hal_rcc_ex.c ****     if (__HAL_RCC_PWR_IS_CLK_DISABLED())
 3084              		.loc 1 3573 5 view .LVU1029
 3085              		.loc 1 3573 9 is_stmt 0 view .LVU1030
 3086 0206 1D4B     		ldr	r3, .L317
 3087 0208 1B6C     		ldr	r3, [r3, #64]
 3088              		.loc 1 3573 8 view .LVU1031
 3089 020a 13F0805F 		tst	r3, #268435456
 3090 020e 33D1     		bne	.L282
3574:Drivers/STM32F4xx_HAL_Driver/Src/stm32f4xx_hal_rcc_ex.c ****     {
3575:Drivers/STM32F4xx_HAL_Driver/Src/stm32f4xx_hal_rcc_ex.c ****       __HAL_RCC_PWR_CLK_ENABLE();
 3091              		.loc 1 3575 7 is_stmt 1 view .LVU1032
 3092              	.LBB4:
 3093              		.loc 1 3575 7 view .LVU1033
 3094 0210 0023     		movs	r3, #0
 3095 0212 0193     		str	r3, [sp, #4]
 3096              		.loc 1 3575 7 view .LVU1034
 3097 0214 194B     		ldr	r3, .L317
 3098 0216 1A6C     		ldr	r2, [r3, #64]
 3099 0218 42F08052 		orr	r2, r2, #268435456
 3100 021c 1A64     		str	r2, [r3, #64]
 3101              		.loc 1 3575 7 view .LVU1035
 3102 021e 1B6C     		ldr	r3, [r3, #64]
 3103 0220 03F08053 		and	r3, r3, #268435456
 3104 0224 0193     		str	r3, [sp, #4]
 3105              		.loc 1 3575 7 view .LVU1036
 3106 0226 019B     		ldr	r3, [sp, #4]
 3107              	.LBE4:
 3108              		.loc 1 3575 7 view .LVU1037
3576:Drivers/STM32F4xx_HAL_Driver/Src/stm32f4xx_hal_rcc_ex.c ****       pwrclkchanged = SET;
 3109              		.loc 1 3576 7 view .LVU1038
 3110              	.LVL246:
 3111              		.loc 1 3576 21 is_stmt 0 view .LVU1039
 3112 0228 0125     		movs	r5, #1
 3113              	.LVL247:
 3114              	.L252:
3577:Drivers/STM32F4xx_HAL_Driver/Src/stm32f4xx_hal_rcc_ex.c ****     }
3578:Drivers/STM32F4xx_HAL_Driver/Src/stm32f4xx_hal_rcc_ex.c **** 
3579:Drivers/STM32F4xx_HAL_Driver/Src/stm32f4xx_hal_rcc_ex.c ****     if (HAL_IS_BIT_CLR(PWR->CR, PWR_CR_DBP))
 3115              		.loc 1 3579 5 is_stmt 1 view .LVU1040
 3116              		.loc 1 3579 9 is_stmt 0 view .LVU1041
 3117 022a 164B     		ldr	r3, .L317+8
 3118 022c 1B68     		ldr	r3, [r3]
 3119              		.loc 1 3579 8 view .LVU1042
ARM GAS  C:\Users\Ebrahim\AppData\Local\Temp\ccoXyWuB.s 			page 127


 3120 022e 13F4807F 		tst	r3, #256
 3121 0232 29D0     		beq	.L309
 3122              	.L253:
3580:Drivers/STM32F4xx_HAL_Driver/Src/stm32f4xx_hal_rcc_ex.c ****     {
3581:Drivers/STM32F4xx_HAL_Driver/Src/stm32f4xx_hal_rcc_ex.c ****       /* Enable write access to Backup domain */
3582:Drivers/STM32F4xx_HAL_Driver/Src/stm32f4xx_hal_rcc_ex.c ****       SET_BIT(PWR->CR, PWR_CR_DBP);
3583:Drivers/STM32F4xx_HAL_Driver/Src/stm32f4xx_hal_rcc_ex.c **** 
3584:Drivers/STM32F4xx_HAL_Driver/Src/stm32f4xx_hal_rcc_ex.c ****       /* Wait for Backup domain Write protection disable */
3585:Drivers/STM32F4xx_HAL_Driver/Src/stm32f4xx_hal_rcc_ex.c ****       tickstart = HAL_GetTick();
3586:Drivers/STM32F4xx_HAL_Driver/Src/stm32f4xx_hal_rcc_ex.c **** 
3587:Drivers/STM32F4xx_HAL_Driver/Src/stm32f4xx_hal_rcc_ex.c ****       while (HAL_IS_BIT_CLR(PWR->CR, PWR_CR_DBP))
3588:Drivers/STM32F4xx_HAL_Driver/Src/stm32f4xx_hal_rcc_ex.c ****       {
3589:Drivers/STM32F4xx_HAL_Driver/Src/stm32f4xx_hal_rcc_ex.c ****         if ((HAL_GetTick() - tickstart) > RCC_DBP_TIMEOUT_VALUE)
3590:Drivers/STM32F4xx_HAL_Driver/Src/stm32f4xx_hal_rcc_ex.c ****         {
3591:Drivers/STM32F4xx_HAL_Driver/Src/stm32f4xx_hal_rcc_ex.c ****           return HAL_TIMEOUT;
3592:Drivers/STM32F4xx_HAL_Driver/Src/stm32f4xx_hal_rcc_ex.c ****         }
3593:Drivers/STM32F4xx_HAL_Driver/Src/stm32f4xx_hal_rcc_ex.c ****       }
3594:Drivers/STM32F4xx_HAL_Driver/Src/stm32f4xx_hal_rcc_ex.c ****     }
3595:Drivers/STM32F4xx_HAL_Driver/Src/stm32f4xx_hal_rcc_ex.c **** 
3596:Drivers/STM32F4xx_HAL_Driver/Src/stm32f4xx_hal_rcc_ex.c ****     /* Set the new LSE configuration -----------------------------------------*/
3597:Drivers/STM32F4xx_HAL_Driver/Src/stm32f4xx_hal_rcc_ex.c ****     __HAL_RCC_LSE_CONFIG(RCC_OscInitStruct->LSEState);
 3123              		.loc 1 3597 5 is_stmt 1 view .LVU1043
 3124              		.loc 1 3597 5 view .LVU1044
 3125 0234 A368     		ldr	r3, [r4, #8]
 3126 0236 012B     		cmp	r3, #1
 3127 0238 3AD0     		beq	.L310
 3128              		.loc 1 3597 5 discriminator 2 view .LVU1045
 3129 023a 052B     		cmp	r3, #5
 3130 023c 3ED0     		beq	.L311
 3131              		.loc 1 3597 5 discriminator 5 view .LVU1046
 3132 023e 0F4B     		ldr	r3, .L317
 3133 0240 1A6F     		ldr	r2, [r3, #112]
 3134 0242 22F00102 		bic	r2, r2, #1
 3135 0246 1A67     		str	r2, [r3, #112]
 3136              		.loc 1 3597 5 discriminator 5 view .LVU1047
 3137 0248 1A6F     		ldr	r2, [r3, #112]
 3138 024a 22F00402 		bic	r2, r2, #4
 3139 024e 1A67     		str	r2, [r3, #112]
 3140              	.L257:
 3141              		.loc 1 3597 5 discriminator 7 view .LVU1048
3598:Drivers/STM32F4xx_HAL_Driver/Src/stm32f4xx_hal_rcc_ex.c ****     /* Check the LSE State */
3599:Drivers/STM32F4xx_HAL_Driver/Src/stm32f4xx_hal_rcc_ex.c ****     if ((RCC_OscInitStruct->LSEState) != RCC_LSE_OFF)
 3142              		.loc 1 3599 5 view .LVU1049
 3143              		.loc 1 3599 27 is_stmt 0 view .LVU1050
 3144 0250 A368     		ldr	r3, [r4, #8]
 3145              		.loc 1 3599 8 view .LVU1051
 3146 0252 002B     		cmp	r3, #0
 3147 0254 3CD0     		beq	.L259
3600:Drivers/STM32F4xx_HAL_Driver/Src/stm32f4xx_hal_rcc_ex.c ****     {
3601:Drivers/STM32F4xx_HAL_Driver/Src/stm32f4xx_hal_rcc_ex.c ****       /* Get Start Tick*/
3602:Drivers/STM32F4xx_HAL_Driver/Src/stm32f4xx_hal_rcc_ex.c ****       tickstart = HAL_GetTick();
 3148              		.loc 1 3602 7 is_stmt 1 view .LVU1052
 3149              		.loc 1 3602 19 is_stmt 0 view .LVU1053
 3150 0256 FFF7FEFF 		bl	HAL_GetTick
 3151              	.LVL248:
 3152 025a 0646     		mov	r6, r0
 3153              	.LVL249:
ARM GAS  C:\Users\Ebrahim\AppData\Local\Temp\ccoXyWuB.s 			page 128


3603:Drivers/STM32F4xx_HAL_Driver/Src/stm32f4xx_hal_rcc_ex.c **** 
3604:Drivers/STM32F4xx_HAL_Driver/Src/stm32f4xx_hal_rcc_ex.c ****       /* Wait till LSE is ready */
3605:Drivers/STM32F4xx_HAL_Driver/Src/stm32f4xx_hal_rcc_ex.c ****       while (__HAL_RCC_GET_FLAG(RCC_FLAG_LSERDY) == RESET)
 3154              		.loc 1 3605 7 is_stmt 1 view .LVU1054
 3155              	.L260:
 3156              		.loc 1 3605 50 view .LVU1055
 3157              		.loc 1 3605 14 is_stmt 0 view .LVU1056
 3158 025c 074B     		ldr	r3, .L317
 3159 025e 1B6F     		ldr	r3, [r3, #112]
 3160              		.loc 1 3605 50 view .LVU1057
 3161 0260 13F0020F 		tst	r3, #2
 3162 0264 45D1     		bne	.L262
3606:Drivers/STM32F4xx_HAL_Driver/Src/stm32f4xx_hal_rcc_ex.c ****       {
3607:Drivers/STM32F4xx_HAL_Driver/Src/stm32f4xx_hal_rcc_ex.c ****         if ((HAL_GetTick() - tickstart) > RCC_LSE_TIMEOUT_VALUE)
 3163              		.loc 1 3607 9 is_stmt 1 view .LVU1058
 3164              		.loc 1 3607 14 is_stmt 0 view .LVU1059
 3165 0266 FFF7FEFF 		bl	HAL_GetTick
 3166              	.LVL250:
 3167              		.loc 1 3607 28 discriminator 1 view .LVU1060
 3168 026a 801B     		subs	r0, r0, r6
 3169              		.loc 1 3607 12 discriminator 1 view .LVU1061
 3170 026c 41F28833 		movw	r3, #5000
 3171 0270 9842     		cmp	r0, r3
 3172 0272 F3D9     		bls	.L260
3608:Drivers/STM32F4xx_HAL_Driver/Src/stm32f4xx_hal_rcc_ex.c ****         {
3609:Drivers/STM32F4xx_HAL_Driver/Src/stm32f4xx_hal_rcc_ex.c ****           return HAL_TIMEOUT;
 3173              		.loc 1 3609 18 view .LVU1062
 3174 0274 0320     		movs	r0, #3
 3175 0276 CEE0     		b	.L222
 3176              	.LVL251:
 3177              	.L282:
3566:Drivers/STM32F4xx_HAL_Driver/Src/stm32f4xx_hal_rcc_ex.c **** 
 3178              		.loc 1 3566 22 view .LVU1063
 3179 0278 0025     		movs	r5, #0
 3180 027a D6E7     		b	.L252
 3181              	.L318:
 3182              		.align	2
 3183              	.L317:
 3184 027c 00380240 		.word	1073887232
 3185 0280 00004742 		.word	1111949312
 3186 0284 00700040 		.word	1073770496
 3187              	.LVL252:
 3188              	.L309:
3582:Drivers/STM32F4xx_HAL_Driver/Src/stm32f4xx_hal_rcc_ex.c **** 
 3189              		.loc 1 3582 7 is_stmt 1 view .LVU1064
 3190 0288 6B4A     		ldr	r2, .L319
 3191 028a 1368     		ldr	r3, [r2]
 3192 028c 43F48073 		orr	r3, r3, #256
 3193 0290 1360     		str	r3, [r2]
3585:Drivers/STM32F4xx_HAL_Driver/Src/stm32f4xx_hal_rcc_ex.c **** 
 3194              		.loc 1 3585 7 view .LVU1065
3585:Drivers/STM32F4xx_HAL_Driver/Src/stm32f4xx_hal_rcc_ex.c **** 
 3195              		.loc 1 3585 19 is_stmt 0 view .LVU1066
 3196 0292 FFF7FEFF 		bl	HAL_GetTick
 3197              	.LVL253:
 3198 0296 0646     		mov	r6, r0
 3199              	.LVL254:
ARM GAS  C:\Users\Ebrahim\AppData\Local\Temp\ccoXyWuB.s 			page 129


3587:Drivers/STM32F4xx_HAL_Driver/Src/stm32f4xx_hal_rcc_ex.c ****       {
 3200              		.loc 1 3587 7 is_stmt 1 view .LVU1067
 3201              	.L254:
3587:Drivers/STM32F4xx_HAL_Driver/Src/stm32f4xx_hal_rcc_ex.c ****       {
 3202              		.loc 1 3587 14 view .LVU1068
 3203 0298 674B     		ldr	r3, .L319
 3204 029a 1B68     		ldr	r3, [r3]
 3205 029c 13F4807F 		tst	r3, #256
 3206 02a0 C8D1     		bne	.L253
3589:Drivers/STM32F4xx_HAL_Driver/Src/stm32f4xx_hal_rcc_ex.c ****         {
 3207              		.loc 1 3589 9 view .LVU1069
3589:Drivers/STM32F4xx_HAL_Driver/Src/stm32f4xx_hal_rcc_ex.c ****         {
 3208              		.loc 1 3589 14 is_stmt 0 view .LVU1070
 3209 02a2 FFF7FEFF 		bl	HAL_GetTick
 3210              	.LVL255:
3589:Drivers/STM32F4xx_HAL_Driver/Src/stm32f4xx_hal_rcc_ex.c ****         {
 3211              		.loc 1 3589 28 discriminator 1 view .LVU1071
 3212 02a6 801B     		subs	r0, r0, r6
3589:Drivers/STM32F4xx_HAL_Driver/Src/stm32f4xx_hal_rcc_ex.c ****         {
 3213              		.loc 1 3589 12 discriminator 1 view .LVU1072
 3214 02a8 0228     		cmp	r0, #2
 3215 02aa F5D9     		bls	.L254
3591:Drivers/STM32F4xx_HAL_Driver/Src/stm32f4xx_hal_rcc_ex.c ****         }
 3216              		.loc 1 3591 18 view .LVU1073
 3217 02ac 0320     		movs	r0, #3
 3218 02ae B2E0     		b	.L222
 3219              	.LVL256:
 3220              	.L310:
3597:Drivers/STM32F4xx_HAL_Driver/Src/stm32f4xx_hal_rcc_ex.c ****     /* Check the LSE State */
 3221              		.loc 1 3597 5 is_stmt 1 discriminator 1 view .LVU1074
 3222 02b0 624A     		ldr	r2, .L319+4
 3223 02b2 136F     		ldr	r3, [r2, #112]
 3224 02b4 43F00103 		orr	r3, r3, #1
 3225 02b8 1367     		str	r3, [r2, #112]
 3226 02ba C9E7     		b	.L257
 3227              	.L311:
3597:Drivers/STM32F4xx_HAL_Driver/Src/stm32f4xx_hal_rcc_ex.c ****     /* Check the LSE State */
 3228              		.loc 1 3597 5 discriminator 4 view .LVU1075
 3229 02bc 5F4B     		ldr	r3, .L319+4
 3230 02be 1A6F     		ldr	r2, [r3, #112]
 3231 02c0 42F00402 		orr	r2, r2, #4
 3232 02c4 1A67     		str	r2, [r3, #112]
3597:Drivers/STM32F4xx_HAL_Driver/Src/stm32f4xx_hal_rcc_ex.c ****     /* Check the LSE State */
 3233              		.loc 1 3597 5 discriminator 4 view .LVU1076
 3234 02c6 1A6F     		ldr	r2, [r3, #112]
 3235 02c8 42F00102 		orr	r2, r2, #1
 3236 02cc 1A67     		str	r2, [r3, #112]
 3237 02ce BFE7     		b	.L257
 3238              	.L259:
3610:Drivers/STM32F4xx_HAL_Driver/Src/stm32f4xx_hal_rcc_ex.c ****         }
3611:Drivers/STM32F4xx_HAL_Driver/Src/stm32f4xx_hal_rcc_ex.c ****       }
3612:Drivers/STM32F4xx_HAL_Driver/Src/stm32f4xx_hal_rcc_ex.c ****     }
3613:Drivers/STM32F4xx_HAL_Driver/Src/stm32f4xx_hal_rcc_ex.c ****     else
3614:Drivers/STM32F4xx_HAL_Driver/Src/stm32f4xx_hal_rcc_ex.c ****     {
3615:Drivers/STM32F4xx_HAL_Driver/Src/stm32f4xx_hal_rcc_ex.c ****       /* Get Start Tick*/
3616:Drivers/STM32F4xx_HAL_Driver/Src/stm32f4xx_hal_rcc_ex.c ****       tickstart = HAL_GetTick();
 3239              		.loc 1 3616 7 view .LVU1077
ARM GAS  C:\Users\Ebrahim\AppData\Local\Temp\ccoXyWuB.s 			page 130


 3240              		.loc 1 3616 19 is_stmt 0 view .LVU1078
 3241 02d0 FFF7FEFF 		bl	HAL_GetTick
 3242              	.LVL257:
 3243 02d4 0646     		mov	r6, r0
 3244              	.LVL258:
3617:Drivers/STM32F4xx_HAL_Driver/Src/stm32f4xx_hal_rcc_ex.c **** 
3618:Drivers/STM32F4xx_HAL_Driver/Src/stm32f4xx_hal_rcc_ex.c ****       /* Wait till LSE is ready */
3619:Drivers/STM32F4xx_HAL_Driver/Src/stm32f4xx_hal_rcc_ex.c ****       while (__HAL_RCC_GET_FLAG(RCC_FLAG_LSERDY) != RESET)
 3245              		.loc 1 3619 7 is_stmt 1 view .LVU1079
 3246              	.L263:
 3247              		.loc 1 3619 50 view .LVU1080
 3248              		.loc 1 3619 14 is_stmt 0 view .LVU1081
 3249 02d6 594B     		ldr	r3, .L319+4
 3250 02d8 1B6F     		ldr	r3, [r3, #112]
 3251              		.loc 1 3619 50 view .LVU1082
 3252 02da 13F0020F 		tst	r3, #2
 3253 02de 08D0     		beq	.L262
3620:Drivers/STM32F4xx_HAL_Driver/Src/stm32f4xx_hal_rcc_ex.c ****       {
3621:Drivers/STM32F4xx_HAL_Driver/Src/stm32f4xx_hal_rcc_ex.c ****         if ((HAL_GetTick() - tickstart) > RCC_LSE_TIMEOUT_VALUE)
 3254              		.loc 1 3621 9 is_stmt 1 view .LVU1083
 3255              		.loc 1 3621 14 is_stmt 0 view .LVU1084
 3256 02e0 FFF7FEFF 		bl	HAL_GetTick
 3257              	.LVL259:
 3258              		.loc 1 3621 28 discriminator 1 view .LVU1085
 3259 02e4 801B     		subs	r0, r0, r6
 3260              		.loc 1 3621 12 discriminator 1 view .LVU1086
 3261 02e6 41F28833 		movw	r3, #5000
 3262 02ea 9842     		cmp	r0, r3
 3263 02ec F3D9     		bls	.L263
3622:Drivers/STM32F4xx_HAL_Driver/Src/stm32f4xx_hal_rcc_ex.c ****         {
3623:Drivers/STM32F4xx_HAL_Driver/Src/stm32f4xx_hal_rcc_ex.c ****           return HAL_TIMEOUT;
 3264              		.loc 1 3623 18 view .LVU1087
 3265 02ee 0320     		movs	r0, #3
 3266 02f0 91E0     		b	.L222
 3267              	.L262:
3624:Drivers/STM32F4xx_HAL_Driver/Src/stm32f4xx_hal_rcc_ex.c ****         }
3625:Drivers/STM32F4xx_HAL_Driver/Src/stm32f4xx_hal_rcc_ex.c ****       }
3626:Drivers/STM32F4xx_HAL_Driver/Src/stm32f4xx_hal_rcc_ex.c ****     }
3627:Drivers/STM32F4xx_HAL_Driver/Src/stm32f4xx_hal_rcc_ex.c **** 
3628:Drivers/STM32F4xx_HAL_Driver/Src/stm32f4xx_hal_rcc_ex.c ****     /* Restore clock configuration if changed */
3629:Drivers/STM32F4xx_HAL_Driver/Src/stm32f4xx_hal_rcc_ex.c ****     if (pwrclkchanged == SET)
 3268              		.loc 1 3629 5 is_stmt 1 view .LVU1088
 3269              		.loc 1 3629 8 is_stmt 0 view .LVU1089
 3270 02f2 EDB9     		cbnz	r5, .L312
 3271              	.LVL260:
 3272              	.L251:
 3273              		.loc 1 3629 8 view .LVU1090
 3274              	.LBE3:
3630:Drivers/STM32F4xx_HAL_Driver/Src/stm32f4xx_hal_rcc_ex.c ****     {
3631:Drivers/STM32F4xx_HAL_Driver/Src/stm32f4xx_hal_rcc_ex.c ****       __HAL_RCC_PWR_CLK_DISABLE();
3632:Drivers/STM32F4xx_HAL_Driver/Src/stm32f4xx_hal_rcc_ex.c ****     }
3633:Drivers/STM32F4xx_HAL_Driver/Src/stm32f4xx_hal_rcc_ex.c ****   }
3634:Drivers/STM32F4xx_HAL_Driver/Src/stm32f4xx_hal_rcc_ex.c ****   /*-------------------------------- PLL Configuration -----------------------*/
3635:Drivers/STM32F4xx_HAL_Driver/Src/stm32f4xx_hal_rcc_ex.c ****   /* Check the parameters */
3636:Drivers/STM32F4xx_HAL_Driver/Src/stm32f4xx_hal_rcc_ex.c ****   assert_param(IS_RCC_PLL(RCC_OscInitStruct->PLL.PLLState));
 3275              		.loc 1 3636 3 is_stmt 1 view .LVU1091
3637:Drivers/STM32F4xx_HAL_Driver/Src/stm32f4xx_hal_rcc_ex.c ****   if ((RCC_OscInitStruct->PLL.PLLState) != RCC_PLL_NONE)
ARM GAS  C:\Users\Ebrahim\AppData\Local\Temp\ccoXyWuB.s 			page 131


 3276              		.loc 1 3637 3 view .LVU1092
 3277              		.loc 1 3637 30 is_stmt 0 view .LVU1093
 3278 02f4 A369     		ldr	r3, [r4, #24]
 3279              		.loc 1 3637 6 view .LVU1094
 3280 02f6 002B     		cmp	r3, #0
 3281 02f8 00F08C80 		beq	.L286
3638:Drivers/STM32F4xx_HAL_Driver/Src/stm32f4xx_hal_rcc_ex.c ****   {
3639:Drivers/STM32F4xx_HAL_Driver/Src/stm32f4xx_hal_rcc_ex.c ****     /* Check if the PLL is used as system clock or not */
3640:Drivers/STM32F4xx_HAL_Driver/Src/stm32f4xx_hal_rcc_ex.c ****     if (__HAL_RCC_GET_SYSCLK_SOURCE() != RCC_CFGR_SWS_PLL)
 3282              		.loc 1 3640 5 is_stmt 1 view .LVU1095
 3283              		.loc 1 3640 9 is_stmt 0 view .LVU1096
 3284 02fc 4F4A     		ldr	r2, .L319+4
 3285 02fe 9268     		ldr	r2, [r2, #8]
 3286 0300 02F00C02 		and	r2, r2, #12
 3287              		.loc 1 3640 8 view .LVU1097
 3288 0304 082A     		cmp	r2, #8
 3289 0306 54D0     		beq	.L265
3641:Drivers/STM32F4xx_HAL_Driver/Src/stm32f4xx_hal_rcc_ex.c ****     {
3642:Drivers/STM32F4xx_HAL_Driver/Src/stm32f4xx_hal_rcc_ex.c ****       if ((RCC_OscInitStruct->PLL.PLLState) == RCC_PLL_ON)
 3290              		.loc 1 3642 7 is_stmt 1 view .LVU1098
 3291              		.loc 1 3642 10 is_stmt 0 view .LVU1099
 3292 0308 022B     		cmp	r3, #2
 3293 030a 17D0     		beq	.L313
3643:Drivers/STM32F4xx_HAL_Driver/Src/stm32f4xx_hal_rcc_ex.c ****       {
3644:Drivers/STM32F4xx_HAL_Driver/Src/stm32f4xx_hal_rcc_ex.c ****         /* Check the parameters */
3645:Drivers/STM32F4xx_HAL_Driver/Src/stm32f4xx_hal_rcc_ex.c ****         assert_param(IS_RCC_PLLSOURCE(RCC_OscInitStruct->PLL.PLLSource));
3646:Drivers/STM32F4xx_HAL_Driver/Src/stm32f4xx_hal_rcc_ex.c ****         assert_param(IS_RCC_PLLM_VALUE(RCC_OscInitStruct->PLL.PLLM));
3647:Drivers/STM32F4xx_HAL_Driver/Src/stm32f4xx_hal_rcc_ex.c ****         assert_param(IS_RCC_PLLN_VALUE(RCC_OscInitStruct->PLL.PLLN));
3648:Drivers/STM32F4xx_HAL_Driver/Src/stm32f4xx_hal_rcc_ex.c ****         assert_param(IS_RCC_PLLP_VALUE(RCC_OscInitStruct->PLL.PLLP));
3649:Drivers/STM32F4xx_HAL_Driver/Src/stm32f4xx_hal_rcc_ex.c ****         assert_param(IS_RCC_PLLQ_VALUE(RCC_OscInitStruct->PLL.PLLQ));
3650:Drivers/STM32F4xx_HAL_Driver/Src/stm32f4xx_hal_rcc_ex.c ****         assert_param(IS_RCC_PLLR_VALUE(RCC_OscInitStruct->PLL.PLLR));
3651:Drivers/STM32F4xx_HAL_Driver/Src/stm32f4xx_hal_rcc_ex.c **** 
3652:Drivers/STM32F4xx_HAL_Driver/Src/stm32f4xx_hal_rcc_ex.c ****         /* Disable the main PLL. */
3653:Drivers/STM32F4xx_HAL_Driver/Src/stm32f4xx_hal_rcc_ex.c ****         __HAL_RCC_PLL_DISABLE();
3654:Drivers/STM32F4xx_HAL_Driver/Src/stm32f4xx_hal_rcc_ex.c **** 
3655:Drivers/STM32F4xx_HAL_Driver/Src/stm32f4xx_hal_rcc_ex.c ****         /* Get Start Tick*/
3656:Drivers/STM32F4xx_HAL_Driver/Src/stm32f4xx_hal_rcc_ex.c ****         tickstart = HAL_GetTick();
3657:Drivers/STM32F4xx_HAL_Driver/Src/stm32f4xx_hal_rcc_ex.c **** 
3658:Drivers/STM32F4xx_HAL_Driver/Src/stm32f4xx_hal_rcc_ex.c ****         /* Wait till PLL is ready */
3659:Drivers/STM32F4xx_HAL_Driver/Src/stm32f4xx_hal_rcc_ex.c ****         while (__HAL_RCC_GET_FLAG(RCC_FLAG_PLLRDY) != RESET)
3660:Drivers/STM32F4xx_HAL_Driver/Src/stm32f4xx_hal_rcc_ex.c ****         {
3661:Drivers/STM32F4xx_HAL_Driver/Src/stm32f4xx_hal_rcc_ex.c ****           if ((HAL_GetTick() - tickstart) > PLL_TIMEOUT_VALUE)
3662:Drivers/STM32F4xx_HAL_Driver/Src/stm32f4xx_hal_rcc_ex.c ****           {
3663:Drivers/STM32F4xx_HAL_Driver/Src/stm32f4xx_hal_rcc_ex.c ****             return HAL_TIMEOUT;
3664:Drivers/STM32F4xx_HAL_Driver/Src/stm32f4xx_hal_rcc_ex.c ****           }
3665:Drivers/STM32F4xx_HAL_Driver/Src/stm32f4xx_hal_rcc_ex.c ****         }
3666:Drivers/STM32F4xx_HAL_Driver/Src/stm32f4xx_hal_rcc_ex.c **** 
3667:Drivers/STM32F4xx_HAL_Driver/Src/stm32f4xx_hal_rcc_ex.c ****         /* Configure the main PLL clock source, multiplication and division factors. */
3668:Drivers/STM32F4xx_HAL_Driver/Src/stm32f4xx_hal_rcc_ex.c ****         WRITE_REG(RCC->PLLCFGR, (RCC_OscInitStruct->PLL.PLLSource                                  
3669:Drivers/STM32F4xx_HAL_Driver/Src/stm32f4xx_hal_rcc_ex.c ****                                  RCC_OscInitStruct->PLL.PLLM                                       
3670:Drivers/STM32F4xx_HAL_Driver/Src/stm32f4xx_hal_rcc_ex.c ****                                  (RCC_OscInitStruct->PLL.PLLN << RCC_PLLCFGR_PLLN_Pos)             
3671:Drivers/STM32F4xx_HAL_Driver/Src/stm32f4xx_hal_rcc_ex.c ****                                  (((RCC_OscInitStruct->PLL.PLLP >> 1U) - 1U) << RCC_PLLCFGR_PLLP_Po
3672:Drivers/STM32F4xx_HAL_Driver/Src/stm32f4xx_hal_rcc_ex.c ****                                  (RCC_OscInitStruct->PLL.PLLQ << RCC_PLLCFGR_PLLQ_Pos)             
3673:Drivers/STM32F4xx_HAL_Driver/Src/stm32f4xx_hal_rcc_ex.c ****                                  (RCC_OscInitStruct->PLL.PLLR << RCC_PLLCFGR_PLLR_Pos)));
3674:Drivers/STM32F4xx_HAL_Driver/Src/stm32f4xx_hal_rcc_ex.c ****         /* Enable the main PLL. */
3675:Drivers/STM32F4xx_HAL_Driver/Src/stm32f4xx_hal_rcc_ex.c ****         __HAL_RCC_PLL_ENABLE();
3676:Drivers/STM32F4xx_HAL_Driver/Src/stm32f4xx_hal_rcc_ex.c **** 
ARM GAS  C:\Users\Ebrahim\AppData\Local\Temp\ccoXyWuB.s 			page 132


3677:Drivers/STM32F4xx_HAL_Driver/Src/stm32f4xx_hal_rcc_ex.c ****         /* Get Start Tick*/
3678:Drivers/STM32F4xx_HAL_Driver/Src/stm32f4xx_hal_rcc_ex.c ****         tickstart = HAL_GetTick();
3679:Drivers/STM32F4xx_HAL_Driver/Src/stm32f4xx_hal_rcc_ex.c **** 
3680:Drivers/STM32F4xx_HAL_Driver/Src/stm32f4xx_hal_rcc_ex.c ****         /* Wait till PLL is ready */
3681:Drivers/STM32F4xx_HAL_Driver/Src/stm32f4xx_hal_rcc_ex.c ****         while (__HAL_RCC_GET_FLAG(RCC_FLAG_PLLRDY) == RESET)
3682:Drivers/STM32F4xx_HAL_Driver/Src/stm32f4xx_hal_rcc_ex.c ****         {
3683:Drivers/STM32F4xx_HAL_Driver/Src/stm32f4xx_hal_rcc_ex.c ****           if ((HAL_GetTick() - tickstart) > PLL_TIMEOUT_VALUE)
3684:Drivers/STM32F4xx_HAL_Driver/Src/stm32f4xx_hal_rcc_ex.c ****           {
3685:Drivers/STM32F4xx_HAL_Driver/Src/stm32f4xx_hal_rcc_ex.c ****             return HAL_TIMEOUT;
3686:Drivers/STM32F4xx_HAL_Driver/Src/stm32f4xx_hal_rcc_ex.c ****           }
3687:Drivers/STM32F4xx_HAL_Driver/Src/stm32f4xx_hal_rcc_ex.c ****         }
3688:Drivers/STM32F4xx_HAL_Driver/Src/stm32f4xx_hal_rcc_ex.c ****       }
3689:Drivers/STM32F4xx_HAL_Driver/Src/stm32f4xx_hal_rcc_ex.c ****       else
3690:Drivers/STM32F4xx_HAL_Driver/Src/stm32f4xx_hal_rcc_ex.c ****       {
3691:Drivers/STM32F4xx_HAL_Driver/Src/stm32f4xx_hal_rcc_ex.c ****         /* Disable the main PLL. */
3692:Drivers/STM32F4xx_HAL_Driver/Src/stm32f4xx_hal_rcc_ex.c ****         __HAL_RCC_PLL_DISABLE();
 3294              		.loc 1 3692 9 is_stmt 1 view .LVU1100
 3295 030c 4C4B     		ldr	r3, .L319+8
 3296 030e 0022     		movs	r2, #0
 3297 0310 1A66     		str	r2, [r3, #96]
3693:Drivers/STM32F4xx_HAL_Driver/Src/stm32f4xx_hal_rcc_ex.c **** 
3694:Drivers/STM32F4xx_HAL_Driver/Src/stm32f4xx_hal_rcc_ex.c ****         /* Get Start Tick*/
3695:Drivers/STM32F4xx_HAL_Driver/Src/stm32f4xx_hal_rcc_ex.c ****         tickstart = HAL_GetTick();
 3298              		.loc 1 3695 9 view .LVU1101
 3299              		.loc 1 3695 21 is_stmt 0 view .LVU1102
 3300 0312 FFF7FEFF 		bl	HAL_GetTick
 3301              	.LVL261:
 3302 0316 0446     		mov	r4, r0
 3303              	.LVL262:
3696:Drivers/STM32F4xx_HAL_Driver/Src/stm32f4xx_hal_rcc_ex.c **** 
3697:Drivers/STM32F4xx_HAL_Driver/Src/stm32f4xx_hal_rcc_ex.c ****         /* Wait till PLL is ready */
3698:Drivers/STM32F4xx_HAL_Driver/Src/stm32f4xx_hal_rcc_ex.c ****         while (__HAL_RCC_GET_FLAG(RCC_FLAG_PLLRDY) != RESET)
 3304              		.loc 1 3698 9 is_stmt 1 view .LVU1103
 3305              	.L271:
 3306              		.loc 1 3698 52 view .LVU1104
 3307              		.loc 1 3698 16 is_stmt 0 view .LVU1105
 3308 0318 484B     		ldr	r3, .L319+4
 3309 031a 1B68     		ldr	r3, [r3]
 3310              		.loc 1 3698 52 view .LVU1106
 3311 031c 13F0007F 		tst	r3, #33554432
 3312 0320 45D0     		beq	.L314
3699:Drivers/STM32F4xx_HAL_Driver/Src/stm32f4xx_hal_rcc_ex.c ****         {
3700:Drivers/STM32F4xx_HAL_Driver/Src/stm32f4xx_hal_rcc_ex.c ****           if ((HAL_GetTick() - tickstart) > PLL_TIMEOUT_VALUE)
 3313              		.loc 1 3700 11 is_stmt 1 view .LVU1107
 3314              		.loc 1 3700 16 is_stmt 0 view .LVU1108
 3315 0322 FFF7FEFF 		bl	HAL_GetTick
 3316              	.LVL263:
 3317              		.loc 1 3700 30 discriminator 1 view .LVU1109
 3318 0326 001B     		subs	r0, r0, r4
 3319              		.loc 1 3700 14 discriminator 1 view .LVU1110
 3320 0328 0228     		cmp	r0, #2
 3321 032a F5D9     		bls	.L271
3701:Drivers/STM32F4xx_HAL_Driver/Src/stm32f4xx_hal_rcc_ex.c ****           {
3702:Drivers/STM32F4xx_HAL_Driver/Src/stm32f4xx_hal_rcc_ex.c ****             return HAL_TIMEOUT;
 3322              		.loc 1 3702 20 view .LVU1111
 3323 032c 0320     		movs	r0, #3
 3324 032e 72E0     		b	.L222
ARM GAS  C:\Users\Ebrahim\AppData\Local\Temp\ccoXyWuB.s 			page 133


 3325              	.LVL264:
 3326              	.L312:
 3327              	.LBB5:
3631:Drivers/STM32F4xx_HAL_Driver/Src/stm32f4xx_hal_rcc_ex.c ****     }
 3328              		.loc 1 3631 7 is_stmt 1 view .LVU1112
 3329 0330 424A     		ldr	r2, .L319+4
 3330 0332 136C     		ldr	r3, [r2, #64]
 3331 0334 23F08053 		bic	r3, r3, #268435456
 3332 0338 1364     		str	r3, [r2, #64]
 3333 033a DBE7     		b	.L251
 3334              	.LVL265:
 3335              	.L313:
3631:Drivers/STM32F4xx_HAL_Driver/Src/stm32f4xx_hal_rcc_ex.c ****     }
 3336              		.loc 1 3631 7 is_stmt 0 view .LVU1113
 3337              	.LBE5:
3645:Drivers/STM32F4xx_HAL_Driver/Src/stm32f4xx_hal_rcc_ex.c ****         assert_param(IS_RCC_PLLM_VALUE(RCC_OscInitStruct->PLL.PLLM));
 3338              		.loc 1 3645 9 is_stmt 1 view .LVU1114
3646:Drivers/STM32F4xx_HAL_Driver/Src/stm32f4xx_hal_rcc_ex.c ****         assert_param(IS_RCC_PLLN_VALUE(RCC_OscInitStruct->PLL.PLLN));
 3339              		.loc 1 3646 9 view .LVU1115
3647:Drivers/STM32F4xx_HAL_Driver/Src/stm32f4xx_hal_rcc_ex.c ****         assert_param(IS_RCC_PLLP_VALUE(RCC_OscInitStruct->PLL.PLLP));
 3340              		.loc 1 3647 9 view .LVU1116
3648:Drivers/STM32F4xx_HAL_Driver/Src/stm32f4xx_hal_rcc_ex.c ****         assert_param(IS_RCC_PLLQ_VALUE(RCC_OscInitStruct->PLL.PLLQ));
 3341              		.loc 1 3648 9 view .LVU1117
3649:Drivers/STM32F4xx_HAL_Driver/Src/stm32f4xx_hal_rcc_ex.c ****         assert_param(IS_RCC_PLLR_VALUE(RCC_OscInitStruct->PLL.PLLR));
 3342              		.loc 1 3649 9 view .LVU1118
3650:Drivers/STM32F4xx_HAL_Driver/Src/stm32f4xx_hal_rcc_ex.c **** 
 3343              		.loc 1 3650 9 view .LVU1119
3653:Drivers/STM32F4xx_HAL_Driver/Src/stm32f4xx_hal_rcc_ex.c **** 
 3344              		.loc 1 3653 9 view .LVU1120
 3345 033c 404B     		ldr	r3, .L319+8
 3346 033e 0022     		movs	r2, #0
 3347 0340 1A66     		str	r2, [r3, #96]
3656:Drivers/STM32F4xx_HAL_Driver/Src/stm32f4xx_hal_rcc_ex.c **** 
 3348              		.loc 1 3656 9 view .LVU1121
3656:Drivers/STM32F4xx_HAL_Driver/Src/stm32f4xx_hal_rcc_ex.c **** 
 3349              		.loc 1 3656 21 is_stmt 0 view .LVU1122
 3350 0342 FFF7FEFF 		bl	HAL_GetTick
 3351              	.LVL266:
 3352 0346 0546     		mov	r5, r0
 3353              	.LVL267:
3659:Drivers/STM32F4xx_HAL_Driver/Src/stm32f4xx_hal_rcc_ex.c ****         {
 3354              		.loc 1 3659 9 is_stmt 1 view .LVU1123
 3355              	.L267:
3659:Drivers/STM32F4xx_HAL_Driver/Src/stm32f4xx_hal_rcc_ex.c ****         {
 3356              		.loc 1 3659 52 view .LVU1124
3659:Drivers/STM32F4xx_HAL_Driver/Src/stm32f4xx_hal_rcc_ex.c ****         {
 3357              		.loc 1 3659 16 is_stmt 0 view .LVU1125
 3358 0348 3C4B     		ldr	r3, .L319+4
 3359 034a 1B68     		ldr	r3, [r3]
3659:Drivers/STM32F4xx_HAL_Driver/Src/stm32f4xx_hal_rcc_ex.c ****         {
 3360              		.loc 1 3659 52 view .LVU1126
 3361 034c 13F0007F 		tst	r3, #33554432
 3362 0350 06D0     		beq	.L315
3661:Drivers/STM32F4xx_HAL_Driver/Src/stm32f4xx_hal_rcc_ex.c ****           {
 3363              		.loc 1 3661 11 is_stmt 1 view .LVU1127
3661:Drivers/STM32F4xx_HAL_Driver/Src/stm32f4xx_hal_rcc_ex.c ****           {
 3364              		.loc 1 3661 16 is_stmt 0 view .LVU1128
ARM GAS  C:\Users\Ebrahim\AppData\Local\Temp\ccoXyWuB.s 			page 134


 3365 0352 FFF7FEFF 		bl	HAL_GetTick
 3366              	.LVL268:
3661:Drivers/STM32F4xx_HAL_Driver/Src/stm32f4xx_hal_rcc_ex.c ****           {
 3367              		.loc 1 3661 30 discriminator 1 view .LVU1129
 3368 0356 401B     		subs	r0, r0, r5
3661:Drivers/STM32F4xx_HAL_Driver/Src/stm32f4xx_hal_rcc_ex.c ****           {
 3369              		.loc 1 3661 14 discriminator 1 view .LVU1130
 3370 0358 0228     		cmp	r0, #2
 3371 035a F5D9     		bls	.L267
3663:Drivers/STM32F4xx_HAL_Driver/Src/stm32f4xx_hal_rcc_ex.c ****           }
 3372              		.loc 1 3663 20 view .LVU1131
 3373 035c 0320     		movs	r0, #3
 3374 035e 5AE0     		b	.L222
 3375              	.L315:
3668:Drivers/STM32F4xx_HAL_Driver/Src/stm32f4xx_hal_rcc_ex.c ****                                  RCC_OscInitStruct->PLL.PLLM                                       
 3376              		.loc 1 3668 9 is_stmt 1 view .LVU1132
 3377 0360 E369     		ldr	r3, [r4, #28]
 3378 0362 226A     		ldr	r2, [r4, #32]
 3379 0364 1343     		orrs	r3, r3, r2
 3380 0366 626A     		ldr	r2, [r4, #36]
 3381 0368 43EA8213 		orr	r3, r3, r2, lsl #6
 3382 036c A26A     		ldr	r2, [r4, #40]
 3383 036e 5208     		lsrs	r2, r2, #1
 3384 0370 013A     		subs	r2, r2, #1
 3385 0372 43EA0243 		orr	r3, r3, r2, lsl #16
 3386 0376 E26A     		ldr	r2, [r4, #44]
 3387 0378 43EA0263 		orr	r3, r3, r2, lsl #24
 3388 037c 226B     		ldr	r2, [r4, #48]
 3389 037e 43EA0273 		orr	r3, r3, r2, lsl #28
 3390 0382 2E4A     		ldr	r2, .L319+4
 3391 0384 5360     		str	r3, [r2, #4]
3675:Drivers/STM32F4xx_HAL_Driver/Src/stm32f4xx_hal_rcc_ex.c **** 
 3392              		.loc 1 3675 9 view .LVU1133
 3393 0386 2E4B     		ldr	r3, .L319+8
 3394 0388 0122     		movs	r2, #1
 3395 038a 1A66     		str	r2, [r3, #96]
3678:Drivers/STM32F4xx_HAL_Driver/Src/stm32f4xx_hal_rcc_ex.c **** 
 3396              		.loc 1 3678 9 view .LVU1134
3678:Drivers/STM32F4xx_HAL_Driver/Src/stm32f4xx_hal_rcc_ex.c **** 
 3397              		.loc 1 3678 21 is_stmt 0 view .LVU1135
 3398 038c FFF7FEFF 		bl	HAL_GetTick
 3399              	.LVL269:
 3400 0390 0446     		mov	r4, r0
 3401              	.LVL270:
3681:Drivers/STM32F4xx_HAL_Driver/Src/stm32f4xx_hal_rcc_ex.c ****         {
 3402              		.loc 1 3681 9 is_stmt 1 view .LVU1136
 3403              	.L269:
3681:Drivers/STM32F4xx_HAL_Driver/Src/stm32f4xx_hal_rcc_ex.c ****         {
 3404              		.loc 1 3681 52 view .LVU1137
3681:Drivers/STM32F4xx_HAL_Driver/Src/stm32f4xx_hal_rcc_ex.c ****         {
 3405              		.loc 1 3681 16 is_stmt 0 view .LVU1138
 3406 0392 2A4B     		ldr	r3, .L319+4
 3407 0394 1B68     		ldr	r3, [r3]
3681:Drivers/STM32F4xx_HAL_Driver/Src/stm32f4xx_hal_rcc_ex.c ****         {
 3408              		.loc 1 3681 52 view .LVU1139
 3409 0396 13F0007F 		tst	r3, #33554432
 3410 039a 06D1     		bne	.L316
ARM GAS  C:\Users\Ebrahim\AppData\Local\Temp\ccoXyWuB.s 			page 135


3683:Drivers/STM32F4xx_HAL_Driver/Src/stm32f4xx_hal_rcc_ex.c ****           {
 3411              		.loc 1 3683 11 is_stmt 1 view .LVU1140
3683:Drivers/STM32F4xx_HAL_Driver/Src/stm32f4xx_hal_rcc_ex.c ****           {
 3412              		.loc 1 3683 16 is_stmt 0 view .LVU1141
 3413 039c FFF7FEFF 		bl	HAL_GetTick
 3414              	.LVL271:
3683:Drivers/STM32F4xx_HAL_Driver/Src/stm32f4xx_hal_rcc_ex.c ****           {
 3415              		.loc 1 3683 30 discriminator 1 view .LVU1142
 3416 03a0 001B     		subs	r0, r0, r4
3683:Drivers/STM32F4xx_HAL_Driver/Src/stm32f4xx_hal_rcc_ex.c ****           {
 3417              		.loc 1 3683 14 discriminator 1 view .LVU1143
 3418 03a2 0228     		cmp	r0, #2
 3419 03a4 F5D9     		bls	.L269
3685:Drivers/STM32F4xx_HAL_Driver/Src/stm32f4xx_hal_rcc_ex.c ****           }
 3420              		.loc 1 3685 20 view .LVU1144
 3421 03a6 0320     		movs	r0, #3
 3422 03a8 35E0     		b	.L222
 3423              	.L316:
3703:Drivers/STM32F4xx_HAL_Driver/Src/stm32f4xx_hal_rcc_ex.c ****           }
3704:Drivers/STM32F4xx_HAL_Driver/Src/stm32f4xx_hal_rcc_ex.c ****         }
3705:Drivers/STM32F4xx_HAL_Driver/Src/stm32f4xx_hal_rcc_ex.c ****       }
3706:Drivers/STM32F4xx_HAL_Driver/Src/stm32f4xx_hal_rcc_ex.c ****     }
3707:Drivers/STM32F4xx_HAL_Driver/Src/stm32f4xx_hal_rcc_ex.c ****     else
3708:Drivers/STM32F4xx_HAL_Driver/Src/stm32f4xx_hal_rcc_ex.c ****     {
3709:Drivers/STM32F4xx_HAL_Driver/Src/stm32f4xx_hal_rcc_ex.c ****       /* Check if there is a request to disable the PLL used as System clock source */
3710:Drivers/STM32F4xx_HAL_Driver/Src/stm32f4xx_hal_rcc_ex.c ****       if ((RCC_OscInitStruct->PLL.PLLState) == RCC_PLL_OFF)
3711:Drivers/STM32F4xx_HAL_Driver/Src/stm32f4xx_hal_rcc_ex.c ****       {
3712:Drivers/STM32F4xx_HAL_Driver/Src/stm32f4xx_hal_rcc_ex.c ****         return HAL_ERROR;
3713:Drivers/STM32F4xx_HAL_Driver/Src/stm32f4xx_hal_rcc_ex.c ****       }
3714:Drivers/STM32F4xx_HAL_Driver/Src/stm32f4xx_hal_rcc_ex.c ****       else
3715:Drivers/STM32F4xx_HAL_Driver/Src/stm32f4xx_hal_rcc_ex.c ****       {
3716:Drivers/STM32F4xx_HAL_Driver/Src/stm32f4xx_hal_rcc_ex.c ****         /* Do not return HAL_ERROR if request repeats the current configuration */
3717:Drivers/STM32F4xx_HAL_Driver/Src/stm32f4xx_hal_rcc_ex.c ****         pll_config = RCC->PLLCFGR;
3718:Drivers/STM32F4xx_HAL_Driver/Src/stm32f4xx_hal_rcc_ex.c **** #if defined (RCC_PLLCFGR_PLLR)
3719:Drivers/STM32F4xx_HAL_Driver/Src/stm32f4xx_hal_rcc_ex.c ****         if (((RCC_OscInitStruct->PLL.PLLState) == RCC_PLL_OFF) ||
3720:Drivers/STM32F4xx_HAL_Driver/Src/stm32f4xx_hal_rcc_ex.c ****             (READ_BIT(pll_config, RCC_PLLCFGR_PLLSRC) != RCC_OscInitStruct->PLL.PLLSource) ||
3721:Drivers/STM32F4xx_HAL_Driver/Src/stm32f4xx_hal_rcc_ex.c ****             (READ_BIT(pll_config, RCC_PLLCFGR_PLLM) != (RCC_OscInitStruct->PLL.PLLM) << RCC_PLLCFGR
3722:Drivers/STM32F4xx_HAL_Driver/Src/stm32f4xx_hal_rcc_ex.c ****             (READ_BIT(pll_config, RCC_PLLCFGR_PLLN) != (RCC_OscInitStruct->PLL.PLLN) << RCC_PLLCFGR
3723:Drivers/STM32F4xx_HAL_Driver/Src/stm32f4xx_hal_rcc_ex.c ****             (READ_BIT(pll_config, RCC_PLLCFGR_PLLP) != (((RCC_OscInitStruct->PLL.PLLP >> 1U) - 1U))
3724:Drivers/STM32F4xx_HAL_Driver/Src/stm32f4xx_hal_rcc_ex.c ****             (READ_BIT(pll_config, RCC_PLLCFGR_PLLQ) != (RCC_OscInitStruct->PLL.PLLQ << RCC_PLLCFGR_
3725:Drivers/STM32F4xx_HAL_Driver/Src/stm32f4xx_hal_rcc_ex.c ****             (READ_BIT(pll_config, RCC_PLLCFGR_PLLR) != (RCC_OscInitStruct->PLL.PLLR << RCC_PLLCFGR_
3726:Drivers/STM32F4xx_HAL_Driver/Src/stm32f4xx_hal_rcc_ex.c **** #else
3727:Drivers/STM32F4xx_HAL_Driver/Src/stm32f4xx_hal_rcc_ex.c ****         if (((RCC_OscInitStruct->PLL.PLLState) == RCC_PLL_OFF) ||
3728:Drivers/STM32F4xx_HAL_Driver/Src/stm32f4xx_hal_rcc_ex.c ****             (READ_BIT(pll_config, RCC_PLLCFGR_PLLSRC) != RCC_OscInitStruct->PLL.PLLSource) ||
3729:Drivers/STM32F4xx_HAL_Driver/Src/stm32f4xx_hal_rcc_ex.c ****             (READ_BIT(pll_config, RCC_PLLCFGR_PLLM) != (RCC_OscInitStruct->PLL.PLLM) << RCC_PLLCFGR
3730:Drivers/STM32F4xx_HAL_Driver/Src/stm32f4xx_hal_rcc_ex.c ****             (READ_BIT(pll_config, RCC_PLLCFGR_PLLN) != (RCC_OscInitStruct->PLL.PLLN) << RCC_PLLCFGR
3731:Drivers/STM32F4xx_HAL_Driver/Src/stm32f4xx_hal_rcc_ex.c ****             (READ_BIT(pll_config, RCC_PLLCFGR_PLLP) != (((RCC_OscInitStruct->PLL.PLLP >> 1U) - 1U))
3732:Drivers/STM32F4xx_HAL_Driver/Src/stm32f4xx_hal_rcc_ex.c ****             (READ_BIT(pll_config, RCC_PLLCFGR_PLLQ) != (RCC_OscInitStruct->PLL.PLLQ << RCC_PLLCFGR_
3733:Drivers/STM32F4xx_HAL_Driver/Src/stm32f4xx_hal_rcc_ex.c **** #endif /* RCC_PLLCFGR_PLLR */
3734:Drivers/STM32F4xx_HAL_Driver/Src/stm32f4xx_hal_rcc_ex.c ****         {
3735:Drivers/STM32F4xx_HAL_Driver/Src/stm32f4xx_hal_rcc_ex.c ****           return HAL_ERROR;
3736:Drivers/STM32F4xx_HAL_Driver/Src/stm32f4xx_hal_rcc_ex.c ****         }
3737:Drivers/STM32F4xx_HAL_Driver/Src/stm32f4xx_hal_rcc_ex.c ****       }
3738:Drivers/STM32F4xx_HAL_Driver/Src/stm32f4xx_hal_rcc_ex.c ****     }
3739:Drivers/STM32F4xx_HAL_Driver/Src/stm32f4xx_hal_rcc_ex.c ****   }
3740:Drivers/STM32F4xx_HAL_Driver/Src/stm32f4xx_hal_rcc_ex.c ****   return HAL_OK;
 3424              		.loc 1 3740 10 view .LVU1145
ARM GAS  C:\Users\Ebrahim\AppData\Local\Temp\ccoXyWuB.s 			page 136


 3425 03aa 0020     		movs	r0, #0
 3426 03ac 33E0     		b	.L222
 3427              	.L314:
 3428              		.loc 1 3740 10 view .LVU1146
 3429 03ae 0020     		movs	r0, #0
 3430 03b0 31E0     		b	.L222
 3431              	.LVL272:
 3432              	.L265:
3710:Drivers/STM32F4xx_HAL_Driver/Src/stm32f4xx_hal_rcc_ex.c ****       {
 3433              		.loc 1 3710 7 is_stmt 1 view .LVU1147
3710:Drivers/STM32F4xx_HAL_Driver/Src/stm32f4xx_hal_rcc_ex.c ****       {
 3434              		.loc 1 3710 10 is_stmt 0 view .LVU1148
 3435 03b2 012B     		cmp	r3, #1
 3436 03b4 31D0     		beq	.L290
3717:Drivers/STM32F4xx_HAL_Driver/Src/stm32f4xx_hal_rcc_ex.c **** #if defined (RCC_PLLCFGR_PLLR)
 3437              		.loc 1 3717 9 is_stmt 1 view .LVU1149
3717:Drivers/STM32F4xx_HAL_Driver/Src/stm32f4xx_hal_rcc_ex.c **** #if defined (RCC_PLLCFGR_PLLR)
 3438              		.loc 1 3717 20 is_stmt 0 view .LVU1150
 3439 03b6 214B     		ldr	r3, .L319+4
 3440 03b8 5B68     		ldr	r3, [r3, #4]
 3441              	.LVL273:
3719:Drivers/STM32F4xx_HAL_Driver/Src/stm32f4xx_hal_rcc_ex.c ****             (READ_BIT(pll_config, RCC_PLLCFGR_PLLSRC) != RCC_OscInitStruct->PLL.PLLSource) ||
 3442              		.loc 1 3719 9 is_stmt 1 view .LVU1151
3720:Drivers/STM32F4xx_HAL_Driver/Src/stm32f4xx_hal_rcc_ex.c ****             (READ_BIT(pll_config, RCC_PLLCFGR_PLLM) != (RCC_OscInitStruct->PLL.PLLM) << RCC_PLLCFGR
 3443              		.loc 1 3720 14 is_stmt 0 view .LVU1152
 3444 03ba 03F48001 		and	r1, r3, #4194304
3720:Drivers/STM32F4xx_HAL_Driver/Src/stm32f4xx_hal_rcc_ex.c ****             (READ_BIT(pll_config, RCC_PLLCFGR_PLLM) != (RCC_OscInitStruct->PLL.PLLM) << RCC_PLLCFGR
 3445              		.loc 1 3720 80 view .LVU1153
 3446 03be E269     		ldr	r2, [r4, #28]
3719:Drivers/STM32F4xx_HAL_Driver/Src/stm32f4xx_hal_rcc_ex.c ****             (READ_BIT(pll_config, RCC_PLLCFGR_PLLSRC) != RCC_OscInitStruct->PLL.PLLSource) ||
 3447              		.loc 1 3719 64 discriminator 1 view .LVU1154
 3448 03c0 9142     		cmp	r1, r2
 3449 03c2 2CD1     		bne	.L291
3721:Drivers/STM32F4xx_HAL_Driver/Src/stm32f4xx_hal_rcc_ex.c ****             (READ_BIT(pll_config, RCC_PLLCFGR_PLLN) != (RCC_OscInitStruct->PLL.PLLN) << RCC_PLLCFGR
 3450              		.loc 1 3721 14 view .LVU1155
 3451 03c4 03F03F02 		and	r2, r3, #63
3721:Drivers/STM32F4xx_HAL_Driver/Src/stm32f4xx_hal_rcc_ex.c ****             (READ_BIT(pll_config, RCC_PLLCFGR_PLLN) != (RCC_OscInitStruct->PLL.PLLN) << RCC_PLLCFGR
 3452              		.loc 1 3721 79 view .LVU1156
 3453 03c8 216A     		ldr	r1, [r4, #32]
3720:Drivers/STM32F4xx_HAL_Driver/Src/stm32f4xx_hal_rcc_ex.c ****             (READ_BIT(pll_config, RCC_PLLCFGR_PLLM) != (RCC_OscInitStruct->PLL.PLLM) << RCC_PLLCFGR
 3454              		.loc 1 3720 92 view .LVU1157
 3455 03ca 8A42     		cmp	r2, r1
 3456 03cc 29D1     		bne	.L292
3722:Drivers/STM32F4xx_HAL_Driver/Src/stm32f4xx_hal_rcc_ex.c ****             (READ_BIT(pll_config, RCC_PLLCFGR_PLLP) != (((RCC_OscInitStruct->PLL.PLLP >> 1U) - 1U))
 3457              		.loc 1 3722 79 view .LVU1158
 3458 03ce 616A     		ldr	r1, [r4, #36]
3721:Drivers/STM32F4xx_HAL_Driver/Src/stm32f4xx_hal_rcc_ex.c ****             (READ_BIT(pll_config, RCC_PLLCFGR_PLLN) != (RCC_OscInitStruct->PLL.PLLN) << RCC_PLLCFGR
 3459              		.loc 1 3721 111 view .LVU1159
 3460 03d0 47F6C072 		movw	r2, #32704
 3461 03d4 1A40     		ands	r2, r2, r3
 3462 03d6 B2EB811F 		cmp	r2, r1, lsl #6
 3463 03da 24D1     		bne	.L293
3723:Drivers/STM32F4xx_HAL_Driver/Src/stm32f4xx_hal_rcc_ex.c ****             (READ_BIT(pll_config, RCC_PLLCFGR_PLLQ) != (RCC_OscInitStruct->PLL.PLLQ << RCC_PLLCFGR_
 3464              		.loc 1 3723 14 view .LVU1160
 3465 03dc 03F44031 		and	r1, r3, #196608
3723:Drivers/STM32F4xx_HAL_Driver/Src/stm32f4xx_hal_rcc_ex.c ****             (READ_BIT(pll_config, RCC_PLLCFGR_PLLQ) != (RCC_OscInitStruct->PLL.PLLQ << RCC_PLLCFGR_
 3466              		.loc 1 3723 81 view .LVU1161
ARM GAS  C:\Users\Ebrahim\AppData\Local\Temp\ccoXyWuB.s 			page 137


 3467 03e0 A26A     		ldr	r2, [r4, #40]
3723:Drivers/STM32F4xx_HAL_Driver/Src/stm32f4xx_hal_rcc_ex.c ****             (READ_BIT(pll_config, RCC_PLLCFGR_PLLQ) != (RCC_OscInitStruct->PLL.PLLQ << RCC_PLLCFGR_
 3468              		.loc 1 3723 87 view .LVU1162
 3469 03e2 5208     		lsrs	r2, r2, #1
3723:Drivers/STM32F4xx_HAL_Driver/Src/stm32f4xx_hal_rcc_ex.c ****             (READ_BIT(pll_config, RCC_PLLCFGR_PLLQ) != (RCC_OscInitStruct->PLL.PLLQ << RCC_PLLCFGR_
 3470              		.loc 1 3723 94 view .LVU1163
 3471 03e4 013A     		subs	r2, r2, #1
3722:Drivers/STM32F4xx_HAL_Driver/Src/stm32f4xx_hal_rcc_ex.c ****             (READ_BIT(pll_config, RCC_PLLCFGR_PLLP) != (((RCC_OscInitStruct->PLL.PLLP >> 1U) - 1U))
 3472              		.loc 1 3722 111 view .LVU1164
 3473 03e6 B1EB024F 		cmp	r1, r2, lsl #16
 3474 03ea 1ED1     		bne	.L294
3724:Drivers/STM32F4xx_HAL_Driver/Src/stm32f4xx_hal_rcc_ex.c ****             (READ_BIT(pll_config, RCC_PLLCFGR_PLLR) != (RCC_OscInitStruct->PLL.PLLR << RCC_PLLCFGR_
 3475              		.loc 1 3724 14 view .LVU1165
 3476 03ec 03F07062 		and	r2, r3, #251658240
3724:Drivers/STM32F4xx_HAL_Driver/Src/stm32f4xx_hal_rcc_ex.c ****             (READ_BIT(pll_config, RCC_PLLCFGR_PLLR) != (RCC_OscInitStruct->PLL.PLLR << RCC_PLLCFGR_
 3477              		.loc 1 3724 79 view .LVU1166
 3478 03f0 E16A     		ldr	r1, [r4, #44]
3723:Drivers/STM32F4xx_HAL_Driver/Src/stm32f4xx_hal_rcc_ex.c ****             (READ_BIT(pll_config, RCC_PLLCFGR_PLLQ) != (RCC_OscInitStruct->PLL.PLLQ << RCC_PLLCFGR_
 3479              		.loc 1 3723 126 view .LVU1167
 3480 03f2 B2EB016F 		cmp	r2, r1, lsl #24
 3481 03f6 1AD1     		bne	.L295
3725:Drivers/STM32F4xx_HAL_Driver/Src/stm32f4xx_hal_rcc_ex.c **** #else
 3482              		.loc 1 3725 14 view .LVU1168
 3483 03f8 03F0E043 		and	r3, r3, #1879048192
 3484              	.LVL274:
3725:Drivers/STM32F4xx_HAL_Driver/Src/stm32f4xx_hal_rcc_ex.c **** #else
 3485              		.loc 1 3725 79 view .LVU1169
 3486 03fc 226B     		ldr	r2, [r4, #48]
3724:Drivers/STM32F4xx_HAL_Driver/Src/stm32f4xx_hal_rcc_ex.c ****             (READ_BIT(pll_config, RCC_PLLCFGR_PLLR) != (RCC_OscInitStruct->PLL.PLLR << RCC_PLLCFGR_
 3487              		.loc 1 3724 111 view .LVU1170
 3488 03fe B3EB027F 		cmp	r3, r2, lsl #28
 3489 0402 16D1     		bne	.L296
 3490              		.loc 1 3740 10 view .LVU1171
 3491 0404 0020     		movs	r0, #0
 3492 0406 06E0     		b	.L222
 3493              	.LVL275:
 3494              	.L273:
 3495              	.LCFI12:
 3496              		.cfi_def_cfa_offset 0
 3497              		.cfi_restore 4
 3498              		.cfi_restore 5
 3499              		.cfi_restore 6
 3500              		.cfi_restore 14
3385:Drivers/STM32F4xx_HAL_Driver/Src/stm32f4xx_hal_rcc_ex.c ****   }
 3501              		.loc 1 3385 12 view .LVU1172
 3502 0408 0120     		movs	r0, #1
 3503              	.LVL276:
3741:Drivers/STM32F4xx_HAL_Driver/Src/stm32f4xx_hal_rcc_ex.c **** }
 3504              		.loc 1 3741 1 view .LVU1173
 3505 040a 7047     		bx	lr
 3506              	.LVL277:
 3507              	.L305:
 3508              	.LCFI13:
 3509              		.cfi_def_cfa_offset 24
 3510              		.cfi_offset 4, -16
 3511              		.cfi_offset 5, -12
 3512              		.cfi_offset 6, -8
ARM GAS  C:\Users\Ebrahim\AppData\Local\Temp\ccoXyWuB.s 			page 138


 3513              		.cfi_offset 14, -4
3409:Drivers/STM32F4xx_HAL_Driver/Src/stm32f4xx_hal_rcc_ex.c ****       }
 3514              		.loc 1 3409 16 view .LVU1174
 3515 040c 0120     		movs	r0, #1
 3516              	.LVL278:
3409:Drivers/STM32F4xx_HAL_Driver/Src/stm32f4xx_hal_rcc_ex.c ****       }
 3517              		.loc 1 3409 16 view .LVU1175
 3518 040e 02E0     		b	.L222
 3519              	.L277:
3470:Drivers/STM32F4xx_HAL_Driver/Src/stm32f4xx_hal_rcc_ex.c ****       }
 3520              		.loc 1 3470 16 view .LVU1176
 3521 0410 0120     		movs	r0, #1
 3522 0412 00E0     		b	.L222
 3523              	.L286:
3740:Drivers/STM32F4xx_HAL_Driver/Src/stm32f4xx_hal_rcc_ex.c **** }
 3524              		.loc 1 3740 10 view .LVU1177
 3525 0414 0020     		movs	r0, #0
 3526              	.LVL279:
 3527              	.L222:
 3528              		.loc 1 3741 1 view .LVU1178
 3529 0416 02B0     		add	sp, sp, #8
 3530              	.LCFI14:
 3531              		.cfi_remember_state
 3532              		.cfi_def_cfa_offset 16
 3533              		@ sp needed
 3534 0418 70BD     		pop	{r4, r5, r6, pc}
 3535              	.LVL280:
 3536              	.L290:
 3537              	.LCFI15:
 3538              		.cfi_restore_state
3712:Drivers/STM32F4xx_HAL_Driver/Src/stm32f4xx_hal_rcc_ex.c ****       }
 3539              		.loc 1 3712 16 view .LVU1179
 3540 041a 0120     		movs	r0, #1
 3541 041c FBE7     		b	.L222
 3542              	.LVL281:
 3543              	.L291:
3735:Drivers/STM32F4xx_HAL_Driver/Src/stm32f4xx_hal_rcc_ex.c ****         }
 3544              		.loc 1 3735 18 view .LVU1180
 3545 041e 0120     		movs	r0, #1
 3546 0420 F9E7     		b	.L222
 3547              	.L292:
 3548 0422 0120     		movs	r0, #1
 3549 0424 F7E7     		b	.L222
 3550              	.L293:
 3551 0426 0120     		movs	r0, #1
 3552 0428 F5E7     		b	.L222
 3553              	.L294:
 3554 042a 0120     		movs	r0, #1
 3555 042c F3E7     		b	.L222
 3556              	.L295:
 3557 042e 0120     		movs	r0, #1
 3558 0430 F1E7     		b	.L222
 3559              	.LVL282:
 3560              	.L296:
3735:Drivers/STM32F4xx_HAL_Driver/Src/stm32f4xx_hal_rcc_ex.c ****         }
 3561              		.loc 1 3735 18 view .LVU1181
 3562 0432 0120     		movs	r0, #1
ARM GAS  C:\Users\Ebrahim\AppData\Local\Temp\ccoXyWuB.s 			page 139


 3563 0434 EFE7     		b	.L222
 3564              	.L320:
 3565 0436 00BF     		.align	2
 3566              	.L319:
 3567 0438 00700040 		.word	1073770496
 3568 043c 00380240 		.word	1073887232
 3569 0440 00004742 		.word	1111949312
 3570              		.cfi_endproc
 3571              	.LFE144:
 3573              		.section	.text.HAL_RCC_GetOscConfig,"ax",%progbits
 3574              		.align	1
 3575              		.global	HAL_RCC_GetOscConfig
 3576              		.syntax unified
 3577              		.thumb
 3578              		.thumb_func
 3580              	HAL_RCC_GetOscConfig:
 3581              	.LVL283:
 3582              	.LFB145:
3742:Drivers/STM32F4xx_HAL_Driver/Src/stm32f4xx_hal_rcc_ex.c **** 
3743:Drivers/STM32F4xx_HAL_Driver/Src/stm32f4xx_hal_rcc_ex.c **** /**
3744:Drivers/STM32F4xx_HAL_Driver/Src/stm32f4xx_hal_rcc_ex.c ****   * @brief  Configures the RCC_OscInitStruct according to the internal
3745:Drivers/STM32F4xx_HAL_Driver/Src/stm32f4xx_hal_rcc_ex.c ****   * RCC configuration registers.
3746:Drivers/STM32F4xx_HAL_Driver/Src/stm32f4xx_hal_rcc_ex.c ****   * @param  RCC_OscInitStruct pointer to an RCC_OscInitTypeDef structure that will be configured.
3747:Drivers/STM32F4xx_HAL_Driver/Src/stm32f4xx_hal_rcc_ex.c ****   *
3748:Drivers/STM32F4xx_HAL_Driver/Src/stm32f4xx_hal_rcc_ex.c ****   * @note   This function is only available in case of STM32F410xx/STM32F446xx/STM32F469xx/STM32F47
3749:Drivers/STM32F4xx_HAL_Driver/Src/stm32f4xx_hal_rcc_ex.c ****   * @note   This function add the PLL/PLLR factor management
3750:Drivers/STM32F4xx_HAL_Driver/Src/stm32f4xx_hal_rcc_ex.c ****   * @retval None
3751:Drivers/STM32F4xx_HAL_Driver/Src/stm32f4xx_hal_rcc_ex.c ****   */
3752:Drivers/STM32F4xx_HAL_Driver/Src/stm32f4xx_hal_rcc_ex.c **** void HAL_RCC_GetOscConfig(RCC_OscInitTypeDef  *RCC_OscInitStruct)
3753:Drivers/STM32F4xx_HAL_Driver/Src/stm32f4xx_hal_rcc_ex.c **** {
 3583              		.loc 1 3753 1 is_stmt 1 view -0
 3584              		.cfi_startproc
 3585              		@ args = 0, pretend = 0, frame = 0
 3586              		@ frame_needed = 0, uses_anonymous_args = 0
 3587              		@ link register save eliminated.
3754:Drivers/STM32F4xx_HAL_Driver/Src/stm32f4xx_hal_rcc_ex.c ****   /* Set all possible values for the Oscillator type parameter ---------------*/
3755:Drivers/STM32F4xx_HAL_Driver/Src/stm32f4xx_hal_rcc_ex.c ****   RCC_OscInitStruct->OscillatorType = RCC_OSCILLATORTYPE_HSE | RCC_OSCILLATORTYPE_HSI | RCC_OSCILLA
 3588              		.loc 1 3755 3 view .LVU1183
 3589              		.loc 1 3755 37 is_stmt 0 view .LVU1184
 3590 0000 0F23     		movs	r3, #15
 3591 0002 0360     		str	r3, [r0]
3756:Drivers/STM32F4xx_HAL_Driver/Src/stm32f4xx_hal_rcc_ex.c **** 
3757:Drivers/STM32F4xx_HAL_Driver/Src/stm32f4xx_hal_rcc_ex.c ****   /* Get the HSE configuration -----------------------------------------------*/
3758:Drivers/STM32F4xx_HAL_Driver/Src/stm32f4xx_hal_rcc_ex.c ****   if ((RCC->CR & RCC_CR_HSEBYP) == RCC_CR_HSEBYP)
 3592              		.loc 1 3758 3 is_stmt 1 view .LVU1185
 3593              		.loc 1 3758 11 is_stmt 0 view .LVU1186
 3594 0004 324B     		ldr	r3, .L334
 3595 0006 1B68     		ldr	r3, [r3]
 3596              		.loc 1 3758 6 view .LVU1187
 3597 0008 13F4802F 		tst	r3, #262144
 3598 000c 3FD0     		beq	.L322
3759:Drivers/STM32F4xx_HAL_Driver/Src/stm32f4xx_hal_rcc_ex.c ****   {
3760:Drivers/STM32F4xx_HAL_Driver/Src/stm32f4xx_hal_rcc_ex.c ****     RCC_OscInitStruct->HSEState = RCC_HSE_BYPASS;
 3599              		.loc 1 3760 5 is_stmt 1 view .LVU1188
 3600              		.loc 1 3760 33 is_stmt 0 view .LVU1189
 3601 000e 4FF4A023 		mov	r3, #327680
 3602 0012 4360     		str	r3, [r0, #4]
ARM GAS  C:\Users\Ebrahim\AppData\Local\Temp\ccoXyWuB.s 			page 140


 3603              	.L323:
3761:Drivers/STM32F4xx_HAL_Driver/Src/stm32f4xx_hal_rcc_ex.c ****   }
3762:Drivers/STM32F4xx_HAL_Driver/Src/stm32f4xx_hal_rcc_ex.c ****   else if ((RCC->CR & RCC_CR_HSEON) == RCC_CR_HSEON)
3763:Drivers/STM32F4xx_HAL_Driver/Src/stm32f4xx_hal_rcc_ex.c ****   {
3764:Drivers/STM32F4xx_HAL_Driver/Src/stm32f4xx_hal_rcc_ex.c ****     RCC_OscInitStruct->HSEState = RCC_HSE_ON;
3765:Drivers/STM32F4xx_HAL_Driver/Src/stm32f4xx_hal_rcc_ex.c ****   }
3766:Drivers/STM32F4xx_HAL_Driver/Src/stm32f4xx_hal_rcc_ex.c ****   else
3767:Drivers/STM32F4xx_HAL_Driver/Src/stm32f4xx_hal_rcc_ex.c ****   {
3768:Drivers/STM32F4xx_HAL_Driver/Src/stm32f4xx_hal_rcc_ex.c ****     RCC_OscInitStruct->HSEState = RCC_HSE_OFF;
3769:Drivers/STM32F4xx_HAL_Driver/Src/stm32f4xx_hal_rcc_ex.c ****   }
3770:Drivers/STM32F4xx_HAL_Driver/Src/stm32f4xx_hal_rcc_ex.c **** 
3771:Drivers/STM32F4xx_HAL_Driver/Src/stm32f4xx_hal_rcc_ex.c ****   /* Get the HSI configuration -----------------------------------------------*/
3772:Drivers/STM32F4xx_HAL_Driver/Src/stm32f4xx_hal_rcc_ex.c ****   if ((RCC->CR & RCC_CR_HSION) == RCC_CR_HSION)
 3604              		.loc 1 3772 3 is_stmt 1 view .LVU1190
 3605              		.loc 1 3772 11 is_stmt 0 view .LVU1191
 3606 0014 2E4B     		ldr	r3, .L334
 3607 0016 1B68     		ldr	r3, [r3]
 3608              		.loc 1 3772 6 view .LVU1192
 3609 0018 13F0010F 		tst	r3, #1
 3610 001c 43D0     		beq	.L325
3773:Drivers/STM32F4xx_HAL_Driver/Src/stm32f4xx_hal_rcc_ex.c ****   {
3774:Drivers/STM32F4xx_HAL_Driver/Src/stm32f4xx_hal_rcc_ex.c ****     RCC_OscInitStruct->HSIState = RCC_HSI_ON;
 3611              		.loc 1 3774 5 is_stmt 1 view .LVU1193
 3612              		.loc 1 3774 33 is_stmt 0 view .LVU1194
 3613 001e 0123     		movs	r3, #1
 3614 0020 C360     		str	r3, [r0, #12]
 3615              	.L326:
3775:Drivers/STM32F4xx_HAL_Driver/Src/stm32f4xx_hal_rcc_ex.c ****   }
3776:Drivers/STM32F4xx_HAL_Driver/Src/stm32f4xx_hal_rcc_ex.c ****   else
3777:Drivers/STM32F4xx_HAL_Driver/Src/stm32f4xx_hal_rcc_ex.c ****   {
3778:Drivers/STM32F4xx_HAL_Driver/Src/stm32f4xx_hal_rcc_ex.c ****     RCC_OscInitStruct->HSIState = RCC_HSI_OFF;
3779:Drivers/STM32F4xx_HAL_Driver/Src/stm32f4xx_hal_rcc_ex.c ****   }
3780:Drivers/STM32F4xx_HAL_Driver/Src/stm32f4xx_hal_rcc_ex.c **** 
3781:Drivers/STM32F4xx_HAL_Driver/Src/stm32f4xx_hal_rcc_ex.c ****   RCC_OscInitStruct->HSICalibrationValue = (uint32_t)((RCC->CR & RCC_CR_HSITRIM) >> RCC_CR_HSITRIM_
 3616              		.loc 1 3781 3 is_stmt 1 view .LVU1195
 3617              		.loc 1 3781 59 is_stmt 0 view .LVU1196
 3618 0022 2B4A     		ldr	r2, .L334
 3619 0024 1368     		ldr	r3, [r2]
 3620              		.loc 1 3781 44 view .LVU1197
 3621 0026 C3F3C403 		ubfx	r3, r3, #3, #5
 3622              		.loc 1 3781 42 view .LVU1198
 3623 002a 0361     		str	r3, [r0, #16]
3782:Drivers/STM32F4xx_HAL_Driver/Src/stm32f4xx_hal_rcc_ex.c **** 
3783:Drivers/STM32F4xx_HAL_Driver/Src/stm32f4xx_hal_rcc_ex.c ****   /* Get the LSE configuration -----------------------------------------------*/
3784:Drivers/STM32F4xx_HAL_Driver/Src/stm32f4xx_hal_rcc_ex.c ****   if ((RCC->BDCR & RCC_BDCR_LSEBYP) == RCC_BDCR_LSEBYP)
 3624              		.loc 1 3784 3 is_stmt 1 view .LVU1199
 3625              		.loc 1 3784 11 is_stmt 0 view .LVU1200
 3626 002c 136F     		ldr	r3, [r2, #112]
 3627              		.loc 1 3784 6 view .LVU1201
 3628 002e 13F0040F 		tst	r3, #4
 3629 0032 3BD0     		beq	.L327
3785:Drivers/STM32F4xx_HAL_Driver/Src/stm32f4xx_hal_rcc_ex.c ****   {
3786:Drivers/STM32F4xx_HAL_Driver/Src/stm32f4xx_hal_rcc_ex.c ****     RCC_OscInitStruct->LSEState = RCC_LSE_BYPASS;
 3630              		.loc 1 3786 5 is_stmt 1 view .LVU1202
 3631              		.loc 1 3786 33 is_stmt 0 view .LVU1203
 3632 0034 0523     		movs	r3, #5
 3633 0036 8360     		str	r3, [r0, #8]
ARM GAS  C:\Users\Ebrahim\AppData\Local\Temp\ccoXyWuB.s 			page 141


 3634              	.L328:
3787:Drivers/STM32F4xx_HAL_Driver/Src/stm32f4xx_hal_rcc_ex.c ****   }
3788:Drivers/STM32F4xx_HAL_Driver/Src/stm32f4xx_hal_rcc_ex.c ****   else if ((RCC->BDCR & RCC_BDCR_LSEON) == RCC_BDCR_LSEON)
3789:Drivers/STM32F4xx_HAL_Driver/Src/stm32f4xx_hal_rcc_ex.c ****   {
3790:Drivers/STM32F4xx_HAL_Driver/Src/stm32f4xx_hal_rcc_ex.c ****     RCC_OscInitStruct->LSEState = RCC_LSE_ON;
3791:Drivers/STM32F4xx_HAL_Driver/Src/stm32f4xx_hal_rcc_ex.c ****   }
3792:Drivers/STM32F4xx_HAL_Driver/Src/stm32f4xx_hal_rcc_ex.c ****   else
3793:Drivers/STM32F4xx_HAL_Driver/Src/stm32f4xx_hal_rcc_ex.c ****   {
3794:Drivers/STM32F4xx_HAL_Driver/Src/stm32f4xx_hal_rcc_ex.c ****     RCC_OscInitStruct->LSEState = RCC_LSE_OFF;
3795:Drivers/STM32F4xx_HAL_Driver/Src/stm32f4xx_hal_rcc_ex.c ****   }
3796:Drivers/STM32F4xx_HAL_Driver/Src/stm32f4xx_hal_rcc_ex.c **** 
3797:Drivers/STM32F4xx_HAL_Driver/Src/stm32f4xx_hal_rcc_ex.c ****   /* Get the LSI configuration -----------------------------------------------*/
3798:Drivers/STM32F4xx_HAL_Driver/Src/stm32f4xx_hal_rcc_ex.c ****   if ((RCC->CSR & RCC_CSR_LSION) == RCC_CSR_LSION)
 3635              		.loc 1 3798 3 is_stmt 1 view .LVU1204
 3636              		.loc 1 3798 11 is_stmt 0 view .LVU1205
 3637 0038 254B     		ldr	r3, .L334
 3638 003a 5B6F     		ldr	r3, [r3, #116]
 3639              		.loc 1 3798 6 view .LVU1206
 3640 003c 13F0010F 		tst	r3, #1
 3641 0040 3FD0     		beq	.L330
3799:Drivers/STM32F4xx_HAL_Driver/Src/stm32f4xx_hal_rcc_ex.c ****   {
3800:Drivers/STM32F4xx_HAL_Driver/Src/stm32f4xx_hal_rcc_ex.c ****     RCC_OscInitStruct->LSIState = RCC_LSI_ON;
 3642              		.loc 1 3800 5 is_stmt 1 view .LVU1207
 3643              		.loc 1 3800 33 is_stmt 0 view .LVU1208
 3644 0042 0123     		movs	r3, #1
 3645 0044 4361     		str	r3, [r0, #20]
 3646              	.L331:
3801:Drivers/STM32F4xx_HAL_Driver/Src/stm32f4xx_hal_rcc_ex.c ****   }
3802:Drivers/STM32F4xx_HAL_Driver/Src/stm32f4xx_hal_rcc_ex.c ****   else
3803:Drivers/STM32F4xx_HAL_Driver/Src/stm32f4xx_hal_rcc_ex.c ****   {
3804:Drivers/STM32F4xx_HAL_Driver/Src/stm32f4xx_hal_rcc_ex.c ****     RCC_OscInitStruct->LSIState = RCC_LSI_OFF;
3805:Drivers/STM32F4xx_HAL_Driver/Src/stm32f4xx_hal_rcc_ex.c ****   }
3806:Drivers/STM32F4xx_HAL_Driver/Src/stm32f4xx_hal_rcc_ex.c **** 
3807:Drivers/STM32F4xx_HAL_Driver/Src/stm32f4xx_hal_rcc_ex.c ****   /* Get the PLL configuration -----------------------------------------------*/
3808:Drivers/STM32F4xx_HAL_Driver/Src/stm32f4xx_hal_rcc_ex.c ****   if ((RCC->CR & RCC_CR_PLLON) == RCC_CR_PLLON)
 3647              		.loc 1 3808 3 is_stmt 1 view .LVU1209
 3648              		.loc 1 3808 11 is_stmt 0 view .LVU1210
 3649 0046 224B     		ldr	r3, .L334
 3650 0048 1B68     		ldr	r3, [r3]
 3651              		.loc 1 3808 6 view .LVU1211
 3652 004a 13F0807F 		tst	r3, #16777216
 3653 004e 3BD0     		beq	.L332
3809:Drivers/STM32F4xx_HAL_Driver/Src/stm32f4xx_hal_rcc_ex.c ****   {
3810:Drivers/STM32F4xx_HAL_Driver/Src/stm32f4xx_hal_rcc_ex.c ****     RCC_OscInitStruct->PLL.PLLState = RCC_PLL_ON;
 3654              		.loc 1 3810 5 is_stmt 1 view .LVU1212
 3655              		.loc 1 3810 37 is_stmt 0 view .LVU1213
 3656 0050 0223     		movs	r3, #2
 3657 0052 8361     		str	r3, [r0, #24]
 3658              	.L333:
3811:Drivers/STM32F4xx_HAL_Driver/Src/stm32f4xx_hal_rcc_ex.c ****   }
3812:Drivers/STM32F4xx_HAL_Driver/Src/stm32f4xx_hal_rcc_ex.c ****   else
3813:Drivers/STM32F4xx_HAL_Driver/Src/stm32f4xx_hal_rcc_ex.c ****   {
3814:Drivers/STM32F4xx_HAL_Driver/Src/stm32f4xx_hal_rcc_ex.c ****     RCC_OscInitStruct->PLL.PLLState = RCC_PLL_OFF;
3815:Drivers/STM32F4xx_HAL_Driver/Src/stm32f4xx_hal_rcc_ex.c ****   }
3816:Drivers/STM32F4xx_HAL_Driver/Src/stm32f4xx_hal_rcc_ex.c ****   RCC_OscInitStruct->PLL.PLLSource = (uint32_t)(RCC->PLLCFGR & RCC_PLLCFGR_PLLSRC);
 3659              		.loc 1 3816 3 is_stmt 1 view .LVU1214
 3660              		.loc 1 3816 52 is_stmt 0 view .LVU1215
ARM GAS  C:\Users\Ebrahim\AppData\Local\Temp\ccoXyWuB.s 			page 142


 3661 0054 1E4A     		ldr	r2, .L334
 3662 0056 5368     		ldr	r3, [r2, #4]
 3663              		.loc 1 3816 38 view .LVU1216
 3664 0058 03F48003 		and	r3, r3, #4194304
 3665              		.loc 1 3816 36 view .LVU1217
 3666 005c C361     		str	r3, [r0, #28]
3817:Drivers/STM32F4xx_HAL_Driver/Src/stm32f4xx_hal_rcc_ex.c ****   RCC_OscInitStruct->PLL.PLLM = (uint32_t)(RCC->PLLCFGR & RCC_PLLCFGR_PLLM);
 3667              		.loc 1 3817 3 is_stmt 1 view .LVU1218
 3668              		.loc 1 3817 47 is_stmt 0 view .LVU1219
 3669 005e 5368     		ldr	r3, [r2, #4]
 3670              		.loc 1 3817 33 view .LVU1220
 3671 0060 03F03F03 		and	r3, r3, #63
 3672              		.loc 1 3817 31 view .LVU1221
 3673 0064 0362     		str	r3, [r0, #32]
3818:Drivers/STM32F4xx_HAL_Driver/Src/stm32f4xx_hal_rcc_ex.c ****   RCC_OscInitStruct->PLL.PLLN = (uint32_t)((RCC->PLLCFGR & RCC_PLLCFGR_PLLN) >> RCC_PLLCFGR_PLLN_Po
 3674              		.loc 1 3818 3 is_stmt 1 view .LVU1222
 3675              		.loc 1 3818 48 is_stmt 0 view .LVU1223
 3676 0066 5368     		ldr	r3, [r2, #4]
 3677              		.loc 1 3818 33 view .LVU1224
 3678 0068 C3F38813 		ubfx	r3, r3, #6, #9
 3679              		.loc 1 3818 31 view .LVU1225
 3680 006c 4362     		str	r3, [r0, #36]
3819:Drivers/STM32F4xx_HAL_Driver/Src/stm32f4xx_hal_rcc_ex.c ****   RCC_OscInitStruct->PLL.PLLP = (uint32_t)((((RCC->PLLCFGR & RCC_PLLCFGR_PLLP) + RCC_PLLCFGR_PLLP_0
 3681              		.loc 1 3819 3 is_stmt 1 view .LVU1226
 3682              		.loc 1 3819 50 is_stmt 0 view .LVU1227
 3683 006e 5368     		ldr	r3, [r2, #4]
 3684              		.loc 1 3819 60 view .LVU1228
 3685 0070 03F44033 		and	r3, r3, #196608
 3686              		.loc 1 3819 80 view .LVU1229
 3687 0074 03F58033 		add	r3, r3, #65536
 3688              		.loc 1 3819 33 view .LVU1230
 3689 0078 DB0B     		lsrs	r3, r3, #15
 3690              		.loc 1 3819 31 view .LVU1231
 3691 007a 8362     		str	r3, [r0, #40]
3820:Drivers/STM32F4xx_HAL_Driver/Src/stm32f4xx_hal_rcc_ex.c ****   RCC_OscInitStruct->PLL.PLLQ = (uint32_t)((RCC->PLLCFGR & RCC_PLLCFGR_PLLQ) >> RCC_PLLCFGR_PLLQ_Po
 3692              		.loc 1 3820 3 is_stmt 1 view .LVU1232
 3693              		.loc 1 3820 48 is_stmt 0 view .LVU1233
 3694 007c 5368     		ldr	r3, [r2, #4]
 3695              		.loc 1 3820 33 view .LVU1234
 3696 007e C3F30363 		ubfx	r3, r3, #24, #4
 3697              		.loc 1 3820 31 view .LVU1235
 3698 0082 C362     		str	r3, [r0, #44]
3821:Drivers/STM32F4xx_HAL_Driver/Src/stm32f4xx_hal_rcc_ex.c ****   RCC_OscInitStruct->PLL.PLLR = (uint32_t)((RCC->PLLCFGR & RCC_PLLCFGR_PLLR) >> RCC_PLLCFGR_PLLR_Po
 3699              		.loc 1 3821 3 is_stmt 1 view .LVU1236
 3700              		.loc 1 3821 48 is_stmt 0 view .LVU1237
 3701 0084 5368     		ldr	r3, [r2, #4]
 3702              		.loc 1 3821 33 view .LVU1238
 3703 0086 C3F30273 		ubfx	r3, r3, #28, #3
 3704              		.loc 1 3821 31 view .LVU1239
 3705 008a 0363     		str	r3, [r0, #48]
3822:Drivers/STM32F4xx_HAL_Driver/Src/stm32f4xx_hal_rcc_ex.c **** }
 3706              		.loc 1 3822 1 view .LVU1240
 3707 008c 7047     		bx	lr
 3708              	.L322:
3762:Drivers/STM32F4xx_HAL_Driver/Src/stm32f4xx_hal_rcc_ex.c ****   {
 3709              		.loc 1 3762 8 is_stmt 1 view .LVU1241
3762:Drivers/STM32F4xx_HAL_Driver/Src/stm32f4xx_hal_rcc_ex.c ****   {
ARM GAS  C:\Users\Ebrahim\AppData\Local\Temp\ccoXyWuB.s 			page 143


 3710              		.loc 1 3762 16 is_stmt 0 view .LVU1242
 3711 008e 104B     		ldr	r3, .L334
 3712 0090 1B68     		ldr	r3, [r3]
3762:Drivers/STM32F4xx_HAL_Driver/Src/stm32f4xx_hal_rcc_ex.c ****   {
 3713              		.loc 1 3762 11 view .LVU1243
 3714 0092 13F4803F 		tst	r3, #65536
 3715 0096 03D0     		beq	.L324
3764:Drivers/STM32F4xx_HAL_Driver/Src/stm32f4xx_hal_rcc_ex.c ****   }
 3716              		.loc 1 3764 5 is_stmt 1 view .LVU1244
3764:Drivers/STM32F4xx_HAL_Driver/Src/stm32f4xx_hal_rcc_ex.c ****   }
 3717              		.loc 1 3764 33 is_stmt 0 view .LVU1245
 3718 0098 4FF48033 		mov	r3, #65536
 3719 009c 4360     		str	r3, [r0, #4]
 3720 009e B9E7     		b	.L323
 3721              	.L324:
3768:Drivers/STM32F4xx_HAL_Driver/Src/stm32f4xx_hal_rcc_ex.c ****   }
 3722              		.loc 1 3768 5 is_stmt 1 view .LVU1246
3768:Drivers/STM32F4xx_HAL_Driver/Src/stm32f4xx_hal_rcc_ex.c ****   }
 3723              		.loc 1 3768 33 is_stmt 0 view .LVU1247
 3724 00a0 0023     		movs	r3, #0
 3725 00a2 4360     		str	r3, [r0, #4]
 3726 00a4 B6E7     		b	.L323
 3727              	.L325:
3778:Drivers/STM32F4xx_HAL_Driver/Src/stm32f4xx_hal_rcc_ex.c ****   }
 3728              		.loc 1 3778 5 is_stmt 1 view .LVU1248
3778:Drivers/STM32F4xx_HAL_Driver/Src/stm32f4xx_hal_rcc_ex.c ****   }
 3729              		.loc 1 3778 33 is_stmt 0 view .LVU1249
 3730 00a6 0023     		movs	r3, #0
 3731 00a8 C360     		str	r3, [r0, #12]
 3732 00aa BAE7     		b	.L326
 3733              	.L327:
3788:Drivers/STM32F4xx_HAL_Driver/Src/stm32f4xx_hal_rcc_ex.c ****   {
 3734              		.loc 1 3788 8 is_stmt 1 view .LVU1250
3788:Drivers/STM32F4xx_HAL_Driver/Src/stm32f4xx_hal_rcc_ex.c ****   {
 3735              		.loc 1 3788 16 is_stmt 0 view .LVU1251
 3736 00ac 084B     		ldr	r3, .L334
 3737 00ae 1B6F     		ldr	r3, [r3, #112]
3788:Drivers/STM32F4xx_HAL_Driver/Src/stm32f4xx_hal_rcc_ex.c ****   {
 3738              		.loc 1 3788 11 view .LVU1252
 3739 00b0 13F0010F 		tst	r3, #1
 3740 00b4 02D0     		beq	.L329
3790:Drivers/STM32F4xx_HAL_Driver/Src/stm32f4xx_hal_rcc_ex.c ****   }
 3741              		.loc 1 3790 5 is_stmt 1 view .LVU1253
3790:Drivers/STM32F4xx_HAL_Driver/Src/stm32f4xx_hal_rcc_ex.c ****   }
 3742              		.loc 1 3790 33 is_stmt 0 view .LVU1254
 3743 00b6 0123     		movs	r3, #1
 3744 00b8 8360     		str	r3, [r0, #8]
 3745 00ba BDE7     		b	.L328
 3746              	.L329:
3794:Drivers/STM32F4xx_HAL_Driver/Src/stm32f4xx_hal_rcc_ex.c ****   }
 3747              		.loc 1 3794 5 is_stmt 1 view .LVU1255
3794:Drivers/STM32F4xx_HAL_Driver/Src/stm32f4xx_hal_rcc_ex.c ****   }
 3748              		.loc 1 3794 33 is_stmt 0 view .LVU1256
 3749 00bc 0023     		movs	r3, #0
 3750 00be 8360     		str	r3, [r0, #8]
 3751 00c0 BAE7     		b	.L328
 3752              	.L330:
ARM GAS  C:\Users\Ebrahim\AppData\Local\Temp\ccoXyWuB.s 			page 144


3804:Drivers/STM32F4xx_HAL_Driver/Src/stm32f4xx_hal_rcc_ex.c ****   }
 3753              		.loc 1 3804 5 is_stmt 1 view .LVU1257
3804:Drivers/STM32F4xx_HAL_Driver/Src/stm32f4xx_hal_rcc_ex.c ****   }
 3754              		.loc 1 3804 33 is_stmt 0 view .LVU1258
 3755 00c2 0023     		movs	r3, #0
 3756 00c4 4361     		str	r3, [r0, #20]
 3757 00c6 BEE7     		b	.L331
 3758              	.L332:
3814:Drivers/STM32F4xx_HAL_Driver/Src/stm32f4xx_hal_rcc_ex.c ****   }
 3759              		.loc 1 3814 5 is_stmt 1 view .LVU1259
3814:Drivers/STM32F4xx_HAL_Driver/Src/stm32f4xx_hal_rcc_ex.c ****   }
 3760              		.loc 1 3814 37 is_stmt 0 view .LVU1260
 3761 00c8 0123     		movs	r3, #1
 3762 00ca 8361     		str	r3, [r0, #24]
 3763 00cc C2E7     		b	.L333
 3764              	.L335:
 3765 00ce 00BF     		.align	2
 3766              	.L334:
 3767 00d0 00380240 		.word	1073887232
 3768              		.cfi_endproc
 3769              	.LFE145:
 3771              		.text
 3772              	.Letext0:
 3773              		.file 2 "C:\\ST\\STM32CubeIDE_1.19.0\\STM32CubeIDE\\plugins\\com.st.stm32cube.ide.mcu.externaltool
 3774              		.file 3 "C:\\ST\\STM32CubeIDE_1.19.0\\STM32CubeIDE\\plugins\\com.st.stm32cube.ide.mcu.externaltool
 3775              		.file 4 "Drivers/CMSIS/Device/ST/STM32F4xx/Include/stm32f446xx.h"
 3776              		.file 5 "Drivers/CMSIS/Device/ST/STM32F4xx/Include/stm32f4xx.h"
 3777              		.file 6 "Drivers/STM32F4xx_HAL_Driver/Inc/stm32f4xx_hal_def.h"
 3778              		.file 7 "Drivers/STM32F4xx_HAL_Driver/Inc/stm32f4xx_hal_rcc_ex.h"
 3779              		.file 8 "Drivers/STM32F4xx_HAL_Driver/Inc/stm32f4xx_hal_rcc.h"
 3780              		.file 9 "Drivers/CMSIS/Device/ST/STM32F4xx/Include/system_stm32f4xx.h"
 3781              		.file 10 "Drivers/STM32F4xx_HAL_Driver/Inc/stm32f4xx_hal.h"
ARM GAS  C:\Users\Ebrahim\AppData\Local\Temp\ccoXyWuB.s 			page 145


DEFINED SYMBOLS
                            *ABS*:00000000 stm32f4xx_hal_rcc_ex.c
C:\Users\Ebrahim\AppData\Local\Temp\ccoXyWuB.s:19     .text.HAL_RCCEx_PeriphCLKConfig:00000000 $t
C:\Users\Ebrahim\AppData\Local\Temp\ccoXyWuB.s:25     .text.HAL_RCCEx_PeriphCLKConfig:00000000 HAL_RCCEx_PeriphCLKConfig
C:\Users\Ebrahim\AppData\Local\Temp\ccoXyWuB.s:529    .text.HAL_RCCEx_PeriphCLKConfig:00000268 $d
C:\Users\Ebrahim\AppData\Local\Temp\ccoXyWuB.s:538    .text.HAL_RCCEx_PeriphCLKConfig:00000278 $t
C:\Users\Ebrahim\AppData\Local\Temp\ccoXyWuB.s:892    .text.HAL_RCCEx_PeriphCLKConfig:0000046c $d
C:\Users\Ebrahim\AppData\Local\Temp\ccoXyWuB.s:898    .text.HAL_RCCEx_GetPeriphCLKConfig:00000000 $t
C:\Users\Ebrahim\AppData\Local\Temp\ccoXyWuB.s:904    .text.HAL_RCCEx_GetPeriphCLKConfig:00000000 HAL_RCCEx_GetPeriphCLKConfig
C:\Users\Ebrahim\AppData\Local\Temp\ccoXyWuB.s:1093   .text.HAL_RCCEx_GetPeriphCLKConfig:00000104 $d
C:\Users\Ebrahim\AppData\Local\Temp\ccoXyWuB.s:1098   .text.HAL_RCCEx_GetPeriphCLKFreq:00000000 $t
C:\Users\Ebrahim\AppData\Local\Temp\ccoXyWuB.s:1104   .text.HAL_RCCEx_GetPeriphCLKFreq:00000000 HAL_RCCEx_GetPeriphCLKFreq
C:\Users\Ebrahim\AppData\Local\Temp\ccoXyWuB.s:1126   .text.HAL_RCCEx_GetPeriphCLKFreq:0000000c $d
C:\Users\Ebrahim\AppData\Local\Temp\ccoXyWuB.s:1134   .text.HAL_RCCEx_GetPeriphCLKFreq:0000001c $t
C:\Users\Ebrahim\AppData\Local\Temp\ccoXyWuB.s:1682   .text.HAL_RCCEx_GetPeriphCLKFreq:000002e0 $d
C:\Users\Ebrahim\AppData\Local\Temp\ccoXyWuB.s:1689   .text.HAL_RCCEx_GetPeriphCLKFreq:000002f0 $t
C:\Users\Ebrahim\AppData\Local\Temp\ccoXyWuB.s:1717   .text.HAL_RCCEx_GetPeriphCLKFreq:00000304 $d
C:\Users\Ebrahim\AppData\Local\Temp\ccoXyWuB.s:1723   .text.HAL_RCCEx_SelectLSEMode:00000000 $t
C:\Users\Ebrahim\AppData\Local\Temp\ccoXyWuB.s:1729   .text.HAL_RCCEx_SelectLSEMode:00000000 HAL_RCCEx_SelectLSEMode
C:\Users\Ebrahim\AppData\Local\Temp\ccoXyWuB.s:1759   .text.HAL_RCCEx_SelectLSEMode:0000001c $d
C:\Users\Ebrahim\AppData\Local\Temp\ccoXyWuB.s:1764   .text.HAL_RCCEx_EnablePLLI2S:00000000 $t
C:\Users\Ebrahim\AppData\Local\Temp\ccoXyWuB.s:1770   .text.HAL_RCCEx_EnablePLLI2S:00000000 HAL_RCCEx_EnablePLLI2S
C:\Users\Ebrahim\AppData\Local\Temp\ccoXyWuB.s:1880   .text.HAL_RCCEx_EnablePLLI2S:00000074 $d
C:\Users\Ebrahim\AppData\Local\Temp\ccoXyWuB.s:1886   .text.HAL_RCCEx_DisablePLLI2S:00000000 $t
C:\Users\Ebrahim\AppData\Local\Temp\ccoXyWuB.s:1892   .text.HAL_RCCEx_DisablePLLI2S:00000000 HAL_RCCEx_DisablePLLI2S
C:\Users\Ebrahim\AppData\Local\Temp\ccoXyWuB.s:1946   .text.HAL_RCCEx_DisablePLLI2S:0000002c $d
C:\Users\Ebrahim\AppData\Local\Temp\ccoXyWuB.s:1952   .text.HAL_RCCEx_EnablePLLSAI:00000000 $t
C:\Users\Ebrahim\AppData\Local\Temp\ccoXyWuB.s:1958   .text.HAL_RCCEx_EnablePLLSAI:00000000 HAL_RCCEx_EnablePLLSAI
C:\Users\Ebrahim\AppData\Local\Temp\ccoXyWuB.s:2065   .text.HAL_RCCEx_EnablePLLSAI:00000070 $d
C:\Users\Ebrahim\AppData\Local\Temp\ccoXyWuB.s:2071   .text.HAL_RCCEx_DisablePLLSAI:00000000 $t
C:\Users\Ebrahim\AppData\Local\Temp\ccoXyWuB.s:2077   .text.HAL_RCCEx_DisablePLLSAI:00000000 HAL_RCCEx_DisablePLLSAI
C:\Users\Ebrahim\AppData\Local\Temp\ccoXyWuB.s:2131   .text.HAL_RCCEx_DisablePLLSAI:0000002c $d
C:\Users\Ebrahim\AppData\Local\Temp\ccoXyWuB.s:2138   .text.HAL_RCC_GetSysClockFreq:00000000 $t
C:\Users\Ebrahim\AppData\Local\Temp\ccoXyWuB.s:2144   .text.HAL_RCC_GetSysClockFreq:00000000 HAL_RCC_GetSysClockFreq
C:\Users\Ebrahim\AppData\Local\Temp\ccoXyWuB.s:2339   .text.HAL_RCC_GetSysClockFreq:0000011c $d
C:\Users\Ebrahim\AppData\Local\Temp\ccoXyWuB.s:2346   .text.HAL_RCC_DeInit:00000000 $t
C:\Users\Ebrahim\AppData\Local\Temp\ccoXyWuB.s:2352   .text.HAL_RCC_DeInit:00000000 HAL_RCC_DeInit
C:\Users\Ebrahim\AppData\Local\Temp\ccoXyWuB.s:2641   .text.HAL_RCC_DeInit:00000164 $d
C:\Users\Ebrahim\AppData\Local\Temp\ccoXyWuB.s:2650   .text.HAL_RCC_OscConfig:00000000 $t
C:\Users\Ebrahim\AppData\Local\Temp\ccoXyWuB.s:2656   .text.HAL_RCC_OscConfig:00000000 HAL_RCC_OscConfig
C:\Users\Ebrahim\AppData\Local\Temp\ccoXyWuB.s:3184   .text.HAL_RCC_OscConfig:0000027c $d
C:\Users\Ebrahim\AppData\Local\Temp\ccoXyWuB.s:3190   .text.HAL_RCC_OscConfig:00000288 $t
C:\Users\Ebrahim\AppData\Local\Temp\ccoXyWuB.s:3567   .text.HAL_RCC_OscConfig:00000438 $d
C:\Users\Ebrahim\AppData\Local\Temp\ccoXyWuB.s:3574   .text.HAL_RCC_GetOscConfig:00000000 $t
C:\Users\Ebrahim\AppData\Local\Temp\ccoXyWuB.s:3580   .text.HAL_RCC_GetOscConfig:00000000 HAL_RCC_GetOscConfig
C:\Users\Ebrahim\AppData\Local\Temp\ccoXyWuB.s:3767   .text.HAL_RCC_GetOscConfig:000000d0 $d

UNDEFINED SYMBOLS
HAL_GetTick
__aeabi_uldivmod
HAL_InitTick
SystemCoreClock
uwTickPrio
