ARM GAS  C:\Users\joshr\AppData\Local\Temp\ccBBGkRl.s 			page 1


   1              		.cpu cortex-m4
   2              		.arch armv7e-m
   3              		.fpu fpv4-sp-d16
   4              		.eabi_attribute 27, 1
   5              		.eabi_attribute 28, 1
   6              		.eabi_attribute 20, 1
   7              		.eabi_attribute 21, 1
   8              		.eabi_attribute 23, 3
   9              		.eabi_attribute 24, 1
  10              		.eabi_attribute 25, 1
  11              		.eabi_attribute 26, 1
  12              		.eabi_attribute 30, 2
  13              		.eabi_attribute 34, 1
  14              		.eabi_attribute 18, 4
  15              		.file	"stm32f4xx_hal_pwr_ex.c"
  16              		.text
  17              	.Ltext0:
  18              		.cfi_sections	.debug_frame
  19              		.file 1 "Drivers/STM32F4xx_HAL_Driver/Src/stm32f4xx_hal_pwr_ex.c"
  20              		.section	.text.HAL_PWREx_EnableBkUpReg,"ax",%progbits
  21              		.align	1
  22              		.p2align 2,,3
  23              		.global	HAL_PWREx_EnableBkUpReg
  24              		.syntax unified
  25              		.thumb
  26              		.thumb_func
  28              	HAL_PWREx_EnableBkUpReg:
  29              	.LFB134:
   1:Drivers/STM32F4xx_HAL_Driver/Src/stm32f4xx_hal_pwr_ex.c **** /**
   2:Drivers/STM32F4xx_HAL_Driver/Src/stm32f4xx_hal_pwr_ex.c ****   ******************************************************************************
   3:Drivers/STM32F4xx_HAL_Driver/Src/stm32f4xx_hal_pwr_ex.c ****   * @file    stm32f4xx_hal_pwr_ex.c
   4:Drivers/STM32F4xx_HAL_Driver/Src/stm32f4xx_hal_pwr_ex.c ****   * @author  MCD Application Team
   5:Drivers/STM32F4xx_HAL_Driver/Src/stm32f4xx_hal_pwr_ex.c ****   * @brief   Extended PWR HAL module driver.
   6:Drivers/STM32F4xx_HAL_Driver/Src/stm32f4xx_hal_pwr_ex.c ****   *          This file provides firmware functions to manage the following 
   7:Drivers/STM32F4xx_HAL_Driver/Src/stm32f4xx_hal_pwr_ex.c ****   *          functionalities of PWR extension peripheral:           
   8:Drivers/STM32F4xx_HAL_Driver/Src/stm32f4xx_hal_pwr_ex.c ****   *           + Peripheral Extended features functions
   9:Drivers/STM32F4xx_HAL_Driver/Src/stm32f4xx_hal_pwr_ex.c ****   *         
  10:Drivers/STM32F4xx_HAL_Driver/Src/stm32f4xx_hal_pwr_ex.c ****   ******************************************************************************
  11:Drivers/STM32F4xx_HAL_Driver/Src/stm32f4xx_hal_pwr_ex.c ****   * @attention
  12:Drivers/STM32F4xx_HAL_Driver/Src/stm32f4xx_hal_pwr_ex.c ****   *
  13:Drivers/STM32F4xx_HAL_Driver/Src/stm32f4xx_hal_pwr_ex.c ****   * Copyright (c) 2017 STMicroelectronics.
  14:Drivers/STM32F4xx_HAL_Driver/Src/stm32f4xx_hal_pwr_ex.c ****   * All rights reserved.
  15:Drivers/STM32F4xx_HAL_Driver/Src/stm32f4xx_hal_pwr_ex.c ****   *
  16:Drivers/STM32F4xx_HAL_Driver/Src/stm32f4xx_hal_pwr_ex.c ****   * This software is licensed under terms that can be found in the LICENSE file in
  17:Drivers/STM32F4xx_HAL_Driver/Src/stm32f4xx_hal_pwr_ex.c ****   * the root directory of this software component.
  18:Drivers/STM32F4xx_HAL_Driver/Src/stm32f4xx_hal_pwr_ex.c ****   * If no LICENSE file comes with this software, it is provided AS-IS.
  19:Drivers/STM32F4xx_HAL_Driver/Src/stm32f4xx_hal_pwr_ex.c ****   ******************************************************************************
  20:Drivers/STM32F4xx_HAL_Driver/Src/stm32f4xx_hal_pwr_ex.c ****   */ 
  21:Drivers/STM32F4xx_HAL_Driver/Src/stm32f4xx_hal_pwr_ex.c **** 
  22:Drivers/STM32F4xx_HAL_Driver/Src/stm32f4xx_hal_pwr_ex.c **** /* Includes ------------------------------------------------------------------*/
  23:Drivers/STM32F4xx_HAL_Driver/Src/stm32f4xx_hal_pwr_ex.c **** #include "stm32f4xx_hal.h"
  24:Drivers/STM32F4xx_HAL_Driver/Src/stm32f4xx_hal_pwr_ex.c **** 
  25:Drivers/STM32F4xx_HAL_Driver/Src/stm32f4xx_hal_pwr_ex.c **** /** @addtogroup STM32F4xx_HAL_Driver
  26:Drivers/STM32F4xx_HAL_Driver/Src/stm32f4xx_hal_pwr_ex.c ****   * @{
  27:Drivers/STM32F4xx_HAL_Driver/Src/stm32f4xx_hal_pwr_ex.c ****   */
  28:Drivers/STM32F4xx_HAL_Driver/Src/stm32f4xx_hal_pwr_ex.c **** 
  29:Drivers/STM32F4xx_HAL_Driver/Src/stm32f4xx_hal_pwr_ex.c **** /** @defgroup PWREx PWREx
ARM GAS  C:\Users\joshr\AppData\Local\Temp\ccBBGkRl.s 			page 2


  30:Drivers/STM32F4xx_HAL_Driver/Src/stm32f4xx_hal_pwr_ex.c ****   * @brief PWR HAL module driver
  31:Drivers/STM32F4xx_HAL_Driver/Src/stm32f4xx_hal_pwr_ex.c ****   * @{
  32:Drivers/STM32F4xx_HAL_Driver/Src/stm32f4xx_hal_pwr_ex.c ****   */
  33:Drivers/STM32F4xx_HAL_Driver/Src/stm32f4xx_hal_pwr_ex.c **** 
  34:Drivers/STM32F4xx_HAL_Driver/Src/stm32f4xx_hal_pwr_ex.c **** #ifdef HAL_PWR_MODULE_ENABLED
  35:Drivers/STM32F4xx_HAL_Driver/Src/stm32f4xx_hal_pwr_ex.c **** 
  36:Drivers/STM32F4xx_HAL_Driver/Src/stm32f4xx_hal_pwr_ex.c **** /* Private typedef -----------------------------------------------------------*/
  37:Drivers/STM32F4xx_HAL_Driver/Src/stm32f4xx_hal_pwr_ex.c **** /* Private define ------------------------------------------------------------*/
  38:Drivers/STM32F4xx_HAL_Driver/Src/stm32f4xx_hal_pwr_ex.c **** /** @addtogroup PWREx_Private_Constants
  39:Drivers/STM32F4xx_HAL_Driver/Src/stm32f4xx_hal_pwr_ex.c ****   * @{
  40:Drivers/STM32F4xx_HAL_Driver/Src/stm32f4xx_hal_pwr_ex.c ****   */    
  41:Drivers/STM32F4xx_HAL_Driver/Src/stm32f4xx_hal_pwr_ex.c **** #define PWR_OVERDRIVE_TIMEOUT_VALUE  1000U
  42:Drivers/STM32F4xx_HAL_Driver/Src/stm32f4xx_hal_pwr_ex.c **** #define PWR_UDERDRIVE_TIMEOUT_VALUE  1000U
  43:Drivers/STM32F4xx_HAL_Driver/Src/stm32f4xx_hal_pwr_ex.c **** #define PWR_BKPREG_TIMEOUT_VALUE     1000U
  44:Drivers/STM32F4xx_HAL_Driver/Src/stm32f4xx_hal_pwr_ex.c **** #define PWR_VOSRDY_TIMEOUT_VALUE     1000U
  45:Drivers/STM32F4xx_HAL_Driver/Src/stm32f4xx_hal_pwr_ex.c **** /**
  46:Drivers/STM32F4xx_HAL_Driver/Src/stm32f4xx_hal_pwr_ex.c ****   * @}
  47:Drivers/STM32F4xx_HAL_Driver/Src/stm32f4xx_hal_pwr_ex.c ****   */
  48:Drivers/STM32F4xx_HAL_Driver/Src/stm32f4xx_hal_pwr_ex.c **** 
  49:Drivers/STM32F4xx_HAL_Driver/Src/stm32f4xx_hal_pwr_ex.c ****    
  50:Drivers/STM32F4xx_HAL_Driver/Src/stm32f4xx_hal_pwr_ex.c **** /* Private macro -------------------------------------------------------------*/
  51:Drivers/STM32F4xx_HAL_Driver/Src/stm32f4xx_hal_pwr_ex.c **** /* Private variables ---------------------------------------------------------*/
  52:Drivers/STM32F4xx_HAL_Driver/Src/stm32f4xx_hal_pwr_ex.c **** /* Private function prototypes -----------------------------------------------*/
  53:Drivers/STM32F4xx_HAL_Driver/Src/stm32f4xx_hal_pwr_ex.c **** /* Private functions ---------------------------------------------------------*/
  54:Drivers/STM32F4xx_HAL_Driver/Src/stm32f4xx_hal_pwr_ex.c **** /** @defgroup PWREx_Exported_Functions PWREx Exported Functions
  55:Drivers/STM32F4xx_HAL_Driver/Src/stm32f4xx_hal_pwr_ex.c ****   *  @{
  56:Drivers/STM32F4xx_HAL_Driver/Src/stm32f4xx_hal_pwr_ex.c ****   */
  57:Drivers/STM32F4xx_HAL_Driver/Src/stm32f4xx_hal_pwr_ex.c **** 
  58:Drivers/STM32F4xx_HAL_Driver/Src/stm32f4xx_hal_pwr_ex.c **** /** @defgroup PWREx_Exported_Functions_Group1 Peripheral Extended features functions 
  59:Drivers/STM32F4xx_HAL_Driver/Src/stm32f4xx_hal_pwr_ex.c ****   *  @brief Peripheral Extended features functions 
  60:Drivers/STM32F4xx_HAL_Driver/Src/stm32f4xx_hal_pwr_ex.c ****   *
  61:Drivers/STM32F4xx_HAL_Driver/Src/stm32f4xx_hal_pwr_ex.c **** @verbatim   
  62:Drivers/STM32F4xx_HAL_Driver/Src/stm32f4xx_hal_pwr_ex.c **** 
  63:Drivers/STM32F4xx_HAL_Driver/Src/stm32f4xx_hal_pwr_ex.c ****  ===============================================================================
  64:Drivers/STM32F4xx_HAL_Driver/Src/stm32f4xx_hal_pwr_ex.c ****                  ##### Peripheral extended features functions #####
  65:Drivers/STM32F4xx_HAL_Driver/Src/stm32f4xx_hal_pwr_ex.c ****  ===============================================================================
  66:Drivers/STM32F4xx_HAL_Driver/Src/stm32f4xx_hal_pwr_ex.c **** 
  67:Drivers/STM32F4xx_HAL_Driver/Src/stm32f4xx_hal_pwr_ex.c ****     *** Main and Backup Regulators configuration ***
  68:Drivers/STM32F4xx_HAL_Driver/Src/stm32f4xx_hal_pwr_ex.c ****     ================================================
  69:Drivers/STM32F4xx_HAL_Driver/Src/stm32f4xx_hal_pwr_ex.c ****     [..] 
  70:Drivers/STM32F4xx_HAL_Driver/Src/stm32f4xx_hal_pwr_ex.c ****       (+) The backup domain includes 4 Kbytes of backup SRAM accessible only from 
  71:Drivers/STM32F4xx_HAL_Driver/Src/stm32f4xx_hal_pwr_ex.c ****           the CPU, and address in 32-bit, 16-bit or 8-bit mode. Its content is 
  72:Drivers/STM32F4xx_HAL_Driver/Src/stm32f4xx_hal_pwr_ex.c ****           retained even in Standby or VBAT mode when the low power backup regulator
  73:Drivers/STM32F4xx_HAL_Driver/Src/stm32f4xx_hal_pwr_ex.c ****           is enabled. It can be considered as an internal EEPROM when VBAT is 
  74:Drivers/STM32F4xx_HAL_Driver/Src/stm32f4xx_hal_pwr_ex.c ****           always present. You can use the HAL_PWREx_EnableBkUpReg() function to 
  75:Drivers/STM32F4xx_HAL_Driver/Src/stm32f4xx_hal_pwr_ex.c ****           enable the low power backup regulator. 
  76:Drivers/STM32F4xx_HAL_Driver/Src/stm32f4xx_hal_pwr_ex.c **** 
  77:Drivers/STM32F4xx_HAL_Driver/Src/stm32f4xx_hal_pwr_ex.c ****       (+) When the backup domain is supplied by VDD (analog switch connected to VDD) 
  78:Drivers/STM32F4xx_HAL_Driver/Src/stm32f4xx_hal_pwr_ex.c ****           the backup SRAM is powered from VDD which replaces the VBAT power supply to 
  79:Drivers/STM32F4xx_HAL_Driver/Src/stm32f4xx_hal_pwr_ex.c ****           save battery life.
  80:Drivers/STM32F4xx_HAL_Driver/Src/stm32f4xx_hal_pwr_ex.c **** 
  81:Drivers/STM32F4xx_HAL_Driver/Src/stm32f4xx_hal_pwr_ex.c ****       (+) The backup SRAM is not mass erased by a tamper event. It is read 
  82:Drivers/STM32F4xx_HAL_Driver/Src/stm32f4xx_hal_pwr_ex.c ****           protected to prevent confidential data, such as cryptographic private 
  83:Drivers/STM32F4xx_HAL_Driver/Src/stm32f4xx_hal_pwr_ex.c ****           key, from being accessed. The backup SRAM can be erased only through 
  84:Drivers/STM32F4xx_HAL_Driver/Src/stm32f4xx_hal_pwr_ex.c ****           the Flash interface when a protection level change from level 1 to 
  85:Drivers/STM32F4xx_HAL_Driver/Src/stm32f4xx_hal_pwr_ex.c ****           level 0 is requested. 
  86:Drivers/STM32F4xx_HAL_Driver/Src/stm32f4xx_hal_pwr_ex.c ****       -@- Refer to the description of Read protection (RDP) in the Flash 
ARM GAS  C:\Users\joshr\AppData\Local\Temp\ccBBGkRl.s 			page 3


  87:Drivers/STM32F4xx_HAL_Driver/Src/stm32f4xx_hal_pwr_ex.c ****           programming manual.
  88:Drivers/STM32F4xx_HAL_Driver/Src/stm32f4xx_hal_pwr_ex.c **** 
  89:Drivers/STM32F4xx_HAL_Driver/Src/stm32f4xx_hal_pwr_ex.c ****       (+) The main internal regulator can be configured to have a tradeoff between 
  90:Drivers/STM32F4xx_HAL_Driver/Src/stm32f4xx_hal_pwr_ex.c ****           performance and power consumption when the device does not operate at 
  91:Drivers/STM32F4xx_HAL_Driver/Src/stm32f4xx_hal_pwr_ex.c ****           the maximum frequency. This is done through __HAL_PWR_MAINREGULATORMODE_CONFIG() 
  92:Drivers/STM32F4xx_HAL_Driver/Src/stm32f4xx_hal_pwr_ex.c ****           macro which configure VOS bit in PWR_CR register
  93:Drivers/STM32F4xx_HAL_Driver/Src/stm32f4xx_hal_pwr_ex.c ****           
  94:Drivers/STM32F4xx_HAL_Driver/Src/stm32f4xx_hal_pwr_ex.c ****         Refer to the product datasheets for more details.
  95:Drivers/STM32F4xx_HAL_Driver/Src/stm32f4xx_hal_pwr_ex.c **** 
  96:Drivers/STM32F4xx_HAL_Driver/Src/stm32f4xx_hal_pwr_ex.c ****     *** FLASH Power Down configuration ****
  97:Drivers/STM32F4xx_HAL_Driver/Src/stm32f4xx_hal_pwr_ex.c ****     =======================================
  98:Drivers/STM32F4xx_HAL_Driver/Src/stm32f4xx_hal_pwr_ex.c ****     [..] 
  99:Drivers/STM32F4xx_HAL_Driver/Src/stm32f4xx_hal_pwr_ex.c ****       (+) By setting the FPDS bit in the PWR_CR register by using the 
 100:Drivers/STM32F4xx_HAL_Driver/Src/stm32f4xx_hal_pwr_ex.c ****           HAL_PWREx_EnableFlashPowerDown() function, the Flash memory also enters power 
 101:Drivers/STM32F4xx_HAL_Driver/Src/stm32f4xx_hal_pwr_ex.c ****           down mode when the device enters Stop mode. When the Flash memory 
 102:Drivers/STM32F4xx_HAL_Driver/Src/stm32f4xx_hal_pwr_ex.c ****           is in power down mode, an additional startup delay is incurred when 
 103:Drivers/STM32F4xx_HAL_Driver/Src/stm32f4xx_hal_pwr_ex.c ****           waking up from Stop mode.
 104:Drivers/STM32F4xx_HAL_Driver/Src/stm32f4xx_hal_pwr_ex.c ****           
 105:Drivers/STM32F4xx_HAL_Driver/Src/stm32f4xx_hal_pwr_ex.c ****            (+) For STM32F42xxx/43xxx/446xx/469xx/479xx Devices, the scale can be modified only when
 106:Drivers/STM32F4xx_HAL_Driver/Src/stm32f4xx_hal_pwr_ex.c ****            is OFF and the HSI or HSE clock source is selected as system clock. 
 107:Drivers/STM32F4xx_HAL_Driver/Src/stm32f4xx_hal_pwr_ex.c ****            The new value programmed is active only when the PLL is ON.
 108:Drivers/STM32F4xx_HAL_Driver/Src/stm32f4xx_hal_pwr_ex.c ****            When the PLL is OFF, the voltage scale 3 is automatically selected. 
 109:Drivers/STM32F4xx_HAL_Driver/Src/stm32f4xx_hal_pwr_ex.c ****         Refer to the datasheets for more details.
 110:Drivers/STM32F4xx_HAL_Driver/Src/stm32f4xx_hal_pwr_ex.c **** 
 111:Drivers/STM32F4xx_HAL_Driver/Src/stm32f4xx_hal_pwr_ex.c ****     *** Over-Drive and Under-Drive configuration ****
 112:Drivers/STM32F4xx_HAL_Driver/Src/stm32f4xx_hal_pwr_ex.c ****     =================================================
 113:Drivers/STM32F4xx_HAL_Driver/Src/stm32f4xx_hal_pwr_ex.c ****     [..]         
 114:Drivers/STM32F4xx_HAL_Driver/Src/stm32f4xx_hal_pwr_ex.c ****        (+) For STM32F42xxx/43xxx/446xx/469xx/479xx Devices, in Run mode: the main regulator has
 115:Drivers/STM32F4xx_HAL_Driver/Src/stm32f4xx_hal_pwr_ex.c ****            2 operating modes available:
 116:Drivers/STM32F4xx_HAL_Driver/Src/stm32f4xx_hal_pwr_ex.c ****         (++) Normal mode: The CPU and core logic operate at maximum frequency at a given 
 117:Drivers/STM32F4xx_HAL_Driver/Src/stm32f4xx_hal_pwr_ex.c ****              voltage scaling (scale 1, scale 2 or scale 3)
 118:Drivers/STM32F4xx_HAL_Driver/Src/stm32f4xx_hal_pwr_ex.c ****         (++) Over-drive mode: This mode allows the CPU and the core logic to operate at a 
 119:Drivers/STM32F4xx_HAL_Driver/Src/stm32f4xx_hal_pwr_ex.c ****             higher frequency than the normal mode for a given voltage scaling (scale 1,  
 120:Drivers/STM32F4xx_HAL_Driver/Src/stm32f4xx_hal_pwr_ex.c ****             scale 2 or scale 3). This mode is enabled through HAL_PWREx_EnableOverDrive() function 
 121:Drivers/STM32F4xx_HAL_Driver/Src/stm32f4xx_hal_pwr_ex.c ****             disabled by HAL_PWREx_DisableOverDrive() function, to enter or exit from Over-drive mod
 122:Drivers/STM32F4xx_HAL_Driver/Src/stm32f4xx_hal_pwr_ex.c ****             the sequence described in Reference manual.
 123:Drivers/STM32F4xx_HAL_Driver/Src/stm32f4xx_hal_pwr_ex.c ****              
 124:Drivers/STM32F4xx_HAL_Driver/Src/stm32f4xx_hal_pwr_ex.c ****        (+) For STM32F42xxx/43xxx/446xx/469xx/479xx Devices, in Stop mode: the main regulator or low
 125:Drivers/STM32F4xx_HAL_Driver/Src/stm32f4xx_hal_pwr_ex.c ****            supplies a low power voltage to the 1.2V domain, thus preserving the content of register
 126:Drivers/STM32F4xx_HAL_Driver/Src/stm32f4xx_hal_pwr_ex.c ****            and internal SRAM. 2 operating modes are available:
 127:Drivers/STM32F4xx_HAL_Driver/Src/stm32f4xx_hal_pwr_ex.c ****          (++) Normal mode: the 1.2V domain is preserved in nominal leakage mode. This mode is only 
 128:Drivers/STM32F4xx_HAL_Driver/Src/stm32f4xx_hal_pwr_ex.c ****               available when the main regulator or the low power regulator is used in Scale 3 or 
 129:Drivers/STM32F4xx_HAL_Driver/Src/stm32f4xx_hal_pwr_ex.c ****               low voltage mode.
 130:Drivers/STM32F4xx_HAL_Driver/Src/stm32f4xx_hal_pwr_ex.c ****          (++) Under-drive mode: the 1.2V domain is preserved in reduced leakage mode. This mode is 
 131:Drivers/STM32F4xx_HAL_Driver/Src/stm32f4xx_hal_pwr_ex.c ****               available when the main regulator or the low power regulator is in low voltage mode.
 132:Drivers/STM32F4xx_HAL_Driver/Src/stm32f4xx_hal_pwr_ex.c **** 
 133:Drivers/STM32F4xx_HAL_Driver/Src/stm32f4xx_hal_pwr_ex.c **** @endverbatim
 134:Drivers/STM32F4xx_HAL_Driver/Src/stm32f4xx_hal_pwr_ex.c ****   * @{
 135:Drivers/STM32F4xx_HAL_Driver/Src/stm32f4xx_hal_pwr_ex.c ****   */
 136:Drivers/STM32F4xx_HAL_Driver/Src/stm32f4xx_hal_pwr_ex.c **** 
 137:Drivers/STM32F4xx_HAL_Driver/Src/stm32f4xx_hal_pwr_ex.c **** /**
 138:Drivers/STM32F4xx_HAL_Driver/Src/stm32f4xx_hal_pwr_ex.c ****   * @brief Enables the Backup Regulator.
 139:Drivers/STM32F4xx_HAL_Driver/Src/stm32f4xx_hal_pwr_ex.c ****   * @retval HAL status
 140:Drivers/STM32F4xx_HAL_Driver/Src/stm32f4xx_hal_pwr_ex.c ****   */
 141:Drivers/STM32F4xx_HAL_Driver/Src/stm32f4xx_hal_pwr_ex.c **** HAL_StatusTypeDef HAL_PWREx_EnableBkUpReg(void)
 142:Drivers/STM32F4xx_HAL_Driver/Src/stm32f4xx_hal_pwr_ex.c **** {
  30              		.loc 1 142 1 view -0
ARM GAS  C:\Users\joshr\AppData\Local\Temp\ccBBGkRl.s 			page 4


  31              		.cfi_startproc
  32              		@ args = 0, pretend = 0, frame = 0
  33              		@ frame_needed = 0, uses_anonymous_args = 0
 143:Drivers/STM32F4xx_HAL_Driver/Src/stm32f4xx_hal_pwr_ex.c ****   uint32_t tickstart = 0U;
  34              		.loc 1 143 3 view .LVU1
  35              	.LVL0:
 144:Drivers/STM32F4xx_HAL_Driver/Src/stm32f4xx_hal_pwr_ex.c **** 
 145:Drivers/STM32F4xx_HAL_Driver/Src/stm32f4xx_hal_pwr_ex.c ****   *(__IO uint32_t *) CSR_BRE_BB = (uint32_t)ENABLE;
  36              		.loc 1 145 3 view .LVU2
 142:Drivers/STM32F4xx_HAL_Driver/Src/stm32f4xx_hal_pwr_ex.c ****   uint32_t tickstart = 0U;
  37              		.loc 1 142 1 is_stmt 0 view .LVU3
  38 0000 38B5     		push	{r3, r4, r5, lr}
  39              	.LCFI0:
  40              		.cfi_def_cfa_offset 16
  41              		.cfi_offset 3, -16
  42              		.cfi_offset 4, -12
  43              		.cfi_offset 5, -8
  44              		.cfi_offset 14, -4
  45              		.loc 1 145 33 view .LVU4
  46 0002 0B4B     		ldr	r3, .L8
 146:Drivers/STM32F4xx_HAL_Driver/Src/stm32f4xx_hal_pwr_ex.c **** 
 147:Drivers/STM32F4xx_HAL_Driver/Src/stm32f4xx_hal_pwr_ex.c ****   /* Get tick */
 148:Drivers/STM32F4xx_HAL_Driver/Src/stm32f4xx_hal_pwr_ex.c ****   tickstart = HAL_GetTick();
 149:Drivers/STM32F4xx_HAL_Driver/Src/stm32f4xx_hal_pwr_ex.c **** 
 150:Drivers/STM32F4xx_HAL_Driver/Src/stm32f4xx_hal_pwr_ex.c ****   /* Wait till Backup regulator ready flag is set */  
 151:Drivers/STM32F4xx_HAL_Driver/Src/stm32f4xx_hal_pwr_ex.c ****   while(__HAL_PWR_GET_FLAG(PWR_FLAG_BRR) == RESET)
  47              		.loc 1 151 9 view .LVU5
  48 0004 0B4D     		ldr	r5, .L8+4
 145:Drivers/STM32F4xx_HAL_Driver/Src/stm32f4xx_hal_pwr_ex.c **** 
  49              		.loc 1 145 33 view .LVU6
  50 0006 0122     		movs	r2, #1
  51 0008 C3F8A420 		str	r2, [r3, #164]
 148:Drivers/STM32F4xx_HAL_Driver/Src/stm32f4xx_hal_pwr_ex.c **** 
  52              		.loc 1 148 3 is_stmt 1 view .LVU7
 148:Drivers/STM32F4xx_HAL_Driver/Src/stm32f4xx_hal_pwr_ex.c **** 
  53              		.loc 1 148 15 is_stmt 0 view .LVU8
  54 000c FFF7FEFF 		bl	HAL_GetTick
  55              	.LVL1:
  56 0010 0446     		mov	r4, r0
  57              	.LVL2:
  58              		.loc 1 151 3 is_stmt 1 view .LVU9
  59              		.loc 1 151 8 is_stmt 0 view .LVU10
  60 0012 05E0     		b	.L2
  61              	.LVL3:
  62              	.L4:
 152:Drivers/STM32F4xx_HAL_Driver/Src/stm32f4xx_hal_pwr_ex.c ****   {
 153:Drivers/STM32F4xx_HAL_Driver/Src/stm32f4xx_hal_pwr_ex.c ****     if((HAL_GetTick() - tickstart ) > PWR_BKPREG_TIMEOUT_VALUE)
  63              		.loc 1 153 9 view .LVU11
  64 0014 FFF7FEFF 		bl	HAL_GetTick
  65              	.LVL4:
  66              		.loc 1 153 23 discriminator 1 view .LVU12
  67 0018 001B     		subs	r0, r0, r4
  68              		.loc 1 153 7 discriminator 1 view .LVU13
  69 001a B0F57A7F 		cmp	r0, #1000
  70 001e 04D8     		bhi	.L5
  71              	.L2:
  72              		.loc 1 153 5 is_stmt 1 view .LVU14
ARM GAS  C:\Users\joshr\AppData\Local\Temp\ccBBGkRl.s 			page 5


 151:Drivers/STM32F4xx_HAL_Driver/Src/stm32f4xx_hal_pwr_ex.c ****   {
  73              		.loc 1 151 42 view .LVU15
 151:Drivers/STM32F4xx_HAL_Driver/Src/stm32f4xx_hal_pwr_ex.c ****   {
  74              		.loc 1 151 9 is_stmt 0 view .LVU16
  75 0020 6B68     		ldr	r3, [r5, #4]
 151:Drivers/STM32F4xx_HAL_Driver/Src/stm32f4xx_hal_pwr_ex.c ****   {
  76              		.loc 1 151 42 view .LVU17
  77 0022 1B07     		lsls	r3, r3, #28
  78 0024 F6D5     		bpl	.L4
 154:Drivers/STM32F4xx_HAL_Driver/Src/stm32f4xx_hal_pwr_ex.c ****     {
 155:Drivers/STM32F4xx_HAL_Driver/Src/stm32f4xx_hal_pwr_ex.c ****       return HAL_TIMEOUT;
 156:Drivers/STM32F4xx_HAL_Driver/Src/stm32f4xx_hal_pwr_ex.c ****     } 
 157:Drivers/STM32F4xx_HAL_Driver/Src/stm32f4xx_hal_pwr_ex.c ****   }
 158:Drivers/STM32F4xx_HAL_Driver/Src/stm32f4xx_hal_pwr_ex.c ****   return HAL_OK;
  79              		.loc 1 158 10 view .LVU18
  80 0026 0020     		movs	r0, #0
 159:Drivers/STM32F4xx_HAL_Driver/Src/stm32f4xx_hal_pwr_ex.c **** }
  81              		.loc 1 159 1 view .LVU19
  82 0028 38BD     		pop	{r3, r4, r5, pc}
  83              	.LVL5:
  84              	.L5:
 155:Drivers/STM32F4xx_HAL_Driver/Src/stm32f4xx_hal_pwr_ex.c ****     } 
  85              		.loc 1 155 14 view .LVU20
  86 002a 0320     		movs	r0, #3
  87              		.loc 1 159 1 view .LVU21
  88 002c 38BD     		pop	{r3, r4, r5, pc}
  89              	.LVL6:
  90              	.L9:
  91              		.loc 1 159 1 view .LVU22
  92 002e 00BF     		.align	2
  93              	.L8:
  94 0030 00000E42 		.word	1108213760
  95 0034 00700040 		.word	1073770496
  96              		.cfi_endproc
  97              	.LFE134:
  99              		.section	.text.HAL_PWREx_DisableBkUpReg,"ax",%progbits
 100              		.align	1
 101              		.p2align 2,,3
 102              		.global	HAL_PWREx_DisableBkUpReg
 103              		.syntax unified
 104              		.thumb
 105              		.thumb_func
 107              	HAL_PWREx_DisableBkUpReg:
 108              	.LFB135:
 160:Drivers/STM32F4xx_HAL_Driver/Src/stm32f4xx_hal_pwr_ex.c **** 
 161:Drivers/STM32F4xx_HAL_Driver/Src/stm32f4xx_hal_pwr_ex.c **** /**
 162:Drivers/STM32F4xx_HAL_Driver/Src/stm32f4xx_hal_pwr_ex.c ****   * @brief Disables the Backup Regulator.
 163:Drivers/STM32F4xx_HAL_Driver/Src/stm32f4xx_hal_pwr_ex.c ****   * @retval HAL status
 164:Drivers/STM32F4xx_HAL_Driver/Src/stm32f4xx_hal_pwr_ex.c ****   */
 165:Drivers/STM32F4xx_HAL_Driver/Src/stm32f4xx_hal_pwr_ex.c **** HAL_StatusTypeDef HAL_PWREx_DisableBkUpReg(void)
 166:Drivers/STM32F4xx_HAL_Driver/Src/stm32f4xx_hal_pwr_ex.c **** {
 109              		.loc 1 166 1 is_stmt 1 view -0
 110              		.cfi_startproc
 111              		@ args = 0, pretend = 0, frame = 0
 112              		@ frame_needed = 0, uses_anonymous_args = 0
 167:Drivers/STM32F4xx_HAL_Driver/Src/stm32f4xx_hal_pwr_ex.c ****   uint32_t tickstart = 0U;
 113              		.loc 1 167 3 view .LVU24
ARM GAS  C:\Users\joshr\AppData\Local\Temp\ccBBGkRl.s 			page 6


 114              	.LVL7:
 168:Drivers/STM32F4xx_HAL_Driver/Src/stm32f4xx_hal_pwr_ex.c **** 
 169:Drivers/STM32F4xx_HAL_Driver/Src/stm32f4xx_hal_pwr_ex.c ****   *(__IO uint32_t *) CSR_BRE_BB = (uint32_t)DISABLE;
 115              		.loc 1 169 3 view .LVU25
 166:Drivers/STM32F4xx_HAL_Driver/Src/stm32f4xx_hal_pwr_ex.c ****   uint32_t tickstart = 0U;
 116              		.loc 1 166 1 is_stmt 0 view .LVU26
 117 0000 38B5     		push	{r3, r4, r5, lr}
 118              	.LCFI1:
 119              		.cfi_def_cfa_offset 16
 120              		.cfi_offset 3, -16
 121              		.cfi_offset 4, -12
 122              		.cfi_offset 5, -8
 123              		.cfi_offset 14, -4
 124              		.loc 1 169 33 view .LVU27
 125 0002 0B4B     		ldr	r3, .L16
 170:Drivers/STM32F4xx_HAL_Driver/Src/stm32f4xx_hal_pwr_ex.c **** 
 171:Drivers/STM32F4xx_HAL_Driver/Src/stm32f4xx_hal_pwr_ex.c ****   /* Get tick */
 172:Drivers/STM32F4xx_HAL_Driver/Src/stm32f4xx_hal_pwr_ex.c ****   tickstart = HAL_GetTick();
 173:Drivers/STM32F4xx_HAL_Driver/Src/stm32f4xx_hal_pwr_ex.c **** 
 174:Drivers/STM32F4xx_HAL_Driver/Src/stm32f4xx_hal_pwr_ex.c ****   /* Wait till Backup regulator ready flag is set */  
 175:Drivers/STM32F4xx_HAL_Driver/Src/stm32f4xx_hal_pwr_ex.c ****   while(__HAL_PWR_GET_FLAG(PWR_FLAG_BRR) != RESET)
 126              		.loc 1 175 9 view .LVU28
 127 0004 0B4D     		ldr	r5, .L16+4
 169:Drivers/STM32F4xx_HAL_Driver/Src/stm32f4xx_hal_pwr_ex.c **** 
 128              		.loc 1 169 33 view .LVU29
 129 0006 0022     		movs	r2, #0
 130 0008 C3F8A420 		str	r2, [r3, #164]
 172:Drivers/STM32F4xx_HAL_Driver/Src/stm32f4xx_hal_pwr_ex.c **** 
 131              		.loc 1 172 3 is_stmt 1 view .LVU30
 172:Drivers/STM32F4xx_HAL_Driver/Src/stm32f4xx_hal_pwr_ex.c **** 
 132              		.loc 1 172 15 is_stmt 0 view .LVU31
 133 000c FFF7FEFF 		bl	HAL_GetTick
 134              	.LVL8:
 135 0010 0446     		mov	r4, r0
 136              	.LVL9:
 137              		.loc 1 175 3 is_stmt 1 view .LVU32
 138              		.loc 1 175 8 is_stmt 0 view .LVU33
 139 0012 05E0     		b	.L11
 140              	.LVL10:
 141              	.L13:
 176:Drivers/STM32F4xx_HAL_Driver/Src/stm32f4xx_hal_pwr_ex.c ****   {
 177:Drivers/STM32F4xx_HAL_Driver/Src/stm32f4xx_hal_pwr_ex.c ****     if((HAL_GetTick() - tickstart ) > PWR_BKPREG_TIMEOUT_VALUE)
 142              		.loc 1 177 9 view .LVU34
 143 0014 FFF7FEFF 		bl	HAL_GetTick
 144              	.LVL11:
 145              		.loc 1 177 23 discriminator 1 view .LVU35
 146 0018 001B     		subs	r0, r0, r4
 147              		.loc 1 177 7 discriminator 1 view .LVU36
 148 001a B0F57A7F 		cmp	r0, #1000
 149 001e 05D8     		bhi	.L14
 150              	.L11:
 151              		.loc 1 177 5 is_stmt 1 view .LVU37
 175:Drivers/STM32F4xx_HAL_Driver/Src/stm32f4xx_hal_pwr_ex.c ****   {
 152              		.loc 1 175 42 view .LVU38
 175:Drivers/STM32F4xx_HAL_Driver/Src/stm32f4xx_hal_pwr_ex.c ****   {
 153              		.loc 1 175 9 is_stmt 0 view .LVU39
 154 0020 6B68     		ldr	r3, [r5, #4]
ARM GAS  C:\Users\joshr\AppData\Local\Temp\ccBBGkRl.s 			page 7


 175:Drivers/STM32F4xx_HAL_Driver/Src/stm32f4xx_hal_pwr_ex.c ****   {
 155              		.loc 1 175 42 view .LVU40
 156 0022 13F00803 		ands	r3, r3, #8
 157 0026 F5D1     		bne	.L13
 178:Drivers/STM32F4xx_HAL_Driver/Src/stm32f4xx_hal_pwr_ex.c ****     {
 179:Drivers/STM32F4xx_HAL_Driver/Src/stm32f4xx_hal_pwr_ex.c ****       return HAL_TIMEOUT;
 180:Drivers/STM32F4xx_HAL_Driver/Src/stm32f4xx_hal_pwr_ex.c ****     } 
 181:Drivers/STM32F4xx_HAL_Driver/Src/stm32f4xx_hal_pwr_ex.c ****   }
 182:Drivers/STM32F4xx_HAL_Driver/Src/stm32f4xx_hal_pwr_ex.c ****   return HAL_OK;
 158              		.loc 1 182 10 view .LVU41
 159 0028 1846     		mov	r0, r3
 183:Drivers/STM32F4xx_HAL_Driver/Src/stm32f4xx_hal_pwr_ex.c **** }
 160              		.loc 1 183 1 view .LVU42
 161 002a 38BD     		pop	{r3, r4, r5, pc}
 162              	.LVL12:
 163              	.L14:
 179:Drivers/STM32F4xx_HAL_Driver/Src/stm32f4xx_hal_pwr_ex.c ****     } 
 164              		.loc 1 179 14 view .LVU43
 165 002c 0320     		movs	r0, #3
 166              		.loc 1 183 1 view .LVU44
 167 002e 38BD     		pop	{r3, r4, r5, pc}
 168              	.LVL13:
 169              	.L17:
 170              		.loc 1 183 1 view .LVU45
 171              		.align	2
 172              	.L16:
 173 0030 00000E42 		.word	1108213760
 174 0034 00700040 		.word	1073770496
 175              		.cfi_endproc
 176              	.LFE135:
 178              		.section	.text.HAL_PWREx_EnableFlashPowerDown,"ax",%progbits
 179              		.align	1
 180              		.p2align 2,,3
 181              		.global	HAL_PWREx_EnableFlashPowerDown
 182              		.syntax unified
 183              		.thumb
 184              		.thumb_func
 186              	HAL_PWREx_EnableFlashPowerDown:
 187              	.LFB136:
 184:Drivers/STM32F4xx_HAL_Driver/Src/stm32f4xx_hal_pwr_ex.c **** 
 185:Drivers/STM32F4xx_HAL_Driver/Src/stm32f4xx_hal_pwr_ex.c **** /**
 186:Drivers/STM32F4xx_HAL_Driver/Src/stm32f4xx_hal_pwr_ex.c ****   * @brief Enables the Flash Power Down in Stop mode.
 187:Drivers/STM32F4xx_HAL_Driver/Src/stm32f4xx_hal_pwr_ex.c ****   * @retval None
 188:Drivers/STM32F4xx_HAL_Driver/Src/stm32f4xx_hal_pwr_ex.c ****   */
 189:Drivers/STM32F4xx_HAL_Driver/Src/stm32f4xx_hal_pwr_ex.c **** void HAL_PWREx_EnableFlashPowerDown(void)
 190:Drivers/STM32F4xx_HAL_Driver/Src/stm32f4xx_hal_pwr_ex.c **** {
 188              		.loc 1 190 1 is_stmt 1 view -0
 189              		.cfi_startproc
 190              		@ args = 0, pretend = 0, frame = 0
 191              		@ frame_needed = 0, uses_anonymous_args = 0
 192              		@ link register save eliminated.
 191:Drivers/STM32F4xx_HAL_Driver/Src/stm32f4xx_hal_pwr_ex.c ****   *(__IO uint32_t *) CR_FPDS_BB = (uint32_t)ENABLE;
 193              		.loc 1 191 3 view .LVU47
 194              		.loc 1 191 33 is_stmt 0 view .LVU48
 195 0000 014B     		ldr	r3, .L19
 196 0002 0122     		movs	r2, #1
 197 0004 5A62     		str	r2, [r3, #36]
ARM GAS  C:\Users\joshr\AppData\Local\Temp\ccBBGkRl.s 			page 8


 192:Drivers/STM32F4xx_HAL_Driver/Src/stm32f4xx_hal_pwr_ex.c **** }
 198              		.loc 1 192 1 view .LVU49
 199 0006 7047     		bx	lr
 200              	.L20:
 201              		.align	2
 202              	.L19:
 203 0008 00000E42 		.word	1108213760
 204              		.cfi_endproc
 205              	.LFE136:
 207              		.section	.text.HAL_PWREx_DisableFlashPowerDown,"ax",%progbits
 208              		.align	1
 209              		.p2align 2,,3
 210              		.global	HAL_PWREx_DisableFlashPowerDown
 211              		.syntax unified
 212              		.thumb
 213              		.thumb_func
 215              	HAL_PWREx_DisableFlashPowerDown:
 216              	.LFB137:
 193:Drivers/STM32F4xx_HAL_Driver/Src/stm32f4xx_hal_pwr_ex.c **** 
 194:Drivers/STM32F4xx_HAL_Driver/Src/stm32f4xx_hal_pwr_ex.c **** /**
 195:Drivers/STM32F4xx_HAL_Driver/Src/stm32f4xx_hal_pwr_ex.c ****   * @brief Disables the Flash Power Down in Stop mode.
 196:Drivers/STM32F4xx_HAL_Driver/Src/stm32f4xx_hal_pwr_ex.c ****   * @retval None
 197:Drivers/STM32F4xx_HAL_Driver/Src/stm32f4xx_hal_pwr_ex.c ****   */
 198:Drivers/STM32F4xx_HAL_Driver/Src/stm32f4xx_hal_pwr_ex.c **** void HAL_PWREx_DisableFlashPowerDown(void)
 199:Drivers/STM32F4xx_HAL_Driver/Src/stm32f4xx_hal_pwr_ex.c **** {
 217              		.loc 1 199 1 is_stmt 1 view -0
 218              		.cfi_startproc
 219              		@ args = 0, pretend = 0, frame = 0
 220              		@ frame_needed = 0, uses_anonymous_args = 0
 221              		@ link register save eliminated.
 200:Drivers/STM32F4xx_HAL_Driver/Src/stm32f4xx_hal_pwr_ex.c ****   *(__IO uint32_t *) CR_FPDS_BB = (uint32_t)DISABLE;
 222              		.loc 1 200 3 view .LVU51
 223              		.loc 1 200 33 is_stmt 0 view .LVU52
 224 0000 014B     		ldr	r3, .L22
 225 0002 0022     		movs	r2, #0
 226 0004 5A62     		str	r2, [r3, #36]
 201:Drivers/STM32F4xx_HAL_Driver/Src/stm32f4xx_hal_pwr_ex.c **** }
 227              		.loc 1 201 1 view .LVU53
 228 0006 7047     		bx	lr
 229              	.L23:
 230              		.align	2
 231              	.L22:
 232 0008 00000E42 		.word	1108213760
 233              		.cfi_endproc
 234              	.LFE137:
 236              		.section	.text.HAL_PWREx_GetVoltageRange,"ax",%progbits
 237              		.align	1
 238              		.p2align 2,,3
 239              		.global	HAL_PWREx_GetVoltageRange
 240              		.syntax unified
 241              		.thumb
 242              		.thumb_func
 244              	HAL_PWREx_GetVoltageRange:
 245              	.LFB138:
 202:Drivers/STM32F4xx_HAL_Driver/Src/stm32f4xx_hal_pwr_ex.c **** 
 203:Drivers/STM32F4xx_HAL_Driver/Src/stm32f4xx_hal_pwr_ex.c **** /**
 204:Drivers/STM32F4xx_HAL_Driver/Src/stm32f4xx_hal_pwr_ex.c ****   * @brief Return Voltage Scaling Range.
ARM GAS  C:\Users\joshr\AppData\Local\Temp\ccBBGkRl.s 			page 9


 205:Drivers/STM32F4xx_HAL_Driver/Src/stm32f4xx_hal_pwr_ex.c ****   * @retval The configured scale for the regulator voltage(VOS bit field).
 206:Drivers/STM32F4xx_HAL_Driver/Src/stm32f4xx_hal_pwr_ex.c ****   *         The returned value can be one of the following:
 207:Drivers/STM32F4xx_HAL_Driver/Src/stm32f4xx_hal_pwr_ex.c ****   *            - @arg PWR_REGULATOR_VOLTAGE_SCALE1: Regulator voltage output Scale 1 mode
 208:Drivers/STM32F4xx_HAL_Driver/Src/stm32f4xx_hal_pwr_ex.c ****   *            - @arg PWR_REGULATOR_VOLTAGE_SCALE2: Regulator voltage output Scale 2 mode
 209:Drivers/STM32F4xx_HAL_Driver/Src/stm32f4xx_hal_pwr_ex.c ****   *            - @arg PWR_REGULATOR_VOLTAGE_SCALE3: Regulator voltage output Scale 3 mode
 210:Drivers/STM32F4xx_HAL_Driver/Src/stm32f4xx_hal_pwr_ex.c ****   */  
 211:Drivers/STM32F4xx_HAL_Driver/Src/stm32f4xx_hal_pwr_ex.c **** uint32_t HAL_PWREx_GetVoltageRange(void)
 212:Drivers/STM32F4xx_HAL_Driver/Src/stm32f4xx_hal_pwr_ex.c **** {
 246              		.loc 1 212 1 is_stmt 1 view -0
 247              		.cfi_startproc
 248              		@ args = 0, pretend = 0, frame = 0
 249              		@ frame_needed = 0, uses_anonymous_args = 0
 250              		@ link register save eliminated.
 213:Drivers/STM32F4xx_HAL_Driver/Src/stm32f4xx_hal_pwr_ex.c ****   return (PWR->CR & PWR_CR_VOS);
 251              		.loc 1 213 3 view .LVU55
 252              		.loc 1 213 14 is_stmt 0 view .LVU56
 253 0000 024B     		ldr	r3, .L25
 254 0002 1868     		ldr	r0, [r3]
 214:Drivers/STM32F4xx_HAL_Driver/Src/stm32f4xx_hal_pwr_ex.c **** }
 255              		.loc 1 214 1 view .LVU57
 256 0004 00F44040 		and	r0, r0, #49152
 257 0008 7047     		bx	lr
 258              	.L26:
 259 000a 00BF     		.align	2
 260              	.L25:
 261 000c 00700040 		.word	1073770496
 262              		.cfi_endproc
 263              	.LFE138:
 265              		.section	.text.HAL_PWREx_ControlVoltageScaling,"ax",%progbits
 266              		.align	1
 267              		.p2align 2,,3
 268              		.global	HAL_PWREx_ControlVoltageScaling
 269              		.syntax unified
 270              		.thumb
 271              		.thumb_func
 273              	HAL_PWREx_ControlVoltageScaling:
 274              	.LVL14:
 275              	.LFB139:
 215:Drivers/STM32F4xx_HAL_Driver/Src/stm32f4xx_hal_pwr_ex.c **** 
 216:Drivers/STM32F4xx_HAL_Driver/Src/stm32f4xx_hal_pwr_ex.c **** #if defined(STM32F405xx) || defined(STM32F415xx) || defined(STM32F407xx) || defined(STM32F417xx)
 217:Drivers/STM32F4xx_HAL_Driver/Src/stm32f4xx_hal_pwr_ex.c **** /**
 218:Drivers/STM32F4xx_HAL_Driver/Src/stm32f4xx_hal_pwr_ex.c ****   * @brief Configures the main internal regulator output voltage.
 219:Drivers/STM32F4xx_HAL_Driver/Src/stm32f4xx_hal_pwr_ex.c ****   * @param  VoltageScaling specifies the regulator output voltage to achieve
 220:Drivers/STM32F4xx_HAL_Driver/Src/stm32f4xx_hal_pwr_ex.c ****   *         a tradeoff between performance and power consumption.
 221:Drivers/STM32F4xx_HAL_Driver/Src/stm32f4xx_hal_pwr_ex.c ****   *          This parameter can be one of the following values:
 222:Drivers/STM32F4xx_HAL_Driver/Src/stm32f4xx_hal_pwr_ex.c ****   *            @arg PWR_REGULATOR_VOLTAGE_SCALE1: Regulator voltage output range 1 mode,
 223:Drivers/STM32F4xx_HAL_Driver/Src/stm32f4xx_hal_pwr_ex.c ****   *                                               the maximum value of fHCLK = 168 MHz.
 224:Drivers/STM32F4xx_HAL_Driver/Src/stm32f4xx_hal_pwr_ex.c ****   *            @arg PWR_REGULATOR_VOLTAGE_SCALE2: Regulator voltage output range 2 mode,
 225:Drivers/STM32F4xx_HAL_Driver/Src/stm32f4xx_hal_pwr_ex.c ****   *                                               the maximum value of fHCLK = 144 MHz.
 226:Drivers/STM32F4xx_HAL_Driver/Src/stm32f4xx_hal_pwr_ex.c ****   * @note  When moving from Range 1 to Range 2, the system frequency must be decreased to
 227:Drivers/STM32F4xx_HAL_Driver/Src/stm32f4xx_hal_pwr_ex.c ****   *        a value below 144 MHz before calling HAL_PWREx_ConfigVoltageScaling() API.
 228:Drivers/STM32F4xx_HAL_Driver/Src/stm32f4xx_hal_pwr_ex.c ****   *        When moving from Range 2 to Range 1, the system frequency can be increased to
 229:Drivers/STM32F4xx_HAL_Driver/Src/stm32f4xx_hal_pwr_ex.c ****   *        a value up to 168 MHz after calling HAL_PWREx_ConfigVoltageScaling() API.
 230:Drivers/STM32F4xx_HAL_Driver/Src/stm32f4xx_hal_pwr_ex.c ****   * @retval HAL Status
 231:Drivers/STM32F4xx_HAL_Driver/Src/stm32f4xx_hal_pwr_ex.c ****   */
 232:Drivers/STM32F4xx_HAL_Driver/Src/stm32f4xx_hal_pwr_ex.c **** HAL_StatusTypeDef HAL_PWREx_ControlVoltageScaling(uint32_t VoltageScaling)
 233:Drivers/STM32F4xx_HAL_Driver/Src/stm32f4xx_hal_pwr_ex.c **** {
ARM GAS  C:\Users\joshr\AppData\Local\Temp\ccBBGkRl.s 			page 10


 234:Drivers/STM32F4xx_HAL_Driver/Src/stm32f4xx_hal_pwr_ex.c ****   uint32_t tickstart = 0U;
 235:Drivers/STM32F4xx_HAL_Driver/Src/stm32f4xx_hal_pwr_ex.c ****   
 236:Drivers/STM32F4xx_HAL_Driver/Src/stm32f4xx_hal_pwr_ex.c ****   assert_param(IS_PWR_VOLTAGE_SCALING_RANGE(VoltageScaling));
 237:Drivers/STM32F4xx_HAL_Driver/Src/stm32f4xx_hal_pwr_ex.c ****   
 238:Drivers/STM32F4xx_HAL_Driver/Src/stm32f4xx_hal_pwr_ex.c ****   /* Enable PWR RCC Clock Peripheral */
 239:Drivers/STM32F4xx_HAL_Driver/Src/stm32f4xx_hal_pwr_ex.c ****   __HAL_RCC_PWR_CLK_ENABLE();
 240:Drivers/STM32F4xx_HAL_Driver/Src/stm32f4xx_hal_pwr_ex.c ****   
 241:Drivers/STM32F4xx_HAL_Driver/Src/stm32f4xx_hal_pwr_ex.c ****   /* Set Range */
 242:Drivers/STM32F4xx_HAL_Driver/Src/stm32f4xx_hal_pwr_ex.c ****   __HAL_PWR_VOLTAGESCALING_CONFIG(VoltageScaling);
 243:Drivers/STM32F4xx_HAL_Driver/Src/stm32f4xx_hal_pwr_ex.c ****   
 244:Drivers/STM32F4xx_HAL_Driver/Src/stm32f4xx_hal_pwr_ex.c ****   /* Get Start Tick*/
 245:Drivers/STM32F4xx_HAL_Driver/Src/stm32f4xx_hal_pwr_ex.c ****   tickstart = HAL_GetTick();
 246:Drivers/STM32F4xx_HAL_Driver/Src/stm32f4xx_hal_pwr_ex.c ****   while((__HAL_PWR_GET_FLAG(PWR_FLAG_VOSRDY) == RESET))
 247:Drivers/STM32F4xx_HAL_Driver/Src/stm32f4xx_hal_pwr_ex.c ****   {
 248:Drivers/STM32F4xx_HAL_Driver/Src/stm32f4xx_hal_pwr_ex.c ****     if((HAL_GetTick() - tickstart ) > PWR_VOSRDY_TIMEOUT_VALUE)
 249:Drivers/STM32F4xx_HAL_Driver/Src/stm32f4xx_hal_pwr_ex.c ****     {
 250:Drivers/STM32F4xx_HAL_Driver/Src/stm32f4xx_hal_pwr_ex.c ****       return HAL_TIMEOUT;
 251:Drivers/STM32F4xx_HAL_Driver/Src/stm32f4xx_hal_pwr_ex.c ****     } 
 252:Drivers/STM32F4xx_HAL_Driver/Src/stm32f4xx_hal_pwr_ex.c ****   }
 253:Drivers/STM32F4xx_HAL_Driver/Src/stm32f4xx_hal_pwr_ex.c **** 
 254:Drivers/STM32F4xx_HAL_Driver/Src/stm32f4xx_hal_pwr_ex.c ****   return HAL_OK;
 255:Drivers/STM32F4xx_HAL_Driver/Src/stm32f4xx_hal_pwr_ex.c **** }
 256:Drivers/STM32F4xx_HAL_Driver/Src/stm32f4xx_hal_pwr_ex.c **** 
 257:Drivers/STM32F4xx_HAL_Driver/Src/stm32f4xx_hal_pwr_ex.c **** #elif defined(STM32F427xx) || defined(STM32F437xx) || defined(STM32F429xx) || defined(STM32F439xx) 
 258:Drivers/STM32F4xx_HAL_Driver/Src/stm32f4xx_hal_pwr_ex.c ****       defined(STM32F401xC) || defined(STM32F401xE) || defined(STM32F410Tx) || defined(STM32F410Cx) 
 259:Drivers/STM32F4xx_HAL_Driver/Src/stm32f4xx_hal_pwr_ex.c ****       defined(STM32F410Rx) || defined(STM32F411xE) || defined(STM32F446xx) || defined(STM32F469xx) 
 260:Drivers/STM32F4xx_HAL_Driver/Src/stm32f4xx_hal_pwr_ex.c ****       defined(STM32F479xx) || defined(STM32F412Zx) || defined(STM32F412Vx) || defined(STM32F412Rx) 
 261:Drivers/STM32F4xx_HAL_Driver/Src/stm32f4xx_hal_pwr_ex.c ****       defined(STM32F412Cx) || defined(STM32F413xx) || defined(STM32F423xx)
 262:Drivers/STM32F4xx_HAL_Driver/Src/stm32f4xx_hal_pwr_ex.c **** /**
 263:Drivers/STM32F4xx_HAL_Driver/Src/stm32f4xx_hal_pwr_ex.c ****   * @brief Configures the main internal regulator output voltage.
 264:Drivers/STM32F4xx_HAL_Driver/Src/stm32f4xx_hal_pwr_ex.c ****   * @param  VoltageScaling specifies the regulator output voltage to achieve
 265:Drivers/STM32F4xx_HAL_Driver/Src/stm32f4xx_hal_pwr_ex.c ****   *         a tradeoff between performance and power consumption.
 266:Drivers/STM32F4xx_HAL_Driver/Src/stm32f4xx_hal_pwr_ex.c ****   *          This parameter can be one of the following values:
 267:Drivers/STM32F4xx_HAL_Driver/Src/stm32f4xx_hal_pwr_ex.c ****   *            @arg PWR_REGULATOR_VOLTAGE_SCALE1: Regulator voltage output range 1 mode,
 268:Drivers/STM32F4xx_HAL_Driver/Src/stm32f4xx_hal_pwr_ex.c ****   *                                               the maximum value of fHCLK is 168 MHz. It can be 
 269:Drivers/STM32F4xx_HAL_Driver/Src/stm32f4xx_hal_pwr_ex.c ****   *                                               180 MHz by activating the over-drive mode.
 270:Drivers/STM32F4xx_HAL_Driver/Src/stm32f4xx_hal_pwr_ex.c ****   *            @arg PWR_REGULATOR_VOLTAGE_SCALE2: Regulator voltage output range 2 mode,
 271:Drivers/STM32F4xx_HAL_Driver/Src/stm32f4xx_hal_pwr_ex.c ****   *                                               the maximum value of fHCLK is 144 MHz. It can be 
 272:Drivers/STM32F4xx_HAL_Driver/Src/stm32f4xx_hal_pwr_ex.c ****   *                                               168 MHz by activating the over-drive mode.
 273:Drivers/STM32F4xx_HAL_Driver/Src/stm32f4xx_hal_pwr_ex.c ****   *            @arg PWR_REGULATOR_VOLTAGE_SCALE3: Regulator voltage output range 3 mode,
 274:Drivers/STM32F4xx_HAL_Driver/Src/stm32f4xx_hal_pwr_ex.c ****   *                                               the maximum value of fHCLK is 120 MHz.
 275:Drivers/STM32F4xx_HAL_Driver/Src/stm32f4xx_hal_pwr_ex.c ****   * @note To update the system clock frequency(SYSCLK):
 276:Drivers/STM32F4xx_HAL_Driver/Src/stm32f4xx_hal_pwr_ex.c ****   *        - Set the HSI or HSE as system clock frequency using the HAL_RCC_ClockConfig().
 277:Drivers/STM32F4xx_HAL_Driver/Src/stm32f4xx_hal_pwr_ex.c ****   *        - Call the HAL_RCC_OscConfig() to configure the PLL.
 278:Drivers/STM32F4xx_HAL_Driver/Src/stm32f4xx_hal_pwr_ex.c ****   *        - Call HAL_PWREx_ConfigVoltageScaling() API to adjust the voltage scale.
 279:Drivers/STM32F4xx_HAL_Driver/Src/stm32f4xx_hal_pwr_ex.c ****   *        - Set the new system clock frequency using the HAL_RCC_ClockConfig().
 280:Drivers/STM32F4xx_HAL_Driver/Src/stm32f4xx_hal_pwr_ex.c ****   * @note The scale can be modified only when the HSI or HSE clock source is selected 
 281:Drivers/STM32F4xx_HAL_Driver/Src/stm32f4xx_hal_pwr_ex.c ****   *        as system clock source, otherwise the API returns HAL_ERROR.  
 282:Drivers/STM32F4xx_HAL_Driver/Src/stm32f4xx_hal_pwr_ex.c ****   * @note When the PLL is OFF, the voltage scale 3 is automatically selected and the VOS bits
 283:Drivers/STM32F4xx_HAL_Driver/Src/stm32f4xx_hal_pwr_ex.c ****   *       value in the PWR_CR1 register are not taken in account.
 284:Drivers/STM32F4xx_HAL_Driver/Src/stm32f4xx_hal_pwr_ex.c ****   * @note This API forces the PLL state ON to allow the possibility to configure the voltage scale 
 285:Drivers/STM32F4xx_HAL_Driver/Src/stm32f4xx_hal_pwr_ex.c ****   * @note The new voltage scale is active only when the PLL is ON.  
 286:Drivers/STM32F4xx_HAL_Driver/Src/stm32f4xx_hal_pwr_ex.c ****   * @retval HAL Status
 287:Drivers/STM32F4xx_HAL_Driver/Src/stm32f4xx_hal_pwr_ex.c ****   */
 288:Drivers/STM32F4xx_HAL_Driver/Src/stm32f4xx_hal_pwr_ex.c **** HAL_StatusTypeDef HAL_PWREx_ControlVoltageScaling(uint32_t VoltageScaling)
 289:Drivers/STM32F4xx_HAL_Driver/Src/stm32f4xx_hal_pwr_ex.c **** {
 276              		.loc 1 289 1 is_stmt 1 view -0
ARM GAS  C:\Users\joshr\AppData\Local\Temp\ccBBGkRl.s 			page 11


 277              		.cfi_startproc
 278              		@ args = 0, pretend = 0, frame = 8
 279              		@ frame_needed = 0, uses_anonymous_args = 0
 290:Drivers/STM32F4xx_HAL_Driver/Src/stm32f4xx_hal_pwr_ex.c ****   uint32_t tickstart = 0U;
 280              		.loc 1 290 3 view .LVU59
 291:Drivers/STM32F4xx_HAL_Driver/Src/stm32f4xx_hal_pwr_ex.c ****   
 292:Drivers/STM32F4xx_HAL_Driver/Src/stm32f4xx_hal_pwr_ex.c ****   assert_param(IS_PWR_VOLTAGE_SCALING_RANGE(VoltageScaling));
 281              		.loc 1 292 3 view .LVU60
 293:Drivers/STM32F4xx_HAL_Driver/Src/stm32f4xx_hal_pwr_ex.c ****   
 294:Drivers/STM32F4xx_HAL_Driver/Src/stm32f4xx_hal_pwr_ex.c ****   /* Enable PWR RCC Clock Peripheral */
 295:Drivers/STM32F4xx_HAL_Driver/Src/stm32f4xx_hal_pwr_ex.c ****   __HAL_RCC_PWR_CLK_ENABLE();
 282              		.loc 1 295 3 view .LVU61
 283              	.LBB2:
 284              		.loc 1 295 3 view .LVU62
 285              	.LBE2:
 289:Drivers/STM32F4xx_HAL_Driver/Src/stm32f4xx_hal_pwr_ex.c ****   uint32_t tickstart = 0U;
 286              		.loc 1 289 1 is_stmt 0 view .LVU63
 287 0000 70B5     		push	{r4, r5, r6, lr}
 288              	.LCFI2:
 289              		.cfi_def_cfa_offset 16
 290              		.cfi_offset 4, -16
 291              		.cfi_offset 5, -12
 292              		.cfi_offset 6, -8
 293              		.cfi_offset 14, -4
 294 0002 82B0     		sub	sp, sp, #8
 295              	.LCFI3:
 296              		.cfi_def_cfa_offset 24
 297              	.LBB3:
 298              		.loc 1 295 3 view .LVU64
 299 0004 294C     		ldr	r4, .L39
 300 0006 0022     		movs	r2, #0
 301 0008 0092     		str	r2, [sp]
 302              		.loc 1 295 3 is_stmt 1 view .LVU65
 303 000a 236C     		ldr	r3, [r4, #64]
 304 000c 43F08053 		orr	r3, r3, #268435456
 305 0010 2364     		str	r3, [r4, #64]
 306              		.loc 1 295 3 view .LVU66
 307 0012 236C     		ldr	r3, [r4, #64]
 308 0014 03F08053 		and	r3, r3, #268435456
 309 0018 0093     		str	r3, [sp]
 310              		.loc 1 295 3 view .LVU67
 311 001a 009B     		ldr	r3, [sp]
 312              	.LBE3:
 313              		.loc 1 295 3 view .LVU68
 296:Drivers/STM32F4xx_HAL_Driver/Src/stm32f4xx_hal_pwr_ex.c ****   
 297:Drivers/STM32F4xx_HAL_Driver/Src/stm32f4xx_hal_pwr_ex.c ****   /* Check if the PLL is used as system clock or not */
 298:Drivers/STM32F4xx_HAL_Driver/Src/stm32f4xx_hal_pwr_ex.c ****   if(__HAL_RCC_GET_SYSCLK_SOURCE() != RCC_CFGR_SWS_PLL)
 314              		.loc 1 298 3 view .LVU69
 315              		.loc 1 298 6 is_stmt 0 view .LVU70
 316 001c A368     		ldr	r3, [r4, #8]
 317 001e 03F00C03 		and	r3, r3, #12
 318              		.loc 1 298 5 view .LVU71
 319 0022 082B     		cmp	r3, #8
 320 0024 3ED0     		beq	.L36
 299:Drivers/STM32F4xx_HAL_Driver/Src/stm32f4xx_hal_pwr_ex.c ****   {
 300:Drivers/STM32F4xx_HAL_Driver/Src/stm32f4xx_hal_pwr_ex.c ****     /* Disable the main PLL */
 301:Drivers/STM32F4xx_HAL_Driver/Src/stm32f4xx_hal_pwr_ex.c ****     __HAL_RCC_PLL_DISABLE();
ARM GAS  C:\Users\joshr\AppData\Local\Temp\ccBBGkRl.s 			page 12


 321              		.loc 1 301 5 view .LVU72
 322 0026 224B     		ldr	r3, .L39+4
 323 0028 1A66     		str	r2, [r3, #96]
 324 002a 0646     		mov	r6, r0
 325              		.loc 1 301 5 is_stmt 1 view .LVU73
 302:Drivers/STM32F4xx_HAL_Driver/Src/stm32f4xx_hal_pwr_ex.c ****     
 303:Drivers/STM32F4xx_HAL_Driver/Src/stm32f4xx_hal_pwr_ex.c ****     /* Get Start Tick */
 304:Drivers/STM32F4xx_HAL_Driver/Src/stm32f4xx_hal_pwr_ex.c ****     tickstart = HAL_GetTick();    
 326              		.loc 1 304 5 view .LVU74
 327              		.loc 1 304 17 is_stmt 0 view .LVU75
 328 002c FFF7FEFF 		bl	HAL_GetTick
 329              	.LVL15:
 330              		.loc 1 304 17 view .LVU76
 331 0030 0546     		mov	r5, r0
 332              	.LVL16:
 305:Drivers/STM32F4xx_HAL_Driver/Src/stm32f4xx_hal_pwr_ex.c ****     /* Wait till PLL is disabled */  
 306:Drivers/STM32F4xx_HAL_Driver/Src/stm32f4xx_hal_pwr_ex.c ****     while(__HAL_RCC_GET_FLAG(RCC_FLAG_PLLRDY) != RESET)
 333              		.loc 1 306 5 is_stmt 1 view .LVU77
 334              		.loc 1 306 10 is_stmt 0 view .LVU78
 335 0032 04E0     		b	.L29
 336              	.LVL17:
 337              	.L30:
 307:Drivers/STM32F4xx_HAL_Driver/Src/stm32f4xx_hal_pwr_ex.c ****     {
 308:Drivers/STM32F4xx_HAL_Driver/Src/stm32f4xx_hal_pwr_ex.c ****       if((HAL_GetTick() - tickstart ) > PLL_TIMEOUT_VALUE)
 338              		.loc 1 308 11 view .LVU79
 339 0034 FFF7FEFF 		bl	HAL_GetTick
 340              	.LVL18:
 341              		.loc 1 308 25 discriminator 1 view .LVU80
 342 0038 431B     		subs	r3, r0, r5
 343              		.loc 1 308 9 discriminator 1 view .LVU81
 344 003a 022B     		cmp	r3, #2
 345 003c 2FD8     		bhi	.L32
 346              	.L29:
 347              		.loc 1 308 7 is_stmt 1 view .LVU82
 306:Drivers/STM32F4xx_HAL_Driver/Src/stm32f4xx_hal_pwr_ex.c ****     {
 348              		.loc 1 306 47 view .LVU83
 306:Drivers/STM32F4xx_HAL_Driver/Src/stm32f4xx_hal_pwr_ex.c ****     {
 349              		.loc 1 306 11 is_stmt 0 view .LVU84
 350 003e 2368     		ldr	r3, [r4]
 306:Drivers/STM32F4xx_HAL_Driver/Src/stm32f4xx_hal_pwr_ex.c ****     {
 351              		.loc 1 306 47 view .LVU85
 352 0040 13F00073 		ands	r3, r3, #33554432
 353 0044 F6D1     		bne	.L30
 309:Drivers/STM32F4xx_HAL_Driver/Src/stm32f4xx_hal_pwr_ex.c ****       {
 310:Drivers/STM32F4xx_HAL_Driver/Src/stm32f4xx_hal_pwr_ex.c ****         return HAL_TIMEOUT;
 311:Drivers/STM32F4xx_HAL_Driver/Src/stm32f4xx_hal_pwr_ex.c ****       }
 312:Drivers/STM32F4xx_HAL_Driver/Src/stm32f4xx_hal_pwr_ex.c ****     }
 313:Drivers/STM32F4xx_HAL_Driver/Src/stm32f4xx_hal_pwr_ex.c ****     
 314:Drivers/STM32F4xx_HAL_Driver/Src/stm32f4xx_hal_pwr_ex.c ****     /* Set Range */
 315:Drivers/STM32F4xx_HAL_Driver/Src/stm32f4xx_hal_pwr_ex.c ****     __HAL_PWR_VOLTAGESCALING_CONFIG(VoltageScaling);
 354              		.loc 1 315 5 is_stmt 1 view .LVU86
 355              	.LBB4:
 356              		.loc 1 315 5 view .LVU87
 357 0046 1B4A     		ldr	r2, .L39+8
 358 0048 0193     		str	r3, [sp, #4]
 359              		.loc 1 315 5 view .LVU88
 360 004a 1368     		ldr	r3, [r2]
ARM GAS  C:\Users\joshr\AppData\Local\Temp\ccBBGkRl.s 			page 13


 361              	.LBE4:
 316:Drivers/STM32F4xx_HAL_Driver/Src/stm32f4xx_hal_pwr_ex.c ****     
 317:Drivers/STM32F4xx_HAL_Driver/Src/stm32f4xx_hal_pwr_ex.c ****     /* Enable the main PLL */
 318:Drivers/STM32F4xx_HAL_Driver/Src/stm32f4xx_hal_pwr_ex.c ****     __HAL_RCC_PLL_ENABLE();
 362              		.loc 1 318 5 is_stmt 0 view .LVU89
 363 004c 1849     		ldr	r1, .L39+4
 319:Drivers/STM32F4xx_HAL_Driver/Src/stm32f4xx_hal_pwr_ex.c ****     
 320:Drivers/STM32F4xx_HAL_Driver/Src/stm32f4xx_hal_pwr_ex.c ****     /* Get Start Tick */
 321:Drivers/STM32F4xx_HAL_Driver/Src/stm32f4xx_hal_pwr_ex.c ****     tickstart = HAL_GetTick();
 322:Drivers/STM32F4xx_HAL_Driver/Src/stm32f4xx_hal_pwr_ex.c ****     /* Wait till PLL is ready */  
 323:Drivers/STM32F4xx_HAL_Driver/Src/stm32f4xx_hal_pwr_ex.c ****     while(__HAL_RCC_GET_FLAG(RCC_FLAG_PLLRDY) == RESET)
 364              		.loc 1 323 11 view .LVU90
 365 004e 174D     		ldr	r5, .L39
 366              	.LVL19:
 367              	.LBB5:
 315:Drivers/STM32F4xx_HAL_Driver/Src/stm32f4xx_hal_pwr_ex.c ****     
 368              		.loc 1 315 5 view .LVU91
 369 0050 23F44043 		bic	r3, r3, #49152
 370 0054 3343     		orrs	r3, r3, r6
 371 0056 1360     		str	r3, [r2]
 315:Drivers/STM32F4xx_HAL_Driver/Src/stm32f4xx_hal_pwr_ex.c ****     
 372              		.loc 1 315 5 is_stmt 1 view .LVU92
 373 0058 1368     		ldr	r3, [r2]
 374 005a 03F44043 		and	r3, r3, #49152
 375 005e 0193     		str	r3, [sp, #4]
 315:Drivers/STM32F4xx_HAL_Driver/Src/stm32f4xx_hal_pwr_ex.c ****     
 376              		.loc 1 315 5 view .LVU93
 377              	.LBE5:
 318:Drivers/STM32F4xx_HAL_Driver/Src/stm32f4xx_hal_pwr_ex.c ****     
 378              		.loc 1 318 5 is_stmt 0 view .LVU94
 379 0060 0122     		movs	r2, #1
 380              	.LBB6:
 315:Drivers/STM32F4xx_HAL_Driver/Src/stm32f4xx_hal_pwr_ex.c ****     
 381              		.loc 1 315 5 view .LVU95
 382 0062 019B     		ldr	r3, [sp, #4]
 383              	.LBE6:
 315:Drivers/STM32F4xx_HAL_Driver/Src/stm32f4xx_hal_pwr_ex.c ****     
 384              		.loc 1 315 5 is_stmt 1 view .LVU96
 318:Drivers/STM32F4xx_HAL_Driver/Src/stm32f4xx_hal_pwr_ex.c ****     
 385              		.loc 1 318 5 view .LVU97
 386 0064 0A66     		str	r2, [r1, #96]
 321:Drivers/STM32F4xx_HAL_Driver/Src/stm32f4xx_hal_pwr_ex.c ****     /* Wait till PLL is ready */  
 387              		.loc 1 321 5 view .LVU98
 321:Drivers/STM32F4xx_HAL_Driver/Src/stm32f4xx_hal_pwr_ex.c ****     /* Wait till PLL is ready */  
 388              		.loc 1 321 17 is_stmt 0 view .LVU99
 389 0066 FFF7FEFF 		bl	HAL_GetTick
 390              	.LVL20:
 391 006a 0446     		mov	r4, r0
 392              	.LVL21:
 393              		.loc 1 323 5 is_stmt 1 view .LVU100
 394              		.loc 1 323 10 is_stmt 0 view .LVU101
 395 006c 04E0     		b	.L31
 396              	.LVL22:
 397              	.L33:
 324:Drivers/STM32F4xx_HAL_Driver/Src/stm32f4xx_hal_pwr_ex.c ****     {
 325:Drivers/STM32F4xx_HAL_Driver/Src/stm32f4xx_hal_pwr_ex.c ****       if((HAL_GetTick() - tickstart ) > PLL_TIMEOUT_VALUE)
 398              		.loc 1 325 11 view .LVU102
ARM GAS  C:\Users\joshr\AppData\Local\Temp\ccBBGkRl.s 			page 14


 399 006e FFF7FEFF 		bl	HAL_GetTick
 400              	.LVL23:
 401              		.loc 1 325 25 discriminator 1 view .LVU103
 402 0072 001B     		subs	r0, r0, r4
 403              		.loc 1 325 9 discriminator 1 view .LVU104
 404 0074 0228     		cmp	r0, #2
 405 0076 12D8     		bhi	.L32
 406              	.L31:
 407              		.loc 1 325 7 is_stmt 1 view .LVU105
 323:Drivers/STM32F4xx_HAL_Driver/Src/stm32f4xx_hal_pwr_ex.c ****     {
 408              		.loc 1 323 47 view .LVU106
 323:Drivers/STM32F4xx_HAL_Driver/Src/stm32f4xx_hal_pwr_ex.c ****     {
 409              		.loc 1 323 11 is_stmt 0 view .LVU107
 410 0078 2B68     		ldr	r3, [r5]
 323:Drivers/STM32F4xx_HAL_Driver/Src/stm32f4xx_hal_pwr_ex.c ****     {
 411              		.loc 1 323 47 view .LVU108
 412 007a 9A01     		lsls	r2, r3, #6
 413 007c F7D5     		bpl	.L33
 326:Drivers/STM32F4xx_HAL_Driver/Src/stm32f4xx_hal_pwr_ex.c ****       {
 327:Drivers/STM32F4xx_HAL_Driver/Src/stm32f4xx_hal_pwr_ex.c ****         return HAL_TIMEOUT;
 328:Drivers/STM32F4xx_HAL_Driver/Src/stm32f4xx_hal_pwr_ex.c ****       } 
 329:Drivers/STM32F4xx_HAL_Driver/Src/stm32f4xx_hal_pwr_ex.c ****     }
 330:Drivers/STM32F4xx_HAL_Driver/Src/stm32f4xx_hal_pwr_ex.c ****     
 331:Drivers/STM32F4xx_HAL_Driver/Src/stm32f4xx_hal_pwr_ex.c ****     /* Get Start Tick */
 332:Drivers/STM32F4xx_HAL_Driver/Src/stm32f4xx_hal_pwr_ex.c ****     tickstart = HAL_GetTick();
 414              		.loc 1 332 5 is_stmt 1 view .LVU109
 415              		.loc 1 332 17 is_stmt 0 view .LVU110
 416 007e FFF7FEFF 		bl	HAL_GetTick
 417              	.LVL24:
 333:Drivers/STM32F4xx_HAL_Driver/Src/stm32f4xx_hal_pwr_ex.c ****     while((__HAL_PWR_GET_FLAG(PWR_FLAG_VOSRDY) == RESET))
 418              		.loc 1 333 12 view .LVU111
 419 0082 0C4D     		ldr	r5, .L39+8
 332:Drivers/STM32F4xx_HAL_Driver/Src/stm32f4xx_hal_pwr_ex.c ****     while((__HAL_PWR_GET_FLAG(PWR_FLAG_VOSRDY) == RESET))
 420              		.loc 1 332 17 view .LVU112
 421 0084 0446     		mov	r4, r0
 422              	.LVL25:
 423              		.loc 1 333 5 is_stmt 1 view .LVU113
 424              		.loc 1 333 10 is_stmt 0 view .LVU114
 425 0086 05E0     		b	.L34
 426              	.LVL26:
 427              	.L35:
 334:Drivers/STM32F4xx_HAL_Driver/Src/stm32f4xx_hal_pwr_ex.c ****     {
 335:Drivers/STM32F4xx_HAL_Driver/Src/stm32f4xx_hal_pwr_ex.c ****       if((HAL_GetTick() - tickstart ) > PWR_VOSRDY_TIMEOUT_VALUE)
 428              		.loc 1 335 11 view .LVU115
 429 0088 FFF7FEFF 		bl	HAL_GetTick
 430              	.LVL27:
 431              		.loc 1 335 25 discriminator 1 view .LVU116
 432 008c 001B     		subs	r0, r0, r4
 433              		.loc 1 335 9 discriminator 1 view .LVU117
 434 008e B0F57A7F 		cmp	r0, #1000
 435 0092 04D8     		bhi	.L32
 436              	.L34:
 437              		.loc 1 335 7 is_stmt 1 view .LVU118
 333:Drivers/STM32F4xx_HAL_Driver/Src/stm32f4xx_hal_pwr_ex.c ****     {
 438              		.loc 1 333 48 view .LVU119
 333:Drivers/STM32F4xx_HAL_Driver/Src/stm32f4xx_hal_pwr_ex.c ****     {
 439              		.loc 1 333 12 is_stmt 0 view .LVU120
ARM GAS  C:\Users\joshr\AppData\Local\Temp\ccBBGkRl.s 			page 15


 440 0094 6B68     		ldr	r3, [r5, #4]
 333:Drivers/STM32F4xx_HAL_Driver/Src/stm32f4xx_hal_pwr_ex.c ****     {
 441              		.loc 1 333 48 view .LVU121
 442 0096 5B04     		lsls	r3, r3, #17
 443 0098 F6D5     		bpl	.L35
 336:Drivers/STM32F4xx_HAL_Driver/Src/stm32f4xx_hal_pwr_ex.c ****       {
 337:Drivers/STM32F4xx_HAL_Driver/Src/stm32f4xx_hal_pwr_ex.c ****         return HAL_TIMEOUT;
 338:Drivers/STM32F4xx_HAL_Driver/Src/stm32f4xx_hal_pwr_ex.c ****       } 
 339:Drivers/STM32F4xx_HAL_Driver/Src/stm32f4xx_hal_pwr_ex.c ****     }
 340:Drivers/STM32F4xx_HAL_Driver/Src/stm32f4xx_hal_pwr_ex.c ****   }
 341:Drivers/STM32F4xx_HAL_Driver/Src/stm32f4xx_hal_pwr_ex.c ****   else
 342:Drivers/STM32F4xx_HAL_Driver/Src/stm32f4xx_hal_pwr_ex.c ****   {
 343:Drivers/STM32F4xx_HAL_Driver/Src/stm32f4xx_hal_pwr_ex.c ****     return HAL_ERROR;
 344:Drivers/STM32F4xx_HAL_Driver/Src/stm32f4xx_hal_pwr_ex.c ****   }
 345:Drivers/STM32F4xx_HAL_Driver/Src/stm32f4xx_hal_pwr_ex.c **** 
 346:Drivers/STM32F4xx_HAL_Driver/Src/stm32f4xx_hal_pwr_ex.c ****   return HAL_OK;
 444              		.loc 1 346 10 view .LVU122
 445 009a 0020     		movs	r0, #0
 446 009c 00E0     		b	.L28
 447              	.LVL28:
 448              	.L32:
 310:Drivers/STM32F4xx_HAL_Driver/Src/stm32f4xx_hal_pwr_ex.c ****       }
 449              		.loc 1 310 16 view .LVU123
 450 009e 0320     		movs	r0, #3
 451              	.L28:
 347:Drivers/STM32F4xx_HAL_Driver/Src/stm32f4xx_hal_pwr_ex.c **** }
 452              		.loc 1 347 1 view .LVU124
 453 00a0 02B0     		add	sp, sp, #8
 454              	.LCFI4:
 455              		.cfi_remember_state
 456              		.cfi_def_cfa_offset 16
 457              		@ sp needed
 458 00a2 70BD     		pop	{r4, r5, r6, pc}
 459              	.LVL29:
 460              	.L36:
 461              	.LCFI5:
 462              		.cfi_restore_state
 343:Drivers/STM32F4xx_HAL_Driver/Src/stm32f4xx_hal_pwr_ex.c ****   }
 463              		.loc 1 343 12 view .LVU125
 464 00a4 0120     		movs	r0, #1
 465              	.LVL30:
 466              		.loc 1 347 1 view .LVU126
 467 00a6 02B0     		add	sp, sp, #8
 468              	.LCFI6:
 469              		.cfi_def_cfa_offset 16
 470              		@ sp needed
 471 00a8 70BD     		pop	{r4, r5, r6, pc}
 472              	.L40:
 473 00aa 00BF     		.align	2
 474              	.L39:
 475 00ac 00380240 		.word	1073887232
 476 00b0 00004742 		.word	1111949312
 477 00b4 00700040 		.word	1073770496
 478              		.cfi_endproc
 479              	.LFE139:
 481              		.section	.text.HAL_PWREx_EnableOverDrive,"ax",%progbits
 482              		.align	1
ARM GAS  C:\Users\joshr\AppData\Local\Temp\ccBBGkRl.s 			page 16


 483              		.p2align 2,,3
 484              		.global	HAL_PWREx_EnableOverDrive
 485              		.syntax unified
 486              		.thumb
 487              		.thumb_func
 489              	HAL_PWREx_EnableOverDrive:
 490              	.LFB140:
 348:Drivers/STM32F4xx_HAL_Driver/Src/stm32f4xx_hal_pwr_ex.c **** #endif /* STM32F405xx || STM32F415xx || STM32F407xx || STM32F417xx */
 349:Drivers/STM32F4xx_HAL_Driver/Src/stm32f4xx_hal_pwr_ex.c **** 
 350:Drivers/STM32F4xx_HAL_Driver/Src/stm32f4xx_hal_pwr_ex.c **** #if defined(STM32F401xC) || defined(STM32F401xE) || defined(STM32F410Tx) || defined(STM32F410Cx) ||
 351:Drivers/STM32F4xx_HAL_Driver/Src/stm32f4xx_hal_pwr_ex.c ****     defined(STM32F411xE) || defined(STM32F412Zx) || defined(STM32F412Vx) || defined(STM32F412Rx) ||
 352:Drivers/STM32F4xx_HAL_Driver/Src/stm32f4xx_hal_pwr_ex.c ****     defined(STM32F413xx) || defined(STM32F423xx)
 353:Drivers/STM32F4xx_HAL_Driver/Src/stm32f4xx_hal_pwr_ex.c **** /**
 354:Drivers/STM32F4xx_HAL_Driver/Src/stm32f4xx_hal_pwr_ex.c ****   * @brief Enables Main Regulator low voltage mode.
 355:Drivers/STM32F4xx_HAL_Driver/Src/stm32f4xx_hal_pwr_ex.c ****   * @note  This mode is only available for STM32F401xx/STM32F410xx/STM32F411xx/STM32F412Zx/STM32F41
 356:Drivers/STM32F4xx_HAL_Driver/Src/stm32f4xx_hal_pwr_ex.c ****   *        STM32F413xx/STM32F423xx devices.   
 357:Drivers/STM32F4xx_HAL_Driver/Src/stm32f4xx_hal_pwr_ex.c ****   * @retval None
 358:Drivers/STM32F4xx_HAL_Driver/Src/stm32f4xx_hal_pwr_ex.c ****   */
 359:Drivers/STM32F4xx_HAL_Driver/Src/stm32f4xx_hal_pwr_ex.c **** void HAL_PWREx_EnableMainRegulatorLowVoltage(void)
 360:Drivers/STM32F4xx_HAL_Driver/Src/stm32f4xx_hal_pwr_ex.c **** {
 361:Drivers/STM32F4xx_HAL_Driver/Src/stm32f4xx_hal_pwr_ex.c ****   *(__IO uint32_t *) CR_MRLVDS_BB = (uint32_t)ENABLE;
 362:Drivers/STM32F4xx_HAL_Driver/Src/stm32f4xx_hal_pwr_ex.c **** }
 363:Drivers/STM32F4xx_HAL_Driver/Src/stm32f4xx_hal_pwr_ex.c **** 
 364:Drivers/STM32F4xx_HAL_Driver/Src/stm32f4xx_hal_pwr_ex.c **** /**
 365:Drivers/STM32F4xx_HAL_Driver/Src/stm32f4xx_hal_pwr_ex.c ****   * @brief Disables Main Regulator low voltage mode.
 366:Drivers/STM32F4xx_HAL_Driver/Src/stm32f4xx_hal_pwr_ex.c ****   * @note  This mode is only available for STM32F401xx/STM32F410xx/STM32F411xx/STM32F412Zx/STM32F41
 367:Drivers/STM32F4xx_HAL_Driver/Src/stm32f4xx_hal_pwr_ex.c ****   *        STM32F413xx/STM32F423xxdevices. 
 368:Drivers/STM32F4xx_HAL_Driver/Src/stm32f4xx_hal_pwr_ex.c ****   * @retval None
 369:Drivers/STM32F4xx_HAL_Driver/Src/stm32f4xx_hal_pwr_ex.c ****   */
 370:Drivers/STM32F4xx_HAL_Driver/Src/stm32f4xx_hal_pwr_ex.c **** void HAL_PWREx_DisableMainRegulatorLowVoltage(void)
 371:Drivers/STM32F4xx_HAL_Driver/Src/stm32f4xx_hal_pwr_ex.c **** {
 372:Drivers/STM32F4xx_HAL_Driver/Src/stm32f4xx_hal_pwr_ex.c ****   *(__IO uint32_t *) CR_MRLVDS_BB = (uint32_t)DISABLE;
 373:Drivers/STM32F4xx_HAL_Driver/Src/stm32f4xx_hal_pwr_ex.c **** }
 374:Drivers/STM32F4xx_HAL_Driver/Src/stm32f4xx_hal_pwr_ex.c **** 
 375:Drivers/STM32F4xx_HAL_Driver/Src/stm32f4xx_hal_pwr_ex.c **** /**
 376:Drivers/STM32F4xx_HAL_Driver/Src/stm32f4xx_hal_pwr_ex.c ****   * @brief Enables Low Power Regulator low voltage mode.
 377:Drivers/STM32F4xx_HAL_Driver/Src/stm32f4xx_hal_pwr_ex.c ****   * @note  This mode is only available for STM32F401xx/STM32F410xx/STM32F411xx/STM32F412Zx/STM32F41
 378:Drivers/STM32F4xx_HAL_Driver/Src/stm32f4xx_hal_pwr_ex.c ****   *        STM32F413xx/STM32F423xx devices.   
 379:Drivers/STM32F4xx_HAL_Driver/Src/stm32f4xx_hal_pwr_ex.c ****   * @retval None
 380:Drivers/STM32F4xx_HAL_Driver/Src/stm32f4xx_hal_pwr_ex.c ****   */
 381:Drivers/STM32F4xx_HAL_Driver/Src/stm32f4xx_hal_pwr_ex.c **** void HAL_PWREx_EnableLowRegulatorLowVoltage(void)
 382:Drivers/STM32F4xx_HAL_Driver/Src/stm32f4xx_hal_pwr_ex.c **** {
 383:Drivers/STM32F4xx_HAL_Driver/Src/stm32f4xx_hal_pwr_ex.c ****   *(__IO uint32_t *) CR_LPLVDS_BB = (uint32_t)ENABLE;
 384:Drivers/STM32F4xx_HAL_Driver/Src/stm32f4xx_hal_pwr_ex.c **** }
 385:Drivers/STM32F4xx_HAL_Driver/Src/stm32f4xx_hal_pwr_ex.c **** 
 386:Drivers/STM32F4xx_HAL_Driver/Src/stm32f4xx_hal_pwr_ex.c **** /**
 387:Drivers/STM32F4xx_HAL_Driver/Src/stm32f4xx_hal_pwr_ex.c ****   * @brief Disables Low Power Regulator low voltage mode.
 388:Drivers/STM32F4xx_HAL_Driver/Src/stm32f4xx_hal_pwr_ex.c ****   * @note  This mode is only available for STM32F401xx/STM32F410xx/STM32F411xx/STM32F412Zx/STM32F41
 389:Drivers/STM32F4xx_HAL_Driver/Src/stm32f4xx_hal_pwr_ex.c ****   *        STM32F413xx/STM32F423xx  devices.   
 390:Drivers/STM32F4xx_HAL_Driver/Src/stm32f4xx_hal_pwr_ex.c ****   * @retval None
 391:Drivers/STM32F4xx_HAL_Driver/Src/stm32f4xx_hal_pwr_ex.c ****   */
 392:Drivers/STM32F4xx_HAL_Driver/Src/stm32f4xx_hal_pwr_ex.c **** void HAL_PWREx_DisableLowRegulatorLowVoltage(void)
 393:Drivers/STM32F4xx_HAL_Driver/Src/stm32f4xx_hal_pwr_ex.c **** {
 394:Drivers/STM32F4xx_HAL_Driver/Src/stm32f4xx_hal_pwr_ex.c ****   *(__IO uint32_t *) CR_LPLVDS_BB = (uint32_t)DISABLE;
 395:Drivers/STM32F4xx_HAL_Driver/Src/stm32f4xx_hal_pwr_ex.c **** }
 396:Drivers/STM32F4xx_HAL_Driver/Src/stm32f4xx_hal_pwr_ex.c **** 
 397:Drivers/STM32F4xx_HAL_Driver/Src/stm32f4xx_hal_pwr_ex.c **** #endif /* STM32F401xC || STM32F401xE || STM32F410xx || STM32F411xE || STM32F412Zx || STM32F412Rx ||
ARM GAS  C:\Users\joshr\AppData\Local\Temp\ccBBGkRl.s 			page 17


 398:Drivers/STM32F4xx_HAL_Driver/Src/stm32f4xx_hal_pwr_ex.c ****           STM32F413xx || STM32F423xx */
 399:Drivers/STM32F4xx_HAL_Driver/Src/stm32f4xx_hal_pwr_ex.c **** 
 400:Drivers/STM32F4xx_HAL_Driver/Src/stm32f4xx_hal_pwr_ex.c **** #if defined(STM32F427xx) || defined(STM32F437xx) || defined(STM32F429xx) || defined(STM32F439xx) ||
 401:Drivers/STM32F4xx_HAL_Driver/Src/stm32f4xx_hal_pwr_ex.c ****     defined(STM32F446xx) || defined(STM32F469xx) || defined(STM32F479xx)
 402:Drivers/STM32F4xx_HAL_Driver/Src/stm32f4xx_hal_pwr_ex.c **** /**
 403:Drivers/STM32F4xx_HAL_Driver/Src/stm32f4xx_hal_pwr_ex.c ****   * @brief  Activates the Over-Drive mode.
 404:Drivers/STM32F4xx_HAL_Driver/Src/stm32f4xx_hal_pwr_ex.c ****   * @note   This function can be used only for STM32F42xx/STM32F43xx/STM32F446xx/STM32F469xx/STM32F
 405:Drivers/STM32F4xx_HAL_Driver/Src/stm32f4xx_hal_pwr_ex.c ****   *         This mode allows the CPU and the core logic to operate at a higher frequency
 406:Drivers/STM32F4xx_HAL_Driver/Src/stm32f4xx_hal_pwr_ex.c ****   *         than the normal mode for a given voltage scaling (scale 1, scale 2 or scale 3).   
 407:Drivers/STM32F4xx_HAL_Driver/Src/stm32f4xx_hal_pwr_ex.c ****   * @note   It is recommended to enter or exit Over-drive mode when the application is not running 
 408:Drivers/STM32F4xx_HAL_Driver/Src/stm32f4xx_hal_pwr_ex.c ****   *         critical tasks and when the system clock source is either HSI or HSE. 
 409:Drivers/STM32F4xx_HAL_Driver/Src/stm32f4xx_hal_pwr_ex.c ****   *         During the Over-drive switch activation, no peripheral clocks should be enabled.   
 410:Drivers/STM32F4xx_HAL_Driver/Src/stm32f4xx_hal_pwr_ex.c ****   *         The peripheral clocks must be enabled once the Over-drive mode is activated.   
 411:Drivers/STM32F4xx_HAL_Driver/Src/stm32f4xx_hal_pwr_ex.c ****   * @retval HAL status
 412:Drivers/STM32F4xx_HAL_Driver/Src/stm32f4xx_hal_pwr_ex.c ****   */
 413:Drivers/STM32F4xx_HAL_Driver/Src/stm32f4xx_hal_pwr_ex.c **** HAL_StatusTypeDef HAL_PWREx_EnableOverDrive(void)
 414:Drivers/STM32F4xx_HAL_Driver/Src/stm32f4xx_hal_pwr_ex.c **** {
 491              		.loc 1 414 1 is_stmt 1 view -0
 492              		.cfi_startproc
 493              		@ args = 0, pretend = 0, frame = 8
 494              		@ frame_needed = 0, uses_anonymous_args = 0
 415:Drivers/STM32F4xx_HAL_Driver/Src/stm32f4xx_hal_pwr_ex.c ****   uint32_t tickstart = 0U;
 495              		.loc 1 415 3 view .LVU128
 496              	.LVL31:
 416:Drivers/STM32F4xx_HAL_Driver/Src/stm32f4xx_hal_pwr_ex.c **** 
 417:Drivers/STM32F4xx_HAL_Driver/Src/stm32f4xx_hal_pwr_ex.c ****   __HAL_RCC_PWR_CLK_ENABLE();
 497              		.loc 1 417 3 view .LVU129
 498              	.LBB7:
 499              		.loc 1 417 3 view .LVU130
 500              	.LBE7:
 414:Drivers/STM32F4xx_HAL_Driver/Src/stm32f4xx_hal_pwr_ex.c ****   uint32_t tickstart = 0U;
 501              		.loc 1 414 1 is_stmt 0 view .LVU131
 502 0000 30B5     		push	{r4, r5, lr}
 503              	.LCFI7:
 504              		.cfi_def_cfa_offset 12
 505              		.cfi_offset 4, -12
 506              		.cfi_offset 5, -8
 507              		.cfi_offset 14, -4
 508 0002 83B0     		sub	sp, sp, #12
 509              	.LCFI8:
 510              		.cfi_def_cfa_offset 24
 511              	.LBB8:
 512              		.loc 1 417 3 view .LVU132
 513 0004 194B     		ldr	r3, .L50
 514              	.LBE8:
 418:Drivers/STM32F4xx_HAL_Driver/Src/stm32f4xx_hal_pwr_ex.c ****   
 419:Drivers/STM32F4xx_HAL_Driver/Src/stm32f4xx_hal_pwr_ex.c ****   /* Enable the Over-drive to extend the clock frequency to 180 Mhz */
 420:Drivers/STM32F4xx_HAL_Driver/Src/stm32f4xx_hal_pwr_ex.c ****   __HAL_PWR_OVERDRIVE_ENABLE();
 515              		.loc 1 420 3 view .LVU133
 516 0006 1A49     		ldr	r1, .L50+4
 421:Drivers/STM32F4xx_HAL_Driver/Src/stm32f4xx_hal_pwr_ex.c **** 
 422:Drivers/STM32F4xx_HAL_Driver/Src/stm32f4xx_hal_pwr_ex.c ****   /* Get tick */
 423:Drivers/STM32F4xx_HAL_Driver/Src/stm32f4xx_hal_pwr_ex.c ****   tickstart = HAL_GetTick();
 424:Drivers/STM32F4xx_HAL_Driver/Src/stm32f4xx_hal_pwr_ex.c **** 
 425:Drivers/STM32F4xx_HAL_Driver/Src/stm32f4xx_hal_pwr_ex.c ****   while(!__HAL_PWR_GET_FLAG(PWR_FLAG_ODRDY))
 517              		.loc 1 425 10 view .LVU134
 518 0008 1A4D     		ldr	r5, .L50+8
ARM GAS  C:\Users\joshr\AppData\Local\Temp\ccBBGkRl.s 			page 18


 519              	.LBB9:
 417:Drivers/STM32F4xx_HAL_Driver/Src/stm32f4xx_hal_pwr_ex.c ****   
 520              		.loc 1 417 3 view .LVU135
 521 000a 0022     		movs	r2, #0
 522 000c 0192     		str	r2, [sp, #4]
 417:Drivers/STM32F4xx_HAL_Driver/Src/stm32f4xx_hal_pwr_ex.c ****   
 523              		.loc 1 417 3 is_stmt 1 view .LVU136
 524 000e 1A6C     		ldr	r2, [r3, #64]
 525 0010 42F08052 		orr	r2, r2, #268435456
 526 0014 1A64     		str	r2, [r3, #64]
 417:Drivers/STM32F4xx_HAL_Driver/Src/stm32f4xx_hal_pwr_ex.c ****   
 527              		.loc 1 417 3 view .LVU137
 528 0016 1B6C     		ldr	r3, [r3, #64]
 529 0018 03F08053 		and	r3, r3, #268435456
 530 001c 0193     		str	r3, [sp, #4]
 417:Drivers/STM32F4xx_HAL_Driver/Src/stm32f4xx_hal_pwr_ex.c ****   
 531              		.loc 1 417 3 view .LVU138
 532              	.LBE9:
 420:Drivers/STM32F4xx_HAL_Driver/Src/stm32f4xx_hal_pwr_ex.c **** 
 533              		.loc 1 420 3 is_stmt 0 view .LVU139
 534 001e 0122     		movs	r2, #1
 535              	.LBB10:
 417:Drivers/STM32F4xx_HAL_Driver/Src/stm32f4xx_hal_pwr_ex.c ****   
 536              		.loc 1 417 3 view .LVU140
 537 0020 019B     		ldr	r3, [sp, #4]
 538              	.LBE10:
 417:Drivers/STM32F4xx_HAL_Driver/Src/stm32f4xx_hal_pwr_ex.c ****   
 539              		.loc 1 417 3 is_stmt 1 view .LVU141
 420:Drivers/STM32F4xx_HAL_Driver/Src/stm32f4xx_hal_pwr_ex.c **** 
 540              		.loc 1 420 3 view .LVU142
 541 0022 0A64     		str	r2, [r1, #64]
 423:Drivers/STM32F4xx_HAL_Driver/Src/stm32f4xx_hal_pwr_ex.c **** 
 542              		.loc 1 423 3 view .LVU143
 423:Drivers/STM32F4xx_HAL_Driver/Src/stm32f4xx_hal_pwr_ex.c **** 
 543              		.loc 1 423 15 is_stmt 0 view .LVU144
 544 0024 FFF7FEFF 		bl	HAL_GetTick
 545              	.LVL32:
 546 0028 0446     		mov	r4, r0
 547              	.LVL33:
 548              		.loc 1 425 3 is_stmt 1 view .LVU145
 549              		.loc 1 425 8 is_stmt 0 view .LVU146
 550 002a 05E0     		b	.L42
 551              	.LVL34:
 552              	.L44:
 426:Drivers/STM32F4xx_HAL_Driver/Src/stm32f4xx_hal_pwr_ex.c ****   {
 427:Drivers/STM32F4xx_HAL_Driver/Src/stm32f4xx_hal_pwr_ex.c ****     if((HAL_GetTick() - tickstart) > PWR_OVERDRIVE_TIMEOUT_VALUE)
 553              		.loc 1 427 9 view .LVU147
 554 002c FFF7FEFF 		bl	HAL_GetTick
 555              	.LVL35:
 556              		.loc 1 427 23 discriminator 1 view .LVU148
 557 0030 001B     		subs	r0, r0, r4
 558              		.loc 1 427 7 discriminator 1 view .LVU149
 559 0032 B0F57A7F 		cmp	r0, #1000
 560 0036 16D8     		bhi	.L46
 561              	.L42:
 562              		.loc 1 427 5 is_stmt 1 view .LVU150
 425:Drivers/STM32F4xx_HAL_Driver/Src/stm32f4xx_hal_pwr_ex.c ****   {
ARM GAS  C:\Users\joshr\AppData\Local\Temp\ccBBGkRl.s 			page 19


 563              		.loc 1 425 9 view .LVU151
 425:Drivers/STM32F4xx_HAL_Driver/Src/stm32f4xx_hal_pwr_ex.c ****   {
 564              		.loc 1 425 10 is_stmt 0 view .LVU152
 565 0038 6B68     		ldr	r3, [r5, #4]
 425:Drivers/STM32F4xx_HAL_Driver/Src/stm32f4xx_hal_pwr_ex.c ****   {
 566              		.loc 1 425 9 view .LVU153
 567 003a DA03     		lsls	r2, r3, #15
 568 003c F6D5     		bpl	.L44
 428:Drivers/STM32F4xx_HAL_Driver/Src/stm32f4xx_hal_pwr_ex.c ****     {
 429:Drivers/STM32F4xx_HAL_Driver/Src/stm32f4xx_hal_pwr_ex.c ****       return HAL_TIMEOUT;
 430:Drivers/STM32F4xx_HAL_Driver/Src/stm32f4xx_hal_pwr_ex.c ****     }
 431:Drivers/STM32F4xx_HAL_Driver/Src/stm32f4xx_hal_pwr_ex.c ****   }
 432:Drivers/STM32F4xx_HAL_Driver/Src/stm32f4xx_hal_pwr_ex.c ****   
 433:Drivers/STM32F4xx_HAL_Driver/Src/stm32f4xx_hal_pwr_ex.c ****   /* Enable the Over-drive switch */
 434:Drivers/STM32F4xx_HAL_Driver/Src/stm32f4xx_hal_pwr_ex.c ****   __HAL_PWR_OVERDRIVESWITCHING_ENABLE();
 569              		.loc 1 434 3 is_stmt 1 view .LVU154
 570 003e 0C4B     		ldr	r3, .L50+4
 435:Drivers/STM32F4xx_HAL_Driver/Src/stm32f4xx_hal_pwr_ex.c **** 
 436:Drivers/STM32F4xx_HAL_Driver/Src/stm32f4xx_hal_pwr_ex.c ****   /* Get tick */
 437:Drivers/STM32F4xx_HAL_Driver/Src/stm32f4xx_hal_pwr_ex.c ****   tickstart = HAL_GetTick();
 438:Drivers/STM32F4xx_HAL_Driver/Src/stm32f4xx_hal_pwr_ex.c **** 
 439:Drivers/STM32F4xx_HAL_Driver/Src/stm32f4xx_hal_pwr_ex.c ****   while(!__HAL_PWR_GET_FLAG(PWR_FLAG_ODSWRDY))
 571              		.loc 1 439 10 is_stmt 0 view .LVU155
 572 0040 0C4D     		ldr	r5, .L50+8
 434:Drivers/STM32F4xx_HAL_Driver/Src/stm32f4xx_hal_pwr_ex.c **** 
 573              		.loc 1 434 3 view .LVU156
 574 0042 0122     		movs	r2, #1
 575 0044 5A64     		str	r2, [r3, #68]
 437:Drivers/STM32F4xx_HAL_Driver/Src/stm32f4xx_hal_pwr_ex.c **** 
 576              		.loc 1 437 3 is_stmt 1 view .LVU157
 437:Drivers/STM32F4xx_HAL_Driver/Src/stm32f4xx_hal_pwr_ex.c **** 
 577              		.loc 1 437 15 is_stmt 0 view .LVU158
 578 0046 FFF7FEFF 		bl	HAL_GetTick
 579              	.LVL36:
 580 004a 0446     		mov	r4, r0
 581              	.LVL37:
 582              		.loc 1 439 3 is_stmt 1 view .LVU159
 583              		.loc 1 439 8 is_stmt 0 view .LVU160
 584 004c 05E0     		b	.L45
 585              	.LVL38:
 586              	.L47:
 440:Drivers/STM32F4xx_HAL_Driver/Src/stm32f4xx_hal_pwr_ex.c ****   {
 441:Drivers/STM32F4xx_HAL_Driver/Src/stm32f4xx_hal_pwr_ex.c ****     if((HAL_GetTick() - tickstart ) > PWR_OVERDRIVE_TIMEOUT_VALUE)
 587              		.loc 1 441 9 view .LVU161
 588 004e FFF7FEFF 		bl	HAL_GetTick
 589              	.LVL39:
 590              		.loc 1 441 23 discriminator 1 view .LVU162
 591 0052 001B     		subs	r0, r0, r4
 592              		.loc 1 441 7 discriminator 1 view .LVU163
 593 0054 B0F57A7F 		cmp	r0, #1000
 594 0058 05D8     		bhi	.L46
 595              	.L45:
 596              		.loc 1 441 5 is_stmt 1 view .LVU164
 439:Drivers/STM32F4xx_HAL_Driver/Src/stm32f4xx_hal_pwr_ex.c ****   {
 597              		.loc 1 439 9 view .LVU165
 439:Drivers/STM32F4xx_HAL_Driver/Src/stm32f4xx_hal_pwr_ex.c ****   {
 598              		.loc 1 439 10 is_stmt 0 view .LVU166
ARM GAS  C:\Users\joshr\AppData\Local\Temp\ccBBGkRl.s 			page 20


 599 005a 6B68     		ldr	r3, [r5, #4]
 439:Drivers/STM32F4xx_HAL_Driver/Src/stm32f4xx_hal_pwr_ex.c ****   {
 600              		.loc 1 439 9 view .LVU167
 601 005c 9B03     		lsls	r3, r3, #14
 602 005e F6D5     		bpl	.L47
 442:Drivers/STM32F4xx_HAL_Driver/Src/stm32f4xx_hal_pwr_ex.c ****     {
 443:Drivers/STM32F4xx_HAL_Driver/Src/stm32f4xx_hal_pwr_ex.c ****       return HAL_TIMEOUT;
 444:Drivers/STM32F4xx_HAL_Driver/Src/stm32f4xx_hal_pwr_ex.c ****     }
 445:Drivers/STM32F4xx_HAL_Driver/Src/stm32f4xx_hal_pwr_ex.c ****   } 
 446:Drivers/STM32F4xx_HAL_Driver/Src/stm32f4xx_hal_pwr_ex.c ****   return HAL_OK;
 603              		.loc 1 446 10 view .LVU168
 604 0060 0020     		movs	r0, #0
 447:Drivers/STM32F4xx_HAL_Driver/Src/stm32f4xx_hal_pwr_ex.c **** }
 605              		.loc 1 447 1 view .LVU169
 606 0062 03B0     		add	sp, sp, #12
 607              	.LCFI9:
 608              		.cfi_remember_state
 609              		.cfi_def_cfa_offset 12
 610              		@ sp needed
 611 0064 30BD     		pop	{r4, r5, pc}
 612              	.LVL40:
 613              	.L46:
 614              	.LCFI10:
 615              		.cfi_restore_state
 429:Drivers/STM32F4xx_HAL_Driver/Src/stm32f4xx_hal_pwr_ex.c ****     }
 616              		.loc 1 429 14 view .LVU170
 617 0066 0320     		movs	r0, #3
 618              		.loc 1 447 1 view .LVU171
 619 0068 03B0     		add	sp, sp, #12
 620              	.LCFI11:
 621              		.cfi_def_cfa_offset 12
 622              		@ sp needed
 623 006a 30BD     		pop	{r4, r5, pc}
 624              	.LVL41:
 625              	.L51:
 626              		.loc 1 447 1 view .LVU172
 627              		.align	2
 628              	.L50:
 629 006c 00380240 		.word	1073887232
 630 0070 00000E42 		.word	1108213760
 631 0074 00700040 		.word	1073770496
 632              		.cfi_endproc
 633              	.LFE140:
 635              		.section	.text.HAL_PWREx_DisableOverDrive,"ax",%progbits
 636              		.align	1
 637              		.p2align 2,,3
 638              		.global	HAL_PWREx_DisableOverDrive
 639              		.syntax unified
 640              		.thumb
 641              		.thumb_func
 643              	HAL_PWREx_DisableOverDrive:
 644              	.LFB141:
 448:Drivers/STM32F4xx_HAL_Driver/Src/stm32f4xx_hal_pwr_ex.c **** 
 449:Drivers/STM32F4xx_HAL_Driver/Src/stm32f4xx_hal_pwr_ex.c **** /**
 450:Drivers/STM32F4xx_HAL_Driver/Src/stm32f4xx_hal_pwr_ex.c ****   * @brief  Deactivates the Over-Drive mode.
 451:Drivers/STM32F4xx_HAL_Driver/Src/stm32f4xx_hal_pwr_ex.c ****   * @note   This function can be used only for STM32F42xx/STM32F43xx/STM32F446xx/STM32F469xx/STM32F
 452:Drivers/STM32F4xx_HAL_Driver/Src/stm32f4xx_hal_pwr_ex.c ****   *         This mode allows the CPU and the core logic to operate at a higher frequency
ARM GAS  C:\Users\joshr\AppData\Local\Temp\ccBBGkRl.s 			page 21


 453:Drivers/STM32F4xx_HAL_Driver/Src/stm32f4xx_hal_pwr_ex.c ****   *         than the normal mode for a given voltage scaling (scale 1, scale 2 or scale 3).    
 454:Drivers/STM32F4xx_HAL_Driver/Src/stm32f4xx_hal_pwr_ex.c ****   * @note   It is recommended to enter or exit Over-drive mode when the application is not running 
 455:Drivers/STM32F4xx_HAL_Driver/Src/stm32f4xx_hal_pwr_ex.c ****   *         critical tasks and when the system clock source is either HSI or HSE. 
 456:Drivers/STM32F4xx_HAL_Driver/Src/stm32f4xx_hal_pwr_ex.c ****   *         During the Over-drive switch activation, no peripheral clocks should be enabled.   
 457:Drivers/STM32F4xx_HAL_Driver/Src/stm32f4xx_hal_pwr_ex.c ****   *         The peripheral clocks must be enabled once the Over-drive mode is activated.
 458:Drivers/STM32F4xx_HAL_Driver/Src/stm32f4xx_hal_pwr_ex.c ****   * @retval HAL status
 459:Drivers/STM32F4xx_HAL_Driver/Src/stm32f4xx_hal_pwr_ex.c ****   */
 460:Drivers/STM32F4xx_HAL_Driver/Src/stm32f4xx_hal_pwr_ex.c **** HAL_StatusTypeDef HAL_PWREx_DisableOverDrive(void)
 461:Drivers/STM32F4xx_HAL_Driver/Src/stm32f4xx_hal_pwr_ex.c **** {
 645              		.loc 1 461 1 is_stmt 1 view -0
 646              		.cfi_startproc
 647              		@ args = 0, pretend = 0, frame = 8
 648              		@ frame_needed = 0, uses_anonymous_args = 0
 462:Drivers/STM32F4xx_HAL_Driver/Src/stm32f4xx_hal_pwr_ex.c ****   uint32_t tickstart = 0U;
 649              		.loc 1 462 3 view .LVU174
 650              	.LVL42:
 463:Drivers/STM32F4xx_HAL_Driver/Src/stm32f4xx_hal_pwr_ex.c ****   
 464:Drivers/STM32F4xx_HAL_Driver/Src/stm32f4xx_hal_pwr_ex.c ****   __HAL_RCC_PWR_CLK_ENABLE();
 651              		.loc 1 464 3 view .LVU175
 652              	.LBB11:
 653              		.loc 1 464 3 view .LVU176
 654              	.LBE11:
 461:Drivers/STM32F4xx_HAL_Driver/Src/stm32f4xx_hal_pwr_ex.c ****   uint32_t tickstart = 0U;
 655              		.loc 1 461 1 is_stmt 0 view .LVU177
 656 0000 30B5     		push	{r4, r5, lr}
 657              	.LCFI12:
 658              		.cfi_def_cfa_offset 12
 659              		.cfi_offset 4, -12
 660              		.cfi_offset 5, -8
 661              		.cfi_offset 14, -4
 662 0002 83B0     		sub	sp, sp, #12
 663              	.LCFI13:
 664              		.cfi_def_cfa_offset 24
 665              	.LBB12:
 666              		.loc 1 464 3 view .LVU178
 667 0004 194B     		ldr	r3, .L61
 668              	.LBE12:
 465:Drivers/STM32F4xx_HAL_Driver/Src/stm32f4xx_hal_pwr_ex.c ****     
 466:Drivers/STM32F4xx_HAL_Driver/Src/stm32f4xx_hal_pwr_ex.c ****   /* Disable the Over-drive switch */
 467:Drivers/STM32F4xx_HAL_Driver/Src/stm32f4xx_hal_pwr_ex.c ****   __HAL_PWR_OVERDRIVESWITCHING_DISABLE();
 669              		.loc 1 467 3 view .LVU179
 670 0006 1A48     		ldr	r0, .L61+4
 468:Drivers/STM32F4xx_HAL_Driver/Src/stm32f4xx_hal_pwr_ex.c ****   
 469:Drivers/STM32F4xx_HAL_Driver/Src/stm32f4xx_hal_pwr_ex.c ****   /* Get tick */
 470:Drivers/STM32F4xx_HAL_Driver/Src/stm32f4xx_hal_pwr_ex.c ****   tickstart = HAL_GetTick();
 471:Drivers/STM32F4xx_HAL_Driver/Src/stm32f4xx_hal_pwr_ex.c ****  
 472:Drivers/STM32F4xx_HAL_Driver/Src/stm32f4xx_hal_pwr_ex.c ****   while(__HAL_PWR_GET_FLAG(PWR_FLAG_ODSWRDY))
 671              		.loc 1 472 9 view .LVU180
 672 0008 1A4D     		ldr	r5, .L61+8
 673              	.LBB13:
 464:Drivers/STM32F4xx_HAL_Driver/Src/stm32f4xx_hal_pwr_ex.c ****     
 674              		.loc 1 464 3 view .LVU181
 675 000a 0021     		movs	r1, #0
 676 000c 0191     		str	r1, [sp, #4]
 464:Drivers/STM32F4xx_HAL_Driver/Src/stm32f4xx_hal_pwr_ex.c ****     
 677              		.loc 1 464 3 is_stmt 1 view .LVU182
 678 000e 1A6C     		ldr	r2, [r3, #64]
ARM GAS  C:\Users\joshr\AppData\Local\Temp\ccBBGkRl.s 			page 22


 679 0010 42F08052 		orr	r2, r2, #268435456
 680 0014 1A64     		str	r2, [r3, #64]
 464:Drivers/STM32F4xx_HAL_Driver/Src/stm32f4xx_hal_pwr_ex.c ****     
 681              		.loc 1 464 3 view .LVU183
 682 0016 1B6C     		ldr	r3, [r3, #64]
 683 0018 03F08053 		and	r3, r3, #268435456
 684 001c 0193     		str	r3, [sp, #4]
 464:Drivers/STM32F4xx_HAL_Driver/Src/stm32f4xx_hal_pwr_ex.c ****     
 685              		.loc 1 464 3 view .LVU184
 686 001e 019B     		ldr	r3, [sp, #4]
 687              	.LBE13:
 464:Drivers/STM32F4xx_HAL_Driver/Src/stm32f4xx_hal_pwr_ex.c ****     
 688              		.loc 1 464 3 view .LVU185
 467:Drivers/STM32F4xx_HAL_Driver/Src/stm32f4xx_hal_pwr_ex.c ****   
 689              		.loc 1 467 3 view .LVU186
 690 0020 4164     		str	r1, [r0, #68]
 470:Drivers/STM32F4xx_HAL_Driver/Src/stm32f4xx_hal_pwr_ex.c ****  
 691              		.loc 1 470 3 view .LVU187
 470:Drivers/STM32F4xx_HAL_Driver/Src/stm32f4xx_hal_pwr_ex.c ****  
 692              		.loc 1 470 15 is_stmt 0 view .LVU188
 693 0022 FFF7FEFF 		bl	HAL_GetTick
 694              	.LVL43:
 695 0026 0446     		mov	r4, r0
 696              	.LVL44:
 697              		.loc 1 472 3 is_stmt 1 view .LVU189
 698              		.loc 1 472 8 is_stmt 0 view .LVU190
 699 0028 05E0     		b	.L53
 700              	.LVL45:
 701              	.L55:
 473:Drivers/STM32F4xx_HAL_Driver/Src/stm32f4xx_hal_pwr_ex.c ****   {
 474:Drivers/STM32F4xx_HAL_Driver/Src/stm32f4xx_hal_pwr_ex.c ****     if((HAL_GetTick() - tickstart) > PWR_OVERDRIVE_TIMEOUT_VALUE)
 702              		.loc 1 474 9 view .LVU191
 703 002a FFF7FEFF 		bl	HAL_GetTick
 704              	.LVL46:
 705              		.loc 1 474 23 discriminator 1 view .LVU192
 706 002e 001B     		subs	r0, r0, r4
 707              		.loc 1 474 7 discriminator 1 view .LVU193
 708 0030 B0F57A7F 		cmp	r0, #1000
 709 0034 17D8     		bhi	.L57
 710              	.L53:
 711              		.loc 1 474 5 is_stmt 1 view .LVU194
 472:Drivers/STM32F4xx_HAL_Driver/Src/stm32f4xx_hal_pwr_ex.c ****   {
 712              		.loc 1 472 9 view .LVU195
 713 0036 6B68     		ldr	r3, [r5, #4]
 714 0038 13F40033 		ands	r3, r3, #131072
 715 003c F5D1     		bne	.L55
 475:Drivers/STM32F4xx_HAL_Driver/Src/stm32f4xx_hal_pwr_ex.c ****     {
 476:Drivers/STM32F4xx_HAL_Driver/Src/stm32f4xx_hal_pwr_ex.c ****       return HAL_TIMEOUT;
 477:Drivers/STM32F4xx_HAL_Driver/Src/stm32f4xx_hal_pwr_ex.c ****     }
 478:Drivers/STM32F4xx_HAL_Driver/Src/stm32f4xx_hal_pwr_ex.c ****   } 
 479:Drivers/STM32F4xx_HAL_Driver/Src/stm32f4xx_hal_pwr_ex.c ****   
 480:Drivers/STM32F4xx_HAL_Driver/Src/stm32f4xx_hal_pwr_ex.c ****   /* Disable the Over-drive */
 481:Drivers/STM32F4xx_HAL_Driver/Src/stm32f4xx_hal_pwr_ex.c ****   __HAL_PWR_OVERDRIVE_DISABLE();
 716              		.loc 1 481 3 view .LVU196
 717 003e 0C4A     		ldr	r2, .L61+4
 482:Drivers/STM32F4xx_HAL_Driver/Src/stm32f4xx_hal_pwr_ex.c **** 
 483:Drivers/STM32F4xx_HAL_Driver/Src/stm32f4xx_hal_pwr_ex.c ****   /* Get tick */
ARM GAS  C:\Users\joshr\AppData\Local\Temp\ccBBGkRl.s 			page 23


 484:Drivers/STM32F4xx_HAL_Driver/Src/stm32f4xx_hal_pwr_ex.c ****   tickstart = HAL_GetTick();
 485:Drivers/STM32F4xx_HAL_Driver/Src/stm32f4xx_hal_pwr_ex.c **** 
 486:Drivers/STM32F4xx_HAL_Driver/Src/stm32f4xx_hal_pwr_ex.c ****   while(__HAL_PWR_GET_FLAG(PWR_FLAG_ODRDY))
 718              		.loc 1 486 9 is_stmt 0 view .LVU197
 719 0040 0C4D     		ldr	r5, .L61+8
 481:Drivers/STM32F4xx_HAL_Driver/Src/stm32f4xx_hal_pwr_ex.c **** 
 720              		.loc 1 481 3 view .LVU198
 721 0042 1364     		str	r3, [r2, #64]
 484:Drivers/STM32F4xx_HAL_Driver/Src/stm32f4xx_hal_pwr_ex.c **** 
 722              		.loc 1 484 3 is_stmt 1 view .LVU199
 484:Drivers/STM32F4xx_HAL_Driver/Src/stm32f4xx_hal_pwr_ex.c **** 
 723              		.loc 1 484 15 is_stmt 0 view .LVU200
 724 0044 FFF7FEFF 		bl	HAL_GetTick
 725              	.LVL47:
 726 0048 0446     		mov	r4, r0
 727              	.LVL48:
 728              		.loc 1 486 3 is_stmt 1 view .LVU201
 729              		.loc 1 486 8 is_stmt 0 view .LVU202
 730 004a 05E0     		b	.L56
 731              	.LVL49:
 732              	.L58:
 487:Drivers/STM32F4xx_HAL_Driver/Src/stm32f4xx_hal_pwr_ex.c ****   {
 488:Drivers/STM32F4xx_HAL_Driver/Src/stm32f4xx_hal_pwr_ex.c ****     if((HAL_GetTick() - tickstart) > PWR_OVERDRIVE_TIMEOUT_VALUE)
 733              		.loc 1 488 9 view .LVU203
 734 004c FFF7FEFF 		bl	HAL_GetTick
 735              	.LVL50:
 736              		.loc 1 488 23 discriminator 1 view .LVU204
 737 0050 001B     		subs	r0, r0, r4
 738              		.loc 1 488 7 discriminator 1 view .LVU205
 739 0052 B0F57A7F 		cmp	r0, #1000
 740 0056 06D8     		bhi	.L57
 741              	.L56:
 742              		.loc 1 488 5 is_stmt 1 view .LVU206
 486:Drivers/STM32F4xx_HAL_Driver/Src/stm32f4xx_hal_pwr_ex.c ****   {
 743              		.loc 1 486 9 view .LVU207
 744 0058 6B68     		ldr	r3, [r5, #4]
 745 005a 13F48033 		ands	r3, r3, #65536
 746 005e F5D1     		bne	.L58
 489:Drivers/STM32F4xx_HAL_Driver/Src/stm32f4xx_hal_pwr_ex.c ****     {
 490:Drivers/STM32F4xx_HAL_Driver/Src/stm32f4xx_hal_pwr_ex.c ****       return HAL_TIMEOUT;
 491:Drivers/STM32F4xx_HAL_Driver/Src/stm32f4xx_hal_pwr_ex.c ****     }
 492:Drivers/STM32F4xx_HAL_Driver/Src/stm32f4xx_hal_pwr_ex.c ****   }
 493:Drivers/STM32F4xx_HAL_Driver/Src/stm32f4xx_hal_pwr_ex.c ****   
 494:Drivers/STM32F4xx_HAL_Driver/Src/stm32f4xx_hal_pwr_ex.c ****   return HAL_OK;
 747              		.loc 1 494 10 is_stmt 0 view .LVU208
 748 0060 1846     		mov	r0, r3
 495:Drivers/STM32F4xx_HAL_Driver/Src/stm32f4xx_hal_pwr_ex.c **** }
 749              		.loc 1 495 1 view .LVU209
 750 0062 03B0     		add	sp, sp, #12
 751              	.LCFI14:
 752              		.cfi_remember_state
 753              		.cfi_def_cfa_offset 12
 754              		@ sp needed
 755 0064 30BD     		pop	{r4, r5, pc}
 756              	.LVL51:
 757              	.L57:
 758              	.LCFI15:
ARM GAS  C:\Users\joshr\AppData\Local\Temp\ccBBGkRl.s 			page 24


 759              		.cfi_restore_state
 476:Drivers/STM32F4xx_HAL_Driver/Src/stm32f4xx_hal_pwr_ex.c ****     }
 760              		.loc 1 476 14 view .LVU210
 761 0066 0320     		movs	r0, #3
 762              		.loc 1 495 1 view .LVU211
 763 0068 03B0     		add	sp, sp, #12
 764              	.LCFI16:
 765              		.cfi_def_cfa_offset 12
 766              		@ sp needed
 767 006a 30BD     		pop	{r4, r5, pc}
 768              	.LVL52:
 769              	.L62:
 770              		.loc 1 495 1 view .LVU212
 771              		.align	2
 772              	.L61:
 773 006c 00380240 		.word	1073887232
 774 0070 00000E42 		.word	1108213760
 775 0074 00700040 		.word	1073770496
 776              		.cfi_endproc
 777              	.LFE141:
 779              		.section	.text.HAL_PWREx_EnterUnderDriveSTOPMode,"ax",%progbits
 780              		.align	1
 781              		.p2align 2,,3
 782              		.global	HAL_PWREx_EnterUnderDriveSTOPMode
 783              		.syntax unified
 784              		.thumb
 785              		.thumb_func
 787              	HAL_PWREx_EnterUnderDriveSTOPMode:
 788              	.LVL53:
 789              	.LFB142:
 496:Drivers/STM32F4xx_HAL_Driver/Src/stm32f4xx_hal_pwr_ex.c **** 
 497:Drivers/STM32F4xx_HAL_Driver/Src/stm32f4xx_hal_pwr_ex.c **** /**
 498:Drivers/STM32F4xx_HAL_Driver/Src/stm32f4xx_hal_pwr_ex.c ****   * @brief  Enters in Under-Drive STOP mode.
 499:Drivers/STM32F4xx_HAL_Driver/Src/stm32f4xx_hal_pwr_ex.c ****   *  
 500:Drivers/STM32F4xx_HAL_Driver/Src/stm32f4xx_hal_pwr_ex.c ****   * @note   This mode is only available for STM32F42xxx/STM32F43xxx/STM32F446xx/STM32F469xx/STM32F4
 501:Drivers/STM32F4xx_HAL_Driver/Src/stm32f4xx_hal_pwr_ex.c ****   * 
 502:Drivers/STM32F4xx_HAL_Driver/Src/stm32f4xx_hal_pwr_ex.c ****   * @note    This mode can be selected only when the Under-Drive is already active 
 503:Drivers/STM32F4xx_HAL_Driver/Src/stm32f4xx_hal_pwr_ex.c ****   *   
 504:Drivers/STM32F4xx_HAL_Driver/Src/stm32f4xx_hal_pwr_ex.c ****   * @note    This mode is enabled only with STOP low power mode.
 505:Drivers/STM32F4xx_HAL_Driver/Src/stm32f4xx_hal_pwr_ex.c ****   *          In this mode, the 1.2V domain is preserved in reduced leakage mode. This 
 506:Drivers/STM32F4xx_HAL_Driver/Src/stm32f4xx_hal_pwr_ex.c ****   *          mode is only available when the main regulator or the low power regulator 
 507:Drivers/STM32F4xx_HAL_Driver/Src/stm32f4xx_hal_pwr_ex.c ****   *          is in low voltage mode
 508:Drivers/STM32F4xx_HAL_Driver/Src/stm32f4xx_hal_pwr_ex.c ****   *        
 509:Drivers/STM32F4xx_HAL_Driver/Src/stm32f4xx_hal_pwr_ex.c ****   * @note   If the Under-drive mode was enabled, it is automatically disabled after 
 510:Drivers/STM32F4xx_HAL_Driver/Src/stm32f4xx_hal_pwr_ex.c ****   *         exiting Stop mode. 
 511:Drivers/STM32F4xx_HAL_Driver/Src/stm32f4xx_hal_pwr_ex.c ****   *         When the voltage regulator operates in Under-drive mode, an additional  
 512:Drivers/STM32F4xx_HAL_Driver/Src/stm32f4xx_hal_pwr_ex.c ****   *         startup delay is induced when waking up from Stop mode.
 513:Drivers/STM32F4xx_HAL_Driver/Src/stm32f4xx_hal_pwr_ex.c ****   *                    
 514:Drivers/STM32F4xx_HAL_Driver/Src/stm32f4xx_hal_pwr_ex.c ****   * @note   In Stop mode, all I/O pins keep the same state as in Run mode.
 515:Drivers/STM32F4xx_HAL_Driver/Src/stm32f4xx_hal_pwr_ex.c ****   *   
 516:Drivers/STM32F4xx_HAL_Driver/Src/stm32f4xx_hal_pwr_ex.c ****   * @note   When exiting Stop mode by issuing an interrupt or a wake-up event, 
 517:Drivers/STM32F4xx_HAL_Driver/Src/stm32f4xx_hal_pwr_ex.c ****   *         the HSI RC oscillator is selected as system clock.
 518:Drivers/STM32F4xx_HAL_Driver/Src/stm32f4xx_hal_pwr_ex.c ****   *           
 519:Drivers/STM32F4xx_HAL_Driver/Src/stm32f4xx_hal_pwr_ex.c ****   * @note   When the voltage regulator operates in low power mode, an additional 
 520:Drivers/STM32F4xx_HAL_Driver/Src/stm32f4xx_hal_pwr_ex.c ****   *         startup delay is incurred when waking up from Stop mode. 
 521:Drivers/STM32F4xx_HAL_Driver/Src/stm32f4xx_hal_pwr_ex.c ****   *         By keeping the internal regulator ON during Stop mode, the consumption 
 522:Drivers/STM32F4xx_HAL_Driver/Src/stm32f4xx_hal_pwr_ex.c ****   *         is higher although the startup time is reduced.
ARM GAS  C:\Users\joshr\AppData\Local\Temp\ccBBGkRl.s 			page 25


 523:Drivers/STM32F4xx_HAL_Driver/Src/stm32f4xx_hal_pwr_ex.c ****   *     
 524:Drivers/STM32F4xx_HAL_Driver/Src/stm32f4xx_hal_pwr_ex.c ****   * @param  Regulator specifies the regulator state in STOP mode.
 525:Drivers/STM32F4xx_HAL_Driver/Src/stm32f4xx_hal_pwr_ex.c ****   *          This parameter can be one of the following values:
 526:Drivers/STM32F4xx_HAL_Driver/Src/stm32f4xx_hal_pwr_ex.c ****   *            @arg PWR_MAINREGULATOR_UNDERDRIVE_ON:  Main Regulator in under-drive mode 
 527:Drivers/STM32F4xx_HAL_Driver/Src/stm32f4xx_hal_pwr_ex.c ****   *                 and Flash memory in power-down when the device is in Stop under-drive mode
 528:Drivers/STM32F4xx_HAL_Driver/Src/stm32f4xx_hal_pwr_ex.c ****   *            @arg PWR_LOWPOWERREGULATOR_UNDERDRIVE_ON:  Low Power Regulator in under-drive mode 
 529:Drivers/STM32F4xx_HAL_Driver/Src/stm32f4xx_hal_pwr_ex.c ****   *                and Flash memory in power-down when the device is in Stop under-drive mode
 530:Drivers/STM32F4xx_HAL_Driver/Src/stm32f4xx_hal_pwr_ex.c ****   * @param  STOPEntry specifies if STOP mode in entered with WFI or WFE instruction.
 531:Drivers/STM32F4xx_HAL_Driver/Src/stm32f4xx_hal_pwr_ex.c ****   *          This parameter can be one of the following values:
 532:Drivers/STM32F4xx_HAL_Driver/Src/stm32f4xx_hal_pwr_ex.c ****   *            @arg PWR_SLEEPENTRY_WFI: enter STOP mode with WFI instruction
 533:Drivers/STM32F4xx_HAL_Driver/Src/stm32f4xx_hal_pwr_ex.c ****   *            @arg PWR_SLEEPENTRY_WFE: enter STOP mode with WFE instruction
 534:Drivers/STM32F4xx_HAL_Driver/Src/stm32f4xx_hal_pwr_ex.c ****   * @retval None
 535:Drivers/STM32F4xx_HAL_Driver/Src/stm32f4xx_hal_pwr_ex.c ****   */
 536:Drivers/STM32F4xx_HAL_Driver/Src/stm32f4xx_hal_pwr_ex.c **** HAL_StatusTypeDef HAL_PWREx_EnterUnderDriveSTOPMode(uint32_t Regulator, uint8_t STOPEntry)
 537:Drivers/STM32F4xx_HAL_Driver/Src/stm32f4xx_hal_pwr_ex.c **** {
 790              		.loc 1 537 1 is_stmt 1 view -0
 791              		.cfi_startproc
 792              		@ args = 0, pretend = 0, frame = 8
 793              		@ frame_needed = 0, uses_anonymous_args = 0
 794              		@ link register save eliminated.
 538:Drivers/STM32F4xx_HAL_Driver/Src/stm32f4xx_hal_pwr_ex.c ****   uint32_t tmpreg1 = 0U;
 795              		.loc 1 538 3 view .LVU214
 539:Drivers/STM32F4xx_HAL_Driver/Src/stm32f4xx_hal_pwr_ex.c **** 
 540:Drivers/STM32F4xx_HAL_Driver/Src/stm32f4xx_hal_pwr_ex.c ****   /* Check the parameters */
 541:Drivers/STM32F4xx_HAL_Driver/Src/stm32f4xx_hal_pwr_ex.c ****   assert_param(IS_PWR_REGULATOR_UNDERDRIVE(Regulator));
 796              		.loc 1 541 3 view .LVU215
 542:Drivers/STM32F4xx_HAL_Driver/Src/stm32f4xx_hal_pwr_ex.c ****   assert_param(IS_PWR_STOP_ENTRY(STOPEntry));
 797              		.loc 1 542 3 view .LVU216
 543:Drivers/STM32F4xx_HAL_Driver/Src/stm32f4xx_hal_pwr_ex.c ****   
 544:Drivers/STM32F4xx_HAL_Driver/Src/stm32f4xx_hal_pwr_ex.c ****   /* Enable Power ctrl clock */
 545:Drivers/STM32F4xx_HAL_Driver/Src/stm32f4xx_hal_pwr_ex.c ****   __HAL_RCC_PWR_CLK_ENABLE();
 798              		.loc 1 545 3 view .LVU217
 799              	.LBB14:
 800              		.loc 1 545 3 view .LVU218
 801              	.LBE14:
 537:Drivers/STM32F4xx_HAL_Driver/Src/stm32f4xx_hal_pwr_ex.c ****   uint32_t tmpreg1 = 0U;
 802              		.loc 1 537 1 is_stmt 0 view .LVU219
 803 0000 10B4     		push	{r4}
 804              	.LCFI17:
 805              		.cfi_def_cfa_offset 4
 806              		.cfi_offset 4, -4
 807 0002 83B0     		sub	sp, sp, #12
 808              	.LCFI18:
 809              		.cfi_def_cfa_offset 16
 810              	.LBB15:
 811              		.loc 1 545 3 view .LVU220
 812 0004 174B     		ldr	r3, .L68
 813 0006 0022     		movs	r2, #0
 814 0008 0192     		str	r2, [sp, #4]
 815              		.loc 1 545 3 is_stmt 1 view .LVU221
 816 000a 1C6C     		ldr	r4, [r3, #64]
 817              	.LBE15:
 546:Drivers/STM32F4xx_HAL_Driver/Src/stm32f4xx_hal_pwr_ex.c ****   /* Enable the Under-drive Mode ---------------------------------------------*/
 547:Drivers/STM32F4xx_HAL_Driver/Src/stm32f4xx_hal_pwr_ex.c ****   /* Clear Under-drive flag */
 548:Drivers/STM32F4xx_HAL_Driver/Src/stm32f4xx_hal_pwr_ex.c ****   __HAL_PWR_CLEAR_ODRUDR_FLAG();
 818              		.loc 1 548 3 is_stmt 0 view .LVU222
 819 000c 164A     		ldr	r2, .L68+4
ARM GAS  C:\Users\joshr\AppData\Local\Temp\ccBBGkRl.s 			page 26


 820              	.LBB16:
 545:Drivers/STM32F4xx_HAL_Driver/Src/stm32f4xx_hal_pwr_ex.c ****   /* Enable the Under-drive Mode ---------------------------------------------*/
 821              		.loc 1 545 3 view .LVU223
 822 000e 44F08054 		orr	r4, r4, #268435456
 823 0012 1C64     		str	r4, [r3, #64]
 545:Drivers/STM32F4xx_HAL_Driver/Src/stm32f4xx_hal_pwr_ex.c ****   /* Enable the Under-drive Mode ---------------------------------------------*/
 824              		.loc 1 545 3 is_stmt 1 view .LVU224
 825 0014 1B6C     		ldr	r3, [r3, #64]
 826              	.LBE16:
 549:Drivers/STM32F4xx_HAL_Driver/Src/stm32f4xx_hal_pwr_ex.c ****   
 550:Drivers/STM32F4xx_HAL_Driver/Src/stm32f4xx_hal_pwr_ex.c ****   /* Enable the Under-drive */ 
 551:Drivers/STM32F4xx_HAL_Driver/Src/stm32f4xx_hal_pwr_ex.c ****   __HAL_PWR_UNDERDRIVE_ENABLE();
 552:Drivers/STM32F4xx_HAL_Driver/Src/stm32f4xx_hal_pwr_ex.c **** 
 553:Drivers/STM32F4xx_HAL_Driver/Src/stm32f4xx_hal_pwr_ex.c ****   /* Select the regulator state in STOP mode ---------------------------------*/
 554:Drivers/STM32F4xx_HAL_Driver/Src/stm32f4xx_hal_pwr_ex.c ****   tmpreg1 = PWR->CR;
 555:Drivers/STM32F4xx_HAL_Driver/Src/stm32f4xx_hal_pwr_ex.c ****   /* Clear PDDS, LPDS, MRLUDS and LPLUDS bits */
 556:Drivers/STM32F4xx_HAL_Driver/Src/stm32f4xx_hal_pwr_ex.c ****   tmpreg1 &= (uint32_t)~(PWR_CR_PDDS | PWR_CR_LPDS | PWR_CR_LPUDS | PWR_CR_MRUDS);
 557:Drivers/STM32F4xx_HAL_Driver/Src/stm32f4xx_hal_pwr_ex.c ****   
 558:Drivers/STM32F4xx_HAL_Driver/Src/stm32f4xx_hal_pwr_ex.c ****   /* Set LPDS, MRLUDS and LPLUDS bits according to PWR_Regulator value */
 559:Drivers/STM32F4xx_HAL_Driver/Src/stm32f4xx_hal_pwr_ex.c ****   tmpreg1 |= Regulator;
 560:Drivers/STM32F4xx_HAL_Driver/Src/stm32f4xx_hal_pwr_ex.c ****   
 561:Drivers/STM32F4xx_HAL_Driver/Src/stm32f4xx_hal_pwr_ex.c ****   /* Store the new value */
 562:Drivers/STM32F4xx_HAL_Driver/Src/stm32f4xx_hal_pwr_ex.c ****   PWR->CR = tmpreg1;
 563:Drivers/STM32F4xx_HAL_Driver/Src/stm32f4xx_hal_pwr_ex.c ****   
 564:Drivers/STM32F4xx_HAL_Driver/Src/stm32f4xx_hal_pwr_ex.c ****   /* Set SLEEPDEEP bit of Cortex System Control Register */
 565:Drivers/STM32F4xx_HAL_Driver/Src/stm32f4xx_hal_pwr_ex.c ****   SCB->SCR |= SCB_SCR_SLEEPDEEP_Msk;
 827              		.loc 1 565 6 is_stmt 0 view .LVU225
 828 0016 154C     		ldr	r4, .L68+8
 829              	.LBB17:
 545:Drivers/STM32F4xx_HAL_Driver/Src/stm32f4xx_hal_pwr_ex.c ****   /* Enable the Under-drive Mode ---------------------------------------------*/
 830              		.loc 1 545 3 view .LVU226
 831 0018 03F08053 		and	r3, r3, #268435456
 832 001c 0193     		str	r3, [sp, #4]
 545:Drivers/STM32F4xx_HAL_Driver/Src/stm32f4xx_hal_pwr_ex.c ****   /* Enable the Under-drive Mode ---------------------------------------------*/
 833              		.loc 1 545 3 is_stmt 1 view .LVU227
 834 001e 019B     		ldr	r3, [sp, #4]
 835              	.LBE17:
 545:Drivers/STM32F4xx_HAL_Driver/Src/stm32f4xx_hal_pwr_ex.c ****   /* Enable the Under-drive Mode ---------------------------------------------*/
 836              		.loc 1 545 3 view .LVU228
 548:Drivers/STM32F4xx_HAL_Driver/Src/stm32f4xx_hal_pwr_ex.c ****   
 837              		.loc 1 548 3 view .LVU229
 838 0020 5368     		ldr	r3, [r2, #4]
 839 0022 43F44023 		orr	r3, r3, #786432
 840 0026 5360     		str	r3, [r2, #4]
 551:Drivers/STM32F4xx_HAL_Driver/Src/stm32f4xx_hal_pwr_ex.c **** 
 841              		.loc 1 551 3 view .LVU230
 842 0028 1368     		ldr	r3, [r2]
 843 002a 43F44023 		orr	r3, r3, #786432
 844 002e 1360     		str	r3, [r2]
 554:Drivers/STM32F4xx_HAL_Driver/Src/stm32f4xx_hal_pwr_ex.c ****   /* Clear PDDS, LPDS, MRLUDS and LPLUDS bits */
 845              		.loc 1 554 3 view .LVU231
 554:Drivers/STM32F4xx_HAL_Driver/Src/stm32f4xx_hal_pwr_ex.c ****   /* Clear PDDS, LPDS, MRLUDS and LPLUDS bits */
 846              		.loc 1 554 11 is_stmt 0 view .LVU232
 847 0030 1368     		ldr	r3, [r2]
 848              	.LVL54:
 556:Drivers/STM32F4xx_HAL_Driver/Src/stm32f4xx_hal_pwr_ex.c ****   
 849              		.loc 1 556 3 is_stmt 1 view .LVU233
ARM GAS  C:\Users\joshr\AppData\Local\Temp\ccBBGkRl.s 			page 27


 556:Drivers/STM32F4xx_HAL_Driver/Src/stm32f4xx_hal_pwr_ex.c ****   
 850              		.loc 1 556 11 is_stmt 0 view .LVU234
 851 0032 23F44063 		bic	r3, r3, #3072
 852              	.LVL55:
 556:Drivers/STM32F4xx_HAL_Driver/Src/stm32f4xx_hal_pwr_ex.c ****   
 853              		.loc 1 556 11 view .LVU235
 854 0036 23F00303 		bic	r3, r3, #3
 855              	.LVL56:
 559:Drivers/STM32F4xx_HAL_Driver/Src/stm32f4xx_hal_pwr_ex.c ****   
 856              		.loc 1 559 3 is_stmt 1 view .LVU236
 559:Drivers/STM32F4xx_HAL_Driver/Src/stm32f4xx_hal_pwr_ex.c ****   
 857              		.loc 1 559 11 is_stmt 0 view .LVU237
 858 003a 0343     		orrs	r3, r3, r0
 859              	.LVL57:
 562:Drivers/STM32F4xx_HAL_Driver/Src/stm32f4xx_hal_pwr_ex.c ****   
 860              		.loc 1 562 3 is_stmt 1 view .LVU238
 562:Drivers/STM32F4xx_HAL_Driver/Src/stm32f4xx_hal_pwr_ex.c ****   
 861              		.loc 1 562 11 is_stmt 0 view .LVU239
 862 003c 1360     		str	r3, [r2]
 863              		.loc 1 565 3 is_stmt 1 view .LVU240
 864              		.loc 1 565 6 is_stmt 0 view .LVU241
 865 003e 2369     		ldr	r3, [r4, #16]
 866              	.LVL58:
 566:Drivers/STM32F4xx_HAL_Driver/Src/stm32f4xx_hal_pwr_ex.c ****   
 567:Drivers/STM32F4xx_HAL_Driver/Src/stm32f4xx_hal_pwr_ex.c ****   /* Select STOP mode entry --------------------------------------------------*/
 568:Drivers/STM32F4xx_HAL_Driver/Src/stm32f4xx_hal_pwr_ex.c ****   if(STOPEntry == PWR_SLEEPENTRY_WFI)
 867              		.loc 1 568 5 view .LVU242
 868 0040 0129     		cmp	r1, #1
 565:Drivers/STM32F4xx_HAL_Driver/Src/stm32f4xx_hal_pwr_ex.c ****   
 869              		.loc 1 565 12 view .LVU243
 870 0042 43F00403 		orr	r3, r3, #4
 871 0046 2361     		str	r3, [r4, #16]
 872              	.LVL59:
 873              		.loc 1 568 3 is_stmt 1 view .LVU244
 874              		.loc 1 568 5 is_stmt 0 view .LVU245
 875 0048 0AD0     		beq	.L67
 569:Drivers/STM32F4xx_HAL_Driver/Src/stm32f4xx_hal_pwr_ex.c ****   {   
 570:Drivers/STM32F4xx_HAL_Driver/Src/stm32f4xx_hal_pwr_ex.c ****     /* Request Wait For Interrupt */
 571:Drivers/STM32F4xx_HAL_Driver/Src/stm32f4xx_hal_pwr_ex.c ****     __WFI();
 572:Drivers/STM32F4xx_HAL_Driver/Src/stm32f4xx_hal_pwr_ex.c ****   }
 573:Drivers/STM32F4xx_HAL_Driver/Src/stm32f4xx_hal_pwr_ex.c ****   else
 574:Drivers/STM32F4xx_HAL_Driver/Src/stm32f4xx_hal_pwr_ex.c ****   {
 575:Drivers/STM32F4xx_HAL_Driver/Src/stm32f4xx_hal_pwr_ex.c ****     /* Request Wait For Event */
 576:Drivers/STM32F4xx_HAL_Driver/Src/stm32f4xx_hal_pwr_ex.c ****     __WFE();
 876              		.loc 1 576 5 is_stmt 1 view .LVU246
 877              		.syntax unified
 878              	@ 576 "Drivers/STM32F4xx_HAL_Driver/Src/stm32f4xx_hal_pwr_ex.c" 1
 879 004a 20BF     		wfe
 880              	@ 0 "" 2
 881              		.thumb
 882              		.syntax unified
 883              	.L65:
 577:Drivers/STM32F4xx_HAL_Driver/Src/stm32f4xx_hal_pwr_ex.c ****   }
 578:Drivers/STM32F4xx_HAL_Driver/Src/stm32f4xx_hal_pwr_ex.c ****   /* Reset SLEEPDEEP bit of Cortex System Control Register */
 579:Drivers/STM32F4xx_HAL_Driver/Src/stm32f4xx_hal_pwr_ex.c ****   SCB->SCR &= (uint32_t)~((uint32_t)SCB_SCR_SLEEPDEEP_Msk);
 884              		.loc 1 579 3 view .LVU247
 885              		.loc 1 579 6 is_stmt 0 view .LVU248
ARM GAS  C:\Users\joshr\AppData\Local\Temp\ccBBGkRl.s 			page 28


 886 004c 074A     		ldr	r2, .L68+8
 887 004e 1369     		ldr	r3, [r2, #16]
 580:Drivers/STM32F4xx_HAL_Driver/Src/stm32f4xx_hal_pwr_ex.c **** 
 581:Drivers/STM32F4xx_HAL_Driver/Src/stm32f4xx_hal_pwr_ex.c ****   return HAL_OK;  
 582:Drivers/STM32F4xx_HAL_Driver/Src/stm32f4xx_hal_pwr_ex.c **** }
 888              		.loc 1 582 1 view .LVU249
 889 0050 0020     		movs	r0, #0
 890              	.LVL60:
 579:Drivers/STM32F4xx_HAL_Driver/Src/stm32f4xx_hal_pwr_ex.c **** 
 891              		.loc 1 579 12 view .LVU250
 892 0052 23F00403 		bic	r3, r3, #4
 893 0056 1361     		str	r3, [r2, #16]
 581:Drivers/STM32F4xx_HAL_Driver/Src/stm32f4xx_hal_pwr_ex.c **** }
 894              		.loc 1 581 3 is_stmt 1 view .LVU251
 895              		.loc 1 582 1 is_stmt 0 view .LVU252
 896 0058 03B0     		add	sp, sp, #12
 897              	.LCFI19:
 898              		.cfi_remember_state
 899              		.cfi_def_cfa_offset 4
 900              		@ sp needed
 901 005a 5DF8044B 		ldr	r4, [sp], #4
 902              	.LCFI20:
 903              		.cfi_restore 4
 904              		.cfi_def_cfa_offset 0
 905 005e 7047     		bx	lr
 906              	.LVL61:
 907              	.L67:
 908              	.LCFI21:
 909              		.cfi_restore_state
 571:Drivers/STM32F4xx_HAL_Driver/Src/stm32f4xx_hal_pwr_ex.c ****   }
 910              		.loc 1 571 5 is_stmt 1 view .LVU253
 911              		.syntax unified
 912              	@ 571 "Drivers/STM32F4xx_HAL_Driver/Src/stm32f4xx_hal_pwr_ex.c" 1
 913 0060 30BF     		wfi
 914              	@ 0 "" 2
 915              		.thumb
 916              		.syntax unified
 917 0062 F3E7     		b	.L65
 918              	.L69:
 919              		.align	2
 920              	.L68:
 921 0064 00380240 		.word	1073887232
 922 0068 00700040 		.word	1073770496
 923 006c 00ED00E0 		.word	-536810240
 924              		.cfi_endproc
 925              	.LFE142:
 927              		.text
 928              	.Letext0:
 929              		.file 2 "C:\\ST\\STM32CubeIDE_1.19.0\\STM32CubeIDE\\plugins\\com.st.stm32cube.ide.mcu.externaltool
 930              		.file 3 "C:\\ST\\STM32CubeIDE_1.19.0\\STM32CubeIDE\\plugins\\com.st.stm32cube.ide.mcu.externaltool
 931              		.file 4 "Drivers/CMSIS/Include/core_cm4.h"
 932              		.file 5 "Drivers/CMSIS/Device/ST/STM32F4xx/Include/stm32f446xx.h"
 933              		.file 6 "Drivers/CMSIS/Device/ST/STM32F4xx/Include/stm32f4xx.h"
 934              		.file 7 "Drivers/STM32F4xx_HAL_Driver/Inc/stm32f4xx_hal_def.h"
 935              		.file 8 "Drivers/STM32F4xx_HAL_Driver/Inc/stm32f4xx_hal.h"
ARM GAS  C:\Users\joshr\AppData\Local\Temp\ccBBGkRl.s 			page 29


DEFINED SYMBOLS
                            *ABS*:00000000 stm32f4xx_hal_pwr_ex.c
C:\Users\joshr\AppData\Local\Temp\ccBBGkRl.s:21     .text.HAL_PWREx_EnableBkUpReg:00000000 $t
C:\Users\joshr\AppData\Local\Temp\ccBBGkRl.s:28     .text.HAL_PWREx_EnableBkUpReg:00000000 HAL_PWREx_EnableBkUpReg
C:\Users\joshr\AppData\Local\Temp\ccBBGkRl.s:94     .text.HAL_PWREx_EnableBkUpReg:00000030 $d
C:\Users\joshr\AppData\Local\Temp\ccBBGkRl.s:100    .text.HAL_PWREx_DisableBkUpReg:00000000 $t
C:\Users\joshr\AppData\Local\Temp\ccBBGkRl.s:107    .text.HAL_PWREx_DisableBkUpReg:00000000 HAL_PWREx_DisableBkUpReg
C:\Users\joshr\AppData\Local\Temp\ccBBGkRl.s:173    .text.HAL_PWREx_DisableBkUpReg:00000030 $d
C:\Users\joshr\AppData\Local\Temp\ccBBGkRl.s:179    .text.HAL_PWREx_EnableFlashPowerDown:00000000 $t
C:\Users\joshr\AppData\Local\Temp\ccBBGkRl.s:186    .text.HAL_PWREx_EnableFlashPowerDown:00000000 HAL_PWREx_EnableFlashPowerDown
C:\Users\joshr\AppData\Local\Temp\ccBBGkRl.s:203    .text.HAL_PWREx_EnableFlashPowerDown:00000008 $d
C:\Users\joshr\AppData\Local\Temp\ccBBGkRl.s:208    .text.HAL_PWREx_DisableFlashPowerDown:00000000 $t
C:\Users\joshr\AppData\Local\Temp\ccBBGkRl.s:215    .text.HAL_PWREx_DisableFlashPowerDown:00000000 HAL_PWREx_DisableFlashPowerDown
C:\Users\joshr\AppData\Local\Temp\ccBBGkRl.s:232    .text.HAL_PWREx_DisableFlashPowerDown:00000008 $d
C:\Users\joshr\AppData\Local\Temp\ccBBGkRl.s:237    .text.HAL_PWREx_GetVoltageRange:00000000 $t
C:\Users\joshr\AppData\Local\Temp\ccBBGkRl.s:244    .text.HAL_PWREx_GetVoltageRange:00000000 HAL_PWREx_GetVoltageRange
C:\Users\joshr\AppData\Local\Temp\ccBBGkRl.s:261    .text.HAL_PWREx_GetVoltageRange:0000000c $d
C:\Users\joshr\AppData\Local\Temp\ccBBGkRl.s:266    .text.HAL_PWREx_ControlVoltageScaling:00000000 $t
C:\Users\joshr\AppData\Local\Temp\ccBBGkRl.s:273    .text.HAL_PWREx_ControlVoltageScaling:00000000 HAL_PWREx_ControlVoltageScaling
C:\Users\joshr\AppData\Local\Temp\ccBBGkRl.s:475    .text.HAL_PWREx_ControlVoltageScaling:000000ac $d
C:\Users\joshr\AppData\Local\Temp\ccBBGkRl.s:482    .text.HAL_PWREx_EnableOverDrive:00000000 $t
C:\Users\joshr\AppData\Local\Temp\ccBBGkRl.s:489    .text.HAL_PWREx_EnableOverDrive:00000000 HAL_PWREx_EnableOverDrive
C:\Users\joshr\AppData\Local\Temp\ccBBGkRl.s:629    .text.HAL_PWREx_EnableOverDrive:0000006c $d
C:\Users\joshr\AppData\Local\Temp\ccBBGkRl.s:636    .text.HAL_PWREx_DisableOverDrive:00000000 $t
C:\Users\joshr\AppData\Local\Temp\ccBBGkRl.s:643    .text.HAL_PWREx_DisableOverDrive:00000000 HAL_PWREx_DisableOverDrive
C:\Users\joshr\AppData\Local\Temp\ccBBGkRl.s:773    .text.HAL_PWREx_DisableOverDrive:0000006c $d
C:\Users\joshr\AppData\Local\Temp\ccBBGkRl.s:780    .text.HAL_PWREx_EnterUnderDriveSTOPMode:00000000 $t
C:\Users\joshr\AppData\Local\Temp\ccBBGkRl.s:787    .text.HAL_PWREx_EnterUnderDriveSTOPMode:00000000 HAL_PWREx_EnterUnderDriveSTOPMode
C:\Users\joshr\AppData\Local\Temp\ccBBGkRl.s:921    .text.HAL_PWREx_EnterUnderDriveSTOPMode:00000064 $d

UNDEFINED SYMBOLS
HAL_GetTick
