ARM GAS  C:\Users\joshr\AppData\Local\Temp\cc8WiFl9.s 			page 1


   1              		.cpu cortex-m0
   2              		.arch armv6s-m
   3              		.fpu softvfp
   4              		.eabi_attribute 20, 1
   5              		.eabi_attribute 21, 1
   6              		.eabi_attribute 23, 3
   7              		.eabi_attribute 24, 1
   8              		.eabi_attribute 25, 1
   9              		.eabi_attribute 26, 1
  10              		.eabi_attribute 30, 2
  11              		.eabi_attribute 34, 0
  12              		.eabi_attribute 18, 4
  13              		.file	"main.c"
  14              		.text
  15              	.Ltext0:
  16              		.cfi_sections	.debug_frame
  17              		.file 1 "Core/Src/main.c"
  18              		.section	.text.SystemClock_Config,"ax",%progbits
  19              		.align	1
  20              		.p2align 2,,3
  21              		.global	SystemClock_Config
  22              		.syntax unified
  23              		.code	16
  24              		.thumb_func
  26              	SystemClock_Config:
  27              	.LFB41:
   1:Core/Src/main.c **** /* USER CODE BEGIN Header */
   2:Core/Src/main.c **** /**
   3:Core/Src/main.c ****   ******************************************************************************
   4:Core/Src/main.c ****   * @file           : main.c
   5:Core/Src/main.c ****   * @brief          : Main program body
   6:Core/Src/main.c ****   ******************************************************************************
   7:Core/Src/main.c ****   * @attention
   8:Core/Src/main.c ****   *
   9:Core/Src/main.c ****   * Copyright (c) 2025 STMicroelectronics.
  10:Core/Src/main.c ****   * All rights reserved.
  11:Core/Src/main.c ****   *
  12:Core/Src/main.c ****   * This software is licensed under terms that can be found in the LICENSE file
  13:Core/Src/main.c ****   * in the root directory of this software component.
  14:Core/Src/main.c ****   * If no LICENSE file comes with this software, it is provided AS-IS.
  15:Core/Src/main.c ****   *
  16:Core/Src/main.c ****   ******************************************************************************
  17:Core/Src/main.c ****   */
  18:Core/Src/main.c **** /* USER CODE END Header */
  19:Core/Src/main.c **** /* Includes ------------------------------------------------------------------*/
  20:Core/Src/main.c **** #include "main.h"
  21:Core/Src/main.c **** 
  22:Core/Src/main.c **** /* Private includes ----------------------------------------------------------*/
  23:Core/Src/main.c **** /* USER CODE BEGIN Includes */
  24:Core/Src/main.c **** #include <stdint.h>
  25:Core/Src/main.c **** #include "stm32f0xx.h"
  26:Core/Src/main.c **** //#include <lcd_stm32f0.c>
  27:Core/Src/main.c **** #include <stdlib.h>
  28:Core/Src/main.c **** 
  29:Core/Src/main.c **** /* USER CODE END Includes */
  30:Core/Src/main.c **** 
  31:Core/Src/main.c **** /* Private typedef -----------------------------------------------------------*/
ARM GAS  C:\Users\joshr\AppData\Local\Temp\cc8WiFl9.s 			page 2


  32:Core/Src/main.c **** /* USER CODE BEGIN PTD */
  33:Core/Src/main.c **** #define MAX_ITER 100
  34:Core/Src/main.c **** #define SCALE 1000000
  35:Core/Src/main.c **** 
  36:Core/Src/main.c **** /* USER CODE END PTD */
  37:Core/Src/main.c **** 
  38:Core/Src/main.c **** /* Private define ------------------------------------------------------------*/
  39:Core/Src/main.c **** /* USER CODE BEGIN PD */
  40:Core/Src/main.c **** 
  41:Core/Src/main.c **** /* USER CODE END PD */
  42:Core/Src/main.c **** 
  43:Core/Src/main.c **** /* Private macro -------------------------------------------------------------*/
  44:Core/Src/main.c **** /* USER CODE BEGIN PM */
  45:Core/Src/main.c **** 
  46:Core/Src/main.c **** /* USER CODE END PM */
  47:Core/Src/main.c **** 
  48:Core/Src/main.c **** /* Private variables ---------------------------------------------------------*/
  49:Core/Src/main.c **** 
  50:Core/Src/main.c **** /* USER CODE BEGIN PV */
  51:Core/Src/main.c **** //TODO: Define variables you think you might need
  52:Core/Src/main.c **** // - Performance timing variables (e.g execution time, throughput, pixels per second, clock cycles)
  53:Core/Src/main.c **** int dim[] = {128, 160, 192, 224, 256};
  54:Core/Src/main.c **** int width[] = {426, 640, 854, 1280, 1920};
  55:Core/Src/main.c **** int height[] = {240, 360, 480, 720, 1080};
  56:Core/Src/main.c **** uint32_t  start_time=0, end_time=0, execution_time=0;
  57:Core/Src/main.c **** uint64_t check_sum=0;
  58:Core/Src/main.c **** uint64_t checksums[5];
  59:Core/Src/main.c **** uint32_t exec_times[5];
  60:Core/Src/main.c **** 
  61:Core/Src/main.c **** uint32_t cycle_counts[5];
  62:Core/Src/main.c **** double time_secs[5];          // seconds for each image size
  63:Core/Src/main.c **** double throughput_pxps[5];    // pixels per second for each image size
  64:Core/Src/main.c **** 
  65:Core/Src/main.c **** /* USER CODE END PV */
  66:Core/Src/main.c **** 
  67:Core/Src/main.c **** /* Private function prototypes -----------------------------------------------*/
  68:Core/Src/main.c **** void SystemClock_Config(void);
  69:Core/Src/main.c **** static void MX_GPIO_Init(void);
  70:Core/Src/main.c **** /* USER CODE BEGIN PFP */
  71:Core/Src/main.c **** //TODO: Define any function prototypes you might need such as the calculate Mandelbrot function amo
  72:Core/Src/main.c **** uint64_t calculate_mandelbrot_fixed_point_arithmetic(int width, int height, int max_iterations);
  73:Core/Src/main.c **** uint64_t calculate_mandelbrot_double(int width, int height, int max_iterations);
  74:Core/Src/main.c **** 
  75:Core/Src/main.c **** 
  76:Core/Src/main.c **** /* USER CODE END PFP */
  77:Core/Src/main.c **** 
  78:Core/Src/main.c **** /* Private user code ---------------------------------------------------------*/
  79:Core/Src/main.c **** /* USER CODE BEGIN 0 */
  80:Core/Src/main.c **** 
  81:Core/Src/main.c **** /* USER CODE END 0 */
  82:Core/Src/main.c **** 
  83:Core/Src/main.c **** /**
  84:Core/Src/main.c ****   * @brief  The application entry point.
  85:Core/Src/main.c ****   * @retval int
  86:Core/Src/main.c ****   */
  87:Core/Src/main.c **** int main(void)
  88:Core/Src/main.c **** {
ARM GAS  C:\Users\joshr\AppData\Local\Temp\cc8WiFl9.s 			page 3


  89:Core/Src/main.c **** 
  90:Core/Src/main.c ****   /* USER CODE BEGIN 1 */
  91:Core/Src/main.c **** 
  92:Core/Src/main.c ****   /* USER CODE END 1 */
  93:Core/Src/main.c **** 
  94:Core/Src/main.c ****   /* MCU Configuration--------------------------------------------------------*/
  95:Core/Src/main.c **** 
  96:Core/Src/main.c ****   /* Reset of all peripherals, Initializes the Flash interface and the Systick. */
  97:Core/Src/main.c ****   HAL_Init();
  98:Core/Src/main.c **** 
  99:Core/Src/main.c ****   /* USER CODE BEGIN Init */
 100:Core/Src/main.c **** 
 101:Core/Src/main.c ****   /* USER CODE END Init */
 102:Core/Src/main.c **** 
 103:Core/Src/main.c ****   /* Configure the system clock */
 104:Core/Src/main.c ****   SystemClock_Config();
 105:Core/Src/main.c **** 
 106:Core/Src/main.c ****   /* USER CODE BEGIN SysInit */
 107:Core/Src/main.c **** 
 108:Core/Src/main.c ****   /* USER CODE END SysInit */
 109:Core/Src/main.c **** 
 110:Core/Src/main.c ****   /* Initialize all configured peripherals */
 111:Core/Src/main.c ****   MX_GPIO_Init();
 112:Core/Src/main.c ****   /* USER CODE BEGIN 2 */
 113:Core/Src/main.c **** 
 114:Core/Src/main.c ****   /* --- Enable TIM2 as free-running cycle counter --- */
 115:Core/Src/main.c ****   __HAL_RCC_TIM2_CLK_ENABLE();
 116:Core/Src/main.c ****   TIM2->PSC = 0;                  // Prescaler = 0  -> 48 MHz tick
 117:Core/Src/main.c ****   TIM2->CNT = 0;                  // Clear counter
 118:Core/Src/main.c ****   TIM2->CR1 |= TIM_CR1_CEN;       // Start timer
 119:Core/Src/main.c **** 
 120:Core/Src/main.c ****   /* USER CODE END 2 */
 121:Core/Src/main.c **** 
 122:Core/Src/main.c ****   /* Infinite loop */
 123:Core/Src/main.c ****   /* USER CODE BEGIN WHILE */
 124:Core/Src/main.c ****   while (1)
 125:Core/Src/main.c ****   {
 126:Core/Src/main.c **** 	  /* USER CODE END WHILE */
 127:Core/Src/main.c **** 
 128:Core/Src/main.c **** 	      /* USER CODE BEGIN 3 */
 129:Core/Src/main.c **** 	  	  //TODO: Visual indicator: Turn on LED0 to signal processing start
 130:Core/Src/main.c **** 	  	  HAL_GPIO_WritePin(GPIOB, GPIO_PIN_0, GPIO_PIN_SET);
 131:Core/Src/main.c **** 
 132:Core/Src/main.c **** 	  	  //TODO: Benchmark and Profile Performance
 133:Core/Src/main.c **** 	  	  const int num_sizes = sizeof(dim) / sizeof(dim[0]);
 134:Core/Src/main.c **** 
 135:Core/Src/main.c **** 	  	        // Arrays to hold results for viewing in debugger
 136:Core/Src/main.c **** 
 137:Core/Src/main.c **** 	  	  for (int i = 0; i < num_sizes; i++)
 138:Core/Src/main.c **** 	  	  {
 139:Core/Src/main.c **** 	  		  uint32_t start_cycles = TIM2->CNT;
 140:Core/Src/main.c **** 	  		  start_time = HAL_GetTick();
 141:Core/Src/main.c **** 
 142:Core/Src/main.c **** 	  		  check_sum = calculate_mandelbrot_double(width[i], height[i], MAX_ITER);
 143:Core/Src/main.c **** 
 144:Core/Src/main.c **** 	  		  end_time = HAL_GetTick();
 145:Core/Src/main.c **** 	  		  execution_time = end_time - start_time;
ARM GAS  C:\Users\joshr\AppData\Local\Temp\cc8WiFl9.s 			page 4


 146:Core/Src/main.c **** 
 147:Core/Src/main.c **** 	  		  uint32_t stop_cycles = TIM2->CNT;
 148:Core/Src/main.c **** 
 149:Core/Src/main.c **** 	  		uint32_t cycle_diff = 0;
 150:Core/Src/main.c **** 
 151:Core/Src/main.c **** 	  		if (stop_cycles < start_cycles) {
 152:Core/Src/main.c **** 	  		    // Handle timer overflow
 153:Core/Src/main.c **** 	  		    cycle_diff = (0xFFFFFFFF - start_cycles) + stop_cycles + 1;
 154:Core/Src/main.c **** 	  		} else {
 155:Core/Src/main.c **** 	  		    // Normal case
 156:Core/Src/main.c **** 	  		    cycle_diff = stop_cycles - start_cycles;
 157:Core/Src/main.c **** 	  		}
 158:Core/Src/main.c **** 
 159:Core/Src/main.c **** 
 160:Core/Src/main.c **** 	  		  double time_s = (double)cycle_diff / 48e6;
 161:Core/Src/main.c **** 	  		  double throughput = (double)(width[i] * height[i]) / time_s;
 162:Core/Src/main.c **** 
 163:Core/Src/main.c **** 	  		  checksums[i]     = check_sum;
 164:Core/Src/main.c **** 	  		  exec_times[i]    = execution_time;  // ms from HAL_GetTick()
 165:Core/Src/main.c **** 	  		  cycle_counts[i]  = cycle_diff;      // raw CPU cycles
 166:Core/Src/main.c **** 	  		  time_secs[i]     = time_s;          // seconds
 167:Core/Src/main.c **** 	  		  throughput_pxps[i] = throughput;    // pixels per second
 168:Core/Src/main.c **** 	  	  }
 169:Core/Src/main.c **** 
 170:Core/Src/main.c **** 	  	  //TODO: Keep the LEDs ON for 2s
 171:Core/Src/main.c **** 	  	  HAL_Delay(2000);
 172:Core/Src/main.c **** 	  	  //TODO: Turn OFF LEDs
 173:Core/Src/main.c **** 	  	  HAL_GPIO_WritePin(GPIOB, GPIO_PIN_0, GPIO_PIN_RESET);
 174:Core/Src/main.c ****   }
 175:Core/Src/main.c ****   /* USER CODE END 3 */
 176:Core/Src/main.c **** }
 177:Core/Src/main.c **** 
 178:Core/Src/main.c **** /**
 179:Core/Src/main.c ****   * @brief System Clock Configuration
 180:Core/Src/main.c ****   * @retval None
 181:Core/Src/main.c ****   */
 182:Core/Src/main.c **** void SystemClock_Config(void)
 183:Core/Src/main.c **** {
  28              		.loc 1 183 1 view -0
  29              		.cfi_startproc
  30              		@ args = 0, pretend = 0, frame = 64
  31              		@ frame_needed = 0, uses_anonymous_args = 0
 184:Core/Src/main.c ****   RCC_OscInitTypeDef RCC_OscInitStruct = {0};
  32              		.loc 1 184 3 view .LVU1
 183:Core/Src/main.c ****   RCC_OscInitTypeDef RCC_OscInitStruct = {0};
  33              		.loc 1 183 1 is_stmt 0 view .LVU2
  34 0000 00B5     		push	{lr}
  35              	.LCFI0:
  36              		.cfi_def_cfa_offset 4
  37              		.cfi_offset 14, -4
  38 0002 91B0     		sub	sp, sp, #68
  39              	.LCFI1:
  40              		.cfi_def_cfa_offset 72
  41              		.loc 1 184 22 view .LVU3
  42 0004 2C22     		movs	r2, #44
  43 0006 0021     		movs	r1, #0
  44 0008 05A8     		add	r0, sp, #20
ARM GAS  C:\Users\joshr\AppData\Local\Temp\cc8WiFl9.s 			page 5


  45 000a FFF7FEFF 		bl	memset
  46              	.LVL0:
 185:Core/Src/main.c ****   RCC_ClkInitTypeDef RCC_ClkInitStruct = {0};
  47              		.loc 1 185 3 is_stmt 1 view .LVU4
  48              		.loc 1 185 22 is_stmt 0 view .LVU5
  49 000e 1022     		movs	r2, #16
  50 0010 0021     		movs	r1, #0
  51 0012 6846     		mov	r0, sp
  52 0014 FFF7FEFF 		bl	memset
  53              	.LVL1:
 186:Core/Src/main.c **** 
 187:Core/Src/main.c ****   /** Initializes the RCC Oscillators according to the specified parameters
 188:Core/Src/main.c ****   * in the RCC_OscInitTypeDef structure.
 189:Core/Src/main.c ****   */
 190:Core/Src/main.c ****   RCC_OscInitStruct.OscillatorType = RCC_OSCILLATORTYPE_HSI;
  54              		.loc 1 190 3 is_stmt 1 view .LVU6
  55              		.loc 1 190 36 is_stmt 0 view .LVU7
  56 0018 0223     		movs	r3, #2
 191:Core/Src/main.c ****   RCC_OscInitStruct.HSIState = RCC_HSI_ON;
  57              		.loc 1 191 30 view .LVU8
  58 001a 0122     		movs	r2, #1
 190:Core/Src/main.c ****   RCC_OscInitStruct.HSIState = RCC_HSI_ON;
  59              		.loc 1 190 36 view .LVU9
  60 001c 0493     		str	r3, [sp, #16]
  61              		.loc 1 191 3 is_stmt 1 view .LVU10
 192:Core/Src/main.c ****   RCC_OscInitStruct.HSICalibrationValue = RCC_HSICALIBRATION_DEFAULT;
 193:Core/Src/main.c ****   RCC_OscInitStruct.PLL.PLLState = RCC_PLL_ON;
  62              		.loc 1 193 34 is_stmt 0 view .LVU11
  63 001e 0C93     		str	r3, [sp, #48]
 194:Core/Src/main.c ****   RCC_OscInitStruct.PLL.PLLSource = RCC_PLLSOURCE_HSI;
 195:Core/Src/main.c ****   RCC_OscInitStruct.PLL.PLLMUL = RCC_PLL_MUL12;
  64              		.loc 1 195 32 view .LVU12
  65 0020 A023     		movs	r3, #160
 191:Core/Src/main.c ****   RCC_OscInitStruct.HSICalibrationValue = RCC_HSICALIBRATION_DEFAULT;
  66              		.loc 1 191 30 view .LVU13
  67 0022 0792     		str	r2, [sp, #28]
 192:Core/Src/main.c ****   RCC_OscInitStruct.HSICalibrationValue = RCC_HSICALIBRATION_DEFAULT;
  68              		.loc 1 192 3 is_stmt 1 view .LVU14
  69              		.loc 1 195 32 is_stmt 0 view .LVU15
  70 0024 9B03     		lsls	r3, r3, #14
 192:Core/Src/main.c ****   RCC_OscInitStruct.HSICalibrationValue = RCC_HSICALIBRATION_DEFAULT;
  71              		.loc 1 192 41 view .LVU16
  72 0026 0F32     		adds	r2, r2, #15
 196:Core/Src/main.c ****   RCC_OscInitStruct.PLL.PREDIV = RCC_PREDIV_DIV1;
 197:Core/Src/main.c ****   if (HAL_RCC_OscConfig(&RCC_OscInitStruct) != HAL_OK)
  73              		.loc 1 197 7 view .LVU17
  74 0028 04A8     		add	r0, sp, #16
 192:Core/Src/main.c ****   RCC_OscInitStruct.PLL.PLLState = RCC_PLL_ON;
  75              		.loc 1 192 41 view .LVU18
  76 002a 0892     		str	r2, [sp, #32]
 193:Core/Src/main.c ****   RCC_OscInitStruct.PLL.PLLSource = RCC_PLLSOURCE_HSI;
  77              		.loc 1 193 3 is_stmt 1 view .LVU19
 194:Core/Src/main.c ****   RCC_OscInitStruct.PLL.PLLMUL = RCC_PLL_MUL12;
  78              		.loc 1 194 3 view .LVU20
 195:Core/Src/main.c ****   RCC_OscInitStruct.PLL.PREDIV = RCC_PREDIV_DIV1;
  79              		.loc 1 195 3 view .LVU21
 195:Core/Src/main.c ****   RCC_OscInitStruct.PLL.PREDIV = RCC_PREDIV_DIV1;
ARM GAS  C:\Users\joshr\AppData\Local\Temp\cc8WiFl9.s 			page 6


  80              		.loc 1 195 32 is_stmt 0 view .LVU22
  81 002c 0E93     		str	r3, [sp, #56]
 196:Core/Src/main.c ****   if (HAL_RCC_OscConfig(&RCC_OscInitStruct) != HAL_OK)
  82              		.loc 1 196 3 is_stmt 1 view .LVU23
  83              		.loc 1 197 3 view .LVU24
  84              		.loc 1 197 7 is_stmt 0 view .LVU25
  85 002e FFF7FEFF 		bl	HAL_RCC_OscConfig
  86              	.LVL2:
  87              		.loc 1 197 6 discriminator 1 view .LVU26
  88 0032 0028     		cmp	r0, #0
  89 0034 01D0     		beq	.L2
 198:Core/Src/main.c ****   {
 199:Core/Src/main.c ****     Error_Handler();
  90              		.loc 1 199 5 is_stmt 1 view .LVU27
  91              	.LBB12:
  92              	.LBI12:
 200:Core/Src/main.c ****   }
 201:Core/Src/main.c **** 
 202:Core/Src/main.c ****   /** Initializes the CPU, AHB and APB buses clocks
 203:Core/Src/main.c ****   */
 204:Core/Src/main.c ****   RCC_ClkInitStruct.ClockType = RCC_CLOCKTYPE_HCLK|RCC_CLOCKTYPE_SYSCLK
 205:Core/Src/main.c ****                               |RCC_CLOCKTYPE_PCLK1;
 206:Core/Src/main.c ****   RCC_ClkInitStruct.SYSCLKSource = RCC_SYSCLKSOURCE_PLLCLK;
 207:Core/Src/main.c ****   RCC_ClkInitStruct.AHBCLKDivider = RCC_SYSCLK_DIV1;
 208:Core/Src/main.c ****   RCC_ClkInitStruct.APB1CLKDivider = RCC_HCLK_DIV1;
 209:Core/Src/main.c **** 
 210:Core/Src/main.c ****   if (HAL_RCC_ClockConfig(&RCC_ClkInitStruct, FLASH_LATENCY_1) != HAL_OK)
 211:Core/Src/main.c ****   {
 212:Core/Src/main.c ****     Error_Handler();
 213:Core/Src/main.c ****   }
 214:Core/Src/main.c **** }
 215:Core/Src/main.c **** 
 216:Core/Src/main.c **** /**
 217:Core/Src/main.c ****   * @brief GPIO Initialization Function
 218:Core/Src/main.c ****   * @param None
 219:Core/Src/main.c ****   * @retval None
 220:Core/Src/main.c ****   */
 221:Core/Src/main.c **** static void MX_GPIO_Init(void)
 222:Core/Src/main.c **** {
 223:Core/Src/main.c ****   GPIO_InitTypeDef GPIO_InitStruct = {0};
 224:Core/Src/main.c ****   /* USER CODE BEGIN MX_GPIO_Init_1 */
 225:Core/Src/main.c **** 
 226:Core/Src/main.c ****   /* USER CODE END MX_GPIO_Init_1 */
 227:Core/Src/main.c **** 
 228:Core/Src/main.c ****   /* GPIO Ports Clock Enable */
 229:Core/Src/main.c ****   __HAL_RCC_GPIOF_CLK_ENABLE();
 230:Core/Src/main.c ****   __HAL_RCC_GPIOB_CLK_ENABLE();
 231:Core/Src/main.c ****   __HAL_RCC_GPIOA_CLK_ENABLE();
 232:Core/Src/main.c **** 
 233:Core/Src/main.c ****   /*Configure GPIO pin Output Level */
 234:Core/Src/main.c ****   HAL_GPIO_WritePin(GPIOB, GPIO_PIN_0|GPIO_PIN_1|GPIO_PIN_2|GPIO_PIN_3
 235:Core/Src/main.c ****                           |GPIO_PIN_4|GPIO_PIN_5|GPIO_PIN_6|GPIO_PIN_7, GPIO_PIN_RESET);
 236:Core/Src/main.c **** 
 237:Core/Src/main.c ****   /*Configure GPIO pins : PB0 PB1 PB2 PB3
 238:Core/Src/main.c ****                            PB4 PB5 PB6 PB7 */
 239:Core/Src/main.c ****   GPIO_InitStruct.Pin = GPIO_PIN_0|GPIO_PIN_1|GPIO_PIN_2|GPIO_PIN_3
 240:Core/Src/main.c ****                           |GPIO_PIN_4|GPIO_PIN_5|GPIO_PIN_6|GPIO_PIN_7;
ARM GAS  C:\Users\joshr\AppData\Local\Temp\cc8WiFl9.s 			page 7


 241:Core/Src/main.c ****   GPIO_InitStruct.Mode = GPIO_MODE_OUTPUT_PP;
 242:Core/Src/main.c ****   GPIO_InitStruct.Pull = GPIO_NOPULL;
 243:Core/Src/main.c ****   GPIO_InitStruct.Speed = GPIO_SPEED_FREQ_LOW;
 244:Core/Src/main.c ****   HAL_GPIO_Init(GPIOB, &GPIO_InitStruct);
 245:Core/Src/main.c **** 
 246:Core/Src/main.c ****   /* USER CODE BEGIN MX_GPIO_Init_2 */
 247:Core/Src/main.c **** 
 248:Core/Src/main.c ****   /* USER CODE END MX_GPIO_Init_2 */
 249:Core/Src/main.c **** }
 250:Core/Src/main.c **** 
 251:Core/Src/main.c **** /* USER CODE BEGIN 4 */
 252:Core/Src/main.c **** //TODO: Function signatures you defined previously , implement them here
 253:Core/Src/main.c **** 
 254:Core/Src/main.c **** uint64_t calculate_mandelbrot_fixed_point_arithmetic(int width, int height, int max_iterations){
 255:Core/Src/main.c ****   uint64_t mandelbrot_sum = 0;
 256:Core/Src/main.c ****     //TODO: Complete the function implementation
 257:Core/Src/main.c **** 
 258:Core/Src/main.c ****   for (int y = 0; y < height; y++){
 259:Core/Src/main.c **** 	  for (int x = 0; x < width; x++){
 260:Core/Src/main.c **** 		  // Convert to fixed-point coordinates
 261:Core/Src/main.c **** 		  // x0 = (x/width) * 3.5 - 2.5
 262:Core/Src/main.c **** 		  int64_t x0 = ((int64_t)x * 3500000 / width) - 2500000;
 263:Core/Src/main.c **** 		  // y0 = (y/height) * 2.0 - 1.0
 264:Core/Src/main.c **** 		  int64_t y0 = ((int64_t)y * 2000000 / height) - 1000000;
 265:Core/Src/main.c **** 		  int64_t xi = 0, yi =0;
 266:Core/Src/main.c **** 		  int iter = 0;
 267:Core/Src/main.c **** 
 268:Core/Src/main.c **** 		  while (iter< max_iterations){
 269:Core/Src/main.c **** 			  int64_t xi2 = (xi*xi)/SCALE;
 270:Core/Src/main.c **** 			  int64_t yi2 = (yi*yi)/SCALE;
 271:Core/Src/main.c **** 
 272:Core/Src/main.c **** 			  if (xi2 + yi2 > 4 * SCALE) {
 273:Core/Src/main.c ****                   break;
 274:Core/Src/main.c ****               }
 275:Core/Src/main.c **** 
 276:Core/Src/main.c **** 
 277:Core/Src/main.c **** 			  int64_t temp = xi2-yi2;
 278:Core/Src/main.c **** 			  yi = (2*xi*yi)/SCALE+y0;
 279:Core/Src/main.c **** 			  xi = temp + x0;
 280:Core/Src/main.c **** 			  iter++;
 281:Core/Src/main.c **** 		  }
 282:Core/Src/main.c **** 		  mandelbrot_sum = mandelbrot_sum + iter;
 283:Core/Src/main.c **** 
 284:Core/Src/main.c **** 	  }
 285:Core/Src/main.c ****   }
 286:Core/Src/main.c **** 
 287:Core/Src/main.c ****     return mandelbrot_sum;
 288:Core/Src/main.c **** 
 289:Core/Src/main.c **** }
 290:Core/Src/main.c **** 
 291:Core/Src/main.c **** uint64_t calculate_mandelbrot_double(int width, int height, int max_iterations)
 292:Core/Src/main.c **** {
 293:Core/Src/main.c ****     uint64_t mandelbrot_sum = 0;
 294:Core/Src/main.c ****     //TODO: Complete the function implementation
 295:Core/Src/main.c **** 
 296:Core/Src/main.c ****     for (int y = 0; y < height; y++)
 297:Core/Src/main.c ****     {
ARM GAS  C:\Users\joshr\AppData\Local\Temp\cc8WiFl9.s 			page 8


 298:Core/Src/main.c ****     	for (int x = 0; x < width ; x++)
 299:Core/Src/main.c ****     	{
 300:Core/Src/main.c ****     		double x_0 = ((double)x/width)*3.5 - 2.5;
 301:Core/Src/main.c ****     		double y_0 = (double)y/height * 2.0 - 1.0;
 302:Core/Src/main.c **** 
 303:Core/Src/main.c ****     		double x_i = 0;
 304:Core/Src/main.c ****     		double y_i = 0;
 305:Core/Src/main.c ****     		int iteration = 0;
 306:Core/Src/main.c **** 
 307:Core/Src/main.c **** 
 308:Core/Src/main.c ****     		while (iteration < max_iterations)
 309:Core/Src/main.c ****     		{
 310:Core/Src/main.c **** 
 311:Core/Src/main.c ****     			double x_i_sq = x_i*x_i;
 312:Core/Src/main.c ****     			double y_i_sq = y_i*y_i;
 313:Core/Src/main.c **** 
 314:Core/Src/main.c ****     			if(x_i_sq + y_i_sq > 4.0)
 315:Core/Src/main.c ****     			{
 316:Core/Src/main.c ****     				break;
 317:Core/Src/main.c ****     			}
 318:Core/Src/main.c ****     			double temp  = x_i_sq - y_i_sq;
 319:Core/Src/main.c ****     			y_i = 2.0*x_i*y_i + y_0;
 320:Core/Src/main.c **** 
 321:Core/Src/main.c ****     			x_i = temp + x_0;
 322:Core/Src/main.c **** 
 323:Core/Src/main.c ****     			iteration = iteration +1;
 324:Core/Src/main.c **** 
 325:Core/Src/main.c ****     		}
 326:Core/Src/main.c **** 
 327:Core/Src/main.c ****     		mandelbrot_sum = mandelbrot_sum + iteration;
 328:Core/Src/main.c **** 
 329:Core/Src/main.c ****     	}
 330:Core/Src/main.c ****     }
 331:Core/Src/main.c **** 
 332:Core/Src/main.c ****     return mandelbrot_sum;
 333:Core/Src/main.c **** }
 334:Core/Src/main.c **** 
 335:Core/Src/main.c **** /* USER CODE END 4 */
 336:Core/Src/main.c **** 
 337:Core/Src/main.c **** /**
 338:Core/Src/main.c ****   * @brief  This function is executed in case of error occurrence.
 339:Core/Src/main.c ****   * @retval None
 340:Core/Src/main.c ****   */
 341:Core/Src/main.c **** void Error_Handler(void)
  93              		.loc 1 341 6 view .LVU28
 342:Core/Src/main.c **** {
 343:Core/Src/main.c ****   /* USER CODE BEGIN Error_Handler_Debug */
 344:Core/Src/main.c ****   /* User can add his own implementation to report the HAL error return state */
 345:Core/Src/main.c ****   __disable_irq();
  94              		.loc 1 345 3 view .LVU29
  95              	.LBB13:
  96              	.LBI13:
  97              		.file 2 "Drivers/CMSIS/Include/cmsis_gcc.h"
   1:Drivers/CMSIS/Include/cmsis_gcc.h **** /**************************************************************************//**
   2:Drivers/CMSIS/Include/cmsis_gcc.h ****  * @file     cmsis_gcc.h
   3:Drivers/CMSIS/Include/cmsis_gcc.h ****  * @brief    CMSIS compiler GCC header file
   4:Drivers/CMSIS/Include/cmsis_gcc.h ****  * @version  V5.0.4
ARM GAS  C:\Users\joshr\AppData\Local\Temp\cc8WiFl9.s 			page 9


   5:Drivers/CMSIS/Include/cmsis_gcc.h ****  * @date     09. April 2018
   6:Drivers/CMSIS/Include/cmsis_gcc.h ****  ******************************************************************************/
   7:Drivers/CMSIS/Include/cmsis_gcc.h **** /*
   8:Drivers/CMSIS/Include/cmsis_gcc.h ****  * Copyright (c) 2009-2018 Arm Limited. All rights reserved.
   9:Drivers/CMSIS/Include/cmsis_gcc.h ****  *
  10:Drivers/CMSIS/Include/cmsis_gcc.h ****  * SPDX-License-Identifier: Apache-2.0
  11:Drivers/CMSIS/Include/cmsis_gcc.h ****  *
  12:Drivers/CMSIS/Include/cmsis_gcc.h ****  * Licensed under the Apache License, Version 2.0 (the License); you may
  13:Drivers/CMSIS/Include/cmsis_gcc.h ****  * not use this file except in compliance with the License.
  14:Drivers/CMSIS/Include/cmsis_gcc.h ****  * You may obtain a copy of the License at
  15:Drivers/CMSIS/Include/cmsis_gcc.h ****  *
  16:Drivers/CMSIS/Include/cmsis_gcc.h ****  * www.apache.org/licenses/LICENSE-2.0
  17:Drivers/CMSIS/Include/cmsis_gcc.h ****  *
  18:Drivers/CMSIS/Include/cmsis_gcc.h ****  * Unless required by applicable law or agreed to in writing, software
  19:Drivers/CMSIS/Include/cmsis_gcc.h ****  * distributed under the License is distributed on an AS IS BASIS, WITHOUT
  20:Drivers/CMSIS/Include/cmsis_gcc.h ****  * WARRANTIES OR CONDITIONS OF ANY KIND, either express or implied.
  21:Drivers/CMSIS/Include/cmsis_gcc.h ****  * See the License for the specific language governing permissions and
  22:Drivers/CMSIS/Include/cmsis_gcc.h ****  * limitations under the License.
  23:Drivers/CMSIS/Include/cmsis_gcc.h ****  */
  24:Drivers/CMSIS/Include/cmsis_gcc.h **** 
  25:Drivers/CMSIS/Include/cmsis_gcc.h **** #ifndef __CMSIS_GCC_H
  26:Drivers/CMSIS/Include/cmsis_gcc.h **** #define __CMSIS_GCC_H
  27:Drivers/CMSIS/Include/cmsis_gcc.h **** 
  28:Drivers/CMSIS/Include/cmsis_gcc.h **** /* ignore some GCC warnings */
  29:Drivers/CMSIS/Include/cmsis_gcc.h **** #pragma GCC diagnostic push
  30:Drivers/CMSIS/Include/cmsis_gcc.h **** #pragma GCC diagnostic ignored "-Wsign-conversion"
  31:Drivers/CMSIS/Include/cmsis_gcc.h **** #pragma GCC diagnostic ignored "-Wconversion"
  32:Drivers/CMSIS/Include/cmsis_gcc.h **** #pragma GCC diagnostic ignored "-Wunused-parameter"
  33:Drivers/CMSIS/Include/cmsis_gcc.h **** 
  34:Drivers/CMSIS/Include/cmsis_gcc.h **** /* Fallback for __has_builtin */
  35:Drivers/CMSIS/Include/cmsis_gcc.h **** #ifndef __has_builtin
  36:Drivers/CMSIS/Include/cmsis_gcc.h ****   #define __has_builtin(x) (0)
  37:Drivers/CMSIS/Include/cmsis_gcc.h **** #endif
  38:Drivers/CMSIS/Include/cmsis_gcc.h **** 
  39:Drivers/CMSIS/Include/cmsis_gcc.h **** /* CMSIS compiler specific defines */
  40:Drivers/CMSIS/Include/cmsis_gcc.h **** #ifndef   __ASM
  41:Drivers/CMSIS/Include/cmsis_gcc.h ****   #define __ASM                                  __asm
  42:Drivers/CMSIS/Include/cmsis_gcc.h **** #endif
  43:Drivers/CMSIS/Include/cmsis_gcc.h **** #ifndef   __INLINE
  44:Drivers/CMSIS/Include/cmsis_gcc.h ****   #define __INLINE                               inline
  45:Drivers/CMSIS/Include/cmsis_gcc.h **** #endif
  46:Drivers/CMSIS/Include/cmsis_gcc.h **** #ifndef   __STATIC_INLINE
  47:Drivers/CMSIS/Include/cmsis_gcc.h ****   #define __STATIC_INLINE                        static inline
  48:Drivers/CMSIS/Include/cmsis_gcc.h **** #endif
  49:Drivers/CMSIS/Include/cmsis_gcc.h **** #ifndef   __STATIC_FORCEINLINE                 
  50:Drivers/CMSIS/Include/cmsis_gcc.h ****   #define __STATIC_FORCEINLINE                   __attribute__((always_inline)) static inline
  51:Drivers/CMSIS/Include/cmsis_gcc.h **** #endif                                           
  52:Drivers/CMSIS/Include/cmsis_gcc.h **** #ifndef   __NO_RETURN
  53:Drivers/CMSIS/Include/cmsis_gcc.h ****   #define __NO_RETURN                            __attribute__((__noreturn__))
  54:Drivers/CMSIS/Include/cmsis_gcc.h **** #endif
  55:Drivers/CMSIS/Include/cmsis_gcc.h **** #ifndef   __USED
  56:Drivers/CMSIS/Include/cmsis_gcc.h ****   #define __USED                                 __attribute__((used))
  57:Drivers/CMSIS/Include/cmsis_gcc.h **** #endif
  58:Drivers/CMSIS/Include/cmsis_gcc.h **** #ifndef   __WEAK
  59:Drivers/CMSIS/Include/cmsis_gcc.h ****   #define __WEAK                                 __attribute__((weak))
  60:Drivers/CMSIS/Include/cmsis_gcc.h **** #endif
  61:Drivers/CMSIS/Include/cmsis_gcc.h **** #ifndef   __PACKED
ARM GAS  C:\Users\joshr\AppData\Local\Temp\cc8WiFl9.s 			page 10


  62:Drivers/CMSIS/Include/cmsis_gcc.h ****   #define __PACKED                               __attribute__((packed, aligned(1)))
  63:Drivers/CMSIS/Include/cmsis_gcc.h **** #endif
  64:Drivers/CMSIS/Include/cmsis_gcc.h **** #ifndef   __PACKED_STRUCT
  65:Drivers/CMSIS/Include/cmsis_gcc.h ****   #define __PACKED_STRUCT                        struct __attribute__((packed, aligned(1)))
  66:Drivers/CMSIS/Include/cmsis_gcc.h **** #endif
  67:Drivers/CMSIS/Include/cmsis_gcc.h **** #ifndef   __PACKED_UNION
  68:Drivers/CMSIS/Include/cmsis_gcc.h ****   #define __PACKED_UNION                         union __attribute__((packed, aligned(1)))
  69:Drivers/CMSIS/Include/cmsis_gcc.h **** #endif
  70:Drivers/CMSIS/Include/cmsis_gcc.h **** #ifndef   __UNALIGNED_UINT32        /* deprecated */
  71:Drivers/CMSIS/Include/cmsis_gcc.h ****   #pragma GCC diagnostic push
  72:Drivers/CMSIS/Include/cmsis_gcc.h ****   #pragma GCC diagnostic ignored "-Wpacked"
  73:Drivers/CMSIS/Include/cmsis_gcc.h ****   #pragma GCC diagnostic ignored "-Wattributes"
  74:Drivers/CMSIS/Include/cmsis_gcc.h ****   struct __attribute__((packed)) T_UINT32 { uint32_t v; };
  75:Drivers/CMSIS/Include/cmsis_gcc.h ****   #pragma GCC diagnostic pop
  76:Drivers/CMSIS/Include/cmsis_gcc.h ****   #define __UNALIGNED_UINT32(x)                  (((struct T_UINT32 *)(x))->v)
  77:Drivers/CMSIS/Include/cmsis_gcc.h **** #endif
  78:Drivers/CMSIS/Include/cmsis_gcc.h **** #ifndef   __UNALIGNED_UINT16_WRITE
  79:Drivers/CMSIS/Include/cmsis_gcc.h ****   #pragma GCC diagnostic push
  80:Drivers/CMSIS/Include/cmsis_gcc.h ****   #pragma GCC diagnostic ignored "-Wpacked"
  81:Drivers/CMSIS/Include/cmsis_gcc.h ****   #pragma GCC diagnostic ignored "-Wattributes"
  82:Drivers/CMSIS/Include/cmsis_gcc.h ****   __PACKED_STRUCT T_UINT16_WRITE { uint16_t v; };
  83:Drivers/CMSIS/Include/cmsis_gcc.h ****   #pragma GCC diagnostic pop
  84:Drivers/CMSIS/Include/cmsis_gcc.h ****   #define __UNALIGNED_UINT16_WRITE(addr, val)    (void)((((struct T_UINT16_WRITE *)(void *)(addr))-
  85:Drivers/CMSIS/Include/cmsis_gcc.h **** #endif
  86:Drivers/CMSIS/Include/cmsis_gcc.h **** #ifndef   __UNALIGNED_UINT16_READ
  87:Drivers/CMSIS/Include/cmsis_gcc.h ****   #pragma GCC diagnostic push
  88:Drivers/CMSIS/Include/cmsis_gcc.h ****   #pragma GCC diagnostic ignored "-Wpacked"
  89:Drivers/CMSIS/Include/cmsis_gcc.h ****   #pragma GCC diagnostic ignored "-Wattributes"
  90:Drivers/CMSIS/Include/cmsis_gcc.h ****   __PACKED_STRUCT T_UINT16_READ { uint16_t v; };
  91:Drivers/CMSIS/Include/cmsis_gcc.h ****   #pragma GCC diagnostic pop
  92:Drivers/CMSIS/Include/cmsis_gcc.h ****   #define __UNALIGNED_UINT16_READ(addr)          (((const struct T_UINT16_READ *)(const void *)(add
  93:Drivers/CMSIS/Include/cmsis_gcc.h **** #endif
  94:Drivers/CMSIS/Include/cmsis_gcc.h **** #ifndef   __UNALIGNED_UINT32_WRITE
  95:Drivers/CMSIS/Include/cmsis_gcc.h ****   #pragma GCC diagnostic push
  96:Drivers/CMSIS/Include/cmsis_gcc.h ****   #pragma GCC diagnostic ignored "-Wpacked"
  97:Drivers/CMSIS/Include/cmsis_gcc.h ****   #pragma GCC diagnostic ignored "-Wattributes"
  98:Drivers/CMSIS/Include/cmsis_gcc.h ****   __PACKED_STRUCT T_UINT32_WRITE { uint32_t v; };
  99:Drivers/CMSIS/Include/cmsis_gcc.h ****   #pragma GCC diagnostic pop
 100:Drivers/CMSIS/Include/cmsis_gcc.h ****   #define __UNALIGNED_UINT32_WRITE(addr, val)    (void)((((struct T_UINT32_WRITE *)(void *)(addr))-
 101:Drivers/CMSIS/Include/cmsis_gcc.h **** #endif
 102:Drivers/CMSIS/Include/cmsis_gcc.h **** #ifndef   __UNALIGNED_UINT32_READ
 103:Drivers/CMSIS/Include/cmsis_gcc.h ****   #pragma GCC diagnostic push
 104:Drivers/CMSIS/Include/cmsis_gcc.h ****   #pragma GCC diagnostic ignored "-Wpacked"
 105:Drivers/CMSIS/Include/cmsis_gcc.h ****   #pragma GCC diagnostic ignored "-Wattributes"
 106:Drivers/CMSIS/Include/cmsis_gcc.h ****   __PACKED_STRUCT T_UINT32_READ { uint32_t v; };
 107:Drivers/CMSIS/Include/cmsis_gcc.h ****   #pragma GCC diagnostic pop
 108:Drivers/CMSIS/Include/cmsis_gcc.h ****   #define __UNALIGNED_UINT32_READ(addr)          (((const struct T_UINT32_READ *)(const void *)(add
 109:Drivers/CMSIS/Include/cmsis_gcc.h **** #endif
 110:Drivers/CMSIS/Include/cmsis_gcc.h **** #ifndef   __ALIGNED
 111:Drivers/CMSIS/Include/cmsis_gcc.h ****   #define __ALIGNED(x)                           __attribute__((aligned(x)))
 112:Drivers/CMSIS/Include/cmsis_gcc.h **** #endif
 113:Drivers/CMSIS/Include/cmsis_gcc.h **** #ifndef   __RESTRICT
 114:Drivers/CMSIS/Include/cmsis_gcc.h ****   #define __RESTRICT                             __restrict
 115:Drivers/CMSIS/Include/cmsis_gcc.h **** #endif
 116:Drivers/CMSIS/Include/cmsis_gcc.h **** 
 117:Drivers/CMSIS/Include/cmsis_gcc.h **** 
 118:Drivers/CMSIS/Include/cmsis_gcc.h **** /* ###########################  Core Function Access  ########################### */
ARM GAS  C:\Users\joshr\AppData\Local\Temp\cc8WiFl9.s 			page 11


 119:Drivers/CMSIS/Include/cmsis_gcc.h **** /** \ingroup  CMSIS_Core_FunctionInterface
 120:Drivers/CMSIS/Include/cmsis_gcc.h ****     \defgroup CMSIS_Core_RegAccFunctions CMSIS Core Register Access Functions
 121:Drivers/CMSIS/Include/cmsis_gcc.h ****   @{
 122:Drivers/CMSIS/Include/cmsis_gcc.h ****  */
 123:Drivers/CMSIS/Include/cmsis_gcc.h **** 
 124:Drivers/CMSIS/Include/cmsis_gcc.h **** /**
 125:Drivers/CMSIS/Include/cmsis_gcc.h ****   \brief   Enable IRQ Interrupts
 126:Drivers/CMSIS/Include/cmsis_gcc.h ****   \details Enables IRQ interrupts by clearing the I-bit in the CPSR.
 127:Drivers/CMSIS/Include/cmsis_gcc.h ****            Can only be executed in Privileged modes.
 128:Drivers/CMSIS/Include/cmsis_gcc.h ****  */
 129:Drivers/CMSIS/Include/cmsis_gcc.h **** __STATIC_FORCEINLINE void __enable_irq(void)
 130:Drivers/CMSIS/Include/cmsis_gcc.h **** {
 131:Drivers/CMSIS/Include/cmsis_gcc.h ****   __ASM volatile ("cpsie i" : : : "memory");
 132:Drivers/CMSIS/Include/cmsis_gcc.h **** }
 133:Drivers/CMSIS/Include/cmsis_gcc.h **** 
 134:Drivers/CMSIS/Include/cmsis_gcc.h **** 
 135:Drivers/CMSIS/Include/cmsis_gcc.h **** /**
 136:Drivers/CMSIS/Include/cmsis_gcc.h ****   \brief   Disable IRQ Interrupts
 137:Drivers/CMSIS/Include/cmsis_gcc.h ****   \details Disables IRQ interrupts by setting the I-bit in the CPSR.
 138:Drivers/CMSIS/Include/cmsis_gcc.h ****            Can only be executed in Privileged modes.
 139:Drivers/CMSIS/Include/cmsis_gcc.h ****  */
 140:Drivers/CMSIS/Include/cmsis_gcc.h **** __STATIC_FORCEINLINE void __disable_irq(void)
  98              		.loc 2 140 27 view .LVU30
  99              	.LBB14:
 141:Drivers/CMSIS/Include/cmsis_gcc.h **** {
 142:Drivers/CMSIS/Include/cmsis_gcc.h ****   __ASM volatile ("cpsid i" : : : "memory");
 100              		.loc 2 142 3 view .LVU31
 101              		.syntax divided
 102              	@ 142 "Drivers/CMSIS/Include/cmsis_gcc.h" 1
 103 0036 72B6     		cpsid i
 104              	@ 0 "" 2
 105              		.thumb
 106              		.syntax unified
 107              	.L3:
 108              	.LBE14:
 109              	.LBE13:
 346:Core/Src/main.c ****   while (1)
 110              		.loc 1 346 3 view .LVU32
 347:Core/Src/main.c ****   {
 348:Core/Src/main.c ****   }
 111              		.loc 1 348 3 view .LVU33
 346:Core/Src/main.c ****   while (1)
 112              		.loc 1 346 9 view .LVU34
 346:Core/Src/main.c ****   while (1)
 113              		.loc 1 346 3 view .LVU35
 114              		.loc 1 348 3 view .LVU36
 346:Core/Src/main.c ****   while (1)
 115              		.loc 1 346 9 view .LVU37
 116 0038 FEE7     		b	.L3
 117              	.L2:
 118              	.LBE12:
 204:Core/Src/main.c ****                               |RCC_CLOCKTYPE_PCLK1;
 119              		.loc 1 204 3 view .LVU38
 206:Core/Src/main.c ****   RCC_ClkInitStruct.AHBCLKDivider = RCC_SYSCLK_DIV1;
 120              		.loc 1 206 3 view .LVU39
 207:Core/Src/main.c ****   RCC_ClkInitStruct.APB1CLKDivider = RCC_HCLK_DIV1;
 121              		.loc 1 207 3 view .LVU40
ARM GAS  C:\Users\joshr\AppData\Local\Temp\cc8WiFl9.s 			page 12


 208:Core/Src/main.c **** 
 122              		.loc 1 208 3 view .LVU41
 204:Core/Src/main.c ****                               |RCC_CLOCKTYPE_PCLK1;
 123              		.loc 1 204 31 is_stmt 0 view .LVU42
 124 003a 0722     		movs	r2, #7
 125 003c 0223     		movs	r3, #2
 126 003e 0092     		str	r2, [sp]
 127 0040 0193     		str	r3, [sp, #4]
 128 0042 0022     		movs	r2, #0
 129 0044 0023     		movs	r3, #0
 210:Core/Src/main.c ****   {
 130              		.loc 1 210 7 view .LVU43
 131 0046 0121     		movs	r1, #1
 132 0048 6846     		mov	r0, sp
 204:Core/Src/main.c ****                               |RCC_CLOCKTYPE_PCLK1;
 133              		.loc 1 204 31 view .LVU44
 134 004a 0292     		str	r2, [sp, #8]
 135 004c 0393     		str	r3, [sp, #12]
 210:Core/Src/main.c ****   {
 136              		.loc 1 210 3 is_stmt 1 view .LVU45
 210:Core/Src/main.c ****   {
 137              		.loc 1 210 7 is_stmt 0 view .LVU46
 138 004e FFF7FEFF 		bl	HAL_RCC_ClockConfig
 139              	.LVL3:
 210:Core/Src/main.c ****   {
 140              		.loc 1 210 6 discriminator 1 view .LVU47
 141 0052 0028     		cmp	r0, #0
 142 0054 01D0     		beq	.L1
 212:Core/Src/main.c ****   }
 143              		.loc 1 212 5 is_stmt 1 view .LVU48
 144              	.LBB15:
 145              	.LBI15:
 341:Core/Src/main.c **** {
 146              		.loc 1 341 6 view .LVU49
 345:Core/Src/main.c ****   while (1)
 147              		.loc 1 345 3 view .LVU50
 148              	.LBB16:
 149              	.LBI16:
 140:Drivers/CMSIS/Include/cmsis_gcc.h **** {
 150              		.loc 2 140 27 view .LVU51
 151              	.LBB17:
 152              		.loc 2 142 3 view .LVU52
 153              		.syntax divided
 154              	@ 142 "Drivers/CMSIS/Include/cmsis_gcc.h" 1
 155 0056 72B6     		cpsid i
 156              	@ 0 "" 2
 157              		.thumb
 158              		.syntax unified
 159              	.L5:
 160              	.LBE17:
 161              	.LBE16:
 346:Core/Src/main.c ****   {
 162              		.loc 1 346 3 view .LVU53
 163              		.loc 1 348 3 view .LVU54
 346:Core/Src/main.c ****   {
 164              		.loc 1 346 9 view .LVU55
 346:Core/Src/main.c ****   {
ARM GAS  C:\Users\joshr\AppData\Local\Temp\cc8WiFl9.s 			page 13


 165              		.loc 1 346 3 view .LVU56
 166              		.loc 1 348 3 view .LVU57
 346:Core/Src/main.c ****   {
 167              		.loc 1 346 9 view .LVU58
 168 0058 FEE7     		b	.L5
 169              	.L1:
 170              	.LBE15:
 214:Core/Src/main.c **** 
 171              		.loc 1 214 1 is_stmt 0 view .LVU59
 172 005a 11B0     		add	sp, sp, #68
 173              		@ sp needed
 174 005c 00BD     		pop	{pc}
 175              		.cfi_endproc
 176              	.LFE41:
 178              		.global	__aeabi_i2d
 179              		.global	__aeabi_ddiv
 180              		.global	__aeabi_dadd
 181              		.global	__aeabi_dsub
 182              		.global	__aeabi_dmul
 183              		.global	__aeabi_dcmpgt
 184              		.global	__aeabi_ui2d
 185 005e C046     		.section	.text.startup.main,"ax",%progbits
 186              		.align	1
 187              		.p2align 2,,3
 188              		.global	main
 189              		.syntax unified
 190              		.code	16
 191              		.thumb_func
 193              	main:
 194              	.LFB40:
  88:Core/Src/main.c **** 
 195              		.loc 1 88 1 is_stmt 1 view -0
 196              		.cfi_startproc
 197              		@ args = 0, pretend = 0, frame = 176
 198              		@ frame_needed = 0, uses_anonymous_args = 0
  97:Core/Src/main.c **** 
 199              		.loc 1 97 3 view .LVU61
  88:Core/Src/main.c **** 
 200              		.loc 1 88 1 is_stmt 0 view .LVU62
 201 0000 F0B5     		push	{r4, r5, r6, r7, lr}
 202              	.LCFI2:
 203              		.cfi_def_cfa_offset 20
 204              		.cfi_offset 4, -20
 205              		.cfi_offset 5, -16
 206              		.cfi_offset 6, -12
 207              		.cfi_offset 7, -8
 208              		.cfi_offset 14, -4
 209 0002 DE46     		mov	lr, fp
 210 0004 4E46     		mov	r6, r9
 211 0006 4546     		mov	r5, r8
 212 0008 5746     		mov	r7, r10
 213 000a E0B5     		push	{r5, r6, r7, lr}
 214              	.LCFI3:
 215              		.cfi_def_cfa_offset 36
 216              		.cfi_offset 8, -36
 217              		.cfi_offset 9, -32
 218              		.cfi_offset 10, -28
ARM GAS  C:\Users\joshr\AppData\Local\Temp\cc8WiFl9.s 			page 14


 219              		.cfi_offset 11, -24
 220 000c ADB0     		sub	sp, sp, #180
 221              	.LCFI4:
 222              		.cfi_def_cfa_offset 216
  97:Core/Src/main.c **** 
 223              		.loc 1 97 3 view .LVU63
 224 000e FFF7FEFF 		bl	HAL_Init
 225              	.LVL4:
 104:Core/Src/main.c **** 
 226              		.loc 1 104 3 is_stmt 1 view .LVU64
 227 0012 FFF7FEFF 		bl	SystemClock_Config
 228              	.LVL5:
 111:Core/Src/main.c ****   /* USER CODE BEGIN 2 */
 229              		.loc 1 111 3 view .LVU65
 230              	.LBB37:
 231              	.LBI37:
 221:Core/Src/main.c **** {
 232              		.loc 1 221 13 view .LVU66
 233              	.LBB38:
 223:Core/Src/main.c ****   /* USER CODE BEGIN MX_GPIO_Init_1 */
 234              		.loc 1 223 3 view .LVU67
 223:Core/Src/main.c ****   /* USER CODE BEGIN MX_GPIO_Init_1 */
 235              		.loc 1 223 20 is_stmt 0 view .LVU68
 236 0016 1422     		movs	r2, #20
 237 0018 0021     		movs	r1, #0
 238 001a 26A8     		add	r0, sp, #152
 239 001c FFF7FEFF 		bl	memset
 240              	.LVL6:
 229:Core/Src/main.c ****   __HAL_RCC_GPIOB_CLK_ENABLE();
 241              		.loc 1 229 3 is_stmt 1 view .LVU69
 242              	.LBB39:
 229:Core/Src/main.c ****   __HAL_RCC_GPIOB_CLK_ENABLE();
 243              		.loc 1 229 3 view .LVU70
 229:Core/Src/main.c ****   __HAL_RCC_GPIOB_CLK_ENABLE();
 244              		.loc 1 229 3 view .LVU71
 245 0020 8022     		movs	r2, #128
 246 0022 B44C     		ldr	r4, .L26
 247 0024 D203     		lsls	r2, r2, #15
 248 0026 6369     		ldr	r3, [r4, #20]
 249              	.LBE39:
 234:Core/Src/main.c ****                           |GPIO_PIN_4|GPIO_PIN_5|GPIO_PIN_6|GPIO_PIN_7, GPIO_PIN_RESET);
 250              		.loc 1 234 3 is_stmt 0 view .LVU72
 251 0028 FF21     		movs	r1, #255
 252              	.LBB40:
 229:Core/Src/main.c ****   __HAL_RCC_GPIOB_CLK_ENABLE();
 253              		.loc 1 229 3 view .LVU73
 254 002a 1343     		orrs	r3, r2
 255 002c 6361     		str	r3, [r4, #20]
 229:Core/Src/main.c ****   __HAL_RCC_GPIOB_CLK_ENABLE();
 256              		.loc 1 229 3 is_stmt 1 view .LVU74
 257 002e 6369     		ldr	r3, [r4, #20]
 258              	.LBE40:
 234:Core/Src/main.c ****                           |GPIO_PIN_4|GPIO_PIN_5|GPIO_PIN_6|GPIO_PIN_7, GPIO_PIN_RESET);
 259              		.loc 1 234 3 is_stmt 0 view .LVU75
 260 0030 B148     		ldr	r0, .L26+4
 261              	.LBB41:
 229:Core/Src/main.c ****   __HAL_RCC_GPIOB_CLK_ENABLE();
ARM GAS  C:\Users\joshr\AppData\Local\Temp\cc8WiFl9.s 			page 15


 262              		.loc 1 229 3 view .LVU76
 263 0032 1340     		ands	r3, r2
 264              	.LBE41:
 265              	.LBB42:
 230:Core/Src/main.c ****   __HAL_RCC_GPIOA_CLK_ENABLE();
 266              		.loc 1 230 3 view .LVU77
 267 0034 8022     		movs	r2, #128
 268              	.LBE42:
 269              	.LBB43:
 229:Core/Src/main.c ****   __HAL_RCC_GPIOB_CLK_ENABLE();
 270              		.loc 1 229 3 view .LVU78
 271 0036 2393     		str	r3, [sp, #140]
 229:Core/Src/main.c ****   __HAL_RCC_GPIOB_CLK_ENABLE();
 272              		.loc 1 229 3 is_stmt 1 view .LVU79
 273 0038 239B     		ldr	r3, [sp, #140]
 274              	.LBE43:
 229:Core/Src/main.c ****   __HAL_RCC_GPIOB_CLK_ENABLE();
 275              		.loc 1 229 3 view .LVU80
 230:Core/Src/main.c ****   __HAL_RCC_GPIOA_CLK_ENABLE();
 276              		.loc 1 230 3 view .LVU81
 277              	.LBB44:
 230:Core/Src/main.c ****   __HAL_RCC_GPIOA_CLK_ENABLE();
 278              		.loc 1 230 3 view .LVU82
 230:Core/Src/main.c ****   __HAL_RCC_GPIOA_CLK_ENABLE();
 279              		.loc 1 230 3 view .LVU83
 280 003a 6369     		ldr	r3, [r4, #20]
 281 003c D202     		lsls	r2, r2, #11
 282 003e 1343     		orrs	r3, r2
 283 0040 6361     		str	r3, [r4, #20]
 230:Core/Src/main.c ****   __HAL_RCC_GPIOA_CLK_ENABLE();
 284              		.loc 1 230 3 view .LVU84
 285 0042 6369     		ldr	r3, [r4, #20]
 286 0044 1340     		ands	r3, r2
 287              	.LBE44:
 288              	.LBB45:
 231:Core/Src/main.c **** 
 289              		.loc 1 231 3 is_stmt 0 view .LVU85
 290 0046 8022     		movs	r2, #128
 291              	.LBE45:
 292              	.LBB46:
 230:Core/Src/main.c ****   __HAL_RCC_GPIOA_CLK_ENABLE();
 293              		.loc 1 230 3 view .LVU86
 294 0048 2493     		str	r3, [sp, #144]
 230:Core/Src/main.c ****   __HAL_RCC_GPIOA_CLK_ENABLE();
 295              		.loc 1 230 3 is_stmt 1 view .LVU87
 296 004a 249B     		ldr	r3, [sp, #144]
 297              	.LBE46:
 230:Core/Src/main.c ****   __HAL_RCC_GPIOA_CLK_ENABLE();
 298              		.loc 1 230 3 view .LVU88
 231:Core/Src/main.c **** 
 299              		.loc 1 231 3 view .LVU89
 300              	.LBB47:
 231:Core/Src/main.c **** 
 301              		.loc 1 231 3 view .LVU90
 231:Core/Src/main.c **** 
 302              		.loc 1 231 3 view .LVU91
 303 004c 6369     		ldr	r3, [r4, #20]
ARM GAS  C:\Users\joshr\AppData\Local\Temp\cc8WiFl9.s 			page 16


 304 004e 9202     		lsls	r2, r2, #10
 305 0050 1343     		orrs	r3, r2
 306 0052 6361     		str	r3, [r4, #20]
 231:Core/Src/main.c **** 
 307              		.loc 1 231 3 view .LVU92
 308 0054 6369     		ldr	r3, [r4, #20]
 309 0056 1340     		ands	r3, r2
 310 0058 2593     		str	r3, [sp, #148]
 231:Core/Src/main.c **** 
 311              		.loc 1 231 3 view .LVU93
 312              	.LBE47:
 234:Core/Src/main.c ****                           |GPIO_PIN_4|GPIO_PIN_5|GPIO_PIN_6|GPIO_PIN_7, GPIO_PIN_RESET);
 313              		.loc 1 234 3 is_stmt 0 view .LVU94
 314 005a 0022     		movs	r2, #0
 315              	.LBB48:
 231:Core/Src/main.c **** 
 316              		.loc 1 231 3 view .LVU95
 317 005c 259B     		ldr	r3, [sp, #148]
 318              	.LBE48:
 231:Core/Src/main.c **** 
 319              		.loc 1 231 3 is_stmt 1 view .LVU96
 234:Core/Src/main.c ****                           |GPIO_PIN_4|GPIO_PIN_5|GPIO_PIN_6|GPIO_PIN_7, GPIO_PIN_RESET);
 320              		.loc 1 234 3 view .LVU97
 321 005e FFF7FEFF 		bl	HAL_GPIO_WritePin
 322              	.LVL7:
 239:Core/Src/main.c ****                           |GPIO_PIN_4|GPIO_PIN_5|GPIO_PIN_6|GPIO_PIN_7;
 323              		.loc 1 239 3 view .LVU98
 241:Core/Src/main.c ****   GPIO_InitStruct.Pull = GPIO_NOPULL;
 324              		.loc 1 241 3 view .LVU99
 242:Core/Src/main.c ****   GPIO_InitStruct.Speed = GPIO_SPEED_FREQ_LOW;
 325              		.loc 1 242 3 view .LVU100
 243:Core/Src/main.c ****   HAL_GPIO_Init(GPIOB, &GPIO_InitStruct);
 326              		.loc 1 243 3 view .LVU101
 239:Core/Src/main.c ****                           |GPIO_PIN_4|GPIO_PIN_5|GPIO_PIN_6|GPIO_PIN_7;
 327              		.loc 1 239 23 is_stmt 0 view .LVU102
 328 0062 FF22     		movs	r2, #255
 329 0064 0123     		movs	r3, #1
 330 0066 2692     		str	r2, [sp, #152]
 331 0068 2793     		str	r3, [sp, #156]
 332 006a 0022     		movs	r2, #0
 333 006c 0023     		movs	r3, #0
 244:Core/Src/main.c **** 
 334              		.loc 1 244 3 view .LVU103
 335 006e 26A9     		add	r1, sp, #152
 336 0070 A148     		ldr	r0, .L26+4
 239:Core/Src/main.c ****                           |GPIO_PIN_4|GPIO_PIN_5|GPIO_PIN_6|GPIO_PIN_7;
 337              		.loc 1 239 23 view .LVU104
 338 0072 2892     		str	r2, [sp, #160]
 339 0074 2993     		str	r3, [sp, #164]
 244:Core/Src/main.c **** 
 340              		.loc 1 244 3 is_stmt 1 view .LVU105
 341 0076 FFF7FEFF 		bl	HAL_GPIO_Init
 342              	.LVL8:
 343              	.LBE38:
 344              	.LBE37:
 115:Core/Src/main.c ****   TIM2->PSC = 0;                  // Prescaler = 0  -> 48 MHz tick
 345              		.loc 1 115 3 view .LVU106
ARM GAS  C:\Users\joshr\AppData\Local\Temp\cc8WiFl9.s 			page 17


 346              	.LBB49:
 115:Core/Src/main.c ****   TIM2->PSC = 0;                  // Prescaler = 0  -> 48 MHz tick
 347              		.loc 1 115 3 view .LVU107
 115:Core/Src/main.c ****   TIM2->PSC = 0;                  // Prescaler = 0  -> 48 MHz tick
 348              		.loc 1 115 3 view .LVU108
 349 007a 0121     		movs	r1, #1
 350 007c E369     		ldr	r3, [r4, #28]
 351              	.LBE49:
 116:Core/Src/main.c ****   TIM2->CNT = 0;                  // Clear counter
 352              		.loc 1 116 13 is_stmt 0 view .LVU109
 353 007e 0022     		movs	r2, #0
 354              	.LBB50:
 115:Core/Src/main.c ****   TIM2->PSC = 0;                  // Prescaler = 0  -> 48 MHz tick
 355              		.loc 1 115 3 view .LVU110
 356 0080 0B43     		orrs	r3, r1
 357 0082 E361     		str	r3, [r4, #28]
 115:Core/Src/main.c ****   TIM2->PSC = 0;                  // Prescaler = 0  -> 48 MHz tick
 358              		.loc 1 115 3 is_stmt 1 view .LVU111
 359 0084 E369     		ldr	r3, [r4, #28]
 360 0086 9D4E     		ldr	r6, .L26+8
 361 0088 0B40     		ands	r3, r1
 362 008a 2693     		str	r3, [sp, #152]
 115:Core/Src/main.c ****   TIM2->PSC = 0;                  // Prescaler = 0  -> 48 MHz tick
 363              		.loc 1 115 3 view .LVU112
 364 008c 269B     		ldr	r3, [sp, #152]
 365              	.LBE50:
 115:Core/Src/main.c ****   TIM2->PSC = 0;                  // Prescaler = 0  -> 48 MHz tick
 366              		.loc 1 115 3 view .LVU113
 116:Core/Src/main.c ****   TIM2->CNT = 0;                  // Clear counter
 367              		.loc 1 116 3 view .LVU114
 116:Core/Src/main.c ****   TIM2->CNT = 0;                  // Clear counter
 368              		.loc 1 116 13 is_stmt 0 view .LVU115
 369 008e 8023     		movs	r3, #128
 370 0090 DB05     		lsls	r3, r3, #23
 371 0092 9A62     		str	r2, [r3, #40]
 117:Core/Src/main.c ****   TIM2->CR1 |= TIM_CR1_CEN;       // Start timer
 372              		.loc 1 117 3 is_stmt 1 view .LVU116
 117:Core/Src/main.c ****   TIM2->CR1 |= TIM_CR1_CEN;       // Start timer
 373              		.loc 1 117 13 is_stmt 0 view .LVU117
 374 0094 5A62     		str	r2, [r3, #36]
 118:Core/Src/main.c **** 
 375              		.loc 1 118 3 is_stmt 1 view .LVU118
 118:Core/Src/main.c **** 
 376              		.loc 1 118 7 is_stmt 0 view .LVU119
 377 0096 1A68     		ldr	r2, [r3]
 378 0098 994F     		ldr	r7, .L26+12
 118:Core/Src/main.c **** 
 379              		.loc 1 118 13 view .LVU120
 380 009a 0A43     		orrs	r2, r1
 381 009c 1A60     		str	r2, [r3]
 382 009e 994B     		ldr	r3, .L26+16
 383 00a0 9946     		mov	r9, r3
 384 00a2 994B     		ldr	r3, .L26+20
 385 00a4 4D46     		mov	r5, r9
 386 00a6 1893     		str	r3, [sp, #96]
 387 00a8 984B     		ldr	r3, .L26+24
 388 00aa 1993     		str	r3, [sp, #100]
ARM GAS  C:\Users\joshr\AppData\Local\Temp\cc8WiFl9.s 			page 18


 389 00ac 984B     		ldr	r3, .L26+28
 390 00ae 1A93     		str	r3, [sp, #104]
 391 00b0 984B     		ldr	r3, .L26+32
 392 00b2 1B93     		str	r3, [sp, #108]
 393 00b4 984B     		ldr	r3, .L26+36
 394 00b6 1693     		str	r3, [sp, #88]
 395 00b8 984B     		ldr	r3, .L26+40
 396 00ba 9B46     		mov	fp, r3
 397 00bc D846     		mov	r8, fp
 398 00be 984B     		ldr	r3, .L26+44
 399 00c0 1C93     		str	r3, [sp, #112]
 400 00c2 984B     		ldr	r3, .L26+48
 401 00c4 1D93     		str	r3, [sp, #116]
 402              	.L16:
 124:Core/Src/main.c ****   {
 403              		.loc 1 124 3 is_stmt 1 view .LVU121
 404              	.LBB51:
 130:Core/Src/main.c **** 
 405              		.loc 1 130 7 view .LVU122
 406 00c6 0122     		movs	r2, #1
 407 00c8 0121     		movs	r1, #1
 408 00ca 8B48     		ldr	r0, .L26+4
 409 00cc FFF7FEFF 		bl	HAL_GPIO_WritePin
 410              	.LVL9:
 133:Core/Src/main.c **** 
 411              		.loc 1 133 7 view .LVU123
 137:Core/Src/main.c **** 	  	  {
 412              		.loc 1 137 7 view .LVU124
 413              	.LBB52:
 137:Core/Src/main.c **** 	  	  {
 414              		.loc 1 137 12 view .LVU125
 137:Core/Src/main.c **** 	  	  {
 415              		.loc 1 137 25 discriminator 1 view .LVU126
 416 00d0 3400     		movs	r4, r6
 417 00d2 1395     		str	r5, [sp, #76]
 418 00d4 2095     		str	r5, [sp, #128]
 419 00d6 4546     		mov	r5, r8
 420 00d8 189B     		ldr	r3, [sp, #96]
 421 00da 1097     		str	r7, [sp, #64]
 422 00dc 1293     		str	r3, [sp, #72]
 423 00de 199B     		ldr	r3, [sp, #100]
 424 00e0 1E96     		str	r6, [sp, #120]
 425 00e2 1193     		str	r3, [sp, #68]
 426 00e4 1A9B     		ldr	r3, [sp, #104]
 427 00e6 1F97     		str	r7, [sp, #124]
 428 00e8 1493     		str	r3, [sp, #80]
 429 00ea 1B9B     		ldr	r3, [sp, #108]
 430 00ec 1593     		str	r3, [sp, #84]
 431              	.LVL10:
 432              	.L15:
 433              	.LBB53:
 139:Core/Src/main.c **** 	  		  start_time = HAL_GetTick();
 434              		.loc 1 139 8 view .LVU127
 139:Core/Src/main.c **** 	  		  start_time = HAL_GetTick();
 435              		.loc 1 139 17 is_stmt 0 view .LVU128
 436 00ee 8023     		movs	r3, #128
 437 00f0 DB05     		lsls	r3, r3, #23
ARM GAS  C:\Users\joshr\AppData\Local\Temp\cc8WiFl9.s 			page 19


 438 00f2 5B6A     		ldr	r3, [r3, #36]
 439 00f4 1793     		str	r3, [sp, #92]
 440              	.LVL11:
 140:Core/Src/main.c **** 
 441              		.loc 1 140 8 is_stmt 1 view .LVU129
 140:Core/Src/main.c **** 
 442              		.loc 1 140 21 is_stmt 0 view .LVU130
 443 00f6 FFF7FEFF 		bl	HAL_GetTick
 444              	.LVL12:
 140:Core/Src/main.c **** 
 445              		.loc 1 140 19 discriminator 1 view .LVU131
 446 00fa 169B     		ldr	r3, [sp, #88]
 447              	.LBB54:
 448              	.LBB55:
 449              	.LBB56:
 450              	.LBB57:
 298:Core/Src/main.c ****     	{
 451              		.loc 1 298 24 discriminator 1 view .LVU132
 452 00fc 0022     		movs	r2, #0
 453              	.LBE57:
 454              	.LBE56:
 455              	.LBE55:
 456              	.LBE54:
 140:Core/Src/main.c **** 
 457              		.loc 1 140 19 discriminator 1 view .LVU133
 458 00fe 1860     		str	r0, [r3]
 142:Core/Src/main.c **** 
 459              		.loc 1 142 8 is_stmt 1 view .LVU134
 142:Core/Src/main.c **** 
 460              		.loc 1 142 20 is_stmt 0 view .LVU135
 461 0100 2368     		ldr	r3, [r4]
 462 0102 9A46     		mov	r10, r3
 463 0104 109B     		ldr	r3, [sp, #64]
 464 0106 1F68     		ldr	r7, [r3]
 465              	.LVL13:
 466              	.LBB71:
 467              	.LBI54:
 291:Core/Src/main.c **** {
 468              		.loc 1 291 10 is_stmt 1 view .LVU136
 469              	.LBB69:
 293:Core/Src/main.c ****     //TODO: Complete the function implementation
 470              		.loc 1 293 5 view .LVU137
 296:Core/Src/main.c ****     {
 471              		.loc 1 296 5 view .LVU138
 472              	.LBB67:
 296:Core/Src/main.c ****     {
 473              		.loc 1 296 10 view .LVU139
 296:Core/Src/main.c ****     {
 474              		.loc 1 296 23 discriminator 1 view .LVU140
 475              	.LBB64:
 298:Core/Src/main.c ****     	{
 476              		.loc 1 298 24 is_stmt 0 discriminator 1 view .LVU141
 477 0108 0023     		movs	r3, #0
 478 010a 0A92     		str	r2, [sp, #40]
 479 010c 0B93     		str	r3, [sp, #44]
 480              	.LBE64:
 296:Core/Src/main.c ****     {
ARM GAS  C:\Users\joshr\AppData\Local\Temp\cc8WiFl9.s 			page 20


 481              		.loc 1 296 23 discriminator 1 view .LVU142
 482 010e 002F     		cmp	r7, #0
 483 0110 00DC     		bgt	.LCB377
 484 0112 98E0     		b	.L9	@long jump
 485              	.LCB377:
 486              	.LVL14:
 487              	.LBB65:
 298:Core/Src/main.c ****     	{
 488              		.loc 1 298 24 is_stmt 1 discriminator 1 view .LVU143
 489 0114 5346     		mov	r3, r10
 490 0116 0026     		movs	r6, #0
 491 0118 002B     		cmp	r3, #0
 492 011a 00DC     		bgt	.LCB386
 493 011c 93E0     		b	.L9	@long jump
 494              	.LCB386:
 495 011e AB46     		mov	fp, r5
 496 0120 2194     		str	r4, [sp, #132]
 497              	.LVL15:
 498              	.L14:
 499              	.LBB58:
 301:Core/Src/main.c **** 
 500              		.loc 1 301 20 is_stmt 0 view .LVU144
 501 0122 3000     		movs	r0, r6
 502 0124 FFF7FEFF 		bl	__aeabi_i2d
 503              	.LVL16:
 504 0128 0400     		movs	r4, r0
 301:Core/Src/main.c **** 
 505              		.loc 1 301 29 view .LVU145
 506 012a 3800     		movs	r0, r7
 301:Core/Src/main.c **** 
 507              		.loc 1 301 20 view .LVU146
 508 012c 0D00     		movs	r5, r1
 301:Core/Src/main.c **** 
 509              		.loc 1 301 29 view .LVU147
 510 012e FFF7FEFF 		bl	__aeabi_i2d
 511              	.LVL17:
 512 0132 0200     		movs	r2, r0
 513 0134 0B00     		movs	r3, r1
 514 0136 2000     		movs	r0, r4
 515 0138 2900     		movs	r1, r5
 516 013a FFF7FEFF 		bl	__aeabi_ddiv
 517              	.LVL18:
 301:Core/Src/main.c **** 
 518              		.loc 1 301 37 view .LVU148
 519 013e 0200     		movs	r2, r0
 520 0140 0B00     		movs	r3, r1
 521 0142 FFF7FEFF 		bl	__aeabi_dadd
 522              	.LVL19:
 301:Core/Src/main.c **** 
 523              		.loc 1 301 14 view .LVU149
 524 0146 784B     		ldr	r3, .L26+52
 525 0148 0022     		movs	r2, #0
 526 014a FFF7FEFF 		bl	__aeabi_dsub
 527              	.LVL20:
 528 014e 0C90     		str	r0, [sp, #48]
 529 0150 0D91     		str	r1, [sp, #52]
 300:Core/Src/main.c ****     		double y_0 = (double)y/height * 2.0 - 1.0;
ARM GAS  C:\Users\joshr\AppData\Local\Temp\cc8WiFl9.s 			page 21


 530              		.loc 1 300 30 view .LVU150
 531 0152 5046     		mov	r0, r10
 532 0154 FFF7FEFF 		bl	__aeabi_i2d
 533              	.LVL21:
 534              	.LBE58:
 298:Core/Src/main.c ****     	{
 535              		.loc 1 298 15 view .LVU151
 536 0158 0023     		movs	r3, #0
 537 015a B846     		mov	r8, r7
 538 015c B146     		mov	r9, r6
 539              	.LBB61:
 300:Core/Src/main.c ****     		double y_0 = (double)y/height * 2.0 - 1.0;
 540              		.loc 1 300 30 view .LVU152
 541 015e 0E90     		str	r0, [sp, #56]
 542 0160 0F91     		str	r1, [sp, #60]
 543              	.LBE61:
 298:Core/Src/main.c ****     	{
 544              		.loc 1 298 15 view .LVU153
 545 0162 0593     		str	r3, [sp, #20]
 546              	.LVL22:
 547              	.L13:
 548              	.LBB62:
 300:Core/Src/main.c ****     		double y_0 = (double)y/height * 2.0 - 1.0;
 549              		.loc 1 300 7 is_stmt 1 view .LVU154
 300:Core/Src/main.c ****     		double y_0 = (double)y/height * 2.0 - 1.0;
 550              		.loc 1 300 21 is_stmt 0 view .LVU155
 551 0164 0598     		ldr	r0, [sp, #20]
 552 0166 FFF7FEFF 		bl	__aeabi_i2d
 553              	.LVL23:
 300:Core/Src/main.c ****     		double y_0 = (double)y/height * 2.0 - 1.0;
 554              		.loc 1 300 30 view .LVU156
 555 016a 0E9A     		ldr	r2, [sp, #56]
 556 016c 0F9B     		ldr	r3, [sp, #60]
 557 016e FFF7FEFF 		bl	__aeabi_ddiv
 558              	.LVL24:
 300:Core/Src/main.c ****     		double y_0 = (double)y/height * 2.0 - 1.0;
 559              		.loc 1 300 37 view .LVU157
 560 0172 0022     		movs	r2, #0
 561 0174 6D4B     		ldr	r3, .L26+56
 562 0176 FFF7FEFF 		bl	__aeabi_dmul
 563              	.LVL25:
 300:Core/Src/main.c ****     		double y_0 = (double)y/height * 2.0 - 1.0;
 564              		.loc 1 300 14 view .LVU158
 565 017a 6D4B     		ldr	r3, .L26+60
 566 017c 0022     		movs	r2, #0
 567 017e FFF7FEFF 		bl	__aeabi_dsub
 568              	.LVL26:
 304:Core/Src/main.c ****     		int iteration = 0;
 569              		.loc 1 304 14 view .LVU159
 570 0182 0024     		movs	r4, #0
 305:Core/Src/main.c **** 
 571              		.loc 1 305 11 view .LVU160
 572 0184 0023     		movs	r3, #0
 304:Core/Src/main.c ****     		int iteration = 0;
 573              		.loc 1 304 14 view .LVU161
 574 0186 0025     		movs	r5, #0
 303:Core/Src/main.c ****     		double y_i = 0;
ARM GAS  C:\Users\joshr\AppData\Local\Temp\cc8WiFl9.s 			page 22


 575              		.loc 1 303 14 view .LVU162
 576 0188 2600     		movs	r6, r4
 577 018a 2F00     		movs	r7, r5
 300:Core/Src/main.c ****     		double y_0 = (double)y/height * 2.0 - 1.0;
 578              		.loc 1 300 14 view .LVU163
 579 018c 0890     		str	r0, [sp, #32]
 580 018e 0991     		str	r1, [sp, #36]
 581              	.LVL27:
 301:Core/Src/main.c **** 
 582              		.loc 1 301 7 is_stmt 1 view .LVU164
 303:Core/Src/main.c ****     		double y_i = 0;
 583              		.loc 1 303 7 view .LVU165
 304:Core/Src/main.c ****     		int iteration = 0;
 584              		.loc 1 304 7 view .LVU166
 305:Core/Src/main.c **** 
 585              		.loc 1 305 7 view .LVU167
 308:Core/Src/main.c ****     		{
 586              		.loc 1 308 7 view .LVU168
 308:Core/Src/main.c ****     		{
 587              		.loc 1 308 24 view .LVU169
 305:Core/Src/main.c **** 
 588              		.loc 1 305 11 is_stmt 0 view .LVU170
 589 0190 0493     		str	r3, [sp, #16]
 590 0192 23E0     		b	.L11
 591              	.LVL28:
 592              	.L25:
 593              	.LBB59:
 318:Core/Src/main.c ****     			y_i = 2.0*x_i*y_i + y_0;
 594              		.loc 1 318 8 is_stmt 1 view .LVU171
 319:Core/Src/main.c **** 
 595              		.loc 1 319 8 view .LVU172
 319:Core/Src/main.c **** 
 596              		.loc 1 319 17 is_stmt 0 view .LVU173
 597 0194 3200     		movs	r2, r6
 598 0196 3B00     		movs	r3, r7
 599 0198 3000     		movs	r0, r6
 600 019a 3900     		movs	r1, r7
 601 019c FFF7FEFF 		bl	__aeabi_dadd
 602              	.LVL29:
 319:Core/Src/main.c **** 
 603              		.loc 1 319 21 view .LVU174
 604 01a0 2200     		movs	r2, r4
 605 01a2 2B00     		movs	r3, r5
 606 01a4 FFF7FEFF 		bl	__aeabi_dmul
 607              	.LVL30:
 608 01a8 0200     		movs	r2, r0
 609 01aa 0B00     		movs	r3, r1
 319:Core/Src/main.c **** 
 610              		.loc 1 319 12 view .LVU175
 611 01ac 0C98     		ldr	r0, [sp, #48]
 612 01ae 0D99     		ldr	r1, [sp, #52]
 613 01b0 FFF7FEFF 		bl	__aeabi_dadd
 614              	.LVL31:
 318:Core/Src/main.c ****     			y_i = 2.0*x_i*y_i + y_0;
 615              		.loc 1 318 15 view .LVU176
 616 01b4 029A     		ldr	r2, [sp, #8]
 617 01b6 039B     		ldr	r3, [sp, #12]
ARM GAS  C:\Users\joshr\AppData\Local\Temp\cc8WiFl9.s 			page 23


 319:Core/Src/main.c **** 
 618              		.loc 1 319 12 view .LVU177
 619 01b8 0400     		movs	r4, r0
 620              	.LVL32:
 319:Core/Src/main.c **** 
 621              		.loc 1 319 12 view .LVU178
 622 01ba 0D00     		movs	r5, r1
 623              	.LVL33:
 321:Core/Src/main.c **** 
 624              		.loc 1 321 8 is_stmt 1 view .LVU179
 318:Core/Src/main.c ****     			y_i = 2.0*x_i*y_i + y_0;
 625              		.loc 1 318 15 is_stmt 0 view .LVU180
 626 01bc 0098     		ldr	r0, [sp]
 627 01be 0199     		ldr	r1, [sp, #4]
 628 01c0 FFF7FEFF 		bl	__aeabi_dsub
 629              	.LVL34:
 321:Core/Src/main.c **** 
 630              		.loc 1 321 12 view .LVU181
 631 01c4 089A     		ldr	r2, [sp, #32]
 632 01c6 099B     		ldr	r3, [sp, #36]
 633 01c8 FFF7FEFF 		bl	__aeabi_dadd
 634              	.LVL35:
 323:Core/Src/main.c **** 
 635              		.loc 1 323 18 view .LVU182
 636 01cc 049B     		ldr	r3, [sp, #16]
 321:Core/Src/main.c **** 
 637              		.loc 1 321 12 view .LVU183
 638 01ce 0600     		movs	r6, r0
 639              	.LVL36:
 323:Core/Src/main.c **** 
 640              		.loc 1 323 18 view .LVU184
 641 01d0 0133     		adds	r3, r3, #1
 321:Core/Src/main.c **** 
 642              		.loc 1 321 12 view .LVU185
 643 01d2 0F00     		movs	r7, r1
 644              	.LVL37:
 323:Core/Src/main.c **** 
 645              		.loc 1 323 8 is_stmt 1 view .LVU186
 323:Core/Src/main.c **** 
 646              		.loc 1 323 18 is_stmt 0 view .LVU187
 647 01d4 0493     		str	r3, [sp, #16]
 648              	.LVL38:
 323:Core/Src/main.c **** 
 649              		.loc 1 323 18 view .LVU188
 650              	.LBE59:
 308:Core/Src/main.c ****     		{
 651              		.loc 1 308 24 is_stmt 1 view .LVU189
 652 01d6 642B     		cmp	r3, #100
 653 01d8 00D1     		bne	.LCB519
 654 01da 86E0     		b	.L24	@long jump
 655              	.LCB519:
 656              	.LVL39:
 657              	.L11:
 658              	.LBB60:
 311:Core/Src/main.c ****     			double y_i_sq = y_i*y_i;
 659              		.loc 1 311 8 view .LVU190
 311:Core/Src/main.c ****     			double y_i_sq = y_i*y_i;
ARM GAS  C:\Users\joshr\AppData\Local\Temp\cc8WiFl9.s 			page 24


 660              		.loc 1 311 15 is_stmt 0 view .LVU191
 661 01dc 3200     		movs	r2, r6
 662 01de 3B00     		movs	r3, r7
 663 01e0 3000     		movs	r0, r6
 664 01e2 3900     		movs	r1, r7
 665 01e4 FFF7FEFF 		bl	__aeabi_dmul
 666              	.LVL40:
 312:Core/Src/main.c **** 
 667              		.loc 1 312 8 is_stmt 1 view .LVU192
 312:Core/Src/main.c **** 
 668              		.loc 1 312 15 is_stmt 0 view .LVU193
 669 01e8 2200     		movs	r2, r4
 311:Core/Src/main.c ****     			double y_i_sq = y_i*y_i;
 670              		.loc 1 311 15 view .LVU194
 671 01ea 0090     		str	r0, [sp]
 672 01ec 0191     		str	r1, [sp, #4]
 673              	.LVL41:
 312:Core/Src/main.c **** 
 674              		.loc 1 312 15 view .LVU195
 675 01ee 2B00     		movs	r3, r5
 676 01f0 2000     		movs	r0, r4
 677 01f2 2900     		movs	r1, r5
 678 01f4 FFF7FEFF 		bl	__aeabi_dmul
 679              	.LVL42:
 680 01f8 0200     		movs	r2, r0
 681 01fa 0B00     		movs	r3, r1
 682              	.LVL43:
 314:Core/Src/main.c ****     			{
 683              		.loc 1 314 8 is_stmt 1 view .LVU196
 314:Core/Src/main.c ****     			{
 684              		.loc 1 314 18 is_stmt 0 view .LVU197
 685 01fc 0098     		ldr	r0, [sp]
 686 01fe 0199     		ldr	r1, [sp, #4]
 687 0200 0292     		str	r2, [sp, #8]
 688 0202 0393     		str	r3, [sp, #12]
 689 0204 FFF7FEFF 		bl	__aeabi_dadd
 690              	.LVL44:
 314:Core/Src/main.c ****     			{
 691              		.loc 1 314 10 view .LVU198
 692 0208 0022     		movs	r2, #0
 693 020a 4A4B     		ldr	r3, .L26+64
 694 020c FFF7FEFF 		bl	__aeabi_dcmpgt
 695              	.LVL45:
 696 0210 0028     		cmp	r0, #0
 697 0212 BFD0     		beq	.L25
 698              	.LBE60:
 327:Core/Src/main.c **** 
 699              		.loc 1 327 39 view .LVU199
 700 0214 049B     		ldr	r3, [sp, #16]
 701 0216 0693     		str	r3, [sp, #24]
 702 0218 DB17     		asrs	r3, r3, #31
 703 021a 0793     		str	r3, [sp, #28]
 704              	.LVL46:
 705              	.L12:
 327:Core/Src/main.c **** 
 706              		.loc 1 327 7 is_stmt 1 view .LVU200
 327:Core/Src/main.c **** 
ARM GAS  C:\Users\joshr\AppData\Local\Temp\cc8WiFl9.s 			page 25


 707              		.loc 1 327 22 is_stmt 0 view .LVU201
 708 021c 0A9B     		ldr	r3, [sp, #40]
 709 021e 0B9C     		ldr	r4, [sp, #44]
 710 0220 0699     		ldr	r1, [sp, #24]
 711 0222 079A     		ldr	r2, [sp, #28]
 712 0224 5B18     		adds	r3, r3, r1
 713 0226 5441     		adcs	r4, r4, r2
 714 0228 0A93     		str	r3, [sp, #40]
 715 022a 0B94     		str	r4, [sp, #44]
 716              	.LVL47:
 327:Core/Src/main.c **** 
 717              		.loc 1 327 22 view .LVU202
 718              	.LBE62:
 298:Core/Src/main.c ****     	{
 719              		.loc 1 298 35 is_stmt 1 discriminator 2 view .LVU203
 720 022c 059B     		ldr	r3, [sp, #20]
 721              	.LVL48:
 298:Core/Src/main.c ****     	{
 722              		.loc 1 298 35 is_stmt 0 discriminator 2 view .LVU204
 723 022e 0133     		adds	r3, r3, #1
 724 0230 0593     		str	r3, [sp, #20]
 725              	.LVL49:
 298:Core/Src/main.c ****     	{
 726              		.loc 1 298 24 is_stmt 1 discriminator 1 view .LVU205
 727 0232 9A45     		cmp	r10, r3
 728 0234 96D1     		bne	.L13
 729              	.LBE65:
 296:Core/Src/main.c ****     {
 730              		.loc 1 296 34 is_stmt 0 discriminator 2 view .LVU206
 731 0236 4E46     		mov	r6, r9
 732              	.LVL50:
 296:Core/Src/main.c ****     {
 733              		.loc 1 296 34 is_stmt 1 discriminator 2 view .LVU207
 734 0238 4746     		mov	r7, r8
 735 023a 0136     		adds	r6, r6, #1
 736              	.LVL51:
 296:Core/Src/main.c ****     {
 737              		.loc 1 296 23 discriminator 1 view .LVU208
 738 023c B742     		cmp	r7, r6
 739 023e 00D0     		beq	.LCB608
 740 0240 6FE7     		b	.L14	@long jump
 741              	.LCB608:
 742              	.LVL52:
 296:Core/Src/main.c ****     {
 743              		.loc 1 296 23 is_stmt 0 discriminator 1 view .LVU209
 744 0242 5D46     		mov	r5, fp
 745 0244 219C     		ldr	r4, [sp, #132]
 746              	.LVL53:
 747              	.L9:
 296:Core/Src/main.c ****     {
 748              		.loc 1 296 23 discriminator 1 view .LVU210
 749              	.LBE67:
 332:Core/Src/main.c **** }
 750              		.loc 1 332 5 is_stmt 1 view .LVU211
 332:Core/Src/main.c **** }
 751              		.loc 1 332 5 is_stmt 0 view .LVU212
 752              	.LBE69:
ARM GAS  C:\Users\joshr\AppData\Local\Temp\cc8WiFl9.s 			page 26


 753              	.LBE71:
 142:Core/Src/main.c **** 
 754              		.loc 1 142 18 discriminator 1 view .LVU213
 755 0246 0A9A     		ldr	r2, [sp, #40]
 756 0248 0B9B     		ldr	r3, [sp, #44]
 757 024a 2A60     		str	r2, [r5]
 758 024c 6B60     		str	r3, [r5, #4]
 144:Core/Src/main.c **** 	  		  execution_time = end_time - start_time;
 759              		.loc 1 144 8 is_stmt 1 view .LVU214
 144:Core/Src/main.c **** 	  		  execution_time = end_time - start_time;
 760              		.loc 1 144 19 is_stmt 0 view .LVU215
 761 024e FFF7FEFF 		bl	HAL_GetTick
 762              	.LVL54:
 144:Core/Src/main.c **** 	  		  execution_time = end_time - start_time;
 763              		.loc 1 144 17 discriminator 1 view .LVU216
 764 0252 1C9B     		ldr	r3, [sp, #112]
 765 0254 1860     		str	r0, [r3]
 145:Core/Src/main.c **** 
 766              		.loc 1 145 8 is_stmt 1 view .LVU217
 145:Core/Src/main.c **** 
 767              		.loc 1 145 34 is_stmt 0 view .LVU218
 768 0256 169B     		ldr	r3, [sp, #88]
 769 0258 1B68     		ldr	r3, [r3]
 770 025a C31A     		subs	r3, r0, r3
 771 025c 9A46     		mov	r10, r3
 145:Core/Src/main.c **** 
 772              		.loc 1 145 23 view .LVU219
 773 025e 5246     		mov	r2, r10
 774 0260 1D9B     		ldr	r3, [sp, #116]
 775 0262 1A60     		str	r2, [r3]
 147:Core/Src/main.c **** 
 776              		.loc 1 147 8 is_stmt 1 view .LVU220
 147:Core/Src/main.c **** 
 777              		.loc 1 147 17 is_stmt 0 view .LVU221
 778 0264 8023     		movs	r3, #128
 779 0266 DB05     		lsls	r3, r3, #23
 780 0268 5B6A     		ldr	r3, [r3, #36]
 781              	.LVL55:
 149:Core/Src/main.c **** 
 782              		.loc 1 149 6 is_stmt 1 view .LVU222
 151:Core/Src/main.c **** 	  		    // Handle timer overflow
 783              		.loc 1 151 6 view .LVU223
 156:Core/Src/main.c **** 	  		}
 784              		.loc 1 156 10 view .LVU224
 156:Core/Src/main.c **** 	  		}
 785              		.loc 1 156 21 is_stmt 0 view .LVU225
 786 026a 179A     		ldr	r2, [sp, #92]
 787 026c 9B1A     		subs	r3, r3, r2
 788              	.LVL56:
 160:Core/Src/main.c **** 	  		  double throughput = (double)(width[i] * height[i]) / time_s;
 789              		.loc 1 160 8 is_stmt 1 view .LVU226
 160:Core/Src/main.c **** 	  		  double throughput = (double)(width[i] * height[i]) / time_s;
 790              		.loc 1 160 24 is_stmt 0 view .LVU227
 791 026e 1800     		movs	r0, r3
 792 0270 9846     		mov	r8, r3
 793 0272 FFF7FEFF 		bl	__aeabi_ui2d
 794              	.LVL57:
ARM GAS  C:\Users\joshr\AppData\Local\Temp\cc8WiFl9.s 			page 27


 160:Core/Src/main.c **** 	  		  double throughput = (double)(width[i] * height[i]) / time_s;
 795              		.loc 1 160 15 view .LVU228
 796 0276 0022     		movs	r2, #0
 797 0278 2F4B     		ldr	r3, .L26+68
 798 027a FFF7FEFF 		bl	__aeabi_ddiv
 799              	.LVL58:
 800 027e 0600     		movs	r6, r0
 801 0280 0F00     		movs	r7, r1
 802              	.LVL59:
 161:Core/Src/main.c **** 
 803              		.loc 1 161 8 is_stmt 1 view .LVU229
 161:Core/Src/main.c **** 
 804              		.loc 1 161 46 is_stmt 0 view .LVU230
 805 0282 109A     		ldr	r2, [sp, #64]
 806 0284 08CC     		ldmia	r4!, {r3}
 807 0286 01CA     		ldmia	r2!, {r0}
 808 0288 5843     		muls	r0, r3
 809 028a 1092     		str	r2, [sp, #64]
 161:Core/Src/main.c **** 
 810              		.loc 1 161 28 view .LVU231
 811 028c FFF7FEFF 		bl	__aeabi_i2d
 812              	.LVL60:
 161:Core/Src/main.c **** 
 813              		.loc 1 161 15 view .LVU232
 814 0290 3200     		movs	r2, r6
 815 0292 3B00     		movs	r3, r7
 816 0294 FFF7FEFF 		bl	__aeabi_ddiv
 817              	.LVL61:
 163:Core/Src/main.c **** 	  		  exec_times[i]    = execution_time;  // ms from HAL_GetTick()
 818              		.loc 1 163 8 is_stmt 1 view .LVU233
 163:Core/Src/main.c **** 	  		  exec_times[i]    = execution_time;  // ms from HAL_GetTick()
 819              		.loc 1 163 25 is_stmt 0 view .LVU234
 820 0298 2A68     		ldr	r2, [r5]
 821 029a 6B68     		ldr	r3, [r5, #4]
 161:Core/Src/main.c **** 
 822              		.loc 1 161 15 view .LVU235
 823 029c 0090     		str	r0, [sp]
 824 029e 0191     		str	r1, [sp, #4]
 825              	.LVL62:
 163:Core/Src/main.c **** 	  		  exec_times[i]    = execution_time;  // ms from HAL_GetTick()
 826              		.loc 1 163 25 view .LVU236
 827 02a0 1399     		ldr	r1, [sp, #76]
 828 02a2 0CC1     		stmia	r1!, {r2, r3}
 164:Core/Src/main.c **** 	  		  cycle_counts[i]  = cycle_diff;      // raw CPU cycles
 829              		.loc 1 164 25 view .LVU237
 830 02a4 5246     		mov	r2, r10
 831 02a6 129B     		ldr	r3, [sp, #72]
 163:Core/Src/main.c **** 	  		  exec_times[i]    = execution_time;  // ms from HAL_GetTick()
 832              		.loc 1 163 25 view .LVU238
 833 02a8 1391     		str	r1, [sp, #76]
 164:Core/Src/main.c **** 	  		  cycle_counts[i]  = cycle_diff;      // raw CPU cycles
 834              		.loc 1 164 8 is_stmt 1 view .LVU239
 164:Core/Src/main.c **** 	  		  cycle_counts[i]  = cycle_diff;      // raw CPU cycles
 835              		.loc 1 164 25 is_stmt 0 view .LVU240
 836 02aa 04C3     		stmia	r3!, {r2}
 165:Core/Src/main.c **** 	  		  time_secs[i]     = time_s;          // seconds
 837              		.loc 1 165 25 view .LVU241
ARM GAS  C:\Users\joshr\AppData\Local\Temp\cc8WiFl9.s 			page 28


 838 02ac 4246     		mov	r2, r8
 164:Core/Src/main.c **** 	  		  cycle_counts[i]  = cycle_diff;      // raw CPU cycles
 839              		.loc 1 164 25 view .LVU242
 840 02ae 1293     		str	r3, [sp, #72]
 165:Core/Src/main.c **** 	  		  time_secs[i]     = time_s;          // seconds
 841              		.loc 1 165 8 is_stmt 1 view .LVU243
 165:Core/Src/main.c **** 	  		  time_secs[i]     = time_s;          // seconds
 842              		.loc 1 165 25 is_stmt 0 view .LVU244
 843 02b0 119B     		ldr	r3, [sp, #68]
 844 02b2 04C3     		stmia	r3!, {r2}
 845 02b4 1193     		str	r3, [sp, #68]
 166:Core/Src/main.c **** 	  		  throughput_pxps[i] = throughput;    // pixels per second
 846              		.loc 1 166 8 is_stmt 1 view .LVU245
 166:Core/Src/main.c **** 	  		  throughput_pxps[i] = throughput;    // pixels per second
 847              		.loc 1 166 25 is_stmt 0 view .LVU246
 848 02b6 149B     		ldr	r3, [sp, #80]
 167:Core/Src/main.c **** 	  	  }
 849              		.loc 1 167 27 view .LVU247
 850 02b8 0099     		ldr	r1, [sp]
 851 02ba 019A     		ldr	r2, [sp, #4]
 166:Core/Src/main.c **** 	  		  throughput_pxps[i] = throughput;    // pixels per second
 852              		.loc 1 166 25 view .LVU248
 853 02bc C0C3     		stmia	r3!, {r6, r7}
 854 02be 1493     		str	r3, [sp, #80]
 167:Core/Src/main.c **** 	  	  }
 855              		.loc 1 167 8 is_stmt 1 view .LVU249
 167:Core/Src/main.c **** 	  	  }
 856              		.loc 1 167 27 is_stmt 0 view .LVU250
 857 02c0 159B     		ldr	r3, [sp, #84]
 858 02c2 06C3     		stmia	r3!, {r1, r2}
 859 02c4 1593     		str	r3, [sp, #84]
 860              	.LBE53:
 137:Core/Src/main.c **** 	  	  {
 861              		.loc 1 137 39 is_stmt 1 discriminator 2 view .LVU251
 137:Core/Src/main.c **** 	  	  {
 862              		.loc 1 137 25 discriminator 1 view .LVU252
 863 02c6 1D4B     		ldr	r3, .L26+72
 864 02c8 9C42     		cmp	r4, r3
 865 02ca 00D0     		beq	.LCB715
 866 02cc 0FE7     		b	.L15	@long jump
 867              	.LCB715:
 868              	.LBE52:
 171:Core/Src/main.c **** 	  	  //TODO: Turn OFF LEDs
 869              		.loc 1 171 7 is_stmt 0 view .LVU253
 870 02ce FA20     		movs	r0, #250
 871 02d0 C000     		lsls	r0, r0, #3
 872 02d2 A846     		mov	r8, r5
 873              	.LVL63:
 171:Core/Src/main.c **** 	  	  //TODO: Turn OFF LEDs
 874              		.loc 1 171 7 view .LVU254
 875 02d4 1E9E     		ldr	r6, [sp, #120]
 876              	.LVL64:
 171:Core/Src/main.c **** 	  	  //TODO: Turn OFF LEDs
 877              		.loc 1 171 7 view .LVU255
 878 02d6 1F9F     		ldr	r7, [sp, #124]
 879 02d8 209D     		ldr	r5, [sp, #128]
 171:Core/Src/main.c **** 	  	  //TODO: Turn OFF LEDs
ARM GAS  C:\Users\joshr\AppData\Local\Temp\cc8WiFl9.s 			page 29


 880              		.loc 1 171 7 is_stmt 1 view .LVU256
 881 02da FFF7FEFF 		bl	HAL_Delay
 882              	.LVL65:
 173:Core/Src/main.c ****   }
 883              		.loc 1 173 7 view .LVU257
 884 02de 0022     		movs	r2, #0
 885 02e0 0121     		movs	r1, #1
 886 02e2 0548     		ldr	r0, .L26+4
 887 02e4 FFF7FEFF 		bl	HAL_GPIO_WritePin
 888              	.LVL66:
 889              	.LBE51:
 124:Core/Src/main.c ****   {
 890              		.loc 1 124 9 view .LVU258
 125:Core/Src/main.c **** 	  /* USER CODE END WHILE */
 891              		.loc 1 125 3 is_stmt 0 view .LVU259
 892 02e8 EDE6     		b	.L16
 893              	.LVL67:
 894              	.L24:
 895              	.LBB75:
 896              	.LBB74:
 897              	.LBB73:
 898              	.LBB72:
 899              	.LBB70:
 900              	.LBB68:
 901              	.LBB66:
 902              	.LBB63:
 125:Core/Src/main.c **** 	  /* USER CODE END WHILE */
 903              		.loc 1 125 3 view .LVU260
 904 02ea 6423     		movs	r3, #100
 905              	.LVL68:
 125:Core/Src/main.c **** 	  /* USER CODE END WHILE */
 906              		.loc 1 125 3 view .LVU261
 907 02ec 0024     		movs	r4, #0
 908              	.LVL69:
 125:Core/Src/main.c **** 	  /* USER CODE END WHILE */
 909              		.loc 1 125 3 view .LVU262
 910 02ee 0693     		str	r3, [sp, #24]
 911 02f0 0794     		str	r4, [sp, #28]
 912 02f2 93E7     		b	.L12
 913              	.L27:
 914              		.align	2
 915              	.L26:
 916 02f4 00100240 		.word	1073876992
 917 02f8 00040048 		.word	1207960576
 918 02fc 00000000 		.word	width
 919 0300 00000000 		.word	height
 920 0304 00000000 		.word	checksums
 921 0308 00000000 		.word	exec_times
 922 030c 00000000 		.word	cycle_counts
 923 0310 00000000 		.word	time_secs
 924 0314 00000000 		.word	throughput_pxps
 925 0318 00000000 		.word	start_time
 926 031c 00000000 		.word	check_sum
 927 0320 00000000 		.word	end_time
 928 0324 00000000 		.word	execution_time
 929 0328 0000F03F 		.word	1072693248
 930 032c 00000C40 		.word	1074528256
ARM GAS  C:\Users\joshr\AppData\Local\Temp\cc8WiFl9.s 			page 30


 931 0330 00000440 		.word	1074003968
 932 0334 00001040 		.word	1074790400
 933 0338 60E38641 		.word	1099359072
 934 033c 14000000 		.word	width+20
 935              	.LBE63:
 936              	.LBE66:
 937              	.LBE68:
 938              	.LBE70:
 939              	.LBE72:
 940              	.LBE73:
 941              	.LBE74:
 942              	.LBE75:
 943              		.cfi_endproc
 944              	.LFE40:
 946              		.global	__aeabi_uldivmod
 947              		.global	__aeabi_ldivmod
 948              		.global	__aeabi_lmul
 949              		.section	.text.calculate_mandelbrot_fixed_point_arithmetic,"ax",%progbits
 950              		.align	1
 951              		.p2align 2,,3
 952              		.global	calculate_mandelbrot_fixed_point_arithmetic
 953              		.syntax unified
 954              		.code	16
 955              		.thumb_func
 957              	calculate_mandelbrot_fixed_point_arithmetic:
 958              	.LVL70:
 959              	.LFB43:
 254:Core/Src/main.c ****   uint64_t mandelbrot_sum = 0;
 960              		.loc 1 254 96 is_stmt 1 view -0
 961              		.cfi_startproc
 962              		@ args = 0, pretend = 0, frame = 96
 963              		@ frame_needed = 0, uses_anonymous_args = 0
 255:Core/Src/main.c ****     //TODO: Complete the function implementation
 964              		.loc 1 255 3 view .LVU264
 258:Core/Src/main.c **** 	  for (int x = 0; x < width; x++){
 965              		.loc 1 258 3 view .LVU265
 966              	.LBB76:
 258:Core/Src/main.c **** 	  for (int x = 0; x < width; x++){
 967              		.loc 1 258 8 view .LVU266
 258:Core/Src/main.c **** 	  for (int x = 0; x < width; x++){
 968              		.loc 1 258 21 discriminator 1 view .LVU267
 969              	.LBE76:
 254:Core/Src/main.c ****   uint64_t mandelbrot_sum = 0;
 970              		.loc 1 254 96 is_stmt 0 view .LVU268
 971 0000 F0B5     		push	{r4, r5, r6, r7, lr}
 972              	.LCFI5:
 973              		.cfi_def_cfa_offset 20
 974              		.cfi_offset 4, -20
 975              		.cfi_offset 5, -16
 976              		.cfi_offset 6, -12
 977              		.cfi_offset 7, -8
 978              		.cfi_offset 14, -4
 979 0002 5746     		mov	r7, r10
 980 0004 4E46     		mov	r6, r9
 981 0006 DE46     		mov	lr, fp
 982 0008 4546     		mov	r5, r8
 983              	.LBB90:
ARM GAS  C:\Users\joshr\AppData\Local\Temp\cc8WiFl9.s 			page 31


 258:Core/Src/main.c **** 	  for (int x = 0; x < width; x++){
 984              		.loc 1 258 12 view .LVU269
 985 000a 0023     		movs	r3, #0
 986              	.LBE90:
 254:Core/Src/main.c ****   uint64_t mandelbrot_sum = 0;
 987              		.loc 1 254 96 view .LVU270
 988 000c E0B5     		push	{r5, r6, r7, lr}
 989              	.LCFI6:
 990              		.cfi_def_cfa_offset 36
 991              		.cfi_offset 8, -36
 992              		.cfi_offset 9, -32
 993              		.cfi_offset 10, -28
 994              		.cfi_offset 11, -24
 995 000e 99B0     		sub	sp, sp, #100
 996              	.LCFI7:
 997              		.cfi_def_cfa_offset 136
 998              	.LBB91:
 258:Core/Src/main.c **** 	  for (int x = 0; x < width; x++){
 999              		.loc 1 258 21 discriminator 1 view .LVU271
 1000 0010 0026     		movs	r6, #0
 1001 0012 0027     		movs	r7, #0
 1002              	.LBE91:
 254:Core/Src/main.c ****   uint64_t mandelbrot_sum = 0;
 1003              		.loc 1 254 96 view .LVU272
 1004 0014 1592     		str	r2, [sp, #84]
 1005              	.LBB92:
 258:Core/Src/main.c **** 	  for (int x = 0; x < width; x++){
 1006              		.loc 1 258 12 view .LVU273
 1007 0016 1493     		str	r3, [sp, #80]
 258:Core/Src/main.c **** 	  for (int x = 0; x < width; x++){
 1008              		.loc 1 258 21 discriminator 1 view .LVU274
 1009 0018 0029     		cmp	r1, #0
 1010 001a 0BDD     		ble	.L45
 1011 001c 0023     		movs	r3, #0
 1012 001e 0400     		movs	r4, r0
 1013 0020 774A     		ldr	r2, .L56
 1014              	.LVL71:
 1015              	.L29:
 1016              	.LBB77:
 259:Core/Src/main.c **** 		  // Convert to fixed-point coordinates
 1017              		.loc 1 259 22 is_stmt 1 discriminator 1 view .LVU275
 1018 0022 002C     		cmp	r4, #0
 1019 0024 13DC     		bgt	.L54
 1020              	.LBE77:
 258:Core/Src/main.c **** 	  for (int x = 0; x < width; x++){
 1021              		.loc 1 258 32 discriminator 2 view .LVU276
 1022 0026 1498     		ldr	r0, [sp, #80]
 258:Core/Src/main.c **** 	  for (int x = 0; x < width; x++){
 1023              		.loc 1 258 21 is_stmt 0 discriminator 1 view .LVU277
 1024 0028 B618     		adds	r6, r6, r2
 1025 002a 5F41     		adcs	r7, r7, r3
 258:Core/Src/main.c **** 	  for (int x = 0; x < width; x++){
 1026              		.loc 1 258 32 discriminator 2 view .LVU278
 1027 002c 0130     		adds	r0, r0, #1
 1028 002e 1490     		str	r0, [sp, #80]
 1029              	.LVL72:
 258:Core/Src/main.c **** 	  for (int x = 0; x < width; x++){
ARM GAS  C:\Users\joshr\AppData\Local\Temp\cc8WiFl9.s 			page 32


 1030              		.loc 1 258 21 is_stmt 1 discriminator 1 view .LVU279
 1031 0030 8142     		cmp	r1, r0
 1032 0032 F6D1     		bne	.L29
 1033              	.LVL73:
 1034              	.L45:
 258:Core/Src/main.c **** 	  for (int x = 0; x < width; x++){
 1035              		.loc 1 258 21 is_stmt 0 discriminator 1 view .LVU280
 1036 0034 0023     		movs	r3, #0
 1037 0036 0024     		movs	r4, #0
 1038 0038 0A93     		str	r3, [sp, #40]
 1039 003a 0B94     		str	r4, [sp, #44]
 1040              	.LBE92:
 287:Core/Src/main.c **** 
 1041              		.loc 1 287 5 is_stmt 1 view .LVU281
 1042              	.LVL74:
 1043              	.L28:
 289:Core/Src/main.c **** 
 1044              		.loc 1 289 1 is_stmt 0 view .LVU282
 1045 003c 0A98     		ldr	r0, [sp, #40]
 1046 003e 0B99     		ldr	r1, [sp, #44]
 1047 0040 19B0     		add	sp, sp, #100
 1048              		@ sp needed
 1049 0042 F0BC     		pop	{r4, r5, r6, r7}
 1050 0044 BB46     		mov	fp, r7
 1051 0046 B246     		mov	r10, r6
 1052 0048 A946     		mov	r9, r5
 1053 004a A046     		mov	r8, r4
 1054 004c F0BD     		pop	{r4, r5, r6, r7, pc}
 1055              	.LVL75:
 1056              	.L54:
 1057              	.LBB93:
 1058              	.LBB89:
 259:Core/Src/main.c **** 		  // Convert to fixed-point coordinates
 1059              		.loc 1 259 22 discriminator 1 view .LVU283
 1060 004e A246     		mov	r10, r4
 1061 0050 0023     		movs	r3, #0
 1062 0052 0024     		movs	r4, #0
 1063              	.LVL76:
 259:Core/Src/main.c **** 		  // Convert to fixed-point coordinates
 1064              		.loc 1 259 22 discriminator 1 view .LVU284
 1065 0054 0A93     		str	r3, [sp, #40]
 1066 0056 0B94     		str	r4, [sp, #44]
 1067 0058 5346     		mov	r3, r10
 1068 005a D346     		mov	fp, r10
 1069 005c 1296     		str	r6, [sp, #72]
 1070 005e 1397     		str	r7, [sp, #76]
 1071 0060 CC17     		asrs	r4, r1, #31
 1072 0062 DB17     		asrs	r3, r3, #31
 1073 0064 1691     		str	r1, [sp, #88]
 1074 0066 1093     		str	r3, [sp, #64]
 1075 0068 1794     		str	r4, [sp, #92]
 1076              	.LVL77:
 1077              	.L41:
 1078              	.LBB78:
 264:Core/Src/main.c **** 		  int64_t xi = 0, yi =0;
 1079              		.loc 1 264 40 view .LVU285
 1080 006a 169A     		ldr	r2, [sp, #88]
ARM GAS  C:\Users\joshr\AppData\Local\Temp\cc8WiFl9.s 			page 33


 1081 006c 179B     		ldr	r3, [sp, #92]
 264:Core/Src/main.c **** 		  int64_t xi = 0, yi =0;
 1082              		.loc 1 264 13 view .LVU286
 1083 006e 0124     		movs	r4, #1
 264:Core/Src/main.c **** 		  int64_t xi = 0, yi =0;
 1084              		.loc 1 264 40 view .LVU287
 1085 0070 1298     		ldr	r0, [sp, #72]
 1086 0072 1399     		ldr	r1, [sp, #76]
 1087 0074 FFF7FEFF 		bl	__aeabi_ldivmod
 1088              	.LVL78:
 264:Core/Src/main.c **** 		  int64_t xi = 0, yi =0;
 1089              		.loc 1 264 13 view .LVU288
 1090 0078 624B     		ldr	r3, .L56+4
 1091 007a 6442     		rsbs	r4, r4, #0
 1092 007c 1B18     		adds	r3, r3, r0
 1093 007e 4C41     		adcs	r4, r4, r1
 1094              	.LBE78:
 259:Core/Src/main.c **** 		  // Convert to fixed-point coordinates
 1095              		.loc 1 259 13 view .LVU289
 1096 0080 5A46     		mov	r2, fp
 1097              	.LBB83:
 264:Core/Src/main.c **** 		  int64_t xi = 0, yi =0;
 1098              		.loc 1 264 13 view .LVU290
 1099 0082 0693     		str	r3, [sp, #24]
 1100 0084 0794     		str	r4, [sp, #28]
 262:Core/Src/main.c **** 		  // y0 = (y/height) * 2.0 - 1.0
 1101              		.loc 1 262 40 view .LVU291
 1102 0086 0020     		movs	r0, #0
 1103 0088 0021     		movs	r1, #0
 1104              	.LBE83:
 259:Core/Src/main.c **** 		  // Convert to fixed-point coordinates
 1105              		.loc 1 259 13 view .LVU292
 1106 008a 0023     		movs	r3, #0
 1107              	.LVL79:
 1108              	.L40:
 1109              	.LBB84:
 262:Core/Src/main.c **** 		  // y0 = (y/height) * 2.0 - 1.0
 1110              		.loc 1 262 5 is_stmt 1 view .LVU293
 264:Core/Src/main.c **** 		  int64_t xi = 0, yi =0;
 1111              		.loc 1 264 5 view .LVU294
 265:Core/Src/main.c **** 		  int iter = 0;
 1112              		.loc 1 265 5 view .LVU295
 266:Core/Src/main.c **** 
 1113              		.loc 1 266 5 view .LVU296
 268:Core/Src/main.c **** 			  int64_t xi2 = (xi*xi)/SCALE;
 1114              		.loc 1 268 5 view .LVU297
 268:Core/Src/main.c **** 			  int64_t xi2 = (xi*xi)/SCALE;
 1115              		.loc 1 268 16 view .LVU298
 1116 008c 159D     		ldr	r5, [sp, #84]
 1117 008e 002D     		cmp	r5, #0
 1118 0090 00DC     		bgt	.LCB986
 1119 0092 9CE0     		b	.L31	@long jump
 1120              	.LCB986:
 262:Core/Src/main.c **** 		  // y0 = (y/height) * 2.0 - 1.0
 1121              		.loc 1 262 40 is_stmt 0 view .LVU299
 1122 0094 9A46     		mov	r10, r3
 262:Core/Src/main.c **** 		  // y0 = (y/height) * 2.0 - 1.0
ARM GAS  C:\Users\joshr\AppData\Local\Temp\cc8WiFl9.s 			page 34


 1123              		.loc 1 262 13 view .LVU300
 1124 0096 0124     		movs	r4, #1
 262:Core/Src/main.c **** 		  // y0 = (y/height) * 2.0 - 1.0
 1125              		.loc 1 262 40 view .LVU301
 1126 0098 109B     		ldr	r3, [sp, #64]
 1127              	.LVL80:
 262:Core/Src/main.c **** 		  // y0 = (y/height) * 2.0 - 1.0
 1128              		.loc 1 262 40 view .LVU302
 1129 009a 9346     		mov	fp, r2
 1130 009c 0890     		str	r0, [sp, #32]
 1131 009e 0991     		str	r1, [sp, #36]
 1132 00a0 FFF7FEFF 		bl	__aeabi_ldivmod
 1133              	.LVL81:
 262:Core/Src/main.c **** 		  // y0 = (y/height) * 2.0 - 1.0
 1134              		.loc 1 262 13 view .LVU303
 1135 00a4 584B     		ldr	r3, .L56+8
 1136 00a6 6442     		rsbs	r4, r4, #0
 1137 00a8 1B18     		adds	r3, r3, r0
 1138 00aa 4C41     		adcs	r4, r4, r1
 1139 00ac A946     		mov	r9, r5
 1140 00ae 0493     		str	r3, [sp, #16]
 1141 00b0 0594     		str	r4, [sp, #20]
 282:Core/Src/main.c **** 
 1142              		.loc 1 282 37 view .LVU304
 1143 00b2 EB17     		asrs	r3, r5, #31
 1144 00b4 1193     		str	r3, [sp, #68]
 1145              	.LVL82:
 1146              	.L32:
 1147              	.LBB79:
 270:Core/Src/main.c **** 
 1148              		.loc 1 270 14 view .LVU305
 1149 00b6 0023     		movs	r3, #0
 1150 00b8 0024     		movs	r4, #0
 1151              	.LBE79:
 266:Core/Src/main.c **** 
 1152              		.loc 1 266 9 view .LVU306
 1153 00ba 9846     		mov	r8, r3
 1154              	.LBB80:
 270:Core/Src/main.c **** 
 1155              		.loc 1 270 14 view .LVU307
 1156 00bc 0293     		str	r3, [sp, #8]
 1157 00be 0394     		str	r4, [sp, #12]
 269:Core/Src/main.c **** 			  int64_t yi2 = (yi*yi)/SCALE;
 1158              		.loc 1 269 14 view .LVU308
 1159 00c0 0093     		str	r3, [sp]
 1160 00c2 0194     		str	r4, [sp, #4]
 1161              	.LBE80:
 265:Core/Src/main.c **** 		  int iter = 0;
 1162              		.loc 1 265 21 view .LVU309
 1163 00c4 0025     		movs	r5, #0
 1164 00c6 0024     		movs	r4, #0
 265:Core/Src/main.c **** 		  int iter = 0;
 1165              		.loc 1 265 13 view .LVU310
 1166 00c8 0026     		movs	r6, #0
 1167 00ca 0027     		movs	r7, #0
 1168 00cc 20E0     		b	.L51
 1169              	.LVL83:
ARM GAS  C:\Users\joshr\AppData\Local\Temp\cc8WiFl9.s 			page 35


 1170              	.L37:
 1171              	.LBB81:
 269:Core/Src/main.c **** 			  int64_t yi2 = (yi*yi)/SCALE;
 1172              		.loc 1 269 6 is_stmt 1 view .LVU311
 269:Core/Src/main.c **** 			  int64_t yi2 = (yi*yi)/SCALE;
 1173              		.loc 1 269 23 is_stmt 0 view .LVU312
 1174 00ce 3200     		movs	r2, r6
 1175 00d0 3B00     		movs	r3, r7
 1176 00d2 3000     		movs	r0, r6
 1177 00d4 3900     		movs	r1, r7
 1178 00d6 FFF7FEFF 		bl	__aeabi_lmul
 1179              	.LVL84:
 269:Core/Src/main.c **** 			  int64_t yi2 = (yi*yi)/SCALE;
 1180              		.loc 1 269 14 view .LVU313
 1181 00da 0023     		movs	r3, #0
 1182 00dc 4B4A     		ldr	r2, .L56+12
 1183 00de FFF7FEFF 		bl	__aeabi_ldivmod
 1184              	.LVL85:
 270:Core/Src/main.c **** 
 1185              		.loc 1 270 23 view .LVU314
 1186 00e2 2200     		movs	r2, r4
 1187 00e4 2B00     		movs	r3, r5
 269:Core/Src/main.c **** 			  int64_t yi2 = (yi*yi)/SCALE;
 1188              		.loc 1 269 14 view .LVU315
 1189 00e6 0090     		str	r0, [sp]
 1190              	.LVL86:
 269:Core/Src/main.c **** 			  int64_t yi2 = (yi*yi)/SCALE;
 1191              		.loc 1 269 14 view .LVU316
 1192 00e8 0191     		str	r1, [sp, #4]
 1193              	.LVL87:
 270:Core/Src/main.c **** 
 1194              		.loc 1 270 6 is_stmt 1 view .LVU317
 270:Core/Src/main.c **** 
 1195              		.loc 1 270 23 is_stmt 0 view .LVU318
 1196 00ea 2000     		movs	r0, r4
 1197 00ec 2900     		movs	r1, r5
 1198 00ee FFF7FEFF 		bl	__aeabi_lmul
 1199              	.LVL88:
 270:Core/Src/main.c **** 
 1200              		.loc 1 270 14 view .LVU319
 1201 00f2 0023     		movs	r3, #0
 1202 00f4 454A     		ldr	r2, .L56+12
 1203 00f6 FFF7FEFF 		bl	__aeabi_ldivmod
 1204              	.LVL89:
 272:Core/Src/main.c ****                   break;
 1205              		.loc 1 272 14 view .LVU320
 1206 00fa 009A     		ldr	r2, [sp]
 1207 00fc 019B     		ldr	r3, [sp, #4]
 270:Core/Src/main.c **** 
 1208              		.loc 1 270 14 view .LVU321
 1209 00fe 0290     		str	r0, [sp, #8]
 1210              	.LVL90:
 270:Core/Src/main.c **** 
 1211              		.loc 1 270 14 view .LVU322
 1212 0100 0391     		str	r1, [sp, #12]
 1213              	.LVL91:
 272:Core/Src/main.c ****                   break;
ARM GAS  C:\Users\joshr\AppData\Local\Temp\cc8WiFl9.s 			page 36


 1214              		.loc 1 272 6 is_stmt 1 view .LVU323
 272:Core/Src/main.c ****                   break;
 1215              		.loc 1 272 14 is_stmt 0 view .LVU324
 1216 0102 0298     		ldr	r0, [sp, #8]
 1217 0104 0399     		ldr	r1, [sp, #12]
 1218 0106 1218     		adds	r2, r2, r0
 1219 0108 4B41     		adcs	r3, r3, r1
 272:Core/Src/main.c ****                   break;
 1220              		.loc 1 272 9 view .LVU325
 1221 010a 002B     		cmp	r3, #0
 1222 010c 43DC     		bgt	.L46
 1223 010e 3FD0     		beq	.L55
 1224              	.LVL92:
 1225              	.L51:
 277:Core/Src/main.c **** 			  yi = (2*xi*yi)/SCALE+y0;
 1226              		.loc 1 277 6 is_stmt 1 view .LVU326
 278:Core/Src/main.c **** 			  xi = temp + x0;
 1227              		.loc 1 278 6 view .LVU327
 278:Core/Src/main.c **** 			  xi = temp + x0;
 1228              		.loc 1 278 16 is_stmt 0 view .LVU328
 1229 0110 2200     		movs	r2, r4
 1230 0112 2B00     		movs	r3, r5
 1231 0114 3000     		movs	r0, r6
 1232 0116 3900     		movs	r1, r7
 1233 0118 FFF7FEFF 		bl	__aeabi_lmul
 1234              	.LVL93:
 278:Core/Src/main.c **** 			  xi = temp + x0;
 1235              		.loc 1 278 20 view .LVU329
 1236 011c 0023     		movs	r3, #0
 1237 011e 3C4A     		ldr	r2, .L56+16
 1238 0120 FFF7FEFF 		bl	__aeabi_ldivmod
 1239              	.LVL94:
 277:Core/Src/main.c **** 			  yi = (2*xi*yi)/SCALE+y0;
 1240              		.loc 1 277 14 view .LVU330
 1241 0124 029A     		ldr	r2, [sp, #8]
 1242 0126 039B     		ldr	r3, [sp, #12]
 1243 0128 009E     		ldr	r6, [sp]
 1244 012a 019F     		ldr	r7, [sp, #4]
 1245              	.LVL95:
 278:Core/Src/main.c **** 			  xi = temp + x0;
 1246              		.loc 1 278 9 view .LVU331
 1247 012c 069C     		ldr	r4, [sp, #24]
 1248 012e 079D     		ldr	r5, [sp, #28]
 1249              	.LVL96:
 277:Core/Src/main.c **** 			  yi = (2*xi*yi)/SCALE+y0;
 1250              		.loc 1 277 14 view .LVU332
 1251 0130 B61A     		subs	r6, r6, r2
 1252 0132 9F41     		sbcs	r7, r7, r3
 1253              	.LVL97:
 279:Core/Src/main.c **** 			  iter++;
 1254              		.loc 1 279 9 view .LVU333
 1255 0134 049A     		ldr	r2, [sp, #16]
 1256 0136 059B     		ldr	r3, [sp, #20]
 1257 0138 B618     		adds	r6, r6, r2
 1258 013a 5F41     		adcs	r7, r7, r3
 1259              	.LVL98:
 280:Core/Src/main.c **** 		  }
ARM GAS  C:\Users\joshr\AppData\Local\Temp\cc8WiFl9.s 			page 37


 1260              		.loc 1 280 10 view .LVU334
 1261 013c 0123     		movs	r3, #1
 1262 013e 9C46     		mov	ip, r3
 1263 0140 E044     		add	r8, r8, ip
 1264              	.LVL99:
 278:Core/Src/main.c **** 			  xi = temp + x0;
 1265              		.loc 1 278 9 view .LVU335
 1266 0142 2418     		adds	r4, r4, r0
 1267 0144 4D41     		adcs	r5, r5, r1
 1268              	.LVL100:
 279:Core/Src/main.c **** 			  iter++;
 1269              		.loc 1 279 6 is_stmt 1 view .LVU336
 280:Core/Src/main.c **** 		  }
 1270              		.loc 1 280 6 view .LVU337
 280:Core/Src/main.c **** 		  }
 1271              		.loc 1 280 6 is_stmt 0 view .LVU338
 1272              	.LBE81:
 268:Core/Src/main.c **** 			  int64_t xi2 = (xi*xi)/SCALE;
 1273              		.loc 1 268 16 is_stmt 1 view .LVU339
 1274 0146 C145     		cmp	r9, r8
 1275 0148 C1D1     		bne	.L37
 282:Core/Src/main.c **** 
 1276              		.loc 1 282 37 is_stmt 0 view .LVU340
 1277 014a 4B46     		mov	r3, r9
 1278 014c 0C93     		str	r3, [sp, #48]
 1279 014e 119B     		ldr	r3, [sp, #68]
 1280              	.LBE84:
 259:Core/Src/main.c **** 		  // Convert to fixed-point coordinates
 1281              		.loc 1 259 32 discriminator 2 view .LVU341
 1282 0150 E244     		add	r10, r10, ip
 1283              	.LVL101:
 1284              	.LBB85:
 282:Core/Src/main.c **** 
 1285              		.loc 1 282 37 view .LVU342
 1286 0152 0D93     		str	r3, [sp, #52]
 282:Core/Src/main.c **** 
 1287              		.loc 1 282 20 view .LVU343
 1288 0154 0C99     		ldr	r1, [sp, #48]
 1289 0156 0D9A     		ldr	r2, [sp, #52]
 1290 0158 0A9B     		ldr	r3, [sp, #40]
 1291 015a 0B9C     		ldr	r4, [sp, #44]
 1292 015c 5B18     		adds	r3, r3, r1
 1293 015e 5441     		adcs	r4, r4, r2
 1294              	.LBE85:
 259:Core/Src/main.c **** 		  // Convert to fixed-point coordinates
 1295              		.loc 1 259 22 discriminator 1 view .LVU344
 1296 0160 0898     		ldr	r0, [sp, #32]
 1297 0162 0999     		ldr	r1, [sp, #36]
 1298              	.LBB86:
 282:Core/Src/main.c **** 
 1299              		.loc 1 282 20 view .LVU345
 1300 0164 0A93     		str	r3, [sp, #40]
 1301 0166 0B94     		str	r4, [sp, #44]
 1302              	.LVL102:
 282:Core/Src/main.c **** 
 1303              		.loc 1 282 5 is_stmt 1 view .LVU346
 282:Core/Src/main.c **** 
ARM GAS  C:\Users\joshr\AppData\Local\Temp\cc8WiFl9.s 			page 38


 1304              		.loc 1 282 5 is_stmt 0 view .LVU347
 1305              	.LBE86:
 259:Core/Src/main.c **** 		  // Convert to fixed-point coordinates
 1306              		.loc 1 259 32 is_stmt 1 discriminator 2 view .LVU348
 259:Core/Src/main.c **** 		  // Convert to fixed-point coordinates
 1307              		.loc 1 259 22 discriminator 1 view .LVU349
 1308 0168 0024     		movs	r4, #0
 1309              	.LVL103:
 259:Core/Src/main.c **** 		  // Convert to fixed-point coordinates
 1310              		.loc 1 259 22 is_stmt 0 discriminator 1 view .LVU350
 1311 016a 2A4B     		ldr	r3, .L56+20
 1312 016c C018     		adds	r0, r0, r3
 1313 016e 6141     		adcs	r1, r1, r4
 1314 0170 0890     		str	r0, [sp, #32]
 1315 0172 0991     		str	r1, [sp, #36]
 1316 0174 D345     		cmp	fp, r10
 1317 0176 33D0     		beq	.L38
 1318              	.LVL104:
 1319              	.L53:
 1320              	.LBB87:
 262:Core/Src/main.c **** 		  // y0 = (y/height) * 2.0 - 1.0
 1321              		.loc 1 262 5 is_stmt 1 view .LVU351
 262:Core/Src/main.c **** 		  // y0 = (y/height) * 2.0 - 1.0
 1322              		.loc 1 262 40 is_stmt 0 view .LVU352
 1323 0178 109B     		ldr	r3, [sp, #64]
 1324 017a 5A46     		mov	r2, fp
 262:Core/Src/main.c **** 		  // y0 = (y/height) * 2.0 - 1.0
 1325              		.loc 1 262 13 view .LVU353
 1326 017c 0124     		movs	r4, #1
 262:Core/Src/main.c **** 		  // y0 = (y/height) * 2.0 - 1.0
 1327              		.loc 1 262 40 view .LVU354
 1328 017e FFF7FEFF 		bl	__aeabi_ldivmod
 1329              	.LVL105:
 262:Core/Src/main.c **** 		  // y0 = (y/height) * 2.0 - 1.0
 1330              		.loc 1 262 13 view .LVU355
 1331 0182 214B     		ldr	r3, .L56+8
 1332 0184 6442     		rsbs	r4, r4, #0
 1333 0186 1B18     		adds	r3, r3, r0
 1334 0188 4C41     		adcs	r4, r4, r1
 1335 018a 0493     		str	r3, [sp, #16]
 1336 018c 0594     		str	r4, [sp, #20]
 1337              	.LVL106:
 264:Core/Src/main.c **** 		  int64_t xi = 0, yi =0;
 1338              		.loc 1 264 5 is_stmt 1 view .LVU356
 265:Core/Src/main.c **** 		  int iter = 0;
 1339              		.loc 1 265 5 view .LVU357
 266:Core/Src/main.c **** 
 1340              		.loc 1 266 5 view .LVU358
 268:Core/Src/main.c **** 			  int64_t xi2 = (xi*xi)/SCALE;
 1341              		.loc 1 268 5 view .LVU359
 268:Core/Src/main.c **** 			  int64_t xi2 = (xi*xi)/SCALE;
 1342              		.loc 1 268 16 view .LVU360
 1343 018e 92E7     		b	.L32
 1344              	.LVL107:
 1345              	.L55:
 1346              	.LBB82:
 272:Core/Src/main.c ****                   break;
ARM GAS  C:\Users\joshr\AppData\Local\Temp\cc8WiFl9.s 			page 39


 1347              		.loc 1 272 9 is_stmt 0 view .LVU361
 1348 0190 2149     		ldr	r1, .L56+24
 1349 0192 8A42     		cmp	r2, r1
 1350 0194 BCD9     		bls	.L51
 1351              	.L46:
 1352              	.LBE82:
 282:Core/Src/main.c **** 
 1353              		.loc 1 282 37 view .LVU362
 1354 0196 4346     		mov	r3, r8
 1355 0198 0E93     		str	r3, [sp, #56]
 1356 019a DB17     		asrs	r3, r3, #31
 1357 019c 0F93     		str	r3, [sp, #60]
 282:Core/Src/main.c **** 
 1358              		.loc 1 282 20 view .LVU363
 1359 019e 0E99     		ldr	r1, [sp, #56]
 1360 01a0 0F9A     		ldr	r2, [sp, #60]
 1361 01a2 0A9B     		ldr	r3, [sp, #40]
 1362 01a4 0B9C     		ldr	r4, [sp, #44]
 1363 01a6 5B18     		adds	r3, r3, r1
 1364 01a8 5441     		adcs	r4, r4, r2
 1365 01aa 0A93     		str	r3, [sp, #40]
 1366 01ac 0B94     		str	r4, [sp, #44]
 1367              	.LVL108:
 282:Core/Src/main.c **** 
 1368              		.loc 1 282 5 is_stmt 1 view .LVU364
 282:Core/Src/main.c **** 
 1369              		.loc 1 282 5 is_stmt 0 view .LVU365
 1370              	.LBE87:
 259:Core/Src/main.c **** 		  // Convert to fixed-point coordinates
 1371              		.loc 1 259 32 is_stmt 1 discriminator 2 view .LVU366
 1372 01ae 0123     		movs	r3, #1
 259:Core/Src/main.c **** 		  // Convert to fixed-point coordinates
 1373              		.loc 1 259 22 is_stmt 0 discriminator 1 view .LVU367
 1374 01b0 0022     		movs	r2, #0
 1375 01b2 1849     		ldr	r1, .L56+20
 259:Core/Src/main.c **** 		  // Convert to fixed-point coordinates
 1376              		.loc 1 259 32 discriminator 2 view .LVU368
 1377 01b4 9C46     		mov	ip, r3
 259:Core/Src/main.c **** 		  // Convert to fixed-point coordinates
 1378              		.loc 1 259 22 discriminator 1 view .LVU369
 1379 01b6 089B     		ldr	r3, [sp, #32]
 1380 01b8 099C     		ldr	r4, [sp, #36]
 1381 01ba 5B18     		adds	r3, r3, r1
 1382 01bc 5441     		adcs	r4, r4, r2
 259:Core/Src/main.c **** 		  // Convert to fixed-point coordinates
 1383              		.loc 1 259 32 discriminator 2 view .LVU370
 1384 01be E244     		add	r10, r10, ip
 1385              	.LVL109:
 259:Core/Src/main.c **** 		  // Convert to fixed-point coordinates
 1386              		.loc 1 259 22 is_stmt 1 discriminator 1 view .LVU371
 1387 01c0 0893     		str	r3, [sp, #32]
 1388 01c2 0994     		str	r4, [sp, #36]
 1389 01c4 D345     		cmp	fp, r10
 1390 01c6 0BD0     		beq	.L38
 259:Core/Src/main.c **** 		  // Convert to fixed-point coordinates
 1391              		.loc 1 259 22 is_stmt 0 discriminator 1 view .LVU372
 1392 01c8 1800     		movs	r0, r3
ARM GAS  C:\Users\joshr\AppData\Local\Temp\cc8WiFl9.s 			page 40


 1393              	.LVL110:
 259:Core/Src/main.c **** 		  // Convert to fixed-point coordinates
 1394              		.loc 1 259 22 discriminator 1 view .LVU373
 1395 01ca 2100     		movs	r1, r4
 1396 01cc D4E7     		b	.L53
 1397              	.LVL111:
 1398              	.L31:
 1399              	.LBB88:
 282:Core/Src/main.c **** 
 1400              		.loc 1 282 5 is_stmt 1 view .LVU374
 282:Core/Src/main.c **** 
 1401              		.loc 1 282 5 is_stmt 0 view .LVU375
 1402              	.LBE88:
 259:Core/Src/main.c **** 		  // Convert to fixed-point coordinates
 1403              		.loc 1 259 32 is_stmt 1 discriminator 2 view .LVU376
 259:Core/Src/main.c **** 		  // Convert to fixed-point coordinates
 1404              		.loc 1 259 22 is_stmt 0 discriminator 1 view .LVU377
 1405 01ce 0025     		movs	r5, #0
 1406 01d0 104C     		ldr	r4, .L56+20
 259:Core/Src/main.c **** 		  // Convert to fixed-point coordinates
 1407              		.loc 1 259 32 discriminator 2 view .LVU378
 1408 01d2 0133     		adds	r3, r3, #1
 1409              	.LVL112:
 259:Core/Src/main.c **** 		  // Convert to fixed-point coordinates
 1410              		.loc 1 259 22 is_stmt 1 discriminator 1 view .LVU379
 1411 01d4 0019     		adds	r0, r0, r4
 1412 01d6 6941     		adcs	r1, r1, r5
 1413              	.LVL113:
 259:Core/Src/main.c **** 		  // Convert to fixed-point coordinates
 1414              		.loc 1 259 22 is_stmt 0 discriminator 1 view .LVU380
 1415 01d8 9A42     		cmp	r2, r3
 1416 01da 00D0     		beq	.LCB1271
 1417 01dc 56E7     		b	.L40	@long jump
 1418              	.LCB1271:
 1419 01de 9346     		mov	fp, r2
 1420              	.LBE89:
 258:Core/Src/main.c **** 	  for (int x = 0; x < width; x++){
 1421              		.loc 1 258 32 is_stmt 1 discriminator 2 view .LVU381
 1422              	.LVL114:
 1423              	.L38:
 258:Core/Src/main.c **** 	  for (int x = 0; x < width; x++){
 1424              		.loc 1 258 32 discriminator 2 view .LVU382
 258:Core/Src/main.c **** 	  for (int x = 0; x < width; x++){
 1425              		.loc 1 258 21 is_stmt 0 discriminator 1 view .LVU383
 1426 01e0 1298     		ldr	r0, [sp, #72]
 1427 01e2 1399     		ldr	r1, [sp, #76]
 1428 01e4 0023     		movs	r3, #0
 1429 01e6 064A     		ldr	r2, .L56
 258:Core/Src/main.c **** 	  for (int x = 0; x < width; x++){
 1430              		.loc 1 258 32 discriminator 2 view .LVU384
 1431 01e8 149C     		ldr	r4, [sp, #80]
 258:Core/Src/main.c **** 	  for (int x = 0; x < width; x++){
 1432              		.loc 1 258 21 discriminator 1 view .LVU385
 1433 01ea 8018     		adds	r0, r0, r2
 1434 01ec 5941     		adcs	r1, r1, r3
 1435 01ee 169B     		ldr	r3, [sp, #88]
 258:Core/Src/main.c **** 	  for (int x = 0; x < width; x++){
ARM GAS  C:\Users\joshr\AppData\Local\Temp\cc8WiFl9.s 			page 41


 1436              		.loc 1 258 32 discriminator 2 view .LVU386
 1437 01f0 0134     		adds	r4, r4, #1
 258:Core/Src/main.c **** 	  for (int x = 0; x < width; x++){
 1438              		.loc 1 258 21 discriminator 1 view .LVU387
 1439 01f2 1290     		str	r0, [sp, #72]
 1440 01f4 1391     		str	r1, [sp, #76]
 258:Core/Src/main.c **** 	  for (int x = 0; x < width; x++){
 1441              		.loc 1 258 32 discriminator 2 view .LVU388
 1442 01f6 1494     		str	r4, [sp, #80]
 1443              	.LVL115:
 258:Core/Src/main.c **** 	  for (int x = 0; x < width; x++){
 1444              		.loc 1 258 21 is_stmt 1 discriminator 1 view .LVU389
 1445 01f8 9C42     		cmp	r4, r3
 1446 01fa 00D0     		beq	.LCB1300
 1447 01fc 35E7     		b	.L41	@long jump
 1448              	.LCB1300:
 1449 01fe 1DE7     		b	.L28
 1450              	.L57:
 1451              		.align	2
 1452              	.L56:
 1453 0200 80841E00 		.word	2000000
 1454 0204 C0BDF0FF 		.word	-1000000
 1455 0208 60DAD9FF 		.word	-2500000
 1456 020c 40420F00 		.word	1000000
 1457 0210 20A10700 		.word	500000
 1458 0214 E0673500 		.word	3500000
 1459 0218 00093D00 		.word	4000000
 1460              	.LBE93:
 1461              		.cfi_endproc
 1462              	.LFE43:
 1464              		.section	.text.calculate_mandelbrot_double,"ax",%progbits
 1465              		.align	1
 1466              		.p2align 2,,3
 1467              		.global	calculate_mandelbrot_double
 1468              		.syntax unified
 1469              		.code	16
 1470              		.thumb_func
 1472              	calculate_mandelbrot_double:
 1473              	.LVL116:
 1474              	.LFB44:
 292:Core/Src/main.c ****     uint64_t mandelbrot_sum = 0;
 1475              		.loc 1 292 1 view -0
 1476              		.cfi_startproc
 1477              		@ args = 0, pretend = 0, frame = 80
 1478              		@ frame_needed = 0, uses_anonymous_args = 0
 293:Core/Src/main.c ****     //TODO: Complete the function implementation
 1479              		.loc 1 293 5 view .LVU391
 296:Core/Src/main.c ****     {
 1480              		.loc 1 296 5 view .LVU392
 1481              	.LBB94:
 296:Core/Src/main.c ****     {
 1482              		.loc 1 296 10 view .LVU393
 296:Core/Src/main.c ****     {
 1483              		.loc 1 296 23 discriminator 1 view .LVU394
 1484              	.LBE94:
 292:Core/Src/main.c ****     uint64_t mandelbrot_sum = 0;
 1485              		.loc 1 292 1 is_stmt 0 view .LVU395
ARM GAS  C:\Users\joshr\AppData\Local\Temp\cc8WiFl9.s 			page 42


 1486 0000 F0B5     		push	{r4, r5, r6, r7, lr}
 1487              	.LCFI8:
 1488              		.cfi_def_cfa_offset 20
 1489              		.cfi_offset 4, -20
 1490              		.cfi_offset 5, -16
 1491              		.cfi_offset 6, -12
 1492              		.cfi_offset 7, -8
 1493              		.cfi_offset 14, -4
 1494 0002 DE46     		mov	lr, fp
 1495 0004 5746     		mov	r7, r10
 1496 0006 4E46     		mov	r6, r9
 1497 0008 4546     		mov	r5, r8
 1498 000a E0B5     		push	{r5, r6, r7, lr}
 1499              	.LCFI9:
 1500              		.cfi_def_cfa_offset 36
 1501              		.cfi_offset 8, -36
 1502              		.cfi_offset 9, -32
 1503              		.cfi_offset 10, -28
 1504              		.cfi_offset 11, -24
 1505 000c 8346     		mov	fp, r0
 1506 000e 0F00     		movs	r7, r1
 1507 0010 9146     		mov	r9, r2
 1508 0012 95B0     		sub	sp, sp, #84
 1509              	.LCFI10:
 1510              		.cfi_def_cfa_offset 120
 1511              	.LBB106:
 296:Core/Src/main.c ****     {
 1512              		.loc 1 296 23 discriminator 1 view .LVU396
 1513 0014 0029     		cmp	r1, #0
 1514 0016 00DC     		bgt	.LCB1360
 1515 0018 D6E0     		b	.L81	@long jump
 1516              	.LCB1360:
 1517              	.LVL117:
 1518              	.LBB95:
 298:Core/Src/main.c ****     	{
 1519              		.loc 1 298 24 is_stmt 1 discriminator 1 view .LVU397
 1520 001a 0023     		movs	r3, #0
 1521 001c 0024     		movs	r4, #0
 1522 001e 0A93     		str	r3, [sp, #40]
 1523 0020 0B94     		str	r4, [sp, #44]
 1524              	.LBB96:
 327:Core/Src/main.c **** 
 1525              		.loc 1 327 39 is_stmt 0 view .LVU398
 1526 0022 D317     		asrs	r3, r2, #31
 1527              	.LBE96:
 298:Core/Src/main.c ****     	{
 1528              		.loc 1 298 24 discriminator 1 view .LVU399
 1529 0024 0026     		movs	r6, #0
 1530              	.LBB100:
 327:Core/Src/main.c **** 
 1531              		.loc 1 327 39 view .LVU400
 1532 0026 1293     		str	r3, [sp, #72]
 1533              	.LBE100:
 298:Core/Src/main.c ****     	{
 1534              		.loc 1 298 24 discriminator 1 view .LVU401
 1535 0028 0028     		cmp	r0, #0
 1536 002a 10DD     		ble	.L58
ARM GAS  C:\Users\joshr\AppData\Local\Temp\cc8WiFl9.s 			page 43


 1537 002c 4B46     		mov	r3, r9
 1538 002e 1396     		str	r6, [sp, #76]
 1539 0030 0793     		str	r3, [sp, #28]
 1540              	.LVL118:
 1541              	.L69:
 298:Core/Src/main.c ****     	{
 1542              		.loc 1 298 15 view .LVU402
 1543 0032 0023     		movs	r3, #0
 1544 0034 5A46     		mov	r2, fp
 1545              	.LVL119:
 1546              	.L68:
 1547              	.LBB101:
 300:Core/Src/main.c ****     		double y_0 = (double)y/height * 2.0 - 1.0;
 1548              		.loc 1 300 7 is_stmt 1 view .LVU403
 301:Core/Src/main.c **** 
 1549              		.loc 1 301 7 view .LVU404
 303:Core/Src/main.c ****     		double y_i = 0;
 1550              		.loc 1 303 7 view .LVU405
 304:Core/Src/main.c ****     		int iteration = 0;
 1551              		.loc 1 304 7 view .LVU406
 305:Core/Src/main.c **** 
 1552              		.loc 1 305 7 view .LVU407
 308:Core/Src/main.c ****     		{
 1553              		.loc 1 308 7 view .LVU408
 308:Core/Src/main.c ****     		{
 1554              		.loc 1 308 24 view .LVU409
 1555 0036 0799     		ldr	r1, [sp, #28]
 1556 0038 0029     		cmp	r1, #0
 1557 003a 11DC     		bgt	.L82
 327:Core/Src/main.c **** 
 1558              		.loc 1 327 7 view .LVU410
 1559              	.LVL120:
 327:Core/Src/main.c **** 
 1560              		.loc 1 327 7 is_stmt 0 view .LVU411
 1561              	.LBE101:
 298:Core/Src/main.c ****     	{
 1562              		.loc 1 298 35 is_stmt 1 discriminator 2 view .LVU412
 1563 003c 0133     		adds	r3, r3, #1
 1564              	.LVL121:
 298:Core/Src/main.c ****     	{
 1565              		.loc 1 298 24 discriminator 1 view .LVU413
 1566 003e 9A42     		cmp	r2, r3
 1567 0040 F9D1     		bne	.L68
 1568              	.LBE95:
 296:Core/Src/main.c ****     {
 1569              		.loc 1 296 34 is_stmt 0 discriminator 2 view .LVU414
 1570 0042 139B     		ldr	r3, [sp, #76]
 1571              	.LVL122:
 296:Core/Src/main.c ****     {
 1572              		.loc 1 296 34 discriminator 2 view .LVU415
 1573 0044 9346     		mov	fp, r2
 296:Core/Src/main.c ****     {
 1574              		.loc 1 296 34 is_stmt 1 discriminator 2 view .LVU416
 1575 0046 0133     		adds	r3, r3, #1
 1576 0048 1393     		str	r3, [sp, #76]
 1577              	.LVL123:
 296:Core/Src/main.c ****     {
ARM GAS  C:\Users\joshr\AppData\Local\Temp\cc8WiFl9.s 			page 44


 1578              		.loc 1 296 23 discriminator 1 view .LVU417
 1579 004a 9F42     		cmp	r7, r3
 1580 004c F1D1     		bne	.L69
 1581              	.LVL124:
 1582              	.L58:
 296:Core/Src/main.c ****     {
 1583              		.loc 1 296 23 is_stmt 0 discriminator 1 view .LVU418
 1584              	.LBE106:
 333:Core/Src/main.c **** 
 1585              		.loc 1 333 1 view .LVU419
 1586 004e 0A98     		ldr	r0, [sp, #40]
 1587 0050 0B99     		ldr	r1, [sp, #44]
 1588 0052 15B0     		add	sp, sp, #84
 1589              		@ sp needed
 1590              	.LVL125:
 1591              	.LVL126:
 333:Core/Src/main.c **** 
 1592              		.loc 1 333 1 view .LVU420
 1593 0054 F0BC     		pop	{r4, r5, r6, r7}
 1594 0056 BB46     		mov	fp, r7
 1595 0058 B246     		mov	r10, r6
 1596 005a A946     		mov	r9, r5
 1597 005c A046     		mov	r8, r4
 1598 005e F0BD     		pop	{r4, r5, r6, r7, pc}
 1599              	.LVL127:
 1600              	.L82:
 1601              	.LBB107:
 1602              	.LBB105:
 1603              	.LBB102:
 301:Core/Src/main.c **** 
 1604              		.loc 1 301 20 view .LVU421
 1605 0060 1398     		ldr	r0, [sp, #76]
 1606 0062 9A46     		mov	r10, r3
 1607 0064 9346     		mov	fp, r2
 1608 0066 FFF7FEFF 		bl	__aeabi_i2d
 1609              	.LVL128:
 301:Core/Src/main.c **** 
 1610              		.loc 1 301 20 view .LVU422
 1611 006a 0400     		movs	r4, r0
 301:Core/Src/main.c **** 
 1612              		.loc 1 301 29 view .LVU423
 1613 006c 3800     		movs	r0, r7
 301:Core/Src/main.c **** 
 1614              		.loc 1 301 20 view .LVU424
 1615 006e 0D00     		movs	r5, r1
 301:Core/Src/main.c **** 
 1616              		.loc 1 301 29 view .LVU425
 1617 0070 FFF7FEFF 		bl	__aeabi_i2d
 1618              	.LVL129:
 1619 0074 0200     		movs	r2, r0
 1620 0076 0B00     		movs	r3, r1
 1621 0078 2000     		movs	r0, r4
 1622 007a 2900     		movs	r1, r5
 1623 007c FFF7FEFF 		bl	__aeabi_ddiv
 1624              	.LVL130:
 301:Core/Src/main.c **** 
 1625              		.loc 1 301 37 view .LVU426
ARM GAS  C:\Users\joshr\AppData\Local\Temp\cc8WiFl9.s 			page 45


 1626 0080 0200     		movs	r2, r0
 1627 0082 0B00     		movs	r3, r1
 1628 0084 FFF7FEFF 		bl	__aeabi_dadd
 1629              	.LVL131:
 301:Core/Src/main.c **** 
 1630              		.loc 1 301 14 view .LVU427
 1631 0088 0022     		movs	r2, #0
 1632 008a 524B     		ldr	r3, .L84
 1633 008c FFF7FEFF 		bl	__aeabi_dsub
 1634              	.LVL132:
 1635 0090 0890     		str	r0, [sp, #32]
 1636 0092 0991     		str	r1, [sp, #36]
 300:Core/Src/main.c ****     		double y_0 = (double)y/height * 2.0 - 1.0;
 1637              		.loc 1 300 30 view .LVU428
 1638 0094 5846     		mov	r0, fp
 1639 0096 FFF7FEFF 		bl	__aeabi_i2d
 1640              	.LVL133:
 1641 009a 0400     		movs	r4, r0
 1642 009c 0D00     		movs	r5, r1
 300:Core/Src/main.c ****     		double y_0 = (double)y/height * 2.0 - 1.0;
 1643              		.loc 1 300 21 view .LVU429
 1644 009e 5046     		mov	r0, r10
 300:Core/Src/main.c ****     		double y_0 = (double)y/height * 2.0 - 1.0;
 1645              		.loc 1 300 30 view .LVU430
 1646 00a0 1094     		str	r4, [sp, #64]
 1647 00a2 1195     		str	r5, [sp, #68]
 300:Core/Src/main.c ****     		double y_0 = (double)y/height * 2.0 - 1.0;
 1648              		.loc 1 300 21 view .LVU431
 1649 00a4 FFF7FEFF 		bl	__aeabi_i2d
 1650              	.LVL134:
 300:Core/Src/main.c ****     		double y_0 = (double)y/height * 2.0 - 1.0;
 1651              		.loc 1 300 30 view .LVU432
 1652 00a8 2200     		movs	r2, r4
 1653 00aa 2B00     		movs	r3, r5
 1654 00ac FFF7FEFF 		bl	__aeabi_ddiv
 1655              	.LVL135:
 300:Core/Src/main.c ****     		double y_0 = (double)y/height * 2.0 - 1.0;
 1656              		.loc 1 300 37 view .LVU433
 1657 00b0 0022     		movs	r2, #0
 1658 00b2 494B     		ldr	r3, .L84+4
 1659 00b4 FFF7FEFF 		bl	__aeabi_dmul
 1660              	.LVL136:
 300:Core/Src/main.c ****     		double y_0 = (double)y/height * 2.0 - 1.0;
 1661              		.loc 1 300 14 view .LVU434
 1662 00b8 0022     		movs	r2, #0
 1663 00ba 484B     		ldr	r3, .L84+8
 1664 00bc FFF7FEFF 		bl	__aeabi_dsub
 1665              	.LVL137:
 1666 00c0 D946     		mov	r9, fp
 1667 00c2 D346     		mov	fp, r10
 1668              	.LVL138:
 300:Core/Src/main.c ****     		double y_0 = (double)y/height * 2.0 - 1.0;
 1669              		.loc 1 300 14 view .LVU435
 1670 00c4 BA46     		mov	r10, r7
 1671              	.LVL139:
 300:Core/Src/main.c ****     		double y_0 = (double)y/height * 2.0 - 1.0;
 1672              		.loc 1 300 14 view .LVU436
ARM GAS  C:\Users\joshr\AppData\Local\Temp\cc8WiFl9.s 			page 46


 1673 00c6 0490     		str	r0, [sp, #16]
 1674 00c8 0591     		str	r1, [sp, #20]
 1675              	.LVL140:
 1676              	.L62:
 305:Core/Src/main.c **** 
 1677              		.loc 1 305 11 view .LVU437
 1678 00ca 0023     		movs	r3, #0
 304:Core/Src/main.c ****     		int iteration = 0;
 1679              		.loc 1 304 14 view .LVU438
 1680 00cc 0026     		movs	r6, #0
 1681 00ce 0027     		movs	r7, #0
 303:Core/Src/main.c ****     		double y_i = 0;
 1682              		.loc 1 303 14 view .LVU439
 1683 00d0 3400     		movs	r4, r6
 1684 00d2 3D00     		movs	r5, r7
 1685 00d4 9846     		mov	r8, r3
 1686 00d6 21E0     		b	.L67
 1687              	.LVL141:
 1688              	.L76:
 1689              	.LBB97:
 318:Core/Src/main.c ****     			y_i = 2.0*x_i*y_i + y_0;
 1690              		.loc 1 318 8 is_stmt 1 view .LVU440
 319:Core/Src/main.c **** 
 1691              		.loc 1 319 8 view .LVU441
 319:Core/Src/main.c **** 
 1692              		.loc 1 319 17 is_stmt 0 view .LVU442
 1693 00d8 2200     		movs	r2, r4
 1694 00da 2B00     		movs	r3, r5
 1695 00dc 2000     		movs	r0, r4
 1696 00de 2900     		movs	r1, r5
 1697 00e0 FFF7FEFF 		bl	__aeabi_dadd
 1698              	.LVL142:
 319:Core/Src/main.c **** 
 1699              		.loc 1 319 21 view .LVU443
 1700 00e4 3200     		movs	r2, r6
 1701 00e6 3B00     		movs	r3, r7
 1702 00e8 FFF7FEFF 		bl	__aeabi_dmul
 1703              	.LVL143:
 319:Core/Src/main.c **** 
 1704              		.loc 1 319 12 view .LVU444
 1705 00ec 089A     		ldr	r2, [sp, #32]
 1706 00ee 099B     		ldr	r3, [sp, #36]
 1707 00f0 FFF7FEFF 		bl	__aeabi_dadd
 1708              	.LVL144:
 318:Core/Src/main.c ****     			y_i = 2.0*x_i*y_i + y_0;
 1709              		.loc 1 318 15 view .LVU445
 1710 00f4 029A     		ldr	r2, [sp, #8]
 1711 00f6 039B     		ldr	r3, [sp, #12]
 319:Core/Src/main.c **** 
 1712              		.loc 1 319 12 view .LVU446
 1713 00f8 0600     		movs	r6, r0
 1714              	.LVL145:
 319:Core/Src/main.c **** 
 1715              		.loc 1 319 12 view .LVU447
 1716 00fa 0F00     		movs	r7, r1
 1717              	.LVL146:
 321:Core/Src/main.c **** 
ARM GAS  C:\Users\joshr\AppData\Local\Temp\cc8WiFl9.s 			page 47


 1718              		.loc 1 321 8 is_stmt 1 view .LVU448
 318:Core/Src/main.c ****     			y_i = 2.0*x_i*y_i + y_0;
 1719              		.loc 1 318 15 is_stmt 0 view .LVU449
 1720 00fc 0098     		ldr	r0, [sp]
 1721 00fe 0199     		ldr	r1, [sp, #4]
 1722 0100 FFF7FEFF 		bl	__aeabi_dsub
 1723              	.LVL147:
 321:Core/Src/main.c **** 
 1724              		.loc 1 321 12 view .LVU450
 1725 0104 049A     		ldr	r2, [sp, #16]
 1726 0106 059B     		ldr	r3, [sp, #20]
 1727 0108 FFF7FEFF 		bl	__aeabi_dadd
 1728              	.LVL148:
 323:Core/Src/main.c **** 
 1729              		.loc 1 323 18 view .LVU451
 1730 010c 0123     		movs	r3, #1
 1731 010e 9C46     		mov	ip, r3
 1732              	.LBE97:
 308:Core/Src/main.c ****     		{
 1733              		.loc 1 308 24 view .LVU452
 1734 0110 079B     		ldr	r3, [sp, #28]
 1735              	.LBB98:
 323:Core/Src/main.c **** 
 1736              		.loc 1 323 18 view .LVU453
 1737 0112 E044     		add	r8, r8, ip
 1738              	.LVL149:
 321:Core/Src/main.c **** 
 1739              		.loc 1 321 12 view .LVU454
 1740 0114 0400     		movs	r4, r0
 1741              	.LVL150:
 321:Core/Src/main.c **** 
 1742              		.loc 1 321 12 view .LVU455
 1743 0116 0D00     		movs	r5, r1
 1744              	.LVL151:
 323:Core/Src/main.c **** 
 1745              		.loc 1 323 8 is_stmt 1 view .LVU456
 323:Core/Src/main.c **** 
 1746              		.loc 1 323 8 is_stmt 0 view .LVU457
 1747              	.LBE98:
 308:Core/Src/main.c ****     		{
 1748              		.loc 1 308 24 is_stmt 1 view .LVU458
 1749 0118 4345     		cmp	r3, r8
 1750 011a 3ED0     		beq	.L83
 1751              	.LVL152:
 1752              	.L67:
 1753              	.LBB99:
 311:Core/Src/main.c ****     			double y_i_sq = y_i*y_i;
 1754              		.loc 1 311 8 view .LVU459
 311:Core/Src/main.c ****     			double y_i_sq = y_i*y_i;
 1755              		.loc 1 311 15 is_stmt 0 view .LVU460
 1756 011c 2200     		movs	r2, r4
 1757 011e 2B00     		movs	r3, r5
 1758 0120 2000     		movs	r0, r4
 1759 0122 2900     		movs	r1, r5
 1760 0124 FFF7FEFF 		bl	__aeabi_dmul
 1761              	.LVL153:
 312:Core/Src/main.c **** 
ARM GAS  C:\Users\joshr\AppData\Local\Temp\cc8WiFl9.s 			page 48


 1762              		.loc 1 312 8 is_stmt 1 view .LVU461
 312:Core/Src/main.c **** 
 1763              		.loc 1 312 15 is_stmt 0 view .LVU462
 1764 0128 3200     		movs	r2, r6
 311:Core/Src/main.c ****     			double y_i_sq = y_i*y_i;
 1765              		.loc 1 311 15 view .LVU463
 1766 012a 0090     		str	r0, [sp]
 1767 012c 0191     		str	r1, [sp, #4]
 1768              	.LVL154:
 312:Core/Src/main.c **** 
 1769              		.loc 1 312 15 view .LVU464
 1770 012e 3B00     		movs	r3, r7
 1771 0130 3000     		movs	r0, r6
 1772 0132 3900     		movs	r1, r7
 1773 0134 FFF7FEFF 		bl	__aeabi_dmul
 1774              	.LVL155:
 1775 0138 0200     		movs	r2, r0
 1776 013a 0B00     		movs	r3, r1
 314:Core/Src/main.c ****     			{
 1777              		.loc 1 314 18 view .LVU465
 1778 013c 0098     		ldr	r0, [sp]
 1779 013e 0199     		ldr	r1, [sp, #4]
 312:Core/Src/main.c **** 
 1780              		.loc 1 312 15 view .LVU466
 1781 0140 0292     		str	r2, [sp, #8]
 1782 0142 0393     		str	r3, [sp, #12]
 1783              	.LVL156:
 314:Core/Src/main.c ****     			{
 1784              		.loc 1 314 8 is_stmt 1 view .LVU467
 314:Core/Src/main.c ****     			{
 1785              		.loc 1 314 18 is_stmt 0 view .LVU468
 1786 0144 FFF7FEFF 		bl	__aeabi_dadd
 1787              	.LVL157:
 314:Core/Src/main.c ****     			{
 1788              		.loc 1 314 10 view .LVU469
 1789 0148 0022     		movs	r2, #0
 1790 014a 254B     		ldr	r3, .L84+12
 1791 014c FFF7FEFF 		bl	__aeabi_dcmpgt
 1792              	.LVL158:
 1793 0150 0028     		cmp	r0, #0
 1794 0152 C1D0     		beq	.L76
 1795              	.LBE99:
 327:Core/Src/main.c **** 
 1796              		.loc 1 327 39 view .LVU470
 1797 0154 4346     		mov	r3, r8
 1798 0156 0C93     		str	r3, [sp, #48]
 1799 0158 DB17     		asrs	r3, r3, #31
 1800 015a 0D93     		str	r3, [sp, #52]
 327:Core/Src/main.c **** 
 1801              		.loc 1 327 22 view .LVU471
 1802 015c 0C99     		ldr	r1, [sp, #48]
 1803 015e 0D9A     		ldr	r2, [sp, #52]
 1804 0160 0A9B     		ldr	r3, [sp, #40]
 1805 0162 0B9C     		ldr	r4, [sp, #44]
 1806 0164 5B18     		adds	r3, r3, r1
 1807 0166 5441     		adcs	r4, r4, r2
 1808 0168 0A93     		str	r3, [sp, #40]
ARM GAS  C:\Users\joshr\AppData\Local\Temp\cc8WiFl9.s 			page 49


 1809 016a 0B94     		str	r4, [sp, #44]
 1810              	.LVL159:
 327:Core/Src/main.c **** 
 1811              		.loc 1 327 7 is_stmt 1 view .LVU472
 327:Core/Src/main.c **** 
 1812              		.loc 1 327 7 is_stmt 0 view .LVU473
 1813              	.LBE102:
 298:Core/Src/main.c ****     	{
 1814              		.loc 1 298 35 is_stmt 1 discriminator 2 view .LVU474
 1815 016c 0123     		movs	r3, #1
 1816 016e 9C46     		mov	ip, r3
 1817 0170 E344     		add	fp, fp, ip
 1818              	.LVL160:
 298:Core/Src/main.c ****     	{
 1819              		.loc 1 298 24 discriminator 1 view .LVU475
 1820 0172 CB45     		cmp	fp, r9
 1821 0174 1FD0     		beq	.L78
 1822              	.LVL161:
 1823              	.L80:
 1824              	.LBB103:
 300:Core/Src/main.c ****     		double y_0 = (double)y/height * 2.0 - 1.0;
 1825              		.loc 1 300 7 view .LVU476
 300:Core/Src/main.c ****     		double y_0 = (double)y/height * 2.0 - 1.0;
 1826              		.loc 1 300 21 is_stmt 0 view .LVU477
 1827 0176 5846     		mov	r0, fp
 1828 0178 FFF7FEFF 		bl	__aeabi_i2d
 1829              	.LVL162:
 300:Core/Src/main.c ****     		double y_0 = (double)y/height * 2.0 - 1.0;
 1830              		.loc 1 300 30 view .LVU478
 1831 017c 109A     		ldr	r2, [sp, #64]
 1832 017e 119B     		ldr	r3, [sp, #68]
 1833 0180 FFF7FEFF 		bl	__aeabi_ddiv
 1834              	.LVL163:
 300:Core/Src/main.c ****     		double y_0 = (double)y/height * 2.0 - 1.0;
 1835              		.loc 1 300 37 view .LVU479
 1836 0184 0022     		movs	r2, #0
 1837 0186 144B     		ldr	r3, .L84+4
 1838 0188 FFF7FEFF 		bl	__aeabi_dmul
 1839              	.LVL164:
 300:Core/Src/main.c ****     		double y_0 = (double)y/height * 2.0 - 1.0;
 1840              		.loc 1 300 14 view .LVU480
 1841 018c 0022     		movs	r2, #0
 1842 018e 134B     		ldr	r3, .L84+8
 1843 0190 FFF7FEFF 		bl	__aeabi_dsub
 1844              	.LVL165:
 1845 0194 0490     		str	r0, [sp, #16]
 1846 0196 0591     		str	r1, [sp, #20]
 1847              	.LVL166:
 301:Core/Src/main.c **** 
 1848              		.loc 1 301 7 is_stmt 1 view .LVU481
 303:Core/Src/main.c ****     		double y_i = 0;
 1849              		.loc 1 303 7 view .LVU482
 304:Core/Src/main.c ****     		int iteration = 0;
 1850              		.loc 1 304 7 view .LVU483
 305:Core/Src/main.c **** 
 1851              		.loc 1 305 7 view .LVU484
 308:Core/Src/main.c ****     		{
ARM GAS  C:\Users\joshr\AppData\Local\Temp\cc8WiFl9.s 			page 50


 1852              		.loc 1 308 7 view .LVU485
 308:Core/Src/main.c ****     		{
 1853              		.loc 1 308 24 view .LVU486
 1854 0198 97E7     		b	.L62
 1855              	.LVL167:
 1856              	.L83:
 327:Core/Src/main.c **** 
 1857              		.loc 1 327 39 is_stmt 0 view .LVU487
 1858 019a 0E93     		str	r3, [sp, #56]
 1859 019c 129B     		ldr	r3, [sp, #72]
 1860              	.LBE103:
 298:Core/Src/main.c ****     	{
 1861              		.loc 1 298 35 discriminator 2 view .LVU488
 1862 019e E344     		add	fp, fp, ip
 1863              	.LVL168:
 1864              	.LBB104:
 327:Core/Src/main.c **** 
 1865              		.loc 1 327 39 view .LVU489
 1866 01a0 0F93     		str	r3, [sp, #60]
 327:Core/Src/main.c **** 
 1867              		.loc 1 327 22 view .LVU490
 1868 01a2 0E99     		ldr	r1, [sp, #56]
 1869 01a4 0F9A     		ldr	r2, [sp, #60]
 1870 01a6 0A9B     		ldr	r3, [sp, #40]
 1871 01a8 0B9C     		ldr	r4, [sp, #44]
 1872 01aa 5B18     		adds	r3, r3, r1
 1873 01ac 5441     		adcs	r4, r4, r2
 1874 01ae 0A93     		str	r3, [sp, #40]
 1875 01b0 0B94     		str	r4, [sp, #44]
 1876              	.LVL169:
 327:Core/Src/main.c **** 
 1877              		.loc 1 327 7 is_stmt 1 view .LVU491
 327:Core/Src/main.c **** 
 1878              		.loc 1 327 7 is_stmt 0 view .LVU492
 1879              	.LBE104:
 298:Core/Src/main.c ****     	{
 1880              		.loc 1 298 35 is_stmt 1 discriminator 2 view .LVU493
 298:Core/Src/main.c ****     	{
 1881              		.loc 1 298 24 discriminator 1 view .LVU494
 1882 01b2 CB45     		cmp	fp, r9
 1883 01b4 DFD1     		bne	.L80
 1884              	.LVL170:
 1885              	.L78:
 298:Core/Src/main.c ****     	{
 1886              		.loc 1 298 24 is_stmt 0 discriminator 1 view .LVU495
 1887 01b6 5746     		mov	r7, r10
 1888              	.LBE105:
 296:Core/Src/main.c ****     {
 1889              		.loc 1 296 34 is_stmt 1 discriminator 2 view .LVU496
 1890 01b8 139B     		ldr	r3, [sp, #76]
 1891 01ba CB46     		mov	fp, r9
 1892              	.LVL171:
 296:Core/Src/main.c ****     {
 1893              		.loc 1 296 34 is_stmt 0 discriminator 2 view .LVU497
 1894 01bc 0133     		adds	r3, r3, #1
 1895 01be 1393     		str	r3, [sp, #76]
 1896              	.LVL172:
ARM GAS  C:\Users\joshr\AppData\Local\Temp\cc8WiFl9.s 			page 51


 296:Core/Src/main.c ****     {
 1897              		.loc 1 296 23 is_stmt 1 discriminator 1 view .LVU498
 1898 01c0 9F42     		cmp	r7, r3
 1899 01c2 00D0     		beq	.LCB1766
 1900 01c4 35E7     		b	.L69	@long jump
 1901              	.LCB1766:
 1902              	.LVL173:
 296:Core/Src/main.c ****     {
 1903              		.loc 1 296 23 is_stmt 0 discriminator 1 view .LVU499
 1904 01c6 42E7     		b	.L58
 1905              	.LVL174:
 1906              	.L81:
 296:Core/Src/main.c ****     {
 1907              		.loc 1 296 23 discriminator 1 view .LVU500
 1908 01c8 0023     		movs	r3, #0
 1909 01ca 0024     		movs	r4, #0
 1910 01cc 0A93     		str	r3, [sp, #40]
 1911 01ce 0B94     		str	r4, [sp, #44]
 1912 01d0 3DE7     		b	.L58
 1913              	.L85:
 1914 01d2 C046     		.align	2
 1915              	.L84:
 1916 01d4 0000F03F 		.word	1072693248
 1917 01d8 00000C40 		.word	1074528256
 1918 01dc 00000440 		.word	1074003968
 1919 01e0 00001040 		.word	1074790400
 1920              	.LBE107:
 1921              		.cfi_endproc
 1922              	.LFE44:
 1924              		.section	.text.Error_Handler,"ax",%progbits
 1925              		.align	1
 1926              		.p2align 2,,3
 1927              		.global	Error_Handler
 1928              		.syntax unified
 1929              		.code	16
 1930              		.thumb_func
 1932              	Error_Handler:
 1933              	.LFB45:
 342:Core/Src/main.c ****   /* USER CODE BEGIN Error_Handler_Debug */
 1934              		.loc 1 342 1 is_stmt 1 view -0
 1935              		.cfi_startproc
 1936              		@ Volatile: function does not return.
 1937              		@ args = 0, pretend = 0, frame = 0
 1938              		@ frame_needed = 0, uses_anonymous_args = 0
 1939              		@ link register save eliminated.
 345:Core/Src/main.c ****   while (1)
 1940              		.loc 1 345 3 view .LVU502
 1941              	.LBB108:
 1942              	.LBI108:
 140:Drivers/CMSIS/Include/cmsis_gcc.h **** {
 1943              		.loc 2 140 27 view .LVU503
 1944              	.LBB109:
 1945              		.loc 2 142 3 view .LVU504
 1946              		.syntax divided
 1947              	@ 142 "Drivers/CMSIS/Include/cmsis_gcc.h" 1
 1948 0000 72B6     		cpsid i
 1949              	@ 0 "" 2
ARM GAS  C:\Users\joshr\AppData\Local\Temp\cc8WiFl9.s 			page 52


 1950              		.thumb
 1951              		.syntax unified
 1952              	.L87:
 1953              	.LBE109:
 1954              	.LBE108:
 346:Core/Src/main.c ****   {
 1955              		.loc 1 346 3 view .LVU505
 1956              		.loc 1 348 3 view .LVU506
 346:Core/Src/main.c ****   {
 1957              		.loc 1 346 9 view .LVU507
 346:Core/Src/main.c ****   {
 1958              		.loc 1 346 3 view .LVU508
 1959              		.loc 1 348 3 view .LVU509
 346:Core/Src/main.c ****   {
 1960              		.loc 1 346 9 view .LVU510
 1961 0002 FEE7     		b	.L87
 1962              		.cfi_endproc
 1963              	.LFE45:
 1965              		.global	throughput_pxps
 1966              		.section	.bss.throughput_pxps,"aw",%nobits
 1967              		.align	3
 1970              	throughput_pxps:
 1971 0000 00000000 		.space	40
 1971      00000000 
 1971      00000000 
 1971      00000000 
 1971      00000000 
 1972              		.global	time_secs
 1973              		.section	.bss.time_secs,"aw",%nobits
 1974              		.align	3
 1977              	time_secs:
 1978 0000 00000000 		.space	40
 1978      00000000 
 1978      00000000 
 1978      00000000 
 1978      00000000 
 1979              		.global	cycle_counts
 1980              		.section	.bss.cycle_counts,"aw",%nobits
 1981              		.align	2
 1984              	cycle_counts:
 1985 0000 00000000 		.space	20
 1985      00000000 
 1985      00000000 
 1985      00000000 
 1985      00000000 
 1986              		.global	exec_times
 1987              		.section	.bss.exec_times,"aw",%nobits
 1988              		.align	2
 1991              	exec_times:
 1992 0000 00000000 		.space	20
 1992      00000000 
 1992      00000000 
 1992      00000000 
 1992      00000000 
 1993              		.global	checksums
 1994              		.section	.bss.checksums,"aw",%nobits
 1995              		.align	3
ARM GAS  C:\Users\joshr\AppData\Local\Temp\cc8WiFl9.s 			page 53


 1998              	checksums:
 1999 0000 00000000 		.space	40
 1999      00000000 
 1999      00000000 
 1999      00000000 
 1999      00000000 
 2000              		.global	check_sum
 2001              		.section	.bss.check_sum,"aw",%nobits
 2002              		.align	3
 2005              	check_sum:
 2006 0000 00000000 		.space	8
 2006      00000000 
 2007              		.global	execution_time
 2008              		.section	.bss.execution_time,"aw",%nobits
 2009              		.align	2
 2012              	execution_time:
 2013 0000 00000000 		.space	4
 2014              		.global	end_time
 2015              		.section	.bss.end_time,"aw",%nobits
 2016              		.align	2
 2019              	end_time:
 2020 0000 00000000 		.space	4
 2021              		.global	start_time
 2022              		.section	.bss.start_time,"aw",%nobits
 2023              		.align	2
 2026              	start_time:
 2027 0000 00000000 		.space	4
 2028              		.global	height
 2029              		.section	.data.height,"aw"
 2030              		.align	2
 2033              	height:
 2034 0000 F0000000 		.word	240
 2035 0004 68010000 		.word	360
 2036 0008 E0010000 		.word	480
 2037 000c D0020000 		.word	720
 2038 0010 38040000 		.word	1080
 2039              		.global	width
 2040              		.section	.data.width,"aw"
 2041              		.align	2
 2044              	width:
 2045 0000 AA010000 		.word	426
 2046 0004 80020000 		.word	640
 2047 0008 56030000 		.word	854
 2048 000c 00050000 		.word	1280
 2049 0010 80070000 		.word	1920
 2050              		.global	dim
 2051              		.section	.data.dim,"aw"
 2052              		.align	2
 2055              	dim:
 2056 0000 80000000 		.word	128
 2057 0004 A0000000 		.word	160
 2058 0008 C0000000 		.word	192
 2059 000c E0000000 		.word	224
 2060 0010 00010000 		.word	256
 2061              		.text
 2062              	.Letext0:
 2063              		.file 3 "C:\\ST\\STM32CubeIDE_1.19.0\\STM32CubeIDE\\plugins\\com.st.stm32cube.ide.mcu.externaltool
ARM GAS  C:\Users\joshr\AppData\Local\Temp\cc8WiFl9.s 			page 54


 2064              		.file 4 "C:\\ST\\STM32CubeIDE_1.19.0\\STM32CubeIDE\\plugins\\com.st.stm32cube.ide.mcu.externaltool
 2065              		.file 5 "Drivers/CMSIS/Device/ST/STM32F0xx/Include/stm32f051x8.h"
 2066              		.file 6 "Drivers/STM32F0xx_HAL_Driver/Inc/stm32f0xx_hal_def.h"
 2067              		.file 7 "Drivers/STM32F0xx_HAL_Driver/Inc/stm32f0xx_hal_rcc.h"
 2068              		.file 8 "Drivers/STM32F0xx_HAL_Driver/Inc/stm32f0xx_hal_gpio.h"
 2069              		.file 9 "Drivers/STM32F0xx_HAL_Driver/Inc/stm32f0xx_hal.h"
 2070              		.file 10 "<built-in>"
ARM GAS  C:\Users\joshr\AppData\Local\Temp\cc8WiFl9.s 			page 55


DEFINED SYMBOLS
                            *ABS*:00000000 main.c
C:\Users\joshr\AppData\Local\Temp\cc8WiFl9.s:19     .text.SystemClock_Config:00000000 $t
C:\Users\joshr\AppData\Local\Temp\cc8WiFl9.s:26     .text.SystemClock_Config:00000000 SystemClock_Config
C:\Users\joshr\AppData\Local\Temp\cc8WiFl9.s:186    .text.startup.main:00000000 $t
C:\Users\joshr\AppData\Local\Temp\cc8WiFl9.s:193    .text.startup.main:00000000 main
C:\Users\joshr\AppData\Local\Temp\cc8WiFl9.s:916    .text.startup.main:000002f4 $d
C:\Users\joshr\AppData\Local\Temp\cc8WiFl9.s:2044   .data.width:00000000 width
C:\Users\joshr\AppData\Local\Temp\cc8WiFl9.s:2033   .data.height:00000000 height
C:\Users\joshr\AppData\Local\Temp\cc8WiFl9.s:1998   .bss.checksums:00000000 checksums
C:\Users\joshr\AppData\Local\Temp\cc8WiFl9.s:1991   .bss.exec_times:00000000 exec_times
C:\Users\joshr\AppData\Local\Temp\cc8WiFl9.s:1984   .bss.cycle_counts:00000000 cycle_counts
C:\Users\joshr\AppData\Local\Temp\cc8WiFl9.s:1977   .bss.time_secs:00000000 time_secs
C:\Users\joshr\AppData\Local\Temp\cc8WiFl9.s:1970   .bss.throughput_pxps:00000000 throughput_pxps
C:\Users\joshr\AppData\Local\Temp\cc8WiFl9.s:2026   .bss.start_time:00000000 start_time
C:\Users\joshr\AppData\Local\Temp\cc8WiFl9.s:2005   .bss.check_sum:00000000 check_sum
C:\Users\joshr\AppData\Local\Temp\cc8WiFl9.s:2019   .bss.end_time:00000000 end_time
C:\Users\joshr\AppData\Local\Temp\cc8WiFl9.s:2012   .bss.execution_time:00000000 execution_time
C:\Users\joshr\AppData\Local\Temp\cc8WiFl9.s:950    .text.calculate_mandelbrot_fixed_point_arithmetic:00000000 $t
C:\Users\joshr\AppData\Local\Temp\cc8WiFl9.s:957    .text.calculate_mandelbrot_fixed_point_arithmetic:00000000 calculate_mandelbrot_fixed_point_arithmetic
C:\Users\joshr\AppData\Local\Temp\cc8WiFl9.s:1453   .text.calculate_mandelbrot_fixed_point_arithmetic:00000200 $d
C:\Users\joshr\AppData\Local\Temp\cc8WiFl9.s:1465   .text.calculate_mandelbrot_double:00000000 $t
C:\Users\joshr\AppData\Local\Temp\cc8WiFl9.s:1472   .text.calculate_mandelbrot_double:00000000 calculate_mandelbrot_double
C:\Users\joshr\AppData\Local\Temp\cc8WiFl9.s:1916   .text.calculate_mandelbrot_double:000001d4 $d
C:\Users\joshr\AppData\Local\Temp\cc8WiFl9.s:1925   .text.Error_Handler:00000000 $t
C:\Users\joshr\AppData\Local\Temp\cc8WiFl9.s:1932   .text.Error_Handler:00000000 Error_Handler
C:\Users\joshr\AppData\Local\Temp\cc8WiFl9.s:1967   .bss.throughput_pxps:00000000 $d
C:\Users\joshr\AppData\Local\Temp\cc8WiFl9.s:1974   .bss.time_secs:00000000 $d
C:\Users\joshr\AppData\Local\Temp\cc8WiFl9.s:1981   .bss.cycle_counts:00000000 $d
C:\Users\joshr\AppData\Local\Temp\cc8WiFl9.s:1988   .bss.exec_times:00000000 $d
C:\Users\joshr\AppData\Local\Temp\cc8WiFl9.s:1995   .bss.checksums:00000000 $d
C:\Users\joshr\AppData\Local\Temp\cc8WiFl9.s:2002   .bss.check_sum:00000000 $d
C:\Users\joshr\AppData\Local\Temp\cc8WiFl9.s:2009   .bss.execution_time:00000000 $d
C:\Users\joshr\AppData\Local\Temp\cc8WiFl9.s:2016   .bss.end_time:00000000 $d
C:\Users\joshr\AppData\Local\Temp\cc8WiFl9.s:2023   .bss.start_time:00000000 $d
C:\Users\joshr\AppData\Local\Temp\cc8WiFl9.s:2030   .data.height:00000000 $d
C:\Users\joshr\AppData\Local\Temp\cc8WiFl9.s:2041   .data.width:00000000 $d
C:\Users\joshr\AppData\Local\Temp\cc8WiFl9.s:2055   .data.dim:00000000 dim
C:\Users\joshr\AppData\Local\Temp\cc8WiFl9.s:2052   .data.dim:00000000 $d

UNDEFINED SYMBOLS
memset
HAL_RCC_OscConfig
HAL_RCC_ClockConfig
__aeabi_i2d
__aeabi_ddiv
__aeabi_dadd
__aeabi_dsub
__aeabi_dmul
__aeabi_dcmpgt
__aeabi_ui2d
HAL_Init
HAL_GPIO_WritePin
HAL_GPIO_Init
HAL_GetTick
HAL_Delay
__aeabi_uldivmod
ARM GAS  C:\Users\joshr\AppData\Local\Temp\cc8WiFl9.s 			page 56


__aeabi_ldivmod
__aeabi_lmul
