ARM GAS  C:\Users\joshr\AppData\Local\Temp\ccwhLvCW.s 			page 1


   1              		.cpu cortex-m0
   2              		.arch armv6s-m
   3              		.fpu softvfp
   4              		.eabi_attribute 20, 1
   5              		.eabi_attribute 21, 1
   6              		.eabi_attribute 23, 3
   7              		.eabi_attribute 24, 1
   8              		.eabi_attribute 25, 1
   9              		.eabi_attribute 26, 1
  10              		.eabi_attribute 30, 2
  11              		.eabi_attribute 34, 0
  12              		.eabi_attribute 18, 4
  13              		.file	"stm32f0xx_hal_flash.c"
  14              		.text
  15              	.Ltext0:
  16              		.cfi_sections	.debug_frame
  17              		.file 1 "Drivers/STM32F0xx_HAL_Driver/Src/stm32f0xx_hal_flash.c"
  18              		.section	.text.HAL_FLASH_Program,"ax",%progbits
  19              		.align	1
  20              		.p2align 2,,3
  21              		.global	HAL_FLASH_Program
  22              		.syntax unified
  23              		.code	16
  24              		.thumb_func
  26              	HAL_FLASH_Program:
  27              	.LVL0:
  28              	.LFB40:
   1:Drivers/STM32F0xx_HAL_Driver/Src/stm32f0xx_hal_flash.c **** /**
   2:Drivers/STM32F0xx_HAL_Driver/Src/stm32f0xx_hal_flash.c ****   ******************************************************************************
   3:Drivers/STM32F0xx_HAL_Driver/Src/stm32f0xx_hal_flash.c ****   * @file    stm32f0xx_hal_flash.c
   4:Drivers/STM32F0xx_HAL_Driver/Src/stm32f0xx_hal_flash.c ****   * @author  MCD Application Team
   5:Drivers/STM32F0xx_HAL_Driver/Src/stm32f0xx_hal_flash.c ****   * @brief   FLASH HAL module driver.
   6:Drivers/STM32F0xx_HAL_Driver/Src/stm32f0xx_hal_flash.c ****   *          This file provides firmware functions to manage the following 
   7:Drivers/STM32F0xx_HAL_Driver/Src/stm32f0xx_hal_flash.c ****   *          functionalities of the internal FLASH memory:
   8:Drivers/STM32F0xx_HAL_Driver/Src/stm32f0xx_hal_flash.c ****   *           + Program operations functions
   9:Drivers/STM32F0xx_HAL_Driver/Src/stm32f0xx_hal_flash.c ****   *           + Memory Control functions 
  10:Drivers/STM32F0xx_HAL_Driver/Src/stm32f0xx_hal_flash.c ****   *           + Peripheral State functions
  11:Drivers/STM32F0xx_HAL_Driver/Src/stm32f0xx_hal_flash.c ****   *         
  12:Drivers/STM32F0xx_HAL_Driver/Src/stm32f0xx_hal_flash.c ****   @verbatim
  13:Drivers/STM32F0xx_HAL_Driver/Src/stm32f0xx_hal_flash.c ****   ==============================================================================
  14:Drivers/STM32F0xx_HAL_Driver/Src/stm32f0xx_hal_flash.c ****                         ##### FLASH peripheral features #####
  15:Drivers/STM32F0xx_HAL_Driver/Src/stm32f0xx_hal_flash.c ****   ==============================================================================
  16:Drivers/STM32F0xx_HAL_Driver/Src/stm32f0xx_hal_flash.c ****   [..] The Flash memory interface manages CPU AHB I-Code and D-Code accesses 
  17:Drivers/STM32F0xx_HAL_Driver/Src/stm32f0xx_hal_flash.c ****        to the Flash memory. It implements the erase and program Flash memory operations 
  18:Drivers/STM32F0xx_HAL_Driver/Src/stm32f0xx_hal_flash.c ****        and the read and write protection mechanisms.
  19:Drivers/STM32F0xx_HAL_Driver/Src/stm32f0xx_hal_flash.c **** 
  20:Drivers/STM32F0xx_HAL_Driver/Src/stm32f0xx_hal_flash.c ****   [..] The Flash memory interface accelerates code execution with a system of instruction
  21:Drivers/STM32F0xx_HAL_Driver/Src/stm32f0xx_hal_flash.c ****       prefetch. 
  22:Drivers/STM32F0xx_HAL_Driver/Src/stm32f0xx_hal_flash.c **** 
  23:Drivers/STM32F0xx_HAL_Driver/Src/stm32f0xx_hal_flash.c ****   [..] The FLASH main features are:
  24:Drivers/STM32F0xx_HAL_Driver/Src/stm32f0xx_hal_flash.c ****       (+) Flash memory read operations
  25:Drivers/STM32F0xx_HAL_Driver/Src/stm32f0xx_hal_flash.c ****       (+) Flash memory program/erase operations
  26:Drivers/STM32F0xx_HAL_Driver/Src/stm32f0xx_hal_flash.c ****       (+) Read / write protections
  27:Drivers/STM32F0xx_HAL_Driver/Src/stm32f0xx_hal_flash.c ****       (+) Prefetch on I-Code
  28:Drivers/STM32F0xx_HAL_Driver/Src/stm32f0xx_hal_flash.c ****       (+) Option Bytes programming
  29:Drivers/STM32F0xx_HAL_Driver/Src/stm32f0xx_hal_flash.c **** 
  30:Drivers/STM32F0xx_HAL_Driver/Src/stm32f0xx_hal_flash.c **** 
ARM GAS  C:\Users\joshr\AppData\Local\Temp\ccwhLvCW.s 			page 2


  31:Drivers/STM32F0xx_HAL_Driver/Src/stm32f0xx_hal_flash.c ****                      ##### How to use this driver #####
  32:Drivers/STM32F0xx_HAL_Driver/Src/stm32f0xx_hal_flash.c ****   ==============================================================================
  33:Drivers/STM32F0xx_HAL_Driver/Src/stm32f0xx_hal_flash.c ****   [..]                             
  34:Drivers/STM32F0xx_HAL_Driver/Src/stm32f0xx_hal_flash.c ****       This driver provides functions and macros to configure and program the FLASH 
  35:Drivers/STM32F0xx_HAL_Driver/Src/stm32f0xx_hal_flash.c ****       memory of all STM32F0xx devices.
  36:Drivers/STM32F0xx_HAL_Driver/Src/stm32f0xx_hal_flash.c ****     
  37:Drivers/STM32F0xx_HAL_Driver/Src/stm32f0xx_hal_flash.c ****       (#) FLASH Memory I/O Programming functions: this group includes all needed
  38:Drivers/STM32F0xx_HAL_Driver/Src/stm32f0xx_hal_flash.c ****           functions to erase and program the main memory:
  39:Drivers/STM32F0xx_HAL_Driver/Src/stm32f0xx_hal_flash.c ****         (++) Lock and Unlock the FLASH interface
  40:Drivers/STM32F0xx_HAL_Driver/Src/stm32f0xx_hal_flash.c ****         (++) Erase function: Erase page, erase all pages
  41:Drivers/STM32F0xx_HAL_Driver/Src/stm32f0xx_hal_flash.c ****         (++) Program functions: half word, word and doubleword
  42:Drivers/STM32F0xx_HAL_Driver/Src/stm32f0xx_hal_flash.c ****       (#) FLASH Option Bytes Programming functions: this group includes all needed
  43:Drivers/STM32F0xx_HAL_Driver/Src/stm32f0xx_hal_flash.c ****           functions to manage the Option Bytes:
  44:Drivers/STM32F0xx_HAL_Driver/Src/stm32f0xx_hal_flash.c ****         (++) Lock and Unlock the Option Bytes
  45:Drivers/STM32F0xx_HAL_Driver/Src/stm32f0xx_hal_flash.c ****         (++) Set/Reset the write protection
  46:Drivers/STM32F0xx_HAL_Driver/Src/stm32f0xx_hal_flash.c ****         (++) Set the Read protection Level
  47:Drivers/STM32F0xx_HAL_Driver/Src/stm32f0xx_hal_flash.c ****         (++) Program the user Option Bytes
  48:Drivers/STM32F0xx_HAL_Driver/Src/stm32f0xx_hal_flash.c ****         (++) Launch the Option Bytes loader
  49:Drivers/STM32F0xx_HAL_Driver/Src/stm32f0xx_hal_flash.c ****         (++) Erase Option Bytes
  50:Drivers/STM32F0xx_HAL_Driver/Src/stm32f0xx_hal_flash.c ****         (++) Program the data Option Bytes
  51:Drivers/STM32F0xx_HAL_Driver/Src/stm32f0xx_hal_flash.c ****         (++) Get the Write protection.
  52:Drivers/STM32F0xx_HAL_Driver/Src/stm32f0xx_hal_flash.c ****         (++) Get the user option bytes.
  53:Drivers/STM32F0xx_HAL_Driver/Src/stm32f0xx_hal_flash.c ****     
  54:Drivers/STM32F0xx_HAL_Driver/Src/stm32f0xx_hal_flash.c ****       (#) Interrupts and flags management functions : this group 
  55:Drivers/STM32F0xx_HAL_Driver/Src/stm32f0xx_hal_flash.c ****           includes all needed functions to:
  56:Drivers/STM32F0xx_HAL_Driver/Src/stm32f0xx_hal_flash.c ****         (++) Handle FLASH interrupts
  57:Drivers/STM32F0xx_HAL_Driver/Src/stm32f0xx_hal_flash.c ****         (++) Wait for last FLASH operation according to its status
  58:Drivers/STM32F0xx_HAL_Driver/Src/stm32f0xx_hal_flash.c ****         (++) Get error flag status
  59:Drivers/STM32F0xx_HAL_Driver/Src/stm32f0xx_hal_flash.c **** 
  60:Drivers/STM32F0xx_HAL_Driver/Src/stm32f0xx_hal_flash.c ****   [..] In addition to these function, this driver includes a set of macros allowing
  61:Drivers/STM32F0xx_HAL_Driver/Src/stm32f0xx_hal_flash.c ****        to handle the following operations:
  62:Drivers/STM32F0xx_HAL_Driver/Src/stm32f0xx_hal_flash.c ****       
  63:Drivers/STM32F0xx_HAL_Driver/Src/stm32f0xx_hal_flash.c ****       (+) Set/Get the latency
  64:Drivers/STM32F0xx_HAL_Driver/Src/stm32f0xx_hal_flash.c ****       (+) Enable/Disable the prefetch buffer
  65:Drivers/STM32F0xx_HAL_Driver/Src/stm32f0xx_hal_flash.c ****       (+) Enable/Disable the FLASH interrupts
  66:Drivers/STM32F0xx_HAL_Driver/Src/stm32f0xx_hal_flash.c ****       (+) Monitor the FLASH flags status
  67:Drivers/STM32F0xx_HAL_Driver/Src/stm32f0xx_hal_flash.c ****           
  68:Drivers/STM32F0xx_HAL_Driver/Src/stm32f0xx_hal_flash.c ****   @endverbatim
  69:Drivers/STM32F0xx_HAL_Driver/Src/stm32f0xx_hal_flash.c ****   ******************************************************************************
  70:Drivers/STM32F0xx_HAL_Driver/Src/stm32f0xx_hal_flash.c ****   * @attention
  71:Drivers/STM32F0xx_HAL_Driver/Src/stm32f0xx_hal_flash.c ****   *
  72:Drivers/STM32F0xx_HAL_Driver/Src/stm32f0xx_hal_flash.c ****   * Copyright (c) 2016 STMicroelectronics.
  73:Drivers/STM32F0xx_HAL_Driver/Src/stm32f0xx_hal_flash.c ****   * All rights reserved.
  74:Drivers/STM32F0xx_HAL_Driver/Src/stm32f0xx_hal_flash.c ****   *
  75:Drivers/STM32F0xx_HAL_Driver/Src/stm32f0xx_hal_flash.c ****   * This software is licensed under terms that can be found in the LICENSE file in
  76:Drivers/STM32F0xx_HAL_Driver/Src/stm32f0xx_hal_flash.c ****   * the root directory of this software component.
  77:Drivers/STM32F0xx_HAL_Driver/Src/stm32f0xx_hal_flash.c ****   * If no LICENSE file comes with this software, it is provided AS-IS.
  78:Drivers/STM32F0xx_HAL_Driver/Src/stm32f0xx_hal_flash.c ****   ******************************************************************************
  79:Drivers/STM32F0xx_HAL_Driver/Src/stm32f0xx_hal_flash.c ****   */
  80:Drivers/STM32F0xx_HAL_Driver/Src/stm32f0xx_hal_flash.c **** 
  81:Drivers/STM32F0xx_HAL_Driver/Src/stm32f0xx_hal_flash.c **** /* Includes ------------------------------------------------------------------*/
  82:Drivers/STM32F0xx_HAL_Driver/Src/stm32f0xx_hal_flash.c **** #include "stm32f0xx_hal.h"
  83:Drivers/STM32F0xx_HAL_Driver/Src/stm32f0xx_hal_flash.c **** 
  84:Drivers/STM32F0xx_HAL_Driver/Src/stm32f0xx_hal_flash.c **** /** @addtogroup STM32F0xx_HAL_Driver
  85:Drivers/STM32F0xx_HAL_Driver/Src/stm32f0xx_hal_flash.c ****   * @{
  86:Drivers/STM32F0xx_HAL_Driver/Src/stm32f0xx_hal_flash.c ****   */
  87:Drivers/STM32F0xx_HAL_Driver/Src/stm32f0xx_hal_flash.c **** 
ARM GAS  C:\Users\joshr\AppData\Local\Temp\ccwhLvCW.s 			page 3


  88:Drivers/STM32F0xx_HAL_Driver/Src/stm32f0xx_hal_flash.c **** #ifdef HAL_FLASH_MODULE_ENABLED
  89:Drivers/STM32F0xx_HAL_Driver/Src/stm32f0xx_hal_flash.c **** 
  90:Drivers/STM32F0xx_HAL_Driver/Src/stm32f0xx_hal_flash.c **** /** @defgroup FLASH FLASH
  91:Drivers/STM32F0xx_HAL_Driver/Src/stm32f0xx_hal_flash.c ****   * @brief FLASH HAL module driver
  92:Drivers/STM32F0xx_HAL_Driver/Src/stm32f0xx_hal_flash.c ****   * @{
  93:Drivers/STM32F0xx_HAL_Driver/Src/stm32f0xx_hal_flash.c ****   */
  94:Drivers/STM32F0xx_HAL_Driver/Src/stm32f0xx_hal_flash.c **** 
  95:Drivers/STM32F0xx_HAL_Driver/Src/stm32f0xx_hal_flash.c **** /* Private typedef -----------------------------------------------------------*/
  96:Drivers/STM32F0xx_HAL_Driver/Src/stm32f0xx_hal_flash.c **** /* Private define ------------------------------------------------------------*/
  97:Drivers/STM32F0xx_HAL_Driver/Src/stm32f0xx_hal_flash.c **** /** @defgroup FLASH_Private_Constants FLASH Private Constants
  98:Drivers/STM32F0xx_HAL_Driver/Src/stm32f0xx_hal_flash.c ****   * @{
  99:Drivers/STM32F0xx_HAL_Driver/Src/stm32f0xx_hal_flash.c ****   */
 100:Drivers/STM32F0xx_HAL_Driver/Src/stm32f0xx_hal_flash.c **** /**
 101:Drivers/STM32F0xx_HAL_Driver/Src/stm32f0xx_hal_flash.c ****   * @}
 102:Drivers/STM32F0xx_HAL_Driver/Src/stm32f0xx_hal_flash.c ****   */
 103:Drivers/STM32F0xx_HAL_Driver/Src/stm32f0xx_hal_flash.c **** 
 104:Drivers/STM32F0xx_HAL_Driver/Src/stm32f0xx_hal_flash.c **** /* Private macro ---------------------------- ---------------------------------*/
 105:Drivers/STM32F0xx_HAL_Driver/Src/stm32f0xx_hal_flash.c **** /** @defgroup FLASH_Private_Macros FLASH Private Macros
 106:Drivers/STM32F0xx_HAL_Driver/Src/stm32f0xx_hal_flash.c ****   * @{
 107:Drivers/STM32F0xx_HAL_Driver/Src/stm32f0xx_hal_flash.c ****   */
 108:Drivers/STM32F0xx_HAL_Driver/Src/stm32f0xx_hal_flash.c ****  
 109:Drivers/STM32F0xx_HAL_Driver/Src/stm32f0xx_hal_flash.c **** /**
 110:Drivers/STM32F0xx_HAL_Driver/Src/stm32f0xx_hal_flash.c ****   * @}
 111:Drivers/STM32F0xx_HAL_Driver/Src/stm32f0xx_hal_flash.c ****   */
 112:Drivers/STM32F0xx_HAL_Driver/Src/stm32f0xx_hal_flash.c **** 
 113:Drivers/STM32F0xx_HAL_Driver/Src/stm32f0xx_hal_flash.c **** /* Private variables ---------------------------------------------------------*/
 114:Drivers/STM32F0xx_HAL_Driver/Src/stm32f0xx_hal_flash.c **** /** @defgroup FLASH_Private_Variables FLASH Private Variables
 115:Drivers/STM32F0xx_HAL_Driver/Src/stm32f0xx_hal_flash.c ****   * @{
 116:Drivers/STM32F0xx_HAL_Driver/Src/stm32f0xx_hal_flash.c ****   */
 117:Drivers/STM32F0xx_HAL_Driver/Src/stm32f0xx_hal_flash.c **** /* Variables used for Erase pages under interruption*/
 118:Drivers/STM32F0xx_HAL_Driver/Src/stm32f0xx_hal_flash.c **** FLASH_ProcessTypeDef pFlash;
 119:Drivers/STM32F0xx_HAL_Driver/Src/stm32f0xx_hal_flash.c **** /**
 120:Drivers/STM32F0xx_HAL_Driver/Src/stm32f0xx_hal_flash.c ****   * @}
 121:Drivers/STM32F0xx_HAL_Driver/Src/stm32f0xx_hal_flash.c ****   */
 122:Drivers/STM32F0xx_HAL_Driver/Src/stm32f0xx_hal_flash.c **** 
 123:Drivers/STM32F0xx_HAL_Driver/Src/stm32f0xx_hal_flash.c **** /* Private function prototypes -----------------------------------------------*/
 124:Drivers/STM32F0xx_HAL_Driver/Src/stm32f0xx_hal_flash.c **** /** @defgroup FLASH_Private_Functions FLASH Private Functions
 125:Drivers/STM32F0xx_HAL_Driver/Src/stm32f0xx_hal_flash.c ****   * @{
 126:Drivers/STM32F0xx_HAL_Driver/Src/stm32f0xx_hal_flash.c ****   */
 127:Drivers/STM32F0xx_HAL_Driver/Src/stm32f0xx_hal_flash.c **** static  void   FLASH_Program_HalfWord(uint32_t Address, uint16_t Data);
 128:Drivers/STM32F0xx_HAL_Driver/Src/stm32f0xx_hal_flash.c **** static  void   FLASH_SetErrorCode(void);
 129:Drivers/STM32F0xx_HAL_Driver/Src/stm32f0xx_hal_flash.c **** extern void    FLASH_PageErase(uint32_t PageAddress);
 130:Drivers/STM32F0xx_HAL_Driver/Src/stm32f0xx_hal_flash.c **** /**
 131:Drivers/STM32F0xx_HAL_Driver/Src/stm32f0xx_hal_flash.c ****   * @}
 132:Drivers/STM32F0xx_HAL_Driver/Src/stm32f0xx_hal_flash.c ****   */
 133:Drivers/STM32F0xx_HAL_Driver/Src/stm32f0xx_hal_flash.c **** 
 134:Drivers/STM32F0xx_HAL_Driver/Src/stm32f0xx_hal_flash.c **** /* Exported functions ---------------------------------------------------------*/
 135:Drivers/STM32F0xx_HAL_Driver/Src/stm32f0xx_hal_flash.c **** /** @defgroup FLASH_Exported_Functions FLASH Exported Functions
 136:Drivers/STM32F0xx_HAL_Driver/Src/stm32f0xx_hal_flash.c ****   * @{
 137:Drivers/STM32F0xx_HAL_Driver/Src/stm32f0xx_hal_flash.c ****   */
 138:Drivers/STM32F0xx_HAL_Driver/Src/stm32f0xx_hal_flash.c ****   
 139:Drivers/STM32F0xx_HAL_Driver/Src/stm32f0xx_hal_flash.c **** /** @defgroup FLASH_Exported_Functions_Group1 Programming operation functions 
 140:Drivers/STM32F0xx_HAL_Driver/Src/stm32f0xx_hal_flash.c ****   *  @brief   Programming operation functions 
 141:Drivers/STM32F0xx_HAL_Driver/Src/stm32f0xx_hal_flash.c ****   *
 142:Drivers/STM32F0xx_HAL_Driver/Src/stm32f0xx_hal_flash.c **** @verbatim   
 143:Drivers/STM32F0xx_HAL_Driver/Src/stm32f0xx_hal_flash.c **** @endverbatim
 144:Drivers/STM32F0xx_HAL_Driver/Src/stm32f0xx_hal_flash.c ****   * @{
ARM GAS  C:\Users\joshr\AppData\Local\Temp\ccwhLvCW.s 			page 4


 145:Drivers/STM32F0xx_HAL_Driver/Src/stm32f0xx_hal_flash.c ****   */
 146:Drivers/STM32F0xx_HAL_Driver/Src/stm32f0xx_hal_flash.c **** 
 147:Drivers/STM32F0xx_HAL_Driver/Src/stm32f0xx_hal_flash.c **** /**
 148:Drivers/STM32F0xx_HAL_Driver/Src/stm32f0xx_hal_flash.c ****   * @brief  Program halfword, word or double word at a specified address
 149:Drivers/STM32F0xx_HAL_Driver/Src/stm32f0xx_hal_flash.c ****   * @note   The function HAL_FLASH_Unlock() should be called before to unlock the FLASH interface
 150:Drivers/STM32F0xx_HAL_Driver/Src/stm32f0xx_hal_flash.c ****   *         The function HAL_FLASH_Lock() should be called after to lock the FLASH interface
 151:Drivers/STM32F0xx_HAL_Driver/Src/stm32f0xx_hal_flash.c ****   *
 152:Drivers/STM32F0xx_HAL_Driver/Src/stm32f0xx_hal_flash.c ****   * @note   If an erase and a program operations are requested simultaneously,    
 153:Drivers/STM32F0xx_HAL_Driver/Src/stm32f0xx_hal_flash.c ****   *         the erase operation is performed before the program one.
 154:Drivers/STM32F0xx_HAL_Driver/Src/stm32f0xx_hal_flash.c ****   *  
 155:Drivers/STM32F0xx_HAL_Driver/Src/stm32f0xx_hal_flash.c ****   * @note   FLASH should be previously erased before new programming (only exception to this 
 156:Drivers/STM32F0xx_HAL_Driver/Src/stm32f0xx_hal_flash.c ****   *         is when 0x0000 is programmed)
 157:Drivers/STM32F0xx_HAL_Driver/Src/stm32f0xx_hal_flash.c ****   *
 158:Drivers/STM32F0xx_HAL_Driver/Src/stm32f0xx_hal_flash.c ****   * @param  TypeProgram   Indicate the way to program at a specified address.
 159:Drivers/STM32F0xx_HAL_Driver/Src/stm32f0xx_hal_flash.c ****   *                       This parameter can be a value of @ref FLASH_Type_Program
 160:Drivers/STM32F0xx_HAL_Driver/Src/stm32f0xx_hal_flash.c ****   * @param  Address       Specifie the address to be programmed.
 161:Drivers/STM32F0xx_HAL_Driver/Src/stm32f0xx_hal_flash.c ****   * @param  Data          Specifie the data to be programmed
 162:Drivers/STM32F0xx_HAL_Driver/Src/stm32f0xx_hal_flash.c ****   * 
 163:Drivers/STM32F0xx_HAL_Driver/Src/stm32f0xx_hal_flash.c ****   * @retval HAL_StatusTypeDef HAL Status
 164:Drivers/STM32F0xx_HAL_Driver/Src/stm32f0xx_hal_flash.c ****   */
 165:Drivers/STM32F0xx_HAL_Driver/Src/stm32f0xx_hal_flash.c **** HAL_StatusTypeDef HAL_FLASH_Program(uint32_t TypeProgram, uint32_t Address, uint64_t Data)
 166:Drivers/STM32F0xx_HAL_Driver/Src/stm32f0xx_hal_flash.c **** {
  29              		.loc 1 166 1 view -0
  30              		.cfi_startproc
  31              		@ args = 0, pretend = 0, frame = 16
  32              		@ frame_needed = 0, uses_anonymous_args = 0
 167:Drivers/STM32F0xx_HAL_Driver/Src/stm32f0xx_hal_flash.c ****   HAL_StatusTypeDef status = HAL_ERROR;
  33              		.loc 1 167 3 view .LVU1
 168:Drivers/STM32F0xx_HAL_Driver/Src/stm32f0xx_hal_flash.c ****   uint8_t index = 0U;
  34              		.loc 1 168 3 view .LVU2
 169:Drivers/STM32F0xx_HAL_Driver/Src/stm32f0xx_hal_flash.c ****   uint8_t nbiterations = 0U;
  35              		.loc 1 169 3 view .LVU3
 170:Drivers/STM32F0xx_HAL_Driver/Src/stm32f0xx_hal_flash.c ****   
 171:Drivers/STM32F0xx_HAL_Driver/Src/stm32f0xx_hal_flash.c ****   /* Process Locked */
 172:Drivers/STM32F0xx_HAL_Driver/Src/stm32f0xx_hal_flash.c ****   __HAL_LOCK(&pFlash);
  36              		.loc 1 172 3 view .LVU4
  37              		.loc 1 172 3 view .LVU5
 166:Drivers/STM32F0xx_HAL_Driver/Src/stm32f0xx_hal_flash.c ****   HAL_StatusTypeDef status = HAL_ERROR;
  38              		.loc 1 166 1 is_stmt 0 view .LVU6
  39 0000 F0B5     		push	{r4, r5, r6, r7, lr}
  40              	.LCFI0:
  41              		.cfi_def_cfa_offset 20
  42              		.cfi_offset 4, -20
  43              		.cfi_offset 5, -16
  44              		.cfi_offset 6, -12
  45              		.cfi_offset 7, -8
  46              		.cfi_offset 14, -4
  47 0002 DE46     		mov	lr, fp
  48 0004 5746     		mov	r7, r10
  49 0006 4E46     		mov	r6, r9
  50 0008 4546     		mov	r5, r8
  51 000a E0B5     		push	{r5, r6, r7, lr}
  52              	.LCFI1:
  53              		.cfi_def_cfa_offset 36
  54              		.cfi_offset 8, -36
  55              		.cfi_offset 9, -32
  56              		.cfi_offset 10, -28
ARM GAS  C:\Users\joshr\AppData\Local\Temp\ccwhLvCW.s 			page 5


  57              		.cfi_offset 11, -24
  58 000c 85B0     		sub	sp, sp, #20
  59              	.LCFI2:
  60              		.cfi_def_cfa_offset 56
 166:Drivers/STM32F0xx_HAL_Driver/Src/stm32f0xx_hal_flash.c ****   HAL_StatusTypeDef status = HAL_ERROR;
  61              		.loc 1 166 1 view .LVU7
  62 000e 0193     		str	r3, [sp, #4]
  63              		.loc 1 172 3 view .LVU8
  64 0010 684B     		ldr	r3, .L53
 166:Drivers/STM32F0xx_HAL_Driver/Src/stm32f0xx_hal_flash.c ****   HAL_StatusTypeDef status = HAL_ERROR;
  65              		.loc 1 166 1 view .LVU9
  66 0012 0392     		str	r2, [sp, #12]
  67              		.loc 1 172 3 view .LVU10
  68 0014 9A46     		mov	r10, r3
  69 0016 1B7E     		ldrb	r3, [r3, #24]
 166:Drivers/STM32F0xx_HAL_Driver/Src/stm32f0xx_hal_flash.c ****   HAL_StatusTypeDef status = HAL_ERROR;
  70              		.loc 1 166 1 view .LVU11
  71 0018 8346     		mov	fp, r0
  72 001a 8946     		mov	r9, r1
  73              		.loc 1 172 3 view .LVU12
  74 001c 012B     		cmp	r3, #1
  75 001e 00D1     		bne	.LCB45
  76 0020 A4E0     		b	.L25	@long jump
  77              	.LCB45:
  78              		.loc 1 172 3 is_stmt 1 discriminator 2 view .LVU13
  79 0022 0123     		movs	r3, #1
  80 0024 5246     		mov	r2, r10
  81              	.LVL1:
  82              		.loc 1 172 3 is_stmt 0 discriminator 2 view .LVU14
  83 0026 1376     		strb	r3, [r2, #24]
  84              		.loc 1 172 3 is_stmt 1 discriminator 2 view .LVU15
 173:Drivers/STM32F0xx_HAL_Driver/Src/stm32f0xx_hal_flash.c **** 
 174:Drivers/STM32F0xx_HAL_Driver/Src/stm32f0xx_hal_flash.c ****   /* Check the parameters */
 175:Drivers/STM32F0xx_HAL_Driver/Src/stm32f0xx_hal_flash.c ****   assert_param(IS_FLASH_TYPEPROGRAM(TypeProgram));
  85              		.loc 1 175 3 view .LVU16
 176:Drivers/STM32F0xx_HAL_Driver/Src/stm32f0xx_hal_flash.c ****   assert_param(IS_FLASH_PROGRAM_ADDRESS(Address));
  86              		.loc 1 176 3 view .LVU17
 177:Drivers/STM32F0xx_HAL_Driver/Src/stm32f0xx_hal_flash.c **** 
 178:Drivers/STM32F0xx_HAL_Driver/Src/stm32f0xx_hal_flash.c ****     /* Wait for last operation to be completed */
 179:Drivers/STM32F0xx_HAL_Driver/Src/stm32f0xx_hal_flash.c ****     status = FLASH_WaitForLastOperation(FLASH_TIMEOUT_VALUE);
  87              		.loc 1 179 5 view .LVU18
  88              	.LBB18:
  89              	.LBI18:
 180:Drivers/STM32F0xx_HAL_Driver/Src/stm32f0xx_hal_flash.c ****   
 181:Drivers/STM32F0xx_HAL_Driver/Src/stm32f0xx_hal_flash.c ****   if(status == HAL_OK)
 182:Drivers/STM32F0xx_HAL_Driver/Src/stm32f0xx_hal_flash.c ****   {
 183:Drivers/STM32F0xx_HAL_Driver/Src/stm32f0xx_hal_flash.c ****     if(TypeProgram == FLASH_TYPEPROGRAM_HALFWORD)
 184:Drivers/STM32F0xx_HAL_Driver/Src/stm32f0xx_hal_flash.c ****     {
 185:Drivers/STM32F0xx_HAL_Driver/Src/stm32f0xx_hal_flash.c ****       /* Program halfword (16-bit) at a specified address. */
 186:Drivers/STM32F0xx_HAL_Driver/Src/stm32f0xx_hal_flash.c ****       nbiterations = 1U;
 187:Drivers/STM32F0xx_HAL_Driver/Src/stm32f0xx_hal_flash.c ****     }
 188:Drivers/STM32F0xx_HAL_Driver/Src/stm32f0xx_hal_flash.c ****     else if(TypeProgram == FLASH_TYPEPROGRAM_WORD)
 189:Drivers/STM32F0xx_HAL_Driver/Src/stm32f0xx_hal_flash.c ****     {
 190:Drivers/STM32F0xx_HAL_Driver/Src/stm32f0xx_hal_flash.c ****       /* Program word (32-bit = 2*16-bit) at a specified address. */
 191:Drivers/STM32F0xx_HAL_Driver/Src/stm32f0xx_hal_flash.c ****       nbiterations = 2U;
 192:Drivers/STM32F0xx_HAL_Driver/Src/stm32f0xx_hal_flash.c ****     }
 193:Drivers/STM32F0xx_HAL_Driver/Src/stm32f0xx_hal_flash.c ****     else
ARM GAS  C:\Users\joshr\AppData\Local\Temp\ccwhLvCW.s 			page 6


 194:Drivers/STM32F0xx_HAL_Driver/Src/stm32f0xx_hal_flash.c ****     {
 195:Drivers/STM32F0xx_HAL_Driver/Src/stm32f0xx_hal_flash.c ****       /* Program double word (64-bit = 4*16-bit) at a specified address. */
 196:Drivers/STM32F0xx_HAL_Driver/Src/stm32f0xx_hal_flash.c ****       nbiterations = 4U;
 197:Drivers/STM32F0xx_HAL_Driver/Src/stm32f0xx_hal_flash.c ****     }
 198:Drivers/STM32F0xx_HAL_Driver/Src/stm32f0xx_hal_flash.c **** 
 199:Drivers/STM32F0xx_HAL_Driver/Src/stm32f0xx_hal_flash.c ****     for (index = 0U; index < nbiterations; index++)
 200:Drivers/STM32F0xx_HAL_Driver/Src/stm32f0xx_hal_flash.c ****     {
 201:Drivers/STM32F0xx_HAL_Driver/Src/stm32f0xx_hal_flash.c ****       FLASH_Program_HalfWord((Address + (2U*index)), (uint16_t)(Data >> (16U*index)));
 202:Drivers/STM32F0xx_HAL_Driver/Src/stm32f0xx_hal_flash.c **** 
 203:Drivers/STM32F0xx_HAL_Driver/Src/stm32f0xx_hal_flash.c ****         /* Wait for last operation to be completed */
 204:Drivers/STM32F0xx_HAL_Driver/Src/stm32f0xx_hal_flash.c ****         status = FLASH_WaitForLastOperation(FLASH_TIMEOUT_VALUE);
 205:Drivers/STM32F0xx_HAL_Driver/Src/stm32f0xx_hal_flash.c ****     
 206:Drivers/STM32F0xx_HAL_Driver/Src/stm32f0xx_hal_flash.c ****         /* If the program operation is completed, disable the PG Bit */
 207:Drivers/STM32F0xx_HAL_Driver/Src/stm32f0xx_hal_flash.c ****         CLEAR_BIT(FLASH->CR, FLASH_CR_PG);
 208:Drivers/STM32F0xx_HAL_Driver/Src/stm32f0xx_hal_flash.c ****       /* In case of error, stop programming procedure */
 209:Drivers/STM32F0xx_HAL_Driver/Src/stm32f0xx_hal_flash.c ****       if (status != HAL_OK)
 210:Drivers/STM32F0xx_HAL_Driver/Src/stm32f0xx_hal_flash.c ****       {
 211:Drivers/STM32F0xx_HAL_Driver/Src/stm32f0xx_hal_flash.c ****         break;
 212:Drivers/STM32F0xx_HAL_Driver/Src/stm32f0xx_hal_flash.c ****       }
 213:Drivers/STM32F0xx_HAL_Driver/Src/stm32f0xx_hal_flash.c ****     }
 214:Drivers/STM32F0xx_HAL_Driver/Src/stm32f0xx_hal_flash.c ****   }
 215:Drivers/STM32F0xx_HAL_Driver/Src/stm32f0xx_hal_flash.c **** 
 216:Drivers/STM32F0xx_HAL_Driver/Src/stm32f0xx_hal_flash.c ****   /* Process Unlocked */
 217:Drivers/STM32F0xx_HAL_Driver/Src/stm32f0xx_hal_flash.c ****   __HAL_UNLOCK(&pFlash);
 218:Drivers/STM32F0xx_HAL_Driver/Src/stm32f0xx_hal_flash.c **** 
 219:Drivers/STM32F0xx_HAL_Driver/Src/stm32f0xx_hal_flash.c ****   return status;
 220:Drivers/STM32F0xx_HAL_Driver/Src/stm32f0xx_hal_flash.c **** }
 221:Drivers/STM32F0xx_HAL_Driver/Src/stm32f0xx_hal_flash.c **** 
 222:Drivers/STM32F0xx_HAL_Driver/Src/stm32f0xx_hal_flash.c **** /**
 223:Drivers/STM32F0xx_HAL_Driver/Src/stm32f0xx_hal_flash.c ****   * @brief  Program halfword, word or double word at a specified address  with interrupt enabled.
 224:Drivers/STM32F0xx_HAL_Driver/Src/stm32f0xx_hal_flash.c ****   * @note   The function HAL_FLASH_Unlock() should be called before to unlock the FLASH interface
 225:Drivers/STM32F0xx_HAL_Driver/Src/stm32f0xx_hal_flash.c ****   *         The function HAL_FLASH_Lock() should be called after to lock the FLASH interface
 226:Drivers/STM32F0xx_HAL_Driver/Src/stm32f0xx_hal_flash.c ****   *
 227:Drivers/STM32F0xx_HAL_Driver/Src/stm32f0xx_hal_flash.c ****   * @note   If an erase and a program operations are requested simultaneously,    
 228:Drivers/STM32F0xx_HAL_Driver/Src/stm32f0xx_hal_flash.c ****   *         the erase operation is performed before the program one.
 229:Drivers/STM32F0xx_HAL_Driver/Src/stm32f0xx_hal_flash.c ****   *
 230:Drivers/STM32F0xx_HAL_Driver/Src/stm32f0xx_hal_flash.c ****   * @param  TypeProgram  Indicate the way to program at a specified address.
 231:Drivers/STM32F0xx_HAL_Driver/Src/stm32f0xx_hal_flash.c ****   *                      This parameter can be a value of @ref FLASH_Type_Program
 232:Drivers/STM32F0xx_HAL_Driver/Src/stm32f0xx_hal_flash.c ****   * @param  Address      Specifie the address to be programmed.
 233:Drivers/STM32F0xx_HAL_Driver/Src/stm32f0xx_hal_flash.c ****   * @param  Data         Specifie the data to be programmed
 234:Drivers/STM32F0xx_HAL_Driver/Src/stm32f0xx_hal_flash.c ****   * 
 235:Drivers/STM32F0xx_HAL_Driver/Src/stm32f0xx_hal_flash.c ****   * @retval HAL_StatusTypeDef HAL Status
 236:Drivers/STM32F0xx_HAL_Driver/Src/stm32f0xx_hal_flash.c ****   */
 237:Drivers/STM32F0xx_HAL_Driver/Src/stm32f0xx_hal_flash.c **** HAL_StatusTypeDef HAL_FLASH_Program_IT(uint32_t TypeProgram, uint32_t Address, uint64_t Data)
 238:Drivers/STM32F0xx_HAL_Driver/Src/stm32f0xx_hal_flash.c **** {
 239:Drivers/STM32F0xx_HAL_Driver/Src/stm32f0xx_hal_flash.c ****   HAL_StatusTypeDef status = HAL_OK;
 240:Drivers/STM32F0xx_HAL_Driver/Src/stm32f0xx_hal_flash.c ****   
 241:Drivers/STM32F0xx_HAL_Driver/Src/stm32f0xx_hal_flash.c ****   /* Process Locked */
 242:Drivers/STM32F0xx_HAL_Driver/Src/stm32f0xx_hal_flash.c ****   __HAL_LOCK(&pFlash);
 243:Drivers/STM32F0xx_HAL_Driver/Src/stm32f0xx_hal_flash.c **** 
 244:Drivers/STM32F0xx_HAL_Driver/Src/stm32f0xx_hal_flash.c ****   /* Check the parameters */
 245:Drivers/STM32F0xx_HAL_Driver/Src/stm32f0xx_hal_flash.c ****   assert_param(IS_FLASH_TYPEPROGRAM(TypeProgram));
 246:Drivers/STM32F0xx_HAL_Driver/Src/stm32f0xx_hal_flash.c ****   assert_param(IS_FLASH_PROGRAM_ADDRESS(Address));
 247:Drivers/STM32F0xx_HAL_Driver/Src/stm32f0xx_hal_flash.c **** 
 248:Drivers/STM32F0xx_HAL_Driver/Src/stm32f0xx_hal_flash.c ****   /* Enable End of FLASH Operation and Error source interrupts */
 249:Drivers/STM32F0xx_HAL_Driver/Src/stm32f0xx_hal_flash.c ****   __HAL_FLASH_ENABLE_IT(FLASH_IT_EOP | FLASH_IT_ERR);
 250:Drivers/STM32F0xx_HAL_Driver/Src/stm32f0xx_hal_flash.c ****   
ARM GAS  C:\Users\joshr\AppData\Local\Temp\ccwhLvCW.s 			page 7


 251:Drivers/STM32F0xx_HAL_Driver/Src/stm32f0xx_hal_flash.c ****   pFlash.Address = Address;
 252:Drivers/STM32F0xx_HAL_Driver/Src/stm32f0xx_hal_flash.c ****   pFlash.Data = Data;
 253:Drivers/STM32F0xx_HAL_Driver/Src/stm32f0xx_hal_flash.c **** 
 254:Drivers/STM32F0xx_HAL_Driver/Src/stm32f0xx_hal_flash.c ****   if(TypeProgram == FLASH_TYPEPROGRAM_HALFWORD)
 255:Drivers/STM32F0xx_HAL_Driver/Src/stm32f0xx_hal_flash.c ****   {
 256:Drivers/STM32F0xx_HAL_Driver/Src/stm32f0xx_hal_flash.c ****     pFlash.ProcedureOnGoing = FLASH_PROC_PROGRAMHALFWORD;
 257:Drivers/STM32F0xx_HAL_Driver/Src/stm32f0xx_hal_flash.c ****     /* Program halfword (16-bit) at a specified address. */
 258:Drivers/STM32F0xx_HAL_Driver/Src/stm32f0xx_hal_flash.c ****     pFlash.DataRemaining = 1U;
 259:Drivers/STM32F0xx_HAL_Driver/Src/stm32f0xx_hal_flash.c ****   }
 260:Drivers/STM32F0xx_HAL_Driver/Src/stm32f0xx_hal_flash.c ****   else if(TypeProgram == FLASH_TYPEPROGRAM_WORD)
 261:Drivers/STM32F0xx_HAL_Driver/Src/stm32f0xx_hal_flash.c ****   {
 262:Drivers/STM32F0xx_HAL_Driver/Src/stm32f0xx_hal_flash.c ****     pFlash.ProcedureOnGoing = FLASH_PROC_PROGRAMWORD;
 263:Drivers/STM32F0xx_HAL_Driver/Src/stm32f0xx_hal_flash.c ****     /* Program word (32-bit : 2*16-bit) at a specified address. */
 264:Drivers/STM32F0xx_HAL_Driver/Src/stm32f0xx_hal_flash.c ****     pFlash.DataRemaining = 2U;
 265:Drivers/STM32F0xx_HAL_Driver/Src/stm32f0xx_hal_flash.c ****   }
 266:Drivers/STM32F0xx_HAL_Driver/Src/stm32f0xx_hal_flash.c ****   else
 267:Drivers/STM32F0xx_HAL_Driver/Src/stm32f0xx_hal_flash.c ****   {
 268:Drivers/STM32F0xx_HAL_Driver/Src/stm32f0xx_hal_flash.c ****     pFlash.ProcedureOnGoing = FLASH_PROC_PROGRAMDOUBLEWORD;
 269:Drivers/STM32F0xx_HAL_Driver/Src/stm32f0xx_hal_flash.c ****     /* Program double word (64-bit : 4*16-bit) at a specified address. */
 270:Drivers/STM32F0xx_HAL_Driver/Src/stm32f0xx_hal_flash.c ****     pFlash.DataRemaining = 4U;
 271:Drivers/STM32F0xx_HAL_Driver/Src/stm32f0xx_hal_flash.c ****   }
 272:Drivers/STM32F0xx_HAL_Driver/Src/stm32f0xx_hal_flash.c **** 
 273:Drivers/STM32F0xx_HAL_Driver/Src/stm32f0xx_hal_flash.c ****   /* Program halfword (16-bit) at a specified address. */
 274:Drivers/STM32F0xx_HAL_Driver/Src/stm32f0xx_hal_flash.c ****   FLASH_Program_HalfWord(Address, (uint16_t)Data);
 275:Drivers/STM32F0xx_HAL_Driver/Src/stm32f0xx_hal_flash.c **** 
 276:Drivers/STM32F0xx_HAL_Driver/Src/stm32f0xx_hal_flash.c ****   return status;
 277:Drivers/STM32F0xx_HAL_Driver/Src/stm32f0xx_hal_flash.c **** }
 278:Drivers/STM32F0xx_HAL_Driver/Src/stm32f0xx_hal_flash.c **** 
 279:Drivers/STM32F0xx_HAL_Driver/Src/stm32f0xx_hal_flash.c **** /**
 280:Drivers/STM32F0xx_HAL_Driver/Src/stm32f0xx_hal_flash.c ****   * @brief This function handles FLASH interrupt request.
 281:Drivers/STM32F0xx_HAL_Driver/Src/stm32f0xx_hal_flash.c ****   * @retval None
 282:Drivers/STM32F0xx_HAL_Driver/Src/stm32f0xx_hal_flash.c ****   */
 283:Drivers/STM32F0xx_HAL_Driver/Src/stm32f0xx_hal_flash.c **** void HAL_FLASH_IRQHandler(void)
 284:Drivers/STM32F0xx_HAL_Driver/Src/stm32f0xx_hal_flash.c **** {
 285:Drivers/STM32F0xx_HAL_Driver/Src/stm32f0xx_hal_flash.c ****   uint32_t addresstmp = 0U;
 286:Drivers/STM32F0xx_HAL_Driver/Src/stm32f0xx_hal_flash.c ****   
 287:Drivers/STM32F0xx_HAL_Driver/Src/stm32f0xx_hal_flash.c ****   /* Check FLASH operation error flags */
 288:Drivers/STM32F0xx_HAL_Driver/Src/stm32f0xx_hal_flash.c ****   if(__HAL_FLASH_GET_FLAG(FLASH_FLAG_WRPERR) ||__HAL_FLASH_GET_FLAG(FLASH_FLAG_PGERR))
 289:Drivers/STM32F0xx_HAL_Driver/Src/stm32f0xx_hal_flash.c ****   {
 290:Drivers/STM32F0xx_HAL_Driver/Src/stm32f0xx_hal_flash.c ****     /* Return the faulty address */
 291:Drivers/STM32F0xx_HAL_Driver/Src/stm32f0xx_hal_flash.c ****     addresstmp = pFlash.Address;
 292:Drivers/STM32F0xx_HAL_Driver/Src/stm32f0xx_hal_flash.c ****     /* Reset address */
 293:Drivers/STM32F0xx_HAL_Driver/Src/stm32f0xx_hal_flash.c ****     pFlash.Address = 0xFFFFFFFFU;
 294:Drivers/STM32F0xx_HAL_Driver/Src/stm32f0xx_hal_flash.c ****   
 295:Drivers/STM32F0xx_HAL_Driver/Src/stm32f0xx_hal_flash.c ****     /* Save the Error code */
 296:Drivers/STM32F0xx_HAL_Driver/Src/stm32f0xx_hal_flash.c ****     FLASH_SetErrorCode();
 297:Drivers/STM32F0xx_HAL_Driver/Src/stm32f0xx_hal_flash.c ****     
 298:Drivers/STM32F0xx_HAL_Driver/Src/stm32f0xx_hal_flash.c ****     /* FLASH error interrupt user callback */
 299:Drivers/STM32F0xx_HAL_Driver/Src/stm32f0xx_hal_flash.c ****     HAL_FLASH_OperationErrorCallback(addresstmp);
 300:Drivers/STM32F0xx_HAL_Driver/Src/stm32f0xx_hal_flash.c **** 
 301:Drivers/STM32F0xx_HAL_Driver/Src/stm32f0xx_hal_flash.c ****     /* Stop the procedure ongoing */
 302:Drivers/STM32F0xx_HAL_Driver/Src/stm32f0xx_hal_flash.c ****     pFlash.ProcedureOnGoing = FLASH_PROC_NONE;
 303:Drivers/STM32F0xx_HAL_Driver/Src/stm32f0xx_hal_flash.c ****   }
 304:Drivers/STM32F0xx_HAL_Driver/Src/stm32f0xx_hal_flash.c **** 
 305:Drivers/STM32F0xx_HAL_Driver/Src/stm32f0xx_hal_flash.c ****   /* Check FLASH End of Operation flag  */
 306:Drivers/STM32F0xx_HAL_Driver/Src/stm32f0xx_hal_flash.c ****   if(__HAL_FLASH_GET_FLAG(FLASH_FLAG_EOP))
 307:Drivers/STM32F0xx_HAL_Driver/Src/stm32f0xx_hal_flash.c ****   {
ARM GAS  C:\Users\joshr\AppData\Local\Temp\ccwhLvCW.s 			page 8


 308:Drivers/STM32F0xx_HAL_Driver/Src/stm32f0xx_hal_flash.c ****     /* Clear FLASH End of Operation pending bit */
 309:Drivers/STM32F0xx_HAL_Driver/Src/stm32f0xx_hal_flash.c ****     __HAL_FLASH_CLEAR_FLAG(FLASH_FLAG_EOP);
 310:Drivers/STM32F0xx_HAL_Driver/Src/stm32f0xx_hal_flash.c ****     
 311:Drivers/STM32F0xx_HAL_Driver/Src/stm32f0xx_hal_flash.c ****     /* Process can continue only if no error detected */
 312:Drivers/STM32F0xx_HAL_Driver/Src/stm32f0xx_hal_flash.c ****     if(pFlash.ProcedureOnGoing != FLASH_PROC_NONE)
 313:Drivers/STM32F0xx_HAL_Driver/Src/stm32f0xx_hal_flash.c ****     {
 314:Drivers/STM32F0xx_HAL_Driver/Src/stm32f0xx_hal_flash.c ****       if(pFlash.ProcedureOnGoing == FLASH_PROC_PAGEERASE)
 315:Drivers/STM32F0xx_HAL_Driver/Src/stm32f0xx_hal_flash.c ****       {
 316:Drivers/STM32F0xx_HAL_Driver/Src/stm32f0xx_hal_flash.c ****         /* Nb of pages to erased can be decreased */
 317:Drivers/STM32F0xx_HAL_Driver/Src/stm32f0xx_hal_flash.c ****         pFlash.DataRemaining--;
 318:Drivers/STM32F0xx_HAL_Driver/Src/stm32f0xx_hal_flash.c **** 
 319:Drivers/STM32F0xx_HAL_Driver/Src/stm32f0xx_hal_flash.c ****         /* Check if there are still pages to erase */
 320:Drivers/STM32F0xx_HAL_Driver/Src/stm32f0xx_hal_flash.c ****         if(pFlash.DataRemaining != 0U)
 321:Drivers/STM32F0xx_HAL_Driver/Src/stm32f0xx_hal_flash.c ****         {
 322:Drivers/STM32F0xx_HAL_Driver/Src/stm32f0xx_hal_flash.c ****           addresstmp = pFlash.Address;
 323:Drivers/STM32F0xx_HAL_Driver/Src/stm32f0xx_hal_flash.c ****           /*Indicate user which sector has been erased */
 324:Drivers/STM32F0xx_HAL_Driver/Src/stm32f0xx_hal_flash.c ****           HAL_FLASH_EndOfOperationCallback(addresstmp);
 325:Drivers/STM32F0xx_HAL_Driver/Src/stm32f0xx_hal_flash.c **** 
 326:Drivers/STM32F0xx_HAL_Driver/Src/stm32f0xx_hal_flash.c ****           /*Increment sector number*/
 327:Drivers/STM32F0xx_HAL_Driver/Src/stm32f0xx_hal_flash.c ****           addresstmp = pFlash.Address + FLASH_PAGE_SIZE;
 328:Drivers/STM32F0xx_HAL_Driver/Src/stm32f0xx_hal_flash.c ****           pFlash.Address = addresstmp;
 329:Drivers/STM32F0xx_HAL_Driver/Src/stm32f0xx_hal_flash.c **** 
 330:Drivers/STM32F0xx_HAL_Driver/Src/stm32f0xx_hal_flash.c ****           /* If the erase operation is completed, disable the PER Bit */
 331:Drivers/STM32F0xx_HAL_Driver/Src/stm32f0xx_hal_flash.c ****           CLEAR_BIT(FLASH->CR, FLASH_CR_PER);
 332:Drivers/STM32F0xx_HAL_Driver/Src/stm32f0xx_hal_flash.c **** 
 333:Drivers/STM32F0xx_HAL_Driver/Src/stm32f0xx_hal_flash.c ****           FLASH_PageErase(addresstmp);
 334:Drivers/STM32F0xx_HAL_Driver/Src/stm32f0xx_hal_flash.c ****         }
 335:Drivers/STM32F0xx_HAL_Driver/Src/stm32f0xx_hal_flash.c ****         else
 336:Drivers/STM32F0xx_HAL_Driver/Src/stm32f0xx_hal_flash.c ****         {
 337:Drivers/STM32F0xx_HAL_Driver/Src/stm32f0xx_hal_flash.c ****           /* No more pages to Erase, user callback can be called. */
 338:Drivers/STM32F0xx_HAL_Driver/Src/stm32f0xx_hal_flash.c ****           /* Reset Sector and stop Erase pages procedure */
 339:Drivers/STM32F0xx_HAL_Driver/Src/stm32f0xx_hal_flash.c ****           pFlash.Address = addresstmp = 0xFFFFFFFFU;
 340:Drivers/STM32F0xx_HAL_Driver/Src/stm32f0xx_hal_flash.c ****           pFlash.ProcedureOnGoing = FLASH_PROC_NONE;
 341:Drivers/STM32F0xx_HAL_Driver/Src/stm32f0xx_hal_flash.c ****           /* FLASH EOP interrupt user callback */
 342:Drivers/STM32F0xx_HAL_Driver/Src/stm32f0xx_hal_flash.c ****           HAL_FLASH_EndOfOperationCallback(addresstmp);
 343:Drivers/STM32F0xx_HAL_Driver/Src/stm32f0xx_hal_flash.c ****         }
 344:Drivers/STM32F0xx_HAL_Driver/Src/stm32f0xx_hal_flash.c ****       }
 345:Drivers/STM32F0xx_HAL_Driver/Src/stm32f0xx_hal_flash.c ****       else if(pFlash.ProcedureOnGoing == FLASH_PROC_MASSERASE)
 346:Drivers/STM32F0xx_HAL_Driver/Src/stm32f0xx_hal_flash.c ****       {
 347:Drivers/STM32F0xx_HAL_Driver/Src/stm32f0xx_hal_flash.c ****         /* Operation is completed, disable the MER Bit */
 348:Drivers/STM32F0xx_HAL_Driver/Src/stm32f0xx_hal_flash.c ****         CLEAR_BIT(FLASH->CR, FLASH_CR_MER);
 349:Drivers/STM32F0xx_HAL_Driver/Src/stm32f0xx_hal_flash.c **** 
 350:Drivers/STM32F0xx_HAL_Driver/Src/stm32f0xx_hal_flash.c ****           /* MassErase ended. Return the selected bank */
 351:Drivers/STM32F0xx_HAL_Driver/Src/stm32f0xx_hal_flash.c ****           /* FLASH EOP interrupt user callback */
 352:Drivers/STM32F0xx_HAL_Driver/Src/stm32f0xx_hal_flash.c ****           HAL_FLASH_EndOfOperationCallback(0);
 353:Drivers/STM32F0xx_HAL_Driver/Src/stm32f0xx_hal_flash.c **** 
 354:Drivers/STM32F0xx_HAL_Driver/Src/stm32f0xx_hal_flash.c ****           /* Stop Mass Erase procedure*/
 355:Drivers/STM32F0xx_HAL_Driver/Src/stm32f0xx_hal_flash.c ****           pFlash.ProcedureOnGoing = FLASH_PROC_NONE;
 356:Drivers/STM32F0xx_HAL_Driver/Src/stm32f0xx_hal_flash.c ****         }
 357:Drivers/STM32F0xx_HAL_Driver/Src/stm32f0xx_hal_flash.c ****       else
 358:Drivers/STM32F0xx_HAL_Driver/Src/stm32f0xx_hal_flash.c ****       {
 359:Drivers/STM32F0xx_HAL_Driver/Src/stm32f0xx_hal_flash.c ****         /* Nb of 16-bit data to program can be decreased */
 360:Drivers/STM32F0xx_HAL_Driver/Src/stm32f0xx_hal_flash.c ****         pFlash.DataRemaining--;
 361:Drivers/STM32F0xx_HAL_Driver/Src/stm32f0xx_hal_flash.c ****         
 362:Drivers/STM32F0xx_HAL_Driver/Src/stm32f0xx_hal_flash.c ****         /* Check if there are still 16-bit data to program */
 363:Drivers/STM32F0xx_HAL_Driver/Src/stm32f0xx_hal_flash.c ****         if(pFlash.DataRemaining != 0U)
 364:Drivers/STM32F0xx_HAL_Driver/Src/stm32f0xx_hal_flash.c ****         {
ARM GAS  C:\Users\joshr\AppData\Local\Temp\ccwhLvCW.s 			page 9


 365:Drivers/STM32F0xx_HAL_Driver/Src/stm32f0xx_hal_flash.c ****           /* Increment address to 16-bit */
 366:Drivers/STM32F0xx_HAL_Driver/Src/stm32f0xx_hal_flash.c ****           pFlash.Address += 2;
 367:Drivers/STM32F0xx_HAL_Driver/Src/stm32f0xx_hal_flash.c ****           addresstmp = pFlash.Address;
 368:Drivers/STM32F0xx_HAL_Driver/Src/stm32f0xx_hal_flash.c ****           
 369:Drivers/STM32F0xx_HAL_Driver/Src/stm32f0xx_hal_flash.c ****           /* Shift to have next 16-bit data */
 370:Drivers/STM32F0xx_HAL_Driver/Src/stm32f0xx_hal_flash.c ****           pFlash.Data = (pFlash.Data >> 16U);
 371:Drivers/STM32F0xx_HAL_Driver/Src/stm32f0xx_hal_flash.c ****           
 372:Drivers/STM32F0xx_HAL_Driver/Src/stm32f0xx_hal_flash.c ****           /* Operation is completed, disable the PG Bit */
 373:Drivers/STM32F0xx_HAL_Driver/Src/stm32f0xx_hal_flash.c ****           CLEAR_BIT(FLASH->CR, FLASH_CR_PG);
 374:Drivers/STM32F0xx_HAL_Driver/Src/stm32f0xx_hal_flash.c **** 
 375:Drivers/STM32F0xx_HAL_Driver/Src/stm32f0xx_hal_flash.c ****           /*Program halfword (16-bit) at a specified address.*/
 376:Drivers/STM32F0xx_HAL_Driver/Src/stm32f0xx_hal_flash.c ****           FLASH_Program_HalfWord(addresstmp, (uint16_t)pFlash.Data);
 377:Drivers/STM32F0xx_HAL_Driver/Src/stm32f0xx_hal_flash.c ****         }
 378:Drivers/STM32F0xx_HAL_Driver/Src/stm32f0xx_hal_flash.c ****         else
 379:Drivers/STM32F0xx_HAL_Driver/Src/stm32f0xx_hal_flash.c ****         {
 380:Drivers/STM32F0xx_HAL_Driver/Src/stm32f0xx_hal_flash.c ****           /* Program ended. Return the selected address */
 381:Drivers/STM32F0xx_HAL_Driver/Src/stm32f0xx_hal_flash.c ****           /* FLASH EOP interrupt user callback */
 382:Drivers/STM32F0xx_HAL_Driver/Src/stm32f0xx_hal_flash.c ****           if (pFlash.ProcedureOnGoing == FLASH_PROC_PROGRAMHALFWORD)
 383:Drivers/STM32F0xx_HAL_Driver/Src/stm32f0xx_hal_flash.c ****           {
 384:Drivers/STM32F0xx_HAL_Driver/Src/stm32f0xx_hal_flash.c ****             HAL_FLASH_EndOfOperationCallback(pFlash.Address);
 385:Drivers/STM32F0xx_HAL_Driver/Src/stm32f0xx_hal_flash.c ****           }
 386:Drivers/STM32F0xx_HAL_Driver/Src/stm32f0xx_hal_flash.c ****           else if (pFlash.ProcedureOnGoing == FLASH_PROC_PROGRAMWORD)
 387:Drivers/STM32F0xx_HAL_Driver/Src/stm32f0xx_hal_flash.c ****           {
 388:Drivers/STM32F0xx_HAL_Driver/Src/stm32f0xx_hal_flash.c ****             HAL_FLASH_EndOfOperationCallback(pFlash.Address - 2U);
 389:Drivers/STM32F0xx_HAL_Driver/Src/stm32f0xx_hal_flash.c ****           }
 390:Drivers/STM32F0xx_HAL_Driver/Src/stm32f0xx_hal_flash.c ****           else 
 391:Drivers/STM32F0xx_HAL_Driver/Src/stm32f0xx_hal_flash.c ****           {
 392:Drivers/STM32F0xx_HAL_Driver/Src/stm32f0xx_hal_flash.c ****             HAL_FLASH_EndOfOperationCallback(pFlash.Address - 6U);
 393:Drivers/STM32F0xx_HAL_Driver/Src/stm32f0xx_hal_flash.c ****           }
 394:Drivers/STM32F0xx_HAL_Driver/Src/stm32f0xx_hal_flash.c ****         
 395:Drivers/STM32F0xx_HAL_Driver/Src/stm32f0xx_hal_flash.c ****           /* Reset Address and stop Program procedure */
 396:Drivers/STM32F0xx_HAL_Driver/Src/stm32f0xx_hal_flash.c ****           pFlash.Address = 0xFFFFFFFFU;
 397:Drivers/STM32F0xx_HAL_Driver/Src/stm32f0xx_hal_flash.c ****           pFlash.ProcedureOnGoing = FLASH_PROC_NONE;
 398:Drivers/STM32F0xx_HAL_Driver/Src/stm32f0xx_hal_flash.c ****         }
 399:Drivers/STM32F0xx_HAL_Driver/Src/stm32f0xx_hal_flash.c ****       }
 400:Drivers/STM32F0xx_HAL_Driver/Src/stm32f0xx_hal_flash.c ****     }
 401:Drivers/STM32F0xx_HAL_Driver/Src/stm32f0xx_hal_flash.c ****   }
 402:Drivers/STM32F0xx_HAL_Driver/Src/stm32f0xx_hal_flash.c ****   
 403:Drivers/STM32F0xx_HAL_Driver/Src/stm32f0xx_hal_flash.c **** 
 404:Drivers/STM32F0xx_HAL_Driver/Src/stm32f0xx_hal_flash.c ****   if(pFlash.ProcedureOnGoing == FLASH_PROC_NONE)
 405:Drivers/STM32F0xx_HAL_Driver/Src/stm32f0xx_hal_flash.c ****   {
 406:Drivers/STM32F0xx_HAL_Driver/Src/stm32f0xx_hal_flash.c ****     /* Operation is completed, disable the PG, PER and MER Bits */
 407:Drivers/STM32F0xx_HAL_Driver/Src/stm32f0xx_hal_flash.c ****     CLEAR_BIT(FLASH->CR, (FLASH_CR_PG | FLASH_CR_PER | FLASH_CR_MER));
 408:Drivers/STM32F0xx_HAL_Driver/Src/stm32f0xx_hal_flash.c **** 
 409:Drivers/STM32F0xx_HAL_Driver/Src/stm32f0xx_hal_flash.c ****     /* Disable End of FLASH Operation and Error source interrupts */
 410:Drivers/STM32F0xx_HAL_Driver/Src/stm32f0xx_hal_flash.c ****     __HAL_FLASH_DISABLE_IT(FLASH_IT_EOP | FLASH_IT_ERR);
 411:Drivers/STM32F0xx_HAL_Driver/Src/stm32f0xx_hal_flash.c **** 
 412:Drivers/STM32F0xx_HAL_Driver/Src/stm32f0xx_hal_flash.c ****     /* Process Unlocked */
 413:Drivers/STM32F0xx_HAL_Driver/Src/stm32f0xx_hal_flash.c ****     __HAL_UNLOCK(&pFlash);
 414:Drivers/STM32F0xx_HAL_Driver/Src/stm32f0xx_hal_flash.c ****   }
 415:Drivers/STM32F0xx_HAL_Driver/Src/stm32f0xx_hal_flash.c **** }
 416:Drivers/STM32F0xx_HAL_Driver/Src/stm32f0xx_hal_flash.c **** 
 417:Drivers/STM32F0xx_HAL_Driver/Src/stm32f0xx_hal_flash.c **** /**
 418:Drivers/STM32F0xx_HAL_Driver/Src/stm32f0xx_hal_flash.c ****   * @brief  FLASH end of operation interrupt callback
 419:Drivers/STM32F0xx_HAL_Driver/Src/stm32f0xx_hal_flash.c ****   * @param  ReturnValue The value saved in this parameter depends on the ongoing procedure
 420:Drivers/STM32F0xx_HAL_Driver/Src/stm32f0xx_hal_flash.c ****   *                 - Mass Erase: No return value expected
 421:Drivers/STM32F0xx_HAL_Driver/Src/stm32f0xx_hal_flash.c ****   *                 - Pages Erase: Address of the page which has been erased 
ARM GAS  C:\Users\joshr\AppData\Local\Temp\ccwhLvCW.s 			page 10


 422:Drivers/STM32F0xx_HAL_Driver/Src/stm32f0xx_hal_flash.c ****   *                    (if 0xFFFFFFFF, it means that all the selected pages have been erased)
 423:Drivers/STM32F0xx_HAL_Driver/Src/stm32f0xx_hal_flash.c ****   *                 - Program: Address which was selected for data program
 424:Drivers/STM32F0xx_HAL_Driver/Src/stm32f0xx_hal_flash.c ****   * @retval none
 425:Drivers/STM32F0xx_HAL_Driver/Src/stm32f0xx_hal_flash.c ****   */
 426:Drivers/STM32F0xx_HAL_Driver/Src/stm32f0xx_hal_flash.c **** __weak void HAL_FLASH_EndOfOperationCallback(uint32_t ReturnValue)
 427:Drivers/STM32F0xx_HAL_Driver/Src/stm32f0xx_hal_flash.c **** {
 428:Drivers/STM32F0xx_HAL_Driver/Src/stm32f0xx_hal_flash.c ****   /* Prevent unused argument(s) compilation warning */
 429:Drivers/STM32F0xx_HAL_Driver/Src/stm32f0xx_hal_flash.c ****   UNUSED(ReturnValue);
 430:Drivers/STM32F0xx_HAL_Driver/Src/stm32f0xx_hal_flash.c **** 
 431:Drivers/STM32F0xx_HAL_Driver/Src/stm32f0xx_hal_flash.c ****   /* NOTE : This function Should not be modified, when the callback is needed,
 432:Drivers/STM32F0xx_HAL_Driver/Src/stm32f0xx_hal_flash.c ****             the HAL_FLASH_EndOfOperationCallback could be implemented in the user file
 433:Drivers/STM32F0xx_HAL_Driver/Src/stm32f0xx_hal_flash.c ****    */ 
 434:Drivers/STM32F0xx_HAL_Driver/Src/stm32f0xx_hal_flash.c **** }
 435:Drivers/STM32F0xx_HAL_Driver/Src/stm32f0xx_hal_flash.c **** 
 436:Drivers/STM32F0xx_HAL_Driver/Src/stm32f0xx_hal_flash.c **** /**
 437:Drivers/STM32F0xx_HAL_Driver/Src/stm32f0xx_hal_flash.c ****   * @brief  FLASH operation error interrupt callback
 438:Drivers/STM32F0xx_HAL_Driver/Src/stm32f0xx_hal_flash.c ****   * @param  ReturnValue The value saved in this parameter depends on the ongoing procedure
 439:Drivers/STM32F0xx_HAL_Driver/Src/stm32f0xx_hal_flash.c ****   *                 - Mass Erase: No return value expected
 440:Drivers/STM32F0xx_HAL_Driver/Src/stm32f0xx_hal_flash.c ****   *                 - Pages Erase: Address of the page which returned an error
 441:Drivers/STM32F0xx_HAL_Driver/Src/stm32f0xx_hal_flash.c ****   *                 - Program: Address which was selected for data program
 442:Drivers/STM32F0xx_HAL_Driver/Src/stm32f0xx_hal_flash.c ****   * @retval none
 443:Drivers/STM32F0xx_HAL_Driver/Src/stm32f0xx_hal_flash.c ****   */
 444:Drivers/STM32F0xx_HAL_Driver/Src/stm32f0xx_hal_flash.c **** __weak void HAL_FLASH_OperationErrorCallback(uint32_t ReturnValue)
 445:Drivers/STM32F0xx_HAL_Driver/Src/stm32f0xx_hal_flash.c **** {
 446:Drivers/STM32F0xx_HAL_Driver/Src/stm32f0xx_hal_flash.c ****   /* Prevent unused argument(s) compilation warning */
 447:Drivers/STM32F0xx_HAL_Driver/Src/stm32f0xx_hal_flash.c ****   UNUSED(ReturnValue);
 448:Drivers/STM32F0xx_HAL_Driver/Src/stm32f0xx_hal_flash.c **** 
 449:Drivers/STM32F0xx_HAL_Driver/Src/stm32f0xx_hal_flash.c ****   /* NOTE : This function Should not be modified, when the callback is needed,
 450:Drivers/STM32F0xx_HAL_Driver/Src/stm32f0xx_hal_flash.c ****             the HAL_FLASH_OperationErrorCallback could be implemented in the user file
 451:Drivers/STM32F0xx_HAL_Driver/Src/stm32f0xx_hal_flash.c ****    */ 
 452:Drivers/STM32F0xx_HAL_Driver/Src/stm32f0xx_hal_flash.c **** }
 453:Drivers/STM32F0xx_HAL_Driver/Src/stm32f0xx_hal_flash.c **** 
 454:Drivers/STM32F0xx_HAL_Driver/Src/stm32f0xx_hal_flash.c **** /**
 455:Drivers/STM32F0xx_HAL_Driver/Src/stm32f0xx_hal_flash.c ****   * @}
 456:Drivers/STM32F0xx_HAL_Driver/Src/stm32f0xx_hal_flash.c ****   */
 457:Drivers/STM32F0xx_HAL_Driver/Src/stm32f0xx_hal_flash.c **** 
 458:Drivers/STM32F0xx_HAL_Driver/Src/stm32f0xx_hal_flash.c **** /** @defgroup FLASH_Exported_Functions_Group2 Peripheral Control functions 
 459:Drivers/STM32F0xx_HAL_Driver/Src/stm32f0xx_hal_flash.c ****  *  @brief   management functions 
 460:Drivers/STM32F0xx_HAL_Driver/Src/stm32f0xx_hal_flash.c ****  *
 461:Drivers/STM32F0xx_HAL_Driver/Src/stm32f0xx_hal_flash.c **** @verbatim   
 462:Drivers/STM32F0xx_HAL_Driver/Src/stm32f0xx_hal_flash.c ****  ===============================================================================
 463:Drivers/STM32F0xx_HAL_Driver/Src/stm32f0xx_hal_flash.c ****                       ##### Peripheral Control functions #####
 464:Drivers/STM32F0xx_HAL_Driver/Src/stm32f0xx_hal_flash.c ****  ===============================================================================  
 465:Drivers/STM32F0xx_HAL_Driver/Src/stm32f0xx_hal_flash.c ****     [..]
 466:Drivers/STM32F0xx_HAL_Driver/Src/stm32f0xx_hal_flash.c ****     This subsection provides a set of functions allowing to control the FLASH 
 467:Drivers/STM32F0xx_HAL_Driver/Src/stm32f0xx_hal_flash.c ****     memory operations.
 468:Drivers/STM32F0xx_HAL_Driver/Src/stm32f0xx_hal_flash.c **** 
 469:Drivers/STM32F0xx_HAL_Driver/Src/stm32f0xx_hal_flash.c **** @endverbatim
 470:Drivers/STM32F0xx_HAL_Driver/Src/stm32f0xx_hal_flash.c ****   * @{
 471:Drivers/STM32F0xx_HAL_Driver/Src/stm32f0xx_hal_flash.c ****   */
 472:Drivers/STM32F0xx_HAL_Driver/Src/stm32f0xx_hal_flash.c **** 
 473:Drivers/STM32F0xx_HAL_Driver/Src/stm32f0xx_hal_flash.c **** /**
 474:Drivers/STM32F0xx_HAL_Driver/Src/stm32f0xx_hal_flash.c ****   * @brief  Unlock the FLASH control register access
 475:Drivers/STM32F0xx_HAL_Driver/Src/stm32f0xx_hal_flash.c ****   * @retval HAL Status
 476:Drivers/STM32F0xx_HAL_Driver/Src/stm32f0xx_hal_flash.c ****   */
 477:Drivers/STM32F0xx_HAL_Driver/Src/stm32f0xx_hal_flash.c **** HAL_StatusTypeDef HAL_FLASH_Unlock(void)
 478:Drivers/STM32F0xx_HAL_Driver/Src/stm32f0xx_hal_flash.c **** {
ARM GAS  C:\Users\joshr\AppData\Local\Temp\ccwhLvCW.s 			page 11


 479:Drivers/STM32F0xx_HAL_Driver/Src/stm32f0xx_hal_flash.c ****   HAL_StatusTypeDef status = HAL_OK;
 480:Drivers/STM32F0xx_HAL_Driver/Src/stm32f0xx_hal_flash.c **** 
 481:Drivers/STM32F0xx_HAL_Driver/Src/stm32f0xx_hal_flash.c ****   if(READ_BIT(FLASH->CR, FLASH_CR_LOCK) != RESET)
 482:Drivers/STM32F0xx_HAL_Driver/Src/stm32f0xx_hal_flash.c ****   {
 483:Drivers/STM32F0xx_HAL_Driver/Src/stm32f0xx_hal_flash.c ****     /* Authorize the FLASH Registers access */
 484:Drivers/STM32F0xx_HAL_Driver/Src/stm32f0xx_hal_flash.c ****     WRITE_REG(FLASH->KEYR, FLASH_KEY1);
 485:Drivers/STM32F0xx_HAL_Driver/Src/stm32f0xx_hal_flash.c ****     WRITE_REG(FLASH->KEYR, FLASH_KEY2);
 486:Drivers/STM32F0xx_HAL_Driver/Src/stm32f0xx_hal_flash.c **** 
 487:Drivers/STM32F0xx_HAL_Driver/Src/stm32f0xx_hal_flash.c ****     /* Verify Flash is unlocked */
 488:Drivers/STM32F0xx_HAL_Driver/Src/stm32f0xx_hal_flash.c ****     if(READ_BIT(FLASH->CR, FLASH_CR_LOCK) != RESET)
 489:Drivers/STM32F0xx_HAL_Driver/Src/stm32f0xx_hal_flash.c ****     {
 490:Drivers/STM32F0xx_HAL_Driver/Src/stm32f0xx_hal_flash.c ****       status = HAL_ERROR;
 491:Drivers/STM32F0xx_HAL_Driver/Src/stm32f0xx_hal_flash.c ****     }
 492:Drivers/STM32F0xx_HAL_Driver/Src/stm32f0xx_hal_flash.c ****   }
 493:Drivers/STM32F0xx_HAL_Driver/Src/stm32f0xx_hal_flash.c **** 
 494:Drivers/STM32F0xx_HAL_Driver/Src/stm32f0xx_hal_flash.c ****   return status;
 495:Drivers/STM32F0xx_HAL_Driver/Src/stm32f0xx_hal_flash.c **** }
 496:Drivers/STM32F0xx_HAL_Driver/Src/stm32f0xx_hal_flash.c **** 
 497:Drivers/STM32F0xx_HAL_Driver/Src/stm32f0xx_hal_flash.c **** /**
 498:Drivers/STM32F0xx_HAL_Driver/Src/stm32f0xx_hal_flash.c ****   * @brief  Locks the FLASH control register access
 499:Drivers/STM32F0xx_HAL_Driver/Src/stm32f0xx_hal_flash.c ****   * @retval HAL Status
 500:Drivers/STM32F0xx_HAL_Driver/Src/stm32f0xx_hal_flash.c ****   */
 501:Drivers/STM32F0xx_HAL_Driver/Src/stm32f0xx_hal_flash.c **** HAL_StatusTypeDef HAL_FLASH_Lock(void)
 502:Drivers/STM32F0xx_HAL_Driver/Src/stm32f0xx_hal_flash.c **** {
 503:Drivers/STM32F0xx_HAL_Driver/Src/stm32f0xx_hal_flash.c ****   /* Set the LOCK Bit to lock the FLASH Registers access */
 504:Drivers/STM32F0xx_HAL_Driver/Src/stm32f0xx_hal_flash.c ****   SET_BIT(FLASH->CR, FLASH_CR_LOCK);
 505:Drivers/STM32F0xx_HAL_Driver/Src/stm32f0xx_hal_flash.c ****   
 506:Drivers/STM32F0xx_HAL_Driver/Src/stm32f0xx_hal_flash.c ****   return HAL_OK;  
 507:Drivers/STM32F0xx_HAL_Driver/Src/stm32f0xx_hal_flash.c **** }
 508:Drivers/STM32F0xx_HAL_Driver/Src/stm32f0xx_hal_flash.c **** 
 509:Drivers/STM32F0xx_HAL_Driver/Src/stm32f0xx_hal_flash.c **** /**
 510:Drivers/STM32F0xx_HAL_Driver/Src/stm32f0xx_hal_flash.c ****   * @brief  Unlock the FLASH Option Control Registers access.
 511:Drivers/STM32F0xx_HAL_Driver/Src/stm32f0xx_hal_flash.c ****   * @retval HAL Status
 512:Drivers/STM32F0xx_HAL_Driver/Src/stm32f0xx_hal_flash.c ****   */
 513:Drivers/STM32F0xx_HAL_Driver/Src/stm32f0xx_hal_flash.c **** HAL_StatusTypeDef HAL_FLASH_OB_Unlock(void)
 514:Drivers/STM32F0xx_HAL_Driver/Src/stm32f0xx_hal_flash.c **** {
 515:Drivers/STM32F0xx_HAL_Driver/Src/stm32f0xx_hal_flash.c ****   if (HAL_IS_BIT_CLR(FLASH->CR, FLASH_CR_OPTWRE))
 516:Drivers/STM32F0xx_HAL_Driver/Src/stm32f0xx_hal_flash.c ****   {
 517:Drivers/STM32F0xx_HAL_Driver/Src/stm32f0xx_hal_flash.c ****     /* Authorizes the Option Byte register programming */
 518:Drivers/STM32F0xx_HAL_Driver/Src/stm32f0xx_hal_flash.c ****     WRITE_REG(FLASH->OPTKEYR, FLASH_OPTKEY1);
 519:Drivers/STM32F0xx_HAL_Driver/Src/stm32f0xx_hal_flash.c ****     WRITE_REG(FLASH->OPTKEYR, FLASH_OPTKEY2);
 520:Drivers/STM32F0xx_HAL_Driver/Src/stm32f0xx_hal_flash.c ****   }
 521:Drivers/STM32F0xx_HAL_Driver/Src/stm32f0xx_hal_flash.c ****   else
 522:Drivers/STM32F0xx_HAL_Driver/Src/stm32f0xx_hal_flash.c ****   {
 523:Drivers/STM32F0xx_HAL_Driver/Src/stm32f0xx_hal_flash.c ****     return HAL_ERROR;
 524:Drivers/STM32F0xx_HAL_Driver/Src/stm32f0xx_hal_flash.c ****   }  
 525:Drivers/STM32F0xx_HAL_Driver/Src/stm32f0xx_hal_flash.c ****   
 526:Drivers/STM32F0xx_HAL_Driver/Src/stm32f0xx_hal_flash.c ****   return HAL_OK;  
 527:Drivers/STM32F0xx_HAL_Driver/Src/stm32f0xx_hal_flash.c **** }
 528:Drivers/STM32F0xx_HAL_Driver/Src/stm32f0xx_hal_flash.c **** 
 529:Drivers/STM32F0xx_HAL_Driver/Src/stm32f0xx_hal_flash.c **** /**
 530:Drivers/STM32F0xx_HAL_Driver/Src/stm32f0xx_hal_flash.c ****   * @brief  Lock the FLASH Option Control Registers access.
 531:Drivers/STM32F0xx_HAL_Driver/Src/stm32f0xx_hal_flash.c ****   * @retval HAL Status 
 532:Drivers/STM32F0xx_HAL_Driver/Src/stm32f0xx_hal_flash.c ****   */
 533:Drivers/STM32F0xx_HAL_Driver/Src/stm32f0xx_hal_flash.c **** HAL_StatusTypeDef HAL_FLASH_OB_Lock(void)
 534:Drivers/STM32F0xx_HAL_Driver/Src/stm32f0xx_hal_flash.c **** {
 535:Drivers/STM32F0xx_HAL_Driver/Src/stm32f0xx_hal_flash.c ****   /* Clear the OPTWRE Bit to lock the FLASH Option Byte Registers access */
ARM GAS  C:\Users\joshr\AppData\Local\Temp\ccwhLvCW.s 			page 12


 536:Drivers/STM32F0xx_HAL_Driver/Src/stm32f0xx_hal_flash.c ****   CLEAR_BIT(FLASH->CR, FLASH_CR_OPTWRE);
 537:Drivers/STM32F0xx_HAL_Driver/Src/stm32f0xx_hal_flash.c ****   
 538:Drivers/STM32F0xx_HAL_Driver/Src/stm32f0xx_hal_flash.c ****   return HAL_OK;  
 539:Drivers/STM32F0xx_HAL_Driver/Src/stm32f0xx_hal_flash.c **** }
 540:Drivers/STM32F0xx_HAL_Driver/Src/stm32f0xx_hal_flash.c ****   
 541:Drivers/STM32F0xx_HAL_Driver/Src/stm32f0xx_hal_flash.c **** /**
 542:Drivers/STM32F0xx_HAL_Driver/Src/stm32f0xx_hal_flash.c ****   * @brief  Launch the option byte loading.
 543:Drivers/STM32F0xx_HAL_Driver/Src/stm32f0xx_hal_flash.c ****   * @note   This function will reset automatically the MCU.
 544:Drivers/STM32F0xx_HAL_Driver/Src/stm32f0xx_hal_flash.c ****   * @retval HAL Status
 545:Drivers/STM32F0xx_HAL_Driver/Src/stm32f0xx_hal_flash.c ****   */
 546:Drivers/STM32F0xx_HAL_Driver/Src/stm32f0xx_hal_flash.c **** HAL_StatusTypeDef HAL_FLASH_OB_Launch(void)
 547:Drivers/STM32F0xx_HAL_Driver/Src/stm32f0xx_hal_flash.c **** {
 548:Drivers/STM32F0xx_HAL_Driver/Src/stm32f0xx_hal_flash.c ****   /* Set the OBL_Launch bit to launch the option byte loading */
 549:Drivers/STM32F0xx_HAL_Driver/Src/stm32f0xx_hal_flash.c ****   SET_BIT(FLASH->CR, FLASH_CR_OBL_LAUNCH);
 550:Drivers/STM32F0xx_HAL_Driver/Src/stm32f0xx_hal_flash.c ****   
 551:Drivers/STM32F0xx_HAL_Driver/Src/stm32f0xx_hal_flash.c ****   /* Wait for last operation to be completed */
 552:Drivers/STM32F0xx_HAL_Driver/Src/stm32f0xx_hal_flash.c ****   return(FLASH_WaitForLastOperation(FLASH_TIMEOUT_VALUE));
 553:Drivers/STM32F0xx_HAL_Driver/Src/stm32f0xx_hal_flash.c **** }
 554:Drivers/STM32F0xx_HAL_Driver/Src/stm32f0xx_hal_flash.c **** 
 555:Drivers/STM32F0xx_HAL_Driver/Src/stm32f0xx_hal_flash.c **** /**
 556:Drivers/STM32F0xx_HAL_Driver/Src/stm32f0xx_hal_flash.c ****   * @}
 557:Drivers/STM32F0xx_HAL_Driver/Src/stm32f0xx_hal_flash.c ****   */  
 558:Drivers/STM32F0xx_HAL_Driver/Src/stm32f0xx_hal_flash.c **** 
 559:Drivers/STM32F0xx_HAL_Driver/Src/stm32f0xx_hal_flash.c **** /** @defgroup FLASH_Exported_Functions_Group3 Peripheral errors functions 
 560:Drivers/STM32F0xx_HAL_Driver/Src/stm32f0xx_hal_flash.c ****  *  @brief    Peripheral errors functions 
 561:Drivers/STM32F0xx_HAL_Driver/Src/stm32f0xx_hal_flash.c ****  *
 562:Drivers/STM32F0xx_HAL_Driver/Src/stm32f0xx_hal_flash.c **** @verbatim   
 563:Drivers/STM32F0xx_HAL_Driver/Src/stm32f0xx_hal_flash.c ****  ===============================================================================
 564:Drivers/STM32F0xx_HAL_Driver/Src/stm32f0xx_hal_flash.c ****                       ##### Peripheral Errors functions #####
 565:Drivers/STM32F0xx_HAL_Driver/Src/stm32f0xx_hal_flash.c ****  ===============================================================================  
 566:Drivers/STM32F0xx_HAL_Driver/Src/stm32f0xx_hal_flash.c ****     [..]
 567:Drivers/STM32F0xx_HAL_Driver/Src/stm32f0xx_hal_flash.c ****     This subsection permit to get in run-time errors of  the FLASH peripheral.
 568:Drivers/STM32F0xx_HAL_Driver/Src/stm32f0xx_hal_flash.c **** 
 569:Drivers/STM32F0xx_HAL_Driver/Src/stm32f0xx_hal_flash.c **** @endverbatim
 570:Drivers/STM32F0xx_HAL_Driver/Src/stm32f0xx_hal_flash.c ****   * @{
 571:Drivers/STM32F0xx_HAL_Driver/Src/stm32f0xx_hal_flash.c ****   */
 572:Drivers/STM32F0xx_HAL_Driver/Src/stm32f0xx_hal_flash.c **** 
 573:Drivers/STM32F0xx_HAL_Driver/Src/stm32f0xx_hal_flash.c **** /**
 574:Drivers/STM32F0xx_HAL_Driver/Src/stm32f0xx_hal_flash.c ****   * @brief  Get the specific FLASH error flag.
 575:Drivers/STM32F0xx_HAL_Driver/Src/stm32f0xx_hal_flash.c ****   * @retval FLASH_ErrorCode The returned value can be:
 576:Drivers/STM32F0xx_HAL_Driver/Src/stm32f0xx_hal_flash.c ****   *            @ref FLASH_Error_Codes
 577:Drivers/STM32F0xx_HAL_Driver/Src/stm32f0xx_hal_flash.c ****   */
 578:Drivers/STM32F0xx_HAL_Driver/Src/stm32f0xx_hal_flash.c **** uint32_t HAL_FLASH_GetError(void)
 579:Drivers/STM32F0xx_HAL_Driver/Src/stm32f0xx_hal_flash.c **** {
 580:Drivers/STM32F0xx_HAL_Driver/Src/stm32f0xx_hal_flash.c ****    return pFlash.ErrorCode;
 581:Drivers/STM32F0xx_HAL_Driver/Src/stm32f0xx_hal_flash.c **** }
 582:Drivers/STM32F0xx_HAL_Driver/Src/stm32f0xx_hal_flash.c **** 
 583:Drivers/STM32F0xx_HAL_Driver/Src/stm32f0xx_hal_flash.c **** /**
 584:Drivers/STM32F0xx_HAL_Driver/Src/stm32f0xx_hal_flash.c ****   * @}
 585:Drivers/STM32F0xx_HAL_Driver/Src/stm32f0xx_hal_flash.c ****   */
 586:Drivers/STM32F0xx_HAL_Driver/Src/stm32f0xx_hal_flash.c **** 
 587:Drivers/STM32F0xx_HAL_Driver/Src/stm32f0xx_hal_flash.c **** /**
 588:Drivers/STM32F0xx_HAL_Driver/Src/stm32f0xx_hal_flash.c ****   * @}
 589:Drivers/STM32F0xx_HAL_Driver/Src/stm32f0xx_hal_flash.c ****   */
 590:Drivers/STM32F0xx_HAL_Driver/Src/stm32f0xx_hal_flash.c **** 
 591:Drivers/STM32F0xx_HAL_Driver/Src/stm32f0xx_hal_flash.c **** /** @addtogroup FLASH_Private_Functions
 592:Drivers/STM32F0xx_HAL_Driver/Src/stm32f0xx_hal_flash.c ****  * @{
ARM GAS  C:\Users\joshr\AppData\Local\Temp\ccwhLvCW.s 			page 13


 593:Drivers/STM32F0xx_HAL_Driver/Src/stm32f0xx_hal_flash.c ****  */
 594:Drivers/STM32F0xx_HAL_Driver/Src/stm32f0xx_hal_flash.c **** 
 595:Drivers/STM32F0xx_HAL_Driver/Src/stm32f0xx_hal_flash.c **** /**
 596:Drivers/STM32F0xx_HAL_Driver/Src/stm32f0xx_hal_flash.c ****   * @brief  Program a half-word (16-bit) at a specified address.
 597:Drivers/STM32F0xx_HAL_Driver/Src/stm32f0xx_hal_flash.c ****   * @param  Address specify the address to be programmed.
 598:Drivers/STM32F0xx_HAL_Driver/Src/stm32f0xx_hal_flash.c ****   * @param  Data    specify the data to be programmed.
 599:Drivers/STM32F0xx_HAL_Driver/Src/stm32f0xx_hal_flash.c ****   * @retval None
 600:Drivers/STM32F0xx_HAL_Driver/Src/stm32f0xx_hal_flash.c ****   */
 601:Drivers/STM32F0xx_HAL_Driver/Src/stm32f0xx_hal_flash.c **** static void FLASH_Program_HalfWord(uint32_t Address, uint16_t Data)
 602:Drivers/STM32F0xx_HAL_Driver/Src/stm32f0xx_hal_flash.c **** {
 603:Drivers/STM32F0xx_HAL_Driver/Src/stm32f0xx_hal_flash.c ****   /* Clean the error context */
 604:Drivers/STM32F0xx_HAL_Driver/Src/stm32f0xx_hal_flash.c ****   pFlash.ErrorCode = HAL_FLASH_ERROR_NONE;
 605:Drivers/STM32F0xx_HAL_Driver/Src/stm32f0xx_hal_flash.c ****   
 606:Drivers/STM32F0xx_HAL_Driver/Src/stm32f0xx_hal_flash.c ****     /* Proceed to program the new data */
 607:Drivers/STM32F0xx_HAL_Driver/Src/stm32f0xx_hal_flash.c ****     SET_BIT(FLASH->CR, FLASH_CR_PG);
 608:Drivers/STM32F0xx_HAL_Driver/Src/stm32f0xx_hal_flash.c **** 
 609:Drivers/STM32F0xx_HAL_Driver/Src/stm32f0xx_hal_flash.c ****   /* Write data in the address */
 610:Drivers/STM32F0xx_HAL_Driver/Src/stm32f0xx_hal_flash.c ****   *(__IO uint16_t*)Address = Data;
 611:Drivers/STM32F0xx_HAL_Driver/Src/stm32f0xx_hal_flash.c **** }
 612:Drivers/STM32F0xx_HAL_Driver/Src/stm32f0xx_hal_flash.c **** 
 613:Drivers/STM32F0xx_HAL_Driver/Src/stm32f0xx_hal_flash.c **** /**
 614:Drivers/STM32F0xx_HAL_Driver/Src/stm32f0xx_hal_flash.c ****   * @brief  Wait for a FLASH operation to complete.
 615:Drivers/STM32F0xx_HAL_Driver/Src/stm32f0xx_hal_flash.c ****   * @param  Timeout  maximum flash operation timeout
 616:Drivers/STM32F0xx_HAL_Driver/Src/stm32f0xx_hal_flash.c ****   * @retval HAL Status
 617:Drivers/STM32F0xx_HAL_Driver/Src/stm32f0xx_hal_flash.c ****   */
 618:Drivers/STM32F0xx_HAL_Driver/Src/stm32f0xx_hal_flash.c **** HAL_StatusTypeDef FLASH_WaitForLastOperation(uint32_t Timeout)
  90              		.loc 1 618 19 view .LVU19
  91              	.LVL2:
  92              	.LBB19:
 619:Drivers/STM32F0xx_HAL_Driver/Src/stm32f0xx_hal_flash.c **** {
 620:Drivers/STM32F0xx_HAL_Driver/Src/stm32f0xx_hal_flash.c ****   /* Wait for the FLASH operation to complete by polling on BUSY flag to be reset.
 621:Drivers/STM32F0xx_HAL_Driver/Src/stm32f0xx_hal_flash.c ****      Even if the FLASH operation fails, the BUSY flag will be reset and an error
 622:Drivers/STM32F0xx_HAL_Driver/Src/stm32f0xx_hal_flash.c ****      flag will be set */
 623:Drivers/STM32F0xx_HAL_Driver/Src/stm32f0xx_hal_flash.c ****      
 624:Drivers/STM32F0xx_HAL_Driver/Src/stm32f0xx_hal_flash.c ****   uint32_t tickstart = HAL_GetTick();
  93              		.loc 1 624 3 view .LVU20
  94              		.loc 1 624 24 is_stmt 0 view .LVU21
  95 0028 FFF7FEFF 		bl	HAL_GetTick
  96              	.LVL3:
 625:Drivers/STM32F0xx_HAL_Driver/Src/stm32f0xx_hal_flash.c ****      
 626:Drivers/STM32F0xx_HAL_Driver/Src/stm32f0xx_hal_flash.c ****   while(__HAL_FLASH_GET_FLAG(FLASH_FLAG_BSY)) 
  97              		.loc 1 626 9 view .LVU22
  98 002c 0126     		movs	r6, #1
 624:Drivers/STM32F0xx_HAL_Driver/Src/stm32f0xx_hal_flash.c ****      
  99              		.loc 1 624 24 view .LVU23
 100 002e 0400     		movs	r4, r0
 101              	.LVL4:
 102              		.loc 1 626 3 is_stmt 1 view .LVU24
 103              		.loc 1 626 9 is_stmt 0 view .LVU25
 104 0030 614D     		ldr	r5, .L53+4
 627:Drivers/STM32F0xx_HAL_Driver/Src/stm32f0xx_hal_flash.c ****   { 
 628:Drivers/STM32F0xx_HAL_Driver/Src/stm32f0xx_hal_flash.c ****     if (Timeout != HAL_MAX_DELAY)
 629:Drivers/STM32F0xx_HAL_Driver/Src/stm32f0xx_hal_flash.c ****     {
 630:Drivers/STM32F0xx_HAL_Driver/Src/stm32f0xx_hal_flash.c ****       if((Timeout == 0U) || ((HAL_GetTick()-tickstart) > Timeout))
 105              		.loc 1 630 26 discriminator 1 view .LVU26
 106 0032 624F     		ldr	r7, .L53+8
 626:Drivers/STM32F0xx_HAL_Driver/Src/stm32f0xx_hal_flash.c ****   { 
ARM GAS  C:\Users\joshr\AppData\Local\Temp\ccwhLvCW.s 			page 14


 107              		.loc 1 626 8 view .LVU27
 108 0034 04E0     		b	.L3
 109              	.LVL5:
 110              	.L5:
 628:Drivers/STM32F0xx_HAL_Driver/Src/stm32f0xx_hal_flash.c ****     {
 111              		.loc 1 628 5 is_stmt 1 view .LVU28
 112              		.loc 1 630 7 view .LVU29
 113              		.loc 1 630 31 is_stmt 0 discriminator 1 view .LVU30
 114 0036 FFF7FEFF 		bl	HAL_GetTick
 115              	.LVL6:
 116              		.loc 1 630 44 discriminator 1 view .LVU31
 117 003a 001B     		subs	r0, r0, r4
 118              		.loc 1 630 26 discriminator 1 view .LVU32
 119 003c B842     		cmp	r0, r7
 120 003e 67D8     		bhi	.L24
 121              	.L3:
 626:Drivers/STM32F0xx_HAL_Driver/Src/stm32f0xx_hal_flash.c ****   { 
 122              		.loc 1 626 9 is_stmt 1 view .LVU33
 123 0040 EB68     		ldr	r3, [r5, #12]
 124 0042 1E42     		tst	r6, r3
 125 0044 F7D1     		bne	.L5
 631:Drivers/STM32F0xx_HAL_Driver/Src/stm32f0xx_hal_flash.c ****       {
 632:Drivers/STM32F0xx_HAL_Driver/Src/stm32f0xx_hal_flash.c ****         return HAL_TIMEOUT;
 633:Drivers/STM32F0xx_HAL_Driver/Src/stm32f0xx_hal_flash.c ****       }
 634:Drivers/STM32F0xx_HAL_Driver/Src/stm32f0xx_hal_flash.c ****     }
 635:Drivers/STM32F0xx_HAL_Driver/Src/stm32f0xx_hal_flash.c ****   }
 636:Drivers/STM32F0xx_HAL_Driver/Src/stm32f0xx_hal_flash.c ****   
 637:Drivers/STM32F0xx_HAL_Driver/Src/stm32f0xx_hal_flash.c ****   /* Check FLASH End of Operation flag  */
 638:Drivers/STM32F0xx_HAL_Driver/Src/stm32f0xx_hal_flash.c ****   if (__HAL_FLASH_GET_FLAG(FLASH_FLAG_EOP))
 126              		.loc 1 638 3 view .LVU34
 127              		.loc 1 638 7 is_stmt 0 view .LVU35
 128 0046 2023     		movs	r3, #32
 129 0048 EA68     		ldr	r2, [r5, #12]
 130              		.loc 1 638 6 view .LVU36
 131 004a 1342     		tst	r3, r2
 132 004c 00D0     		beq	.L6
 639:Drivers/STM32F0xx_HAL_Driver/Src/stm32f0xx_hal_flash.c ****   {
 640:Drivers/STM32F0xx_HAL_Driver/Src/stm32f0xx_hal_flash.c ****     /* Clear FLASH End of Operation pending bit */
 641:Drivers/STM32F0xx_HAL_Driver/Src/stm32f0xx_hal_flash.c ****     __HAL_FLASH_CLEAR_FLAG(FLASH_FLAG_EOP);
 133              		.loc 1 641 5 is_stmt 1 view .LVU37
 134 004e EB60     		str	r3, [r5, #12]
 135              	.L6:
 642:Drivers/STM32F0xx_HAL_Driver/Src/stm32f0xx_hal_flash.c ****   }
 643:Drivers/STM32F0xx_HAL_Driver/Src/stm32f0xx_hal_flash.c ****   
 644:Drivers/STM32F0xx_HAL_Driver/Src/stm32f0xx_hal_flash.c ****   if(__HAL_FLASH_GET_FLAG(FLASH_FLAG_WRPERR)  || 
 136              		.loc 1 644 3 view .LVU38
 137              		.loc 1 644 6 is_stmt 0 view .LVU39
 138 0050 594A     		ldr	r2, .L53+4
 139 0052 D368     		ldr	r3, [r2, #12]
 140              		.loc 1 644 5 view .LVU40
 141 0054 DB06     		lsls	r3, r3, #27
 142 0056 00D5     		bpl	.LCB104
 143 0058 8AE0     		b	.L7	@long jump
 144              	.LCB104:
 645:Drivers/STM32F0xx_HAL_Driver/Src/stm32f0xx_hal_flash.c ****      __HAL_FLASH_GET_FLAG(FLASH_FLAG_PGERR))
 145              		.loc 1 645 6 view .LVU41
 146 005a D368     		ldr	r3, [r2, #12]
ARM GAS  C:\Users\joshr\AppData\Local\Temp\ccwhLvCW.s 			page 15


 147 005c 0422     		movs	r2, #4
 148 005e 1100     		movs	r1, r2
 149 0060 1940     		ands	r1, r3
 150 0062 8846     		mov	r8, r1
 644:Drivers/STM32F0xx_HAL_Driver/Src/stm32f0xx_hal_flash.c ****      __HAL_FLASH_GET_FLAG(FLASH_FLAG_PGERR))
 151              		.loc 1 644 47 discriminator 1 view .LVU42
 152 0064 1A42     		tst	r2, r3
 153 0066 00D0     		beq	.LCB111
 154 0068 82E0     		b	.L7	@long jump
 155              	.LCB111:
 156              	.LVL7:
 644:Drivers/STM32F0xx_HAL_Driver/Src/stm32f0xx_hal_flash.c ****      __HAL_FLASH_GET_FLAG(FLASH_FLAG_PGERR))
 157              		.loc 1 644 47 discriminator 1 view .LVU43
 158              	.LBE19:
 159              	.LBE18:
 181:Drivers/STM32F0xx_HAL_Driver/Src/stm32f0xx_hal_flash.c ****   {
 160              		.loc 1 181 3 is_stmt 1 view .LVU44
 183:Drivers/STM32F0xx_HAL_Driver/Src/stm32f0xx_hal_flash.c ****     {
 161              		.loc 1 183 5 view .LVU45
 183:Drivers/STM32F0xx_HAL_Driver/Src/stm32f0xx_hal_flash.c ****     {
 162              		.loc 1 183 7 is_stmt 0 view .LVU46
 163 006a 5B46     		mov	r3, fp
 164 006c 012B     		cmp	r3, #1
 165 006e 00D1     		bne	.LCB121
 166 0070 9DE0     		b	.L52	@long jump
 167              	.LCB121:
 168              	.LVL8:
 188:Drivers/STM32F0xx_HAL_Driver/Src/stm32f0xx_hal_flash.c ****     {
 169              		.loc 1 188 10 is_stmt 1 view .LVU47
 191:Drivers/STM32F0xx_HAL_Driver/Src/stm32f0xx_hal_flash.c ****     }
 170              		.loc 1 191 20 is_stmt 0 view .LVU48
 171 0072 023B     		subs	r3, r3, #2
 172              	.LVL9:
 191:Drivers/STM32F0xx_HAL_Driver/Src/stm32f0xx_hal_flash.c ****     }
 173              		.loc 1 191 20 view .LVU49
 174 0074 5A1E     		subs	r2, r3, #1
 175 0076 9341     		sbcs	r3, r3, r2
 176 0078 5B00     		lsls	r3, r3, #1
 177 007a 0233     		adds	r3, r3, #2
 178 007c 0293     		str	r3, [sp, #8]
 179              	.L8:
 180              	.LVL10:
 201:Drivers/STM32F0xx_HAL_Driver/Src/stm32f0xx_hal_flash.c **** 
 181              		.loc 1 201 70 view .LVU50
 182 007e 2023     		movs	r3, #32
 183              	.LBB26:
 184              	.LBB27:
 607:Drivers/STM32F0xx_HAL_Driver/Src/stm32f0xx_hal_flash.c **** 
 185              		.loc 1 607 5 view .LVU51
 186 0080 0125     		movs	r5, #1
 187              	.LBE27:
 188              	.LBE26:
 201:Drivers/STM32F0xx_HAL_Driver/Src/stm32f0xx_hal_flash.c **** 
 189              		.loc 1 201 70 view .LVU52
 190 0082 9B46     		mov	fp, r3
 191              	.LVL11:
 192              	.LBB31:
ARM GAS  C:\Users\joshr\AppData\Local\Temp\ccwhLvCW.s 			page 16


 193              	.LBB28:
 607:Drivers/STM32F0xx_HAL_Driver/Src/stm32f0xx_hal_flash.c **** 
 194              		.loc 1 607 5 view .LVU53
 195 0084 4C4C     		ldr	r4, .L53+4
 196              	.LVL12:
 197              	.L23:
 607:Drivers/STM32F0xx_HAL_Driver/Src/stm32f0xx_hal_flash.c **** 
 198              		.loc 1 607 5 view .LVU54
 199              	.LBE28:
 200              	.LBE31:
 201:Drivers/STM32F0xx_HAL_Driver/Src/stm32f0xx_hal_flash.c **** 
 201              		.loc 1 201 7 is_stmt 1 view .LVU55
 201:Drivers/STM32F0xx_HAL_Driver/Src/stm32f0xx_hal_flash.c **** 
 202              		.loc 1 201 70 is_stmt 0 view .LVU56
 203 0086 4346     		mov	r3, r8
 204 0088 1B01     		lsls	r3, r3, #4
 205 008a 1A00     		movs	r2, r3
 206 008c 203A     		subs	r2, r2, #32
 207 008e 32D4     		bmi	.L13
 208 0090 019B     		ldr	r3, [sp, #4]
 209 0092 D340     		lsrs	r3, r3, r2
 210              	.L14:
 211              	.LBB32:
 212              	.LBB29:
 604:Drivers/STM32F0xx_HAL_Driver/Src/stm32f0xx_hal_flash.c ****   
 213              		.loc 1 604 20 view .LVU57
 214 0094 0022     		movs	r2, #0
 215 0096 5146     		mov	r1, r10
 216 0098 CA61     		str	r2, [r1, #28]
 607:Drivers/STM32F0xx_HAL_Driver/Src/stm32f0xx_hal_flash.c **** 
 217              		.loc 1 607 5 view .LVU58
 218 009a 2269     		ldr	r2, [r4, #16]
 219              	.LBE29:
 220              	.LBE32:
 201:Drivers/STM32F0xx_HAL_Driver/Src/stm32f0xx_hal_flash.c **** 
 221              		.loc 1 201 7 view .LVU59
 222 009c 9BB2     		uxth	r3, r3
 223              	.LVL13:
 224              	.LBB33:
 225              	.LBI26:
 601:Drivers/STM32F0xx_HAL_Driver/Src/stm32f0xx_hal_flash.c **** {
 226              		.loc 1 601 13 is_stmt 1 view .LVU60
 227              	.LBB30:
 604:Drivers/STM32F0xx_HAL_Driver/Src/stm32f0xx_hal_flash.c ****   
 228              		.loc 1 604 3 view .LVU61
 607:Drivers/STM32F0xx_HAL_Driver/Src/stm32f0xx_hal_flash.c **** 
 229              		.loc 1 607 5 view .LVU62
 230 009e 2A43     		orrs	r2, r5
 231 00a0 2261     		str	r2, [r4, #16]
 610:Drivers/STM32F0xx_HAL_Driver/Src/stm32f0xx_hal_flash.c **** }
 232              		.loc 1 610 3 view .LVU63
 610:Drivers/STM32F0xx_HAL_Driver/Src/stm32f0xx_hal_flash.c **** }
 233              		.loc 1 610 28 is_stmt 0 view .LVU64
 234 00a2 4A46     		mov	r2, r9
 235 00a4 1380     		strh	r3, [r2]
 236              	.LVL14:
 610:Drivers/STM32F0xx_HAL_Driver/Src/stm32f0xx_hal_flash.c **** }
ARM GAS  C:\Users\joshr\AppData\Local\Temp\ccwhLvCW.s 			page 17


 237              		.loc 1 610 28 view .LVU65
 238              	.LBE30:
 239              	.LBE33:
 204:Drivers/STM32F0xx_HAL_Driver/Src/stm32f0xx_hal_flash.c ****     
 240              		.loc 1 204 9 is_stmt 1 view .LVU66
 241              	.LBB34:
 242              	.LBI34:
 618:Drivers/STM32F0xx_HAL_Driver/Src/stm32f0xx_hal_flash.c **** {
 243              		.loc 1 618 19 view .LVU67
 244              	.LBB35:
 624:Drivers/STM32F0xx_HAL_Driver/Src/stm32f0xx_hal_flash.c ****      
 245              		.loc 1 624 3 view .LVU68
 624:Drivers/STM32F0xx_HAL_Driver/Src/stm32f0xx_hal_flash.c ****      
 246              		.loc 1 624 24 is_stmt 0 view .LVU69
 247 00a6 FFF7FEFF 		bl	HAL_GetTick
 248              	.LVL15:
 630:Drivers/STM32F0xx_HAL_Driver/Src/stm32f0xx_hal_flash.c ****       {
 249              		.loc 1 630 26 discriminator 1 view .LVU70
 250 00aa 444F     		ldr	r7, .L53+8
 624:Drivers/STM32F0xx_HAL_Driver/Src/stm32f0xx_hal_flash.c ****      
 251              		.loc 1 624 24 view .LVU71
 252 00ac 0600     		movs	r6, r0
 253              	.LVL16:
 626:Drivers/STM32F0xx_HAL_Driver/Src/stm32f0xx_hal_flash.c ****   { 
 254              		.loc 1 626 3 is_stmt 1 view .LVU72
 626:Drivers/STM32F0xx_HAL_Driver/Src/stm32f0xx_hal_flash.c ****   { 
 255              		.loc 1 626 8 is_stmt 0 view .LVU73
 256 00ae 04E0     		b	.L15
 257              	.LVL17:
 258              	.L17:
 628:Drivers/STM32F0xx_HAL_Driver/Src/stm32f0xx_hal_flash.c ****     {
 259              		.loc 1 628 5 is_stmt 1 view .LVU74
 630:Drivers/STM32F0xx_HAL_Driver/Src/stm32f0xx_hal_flash.c ****       {
 260              		.loc 1 630 7 view .LVU75
 630:Drivers/STM32F0xx_HAL_Driver/Src/stm32f0xx_hal_flash.c ****       {
 261              		.loc 1 630 31 is_stmt 0 discriminator 1 view .LVU76
 262 00b0 FFF7FEFF 		bl	HAL_GetTick
 263              	.LVL18:
 630:Drivers/STM32F0xx_HAL_Driver/Src/stm32f0xx_hal_flash.c ****       {
 264              		.loc 1 630 44 discriminator 1 view .LVU77
 265 00b4 801B     		subs	r0, r0, r6
 630:Drivers/STM32F0xx_HAL_Driver/Src/stm32f0xx_hal_flash.c ****       {
 266              		.loc 1 630 26 discriminator 1 view .LVU78
 267 00b6 B842     		cmp	r0, r7
 268 00b8 27D8     		bhi	.L16
 269              	.L15:
 626:Drivers/STM32F0xx_HAL_Driver/Src/stm32f0xx_hal_flash.c ****   { 
 270              		.loc 1 626 9 is_stmt 1 view .LVU79
 271 00ba E368     		ldr	r3, [r4, #12]
 272 00bc 1D42     		tst	r5, r3
 273 00be F7D1     		bne	.L17
 638:Drivers/STM32F0xx_HAL_Driver/Src/stm32f0xx_hal_flash.c ****   {
 274              		.loc 1 638 3 view .LVU80
 638:Drivers/STM32F0xx_HAL_Driver/Src/stm32f0xx_hal_flash.c ****   {
 275              		.loc 1 638 6 is_stmt 0 view .LVU81
 276 00c0 5A46     		mov	r2, fp
 638:Drivers/STM32F0xx_HAL_Driver/Src/stm32f0xx_hal_flash.c ****   {
ARM GAS  C:\Users\joshr\AppData\Local\Temp\ccwhLvCW.s 			page 18


 277              		.loc 1 638 7 view .LVU82
 278 00c2 E368     		ldr	r3, [r4, #12]
 638:Drivers/STM32F0xx_HAL_Driver/Src/stm32f0xx_hal_flash.c ****   {
 279              		.loc 1 638 6 view .LVU83
 280 00c4 1A42     		tst	r2, r3
 281 00c6 00D0     		beq	.L18
 641:Drivers/STM32F0xx_HAL_Driver/Src/stm32f0xx_hal_flash.c ****   }
 282              		.loc 1 641 5 is_stmt 1 view .LVU84
 283 00c8 E260     		str	r2, [r4, #12]
 284              	.L18:
 644:Drivers/STM32F0xx_HAL_Driver/Src/stm32f0xx_hal_flash.c ****      __HAL_FLASH_GET_FLAG(FLASH_FLAG_PGERR))
 285              		.loc 1 644 3 view .LVU85
 644:Drivers/STM32F0xx_HAL_Driver/Src/stm32f0xx_hal_flash.c ****      __HAL_FLASH_GET_FLAG(FLASH_FLAG_PGERR))
 286              		.loc 1 644 6 is_stmt 0 view .LVU86
 287 00ca E368     		ldr	r3, [r4, #12]
 644:Drivers/STM32F0xx_HAL_Driver/Src/stm32f0xx_hal_flash.c ****      __HAL_FLASH_GET_FLAG(FLASH_FLAG_PGERR))
 288              		.loc 1 644 5 view .LVU87
 289 00cc DB06     		lsls	r3, r3, #27
 290 00ce 2AD4     		bmi	.L19
 291              		.loc 1 645 6 view .LVU88
 292 00d0 E368     		ldr	r3, [r4, #12]
 644:Drivers/STM32F0xx_HAL_Driver/Src/stm32f0xx_hal_flash.c ****      __HAL_FLASH_GET_FLAG(FLASH_FLAG_PGERR))
 293              		.loc 1 644 47 discriminator 1 view .LVU89
 294 00d2 5B07     		lsls	r3, r3, #29
 295 00d4 27D4     		bmi	.L19
 296              	.LVL19:
 644:Drivers/STM32F0xx_HAL_Driver/Src/stm32f0xx_hal_flash.c ****      __HAL_FLASH_GET_FLAG(FLASH_FLAG_PGERR))
 297              		.loc 1 644 47 discriminator 1 view .LVU90
 298              	.LBE35:
 299              	.LBE34:
 207:Drivers/STM32F0xx_HAL_Driver/Src/stm32f0xx_hal_flash.c ****       /* In case of error, stop programming procedure */
 300              		.loc 1 207 9 is_stmt 1 view .LVU91
 301 00d6 2369     		ldr	r3, [r4, #16]
 199:Drivers/STM32F0xx_HAL_Driver/Src/stm32f0xx_hal_flash.c ****     {
 302              		.loc 1 199 28 is_stmt 0 discriminator 1 view .LVU92
 303 00d8 029A     		ldr	r2, [sp, #8]
 207:Drivers/STM32F0xx_HAL_Driver/Src/stm32f0xx_hal_flash.c ****       /* In case of error, stop programming procedure */
 304              		.loc 1 207 9 view .LVU93
 305 00da AB43     		bics	r3, r5
 306 00dc 2361     		str	r3, [r4, #16]
 209:Drivers/STM32F0xx_HAL_Driver/Src/stm32f0xx_hal_flash.c ****       {
 307              		.loc 1 209 7 is_stmt 1 view .LVU94
 199:Drivers/STM32F0xx_HAL_Driver/Src/stm32f0xx_hal_flash.c ****     {
 308              		.loc 1 199 49 discriminator 2 view .LVU95
 309              	.LVL20:
 199:Drivers/STM32F0xx_HAL_Driver/Src/stm32f0xx_hal_flash.c ****     {
 310              		.loc 1 199 28 discriminator 1 view .LVU96
 311 00de 0123     		movs	r3, #1
 312 00e0 9C46     		mov	ip, r3
 313 00e2 0133     		adds	r3, r3, #1
 314 00e4 E044     		add	r8, r8, ip
 315              	.LVL21:
 199:Drivers/STM32F0xx_HAL_Driver/Src/stm32f0xx_hal_flash.c ****     {
 316              		.loc 1 199 28 is_stmt 0 discriminator 1 view .LVU97
 317 00e6 9C46     		mov	ip, r3
 318 00e8 4346     		mov	r3, r8
 319 00ea DBB2     		uxtb	r3, r3
ARM GAS  C:\Users\joshr\AppData\Local\Temp\ccwhLvCW.s 			page 19


 320 00ec E144     		add	r9, r9, ip
 321 00ee 9A42     		cmp	r2, r3
 322 00f0 C9D8     		bhi	.L23
 323 00f2 0020     		movs	r0, #0
 324 00f4 0DE0     		b	.L4
 325              	.LVL22:
 326              	.L13:
 201:Drivers/STM32F0xx_HAL_Driver/Src/stm32f0xx_hal_flash.c **** 
 327              		.loc 1 201 70 view .LVU98
 328 00f6 5A46     		mov	r2, fp
 329 00f8 0199     		ldr	r1, [sp, #4]
 330 00fa D21A     		subs	r2, r2, r3
 331 00fc 9140     		lsls	r1, r1, r2
 332 00fe 0A00     		movs	r2, r1
 333 0100 0399     		ldr	r1, [sp, #12]
 334 0102 D940     		lsrs	r1, r1, r3
 335 0104 0B00     		movs	r3, r1
 336 0106 1343     		orrs	r3, r2
 337 0108 C4E7     		b	.L14
 338              	.LVL23:
 339              	.L16:
 207:Drivers/STM32F0xx_HAL_Driver/Src/stm32f0xx_hal_flash.c ****       /* In case of error, stop programming procedure */
 340              		.loc 1 207 9 is_stmt 1 view .LVU99
 341 010a 2369     		ldr	r3, [r4, #16]
 342 010c AB43     		bics	r3, r5
 343 010e 2361     		str	r3, [r4, #16]
 209:Drivers/STM32F0xx_HAL_Driver/Src/stm32f0xx_hal_flash.c ****       {
 344              		.loc 1 209 7 view .LVU100
 345              	.LVL24:
 346              	.L24:
 179:Drivers/STM32F0xx_HAL_Driver/Src/stm32f0xx_hal_flash.c ****   
 347              		.loc 1 179 14 is_stmt 0 view .LVU101
 348 0110 0320     		movs	r0, #3
 349              	.L4:
 350              	.LVL25:
 217:Drivers/STM32F0xx_HAL_Driver/Src/stm32f0xx_hal_flash.c **** 
 351              		.loc 1 217 3 is_stmt 1 view .LVU102
 217:Drivers/STM32F0xx_HAL_Driver/Src/stm32f0xx_hal_flash.c **** 
 352              		.loc 1 217 3 view .LVU103
 353 0112 0023     		movs	r3, #0
 354 0114 5246     		mov	r2, r10
 355 0116 1376     		strb	r3, [r2, #24]
 217:Drivers/STM32F0xx_HAL_Driver/Src/stm32f0xx_hal_flash.c **** 
 356              		.loc 1 217 3 view .LVU104
 219:Drivers/STM32F0xx_HAL_Driver/Src/stm32f0xx_hal_flash.c **** }
 357              		.loc 1 219 3 view .LVU105
 358              	.LVL26:
 359              	.L2:
 220:Drivers/STM32F0xx_HAL_Driver/Src/stm32f0xx_hal_flash.c **** 
 360              		.loc 1 220 1 is_stmt 0 view .LVU106
 361 0118 05B0     		add	sp, sp, #20
 362              		@ sp needed
 363 011a F0BC     		pop	{r4, r5, r6, r7}
 364 011c BB46     		mov	fp, r7
 365 011e B246     		mov	r10, r6
 366 0120 A946     		mov	r9, r5
 367 0122 A046     		mov	r8, r4
ARM GAS  C:\Users\joshr\AppData\Local\Temp\ccwhLvCW.s 			page 20


 368 0124 F0BD     		pop	{r4, r5, r6, r7, pc}
 369              	.LVL27:
 370              	.L19:
 371              	.LBB45:
 372              	.LBB42:
 646:Drivers/STM32F0xx_HAL_Driver/Src/stm32f0xx_hal_flash.c ****   {
 647:Drivers/STM32F0xx_HAL_Driver/Src/stm32f0xx_hal_flash.c ****     /*Save the error code*/
 648:Drivers/STM32F0xx_HAL_Driver/Src/stm32f0xx_hal_flash.c ****     FLASH_SetErrorCode();
 373              		.loc 1 648 5 is_stmt 1 view .LVU107
 374              	.LBB36:
 375              	.LBI36:
 649:Drivers/STM32F0xx_HAL_Driver/Src/stm32f0xx_hal_flash.c ****     return HAL_ERROR;
 650:Drivers/STM32F0xx_HAL_Driver/Src/stm32f0xx_hal_flash.c ****   }
 651:Drivers/STM32F0xx_HAL_Driver/Src/stm32f0xx_hal_flash.c **** 
 652:Drivers/STM32F0xx_HAL_Driver/Src/stm32f0xx_hal_flash.c ****   /* There is no error flag set */
 653:Drivers/STM32F0xx_HAL_Driver/Src/stm32f0xx_hal_flash.c ****   return HAL_OK;
 654:Drivers/STM32F0xx_HAL_Driver/Src/stm32f0xx_hal_flash.c **** }
 655:Drivers/STM32F0xx_HAL_Driver/Src/stm32f0xx_hal_flash.c **** 
 656:Drivers/STM32F0xx_HAL_Driver/Src/stm32f0xx_hal_flash.c **** 
 657:Drivers/STM32F0xx_HAL_Driver/Src/stm32f0xx_hal_flash.c **** /**
 658:Drivers/STM32F0xx_HAL_Driver/Src/stm32f0xx_hal_flash.c ****   * @brief  Set the specific FLASH error flag.
 659:Drivers/STM32F0xx_HAL_Driver/Src/stm32f0xx_hal_flash.c ****   * @retval None
 660:Drivers/STM32F0xx_HAL_Driver/Src/stm32f0xx_hal_flash.c ****   */
 661:Drivers/STM32F0xx_HAL_Driver/Src/stm32f0xx_hal_flash.c **** static void FLASH_SetErrorCode(void)
 376              		.loc 1 661 13 view .LVU108
 377              	.LBB37:
 662:Drivers/STM32F0xx_HAL_Driver/Src/stm32f0xx_hal_flash.c **** {
 663:Drivers/STM32F0xx_HAL_Driver/Src/stm32f0xx_hal_flash.c ****   uint32_t flags = 0U;
 378              		.loc 1 663 3 view .LVU109
 664:Drivers/STM32F0xx_HAL_Driver/Src/stm32f0xx_hal_flash.c ****   
 665:Drivers/STM32F0xx_HAL_Driver/Src/stm32f0xx_hal_flash.c ****   if(__HAL_FLASH_GET_FLAG(FLASH_FLAG_WRPERR))
 379              		.loc 1 665 3 view .LVU110
 380              		.loc 1 665 6 is_stmt 0 view .LVU111
 381 0126 1021     		movs	r1, #16
 382 0128 0A00     		movs	r2, r1
 383 012a 234B     		ldr	r3, .L53+4
 384 012c 0420     		movs	r0, #4
 385 012e DB68     		ldr	r3, [r3, #12]
 386 0130 1A40     		ands	r2, r3
 387              		.loc 1 665 5 view .LVU112
 388 0132 1942     		tst	r1, r3
 389 0134 07D0     		beq	.L21
 666:Drivers/STM32F0xx_HAL_Driver/Src/stm32f0xx_hal_flash.c ****   {
 667:Drivers/STM32F0xx_HAL_Driver/Src/stm32f0xx_hal_flash.c ****     pFlash.ErrorCode |= HAL_FLASH_ERROR_WRP;
 390              		.loc 1 667 5 is_stmt 1 view .LVU113
 391              		.loc 1 667 11 is_stmt 0 view .LVU114
 392 0136 5346     		mov	r3, r10
 393              		.loc 1 667 22 view .LVU115
 394 0138 0222     		movs	r2, #2
 395              		.loc 1 667 11 view .LVU116
 396 013a DB69     		ldr	r3, [r3, #28]
 397              		.loc 1 667 22 view .LVU117
 398 013c 1030     		adds	r0, r0, #16
 399 013e 1343     		orrs	r3, r2
 400 0140 5246     		mov	r2, r10
 401 0142 D361     		str	r3, [r2, #28]
 668:Drivers/STM32F0xx_HAL_Driver/Src/stm32f0xx_hal_flash.c ****     flags |= FLASH_FLAG_WRPERR;
ARM GAS  C:\Users\joshr\AppData\Local\Temp\ccwhLvCW.s 			page 21


 402              		.loc 1 668 5 is_stmt 1 view .LVU118
 403              	.LVL28:
 404              		.loc 1 668 11 is_stmt 0 view .LVU119
 405 0144 1022     		movs	r2, #16
 406              	.LVL29:
 407              	.L21:
 669:Drivers/STM32F0xx_HAL_Driver/Src/stm32f0xx_hal_flash.c ****   }
 670:Drivers/STM32F0xx_HAL_Driver/Src/stm32f0xx_hal_flash.c ****   if(__HAL_FLASH_GET_FLAG(FLASH_FLAG_PGERR))
 408              		.loc 1 670 3 is_stmt 1 view .LVU120
 409              		.loc 1 670 6 is_stmt 0 view .LVU121
 410 0146 1C4B     		ldr	r3, .L53+4
 411 0148 DB68     		ldr	r3, [r3, #12]
 412              		.loc 1 670 5 view .LVU122
 413 014a 5B07     		lsls	r3, r3, #29
 414 014c 06D5     		bpl	.L22
 671:Drivers/STM32F0xx_HAL_Driver/Src/stm32f0xx_hal_flash.c ****   {
 672:Drivers/STM32F0xx_HAL_Driver/Src/stm32f0xx_hal_flash.c ****     pFlash.ErrorCode |= HAL_FLASH_ERROR_PROG;
 415              		.loc 1 672 5 is_stmt 1 view .LVU123
 416              		.loc 1 672 11 is_stmt 0 view .LVU124
 417 014e 5346     		mov	r3, r10
 418              		.loc 1 672 22 view .LVU125
 419 0150 0122     		movs	r2, #1
 420              		.loc 1 672 11 view .LVU126
 421 0152 DB69     		ldr	r3, [r3, #28]
 422              		.loc 1 672 22 view .LVU127
 423 0154 1343     		orrs	r3, r2
 424 0156 5246     		mov	r2, r10
 425 0158 D361     		str	r3, [r2, #28]
 673:Drivers/STM32F0xx_HAL_Driver/Src/stm32f0xx_hal_flash.c ****     flags |= FLASH_FLAG_PGERR;
 426              		.loc 1 673 5 is_stmt 1 view .LVU128
 427              	.LVL30:
 428              		.loc 1 673 11 is_stmt 0 view .LVU129
 429 015a 0200     		movs	r2, r0
 430              	.LVL31:
 431              	.L22:
 674:Drivers/STM32F0xx_HAL_Driver/Src/stm32f0xx_hal_flash.c ****   }
 675:Drivers/STM32F0xx_HAL_Driver/Src/stm32f0xx_hal_flash.c ****   /* Clear FLASH error pending bits */
 676:Drivers/STM32F0xx_HAL_Driver/Src/stm32f0xx_hal_flash.c ****   __HAL_FLASH_CLEAR_FLAG(flags);
 432              		.loc 1 676 3 is_stmt 1 view .LVU130
 433              	.LBE37:
 434              	.LBE36:
 435              	.LBE42:
 436              	.LBE45:
 207:Drivers/STM32F0xx_HAL_Driver/Src/stm32f0xx_hal_flash.c ****       /* In case of error, stop programming procedure */
 437              		.loc 1 207 9 is_stmt 0 view .LVU131
 438 015c 0121     		movs	r1, #1
 439              	.LBB46:
 440              	.LBB43:
 441              	.LBB40:
 442              	.LBB38:
 443              		.loc 1 676 3 view .LVU132
 444 015e 164B     		ldr	r3, .L53+4
 445              	.LBE38:
 446              	.LBE40:
 447              	.LBE43:
 448              	.LBE46:
 204:Drivers/STM32F0xx_HAL_Driver/Src/stm32f0xx_hal_flash.c ****     
ARM GAS  C:\Users\joshr\AppData\Local\Temp\ccwhLvCW.s 			page 22


 449              		.loc 1 204 18 view .LVU133
 450 0160 0120     		movs	r0, #1
 451              	.LBB47:
 452              	.LBB44:
 453              	.LBB41:
 454              	.LBB39:
 455              		.loc 1 676 3 view .LVU134
 456 0162 DA60     		str	r2, [r3, #12]
 457              	.LVL32:
 458              		.loc 1 676 3 view .LVU135
 459              	.LBE39:
 460              	.LBE41:
 649:Drivers/STM32F0xx_HAL_Driver/Src/stm32f0xx_hal_flash.c ****   }
 461              		.loc 1 649 5 is_stmt 1 view .LVU136
 649:Drivers/STM32F0xx_HAL_Driver/Src/stm32f0xx_hal_flash.c ****   }
 462              		.loc 1 649 5 is_stmt 0 view .LVU137
 463              	.LBE44:
 464              	.LBE47:
 207:Drivers/STM32F0xx_HAL_Driver/Src/stm32f0xx_hal_flash.c ****       /* In case of error, stop programming procedure */
 465              		.loc 1 207 9 is_stmt 1 view .LVU138
 466 0164 1A69     		ldr	r2, [r3, #16]
 467 0166 8A43     		bics	r2, r1
 468 0168 1A61     		str	r2, [r3, #16]
 209:Drivers/STM32F0xx_HAL_Driver/Src/stm32f0xx_hal_flash.c ****       {
 469              		.loc 1 209 7 view .LVU139
 470 016a D2E7     		b	.L4
 471              	.LVL33:
 472              	.L25:
 172:Drivers/STM32F0xx_HAL_Driver/Src/stm32f0xx_hal_flash.c **** 
 473              		.loc 1 172 3 is_stmt 0 discriminator 1 view .LVU140
 474 016c 0220     		movs	r0, #2
 475              	.LVL34:
 172:Drivers/STM32F0xx_HAL_Driver/Src/stm32f0xx_hal_flash.c **** 
 476              		.loc 1 172 3 discriminator 1 view .LVU141
 477 016e D3E7     		b	.L2
 478              	.LVL35:
 479              	.L7:
 480              	.LBB48:
 481              	.LBB24:
 648:Drivers/STM32F0xx_HAL_Driver/Src/stm32f0xx_hal_flash.c ****     return HAL_ERROR;
 482              		.loc 1 648 5 is_stmt 1 view .LVU142
 483              	.LBB20:
 484              	.LBI20:
 661:Drivers/STM32F0xx_HAL_Driver/Src/stm32f0xx_hal_flash.c **** {
 485              		.loc 1 661 13 view .LVU143
 486              	.LBB21:
 663:Drivers/STM32F0xx_HAL_Driver/Src/stm32f0xx_hal_flash.c ****   
 487              		.loc 1 663 3 view .LVU144
 665:Drivers/STM32F0xx_HAL_Driver/Src/stm32f0xx_hal_flash.c ****   {
 488              		.loc 1 665 3 view .LVU145
 665:Drivers/STM32F0xx_HAL_Driver/Src/stm32f0xx_hal_flash.c ****   {
 489              		.loc 1 665 6 is_stmt 0 view .LVU146
 490 0170 1022     		movs	r2, #16
 491 0172 1100     		movs	r1, r2
 492 0174 104B     		ldr	r3, .L53+4
 493 0176 0420     		movs	r0, #4
 494 0178 DB68     		ldr	r3, [r3, #12]
ARM GAS  C:\Users\joshr\AppData\Local\Temp\ccwhLvCW.s 			page 23


 495 017a 1940     		ands	r1, r3
 665:Drivers/STM32F0xx_HAL_Driver/Src/stm32f0xx_hal_flash.c ****   {
 496              		.loc 1 665 5 view .LVU147
 497 017c 1A42     		tst	r2, r3
 498 017e 07D0     		beq	.L10
 667:Drivers/STM32F0xx_HAL_Driver/Src/stm32f0xx_hal_flash.c ****     flags |= FLASH_FLAG_WRPERR;
 499              		.loc 1 667 5 is_stmt 1 view .LVU148
 667:Drivers/STM32F0xx_HAL_Driver/Src/stm32f0xx_hal_flash.c ****     flags |= FLASH_FLAG_WRPERR;
 500              		.loc 1 667 11 is_stmt 0 view .LVU149
 501 0180 5346     		mov	r3, r10
 502 0182 DB69     		ldr	r3, [r3, #28]
 667:Drivers/STM32F0xx_HAL_Driver/Src/stm32f0xx_hal_flash.c ****     flags |= FLASH_FLAG_WRPERR;
 503              		.loc 1 667 22 view .LVU150
 504 0184 0E3A     		subs	r2, r2, #14
 505 0186 1343     		orrs	r3, r2
 506 0188 5246     		mov	r2, r10
 668:Drivers/STM32F0xx_HAL_Driver/Src/stm32f0xx_hal_flash.c ****   }
 507              		.loc 1 668 11 view .LVU151
 508 018a 1021     		movs	r1, #16
 667:Drivers/STM32F0xx_HAL_Driver/Src/stm32f0xx_hal_flash.c ****     flags |= FLASH_FLAG_WRPERR;
 509              		.loc 1 667 22 view .LVU152
 510 018c D361     		str	r3, [r2, #28]
 668:Drivers/STM32F0xx_HAL_Driver/Src/stm32f0xx_hal_flash.c ****   }
 511              		.loc 1 668 5 is_stmt 1 view .LVU153
 512              	.LVL36:
 667:Drivers/STM32F0xx_HAL_Driver/Src/stm32f0xx_hal_flash.c ****     flags |= FLASH_FLAG_WRPERR;
 513              		.loc 1 667 22 is_stmt 0 view .LVU154
 514 018e 1030     		adds	r0, r0, #16
 515              	.LVL37:
 516              	.L10:
 670:Drivers/STM32F0xx_HAL_Driver/Src/stm32f0xx_hal_flash.c ****   {
 517              		.loc 1 670 3 is_stmt 1 view .LVU155
 670:Drivers/STM32F0xx_HAL_Driver/Src/stm32f0xx_hal_flash.c ****   {
 518              		.loc 1 670 6 is_stmt 0 view .LVU156
 519 0190 094B     		ldr	r3, .L53+4
 520 0192 DB68     		ldr	r3, [r3, #12]
 670:Drivers/STM32F0xx_HAL_Driver/Src/stm32f0xx_hal_flash.c ****   {
 521              		.loc 1 670 5 view .LVU157
 522 0194 5B07     		lsls	r3, r3, #29
 523 0196 06D5     		bpl	.L11
 672:Drivers/STM32F0xx_HAL_Driver/Src/stm32f0xx_hal_flash.c ****     flags |= FLASH_FLAG_PGERR;
 524              		.loc 1 672 5 is_stmt 1 view .LVU158
 672:Drivers/STM32F0xx_HAL_Driver/Src/stm32f0xx_hal_flash.c ****     flags |= FLASH_FLAG_PGERR;
 525              		.loc 1 672 11 is_stmt 0 view .LVU159
 526 0198 5346     		mov	r3, r10
 672:Drivers/STM32F0xx_HAL_Driver/Src/stm32f0xx_hal_flash.c ****     flags |= FLASH_FLAG_PGERR;
 527              		.loc 1 672 22 view .LVU160
 528 019a 0122     		movs	r2, #1
 672:Drivers/STM32F0xx_HAL_Driver/Src/stm32f0xx_hal_flash.c ****     flags |= FLASH_FLAG_PGERR;
 529              		.loc 1 672 11 view .LVU161
 530 019c DB69     		ldr	r3, [r3, #28]
 673:Drivers/STM32F0xx_HAL_Driver/Src/stm32f0xx_hal_flash.c ****   }
 531              		.loc 1 673 11 view .LVU162
 532 019e 0100     		movs	r1, r0
 672:Drivers/STM32F0xx_HAL_Driver/Src/stm32f0xx_hal_flash.c ****     flags |= FLASH_FLAG_PGERR;
 533              		.loc 1 672 22 view .LVU163
 534 01a0 1343     		orrs	r3, r2
ARM GAS  C:\Users\joshr\AppData\Local\Temp\ccwhLvCW.s 			page 24


 535 01a2 5246     		mov	r2, r10
 536 01a4 D361     		str	r3, [r2, #28]
 673:Drivers/STM32F0xx_HAL_Driver/Src/stm32f0xx_hal_flash.c ****   }
 537              		.loc 1 673 5 is_stmt 1 view .LVU164
 538              	.LVL38:
 539              	.L11:
 540              		.loc 1 676 3 view .LVU165
 541 01a6 044B     		ldr	r3, .L53+4
 542              	.LBE21:
 543              	.LBE20:
 544              	.LBE24:
 545              	.LBE48:
 204:Drivers/STM32F0xx_HAL_Driver/Src/stm32f0xx_hal_flash.c ****     
 546              		.loc 1 204 18 is_stmt 0 view .LVU166
 547 01a8 0120     		movs	r0, #1
 548              	.LBB49:
 549              	.LBB25:
 550              	.LBB23:
 551              	.LBB22:
 552              		.loc 1 676 3 view .LVU167
 553 01aa D960     		str	r1, [r3, #12]
 554              	.LVL39:
 555              		.loc 1 676 3 view .LVU168
 556              	.LBE22:
 557              	.LBE23:
 649:Drivers/STM32F0xx_HAL_Driver/Src/stm32f0xx_hal_flash.c ****   }
 558              		.loc 1 649 5 is_stmt 1 view .LVU169
 649:Drivers/STM32F0xx_HAL_Driver/Src/stm32f0xx_hal_flash.c ****   }
 559              		.loc 1 649 5 is_stmt 0 view .LVU170
 560              	.LBE25:
 561              	.LBE49:
 181:Drivers/STM32F0xx_HAL_Driver/Src/stm32f0xx_hal_flash.c ****   {
 562              		.loc 1 181 3 is_stmt 1 view .LVU171
 563 01ac B1E7     		b	.L4
 564              	.LVL40:
 565              	.L52:
 186:Drivers/STM32F0xx_HAL_Driver/Src/stm32f0xx_hal_flash.c ****     }
 566              		.loc 1 186 20 is_stmt 0 view .LVU172
 567 01ae 0123     		movs	r3, #1
 568              	.LVL41:
 186:Drivers/STM32F0xx_HAL_Driver/Src/stm32f0xx_hal_flash.c ****     }
 569              		.loc 1 186 20 view .LVU173
 570 01b0 0293     		str	r3, [sp, #8]
 571 01b2 64E7     		b	.L8
 572              	.L54:
 573              		.align	2
 574              	.L53:
 575 01b4 00000000 		.word	pFlash
 576 01b8 00200240 		.word	1073881088
 577 01bc 50C30000 		.word	50000
 578              		.cfi_endproc
 579              	.LFE40:
 581              		.section	.text.HAL_FLASH_Program_IT,"ax",%progbits
 582              		.align	1
 583              		.p2align 2,,3
 584              		.global	HAL_FLASH_Program_IT
 585              		.syntax unified
ARM GAS  C:\Users\joshr\AppData\Local\Temp\ccwhLvCW.s 			page 25


 586              		.code	16
 587              		.thumb_func
 589              	HAL_FLASH_Program_IT:
 590              	.LVL42:
 591              	.LFB41:
 238:Drivers/STM32F0xx_HAL_Driver/Src/stm32f0xx_hal_flash.c ****   HAL_StatusTypeDef status = HAL_OK;
 592              		.loc 1 238 1 is_stmt 1 view -0
 593              		.cfi_startproc
 594              		@ args = 0, pretend = 0, frame = 0
 595              		@ frame_needed = 0, uses_anonymous_args = 0
 239:Drivers/STM32F0xx_HAL_Driver/Src/stm32f0xx_hal_flash.c ****   
 596              		.loc 1 239 3 view .LVU175
 242:Drivers/STM32F0xx_HAL_Driver/Src/stm32f0xx_hal_flash.c **** 
 597              		.loc 1 242 3 view .LVU176
 242:Drivers/STM32F0xx_HAL_Driver/Src/stm32f0xx_hal_flash.c **** 
 598              		.loc 1 242 3 view .LVU177
 238:Drivers/STM32F0xx_HAL_Driver/Src/stm32f0xx_hal_flash.c ****   HAL_StatusTypeDef status = HAL_OK;
 599              		.loc 1 238 1 is_stmt 0 view .LVU178
 600 0000 F0B5     		push	{r4, r5, r6, r7, lr}
 601              	.LCFI3:
 602              		.cfi_def_cfa_offset 20
 603              		.cfi_offset 4, -20
 604              		.cfi_offset 5, -16
 605              		.cfi_offset 6, -12
 606              		.cfi_offset 7, -8
 607              		.cfi_offset 14, -4
 238:Drivers/STM32F0xx_HAL_Driver/Src/stm32f0xx_hal_flash.c ****   HAL_StatusTypeDef status = HAL_OK;
 608              		.loc 1 238 1 view .LVU179
 609 0002 1D00     		movs	r5, r3
 242:Drivers/STM32F0xx_HAL_Driver/Src/stm32f0xx_hal_flash.c **** 
 610              		.loc 1 242 3 view .LVU180
 611 0004 164B     		ldr	r3, .L63
 238:Drivers/STM32F0xx_HAL_Driver/Src/stm32f0xx_hal_flash.c ****   HAL_StatusTypeDef status = HAL_OK;
 612              		.loc 1 238 1 view .LVU181
 613 0006 1400     		movs	r4, r2
 242:Drivers/STM32F0xx_HAL_Driver/Src/stm32f0xx_hal_flash.c **** 
 614              		.loc 1 242 3 view .LVU182
 615 0008 1A7E     		ldrb	r2, [r3, #24]
 616              	.LVL43:
 242:Drivers/STM32F0xx_HAL_Driver/Src/stm32f0xx_hal_flash.c **** 
 617              		.loc 1 242 3 view .LVU183
 618 000a 012A     		cmp	r2, #1
 619 000c 25D0     		beq	.L60
 242:Drivers/STM32F0xx_HAL_Driver/Src/stm32f0xx_hal_flash.c **** 
 620              		.loc 1 242 3 is_stmt 1 discriminator 2 view .LVU184
 621 000e 0122     		movs	r2, #1
 622 0010 1A76     		strb	r2, [r3, #24]
 242:Drivers/STM32F0xx_HAL_Driver/Src/stm32f0xx_hal_flash.c **** 
 623              		.loc 1 242 3 discriminator 2 view .LVU185
 245:Drivers/STM32F0xx_HAL_Driver/Src/stm32f0xx_hal_flash.c ****   assert_param(IS_FLASH_PROGRAM_ADDRESS(Address));
 624              		.loc 1 245 3 view .LVU186
 246:Drivers/STM32F0xx_HAL_Driver/Src/stm32f0xx_hal_flash.c **** 
 625              		.loc 1 246 3 view .LVU187
 249:Drivers/STM32F0xx_HAL_Driver/Src/stm32f0xx_hal_flash.c ****   
 626              		.loc 1 249 3 view .LVU188
 627 0012 A022     		movs	r2, #160
 628 0014 134E     		ldr	r6, .L63+4
ARM GAS  C:\Users\joshr\AppData\Local\Temp\ccwhLvCW.s 			page 26


 629 0016 5201     		lsls	r2, r2, #5
 630 0018 3769     		ldr	r7, [r6, #16]
 631 001a 3A43     		orrs	r2, r7
 632 001c 3261     		str	r2, [r6, #16]
 251:Drivers/STM32F0xx_HAL_Driver/Src/stm32f0xx_hal_flash.c ****   pFlash.Data = Data;
 633              		.loc 1 251 3 view .LVU189
 251:Drivers/STM32F0xx_HAL_Driver/Src/stm32f0xx_hal_flash.c ****   pFlash.Data = Data;
 634              		.loc 1 251 18 is_stmt 0 view .LVU190
 635 001e 9960     		str	r1, [r3, #8]
 252:Drivers/STM32F0xx_HAL_Driver/Src/stm32f0xx_hal_flash.c **** 
 636              		.loc 1 252 3 is_stmt 1 view .LVU191
 252:Drivers/STM32F0xx_HAL_Driver/Src/stm32f0xx_hal_flash.c **** 
 637              		.loc 1 252 15 is_stmt 0 view .LVU192
 638 0020 1C61     		str	r4, [r3, #16]
 639 0022 5D61     		str	r5, [r3, #20]
 254:Drivers/STM32F0xx_HAL_Driver/Src/stm32f0xx_hal_flash.c ****   {
 640              		.loc 1 254 3 is_stmt 1 view .LVU193
 254:Drivers/STM32F0xx_HAL_Driver/Src/stm32f0xx_hal_flash.c ****   {
 641              		.loc 1 254 5 is_stmt 0 view .LVU194
 642 0024 0128     		cmp	r0, #1
 643 0026 10D0     		beq	.L61
 260:Drivers/STM32F0xx_HAL_Driver/Src/stm32f0xx_hal_flash.c ****   {
 644              		.loc 1 260 8 is_stmt 1 view .LVU195
 260:Drivers/STM32F0xx_HAL_Driver/Src/stm32f0xx_hal_flash.c ****   {
 645              		.loc 1 260 10 is_stmt 0 view .LVU196
 646 0028 0228     		cmp	r0, #2
 647 002a 12D0     		beq	.L62
 268:Drivers/STM32F0xx_HAL_Driver/Src/stm32f0xx_hal_flash.c ****     /* Program double word (64-bit : 4*16-bit) at a specified address. */
 648              		.loc 1 268 5 is_stmt 1 view .LVU197
 268:Drivers/STM32F0xx_HAL_Driver/Src/stm32f0xx_hal_flash.c ****     /* Program double word (64-bit : 4*16-bit) at a specified address. */
 649              		.loc 1 268 29 is_stmt 0 view .LVU198
 650 002c 0522     		movs	r2, #5
 651 002e 1A70     		strb	r2, [r3]
 270:Drivers/STM32F0xx_HAL_Driver/Src/stm32f0xx_hal_flash.c ****   }
 652              		.loc 1 270 5 is_stmt 1 view .LVU199
 270:Drivers/STM32F0xx_HAL_Driver/Src/stm32f0xx_hal_flash.c ****   }
 653              		.loc 1 270 26 is_stmt 0 view .LVU200
 654 0030 013A     		subs	r2, r2, #1
 655 0032 5A60     		str	r2, [r3, #4]
 656              	.L58:
 274:Drivers/STM32F0xx_HAL_Driver/Src/stm32f0xx_hal_flash.c **** 
 657              		.loc 1 274 3 is_stmt 1 view .LVU201
 658              	.LBB50:
 659              	.LBB51:
 604:Drivers/STM32F0xx_HAL_Driver/Src/stm32f0xx_hal_flash.c ****   
 660              		.loc 1 604 20 is_stmt 0 view .LVU202
 661 0034 0022     		movs	r2, #0
 607:Drivers/STM32F0xx_HAL_Driver/Src/stm32f0xx_hal_flash.c **** 
 662              		.loc 1 607 5 view .LVU203
 663 0036 0120     		movs	r0, #1
 664              	.LVL44:
 604:Drivers/STM32F0xx_HAL_Driver/Src/stm32f0xx_hal_flash.c ****   
 665              		.loc 1 604 20 view .LVU204
 666 0038 DA61     		str	r2, [r3, #28]
 607:Drivers/STM32F0xx_HAL_Driver/Src/stm32f0xx_hal_flash.c **** 
 667              		.loc 1 607 5 view .LVU205
 668 003a 0A4A     		ldr	r2, .L63+4
ARM GAS  C:\Users\joshr\AppData\Local\Temp\ccwhLvCW.s 			page 27


 669              	.LBE51:
 670              	.LBE50:
 274:Drivers/STM32F0xx_HAL_Driver/Src/stm32f0xx_hal_flash.c **** 
 671              		.loc 1 274 3 view .LVU206
 672 003c A4B2     		uxth	r4, r4
 673              	.LVL45:
 674              	.LBB54:
 675              	.LBI50:
 601:Drivers/STM32F0xx_HAL_Driver/Src/stm32f0xx_hal_flash.c **** {
 676              		.loc 1 601 13 is_stmt 1 view .LVU207
 677              	.LBB52:
 604:Drivers/STM32F0xx_HAL_Driver/Src/stm32f0xx_hal_flash.c ****   
 678              		.loc 1 604 3 view .LVU208
 607:Drivers/STM32F0xx_HAL_Driver/Src/stm32f0xx_hal_flash.c **** 
 679              		.loc 1 607 5 view .LVU209
 680 003e 1369     		ldr	r3, [r2, #16]
 681 0040 0343     		orrs	r3, r0
 682              	.LBE52:
 683              	.LBE54:
 276:Drivers/STM32F0xx_HAL_Driver/Src/stm32f0xx_hal_flash.c **** }
 684              		.loc 1 276 10 is_stmt 0 view .LVU210
 685 0042 0020     		movs	r0, #0
 686              	.LBB55:
 687              	.LBB53:
 607:Drivers/STM32F0xx_HAL_Driver/Src/stm32f0xx_hal_flash.c **** 
 688              		.loc 1 607 5 view .LVU211
 689 0044 1361     		str	r3, [r2, #16]
 610:Drivers/STM32F0xx_HAL_Driver/Src/stm32f0xx_hal_flash.c **** }
 690              		.loc 1 610 3 is_stmt 1 view .LVU212
 610:Drivers/STM32F0xx_HAL_Driver/Src/stm32f0xx_hal_flash.c **** }
 691              		.loc 1 610 28 is_stmt 0 view .LVU213
 692 0046 0C80     		strh	r4, [r1]
 693              	.LVL46:
 610:Drivers/STM32F0xx_HAL_Driver/Src/stm32f0xx_hal_flash.c **** }
 694              		.loc 1 610 28 view .LVU214
 695              	.LBE53:
 696              	.LBE55:
 276:Drivers/STM32F0xx_HAL_Driver/Src/stm32f0xx_hal_flash.c **** }
 697              		.loc 1 276 3 is_stmt 1 view .LVU215
 698              	.L56:
 277:Drivers/STM32F0xx_HAL_Driver/Src/stm32f0xx_hal_flash.c **** 
 699              		.loc 1 277 1 is_stmt 0 view .LVU216
 700              		@ sp needed
 701 0048 F0BD     		pop	{r4, r5, r6, r7, pc}
 702              	.LVL47:
 703              	.L61:
 256:Drivers/STM32F0xx_HAL_Driver/Src/stm32f0xx_hal_flash.c ****     /* Program halfword (16-bit) at a specified address. */
 704              		.loc 1 256 5 is_stmt 1 view .LVU217
 256:Drivers/STM32F0xx_HAL_Driver/Src/stm32f0xx_hal_flash.c ****     /* Program halfword (16-bit) at a specified address. */
 705              		.loc 1 256 29 is_stmt 0 view .LVU218
 706 004a 0322     		movs	r2, #3
 707 004c 1A70     		strb	r2, [r3]
 258:Drivers/STM32F0xx_HAL_Driver/Src/stm32f0xx_hal_flash.c ****   }
 708              		.loc 1 258 5 is_stmt 1 view .LVU219
 258:Drivers/STM32F0xx_HAL_Driver/Src/stm32f0xx_hal_flash.c ****   }
 709              		.loc 1 258 26 is_stmt 0 view .LVU220
 710 004e 5860     		str	r0, [r3, #4]
ARM GAS  C:\Users\joshr\AppData\Local\Temp\ccwhLvCW.s 			page 28


 711 0050 F0E7     		b	.L58
 712              	.L62:
 262:Drivers/STM32F0xx_HAL_Driver/Src/stm32f0xx_hal_flash.c ****     /* Program word (32-bit : 2*16-bit) at a specified address. */
 713              		.loc 1 262 5 is_stmt 1 view .LVU221
 262:Drivers/STM32F0xx_HAL_Driver/Src/stm32f0xx_hal_flash.c ****     /* Program word (32-bit : 2*16-bit) at a specified address. */
 714              		.loc 1 262 29 is_stmt 0 view .LVU222
 715 0052 0422     		movs	r2, #4
 716 0054 1A70     		strb	r2, [r3]
 264:Drivers/STM32F0xx_HAL_Driver/Src/stm32f0xx_hal_flash.c ****   }
 717              		.loc 1 264 5 is_stmt 1 view .LVU223
 264:Drivers/STM32F0xx_HAL_Driver/Src/stm32f0xx_hal_flash.c ****   }
 718              		.loc 1 264 26 is_stmt 0 view .LVU224
 719 0056 5860     		str	r0, [r3, #4]
 720 0058 ECE7     		b	.L58
 721              	.L60:
 242:Drivers/STM32F0xx_HAL_Driver/Src/stm32f0xx_hal_flash.c **** 
 722              		.loc 1 242 3 discriminator 1 view .LVU225
 723 005a 0220     		movs	r0, #2
 724              	.LVL48:
 242:Drivers/STM32F0xx_HAL_Driver/Src/stm32f0xx_hal_flash.c **** 
 725              		.loc 1 242 3 discriminator 1 view .LVU226
 726 005c F4E7     		b	.L56
 727              	.L64:
 728 005e C046     		.align	2
 729              	.L63:
 730 0060 00000000 		.word	pFlash
 731 0064 00200240 		.word	1073881088
 732              		.cfi_endproc
 733              	.LFE41:
 735              		.section	.text.HAL_FLASH_EndOfOperationCallback,"ax",%progbits
 736              		.align	1
 737              		.p2align 2,,3
 738              		.weak	HAL_FLASH_EndOfOperationCallback
 739              		.syntax unified
 740              		.code	16
 741              		.thumb_func
 743              	HAL_FLASH_EndOfOperationCallback:
 744              	.LVL49:
 745              	.LFB43:
 427:Drivers/STM32F0xx_HAL_Driver/Src/stm32f0xx_hal_flash.c ****   /* Prevent unused argument(s) compilation warning */
 746              		.loc 1 427 1 is_stmt 1 view -0
 747              		.cfi_startproc
 748              		@ args = 0, pretend = 0, frame = 0
 749              		@ frame_needed = 0, uses_anonymous_args = 0
 750              		@ link register save eliminated.
 429:Drivers/STM32F0xx_HAL_Driver/Src/stm32f0xx_hal_flash.c **** 
 751              		.loc 1 429 3 view .LVU228
 434:Drivers/STM32F0xx_HAL_Driver/Src/stm32f0xx_hal_flash.c **** 
 752              		.loc 1 434 1 is_stmt 0 view .LVU229
 753              		@ sp needed
 754 0000 7047     		bx	lr
 755              		.cfi_endproc
 756              	.LFE43:
 758 0002 C046     		.section	.text.HAL_FLASH_OperationErrorCallback,"ax",%progbits
 759              		.align	1
 760              		.p2align 2,,3
 761              		.weak	HAL_FLASH_OperationErrorCallback
ARM GAS  C:\Users\joshr\AppData\Local\Temp\ccwhLvCW.s 			page 29


 762              		.syntax unified
 763              		.code	16
 764              		.thumb_func
 766              	HAL_FLASH_OperationErrorCallback:
 767              	.LFB55:
 768              		.cfi_startproc
 444:Drivers/STM32F0xx_HAL_Driver/Src/stm32f0xx_hal_flash.c **** {
 769              		.loc 1 444 13 is_stmt 1 view -0
 770              		@ args = 0, pretend = 0, frame = 0
 771              		@ frame_needed = 0, uses_anonymous_args = 0
 772              		@ link register save eliminated.
 773              		@ sp needed
 774 0000 7047     		bx	lr
 775              		.cfi_endproc
 776              	.LFE55:
 778 0002 C046     		.section	.text.HAL_FLASH_IRQHandler,"ax",%progbits
 779              		.align	1
 780              		.p2align 2,,3
 781              		.global	HAL_FLASH_IRQHandler
 782              		.syntax unified
 783              		.code	16
 784              		.thumb_func
 786              	HAL_FLASH_IRQHandler:
 787              	.LFB42:
 284:Drivers/STM32F0xx_HAL_Driver/Src/stm32f0xx_hal_flash.c ****   uint32_t addresstmp = 0U;
 788              		.loc 1 284 1 view -0
 789              		.cfi_startproc
 790              		@ args = 0, pretend = 0, frame = 0
 791              		@ frame_needed = 0, uses_anonymous_args = 0
 285:Drivers/STM32F0xx_HAL_Driver/Src/stm32f0xx_hal_flash.c ****   
 792              		.loc 1 285 3 view .LVU232
 793              	.LVL50:
 288:Drivers/STM32F0xx_HAL_Driver/Src/stm32f0xx_hal_flash.c ****   {
 794              		.loc 1 288 3 view .LVU233
 288:Drivers/STM32F0xx_HAL_Driver/Src/stm32f0xx_hal_flash.c ****   {
 795              		.loc 1 288 6 is_stmt 0 view .LVU234
 796 0000 534A     		ldr	r2, .L101
 284:Drivers/STM32F0xx_HAL_Driver/Src/stm32f0xx_hal_flash.c ****   uint32_t addresstmp = 0U;
 797              		.loc 1 284 1 view .LVU235
 798 0002 F8B5     		push	{r3, r4, r5, r6, r7, lr}
 799              	.LCFI4:
 800              		.cfi_def_cfa_offset 24
 801              		.cfi_offset 3, -24
 802              		.cfi_offset 4, -20
 803              		.cfi_offset 5, -16
 804              		.cfi_offset 6, -12
 805              		.cfi_offset 7, -8
 806              		.cfi_offset 14, -4
 288:Drivers/STM32F0xx_HAL_Driver/Src/stm32f0xx_hal_flash.c ****   {
 807              		.loc 1 288 6 view .LVU236
 808 0004 D368     		ldr	r3, [r2, #12]
 291:Drivers/STM32F0xx_HAL_Driver/Src/stm32f0xx_hal_flash.c ****     /* Reset address */
 809              		.loc 1 291 16 view .LVU237
 810 0006 534C     		ldr	r4, .L101+4
 288:Drivers/STM32F0xx_HAL_Driver/Src/stm32f0xx_hal_flash.c ****   {
 811              		.loc 1 288 5 view .LVU238
 812 0008 DB06     		lsls	r3, r3, #27
ARM GAS  C:\Users\joshr\AppData\Local\Temp\ccwhLvCW.s 			page 30


 813 000a 1AD4     		bmi	.L68
 288:Drivers/STM32F0xx_HAL_Driver/Src/stm32f0xx_hal_flash.c ****   {
 814              		.loc 1 288 48 discriminator 1 view .LVU239
 815 000c D368     		ldr	r3, [r2, #12]
 288:Drivers/STM32F0xx_HAL_Driver/Src/stm32f0xx_hal_flash.c ****   {
 816              		.loc 1 288 46 discriminator 1 view .LVU240
 817 000e 5B07     		lsls	r3, r3, #29
 818 0010 17D4     		bmi	.L68
 819              	.LVL51:
 820              	.L69:
 306:Drivers/STM32F0xx_HAL_Driver/Src/stm32f0xx_hal_flash.c ****   {
 821              		.loc 1 306 3 is_stmt 1 view .LVU241
 306:Drivers/STM32F0xx_HAL_Driver/Src/stm32f0xx_hal_flash.c ****   {
 822              		.loc 1 306 6 is_stmt 0 view .LVU242
 823 0012 2023     		movs	r3, #32
 824 0014 4E4D     		ldr	r5, .L101
 825 0016 EA68     		ldr	r2, [r5, #12]
 306:Drivers/STM32F0xx_HAL_Driver/Src/stm32f0xx_hal_flash.c ****   {
 826              		.loc 1 306 5 view .LVU243
 827 0018 1342     		tst	r3, r2
 828 001a 03D0     		beq	.L73
 309:Drivers/STM32F0xx_HAL_Driver/Src/stm32f0xx_hal_flash.c ****     
 829              		.loc 1 309 5 is_stmt 1 view .LVU244
 830 001c EB60     		str	r3, [r5, #12]
 312:Drivers/STM32F0xx_HAL_Driver/Src/stm32f0xx_hal_flash.c ****     {
 831              		.loc 1 312 5 view .LVU245
 312:Drivers/STM32F0xx_HAL_Driver/Src/stm32f0xx_hal_flash.c ****     {
 832              		.loc 1 312 14 is_stmt 0 view .LVU246
 833 001e 2378     		ldrb	r3, [r4]
 312:Drivers/STM32F0xx_HAL_Driver/Src/stm32f0xx_hal_flash.c ****     {
 834              		.loc 1 312 7 view .LVU247
 835 0020 002B     		cmp	r3, #0
 836 0022 30D1     		bne	.L96
 837              	.L73:
 404:Drivers/STM32F0xx_HAL_Driver/Src/stm32f0xx_hal_flash.c ****   {
 838              		.loc 1 404 3 is_stmt 1 view .LVU248
 404:Drivers/STM32F0xx_HAL_Driver/Src/stm32f0xx_hal_flash.c ****   {
 839              		.loc 1 404 12 is_stmt 0 view .LVU249
 840 0024 2378     		ldrb	r3, [r4]
 841 0026 D9B2     		uxtb	r1, r3
 404:Drivers/STM32F0xx_HAL_Driver/Src/stm32f0xx_hal_flash.c ****   {
 842              		.loc 1 404 5 view .LVU250
 843 0028 002B     		cmp	r3, #0
 844 002a 09D1     		bne	.L67
 407:Drivers/STM32F0xx_HAL_Driver/Src/stm32f0xx_hal_flash.c **** 
 845              		.loc 1 407 5 is_stmt 1 view .LVU251
 846 002c 0720     		movs	r0, #7
 847 002e 484B     		ldr	r3, .L101
 848 0030 1A69     		ldr	r2, [r3, #16]
 849 0032 8243     		bics	r2, r0
 850 0034 1A61     		str	r2, [r3, #16]
 410:Drivers/STM32F0xx_HAL_Driver/Src/stm32f0xx_hal_flash.c **** 
 851              		.loc 1 410 5 view .LVU252
 852 0036 1A69     		ldr	r2, [r3, #16]
 853 0038 4748     		ldr	r0, .L101+8
 854 003a 0240     		ands	r2, r0
 855 003c 1A61     		str	r2, [r3, #16]
ARM GAS  C:\Users\joshr\AppData\Local\Temp\ccwhLvCW.s 			page 31


 413:Drivers/STM32F0xx_HAL_Driver/Src/stm32f0xx_hal_flash.c ****   }
 856              		.loc 1 413 5 view .LVU253
 413:Drivers/STM32F0xx_HAL_Driver/Src/stm32f0xx_hal_flash.c ****   }
 857              		.loc 1 413 5 view .LVU254
 858 003e 2176     		strb	r1, [r4, #24]
 413:Drivers/STM32F0xx_HAL_Driver/Src/stm32f0xx_hal_flash.c ****   }
 859              		.loc 1 413 5 discriminator 1 view .LVU255
 860              	.L67:
 415:Drivers/STM32F0xx_HAL_Driver/Src/stm32f0xx_hal_flash.c **** 
 861              		.loc 1 415 1 is_stmt 0 view .LVU256
 862              		@ sp needed
 863 0040 F8BD     		pop	{r3, r4, r5, r6, r7, pc}
 864              	.LVL52:
 865              	.L68:
 291:Drivers/STM32F0xx_HAL_Driver/Src/stm32f0xx_hal_flash.c ****     /* Reset address */
 866              		.loc 1 291 5 is_stmt 1 view .LVU257
 867              	.LBB60:
 868              	.LBB61:
 665:Drivers/STM32F0xx_HAL_Driver/Src/stm32f0xx_hal_flash.c ****   {
 869              		.loc 1 665 6 is_stmt 0 view .LVU258
 870 0042 1022     		movs	r2, #16
 871              	.LBE61:
 872              	.LBE60:
 293:Drivers/STM32F0xx_HAL_Driver/Src/stm32f0xx_hal_flash.c ****   
 873              		.loc 1 293 20 view .LVU259
 874 0044 0123     		movs	r3, #1
 875              	.LBB64:
 876              	.LBB62:
 665:Drivers/STM32F0xx_HAL_Driver/Src/stm32f0xx_hal_flash.c ****   {
 877              		.loc 1 665 6 view .LVU260
 878 0046 1100     		movs	r1, r2
 879              	.LBE62:
 880              	.LBE64:
 293:Drivers/STM32F0xx_HAL_Driver/Src/stm32f0xx_hal_flash.c ****   
 881              		.loc 1 293 20 view .LVU261
 882 0048 5B42     		rsbs	r3, r3, #0
 291:Drivers/STM32F0xx_HAL_Driver/Src/stm32f0xx_hal_flash.c ****     /* Reset address */
 883              		.loc 1 291 16 view .LVU262
 884 004a A068     		ldr	r0, [r4, #8]
 885              	.LVL53:
 293:Drivers/STM32F0xx_HAL_Driver/Src/stm32f0xx_hal_flash.c ****   
 886              		.loc 1 293 5 is_stmt 1 view .LVU263
 293:Drivers/STM32F0xx_HAL_Driver/Src/stm32f0xx_hal_flash.c ****   
 887              		.loc 1 293 20 is_stmt 0 view .LVU264
 888 004c A360     		str	r3, [r4, #8]
 296:Drivers/STM32F0xx_HAL_Driver/Src/stm32f0xx_hal_flash.c ****     
 889              		.loc 1 296 5 is_stmt 1 view .LVU265
 890              	.LBB65:
 891              	.LBI60:
 661:Drivers/STM32F0xx_HAL_Driver/Src/stm32f0xx_hal_flash.c **** {
 892              		.loc 1 661 13 view .LVU266
 893              	.LBB63:
 663:Drivers/STM32F0xx_HAL_Driver/Src/stm32f0xx_hal_flash.c ****   
 894              		.loc 1 663 3 view .LVU267
 895              	.LVL54:
 665:Drivers/STM32F0xx_HAL_Driver/Src/stm32f0xx_hal_flash.c ****   {
 896              		.loc 1 665 3 view .LVU268
ARM GAS  C:\Users\joshr\AppData\Local\Temp\ccwhLvCW.s 			page 32


 665:Drivers/STM32F0xx_HAL_Driver/Src/stm32f0xx_hal_flash.c ****   {
 897              		.loc 1 665 6 is_stmt 0 view .LVU269
 898 004e 404B     		ldr	r3, .L101
 899 0050 0425     		movs	r5, #4
 900 0052 DB68     		ldr	r3, [r3, #12]
 901 0054 1940     		ands	r1, r3
 665:Drivers/STM32F0xx_HAL_Driver/Src/stm32f0xx_hal_flash.c ****   {
 902              		.loc 1 665 5 view .LVU270
 903 0056 1A42     		tst	r2, r3
 904 0058 05D0     		beq	.L70
 667:Drivers/STM32F0xx_HAL_Driver/Src/stm32f0xx_hal_flash.c ****     flags |= FLASH_FLAG_WRPERR;
 905              		.loc 1 667 5 is_stmt 1 view .LVU271
 668:Drivers/STM32F0xx_HAL_Driver/Src/stm32f0xx_hal_flash.c ****   }
 906              		.loc 1 668 11 is_stmt 0 view .LVU272
 907 005a 1021     		movs	r1, #16
 667:Drivers/STM32F0xx_HAL_Driver/Src/stm32f0xx_hal_flash.c ****     flags |= FLASH_FLAG_WRPERR;
 908              		.loc 1 667 11 view .LVU273
 909 005c E369     		ldr	r3, [r4, #28]
 667:Drivers/STM32F0xx_HAL_Driver/Src/stm32f0xx_hal_flash.c ****     flags |= FLASH_FLAG_WRPERR;
 910              		.loc 1 667 22 view .LVU274
 911 005e 0E3A     		subs	r2, r2, #14
 912 0060 1343     		orrs	r3, r2
 913 0062 E361     		str	r3, [r4, #28]
 668:Drivers/STM32F0xx_HAL_Driver/Src/stm32f0xx_hal_flash.c ****   }
 914              		.loc 1 668 5 is_stmt 1 view .LVU275
 915              	.LVL55:
 667:Drivers/STM32F0xx_HAL_Driver/Src/stm32f0xx_hal_flash.c ****     flags |= FLASH_FLAG_WRPERR;
 916              		.loc 1 667 22 is_stmt 0 view .LVU276
 917 0064 1035     		adds	r5, r5, #16
 918              	.LVL56:
 919              	.L70:
 670:Drivers/STM32F0xx_HAL_Driver/Src/stm32f0xx_hal_flash.c ****   {
 920              		.loc 1 670 3 is_stmt 1 view .LVU277
 670:Drivers/STM32F0xx_HAL_Driver/Src/stm32f0xx_hal_flash.c ****   {
 921              		.loc 1 670 6 is_stmt 0 view .LVU278
 922 0066 3A4B     		ldr	r3, .L101
 923 0068 DB68     		ldr	r3, [r3, #12]
 670:Drivers/STM32F0xx_HAL_Driver/Src/stm32f0xx_hal_flash.c ****   {
 924              		.loc 1 670 5 view .LVU279
 925 006a 5B07     		lsls	r3, r3, #29
 926 006c 04D5     		bpl	.L71
 672:Drivers/STM32F0xx_HAL_Driver/Src/stm32f0xx_hal_flash.c ****     flags |= FLASH_FLAG_PGERR;
 927              		.loc 1 672 5 is_stmt 1 view .LVU280
 672:Drivers/STM32F0xx_HAL_Driver/Src/stm32f0xx_hal_flash.c ****     flags |= FLASH_FLAG_PGERR;
 928              		.loc 1 672 22 is_stmt 0 view .LVU281
 929 006e 0122     		movs	r2, #1
 673:Drivers/STM32F0xx_HAL_Driver/Src/stm32f0xx_hal_flash.c ****   }
 930              		.loc 1 673 11 view .LVU282
 931 0070 2900     		movs	r1, r5
 672:Drivers/STM32F0xx_HAL_Driver/Src/stm32f0xx_hal_flash.c ****     flags |= FLASH_FLAG_PGERR;
 932              		.loc 1 672 11 view .LVU283
 933 0072 E369     		ldr	r3, [r4, #28]
 672:Drivers/STM32F0xx_HAL_Driver/Src/stm32f0xx_hal_flash.c ****     flags |= FLASH_FLAG_PGERR;
 934              		.loc 1 672 22 view .LVU284
 935 0074 1343     		orrs	r3, r2
 936 0076 E361     		str	r3, [r4, #28]
 673:Drivers/STM32F0xx_HAL_Driver/Src/stm32f0xx_hal_flash.c ****   }
ARM GAS  C:\Users\joshr\AppData\Local\Temp\ccwhLvCW.s 			page 33


 937              		.loc 1 673 5 is_stmt 1 view .LVU285
 938              	.LVL57:
 939              	.L71:
 940              		.loc 1 676 3 view .LVU286
 941 0078 354B     		ldr	r3, .L101
 942 007a D960     		str	r1, [r3, #12]
 943              	.LVL58:
 944              		.loc 1 676 3 is_stmt 0 view .LVU287
 945              	.LBE63:
 946              	.LBE65:
 299:Drivers/STM32F0xx_HAL_Driver/Src/stm32f0xx_hal_flash.c **** 
 947              		.loc 1 299 5 is_stmt 1 view .LVU288
 948 007c FFF7FEFF 		bl	HAL_FLASH_OperationErrorCallback
 949              	.LVL59:
 302:Drivers/STM32F0xx_HAL_Driver/Src/stm32f0xx_hal_flash.c ****   }
 950              		.loc 1 302 5 view .LVU289
 302:Drivers/STM32F0xx_HAL_Driver/Src/stm32f0xx_hal_flash.c ****   }
 951              		.loc 1 302 29 is_stmt 0 view .LVU290
 952 0080 0023     		movs	r3, #0
 953 0082 2370     		strb	r3, [r4]
 954 0084 C5E7     		b	.L69
 955              	.LVL60:
 956              	.L96:
 314:Drivers/STM32F0xx_HAL_Driver/Src/stm32f0xx_hal_flash.c ****       {
 957              		.loc 1 314 7 is_stmt 1 view .LVU291
 314:Drivers/STM32F0xx_HAL_Driver/Src/stm32f0xx_hal_flash.c ****       {
 958              		.loc 1 314 16 is_stmt 0 view .LVU292
 959 0086 2378     		ldrb	r3, [r4]
 314:Drivers/STM32F0xx_HAL_Driver/Src/stm32f0xx_hal_flash.c ****       {
 960              		.loc 1 314 9 view .LVU293
 961 0088 012B     		cmp	r3, #1
 962 008a 22D0     		beq	.L97
 345:Drivers/STM32F0xx_HAL_Driver/Src/stm32f0xx_hal_flash.c ****       {
 963              		.loc 1 345 12 is_stmt 1 view .LVU294
 345:Drivers/STM32F0xx_HAL_Driver/Src/stm32f0xx_hal_flash.c ****       {
 964              		.loc 1 345 21 is_stmt 0 view .LVU295
 965 008c 2378     		ldrb	r3, [r4]
 345:Drivers/STM32F0xx_HAL_Driver/Src/stm32f0xx_hal_flash.c ****       {
 966              		.loc 1 345 14 view .LVU296
 967 008e 022B     		cmp	r3, #2
 968 0090 50D0     		beq	.L98
 360:Drivers/STM32F0xx_HAL_Driver/Src/stm32f0xx_hal_flash.c ****         
 969              		.loc 1 360 9 is_stmt 1 view .LVU297
 360:Drivers/STM32F0xx_HAL_Driver/Src/stm32f0xx_hal_flash.c ****         
 970              		.loc 1 360 15 is_stmt 0 view .LVU298
 971 0092 6368     		ldr	r3, [r4, #4]
 360:Drivers/STM32F0xx_HAL_Driver/Src/stm32f0xx_hal_flash.c ****         
 972              		.loc 1 360 29 view .LVU299
 973 0094 013B     		subs	r3, r3, #1
 974 0096 6360     		str	r3, [r4, #4]
 363:Drivers/STM32F0xx_HAL_Driver/Src/stm32f0xx_hal_flash.c ****         {
 975              		.loc 1 363 9 is_stmt 1 view .LVU300
 363:Drivers/STM32F0xx_HAL_Driver/Src/stm32f0xx_hal_flash.c ****         {
 976              		.loc 1 363 18 is_stmt 0 view .LVU301
 977 0098 6368     		ldr	r3, [r4, #4]
 363:Drivers/STM32F0xx_HAL_Driver/Src/stm32f0xx_hal_flash.c ****         {
 978              		.loc 1 363 11 view .LVU302
ARM GAS  C:\Users\joshr\AppData\Local\Temp\ccwhLvCW.s 			page 34


 979 009a 002B     		cmp	r3, #0
 980 009c 2FD0     		beq	.L78
 366:Drivers/STM32F0xx_HAL_Driver/Src/stm32f0xx_hal_flash.c ****           addresstmp = pFlash.Address;
 981              		.loc 1 366 11 is_stmt 1 view .LVU303
 366:Drivers/STM32F0xx_HAL_Driver/Src/stm32f0xx_hal_flash.c ****           addresstmp = pFlash.Address;
 982              		.loc 1 366 17 is_stmt 0 view .LVU304
 983 009e A368     		ldr	r3, [r4, #8]
 366:Drivers/STM32F0xx_HAL_Driver/Src/stm32f0xx_hal_flash.c ****           addresstmp = pFlash.Address;
 984              		.loc 1 366 26 view .LVU305
 985 00a0 0233     		adds	r3, r3, #2
 986 00a2 A360     		str	r3, [r4, #8]
 367:Drivers/STM32F0xx_HAL_Driver/Src/stm32f0xx_hal_flash.c ****           
 987              		.loc 1 367 11 is_stmt 1 view .LVU306
 367:Drivers/STM32F0xx_HAL_Driver/Src/stm32f0xx_hal_flash.c ****           
 988              		.loc 1 367 22 is_stmt 0 view .LVU307
 989 00a4 A668     		ldr	r6, [r4, #8]
 990              	.LVL61:
 370:Drivers/STM32F0xx_HAL_Driver/Src/stm32f0xx_hal_flash.c ****           
 991              		.loc 1 370 11 is_stmt 1 view .LVU308
 370:Drivers/STM32F0xx_HAL_Driver/Src/stm32f0xx_hal_flash.c ****           
 992              		.loc 1 370 32 is_stmt 0 view .LVU309
 993 00a6 2069     		ldr	r0, [r4, #16]
 994 00a8 6169     		ldr	r1, [r4, #20]
 370:Drivers/STM32F0xx_HAL_Driver/Src/stm32f0xx_hal_flash.c ****           
 995              		.loc 1 370 38 view .LVU310
 996 00aa 0B0C     		lsrs	r3, r1, #16
 997 00ac 0F04     		lsls	r7, r1, #16
 373:Drivers/STM32F0xx_HAL_Driver/Src/stm32f0xx_hal_flash.c **** 
 998              		.loc 1 373 11 view .LVU311
 999 00ae 0121     		movs	r1, #1
 370:Drivers/STM32F0xx_HAL_Driver/Src/stm32f0xx_hal_flash.c ****           
 1000              		.loc 1 370 38 view .LVU312
 1001 00b0 020C     		lsrs	r2, r0, #16
 1002 00b2 3A43     		orrs	r2, r7
 370:Drivers/STM32F0xx_HAL_Driver/Src/stm32f0xx_hal_flash.c ****           
 1003              		.loc 1 370 23 view .LVU313
 1004 00b4 2261     		str	r2, [r4, #16]
 1005 00b6 6361     		str	r3, [r4, #20]
 373:Drivers/STM32F0xx_HAL_Driver/Src/stm32f0xx_hal_flash.c **** 
 1006              		.loc 1 373 11 is_stmt 1 view .LVU314
 1007 00b8 2B69     		ldr	r3, [r5, #16]
 1008 00ba 8B43     		bics	r3, r1
 1009 00bc 2B61     		str	r3, [r5, #16]
 376:Drivers/STM32F0xx_HAL_Driver/Src/stm32f0xx_hal_flash.c ****         }
 1010              		.loc 1 376 11 view .LVU315
 376:Drivers/STM32F0xx_HAL_Driver/Src/stm32f0xx_hal_flash.c ****         }
 1011              		.loc 1 376 62 is_stmt 0 view .LVU316
 1012 00be 2269     		ldr	r2, [r4, #16]
 1013 00c0 6369     		ldr	r3, [r4, #20]
 1014              	.LBB66:
 1015              	.LBB67:
 604:Drivers/STM32F0xx_HAL_Driver/Src/stm32f0xx_hal_flash.c ****   
 1016              		.loc 1 604 20 view .LVU317
 1017 00c2 0023     		movs	r3, #0
 1018 00c4 E361     		str	r3, [r4, #28]
 607:Drivers/STM32F0xx_HAL_Driver/Src/stm32f0xx_hal_flash.c **** 
 1019              		.loc 1 607 5 view .LVU318
ARM GAS  C:\Users\joshr\AppData\Local\Temp\ccwhLvCW.s 			page 35


 1020 00c6 2B69     		ldr	r3, [r5, #16]
 1021              	.LBE67:
 1022              	.LBE66:
 376:Drivers/STM32F0xx_HAL_Driver/Src/stm32f0xx_hal_flash.c ****         }
 1023              		.loc 1 376 11 view .LVU319
 1024 00c8 92B2     		uxth	r2, r2
 1025              	.LVL62:
 1026              	.LBB69:
 1027              	.LBI66:
 601:Drivers/STM32F0xx_HAL_Driver/Src/stm32f0xx_hal_flash.c **** {
 1028              		.loc 1 601 13 is_stmt 1 view .LVU320
 1029              	.LBB68:
 604:Drivers/STM32F0xx_HAL_Driver/Src/stm32f0xx_hal_flash.c ****   
 1030              		.loc 1 604 3 view .LVU321
 607:Drivers/STM32F0xx_HAL_Driver/Src/stm32f0xx_hal_flash.c **** 
 1031              		.loc 1 607 5 view .LVU322
 1032 00ca 0B43     		orrs	r3, r1
 1033 00cc 2B61     		str	r3, [r5, #16]
 610:Drivers/STM32F0xx_HAL_Driver/Src/stm32f0xx_hal_flash.c **** }
 1034              		.loc 1 610 3 view .LVU323
 610:Drivers/STM32F0xx_HAL_Driver/Src/stm32f0xx_hal_flash.c **** }
 1035              		.loc 1 610 28 is_stmt 0 view .LVU324
 1036 00ce 3280     		strh	r2, [r6]
 1037              	.LVL63:
 611:Drivers/STM32F0xx_HAL_Driver/Src/stm32f0xx_hal_flash.c **** 
 1038              		.loc 1 611 1 view .LVU325
 1039 00d0 A8E7     		b	.L73
 1040              	.LVL64:
 1041              	.L97:
 611:Drivers/STM32F0xx_HAL_Driver/Src/stm32f0xx_hal_flash.c **** 
 1042              		.loc 1 611 1 view .LVU326
 1043              	.LBE68:
 1044              	.LBE69:
 317:Drivers/STM32F0xx_HAL_Driver/Src/stm32f0xx_hal_flash.c **** 
 1045              		.loc 1 317 9 is_stmt 1 view .LVU327
 317:Drivers/STM32F0xx_HAL_Driver/Src/stm32f0xx_hal_flash.c **** 
 1046              		.loc 1 317 15 is_stmt 0 view .LVU328
 1047 00d2 6368     		ldr	r3, [r4, #4]
 317:Drivers/STM32F0xx_HAL_Driver/Src/stm32f0xx_hal_flash.c **** 
 1048              		.loc 1 317 29 view .LVU329
 1049 00d4 013B     		subs	r3, r3, #1
 1050 00d6 6360     		str	r3, [r4, #4]
 320:Drivers/STM32F0xx_HAL_Driver/Src/stm32f0xx_hal_flash.c ****         {
 1051              		.loc 1 320 9 is_stmt 1 view .LVU330
 320:Drivers/STM32F0xx_HAL_Driver/Src/stm32f0xx_hal_flash.c ****         {
 1052              		.loc 1 320 18 is_stmt 0 view .LVU331
 1053 00d8 6368     		ldr	r3, [r4, #4]
 320:Drivers/STM32F0xx_HAL_Driver/Src/stm32f0xx_hal_flash.c ****         {
 1054              		.loc 1 320 11 view .LVU332
 1055 00da 002B     		cmp	r3, #0
 1056 00dc 1FD0     		beq	.L76
 322:Drivers/STM32F0xx_HAL_Driver/Src/stm32f0xx_hal_flash.c ****           /*Indicate user which sector has been erased */
 1057              		.loc 1 322 11 is_stmt 1 view .LVU333
 322:Drivers/STM32F0xx_HAL_Driver/Src/stm32f0xx_hal_flash.c ****           /*Indicate user which sector has been erased */
 1058              		.loc 1 322 22 is_stmt 0 view .LVU334
 1059 00de A068     		ldr	r0, [r4, #8]
 1060              	.LVL65:
ARM GAS  C:\Users\joshr\AppData\Local\Temp\ccwhLvCW.s 			page 36


 324:Drivers/STM32F0xx_HAL_Driver/Src/stm32f0xx_hal_flash.c **** 
 1061              		.loc 1 324 11 is_stmt 1 view .LVU335
 1062 00e0 FFF7FEFF 		bl	HAL_FLASH_EndOfOperationCallback
 1063              	.LVL66:
 327:Drivers/STM32F0xx_HAL_Driver/Src/stm32f0xx_hal_flash.c ****           pFlash.Address = addresstmp;
 1064              		.loc 1 327 11 view .LVU336
 327:Drivers/STM32F0xx_HAL_Driver/Src/stm32f0xx_hal_flash.c ****           pFlash.Address = addresstmp;
 1065              		.loc 1 327 22 is_stmt 0 view .LVU337
 1066 00e4 8023     		movs	r3, #128
 1067 00e6 DB00     		lsls	r3, r3, #3
 1068 00e8 9C46     		mov	ip, r3
 331:Drivers/STM32F0xx_HAL_Driver/Src/stm32f0xx_hal_flash.c **** 
 1069              		.loc 1 331 11 view .LVU338
 1070 00ea 0222     		movs	r2, #2
 327:Drivers/STM32F0xx_HAL_Driver/Src/stm32f0xx_hal_flash.c ****           pFlash.Address = addresstmp;
 1071              		.loc 1 327 30 view .LVU339
 1072 00ec A068     		ldr	r0, [r4, #8]
 327:Drivers/STM32F0xx_HAL_Driver/Src/stm32f0xx_hal_flash.c ****           pFlash.Address = addresstmp;
 1073              		.loc 1 327 22 view .LVU340
 1074 00ee 6044     		add	r0, r0, ip
 1075              	.LVL67:
 328:Drivers/STM32F0xx_HAL_Driver/Src/stm32f0xx_hal_flash.c **** 
 1076              		.loc 1 328 11 is_stmt 1 view .LVU341
 328:Drivers/STM32F0xx_HAL_Driver/Src/stm32f0xx_hal_flash.c **** 
 1077              		.loc 1 328 26 is_stmt 0 view .LVU342
 1078 00f0 A060     		str	r0, [r4, #8]
 331:Drivers/STM32F0xx_HAL_Driver/Src/stm32f0xx_hal_flash.c **** 
 1079              		.loc 1 331 11 is_stmt 1 view .LVU343
 1080 00f2 2B69     		ldr	r3, [r5, #16]
 1081 00f4 9343     		bics	r3, r2
 1082 00f6 2B61     		str	r3, [r5, #16]
 333:Drivers/STM32F0xx_HAL_Driver/Src/stm32f0xx_hal_flash.c ****         }
 1083              		.loc 1 333 11 view .LVU344
 1084 00f8 FFF7FEFF 		bl	FLASH_PageErase
 1085              	.LVL68:
 333:Drivers/STM32F0xx_HAL_Driver/Src/stm32f0xx_hal_flash.c ****         }
 1086              		.loc 1 333 11 is_stmt 0 view .LVU345
 1087 00fc 92E7     		b	.L73
 1088              	.LVL69:
 1089              	.L78:
 382:Drivers/STM32F0xx_HAL_Driver/Src/stm32f0xx_hal_flash.c ****           {
 1090              		.loc 1 382 11 is_stmt 1 view .LVU346
 382:Drivers/STM32F0xx_HAL_Driver/Src/stm32f0xx_hal_flash.c ****           {
 1091              		.loc 1 382 21 is_stmt 0 view .LVU347
 1092 00fe 2378     		ldrb	r3, [r4]
 382:Drivers/STM32F0xx_HAL_Driver/Src/stm32f0xx_hal_flash.c ****           {
 1093              		.loc 1 382 14 view .LVU348
 1094 0100 032B     		cmp	r3, #3
 1095 0102 21D0     		beq	.L99
 386:Drivers/STM32F0xx_HAL_Driver/Src/stm32f0xx_hal_flash.c ****           {
 1096              		.loc 1 386 16 is_stmt 1 view .LVU349
 386:Drivers/STM32F0xx_HAL_Driver/Src/stm32f0xx_hal_flash.c ****           {
 1097              		.loc 1 386 26 is_stmt 0 view .LVU350
 1098 0104 2378     		ldrb	r3, [r4]
 388:Drivers/STM32F0xx_HAL_Driver/Src/stm32f0xx_hal_flash.c ****           }
 1099              		.loc 1 388 52 view .LVU351
 1100 0106 A068     		ldr	r0, [r4, #8]
ARM GAS  C:\Users\joshr\AppData\Local\Temp\ccwhLvCW.s 			page 37


 386:Drivers/STM32F0xx_HAL_Driver/Src/stm32f0xx_hal_flash.c ****           {
 1101              		.loc 1 386 19 view .LVU352
 1102 0108 042B     		cmp	r3, #4
 1103 010a 0FD0     		beq	.L100
 392:Drivers/STM32F0xx_HAL_Driver/Src/stm32f0xx_hal_flash.c ****           }
 1104              		.loc 1 392 13 is_stmt 1 view .LVU353
 1105 010c 0638     		subs	r0, r0, #6
 1106 010e FFF7FEFF 		bl	HAL_FLASH_EndOfOperationCallback
 1107              	.LVL70:
 1108              	.L80:
 396:Drivers/STM32F0xx_HAL_Driver/Src/stm32f0xx_hal_flash.c ****           pFlash.ProcedureOnGoing = FLASH_PROC_NONE;
 1109              		.loc 1 396 11 view .LVU354
 396:Drivers/STM32F0xx_HAL_Driver/Src/stm32f0xx_hal_flash.c ****           pFlash.ProcedureOnGoing = FLASH_PROC_NONE;
 1110              		.loc 1 396 26 is_stmt 0 view .LVU355
 1111 0112 0123     		movs	r3, #1
 1112 0114 5B42     		rsbs	r3, r3, #0
 1113 0116 A360     		str	r3, [r4, #8]
 397:Drivers/STM32F0xx_HAL_Driver/Src/stm32f0xx_hal_flash.c ****         }
 1114              		.loc 1 397 11 is_stmt 1 view .LVU356
 397:Drivers/STM32F0xx_HAL_Driver/Src/stm32f0xx_hal_flash.c ****         }
 1115              		.loc 1 397 35 is_stmt 0 view .LVU357
 1116 0118 0023     		movs	r3, #0
 1117 011a 2370     		strb	r3, [r4]
 1118 011c 82E7     		b	.L73
 1119              	.L76:
 339:Drivers/STM32F0xx_HAL_Driver/Src/stm32f0xx_hal_flash.c ****           pFlash.ProcedureOnGoing = FLASH_PROC_NONE;
 1120              		.loc 1 339 11 is_stmt 1 view .LVU358
 1121              	.LVL71:
 339:Drivers/STM32F0xx_HAL_Driver/Src/stm32f0xx_hal_flash.c ****           pFlash.ProcedureOnGoing = FLASH_PROC_NONE;
 1122              		.loc 1 339 26 is_stmt 0 view .LVU359
 1123 011e 0120     		movs	r0, #1
 1124 0120 4042     		rsbs	r0, r0, #0
 1125 0122 A060     		str	r0, [r4, #8]
 340:Drivers/STM32F0xx_HAL_Driver/Src/stm32f0xx_hal_flash.c ****           /* FLASH EOP interrupt user callback */
 1126              		.loc 1 340 11 is_stmt 1 view .LVU360
 340:Drivers/STM32F0xx_HAL_Driver/Src/stm32f0xx_hal_flash.c ****           /* FLASH EOP interrupt user callback */
 1127              		.loc 1 340 35 is_stmt 0 view .LVU361
 1128 0124 2370     		strb	r3, [r4]
 342:Drivers/STM32F0xx_HAL_Driver/Src/stm32f0xx_hal_flash.c ****         }
 1129              		.loc 1 342 11 is_stmt 1 view .LVU362
 1130 0126 FFF7FEFF 		bl	HAL_FLASH_EndOfOperationCallback
 1131              	.LVL72:
 1132 012a 7BE7     		b	.L73
 1133              	.LVL73:
 1134              	.L100:
 388:Drivers/STM32F0xx_HAL_Driver/Src/stm32f0xx_hal_flash.c ****           }
 1135              		.loc 1 388 13 view .LVU363
 1136 012c 0238     		subs	r0, r0, #2
 1137 012e FFF7FEFF 		bl	HAL_FLASH_EndOfOperationCallback
 1138              	.LVL74:
 1139 0132 EEE7     		b	.L80
 1140              	.L98:
 348:Drivers/STM32F0xx_HAL_Driver/Src/stm32f0xx_hal_flash.c **** 
 1141              		.loc 1 348 9 view .LVU364
 1142 0134 0422     		movs	r2, #4
 1143 0136 2B69     		ldr	r3, [r5, #16]
 352:Drivers/STM32F0xx_HAL_Driver/Src/stm32f0xx_hal_flash.c **** 
ARM GAS  C:\Users\joshr\AppData\Local\Temp\ccwhLvCW.s 			page 38


 1144              		.loc 1 352 11 is_stmt 0 view .LVU365
 1145 0138 0020     		movs	r0, #0
 348:Drivers/STM32F0xx_HAL_Driver/Src/stm32f0xx_hal_flash.c **** 
 1146              		.loc 1 348 9 view .LVU366
 1147 013a 9343     		bics	r3, r2
 1148 013c 2B61     		str	r3, [r5, #16]
 352:Drivers/STM32F0xx_HAL_Driver/Src/stm32f0xx_hal_flash.c **** 
 1149              		.loc 1 352 11 is_stmt 1 view .LVU367
 1150 013e FFF7FEFF 		bl	HAL_FLASH_EndOfOperationCallback
 1151              	.LVL75:
 355:Drivers/STM32F0xx_HAL_Driver/Src/stm32f0xx_hal_flash.c ****         }
 1152              		.loc 1 355 11 view .LVU368
 355:Drivers/STM32F0xx_HAL_Driver/Src/stm32f0xx_hal_flash.c ****         }
 1153              		.loc 1 355 35 is_stmt 0 view .LVU369
 1154 0142 0023     		movs	r3, #0
 1155 0144 2370     		strb	r3, [r4]
 1156 0146 6DE7     		b	.L73
 1157              	.L99:
 384:Drivers/STM32F0xx_HAL_Driver/Src/stm32f0xx_hal_flash.c ****           }
 1158              		.loc 1 384 13 is_stmt 1 view .LVU370
 384:Drivers/STM32F0xx_HAL_Driver/Src/stm32f0xx_hal_flash.c ****           }
 1159              		.loc 1 384 52 is_stmt 0 view .LVU371
 1160 0148 A068     		ldr	r0, [r4, #8]
 384:Drivers/STM32F0xx_HAL_Driver/Src/stm32f0xx_hal_flash.c ****           }
 1161              		.loc 1 384 13 view .LVU372
 1162 014a FFF7FEFF 		bl	HAL_FLASH_EndOfOperationCallback
 1163              	.LVL76:
 1164 014e E0E7     		b	.L80
 1165              	.L102:
 1166              		.align	2
 1167              	.L101:
 1168 0150 00200240 		.word	1073881088
 1169 0154 00000000 		.word	pFlash
 1170 0158 FFEBFFFF 		.word	-5121
 1171              		.cfi_endproc
 1172              	.LFE42:
 1174              		.section	.text.HAL_FLASH_Unlock,"ax",%progbits
 1175              		.align	1
 1176              		.p2align 2,,3
 1177              		.global	HAL_FLASH_Unlock
 1178              		.syntax unified
 1179              		.code	16
 1180              		.thumb_func
 1182              	HAL_FLASH_Unlock:
 1183              	.LFB45:
 478:Drivers/STM32F0xx_HAL_Driver/Src/stm32f0xx_hal_flash.c ****   HAL_StatusTypeDef status = HAL_OK;
 1184              		.loc 1 478 1 is_stmt 1 view -0
 1185              		.cfi_startproc
 1186              		@ args = 0, pretend = 0, frame = 0
 1187              		@ frame_needed = 0, uses_anonymous_args = 0
 1188              		@ link register save eliminated.
 479:Drivers/STM32F0xx_HAL_Driver/Src/stm32f0xx_hal_flash.c **** 
 1189              		.loc 1 479 3 view .LVU374
 1190              	.LVL77:
 481:Drivers/STM32F0xx_HAL_Driver/Src/stm32f0xx_hal_flash.c ****   {
 1191              		.loc 1 481 3 view .LVU375
 481:Drivers/STM32F0xx_HAL_Driver/Src/stm32f0xx_hal_flash.c ****   {
ARM GAS  C:\Users\joshr\AppData\Local\Temp\ccwhLvCW.s 			page 39


 1192              		.loc 1 481 6 is_stmt 0 view .LVU376
 1193 0000 064B     		ldr	r3, .L108
 479:Drivers/STM32F0xx_HAL_Driver/Src/stm32f0xx_hal_flash.c **** 
 1194              		.loc 1 479 21 view .LVU377
 1195 0002 0020     		movs	r0, #0
 481:Drivers/STM32F0xx_HAL_Driver/Src/stm32f0xx_hal_flash.c ****   {
 1196              		.loc 1 481 6 view .LVU378
 1197 0004 1A69     		ldr	r2, [r3, #16]
 481:Drivers/STM32F0xx_HAL_Driver/Src/stm32f0xx_hal_flash.c ****   {
 1198              		.loc 1 481 5 view .LVU379
 1199 0006 1206     		lsls	r2, r2, #24
 1200 0008 06D5     		bpl	.L104
 484:Drivers/STM32F0xx_HAL_Driver/Src/stm32f0xx_hal_flash.c ****     WRITE_REG(FLASH->KEYR, FLASH_KEY2);
 1201              		.loc 1 484 5 is_stmt 1 view .LVU380
 1202 000a 054A     		ldr	r2, .L108+4
 1203 000c 5A60     		str	r2, [r3, #4]
 485:Drivers/STM32F0xx_HAL_Driver/Src/stm32f0xx_hal_flash.c **** 
 1204              		.loc 1 485 5 view .LVU381
 1205 000e 054A     		ldr	r2, .L108+8
 1206 0010 5A60     		str	r2, [r3, #4]
 488:Drivers/STM32F0xx_HAL_Driver/Src/stm32f0xx_hal_flash.c ****     {
 1207              		.loc 1 488 5 view .LVU382
 488:Drivers/STM32F0xx_HAL_Driver/Src/stm32f0xx_hal_flash.c ****     {
 1208              		.loc 1 488 8 is_stmt 0 view .LVU383
 1209 0012 1869     		ldr	r0, [r3, #16]
 488:Drivers/STM32F0xx_HAL_Driver/Src/stm32f0xx_hal_flash.c ****     {
 1210              		.loc 1 488 7 view .LVU384
 1211 0014 0006     		lsls	r0, r0, #24
 1212 0016 C00F     		lsrs	r0, r0, #31
 1213              	.L104:
 1214              	.LVL78:
 494:Drivers/STM32F0xx_HAL_Driver/Src/stm32f0xx_hal_flash.c **** }
 1215              		.loc 1 494 3 is_stmt 1 view .LVU385
 495:Drivers/STM32F0xx_HAL_Driver/Src/stm32f0xx_hal_flash.c **** 
 1216              		.loc 1 495 1 is_stmt 0 view .LVU386
 1217              		@ sp needed
 1218 0018 7047     		bx	lr
 1219              	.L109:
 1220 001a C046     		.align	2
 1221              	.L108:
 1222 001c 00200240 		.word	1073881088
 1223 0020 23016745 		.word	1164378403
 1224 0024 AB89EFCD 		.word	-839939669
 1225              		.cfi_endproc
 1226              	.LFE45:
 1228              		.section	.text.HAL_FLASH_Lock,"ax",%progbits
 1229              		.align	1
 1230              		.p2align 2,,3
 1231              		.global	HAL_FLASH_Lock
 1232              		.syntax unified
 1233              		.code	16
 1234              		.thumb_func
 1236              	HAL_FLASH_Lock:
 1237              	.LFB46:
 502:Drivers/STM32F0xx_HAL_Driver/Src/stm32f0xx_hal_flash.c ****   /* Set the LOCK Bit to lock the FLASH Registers access */
 1238              		.loc 1 502 1 is_stmt 1 view -0
 1239              		.cfi_startproc
ARM GAS  C:\Users\joshr\AppData\Local\Temp\ccwhLvCW.s 			page 40


 1240              		@ args = 0, pretend = 0, frame = 0
 1241              		@ frame_needed = 0, uses_anonymous_args = 0
 1242              		@ link register save eliminated.
 504:Drivers/STM32F0xx_HAL_Driver/Src/stm32f0xx_hal_flash.c ****   
 1243              		.loc 1 504 3 view .LVU388
 1244 0000 8021     		movs	r1, #128
 507:Drivers/STM32F0xx_HAL_Driver/Src/stm32f0xx_hal_flash.c **** 
 1245              		.loc 1 507 1 is_stmt 0 view .LVU389
 1246              		@ sp needed
 504:Drivers/STM32F0xx_HAL_Driver/Src/stm32f0xx_hal_flash.c ****   
 1247              		.loc 1 504 3 view .LVU390
 1248 0002 034A     		ldr	r2, .L111
 507:Drivers/STM32F0xx_HAL_Driver/Src/stm32f0xx_hal_flash.c **** 
 1249              		.loc 1 507 1 view .LVU391
 1250 0004 0020     		movs	r0, #0
 504:Drivers/STM32F0xx_HAL_Driver/Src/stm32f0xx_hal_flash.c ****   
 1251              		.loc 1 504 3 view .LVU392
 1252 0006 1369     		ldr	r3, [r2, #16]
 1253 0008 0B43     		orrs	r3, r1
 1254 000a 1361     		str	r3, [r2, #16]
 506:Drivers/STM32F0xx_HAL_Driver/Src/stm32f0xx_hal_flash.c **** }
 1255              		.loc 1 506 3 is_stmt 1 view .LVU393
 507:Drivers/STM32F0xx_HAL_Driver/Src/stm32f0xx_hal_flash.c **** 
 1256              		.loc 1 507 1 is_stmt 0 view .LVU394
 1257 000c 7047     		bx	lr
 1258              	.L112:
 1259 000e C046     		.align	2
 1260              	.L111:
 1261 0010 00200240 		.word	1073881088
 1262              		.cfi_endproc
 1263              	.LFE46:
 1265              		.section	.text.HAL_FLASH_OB_Unlock,"ax",%progbits
 1266              		.align	1
 1267              		.p2align 2,,3
 1268              		.global	HAL_FLASH_OB_Unlock
 1269              		.syntax unified
 1270              		.code	16
 1271              		.thumb_func
 1273              	HAL_FLASH_OB_Unlock:
 1274              	.LFB47:
 514:Drivers/STM32F0xx_HAL_Driver/Src/stm32f0xx_hal_flash.c ****   if (HAL_IS_BIT_CLR(FLASH->CR, FLASH_CR_OPTWRE))
 1275              		.loc 1 514 1 is_stmt 1 view -0
 1276              		.cfi_startproc
 1277              		@ args = 0, pretend = 0, frame = 0
 1278              		@ frame_needed = 0, uses_anonymous_args = 0
 1279              		@ link register save eliminated.
 515:Drivers/STM32F0xx_HAL_Driver/Src/stm32f0xx_hal_flash.c ****   {
 1280              		.loc 1 515 3 view .LVU396
 515:Drivers/STM32F0xx_HAL_Driver/Src/stm32f0xx_hal_flash.c ****   {
 1281              		.loc 1 515 7 is_stmt 0 view .LVU397
 1282 0000 054B     		ldr	r3, .L116
 1283 0002 1A69     		ldr	r2, [r3, #16]
 515:Drivers/STM32F0xx_HAL_Driver/Src/stm32f0xx_hal_flash.c ****   {
 1284              		.loc 1 515 6 view .LVU398
 1285 0004 9205     		lsls	r2, r2, #22
 1286 0006 05D4     		bmi	.L115
 518:Drivers/STM32F0xx_HAL_Driver/Src/stm32f0xx_hal_flash.c ****     WRITE_REG(FLASH->OPTKEYR, FLASH_OPTKEY2);
ARM GAS  C:\Users\joshr\AppData\Local\Temp\ccwhLvCW.s 			page 41


 1287              		.loc 1 518 5 is_stmt 1 view .LVU399
 526:Drivers/STM32F0xx_HAL_Driver/Src/stm32f0xx_hal_flash.c **** }
 1288              		.loc 1 526 10 is_stmt 0 view .LVU400
 1289 0008 0020     		movs	r0, #0
 518:Drivers/STM32F0xx_HAL_Driver/Src/stm32f0xx_hal_flash.c ****     WRITE_REG(FLASH->OPTKEYR, FLASH_OPTKEY2);
 1290              		.loc 1 518 5 view .LVU401
 1291 000a 044A     		ldr	r2, .L116+4
 1292 000c 9A60     		str	r2, [r3, #8]
 519:Drivers/STM32F0xx_HAL_Driver/Src/stm32f0xx_hal_flash.c ****   }
 1293              		.loc 1 519 5 is_stmt 1 view .LVU402
 1294 000e 044A     		ldr	r2, .L116+8
 1295 0010 9A60     		str	r2, [r3, #8]
 526:Drivers/STM32F0xx_HAL_Driver/Src/stm32f0xx_hal_flash.c **** }
 1296              		.loc 1 526 3 view .LVU403
 1297              	.L114:
 527:Drivers/STM32F0xx_HAL_Driver/Src/stm32f0xx_hal_flash.c **** 
 1298              		.loc 1 527 1 is_stmt 0 view .LVU404
 1299              		@ sp needed
 1300 0012 7047     		bx	lr
 1301              	.L115:
 523:Drivers/STM32F0xx_HAL_Driver/Src/stm32f0xx_hal_flash.c ****   }  
 1302              		.loc 1 523 12 view .LVU405
 1303 0014 0120     		movs	r0, #1
 1304 0016 FCE7     		b	.L114
 1305              	.L117:
 1306              		.align	2
 1307              	.L116:
 1308 0018 00200240 		.word	1073881088
 1309 001c 23016745 		.word	1164378403
 1310 0020 AB89EFCD 		.word	-839939669
 1311              		.cfi_endproc
 1312              	.LFE47:
 1314              		.section	.text.HAL_FLASH_OB_Lock,"ax",%progbits
 1315              		.align	1
 1316              		.p2align 2,,3
 1317              		.global	HAL_FLASH_OB_Lock
 1318              		.syntax unified
 1319              		.code	16
 1320              		.thumb_func
 1322              	HAL_FLASH_OB_Lock:
 1323              	.LFB48:
 534:Drivers/STM32F0xx_HAL_Driver/Src/stm32f0xx_hal_flash.c ****   /* Clear the OPTWRE Bit to lock the FLASH Option Byte Registers access */
 1324              		.loc 1 534 1 is_stmt 1 view -0
 1325              		.cfi_startproc
 1326              		@ args = 0, pretend = 0, frame = 0
 1327              		@ frame_needed = 0, uses_anonymous_args = 0
 1328              		@ link register save eliminated.
 536:Drivers/STM32F0xx_HAL_Driver/Src/stm32f0xx_hal_flash.c ****   
 1329              		.loc 1 536 3 view .LVU407
 1330 0000 034A     		ldr	r2, .L119
 1331 0002 0449     		ldr	r1, .L119+4
 1332 0004 1369     		ldr	r3, [r2, #16]
 539:Drivers/STM32F0xx_HAL_Driver/Src/stm32f0xx_hal_flash.c ****   
 1333              		.loc 1 539 1 is_stmt 0 view .LVU408
 1334 0006 0020     		movs	r0, #0
 1335              		@ sp needed
 536:Drivers/STM32F0xx_HAL_Driver/Src/stm32f0xx_hal_flash.c ****   
ARM GAS  C:\Users\joshr\AppData\Local\Temp\ccwhLvCW.s 			page 42


 1336              		.loc 1 536 3 view .LVU409
 1337 0008 0B40     		ands	r3, r1
 1338 000a 1361     		str	r3, [r2, #16]
 538:Drivers/STM32F0xx_HAL_Driver/Src/stm32f0xx_hal_flash.c **** }
 1339              		.loc 1 538 3 is_stmt 1 view .LVU410
 539:Drivers/STM32F0xx_HAL_Driver/Src/stm32f0xx_hal_flash.c ****   
 1340              		.loc 1 539 1 is_stmt 0 view .LVU411
 1341 000c 7047     		bx	lr
 1342              	.L120:
 1343 000e C046     		.align	2
 1344              	.L119:
 1345 0010 00200240 		.word	1073881088
 1346 0014 FFFDFFFF 		.word	-513
 1347              		.cfi_endproc
 1348              	.LFE48:
 1350              		.section	.text.HAL_FLASH_OB_Launch,"ax",%progbits
 1351              		.align	1
 1352              		.p2align 2,,3
 1353              		.global	HAL_FLASH_OB_Launch
 1354              		.syntax unified
 1355              		.code	16
 1356              		.thumb_func
 1358              	HAL_FLASH_OB_Launch:
 1359              	.LFB49:
 547:Drivers/STM32F0xx_HAL_Driver/Src/stm32f0xx_hal_flash.c ****   /* Set the OBL_Launch bit to launch the option byte loading */
 1360              		.loc 1 547 1 is_stmt 1 view -0
 1361              		.cfi_startproc
 1362              		@ args = 0, pretend = 0, frame = 0
 1363              		@ frame_needed = 0, uses_anonymous_args = 0
 549:Drivers/STM32F0xx_HAL_Driver/Src/stm32f0xx_hal_flash.c ****   
 1364              		.loc 1 549 3 view .LVU413
 547:Drivers/STM32F0xx_HAL_Driver/Src/stm32f0xx_hal_flash.c ****   /* Set the OBL_Launch bit to launch the option byte loading */
 1365              		.loc 1 547 1 is_stmt 0 view .LVU414
 1366 0000 F8B5     		push	{r3, r4, r5, r6, r7, lr}
 1367              	.LCFI5:
 1368              		.cfi_def_cfa_offset 24
 1369              		.cfi_offset 3, -24
 1370              		.cfi_offset 4, -20
 1371              		.cfi_offset 5, -16
 1372              		.cfi_offset 6, -12
 1373              		.cfi_offset 7, -8
 1374              		.cfi_offset 14, -4
 549:Drivers/STM32F0xx_HAL_Driver/Src/stm32f0xx_hal_flash.c ****   
 1375              		.loc 1 549 3 view .LVU415
 1376 0002 8023     		movs	r3, #128
 1377 0004 1F4C     		ldr	r4, .L143
 1378 0006 9B01     		lsls	r3, r3, #6
 1379 0008 2269     		ldr	r2, [r4, #16]
 1380              	.LBB74:
 1381              	.LBB75:
 626:Drivers/STM32F0xx_HAL_Driver/Src/stm32f0xx_hal_flash.c ****   { 
 1382              		.loc 1 626 9 view .LVU416
 1383 000a 0126     		movs	r6, #1
 1384              	.LBE75:
 1385              	.LBE74:
 549:Drivers/STM32F0xx_HAL_Driver/Src/stm32f0xx_hal_flash.c ****   
 1386              		.loc 1 549 3 view .LVU417
ARM GAS  C:\Users\joshr\AppData\Local\Temp\ccwhLvCW.s 			page 43


 1387 000c 1343     		orrs	r3, r2
 1388 000e 2361     		str	r3, [r4, #16]
 552:Drivers/STM32F0xx_HAL_Driver/Src/stm32f0xx_hal_flash.c **** }
 1389              		.loc 1 552 3 is_stmt 1 view .LVU418
 1390              	.LBB84:
 1391              	.LBI74:
 618:Drivers/STM32F0xx_HAL_Driver/Src/stm32f0xx_hal_flash.c **** {
 1392              		.loc 1 618 19 view .LVU419
 1393              	.LVL79:
 1394              	.LBB82:
 624:Drivers/STM32F0xx_HAL_Driver/Src/stm32f0xx_hal_flash.c ****      
 1395              		.loc 1 624 3 view .LVU420
 624:Drivers/STM32F0xx_HAL_Driver/Src/stm32f0xx_hal_flash.c ****      
 1396              		.loc 1 624 24 is_stmt 0 view .LVU421
 1397 0010 FFF7FEFF 		bl	HAL_GetTick
 1398              	.LVL80:
 630:Drivers/STM32F0xx_HAL_Driver/Src/stm32f0xx_hal_flash.c ****       {
 1399              		.loc 1 630 26 discriminator 1 view .LVU422
 1400 0014 1C4F     		ldr	r7, .L143+4
 624:Drivers/STM32F0xx_HAL_Driver/Src/stm32f0xx_hal_flash.c ****      
 1401              		.loc 1 624 24 view .LVU423
 1402 0016 0500     		movs	r5, r0
 1403              	.LVL81:
 626:Drivers/STM32F0xx_HAL_Driver/Src/stm32f0xx_hal_flash.c ****   { 
 1404              		.loc 1 626 3 is_stmt 1 view .LVU424
 626:Drivers/STM32F0xx_HAL_Driver/Src/stm32f0xx_hal_flash.c ****   { 
 1405              		.loc 1 626 8 is_stmt 0 view .LVU425
 1406 0018 04E0     		b	.L122
 1407              	.LVL82:
 1408              	.L124:
 628:Drivers/STM32F0xx_HAL_Driver/Src/stm32f0xx_hal_flash.c ****     {
 1409              		.loc 1 628 5 is_stmt 1 view .LVU426
 630:Drivers/STM32F0xx_HAL_Driver/Src/stm32f0xx_hal_flash.c ****       {
 1410              		.loc 1 630 7 view .LVU427
 630:Drivers/STM32F0xx_HAL_Driver/Src/stm32f0xx_hal_flash.c ****       {
 1411              		.loc 1 630 31 is_stmt 0 discriminator 1 view .LVU428
 1412 001a FFF7FEFF 		bl	HAL_GetTick
 1413              	.LVL83:
 630:Drivers/STM32F0xx_HAL_Driver/Src/stm32f0xx_hal_flash.c ****       {
 1414              		.loc 1 630 44 discriminator 1 view .LVU429
 1415 001e 401B     		subs	r0, r0, r5
 630:Drivers/STM32F0xx_HAL_Driver/Src/stm32f0xx_hal_flash.c ****       {
 1416              		.loc 1 630 26 discriminator 1 view .LVU430
 1417 0020 B842     		cmp	r0, r7
 1418 0022 2DD8     		bhi	.L129
 1419              	.L122:
 626:Drivers/STM32F0xx_HAL_Driver/Src/stm32f0xx_hal_flash.c ****   { 
 1420              		.loc 1 626 9 is_stmt 1 view .LVU431
 1421 0024 E368     		ldr	r3, [r4, #12]
 1422 0026 1E42     		tst	r6, r3
 1423 0028 F7D1     		bne	.L124
 638:Drivers/STM32F0xx_HAL_Driver/Src/stm32f0xx_hal_flash.c ****   {
 1424              		.loc 1 638 3 view .LVU432
 638:Drivers/STM32F0xx_HAL_Driver/Src/stm32f0xx_hal_flash.c ****   {
 1425              		.loc 1 638 7 is_stmt 0 view .LVU433
 1426 002a 2023     		movs	r3, #32
 1427 002c E268     		ldr	r2, [r4, #12]
ARM GAS  C:\Users\joshr\AppData\Local\Temp\ccwhLvCW.s 			page 44


 638:Drivers/STM32F0xx_HAL_Driver/Src/stm32f0xx_hal_flash.c ****   {
 1428              		.loc 1 638 6 view .LVU434
 1429 002e 1342     		tst	r3, r2
 1430 0030 00D0     		beq	.L125
 641:Drivers/STM32F0xx_HAL_Driver/Src/stm32f0xx_hal_flash.c ****   }
 1431              		.loc 1 641 5 is_stmt 1 view .LVU435
 1432 0032 E360     		str	r3, [r4, #12]
 1433              	.L125:
 644:Drivers/STM32F0xx_HAL_Driver/Src/stm32f0xx_hal_flash.c ****      __HAL_FLASH_GET_FLAG(FLASH_FLAG_PGERR))
 1434              		.loc 1 644 3 view .LVU436
 644:Drivers/STM32F0xx_HAL_Driver/Src/stm32f0xx_hal_flash.c ****      __HAL_FLASH_GET_FLAG(FLASH_FLAG_PGERR))
 1435              		.loc 1 644 6 is_stmt 0 view .LVU437
 1436 0034 134A     		ldr	r2, .L143
 1437 0036 D368     		ldr	r3, [r2, #12]
 644:Drivers/STM32F0xx_HAL_Driver/Src/stm32f0xx_hal_flash.c ****      __HAL_FLASH_GET_FLAG(FLASH_FLAG_PGERR))
 1438              		.loc 1 644 5 view .LVU438
 1439 0038 DB06     		lsls	r3, r3, #27
 1440 003a 04D4     		bmi	.L126
 645:Drivers/STM32F0xx_HAL_Driver/Src/stm32f0xx_hal_flash.c ****   {
 1441              		.loc 1 645 6 view .LVU439
 1442 003c D368     		ldr	r3, [r2, #12]
 653:Drivers/STM32F0xx_HAL_Driver/Src/stm32f0xx_hal_flash.c **** }
 1443              		.loc 1 653 10 view .LVU440
 1444 003e 0020     		movs	r0, #0
 644:Drivers/STM32F0xx_HAL_Driver/Src/stm32f0xx_hal_flash.c ****      __HAL_FLASH_GET_FLAG(FLASH_FLAG_PGERR))
 1445              		.loc 1 644 47 discriminator 1 view .LVU441
 1446 0040 5B07     		lsls	r3, r3, #29
 1447 0042 00D4     		bmi	.L126
 1448              	.L123:
 1449              	.LVL84:
 644:Drivers/STM32F0xx_HAL_Driver/Src/stm32f0xx_hal_flash.c ****      __HAL_FLASH_GET_FLAG(FLASH_FLAG_PGERR))
 1450              		.loc 1 644 47 discriminator 1 view .LVU442
 1451              	.LBE82:
 1452              	.LBE84:
 553:Drivers/STM32F0xx_HAL_Driver/Src/stm32f0xx_hal_flash.c **** 
 1453              		.loc 1 553 1 view .LVU443
 1454              		@ sp needed
 1455 0044 F8BD     		pop	{r3, r4, r5, r6, r7, pc}
 1456              	.LVL85:
 1457              	.L126:
 1458              	.LBB85:
 1459              	.LBB83:
 648:Drivers/STM32F0xx_HAL_Driver/Src/stm32f0xx_hal_flash.c ****     return HAL_ERROR;
 1460              		.loc 1 648 5 is_stmt 1 view .LVU444
 1461              	.LBB76:
 1462              	.LBI76:
 661:Drivers/STM32F0xx_HAL_Driver/Src/stm32f0xx_hal_flash.c **** {
 1463              		.loc 1 661 13 view .LVU445
 1464              	.LBB77:
 663:Drivers/STM32F0xx_HAL_Driver/Src/stm32f0xx_hal_flash.c ****   
 1465              		.loc 1 663 3 view .LVU446
 665:Drivers/STM32F0xx_HAL_Driver/Src/stm32f0xx_hal_flash.c ****   {
 1466              		.loc 1 665 3 view .LVU447
 665:Drivers/STM32F0xx_HAL_Driver/Src/stm32f0xx_hal_flash.c ****   {
 1467              		.loc 1 665 6 is_stmt 0 view .LVU448
 1468 0046 1021     		movs	r1, #16
 1469 0048 0E4B     		ldr	r3, .L143
ARM GAS  C:\Users\joshr\AppData\Local\Temp\ccwhLvCW.s 			page 45


 1470 004a 0420     		movs	r0, #4
 1471 004c DA68     		ldr	r2, [r3, #12]
 1472 004e 0B00     		movs	r3, r1
 1473 0050 1340     		ands	r3, r2
 665:Drivers/STM32F0xx_HAL_Driver/Src/stm32f0xx_hal_flash.c ****   {
 1474              		.loc 1 665 5 view .LVU449
 1475 0052 1142     		tst	r1, r2
 1476 0054 06D0     		beq	.L127
 667:Drivers/STM32F0xx_HAL_Driver/Src/stm32f0xx_hal_flash.c ****     flags |= FLASH_FLAG_WRPERR;
 1477              		.loc 1 667 5 is_stmt 1 view .LVU450
 667:Drivers/STM32F0xx_HAL_Driver/Src/stm32f0xx_hal_flash.c ****     flags |= FLASH_FLAG_WRPERR;
 1478              		.loc 1 667 11 is_stmt 0 view .LVU451
 1479 0056 0D4A     		ldr	r2, .L143+8
 667:Drivers/STM32F0xx_HAL_Driver/Src/stm32f0xx_hal_flash.c ****     flags |= FLASH_FLAG_WRPERR;
 1480              		.loc 1 667 22 view .LVU452
 1481 0058 0E39     		subs	r1, r1, #14
 667:Drivers/STM32F0xx_HAL_Driver/Src/stm32f0xx_hal_flash.c ****     flags |= FLASH_FLAG_WRPERR;
 1482              		.loc 1 667 11 view .LVU453
 1483 005a D369     		ldr	r3, [r2, #28]
 667:Drivers/STM32F0xx_HAL_Driver/Src/stm32f0xx_hal_flash.c ****     flags |= FLASH_FLAG_WRPERR;
 1484              		.loc 1 667 22 view .LVU454
 1485 005c 1030     		adds	r0, r0, #16
 1486 005e 0B43     		orrs	r3, r1
 1487 0060 D361     		str	r3, [r2, #28]
 668:Drivers/STM32F0xx_HAL_Driver/Src/stm32f0xx_hal_flash.c ****   }
 1488              		.loc 1 668 5 is_stmt 1 view .LVU455
 1489              	.LVL86:
 668:Drivers/STM32F0xx_HAL_Driver/Src/stm32f0xx_hal_flash.c ****   }
 1490              		.loc 1 668 11 is_stmt 0 view .LVU456
 1491 0062 1023     		movs	r3, #16
 1492              	.LVL87:
 1493              	.L127:
 670:Drivers/STM32F0xx_HAL_Driver/Src/stm32f0xx_hal_flash.c ****   {
 1494              		.loc 1 670 3 is_stmt 1 view .LVU457
 670:Drivers/STM32F0xx_HAL_Driver/Src/stm32f0xx_hal_flash.c ****   {
 1495              		.loc 1 670 6 is_stmt 0 view .LVU458
 1496 0064 074A     		ldr	r2, .L143
 1497 0066 D268     		ldr	r2, [r2, #12]
 670:Drivers/STM32F0xx_HAL_Driver/Src/stm32f0xx_hal_flash.c ****   {
 1498              		.loc 1 670 5 view .LVU459
 1499 0068 5207     		lsls	r2, r2, #29
 1500 006a 05D5     		bpl	.L128
 672:Drivers/STM32F0xx_HAL_Driver/Src/stm32f0xx_hal_flash.c ****     flags |= FLASH_FLAG_PGERR;
 1501              		.loc 1 672 5 is_stmt 1 view .LVU460
 672:Drivers/STM32F0xx_HAL_Driver/Src/stm32f0xx_hal_flash.c ****     flags |= FLASH_FLAG_PGERR;
 1502              		.loc 1 672 22 is_stmt 0 view .LVU461
 1503 006c 0121     		movs	r1, #1
 672:Drivers/STM32F0xx_HAL_Driver/Src/stm32f0xx_hal_flash.c ****     flags |= FLASH_FLAG_PGERR;
 1504              		.loc 1 672 11 view .LVU462
 1505 006e 074A     		ldr	r2, .L143+8
 1506 0070 D369     		ldr	r3, [r2, #28]
 672:Drivers/STM32F0xx_HAL_Driver/Src/stm32f0xx_hal_flash.c ****     flags |= FLASH_FLAG_PGERR;
 1507              		.loc 1 672 22 view .LVU463
 1508 0072 0B43     		orrs	r3, r1
 1509 0074 D361     		str	r3, [r2, #28]
 673:Drivers/STM32F0xx_HAL_Driver/Src/stm32f0xx_hal_flash.c ****   }
 1510              		.loc 1 673 5 is_stmt 1 view .LVU464
ARM GAS  C:\Users\joshr\AppData\Local\Temp\ccwhLvCW.s 			page 46


 1511              	.LVL88:
 673:Drivers/STM32F0xx_HAL_Driver/Src/stm32f0xx_hal_flash.c ****   }
 1512              		.loc 1 673 11 is_stmt 0 view .LVU465
 1513 0076 0300     		movs	r3, r0
 1514              	.LVL89:
 1515              	.L128:
 1516              		.loc 1 676 3 is_stmt 1 view .LVU466
 1517 0078 024A     		ldr	r2, .L143
 1518              	.LBE77:
 1519              	.LBE76:
 649:Drivers/STM32F0xx_HAL_Driver/Src/stm32f0xx_hal_flash.c ****   }
 1520              		.loc 1 649 12 is_stmt 0 view .LVU467
 1521 007a 0120     		movs	r0, #1
 1522              	.LBB80:
 1523              	.LBB78:
 1524              		.loc 1 676 3 view .LVU468
 1525 007c D360     		str	r3, [r2, #12]
 1526              	.LVL90:
 1527              		.loc 1 676 3 view .LVU469
 1528              	.LBE78:
 1529              	.LBE80:
 649:Drivers/STM32F0xx_HAL_Driver/Src/stm32f0xx_hal_flash.c ****   }
 1530              		.loc 1 649 5 is_stmt 1 view .LVU470
 1531              	.LBB81:
 1532              	.LBB79:
 677:Drivers/STM32F0xx_HAL_Driver/Src/stm32f0xx_hal_flash.c **** }  
 1533              		.loc 1 677 1 is_stmt 0 view .LVU471
 1534 007e E1E7     		b	.L123
 1535              	.L129:
 1536              		.loc 1 677 1 view .LVU472
 1537              	.LBE79:
 1538              	.LBE81:
 632:Drivers/STM32F0xx_HAL_Driver/Src/stm32f0xx_hal_flash.c ****       }
 1539              		.loc 1 632 16 view .LVU473
 1540 0080 0320     		movs	r0, #3
 1541 0082 DFE7     		b	.L123
 1542              	.L144:
 1543              		.align	2
 1544              	.L143:
 1545 0084 00200240 		.word	1073881088
 1546 0088 50C30000 		.word	50000
 1547 008c 00000000 		.word	pFlash
 1548              	.LBE83:
 1549              	.LBE85:
 1550              		.cfi_endproc
 1551              	.LFE49:
 1553              		.section	.text.HAL_FLASH_GetError,"ax",%progbits
 1554              		.align	1
 1555              		.p2align 2,,3
 1556              		.global	HAL_FLASH_GetError
 1557              		.syntax unified
 1558              		.code	16
 1559              		.thumb_func
 1561              	HAL_FLASH_GetError:
 1562              	.LFB50:
 579:Drivers/STM32F0xx_HAL_Driver/Src/stm32f0xx_hal_flash.c ****    return pFlash.ErrorCode;
 1563              		.loc 1 579 1 is_stmt 1 view -0
ARM GAS  C:\Users\joshr\AppData\Local\Temp\ccwhLvCW.s 			page 47


 1564              		.cfi_startproc
 1565              		@ args = 0, pretend = 0, frame = 0
 1566              		@ frame_needed = 0, uses_anonymous_args = 0
 1567              		@ link register save eliminated.
 580:Drivers/STM32F0xx_HAL_Driver/Src/stm32f0xx_hal_flash.c **** }
 1568              		.loc 1 580 4 view .LVU475
 580:Drivers/STM32F0xx_HAL_Driver/Src/stm32f0xx_hal_flash.c **** }
 1569              		.loc 1 580 17 is_stmt 0 view .LVU476
 1570 0000 014B     		ldr	r3, .L146
 581:Drivers/STM32F0xx_HAL_Driver/Src/stm32f0xx_hal_flash.c **** 
 1571              		.loc 1 581 1 view .LVU477
 1572              		@ sp needed
 580:Drivers/STM32F0xx_HAL_Driver/Src/stm32f0xx_hal_flash.c **** }
 1573              		.loc 1 580 17 view .LVU478
 1574 0002 D869     		ldr	r0, [r3, #28]
 581:Drivers/STM32F0xx_HAL_Driver/Src/stm32f0xx_hal_flash.c **** 
 1575              		.loc 1 581 1 view .LVU479
 1576 0004 7047     		bx	lr
 1577              	.L147:
 1578 0006 C046     		.align	2
 1579              	.L146:
 1580 0008 00000000 		.word	pFlash
 1581              		.cfi_endproc
 1582              	.LFE50:
 1584              		.section	.text.FLASH_WaitForLastOperation,"ax",%progbits
 1585              		.align	1
 1586              		.p2align 2,,3
 1587              		.global	FLASH_WaitForLastOperation
 1588              		.syntax unified
 1589              		.code	16
 1590              		.thumb_func
 1592              	FLASH_WaitForLastOperation:
 1593              	.LVL91:
 1594              	.LFB52:
 619:Drivers/STM32F0xx_HAL_Driver/Src/stm32f0xx_hal_flash.c ****   /* Wait for the FLASH operation to complete by polling on BUSY flag to be reset.
 1595              		.loc 1 619 1 is_stmt 1 view -0
 1596              		.cfi_startproc
 1597              		@ args = 0, pretend = 0, frame = 0
 1598              		@ frame_needed = 0, uses_anonymous_args = 0
 624:Drivers/STM32F0xx_HAL_Driver/Src/stm32f0xx_hal_flash.c ****      
 1599              		.loc 1 624 3 view .LVU481
 619:Drivers/STM32F0xx_HAL_Driver/Src/stm32f0xx_hal_flash.c ****   /* Wait for the FLASH operation to complete by polling on BUSY flag to be reset.
 1600              		.loc 1 619 1 is_stmt 0 view .LVU482
 1601 0000 F8B5     		push	{r3, r4, r5, r6, r7, lr}
 1602              	.LCFI6:
 1603              		.cfi_def_cfa_offset 24
 1604              		.cfi_offset 3, -24
 1605              		.cfi_offset 4, -20
 1606              		.cfi_offset 5, -16
 1607              		.cfi_offset 6, -12
 1608              		.cfi_offset 7, -8
 1609              		.cfi_offset 14, -4
 619:Drivers/STM32F0xx_HAL_Driver/Src/stm32f0xx_hal_flash.c ****   /* Wait for the FLASH operation to complete by polling on BUSY flag to be reset.
 1610              		.loc 1 619 1 view .LVU483
 1611 0002 0400     		movs	r4, r0
 624:Drivers/STM32F0xx_HAL_Driver/Src/stm32f0xx_hal_flash.c ****      
 1612              		.loc 1 624 24 view .LVU484
ARM GAS  C:\Users\joshr\AppData\Local\Temp\ccwhLvCW.s 			page 48


 1613 0004 FFF7FEFF 		bl	HAL_GetTick
 1614              	.LVL92:
 624:Drivers/STM32F0xx_HAL_Driver/Src/stm32f0xx_hal_flash.c ****      
 1615              		.loc 1 624 24 view .LVU485
 1616 0008 0500     		movs	r5, r0
 1617              	.LVL93:
 626:Drivers/STM32F0xx_HAL_Driver/Src/stm32f0xx_hal_flash.c ****   { 
 1618              		.loc 1 626 3 is_stmt 1 view .LVU486
 1619 000a 631C     		adds	r3, r4, #1
 1620 000c 34D1     		bne	.L149
 626:Drivers/STM32F0xx_HAL_Driver/Src/stm32f0xx_hal_flash.c ****   { 
 1621              		.loc 1 626 9 is_stmt 0 view .LVU487
 1622 000e 0122     		movs	r2, #1
 1623 0010 2249     		ldr	r1, .L178
 1624              	.L150:
 626:Drivers/STM32F0xx_HAL_Driver/Src/stm32f0xx_hal_flash.c ****   { 
 1625              		.loc 1 626 9 is_stmt 1 view .LVU488
 1626 0012 CB68     		ldr	r3, [r1, #12]
 1627 0014 1A42     		tst	r2, r3
 1628 0016 FCD1     		bne	.L150
 1629              	.LVL94:
 1630              	.L151:
 638:Drivers/STM32F0xx_HAL_Driver/Src/stm32f0xx_hal_flash.c ****   {
 1631              		.loc 1 638 3 view .LVU489
 638:Drivers/STM32F0xx_HAL_Driver/Src/stm32f0xx_hal_flash.c ****   {
 1632              		.loc 1 638 7 is_stmt 0 view .LVU490
 1633 0018 2022     		movs	r2, #32
 1634 001a 204B     		ldr	r3, .L178
 1635 001c D968     		ldr	r1, [r3, #12]
 638:Drivers/STM32F0xx_HAL_Driver/Src/stm32f0xx_hal_flash.c ****   {
 1636              		.loc 1 638 6 view .LVU491
 1637 001e 0A42     		tst	r2, r1
 1638 0020 08D1     		bne	.L176
 644:Drivers/STM32F0xx_HAL_Driver/Src/stm32f0xx_hal_flash.c ****      __HAL_FLASH_GET_FLAG(FLASH_FLAG_PGERR))
 1639              		.loc 1 644 3 is_stmt 1 view .LVU492
 644:Drivers/STM32F0xx_HAL_Driver/Src/stm32f0xx_hal_flash.c ****      __HAL_FLASH_GET_FLAG(FLASH_FLAG_PGERR))
 1640              		.loc 1 644 6 is_stmt 0 view .LVU493
 1641 0022 1E4A     		ldr	r2, .L178
 1642 0024 D368     		ldr	r3, [r2, #12]
 644:Drivers/STM32F0xx_HAL_Driver/Src/stm32f0xx_hal_flash.c ****      __HAL_FLASH_GET_FLAG(FLASH_FLAG_PGERR))
 1643              		.loc 1 644 5 view .LVU494
 1644 0026 DB06     		lsls	r3, r3, #27
 1645 0028 09D4     		bmi	.L157
 1646              	.L177:
 645:Drivers/STM32F0xx_HAL_Driver/Src/stm32f0xx_hal_flash.c ****   {
 1647              		.loc 1 645 6 view .LVU495
 1648 002a D368     		ldr	r3, [r2, #12]
 653:Drivers/STM32F0xx_HAL_Driver/Src/stm32f0xx_hal_flash.c **** }
 1649              		.loc 1 653 10 view .LVU496
 1650 002c 0020     		movs	r0, #0
 644:Drivers/STM32F0xx_HAL_Driver/Src/stm32f0xx_hal_flash.c ****      __HAL_FLASH_GET_FLAG(FLASH_FLAG_PGERR))
 1651              		.loc 1 644 47 discriminator 1 view .LVU497
 1652 002e 5B07     		lsls	r3, r3, #29
 1653 0030 05D4     		bmi	.L157
 1654              	.L153:
 654:Drivers/STM32F0xx_HAL_Driver/Src/stm32f0xx_hal_flash.c **** 
 1655              		.loc 1 654 1 view .LVU498
ARM GAS  C:\Users\joshr\AppData\Local\Temp\ccwhLvCW.s 			page 49


 1656              		@ sp needed
 1657              	.LVL95:
 1658              	.LVL96:
 654:Drivers/STM32F0xx_HAL_Driver/Src/stm32f0xx_hal_flash.c **** 
 1659              		.loc 1 654 1 view .LVU499
 1660 0032 F8BD     		pop	{r3, r4, r5, r6, r7, pc}
 1661              	.LVL97:
 1662              	.L176:
 641:Drivers/STM32F0xx_HAL_Driver/Src/stm32f0xx_hal_flash.c ****   }
 1663              		.loc 1 641 5 is_stmt 1 view .LVU500
 1664 0034 DA60     		str	r2, [r3, #12]
 644:Drivers/STM32F0xx_HAL_Driver/Src/stm32f0xx_hal_flash.c ****      __HAL_FLASH_GET_FLAG(FLASH_FLAG_PGERR))
 1665              		.loc 1 644 3 view .LVU501
 644:Drivers/STM32F0xx_HAL_Driver/Src/stm32f0xx_hal_flash.c ****      __HAL_FLASH_GET_FLAG(FLASH_FLAG_PGERR))
 1666              		.loc 1 644 6 is_stmt 0 view .LVU502
 1667 0036 194A     		ldr	r2, .L178
 1668 0038 D368     		ldr	r3, [r2, #12]
 644:Drivers/STM32F0xx_HAL_Driver/Src/stm32f0xx_hal_flash.c ****      __HAL_FLASH_GET_FLAG(FLASH_FLAG_PGERR))
 1669              		.loc 1 644 5 view .LVU503
 1670 003a DB06     		lsls	r3, r3, #27
 1671 003c F5D5     		bpl	.L177
 1672              	.L157:
 648:Drivers/STM32F0xx_HAL_Driver/Src/stm32f0xx_hal_flash.c ****     return HAL_ERROR;
 1673              		.loc 1 648 5 is_stmt 1 view .LVU504
 1674              	.LBB88:
 1675              	.LBI88:
 661:Drivers/STM32F0xx_HAL_Driver/Src/stm32f0xx_hal_flash.c **** {
 1676              		.loc 1 661 13 view .LVU505
 1677              	.LBB89:
 663:Drivers/STM32F0xx_HAL_Driver/Src/stm32f0xx_hal_flash.c ****   
 1678              		.loc 1 663 3 view .LVU506
 1679              	.LVL98:
 665:Drivers/STM32F0xx_HAL_Driver/Src/stm32f0xx_hal_flash.c ****   {
 1680              		.loc 1 665 3 view .LVU507
 665:Drivers/STM32F0xx_HAL_Driver/Src/stm32f0xx_hal_flash.c ****   {
 1681              		.loc 1 665 6 is_stmt 0 view .LVU508
 1682 003e 1021     		movs	r1, #16
 1683 0040 164B     		ldr	r3, .L178
 1684 0042 0420     		movs	r0, #4
 1685 0044 DA68     		ldr	r2, [r3, #12]
 1686 0046 0B00     		movs	r3, r1
 1687 0048 1340     		ands	r3, r2
 665:Drivers/STM32F0xx_HAL_Driver/Src/stm32f0xx_hal_flash.c ****   {
 1688              		.loc 1 665 5 view .LVU509
 1689 004a 1142     		tst	r1, r2
 1690 004c 06D0     		beq	.L158
 667:Drivers/STM32F0xx_HAL_Driver/Src/stm32f0xx_hal_flash.c ****     flags |= FLASH_FLAG_WRPERR;
 1691              		.loc 1 667 5 is_stmt 1 view .LVU510
 667:Drivers/STM32F0xx_HAL_Driver/Src/stm32f0xx_hal_flash.c ****     flags |= FLASH_FLAG_WRPERR;
 1692              		.loc 1 667 11 is_stmt 0 view .LVU511
 1693 004e 144A     		ldr	r2, .L178+4
 667:Drivers/STM32F0xx_HAL_Driver/Src/stm32f0xx_hal_flash.c ****     flags |= FLASH_FLAG_WRPERR;
 1694              		.loc 1 667 22 view .LVU512
 1695 0050 0E39     		subs	r1, r1, #14
 667:Drivers/STM32F0xx_HAL_Driver/Src/stm32f0xx_hal_flash.c ****     flags |= FLASH_FLAG_WRPERR;
 1696              		.loc 1 667 11 view .LVU513
 1697 0052 D369     		ldr	r3, [r2, #28]
ARM GAS  C:\Users\joshr\AppData\Local\Temp\ccwhLvCW.s 			page 50


 667:Drivers/STM32F0xx_HAL_Driver/Src/stm32f0xx_hal_flash.c ****     flags |= FLASH_FLAG_WRPERR;
 1698              		.loc 1 667 22 view .LVU514
 1699 0054 1030     		adds	r0, r0, #16
 1700 0056 0B43     		orrs	r3, r1
 1701 0058 D361     		str	r3, [r2, #28]
 668:Drivers/STM32F0xx_HAL_Driver/Src/stm32f0xx_hal_flash.c ****   }
 1702              		.loc 1 668 5 is_stmt 1 view .LVU515
 1703              	.LVL99:
 668:Drivers/STM32F0xx_HAL_Driver/Src/stm32f0xx_hal_flash.c ****   }
 1704              		.loc 1 668 11 is_stmt 0 view .LVU516
 1705 005a 1023     		movs	r3, #16
 1706              	.LVL100:
 1707              	.L158:
 670:Drivers/STM32F0xx_HAL_Driver/Src/stm32f0xx_hal_flash.c ****   {
 1708              		.loc 1 670 3 is_stmt 1 view .LVU517
 670:Drivers/STM32F0xx_HAL_Driver/Src/stm32f0xx_hal_flash.c ****   {
 1709              		.loc 1 670 6 is_stmt 0 view .LVU518
 1710 005c 0F4A     		ldr	r2, .L178
 1711 005e D268     		ldr	r2, [r2, #12]
 670:Drivers/STM32F0xx_HAL_Driver/Src/stm32f0xx_hal_flash.c ****   {
 1712              		.loc 1 670 5 view .LVU519
 1713 0060 5207     		lsls	r2, r2, #29
 1714 0062 05D5     		bpl	.L159
 672:Drivers/STM32F0xx_HAL_Driver/Src/stm32f0xx_hal_flash.c ****     flags |= FLASH_FLAG_PGERR;
 1715              		.loc 1 672 5 is_stmt 1 view .LVU520
 672:Drivers/STM32F0xx_HAL_Driver/Src/stm32f0xx_hal_flash.c ****     flags |= FLASH_FLAG_PGERR;
 1716              		.loc 1 672 22 is_stmt 0 view .LVU521
 1717 0064 0121     		movs	r1, #1
 672:Drivers/STM32F0xx_HAL_Driver/Src/stm32f0xx_hal_flash.c ****     flags |= FLASH_FLAG_PGERR;
 1718              		.loc 1 672 11 view .LVU522
 1719 0066 0E4A     		ldr	r2, .L178+4
 1720 0068 D369     		ldr	r3, [r2, #28]
 672:Drivers/STM32F0xx_HAL_Driver/Src/stm32f0xx_hal_flash.c ****     flags |= FLASH_FLAG_PGERR;
 1721              		.loc 1 672 22 view .LVU523
 1722 006a 0B43     		orrs	r3, r1
 1723 006c D361     		str	r3, [r2, #28]
 673:Drivers/STM32F0xx_HAL_Driver/Src/stm32f0xx_hal_flash.c ****   }
 1724              		.loc 1 673 5 is_stmt 1 view .LVU524
 1725              	.LVL101:
 673:Drivers/STM32F0xx_HAL_Driver/Src/stm32f0xx_hal_flash.c ****   }
 1726              		.loc 1 673 11 is_stmt 0 view .LVU525
 1727 006e 0300     		movs	r3, r0
 1728              	.LVL102:
 1729              	.L159:
 676:Drivers/STM32F0xx_HAL_Driver/Src/stm32f0xx_hal_flash.c **** }  
 1730              		.loc 1 676 3 is_stmt 1 view .LVU526
 1731 0070 0A4A     		ldr	r2, .L178
 1732              	.LBE89:
 1733              	.LBE88:
 649:Drivers/STM32F0xx_HAL_Driver/Src/stm32f0xx_hal_flash.c ****   }
 1734              		.loc 1 649 12 is_stmt 0 view .LVU527
 1735 0072 0120     		movs	r0, #1
 1736              	.LBB92:
 1737              	.LBB90:
 676:Drivers/STM32F0xx_HAL_Driver/Src/stm32f0xx_hal_flash.c **** }  
 1738              		.loc 1 676 3 view .LVU528
 1739 0074 D360     		str	r3, [r2, #12]
ARM GAS  C:\Users\joshr\AppData\Local\Temp\ccwhLvCW.s 			page 51


 1740              	.LVL103:
 676:Drivers/STM32F0xx_HAL_Driver/Src/stm32f0xx_hal_flash.c **** }  
 1741              		.loc 1 676 3 view .LVU529
 1742              	.LBE90:
 1743              	.LBE92:
 649:Drivers/STM32F0xx_HAL_Driver/Src/stm32f0xx_hal_flash.c ****   }
 1744              		.loc 1 649 5 is_stmt 1 view .LVU530
 1745              	.LBB93:
 1746              	.LBB91:
 1747              		.loc 1 677 1 is_stmt 0 view .LVU531
 1748 0076 DCE7     		b	.L153
 1749              	.LVL104:
 1750              	.L149:
 1751              		.loc 1 677 1 view .LVU532
 1752              	.LBE91:
 1753              	.LBE93:
 626:Drivers/STM32F0xx_HAL_Driver/Src/stm32f0xx_hal_flash.c ****   { 
 1754              		.loc 1 626 9 is_stmt 1 view .LVU533
 1755 0078 084E     		ldr	r6, .L178
 1756 007a F368     		ldr	r3, [r6, #12]
 1757 007c DB07     		lsls	r3, r3, #31
 1758 007e CBD5     		bpl	.L151
 628:Drivers/STM32F0xx_HAL_Driver/Src/stm32f0xx_hal_flash.c ****     {
 1759              		.loc 1 628 5 view .LVU534
 630:Drivers/STM32F0xx_HAL_Driver/Src/stm32f0xx_hal_flash.c ****       {
 1760              		.loc 1 630 7 view .LVU535
 626:Drivers/STM32F0xx_HAL_Driver/Src/stm32f0xx_hal_flash.c ****   { 
 1761              		.loc 1 626 9 is_stmt 0 view .LVU536
 1762 0080 0127     		movs	r7, #1
 630:Drivers/STM32F0xx_HAL_Driver/Src/stm32f0xx_hal_flash.c ****       {
 1763              		.loc 1 630 9 view .LVU537
 1764 0082 002C     		cmp	r4, #0
 1765 0084 08D0     		beq	.L154
 1766              	.LVL105:
 1767              	.L152:
 630:Drivers/STM32F0xx_HAL_Driver/Src/stm32f0xx_hal_flash.c ****       {
 1768              		.loc 1 630 31 discriminator 1 view .LVU538
 1769 0086 FFF7FEFF 		bl	HAL_GetTick
 1770              	.LVL106:
 630:Drivers/STM32F0xx_HAL_Driver/Src/stm32f0xx_hal_flash.c ****       {
 1771              		.loc 1 630 44 discriminator 1 view .LVU539
 1772 008a 401B     		subs	r0, r0, r5
 630:Drivers/STM32F0xx_HAL_Driver/Src/stm32f0xx_hal_flash.c ****       {
 1773              		.loc 1 630 26 discriminator 1 view .LVU540
 1774 008c A042     		cmp	r0, r4
 1775 008e 03D8     		bhi	.L154
 626:Drivers/STM32F0xx_HAL_Driver/Src/stm32f0xx_hal_flash.c ****   { 
 1776              		.loc 1 626 9 is_stmt 1 view .LVU541
 1777 0090 F368     		ldr	r3, [r6, #12]
 1778 0092 1F42     		tst	r7, r3
 1779 0094 F7D1     		bne	.L152
 1780 0096 BFE7     		b	.L151
 1781              	.L154:
 632:Drivers/STM32F0xx_HAL_Driver/Src/stm32f0xx_hal_flash.c ****       }
 1782              		.loc 1 632 16 is_stmt 0 view .LVU542
 1783 0098 0320     		movs	r0, #3
 1784 009a CAE7     		b	.L153
ARM GAS  C:\Users\joshr\AppData\Local\Temp\ccwhLvCW.s 			page 52


 1785              	.L179:
 1786              		.align	2
 1787              	.L178:
 1788 009c 00200240 		.word	1073881088
 1789 00a0 00000000 		.word	pFlash
 1790              		.cfi_endproc
 1791              	.LFE52:
 1793              		.global	pFlash
 1794              		.section	.bss.pFlash,"aw",%nobits
 1795              		.align	3
 1798              	pFlash:
 1799 0000 00000000 		.space	32
 1799      00000000 
 1799      00000000 
 1799      00000000 
 1799      00000000 
 1800              		.text
 1801              	.Letext0:
 1802              		.file 2 "C:\\ST\\STM32CubeIDE_1.19.0\\STM32CubeIDE\\plugins\\com.st.stm32cube.ide.mcu.externaltool
 1803              		.file 3 "C:\\ST\\STM32CubeIDE_1.19.0\\STM32CubeIDE\\plugins\\com.st.stm32cube.ide.mcu.externaltool
 1804              		.file 4 "Drivers/CMSIS/Device/ST/STM32F0xx/Include/stm32f051x8.h"
 1805              		.file 5 "Drivers/CMSIS/Device/ST/STM32F0xx/Include/stm32f0xx.h"
 1806              		.file 6 "Drivers/STM32F0xx_HAL_Driver/Inc/stm32f0xx_hal_def.h"
 1807              		.file 7 "Drivers/STM32F0xx_HAL_Driver/Inc/stm32f0xx_hal_flash.h"
 1808              		.file 8 "Drivers/STM32F0xx_HAL_Driver/Inc/stm32f0xx_hal.h"
ARM GAS  C:\Users\joshr\AppData\Local\Temp\ccwhLvCW.s 			page 53


DEFINED SYMBOLS
                            *ABS*:00000000 stm32f0xx_hal_flash.c
C:\Users\joshr\AppData\Local\Temp\ccwhLvCW.s:19     .text.HAL_FLASH_Program:00000000 $t
C:\Users\joshr\AppData\Local\Temp\ccwhLvCW.s:26     .text.HAL_FLASH_Program:00000000 HAL_FLASH_Program
C:\Users\joshr\AppData\Local\Temp\ccwhLvCW.s:575    .text.HAL_FLASH_Program:000001b4 $d
C:\Users\joshr\AppData\Local\Temp\ccwhLvCW.s:1798   .bss.pFlash:00000000 pFlash
C:\Users\joshr\AppData\Local\Temp\ccwhLvCW.s:582    .text.HAL_FLASH_Program_IT:00000000 $t
C:\Users\joshr\AppData\Local\Temp\ccwhLvCW.s:589    .text.HAL_FLASH_Program_IT:00000000 HAL_FLASH_Program_IT
C:\Users\joshr\AppData\Local\Temp\ccwhLvCW.s:730    .text.HAL_FLASH_Program_IT:00000060 $d
C:\Users\joshr\AppData\Local\Temp\ccwhLvCW.s:736    .text.HAL_FLASH_EndOfOperationCallback:00000000 $t
C:\Users\joshr\AppData\Local\Temp\ccwhLvCW.s:743    .text.HAL_FLASH_EndOfOperationCallback:00000000 HAL_FLASH_EndOfOperationCallback
C:\Users\joshr\AppData\Local\Temp\ccwhLvCW.s:759    .text.HAL_FLASH_OperationErrorCallback:00000000 $t
C:\Users\joshr\AppData\Local\Temp\ccwhLvCW.s:766    .text.HAL_FLASH_OperationErrorCallback:00000000 HAL_FLASH_OperationErrorCallback
C:\Users\joshr\AppData\Local\Temp\ccwhLvCW.s:779    .text.HAL_FLASH_IRQHandler:00000000 $t
C:\Users\joshr\AppData\Local\Temp\ccwhLvCW.s:786    .text.HAL_FLASH_IRQHandler:00000000 HAL_FLASH_IRQHandler
C:\Users\joshr\AppData\Local\Temp\ccwhLvCW.s:1168   .text.HAL_FLASH_IRQHandler:00000150 $d
C:\Users\joshr\AppData\Local\Temp\ccwhLvCW.s:1175   .text.HAL_FLASH_Unlock:00000000 $t
C:\Users\joshr\AppData\Local\Temp\ccwhLvCW.s:1182   .text.HAL_FLASH_Unlock:00000000 HAL_FLASH_Unlock
C:\Users\joshr\AppData\Local\Temp\ccwhLvCW.s:1222   .text.HAL_FLASH_Unlock:0000001c $d
C:\Users\joshr\AppData\Local\Temp\ccwhLvCW.s:1229   .text.HAL_FLASH_Lock:00000000 $t
C:\Users\joshr\AppData\Local\Temp\ccwhLvCW.s:1236   .text.HAL_FLASH_Lock:00000000 HAL_FLASH_Lock
C:\Users\joshr\AppData\Local\Temp\ccwhLvCW.s:1261   .text.HAL_FLASH_Lock:00000010 $d
C:\Users\joshr\AppData\Local\Temp\ccwhLvCW.s:1266   .text.HAL_FLASH_OB_Unlock:00000000 $t
C:\Users\joshr\AppData\Local\Temp\ccwhLvCW.s:1273   .text.HAL_FLASH_OB_Unlock:00000000 HAL_FLASH_OB_Unlock
C:\Users\joshr\AppData\Local\Temp\ccwhLvCW.s:1308   .text.HAL_FLASH_OB_Unlock:00000018 $d
C:\Users\joshr\AppData\Local\Temp\ccwhLvCW.s:1315   .text.HAL_FLASH_OB_Lock:00000000 $t
C:\Users\joshr\AppData\Local\Temp\ccwhLvCW.s:1322   .text.HAL_FLASH_OB_Lock:00000000 HAL_FLASH_OB_Lock
C:\Users\joshr\AppData\Local\Temp\ccwhLvCW.s:1345   .text.HAL_FLASH_OB_Lock:00000010 $d
C:\Users\joshr\AppData\Local\Temp\ccwhLvCW.s:1351   .text.HAL_FLASH_OB_Launch:00000000 $t
C:\Users\joshr\AppData\Local\Temp\ccwhLvCW.s:1358   .text.HAL_FLASH_OB_Launch:00000000 HAL_FLASH_OB_Launch
C:\Users\joshr\AppData\Local\Temp\ccwhLvCW.s:1545   .text.HAL_FLASH_OB_Launch:00000084 $d
C:\Users\joshr\AppData\Local\Temp\ccwhLvCW.s:1554   .text.HAL_FLASH_GetError:00000000 $t
C:\Users\joshr\AppData\Local\Temp\ccwhLvCW.s:1561   .text.HAL_FLASH_GetError:00000000 HAL_FLASH_GetError
C:\Users\joshr\AppData\Local\Temp\ccwhLvCW.s:1580   .text.HAL_FLASH_GetError:00000008 $d
C:\Users\joshr\AppData\Local\Temp\ccwhLvCW.s:1585   .text.FLASH_WaitForLastOperation:00000000 $t
C:\Users\joshr\AppData\Local\Temp\ccwhLvCW.s:1592   .text.FLASH_WaitForLastOperation:00000000 FLASH_WaitForLastOperation
C:\Users\joshr\AppData\Local\Temp\ccwhLvCW.s:1788   .text.FLASH_WaitForLastOperation:0000009c $d
C:\Users\joshr\AppData\Local\Temp\ccwhLvCW.s:1795   .bss.pFlash:00000000 $d

UNDEFINED SYMBOLS
HAL_GetTick
FLASH_PageErase
