ARM GAS  C:\Users\joshr\AppData\Local\Temp\cc1PoiAe.s 			page 1


   1              		.cpu cortex-m0
   2              		.arch armv6s-m
   3              		.fpu softvfp
   4              		.eabi_attribute 20, 1
   5              		.eabi_attribute 21, 1
   6              		.eabi_attribute 23, 3
   7              		.eabi_attribute 24, 1
   8              		.eabi_attribute 25, 1
   9              		.eabi_attribute 26, 1
  10              		.eabi_attribute 30, 6
  11              		.eabi_attribute 34, 0
  12              		.eabi_attribute 18, 4
  13              		.file	"stm32f0xx_hal_cortex.c"
  14              		.text
  15              	.Ltext0:
  16              		.cfi_sections	.debug_frame
  17              		.file 1 "Drivers/STM32F0xx_HAL_Driver/Src/stm32f0xx_hal_cortex.c"
  18              		.section	.text.__NVIC_EnableIRQ,"ax",%progbits
  19              		.align	1
  20              		.syntax unified
  21              		.code	16
  22              		.thumb_func
  24              	__NVIC_EnableIRQ:
  25              	.LFB25:
  26              		.file 2 "Drivers/CMSIS/Include/core_cm0.h"
   1:Drivers/CMSIS/Include/core_cm0.h **** /**************************************************************************//**
   2:Drivers/CMSIS/Include/core_cm0.h ****  * @file     core_cm0.h
   3:Drivers/CMSIS/Include/core_cm0.h ****  * @brief    CMSIS Cortex-M0 Core Peripheral Access Layer Header File
   4:Drivers/CMSIS/Include/core_cm0.h ****  * @version  V5.0.5
   5:Drivers/CMSIS/Include/core_cm0.h ****  * @date     28. May 2018
   6:Drivers/CMSIS/Include/core_cm0.h ****  ******************************************************************************/
   7:Drivers/CMSIS/Include/core_cm0.h **** /*
   8:Drivers/CMSIS/Include/core_cm0.h ****  * Copyright (c) 2009-2018 Arm Limited. All rights reserved.
   9:Drivers/CMSIS/Include/core_cm0.h ****  *
  10:Drivers/CMSIS/Include/core_cm0.h ****  * SPDX-License-Identifier: Apache-2.0
  11:Drivers/CMSIS/Include/core_cm0.h ****  *
  12:Drivers/CMSIS/Include/core_cm0.h ****  * Licensed under the Apache License, Version 2.0 (the License); you may
  13:Drivers/CMSIS/Include/core_cm0.h ****  * not use this file except in compliance with the License.
  14:Drivers/CMSIS/Include/core_cm0.h ****  * You may obtain a copy of the License at
  15:Drivers/CMSIS/Include/core_cm0.h ****  *
  16:Drivers/CMSIS/Include/core_cm0.h ****  * www.apache.org/licenses/LICENSE-2.0
  17:Drivers/CMSIS/Include/core_cm0.h ****  *
  18:Drivers/CMSIS/Include/core_cm0.h ****  * Unless required by applicable law or agreed to in writing, software
  19:Drivers/CMSIS/Include/core_cm0.h ****  * distributed under the License is distributed on an AS IS BASIS, WITHOUT
  20:Drivers/CMSIS/Include/core_cm0.h ****  * WARRANTIES OR CONDITIONS OF ANY KIND, either express or implied.
  21:Drivers/CMSIS/Include/core_cm0.h ****  * See the License for the specific language governing permissions and
  22:Drivers/CMSIS/Include/core_cm0.h ****  * limitations under the License.
  23:Drivers/CMSIS/Include/core_cm0.h ****  */
  24:Drivers/CMSIS/Include/core_cm0.h **** 
  25:Drivers/CMSIS/Include/core_cm0.h **** #if   defined ( __ICCARM__ )
  26:Drivers/CMSIS/Include/core_cm0.h ****   #pragma system_include         /* treat file as system include file for MISRA check */
  27:Drivers/CMSIS/Include/core_cm0.h **** #elif defined (__clang__)
  28:Drivers/CMSIS/Include/core_cm0.h ****   #pragma clang system_header   /* treat file as system include file */
  29:Drivers/CMSIS/Include/core_cm0.h **** #endif
  30:Drivers/CMSIS/Include/core_cm0.h **** 
  31:Drivers/CMSIS/Include/core_cm0.h **** #ifndef __CORE_CM0_H_GENERIC
  32:Drivers/CMSIS/Include/core_cm0.h **** #define __CORE_CM0_H_GENERIC
ARM GAS  C:\Users\joshr\AppData\Local\Temp\cc1PoiAe.s 			page 2


  33:Drivers/CMSIS/Include/core_cm0.h **** 
  34:Drivers/CMSIS/Include/core_cm0.h **** #include <stdint.h>
  35:Drivers/CMSIS/Include/core_cm0.h **** 
  36:Drivers/CMSIS/Include/core_cm0.h **** #ifdef __cplusplus
  37:Drivers/CMSIS/Include/core_cm0.h ****  extern "C" {
  38:Drivers/CMSIS/Include/core_cm0.h **** #endif
  39:Drivers/CMSIS/Include/core_cm0.h **** 
  40:Drivers/CMSIS/Include/core_cm0.h **** /**
  41:Drivers/CMSIS/Include/core_cm0.h ****   \page CMSIS_MISRA_Exceptions  MISRA-C:2004 Compliance Exceptions
  42:Drivers/CMSIS/Include/core_cm0.h ****   CMSIS violates the following MISRA-C:2004 rules:
  43:Drivers/CMSIS/Include/core_cm0.h **** 
  44:Drivers/CMSIS/Include/core_cm0.h ****    \li Required Rule 8.5, object/function definition in header file.<br>
  45:Drivers/CMSIS/Include/core_cm0.h ****      Function definitions in header files are used to allow 'inlining'.
  46:Drivers/CMSIS/Include/core_cm0.h **** 
  47:Drivers/CMSIS/Include/core_cm0.h ****    \li Required Rule 18.4, declaration of union type or object of union type: '{...}'.<br>
  48:Drivers/CMSIS/Include/core_cm0.h ****      Unions are used for effective representation of core registers.
  49:Drivers/CMSIS/Include/core_cm0.h **** 
  50:Drivers/CMSIS/Include/core_cm0.h ****    \li Advisory Rule 19.7, Function-like macro defined.<br>
  51:Drivers/CMSIS/Include/core_cm0.h ****      Function-like macros are used to allow more efficient code.
  52:Drivers/CMSIS/Include/core_cm0.h ****  */
  53:Drivers/CMSIS/Include/core_cm0.h **** 
  54:Drivers/CMSIS/Include/core_cm0.h **** 
  55:Drivers/CMSIS/Include/core_cm0.h **** /*******************************************************************************
  56:Drivers/CMSIS/Include/core_cm0.h ****  *                 CMSIS definitions
  57:Drivers/CMSIS/Include/core_cm0.h ****  ******************************************************************************/
  58:Drivers/CMSIS/Include/core_cm0.h **** /**
  59:Drivers/CMSIS/Include/core_cm0.h ****   \ingroup Cortex_M0
  60:Drivers/CMSIS/Include/core_cm0.h ****   @{
  61:Drivers/CMSIS/Include/core_cm0.h ****  */
  62:Drivers/CMSIS/Include/core_cm0.h **** 
  63:Drivers/CMSIS/Include/core_cm0.h **** #include "cmsis_version.h"
  64:Drivers/CMSIS/Include/core_cm0.h ****  
  65:Drivers/CMSIS/Include/core_cm0.h **** /*  CMSIS CM0 definitions */
  66:Drivers/CMSIS/Include/core_cm0.h **** #define __CM0_CMSIS_VERSION_MAIN  (__CM_CMSIS_VERSION_MAIN)              /*!< \deprecated [31:16] C
  67:Drivers/CMSIS/Include/core_cm0.h **** #define __CM0_CMSIS_VERSION_SUB   (__CM_CMSIS_VERSION_SUB)               /*!< \deprecated [15:0]  C
  68:Drivers/CMSIS/Include/core_cm0.h **** #define __CM0_CMSIS_VERSION       ((__CM0_CMSIS_VERSION_MAIN << 16U) | \
  69:Drivers/CMSIS/Include/core_cm0.h ****                                     __CM0_CMSIS_VERSION_SUB           )  /*!< \deprecated CMSIS HAL
  70:Drivers/CMSIS/Include/core_cm0.h **** 
  71:Drivers/CMSIS/Include/core_cm0.h **** #define __CORTEX_M                (0U)                                   /*!< Cortex-M Core */
  72:Drivers/CMSIS/Include/core_cm0.h **** 
  73:Drivers/CMSIS/Include/core_cm0.h **** /** __FPU_USED indicates whether an FPU is used or not.
  74:Drivers/CMSIS/Include/core_cm0.h ****     This core does not support an FPU at all
  75:Drivers/CMSIS/Include/core_cm0.h **** */
  76:Drivers/CMSIS/Include/core_cm0.h **** #define __FPU_USED       0U
  77:Drivers/CMSIS/Include/core_cm0.h **** 
  78:Drivers/CMSIS/Include/core_cm0.h **** #if defined ( __CC_ARM )
  79:Drivers/CMSIS/Include/core_cm0.h ****   #if defined __TARGET_FPU_VFP
  80:Drivers/CMSIS/Include/core_cm0.h ****     #error "Compiler generates FPU instructions for a device without an FPU (check __FPU_PRESENT)"
  81:Drivers/CMSIS/Include/core_cm0.h ****   #endif
  82:Drivers/CMSIS/Include/core_cm0.h **** 
  83:Drivers/CMSIS/Include/core_cm0.h **** #elif defined (__ARMCC_VERSION) && (__ARMCC_VERSION >= 6010050)
  84:Drivers/CMSIS/Include/core_cm0.h ****   #if defined __ARM_PCS_VFP
  85:Drivers/CMSIS/Include/core_cm0.h ****     #error "Compiler generates FPU instructions for a device without an FPU (check __FPU_PRESENT)"
  86:Drivers/CMSIS/Include/core_cm0.h ****   #endif
  87:Drivers/CMSIS/Include/core_cm0.h **** 
  88:Drivers/CMSIS/Include/core_cm0.h **** #elif defined ( __GNUC__ )
  89:Drivers/CMSIS/Include/core_cm0.h ****   #if defined (__VFP_FP__) && !defined(__SOFTFP__)
ARM GAS  C:\Users\joshr\AppData\Local\Temp\cc1PoiAe.s 			page 3


  90:Drivers/CMSIS/Include/core_cm0.h ****     #error "Compiler generates FPU instructions for a device without an FPU (check __FPU_PRESENT)"
  91:Drivers/CMSIS/Include/core_cm0.h ****   #endif
  92:Drivers/CMSIS/Include/core_cm0.h **** 
  93:Drivers/CMSIS/Include/core_cm0.h **** #elif defined ( __ICCARM__ )
  94:Drivers/CMSIS/Include/core_cm0.h ****   #if defined __ARMVFP__
  95:Drivers/CMSIS/Include/core_cm0.h ****     #error "Compiler generates FPU instructions for a device without an FPU (check __FPU_PRESENT)"
  96:Drivers/CMSIS/Include/core_cm0.h ****   #endif
  97:Drivers/CMSIS/Include/core_cm0.h **** 
  98:Drivers/CMSIS/Include/core_cm0.h **** #elif defined ( __TI_ARM__ )
  99:Drivers/CMSIS/Include/core_cm0.h ****   #if defined __TI_VFP_SUPPORT__
 100:Drivers/CMSIS/Include/core_cm0.h ****     #error "Compiler generates FPU instructions for a device without an FPU (check __FPU_PRESENT)"
 101:Drivers/CMSIS/Include/core_cm0.h ****   #endif
 102:Drivers/CMSIS/Include/core_cm0.h **** 
 103:Drivers/CMSIS/Include/core_cm0.h **** #elif defined ( __TASKING__ )
 104:Drivers/CMSIS/Include/core_cm0.h ****   #if defined __FPU_VFP__
 105:Drivers/CMSIS/Include/core_cm0.h ****     #error "Compiler generates FPU instructions for a device without an FPU (check __FPU_PRESENT)"
 106:Drivers/CMSIS/Include/core_cm0.h ****   #endif
 107:Drivers/CMSIS/Include/core_cm0.h **** 
 108:Drivers/CMSIS/Include/core_cm0.h **** #elif defined ( __CSMC__ )
 109:Drivers/CMSIS/Include/core_cm0.h ****   #if ( __CSMC__ & 0x400U)
 110:Drivers/CMSIS/Include/core_cm0.h ****     #error "Compiler generates FPU instructions for a device without an FPU (check __FPU_PRESENT)"
 111:Drivers/CMSIS/Include/core_cm0.h ****   #endif
 112:Drivers/CMSIS/Include/core_cm0.h **** 
 113:Drivers/CMSIS/Include/core_cm0.h **** #endif
 114:Drivers/CMSIS/Include/core_cm0.h **** 
 115:Drivers/CMSIS/Include/core_cm0.h **** #include "cmsis_compiler.h"               /* CMSIS compiler specific defines */
 116:Drivers/CMSIS/Include/core_cm0.h **** 
 117:Drivers/CMSIS/Include/core_cm0.h **** 
 118:Drivers/CMSIS/Include/core_cm0.h **** #ifdef __cplusplus
 119:Drivers/CMSIS/Include/core_cm0.h **** }
 120:Drivers/CMSIS/Include/core_cm0.h **** #endif
 121:Drivers/CMSIS/Include/core_cm0.h **** 
 122:Drivers/CMSIS/Include/core_cm0.h **** #endif /* __CORE_CM0_H_GENERIC */
 123:Drivers/CMSIS/Include/core_cm0.h **** 
 124:Drivers/CMSIS/Include/core_cm0.h **** #ifndef __CMSIS_GENERIC
 125:Drivers/CMSIS/Include/core_cm0.h **** 
 126:Drivers/CMSIS/Include/core_cm0.h **** #ifndef __CORE_CM0_H_DEPENDANT
 127:Drivers/CMSIS/Include/core_cm0.h **** #define __CORE_CM0_H_DEPENDANT
 128:Drivers/CMSIS/Include/core_cm0.h **** 
 129:Drivers/CMSIS/Include/core_cm0.h **** #ifdef __cplusplus
 130:Drivers/CMSIS/Include/core_cm0.h ****  extern "C" {
 131:Drivers/CMSIS/Include/core_cm0.h **** #endif
 132:Drivers/CMSIS/Include/core_cm0.h **** 
 133:Drivers/CMSIS/Include/core_cm0.h **** /* check device defines and use defaults */
 134:Drivers/CMSIS/Include/core_cm0.h **** #if defined __CHECK_DEVICE_DEFINES
 135:Drivers/CMSIS/Include/core_cm0.h ****   #ifndef __CM0_REV
 136:Drivers/CMSIS/Include/core_cm0.h ****     #define __CM0_REV               0x0000U
 137:Drivers/CMSIS/Include/core_cm0.h ****     #warning "__CM0_REV not defined in device header file; using default!"
 138:Drivers/CMSIS/Include/core_cm0.h ****   #endif
 139:Drivers/CMSIS/Include/core_cm0.h **** 
 140:Drivers/CMSIS/Include/core_cm0.h ****   #ifndef __NVIC_PRIO_BITS
 141:Drivers/CMSIS/Include/core_cm0.h ****     #define __NVIC_PRIO_BITS          2U
 142:Drivers/CMSIS/Include/core_cm0.h ****     #warning "__NVIC_PRIO_BITS not defined in device header file; using default!"
 143:Drivers/CMSIS/Include/core_cm0.h ****   #endif
 144:Drivers/CMSIS/Include/core_cm0.h **** 
 145:Drivers/CMSIS/Include/core_cm0.h ****   #ifndef __Vendor_SysTickConfig
 146:Drivers/CMSIS/Include/core_cm0.h ****     #define __Vendor_SysTickConfig    0U
ARM GAS  C:\Users\joshr\AppData\Local\Temp\cc1PoiAe.s 			page 4


 147:Drivers/CMSIS/Include/core_cm0.h ****     #warning "__Vendor_SysTickConfig not defined in device header file; using default!"
 148:Drivers/CMSIS/Include/core_cm0.h ****   #endif
 149:Drivers/CMSIS/Include/core_cm0.h **** #endif
 150:Drivers/CMSIS/Include/core_cm0.h **** 
 151:Drivers/CMSIS/Include/core_cm0.h **** /* IO definitions (access restrictions to peripheral registers) */
 152:Drivers/CMSIS/Include/core_cm0.h **** /**
 153:Drivers/CMSIS/Include/core_cm0.h ****     \defgroup CMSIS_glob_defs CMSIS Global Defines
 154:Drivers/CMSIS/Include/core_cm0.h **** 
 155:Drivers/CMSIS/Include/core_cm0.h ****     <strong>IO Type Qualifiers</strong> are used
 156:Drivers/CMSIS/Include/core_cm0.h ****     \li to specify the access to peripheral variables.
 157:Drivers/CMSIS/Include/core_cm0.h ****     \li for automatic generation of peripheral register debug information.
 158:Drivers/CMSIS/Include/core_cm0.h **** */
 159:Drivers/CMSIS/Include/core_cm0.h **** #ifdef __cplusplus
 160:Drivers/CMSIS/Include/core_cm0.h ****   #define   __I     volatile             /*!< Defines 'read only' permissions */
 161:Drivers/CMSIS/Include/core_cm0.h **** #else
 162:Drivers/CMSIS/Include/core_cm0.h ****   #define   __I     volatile const       /*!< Defines 'read only' permissions */
 163:Drivers/CMSIS/Include/core_cm0.h **** #endif
 164:Drivers/CMSIS/Include/core_cm0.h **** #define     __O     volatile             /*!< Defines 'write only' permissions */
 165:Drivers/CMSIS/Include/core_cm0.h **** #define     __IO    volatile             /*!< Defines 'read / write' permissions */
 166:Drivers/CMSIS/Include/core_cm0.h **** 
 167:Drivers/CMSIS/Include/core_cm0.h **** /* following defines should be used for structure members */
 168:Drivers/CMSIS/Include/core_cm0.h **** #define     __IM     volatile const      /*! Defines 'read only' structure member permissions */
 169:Drivers/CMSIS/Include/core_cm0.h **** #define     __OM     volatile            /*! Defines 'write only' structure member permissions */
 170:Drivers/CMSIS/Include/core_cm0.h **** #define     __IOM    volatile            /*! Defines 'read / write' structure member permissions */
 171:Drivers/CMSIS/Include/core_cm0.h **** 
 172:Drivers/CMSIS/Include/core_cm0.h **** /*@} end of group Cortex_M0 */
 173:Drivers/CMSIS/Include/core_cm0.h **** 
 174:Drivers/CMSIS/Include/core_cm0.h **** 
 175:Drivers/CMSIS/Include/core_cm0.h **** 
 176:Drivers/CMSIS/Include/core_cm0.h **** /*******************************************************************************
 177:Drivers/CMSIS/Include/core_cm0.h ****  *                 Register Abstraction
 178:Drivers/CMSIS/Include/core_cm0.h ****   Core Register contain:
 179:Drivers/CMSIS/Include/core_cm0.h ****   - Core Register
 180:Drivers/CMSIS/Include/core_cm0.h ****   - Core NVIC Register
 181:Drivers/CMSIS/Include/core_cm0.h ****   - Core SCB Register
 182:Drivers/CMSIS/Include/core_cm0.h ****   - Core SysTick Register
 183:Drivers/CMSIS/Include/core_cm0.h ****  ******************************************************************************/
 184:Drivers/CMSIS/Include/core_cm0.h **** /**
 185:Drivers/CMSIS/Include/core_cm0.h ****   \defgroup CMSIS_core_register Defines and Type Definitions
 186:Drivers/CMSIS/Include/core_cm0.h ****   \brief Type definitions and defines for Cortex-M processor based devices.
 187:Drivers/CMSIS/Include/core_cm0.h **** */
 188:Drivers/CMSIS/Include/core_cm0.h **** 
 189:Drivers/CMSIS/Include/core_cm0.h **** /**
 190:Drivers/CMSIS/Include/core_cm0.h ****   \ingroup    CMSIS_core_register
 191:Drivers/CMSIS/Include/core_cm0.h ****   \defgroup   CMSIS_CORE  Status and Control Registers
 192:Drivers/CMSIS/Include/core_cm0.h ****   \brief      Core Register type definitions.
 193:Drivers/CMSIS/Include/core_cm0.h ****   @{
 194:Drivers/CMSIS/Include/core_cm0.h ****  */
 195:Drivers/CMSIS/Include/core_cm0.h **** 
 196:Drivers/CMSIS/Include/core_cm0.h **** /**
 197:Drivers/CMSIS/Include/core_cm0.h ****   \brief  Union type to access the Application Program Status Register (APSR).
 198:Drivers/CMSIS/Include/core_cm0.h ****  */
 199:Drivers/CMSIS/Include/core_cm0.h **** typedef union
 200:Drivers/CMSIS/Include/core_cm0.h **** {
 201:Drivers/CMSIS/Include/core_cm0.h ****   struct
 202:Drivers/CMSIS/Include/core_cm0.h ****   {
 203:Drivers/CMSIS/Include/core_cm0.h ****     uint32_t _reserved0:28;              /*!< bit:  0..27  Reserved */
ARM GAS  C:\Users\joshr\AppData\Local\Temp\cc1PoiAe.s 			page 5


 204:Drivers/CMSIS/Include/core_cm0.h ****     uint32_t V:1;                        /*!< bit:     28  Overflow condition code flag */
 205:Drivers/CMSIS/Include/core_cm0.h ****     uint32_t C:1;                        /*!< bit:     29  Carry condition code flag */
 206:Drivers/CMSIS/Include/core_cm0.h ****     uint32_t Z:1;                        /*!< bit:     30  Zero condition code flag */
 207:Drivers/CMSIS/Include/core_cm0.h ****     uint32_t N:1;                        /*!< bit:     31  Negative condition code flag */
 208:Drivers/CMSIS/Include/core_cm0.h ****   } b;                                   /*!< Structure used for bit  access */
 209:Drivers/CMSIS/Include/core_cm0.h ****   uint32_t w;                            /*!< Type      used for word access */
 210:Drivers/CMSIS/Include/core_cm0.h **** } APSR_Type;
 211:Drivers/CMSIS/Include/core_cm0.h **** 
 212:Drivers/CMSIS/Include/core_cm0.h **** /* APSR Register Definitions */
 213:Drivers/CMSIS/Include/core_cm0.h **** #define APSR_N_Pos                         31U                                            /*!< APSR
 214:Drivers/CMSIS/Include/core_cm0.h **** #define APSR_N_Msk                         (1UL << APSR_N_Pos)                            /*!< APSR
 215:Drivers/CMSIS/Include/core_cm0.h **** 
 216:Drivers/CMSIS/Include/core_cm0.h **** #define APSR_Z_Pos                         30U                                            /*!< APSR
 217:Drivers/CMSIS/Include/core_cm0.h **** #define APSR_Z_Msk                         (1UL << APSR_Z_Pos)                            /*!< APSR
 218:Drivers/CMSIS/Include/core_cm0.h **** 
 219:Drivers/CMSIS/Include/core_cm0.h **** #define APSR_C_Pos                         29U                                            /*!< APSR
 220:Drivers/CMSIS/Include/core_cm0.h **** #define APSR_C_Msk                         (1UL << APSR_C_Pos)                            /*!< APSR
 221:Drivers/CMSIS/Include/core_cm0.h **** 
 222:Drivers/CMSIS/Include/core_cm0.h **** #define APSR_V_Pos                         28U                                            /*!< APSR
 223:Drivers/CMSIS/Include/core_cm0.h **** #define APSR_V_Msk                         (1UL << APSR_V_Pos)                            /*!< APSR
 224:Drivers/CMSIS/Include/core_cm0.h **** 
 225:Drivers/CMSIS/Include/core_cm0.h **** 
 226:Drivers/CMSIS/Include/core_cm0.h **** /**
 227:Drivers/CMSIS/Include/core_cm0.h ****   \brief  Union type to access the Interrupt Program Status Register (IPSR).
 228:Drivers/CMSIS/Include/core_cm0.h ****  */
 229:Drivers/CMSIS/Include/core_cm0.h **** typedef union
 230:Drivers/CMSIS/Include/core_cm0.h **** {
 231:Drivers/CMSIS/Include/core_cm0.h ****   struct
 232:Drivers/CMSIS/Include/core_cm0.h ****   {
 233:Drivers/CMSIS/Include/core_cm0.h ****     uint32_t ISR:9;                      /*!< bit:  0.. 8  Exception number */
 234:Drivers/CMSIS/Include/core_cm0.h ****     uint32_t _reserved0:23;              /*!< bit:  9..31  Reserved */
 235:Drivers/CMSIS/Include/core_cm0.h ****   } b;                                   /*!< Structure used for bit  access */
 236:Drivers/CMSIS/Include/core_cm0.h ****   uint32_t w;                            /*!< Type      used for word access */
 237:Drivers/CMSIS/Include/core_cm0.h **** } IPSR_Type;
 238:Drivers/CMSIS/Include/core_cm0.h **** 
 239:Drivers/CMSIS/Include/core_cm0.h **** /* IPSR Register Definitions */
 240:Drivers/CMSIS/Include/core_cm0.h **** #define IPSR_ISR_Pos                        0U                                            /*!< IPSR
 241:Drivers/CMSIS/Include/core_cm0.h **** #define IPSR_ISR_Msk                       (0x1FFUL /*<< IPSR_ISR_Pos*/)                  /*!< IPSR
 242:Drivers/CMSIS/Include/core_cm0.h **** 
 243:Drivers/CMSIS/Include/core_cm0.h **** 
 244:Drivers/CMSIS/Include/core_cm0.h **** /**
 245:Drivers/CMSIS/Include/core_cm0.h ****   \brief  Union type to access the Special-Purpose Program Status Registers (xPSR).
 246:Drivers/CMSIS/Include/core_cm0.h ****  */
 247:Drivers/CMSIS/Include/core_cm0.h **** typedef union
 248:Drivers/CMSIS/Include/core_cm0.h **** {
 249:Drivers/CMSIS/Include/core_cm0.h ****   struct
 250:Drivers/CMSIS/Include/core_cm0.h ****   {
 251:Drivers/CMSIS/Include/core_cm0.h ****     uint32_t ISR:9;                      /*!< bit:  0.. 8  Exception number */
 252:Drivers/CMSIS/Include/core_cm0.h ****     uint32_t _reserved0:15;              /*!< bit:  9..23  Reserved */
 253:Drivers/CMSIS/Include/core_cm0.h ****     uint32_t T:1;                        /*!< bit:     24  Thumb bit        (read 0) */
 254:Drivers/CMSIS/Include/core_cm0.h ****     uint32_t _reserved1:3;               /*!< bit: 25..27  Reserved */
 255:Drivers/CMSIS/Include/core_cm0.h ****     uint32_t V:1;                        /*!< bit:     28  Overflow condition code flag */
 256:Drivers/CMSIS/Include/core_cm0.h ****     uint32_t C:1;                        /*!< bit:     29  Carry condition code flag */
 257:Drivers/CMSIS/Include/core_cm0.h ****     uint32_t Z:1;                        /*!< bit:     30  Zero condition code flag */
 258:Drivers/CMSIS/Include/core_cm0.h ****     uint32_t N:1;                        /*!< bit:     31  Negative condition code flag */
 259:Drivers/CMSIS/Include/core_cm0.h ****   } b;                                   /*!< Structure used for bit  access */
 260:Drivers/CMSIS/Include/core_cm0.h ****   uint32_t w;                            /*!< Type      used for word access */
ARM GAS  C:\Users\joshr\AppData\Local\Temp\cc1PoiAe.s 			page 6


 261:Drivers/CMSIS/Include/core_cm0.h **** } xPSR_Type;
 262:Drivers/CMSIS/Include/core_cm0.h **** 
 263:Drivers/CMSIS/Include/core_cm0.h **** /* xPSR Register Definitions */
 264:Drivers/CMSIS/Include/core_cm0.h **** #define xPSR_N_Pos                         31U                                            /*!< xPSR
 265:Drivers/CMSIS/Include/core_cm0.h **** #define xPSR_N_Msk                         (1UL << xPSR_N_Pos)                            /*!< xPSR
 266:Drivers/CMSIS/Include/core_cm0.h **** 
 267:Drivers/CMSIS/Include/core_cm0.h **** #define xPSR_Z_Pos                         30U                                            /*!< xPSR
 268:Drivers/CMSIS/Include/core_cm0.h **** #define xPSR_Z_Msk                         (1UL << xPSR_Z_Pos)                            /*!< xPSR
 269:Drivers/CMSIS/Include/core_cm0.h **** 
 270:Drivers/CMSIS/Include/core_cm0.h **** #define xPSR_C_Pos                         29U                                            /*!< xPSR
 271:Drivers/CMSIS/Include/core_cm0.h **** #define xPSR_C_Msk                         (1UL << xPSR_C_Pos)                            /*!< xPSR
 272:Drivers/CMSIS/Include/core_cm0.h **** 
 273:Drivers/CMSIS/Include/core_cm0.h **** #define xPSR_V_Pos                         28U                                            /*!< xPSR
 274:Drivers/CMSIS/Include/core_cm0.h **** #define xPSR_V_Msk                         (1UL << xPSR_V_Pos)                            /*!< xPSR
 275:Drivers/CMSIS/Include/core_cm0.h **** 
 276:Drivers/CMSIS/Include/core_cm0.h **** #define xPSR_T_Pos                         24U                                            /*!< xPSR
 277:Drivers/CMSIS/Include/core_cm0.h **** #define xPSR_T_Msk                         (1UL << xPSR_T_Pos)                            /*!< xPSR
 278:Drivers/CMSIS/Include/core_cm0.h **** 
 279:Drivers/CMSIS/Include/core_cm0.h **** #define xPSR_ISR_Pos                        0U                                            /*!< xPSR
 280:Drivers/CMSIS/Include/core_cm0.h **** #define xPSR_ISR_Msk                       (0x1FFUL /*<< xPSR_ISR_Pos*/)                  /*!< xPSR
 281:Drivers/CMSIS/Include/core_cm0.h **** 
 282:Drivers/CMSIS/Include/core_cm0.h **** 
 283:Drivers/CMSIS/Include/core_cm0.h **** /**
 284:Drivers/CMSIS/Include/core_cm0.h ****   \brief  Union type to access the Control Registers (CONTROL).
 285:Drivers/CMSIS/Include/core_cm0.h ****  */
 286:Drivers/CMSIS/Include/core_cm0.h **** typedef union
 287:Drivers/CMSIS/Include/core_cm0.h **** {
 288:Drivers/CMSIS/Include/core_cm0.h ****   struct
 289:Drivers/CMSIS/Include/core_cm0.h ****   {
 290:Drivers/CMSIS/Include/core_cm0.h ****     uint32_t _reserved0:1;               /*!< bit:      0  Reserved */
 291:Drivers/CMSIS/Include/core_cm0.h ****     uint32_t SPSEL:1;                    /*!< bit:      1  Stack to be used */
 292:Drivers/CMSIS/Include/core_cm0.h ****     uint32_t _reserved1:30;              /*!< bit:  2..31  Reserved */
 293:Drivers/CMSIS/Include/core_cm0.h ****   } b;                                   /*!< Structure used for bit  access */
 294:Drivers/CMSIS/Include/core_cm0.h ****   uint32_t w;                            /*!< Type      used for word access */
 295:Drivers/CMSIS/Include/core_cm0.h **** } CONTROL_Type;
 296:Drivers/CMSIS/Include/core_cm0.h **** 
 297:Drivers/CMSIS/Include/core_cm0.h **** /* CONTROL Register Definitions */
 298:Drivers/CMSIS/Include/core_cm0.h **** #define CONTROL_SPSEL_Pos                   1U                                            /*!< CONT
 299:Drivers/CMSIS/Include/core_cm0.h **** #define CONTROL_SPSEL_Msk                  (1UL << CONTROL_SPSEL_Pos)                     /*!< CONT
 300:Drivers/CMSIS/Include/core_cm0.h **** 
 301:Drivers/CMSIS/Include/core_cm0.h **** /*@} end of group CMSIS_CORE */
 302:Drivers/CMSIS/Include/core_cm0.h **** 
 303:Drivers/CMSIS/Include/core_cm0.h **** 
 304:Drivers/CMSIS/Include/core_cm0.h **** /**
 305:Drivers/CMSIS/Include/core_cm0.h ****   \ingroup    CMSIS_core_register
 306:Drivers/CMSIS/Include/core_cm0.h ****   \defgroup   CMSIS_NVIC  Nested Vectored Interrupt Controller (NVIC)
 307:Drivers/CMSIS/Include/core_cm0.h ****   \brief      Type definitions for the NVIC Registers
 308:Drivers/CMSIS/Include/core_cm0.h ****   @{
 309:Drivers/CMSIS/Include/core_cm0.h ****  */
 310:Drivers/CMSIS/Include/core_cm0.h **** 
 311:Drivers/CMSIS/Include/core_cm0.h **** /**
 312:Drivers/CMSIS/Include/core_cm0.h ****   \brief  Structure type to access the Nested Vectored Interrupt Controller (NVIC).
 313:Drivers/CMSIS/Include/core_cm0.h ****  */
 314:Drivers/CMSIS/Include/core_cm0.h **** typedef struct
 315:Drivers/CMSIS/Include/core_cm0.h **** {
 316:Drivers/CMSIS/Include/core_cm0.h ****   __IOM uint32_t ISER[1U];               /*!< Offset: 0x000 (R/W)  Interrupt Set Enable Register */
 317:Drivers/CMSIS/Include/core_cm0.h ****         uint32_t RESERVED0[31U];
ARM GAS  C:\Users\joshr\AppData\Local\Temp\cc1PoiAe.s 			page 7


 318:Drivers/CMSIS/Include/core_cm0.h ****   __IOM uint32_t ICER[1U];               /*!< Offset: 0x080 (R/W)  Interrupt Clear Enable Register 
 319:Drivers/CMSIS/Include/core_cm0.h ****         uint32_t RSERVED1[31U];
 320:Drivers/CMSIS/Include/core_cm0.h ****   __IOM uint32_t ISPR[1U];               /*!< Offset: 0x100 (R/W)  Interrupt Set Pending Register *
 321:Drivers/CMSIS/Include/core_cm0.h ****         uint32_t RESERVED2[31U];
 322:Drivers/CMSIS/Include/core_cm0.h ****   __IOM uint32_t ICPR[1U];               /*!< Offset: 0x180 (R/W)  Interrupt Clear Pending Register
 323:Drivers/CMSIS/Include/core_cm0.h ****         uint32_t RESERVED3[31U];
 324:Drivers/CMSIS/Include/core_cm0.h ****         uint32_t RESERVED4[64U];
 325:Drivers/CMSIS/Include/core_cm0.h ****   __IOM uint32_t IP[8U];                 /*!< Offset: 0x300 (R/W)  Interrupt Priority Register */
 326:Drivers/CMSIS/Include/core_cm0.h **** }  NVIC_Type;
 327:Drivers/CMSIS/Include/core_cm0.h **** 
 328:Drivers/CMSIS/Include/core_cm0.h **** /*@} end of group CMSIS_NVIC */
 329:Drivers/CMSIS/Include/core_cm0.h **** 
 330:Drivers/CMSIS/Include/core_cm0.h **** 
 331:Drivers/CMSIS/Include/core_cm0.h **** /**
 332:Drivers/CMSIS/Include/core_cm0.h ****   \ingroup  CMSIS_core_register
 333:Drivers/CMSIS/Include/core_cm0.h ****   \defgroup CMSIS_SCB     System Control Block (SCB)
 334:Drivers/CMSIS/Include/core_cm0.h ****   \brief    Type definitions for the System Control Block Registers
 335:Drivers/CMSIS/Include/core_cm0.h ****   @{
 336:Drivers/CMSIS/Include/core_cm0.h ****  */
 337:Drivers/CMSIS/Include/core_cm0.h **** 
 338:Drivers/CMSIS/Include/core_cm0.h **** /**
 339:Drivers/CMSIS/Include/core_cm0.h ****   \brief  Structure type to access the System Control Block (SCB).
 340:Drivers/CMSIS/Include/core_cm0.h ****  */
 341:Drivers/CMSIS/Include/core_cm0.h **** typedef struct
 342:Drivers/CMSIS/Include/core_cm0.h **** {
 343:Drivers/CMSIS/Include/core_cm0.h ****   __IM  uint32_t CPUID;                  /*!< Offset: 0x000 (R/ )  CPUID Base Register */
 344:Drivers/CMSIS/Include/core_cm0.h ****   __IOM uint32_t ICSR;                   /*!< Offset: 0x004 (R/W)  Interrupt Control and State Regi
 345:Drivers/CMSIS/Include/core_cm0.h ****         uint32_t RESERVED0;
 346:Drivers/CMSIS/Include/core_cm0.h ****   __IOM uint32_t AIRCR;                  /*!< Offset: 0x00C (R/W)  Application Interrupt and Reset 
 347:Drivers/CMSIS/Include/core_cm0.h ****   __IOM uint32_t SCR;                    /*!< Offset: 0x010 (R/W)  System Control Register */
 348:Drivers/CMSIS/Include/core_cm0.h ****   __IOM uint32_t CCR;                    /*!< Offset: 0x014 (R/W)  Configuration Control Register *
 349:Drivers/CMSIS/Include/core_cm0.h ****         uint32_t RESERVED1;
 350:Drivers/CMSIS/Include/core_cm0.h ****   __IOM uint32_t SHP[2U];                /*!< Offset: 0x01C (R/W)  System Handlers Priority Registe
 351:Drivers/CMSIS/Include/core_cm0.h ****   __IOM uint32_t SHCSR;                  /*!< Offset: 0x024 (R/W)  System Handler Control and State
 352:Drivers/CMSIS/Include/core_cm0.h **** } SCB_Type;
 353:Drivers/CMSIS/Include/core_cm0.h **** 
 354:Drivers/CMSIS/Include/core_cm0.h **** /* SCB CPUID Register Definitions */
 355:Drivers/CMSIS/Include/core_cm0.h **** #define SCB_CPUID_IMPLEMENTER_Pos          24U                                            /*!< SCB 
 356:Drivers/CMSIS/Include/core_cm0.h **** #define SCB_CPUID_IMPLEMENTER_Msk          (0xFFUL << SCB_CPUID_IMPLEMENTER_Pos)          /*!< SCB 
 357:Drivers/CMSIS/Include/core_cm0.h **** 
 358:Drivers/CMSIS/Include/core_cm0.h **** #define SCB_CPUID_VARIANT_Pos              20U                                            /*!< SCB 
 359:Drivers/CMSIS/Include/core_cm0.h **** #define SCB_CPUID_VARIANT_Msk              (0xFUL << SCB_CPUID_VARIANT_Pos)               /*!< SCB 
 360:Drivers/CMSIS/Include/core_cm0.h **** 
 361:Drivers/CMSIS/Include/core_cm0.h **** #define SCB_CPUID_ARCHITECTURE_Pos         16U                                            /*!< SCB 
 362:Drivers/CMSIS/Include/core_cm0.h **** #define SCB_CPUID_ARCHITECTURE_Msk         (0xFUL << SCB_CPUID_ARCHITECTURE_Pos)          /*!< SCB 
 363:Drivers/CMSIS/Include/core_cm0.h **** 
 364:Drivers/CMSIS/Include/core_cm0.h **** #define SCB_CPUID_PARTNO_Pos                4U                                            /*!< SCB 
 365:Drivers/CMSIS/Include/core_cm0.h **** #define SCB_CPUID_PARTNO_Msk               (0xFFFUL << SCB_CPUID_PARTNO_Pos)              /*!< SCB 
 366:Drivers/CMSIS/Include/core_cm0.h **** 
 367:Drivers/CMSIS/Include/core_cm0.h **** #define SCB_CPUID_REVISION_Pos              0U                                            /*!< SCB 
 368:Drivers/CMSIS/Include/core_cm0.h **** #define SCB_CPUID_REVISION_Msk             (0xFUL /*<< SCB_CPUID_REVISION_Pos*/)          /*!< SCB 
 369:Drivers/CMSIS/Include/core_cm0.h **** 
 370:Drivers/CMSIS/Include/core_cm0.h **** /* SCB Interrupt Control State Register Definitions */
 371:Drivers/CMSIS/Include/core_cm0.h **** #define SCB_ICSR_NMIPENDSET_Pos            31U                                            /*!< SCB 
 372:Drivers/CMSIS/Include/core_cm0.h **** #define SCB_ICSR_NMIPENDSET_Msk            (1UL << SCB_ICSR_NMIPENDSET_Pos)               /*!< SCB 
 373:Drivers/CMSIS/Include/core_cm0.h **** 
 374:Drivers/CMSIS/Include/core_cm0.h **** #define SCB_ICSR_PENDSVSET_Pos             28U                                            /*!< SCB 
ARM GAS  C:\Users\joshr\AppData\Local\Temp\cc1PoiAe.s 			page 8


 375:Drivers/CMSIS/Include/core_cm0.h **** #define SCB_ICSR_PENDSVSET_Msk             (1UL << SCB_ICSR_PENDSVSET_Pos)                /*!< SCB 
 376:Drivers/CMSIS/Include/core_cm0.h **** 
 377:Drivers/CMSIS/Include/core_cm0.h **** #define SCB_ICSR_PENDSVCLR_Pos             27U                                            /*!< SCB 
 378:Drivers/CMSIS/Include/core_cm0.h **** #define SCB_ICSR_PENDSVCLR_Msk             (1UL << SCB_ICSR_PENDSVCLR_Pos)                /*!< SCB 
 379:Drivers/CMSIS/Include/core_cm0.h **** 
 380:Drivers/CMSIS/Include/core_cm0.h **** #define SCB_ICSR_PENDSTSET_Pos             26U                                            /*!< SCB 
 381:Drivers/CMSIS/Include/core_cm0.h **** #define SCB_ICSR_PENDSTSET_Msk             (1UL << SCB_ICSR_PENDSTSET_Pos)                /*!< SCB 
 382:Drivers/CMSIS/Include/core_cm0.h **** 
 383:Drivers/CMSIS/Include/core_cm0.h **** #define SCB_ICSR_PENDSTCLR_Pos             25U                                            /*!< SCB 
 384:Drivers/CMSIS/Include/core_cm0.h **** #define SCB_ICSR_PENDSTCLR_Msk             (1UL << SCB_ICSR_PENDSTCLR_Pos)                /*!< SCB 
 385:Drivers/CMSIS/Include/core_cm0.h **** 
 386:Drivers/CMSIS/Include/core_cm0.h **** #define SCB_ICSR_ISRPREEMPT_Pos            23U                                            /*!< SCB 
 387:Drivers/CMSIS/Include/core_cm0.h **** #define SCB_ICSR_ISRPREEMPT_Msk            (1UL << SCB_ICSR_ISRPREEMPT_Pos)               /*!< SCB 
 388:Drivers/CMSIS/Include/core_cm0.h **** 
 389:Drivers/CMSIS/Include/core_cm0.h **** #define SCB_ICSR_ISRPENDING_Pos            22U                                            /*!< SCB 
 390:Drivers/CMSIS/Include/core_cm0.h **** #define SCB_ICSR_ISRPENDING_Msk            (1UL << SCB_ICSR_ISRPENDING_Pos)               /*!< SCB 
 391:Drivers/CMSIS/Include/core_cm0.h **** 
 392:Drivers/CMSIS/Include/core_cm0.h **** #define SCB_ICSR_VECTPENDING_Pos           12U                                            /*!< SCB 
 393:Drivers/CMSIS/Include/core_cm0.h **** #define SCB_ICSR_VECTPENDING_Msk           (0x1FFUL << SCB_ICSR_VECTPENDING_Pos)          /*!< SCB 
 394:Drivers/CMSIS/Include/core_cm0.h **** 
 395:Drivers/CMSIS/Include/core_cm0.h **** #define SCB_ICSR_VECTACTIVE_Pos             0U                                            /*!< SCB 
 396:Drivers/CMSIS/Include/core_cm0.h **** #define SCB_ICSR_VECTACTIVE_Msk            (0x1FFUL /*<< SCB_ICSR_VECTACTIVE_Pos*/)       /*!< SCB 
 397:Drivers/CMSIS/Include/core_cm0.h **** 
 398:Drivers/CMSIS/Include/core_cm0.h **** /* SCB Application Interrupt and Reset Control Register Definitions */
 399:Drivers/CMSIS/Include/core_cm0.h **** #define SCB_AIRCR_VECTKEY_Pos              16U                                            /*!< SCB 
 400:Drivers/CMSIS/Include/core_cm0.h **** #define SCB_AIRCR_VECTKEY_Msk              (0xFFFFUL << SCB_AIRCR_VECTKEY_Pos)            /*!< SCB 
 401:Drivers/CMSIS/Include/core_cm0.h **** 
 402:Drivers/CMSIS/Include/core_cm0.h **** #define SCB_AIRCR_VECTKEYSTAT_Pos          16U                                            /*!< SCB 
 403:Drivers/CMSIS/Include/core_cm0.h **** #define SCB_AIRCR_VECTKEYSTAT_Msk          (0xFFFFUL << SCB_AIRCR_VECTKEYSTAT_Pos)        /*!< SCB 
 404:Drivers/CMSIS/Include/core_cm0.h **** 
 405:Drivers/CMSIS/Include/core_cm0.h **** #define SCB_AIRCR_ENDIANESS_Pos            15U                                            /*!< SCB 
 406:Drivers/CMSIS/Include/core_cm0.h **** #define SCB_AIRCR_ENDIANESS_Msk            (1UL << SCB_AIRCR_ENDIANESS_Pos)               /*!< SCB 
 407:Drivers/CMSIS/Include/core_cm0.h **** 
 408:Drivers/CMSIS/Include/core_cm0.h **** #define SCB_AIRCR_SYSRESETREQ_Pos           2U                                            /*!< SCB 
 409:Drivers/CMSIS/Include/core_cm0.h **** #define SCB_AIRCR_SYSRESETREQ_Msk          (1UL << SCB_AIRCR_SYSRESETREQ_Pos)             /*!< SCB 
 410:Drivers/CMSIS/Include/core_cm0.h **** 
 411:Drivers/CMSIS/Include/core_cm0.h **** #define SCB_AIRCR_VECTCLRACTIVE_Pos         1U                                            /*!< SCB 
 412:Drivers/CMSIS/Include/core_cm0.h **** #define SCB_AIRCR_VECTCLRACTIVE_Msk        (1UL << SCB_AIRCR_VECTCLRACTIVE_Pos)           /*!< SCB 
 413:Drivers/CMSIS/Include/core_cm0.h **** 
 414:Drivers/CMSIS/Include/core_cm0.h **** /* SCB System Control Register Definitions */
 415:Drivers/CMSIS/Include/core_cm0.h **** #define SCB_SCR_SEVONPEND_Pos               4U                                            /*!< SCB 
 416:Drivers/CMSIS/Include/core_cm0.h **** #define SCB_SCR_SEVONPEND_Msk              (1UL << SCB_SCR_SEVONPEND_Pos)                 /*!< SCB 
 417:Drivers/CMSIS/Include/core_cm0.h **** 
 418:Drivers/CMSIS/Include/core_cm0.h **** #define SCB_SCR_SLEEPDEEP_Pos               2U                                            /*!< SCB 
 419:Drivers/CMSIS/Include/core_cm0.h **** #define SCB_SCR_SLEEPDEEP_Msk              (1UL << SCB_SCR_SLEEPDEEP_Pos)                 /*!< SCB 
 420:Drivers/CMSIS/Include/core_cm0.h **** 
 421:Drivers/CMSIS/Include/core_cm0.h **** #define SCB_SCR_SLEEPONEXIT_Pos             1U                                            /*!< SCB 
 422:Drivers/CMSIS/Include/core_cm0.h **** #define SCB_SCR_SLEEPONEXIT_Msk            (1UL << SCB_SCR_SLEEPONEXIT_Pos)               /*!< SCB 
 423:Drivers/CMSIS/Include/core_cm0.h **** 
 424:Drivers/CMSIS/Include/core_cm0.h **** /* SCB Configuration Control Register Definitions */
 425:Drivers/CMSIS/Include/core_cm0.h **** #define SCB_CCR_STKALIGN_Pos                9U                                            /*!< SCB 
 426:Drivers/CMSIS/Include/core_cm0.h **** #define SCB_CCR_STKALIGN_Msk               (1UL << SCB_CCR_STKALIGN_Pos)                  /*!< SCB 
 427:Drivers/CMSIS/Include/core_cm0.h **** 
 428:Drivers/CMSIS/Include/core_cm0.h **** #define SCB_CCR_UNALIGN_TRP_Pos             3U                                            /*!< SCB 
 429:Drivers/CMSIS/Include/core_cm0.h **** #define SCB_CCR_UNALIGN_TRP_Msk            (1UL << SCB_CCR_UNALIGN_TRP_Pos)               /*!< SCB 
 430:Drivers/CMSIS/Include/core_cm0.h **** 
 431:Drivers/CMSIS/Include/core_cm0.h **** /* SCB System Handler Control and State Register Definitions */
ARM GAS  C:\Users\joshr\AppData\Local\Temp\cc1PoiAe.s 			page 9


 432:Drivers/CMSIS/Include/core_cm0.h **** #define SCB_SHCSR_SVCALLPENDED_Pos         15U                                            /*!< SCB 
 433:Drivers/CMSIS/Include/core_cm0.h **** #define SCB_SHCSR_SVCALLPENDED_Msk         (1UL << SCB_SHCSR_SVCALLPENDED_Pos)            /*!< SCB 
 434:Drivers/CMSIS/Include/core_cm0.h **** 
 435:Drivers/CMSIS/Include/core_cm0.h **** /*@} end of group CMSIS_SCB */
 436:Drivers/CMSIS/Include/core_cm0.h **** 
 437:Drivers/CMSIS/Include/core_cm0.h **** 
 438:Drivers/CMSIS/Include/core_cm0.h **** /**
 439:Drivers/CMSIS/Include/core_cm0.h ****   \ingroup  CMSIS_core_register
 440:Drivers/CMSIS/Include/core_cm0.h ****   \defgroup CMSIS_SysTick     System Tick Timer (SysTick)
 441:Drivers/CMSIS/Include/core_cm0.h ****   \brief    Type definitions for the System Timer Registers.
 442:Drivers/CMSIS/Include/core_cm0.h ****   @{
 443:Drivers/CMSIS/Include/core_cm0.h ****  */
 444:Drivers/CMSIS/Include/core_cm0.h **** 
 445:Drivers/CMSIS/Include/core_cm0.h **** /**
 446:Drivers/CMSIS/Include/core_cm0.h ****   \brief  Structure type to access the System Timer (SysTick).
 447:Drivers/CMSIS/Include/core_cm0.h ****  */
 448:Drivers/CMSIS/Include/core_cm0.h **** typedef struct
 449:Drivers/CMSIS/Include/core_cm0.h **** {
 450:Drivers/CMSIS/Include/core_cm0.h ****   __IOM uint32_t CTRL;                   /*!< Offset: 0x000 (R/W)  SysTick Control and Status Regis
 451:Drivers/CMSIS/Include/core_cm0.h ****   __IOM uint32_t LOAD;                   /*!< Offset: 0x004 (R/W)  SysTick Reload Value Register */
 452:Drivers/CMSIS/Include/core_cm0.h ****   __IOM uint32_t VAL;                    /*!< Offset: 0x008 (R/W)  SysTick Current Value Register *
 453:Drivers/CMSIS/Include/core_cm0.h ****   __IM  uint32_t CALIB;                  /*!< Offset: 0x00C (R/ )  SysTick Calibration Register */
 454:Drivers/CMSIS/Include/core_cm0.h **** } SysTick_Type;
 455:Drivers/CMSIS/Include/core_cm0.h **** 
 456:Drivers/CMSIS/Include/core_cm0.h **** /* SysTick Control / Status Register Definitions */
 457:Drivers/CMSIS/Include/core_cm0.h **** #define SysTick_CTRL_COUNTFLAG_Pos         16U                                            /*!< SysT
 458:Drivers/CMSIS/Include/core_cm0.h **** #define SysTick_CTRL_COUNTFLAG_Msk         (1UL << SysTick_CTRL_COUNTFLAG_Pos)            /*!< SysT
 459:Drivers/CMSIS/Include/core_cm0.h **** 
 460:Drivers/CMSIS/Include/core_cm0.h **** #define SysTick_CTRL_CLKSOURCE_Pos          2U                                            /*!< SysT
 461:Drivers/CMSIS/Include/core_cm0.h **** #define SysTick_CTRL_CLKSOURCE_Msk         (1UL << SysTick_CTRL_CLKSOURCE_Pos)            /*!< SysT
 462:Drivers/CMSIS/Include/core_cm0.h **** 
 463:Drivers/CMSIS/Include/core_cm0.h **** #define SysTick_CTRL_TICKINT_Pos            1U                                            /*!< SysT
 464:Drivers/CMSIS/Include/core_cm0.h **** #define SysTick_CTRL_TICKINT_Msk           (1UL << SysTick_CTRL_TICKINT_Pos)              /*!< SysT
 465:Drivers/CMSIS/Include/core_cm0.h **** 
 466:Drivers/CMSIS/Include/core_cm0.h **** #define SysTick_CTRL_ENABLE_Pos             0U                                            /*!< SysT
 467:Drivers/CMSIS/Include/core_cm0.h **** #define SysTick_CTRL_ENABLE_Msk            (1UL /*<< SysTick_CTRL_ENABLE_Pos*/)           /*!< SysT
 468:Drivers/CMSIS/Include/core_cm0.h **** 
 469:Drivers/CMSIS/Include/core_cm0.h **** /* SysTick Reload Register Definitions */
 470:Drivers/CMSIS/Include/core_cm0.h **** #define SysTick_LOAD_RELOAD_Pos             0U                                            /*!< SysT
 471:Drivers/CMSIS/Include/core_cm0.h **** #define SysTick_LOAD_RELOAD_Msk            (0xFFFFFFUL /*<< SysTick_LOAD_RELOAD_Pos*/)    /*!< SysT
 472:Drivers/CMSIS/Include/core_cm0.h **** 
 473:Drivers/CMSIS/Include/core_cm0.h **** /* SysTick Current Register Definitions */
 474:Drivers/CMSIS/Include/core_cm0.h **** #define SysTick_VAL_CURRENT_Pos             0U                                            /*!< SysT
 475:Drivers/CMSIS/Include/core_cm0.h **** #define SysTick_VAL_CURRENT_Msk            (0xFFFFFFUL /*<< SysTick_VAL_CURRENT_Pos*/)    /*!< SysT
 476:Drivers/CMSIS/Include/core_cm0.h **** 
 477:Drivers/CMSIS/Include/core_cm0.h **** /* SysTick Calibration Register Definitions */
 478:Drivers/CMSIS/Include/core_cm0.h **** #define SysTick_CALIB_NOREF_Pos            31U                                            /*!< SysT
 479:Drivers/CMSIS/Include/core_cm0.h **** #define SysTick_CALIB_NOREF_Msk            (1UL << SysTick_CALIB_NOREF_Pos)               /*!< SysT
 480:Drivers/CMSIS/Include/core_cm0.h **** 
 481:Drivers/CMSIS/Include/core_cm0.h **** #define SysTick_CALIB_SKEW_Pos             30U                                            /*!< SysT
 482:Drivers/CMSIS/Include/core_cm0.h **** #define SysTick_CALIB_SKEW_Msk             (1UL << SysTick_CALIB_SKEW_Pos)                /*!< SysT
 483:Drivers/CMSIS/Include/core_cm0.h **** 
 484:Drivers/CMSIS/Include/core_cm0.h **** #define SysTick_CALIB_TENMS_Pos             0U                                            /*!< SysT
 485:Drivers/CMSIS/Include/core_cm0.h **** #define SysTick_CALIB_TENMS_Msk            (0xFFFFFFUL /*<< SysTick_CALIB_TENMS_Pos*/)    /*!< SysT
 486:Drivers/CMSIS/Include/core_cm0.h **** 
 487:Drivers/CMSIS/Include/core_cm0.h **** /*@} end of group CMSIS_SysTick */
 488:Drivers/CMSIS/Include/core_cm0.h **** 
ARM GAS  C:\Users\joshr\AppData\Local\Temp\cc1PoiAe.s 			page 10


 489:Drivers/CMSIS/Include/core_cm0.h **** 
 490:Drivers/CMSIS/Include/core_cm0.h **** /**
 491:Drivers/CMSIS/Include/core_cm0.h ****   \ingroup  CMSIS_core_register
 492:Drivers/CMSIS/Include/core_cm0.h ****   \defgroup CMSIS_CoreDebug       Core Debug Registers (CoreDebug)
 493:Drivers/CMSIS/Include/core_cm0.h ****   \brief    Cortex-M0 Core Debug Registers (DCB registers, SHCSR, and DFSR) are only accessible ove
 494:Drivers/CMSIS/Include/core_cm0.h ****             Therefore they are not covered by the Cortex-M0 header file.
 495:Drivers/CMSIS/Include/core_cm0.h ****   @{
 496:Drivers/CMSIS/Include/core_cm0.h ****  */
 497:Drivers/CMSIS/Include/core_cm0.h **** /*@} end of group CMSIS_CoreDebug */
 498:Drivers/CMSIS/Include/core_cm0.h **** 
 499:Drivers/CMSIS/Include/core_cm0.h **** 
 500:Drivers/CMSIS/Include/core_cm0.h **** /**
 501:Drivers/CMSIS/Include/core_cm0.h ****   \ingroup    CMSIS_core_register
 502:Drivers/CMSIS/Include/core_cm0.h ****   \defgroup   CMSIS_core_bitfield     Core register bit field macros
 503:Drivers/CMSIS/Include/core_cm0.h ****   \brief      Macros for use with bit field definitions (xxx_Pos, xxx_Msk).
 504:Drivers/CMSIS/Include/core_cm0.h ****   @{
 505:Drivers/CMSIS/Include/core_cm0.h ****  */
 506:Drivers/CMSIS/Include/core_cm0.h **** 
 507:Drivers/CMSIS/Include/core_cm0.h **** /**
 508:Drivers/CMSIS/Include/core_cm0.h ****   \brief   Mask and shift a bit field value for use in a register bit range.
 509:Drivers/CMSIS/Include/core_cm0.h ****   \param[in] field  Name of the register bit field.
 510:Drivers/CMSIS/Include/core_cm0.h ****   \param[in] value  Value of the bit field. This parameter is interpreted as an uint32_t type.
 511:Drivers/CMSIS/Include/core_cm0.h ****   \return           Masked and shifted value.
 512:Drivers/CMSIS/Include/core_cm0.h **** */
 513:Drivers/CMSIS/Include/core_cm0.h **** #define _VAL2FLD(field, value)    (((uint32_t)(value) << field ## _Pos) & field ## _Msk)
 514:Drivers/CMSIS/Include/core_cm0.h **** 
 515:Drivers/CMSIS/Include/core_cm0.h **** /**
 516:Drivers/CMSIS/Include/core_cm0.h ****   \brief     Mask and shift a register value to extract a bit filed value.
 517:Drivers/CMSIS/Include/core_cm0.h ****   \param[in] field  Name of the register bit field.
 518:Drivers/CMSIS/Include/core_cm0.h ****   \param[in] value  Value of register. This parameter is interpreted as an uint32_t type.
 519:Drivers/CMSIS/Include/core_cm0.h ****   \return           Masked and shifted bit field value.
 520:Drivers/CMSIS/Include/core_cm0.h **** */
 521:Drivers/CMSIS/Include/core_cm0.h **** #define _FLD2VAL(field, value)    (((uint32_t)(value) & field ## _Msk) >> field ## _Pos)
 522:Drivers/CMSIS/Include/core_cm0.h **** 
 523:Drivers/CMSIS/Include/core_cm0.h **** /*@} end of group CMSIS_core_bitfield */
 524:Drivers/CMSIS/Include/core_cm0.h **** 
 525:Drivers/CMSIS/Include/core_cm0.h **** 
 526:Drivers/CMSIS/Include/core_cm0.h **** /**
 527:Drivers/CMSIS/Include/core_cm0.h ****   \ingroup    CMSIS_core_register
 528:Drivers/CMSIS/Include/core_cm0.h ****   \defgroup   CMSIS_core_base     Core Definitions
 529:Drivers/CMSIS/Include/core_cm0.h ****   \brief      Definitions for base addresses, unions, and structures.
 530:Drivers/CMSIS/Include/core_cm0.h ****   @{
 531:Drivers/CMSIS/Include/core_cm0.h ****  */
 532:Drivers/CMSIS/Include/core_cm0.h **** 
 533:Drivers/CMSIS/Include/core_cm0.h **** /* Memory mapping of Core Hardware */
 534:Drivers/CMSIS/Include/core_cm0.h **** #define SCS_BASE            (0xE000E000UL)                            /*!< System Control Space Bas
 535:Drivers/CMSIS/Include/core_cm0.h **** #define SysTick_BASE        (SCS_BASE +  0x0010UL)                    /*!< SysTick Base Address */
 536:Drivers/CMSIS/Include/core_cm0.h **** #define NVIC_BASE           (SCS_BASE +  0x0100UL)                    /*!< NVIC Base Address */
 537:Drivers/CMSIS/Include/core_cm0.h **** #define SCB_BASE            (SCS_BASE +  0x0D00UL)                    /*!< System Control Block Bas
 538:Drivers/CMSIS/Include/core_cm0.h **** 
 539:Drivers/CMSIS/Include/core_cm0.h **** #define SCB                 ((SCB_Type       *)     SCB_BASE      )   /*!< SCB configuration struct
 540:Drivers/CMSIS/Include/core_cm0.h **** #define SysTick             ((SysTick_Type   *)     SysTick_BASE  )   /*!< SysTick configuration st
 541:Drivers/CMSIS/Include/core_cm0.h **** #define NVIC                ((NVIC_Type      *)     NVIC_BASE     )   /*!< NVIC configuration struc
 542:Drivers/CMSIS/Include/core_cm0.h **** 
 543:Drivers/CMSIS/Include/core_cm0.h **** 
 544:Drivers/CMSIS/Include/core_cm0.h **** /*@} */
 545:Drivers/CMSIS/Include/core_cm0.h **** 
ARM GAS  C:\Users\joshr\AppData\Local\Temp\cc1PoiAe.s 			page 11


 546:Drivers/CMSIS/Include/core_cm0.h **** 
 547:Drivers/CMSIS/Include/core_cm0.h **** 
 548:Drivers/CMSIS/Include/core_cm0.h **** /*******************************************************************************
 549:Drivers/CMSIS/Include/core_cm0.h ****  *                Hardware Abstraction Layer
 550:Drivers/CMSIS/Include/core_cm0.h ****   Core Function Interface contains:
 551:Drivers/CMSIS/Include/core_cm0.h ****   - Core NVIC Functions
 552:Drivers/CMSIS/Include/core_cm0.h ****   - Core SysTick Functions
 553:Drivers/CMSIS/Include/core_cm0.h ****   - Core Register Access Functions
 554:Drivers/CMSIS/Include/core_cm0.h ****  ******************************************************************************/
 555:Drivers/CMSIS/Include/core_cm0.h **** /**
 556:Drivers/CMSIS/Include/core_cm0.h ****   \defgroup CMSIS_Core_FunctionInterface Functions and Instructions Reference
 557:Drivers/CMSIS/Include/core_cm0.h **** */
 558:Drivers/CMSIS/Include/core_cm0.h **** 
 559:Drivers/CMSIS/Include/core_cm0.h **** 
 560:Drivers/CMSIS/Include/core_cm0.h **** 
 561:Drivers/CMSIS/Include/core_cm0.h **** /* ##########################   NVIC functions  #################################### */
 562:Drivers/CMSIS/Include/core_cm0.h **** /**
 563:Drivers/CMSIS/Include/core_cm0.h ****   \ingroup  CMSIS_Core_FunctionInterface
 564:Drivers/CMSIS/Include/core_cm0.h ****   \defgroup CMSIS_Core_NVICFunctions NVIC Functions
 565:Drivers/CMSIS/Include/core_cm0.h ****   \brief    Functions that manage interrupts and exceptions via the NVIC.
 566:Drivers/CMSIS/Include/core_cm0.h ****   @{
 567:Drivers/CMSIS/Include/core_cm0.h ****  */
 568:Drivers/CMSIS/Include/core_cm0.h **** 
 569:Drivers/CMSIS/Include/core_cm0.h **** #ifdef CMSIS_NVIC_VIRTUAL
 570:Drivers/CMSIS/Include/core_cm0.h ****   #ifndef CMSIS_NVIC_VIRTUAL_HEADER_FILE
 571:Drivers/CMSIS/Include/core_cm0.h ****     #define CMSIS_NVIC_VIRTUAL_HEADER_FILE "cmsis_nvic_virtual.h"
 572:Drivers/CMSIS/Include/core_cm0.h ****   #endif
 573:Drivers/CMSIS/Include/core_cm0.h ****   #include CMSIS_NVIC_VIRTUAL_HEADER_FILE
 574:Drivers/CMSIS/Include/core_cm0.h **** #else
 575:Drivers/CMSIS/Include/core_cm0.h ****   #define NVIC_SetPriorityGrouping    __NVIC_SetPriorityGrouping
 576:Drivers/CMSIS/Include/core_cm0.h ****   #define NVIC_GetPriorityGrouping    __NVIC_GetPriorityGrouping
 577:Drivers/CMSIS/Include/core_cm0.h ****   #define NVIC_EnableIRQ              __NVIC_EnableIRQ
 578:Drivers/CMSIS/Include/core_cm0.h ****   #define NVIC_GetEnableIRQ           __NVIC_GetEnableIRQ
 579:Drivers/CMSIS/Include/core_cm0.h ****   #define NVIC_DisableIRQ             __NVIC_DisableIRQ
 580:Drivers/CMSIS/Include/core_cm0.h ****   #define NVIC_GetPendingIRQ          __NVIC_GetPendingIRQ
 581:Drivers/CMSIS/Include/core_cm0.h ****   #define NVIC_SetPendingIRQ          __NVIC_SetPendingIRQ
 582:Drivers/CMSIS/Include/core_cm0.h ****   #define NVIC_ClearPendingIRQ        __NVIC_ClearPendingIRQ
 583:Drivers/CMSIS/Include/core_cm0.h **** /*#define NVIC_GetActive              __NVIC_GetActive             not available for Cortex-M0 */
 584:Drivers/CMSIS/Include/core_cm0.h ****   #define NVIC_SetPriority            __NVIC_SetPriority
 585:Drivers/CMSIS/Include/core_cm0.h ****   #define NVIC_GetPriority            __NVIC_GetPriority
 586:Drivers/CMSIS/Include/core_cm0.h ****   #define NVIC_SystemReset            __NVIC_SystemReset
 587:Drivers/CMSIS/Include/core_cm0.h **** #endif /* CMSIS_NVIC_VIRTUAL */
 588:Drivers/CMSIS/Include/core_cm0.h **** 
 589:Drivers/CMSIS/Include/core_cm0.h **** #ifdef CMSIS_VECTAB_VIRTUAL
 590:Drivers/CMSIS/Include/core_cm0.h ****   #ifndef CMSIS_VECTAB_VIRTUAL_HEADER_FILE
 591:Drivers/CMSIS/Include/core_cm0.h ****     #define CMSIS_VECTAB_VIRTUAL_HEADER_FILE "cmsis_vectab_virtual.h"
 592:Drivers/CMSIS/Include/core_cm0.h ****   #endif
 593:Drivers/CMSIS/Include/core_cm0.h ****   #include CMSIS_VECTAB_VIRTUAL_HEADER_FILE
 594:Drivers/CMSIS/Include/core_cm0.h **** #else
 595:Drivers/CMSIS/Include/core_cm0.h ****   #define NVIC_SetVector              __NVIC_SetVector
 596:Drivers/CMSIS/Include/core_cm0.h ****   #define NVIC_GetVector              __NVIC_GetVector
 597:Drivers/CMSIS/Include/core_cm0.h **** #endif  /* (CMSIS_VECTAB_VIRTUAL) */
 598:Drivers/CMSIS/Include/core_cm0.h **** 
 599:Drivers/CMSIS/Include/core_cm0.h **** #define NVIC_USER_IRQ_OFFSET          16
 600:Drivers/CMSIS/Include/core_cm0.h **** 
 601:Drivers/CMSIS/Include/core_cm0.h **** 
 602:Drivers/CMSIS/Include/core_cm0.h **** /* The following EXC_RETURN values are saved the LR on exception entry */
ARM GAS  C:\Users\joshr\AppData\Local\Temp\cc1PoiAe.s 			page 12


 603:Drivers/CMSIS/Include/core_cm0.h **** #define EXC_RETURN_HANDLER         (0xFFFFFFF1UL)     /* return to Handler mode, uses MSP after ret
 604:Drivers/CMSIS/Include/core_cm0.h **** #define EXC_RETURN_THREAD_MSP      (0xFFFFFFF9UL)     /* return to Thread mode, uses MSP after retu
 605:Drivers/CMSIS/Include/core_cm0.h **** #define EXC_RETURN_THREAD_PSP      (0xFFFFFFFDUL)     /* return to Thread mode, uses PSP after retu
 606:Drivers/CMSIS/Include/core_cm0.h **** 
 607:Drivers/CMSIS/Include/core_cm0.h **** 
 608:Drivers/CMSIS/Include/core_cm0.h **** /* Interrupt Priorities are WORD accessible only under Armv6-M                  */
 609:Drivers/CMSIS/Include/core_cm0.h **** /* The following MACROS handle generation of the register offset and byte masks */
 610:Drivers/CMSIS/Include/core_cm0.h **** #define _BIT_SHIFT(IRQn)         (  ((((uint32_t)(int32_t)(IRQn))         )      &  0x03UL) * 8UL)
 611:Drivers/CMSIS/Include/core_cm0.h **** #define _SHP_IDX(IRQn)           ( (((((uint32_t)(int32_t)(IRQn)) & 0x0FUL)-8UL) >>    2UL)      )
 612:Drivers/CMSIS/Include/core_cm0.h **** #define _IP_IDX(IRQn)            (   (((uint32_t)(int32_t)(IRQn))                >>    2UL)      )
 613:Drivers/CMSIS/Include/core_cm0.h **** 
 614:Drivers/CMSIS/Include/core_cm0.h **** #define __NVIC_SetPriorityGrouping(X) (void)(X)
 615:Drivers/CMSIS/Include/core_cm0.h **** #define __NVIC_GetPriorityGrouping()  (0U)
 616:Drivers/CMSIS/Include/core_cm0.h **** 
 617:Drivers/CMSIS/Include/core_cm0.h **** /**
 618:Drivers/CMSIS/Include/core_cm0.h ****   \brief   Enable Interrupt
 619:Drivers/CMSIS/Include/core_cm0.h ****   \details Enables a device specific interrupt in the NVIC interrupt controller.
 620:Drivers/CMSIS/Include/core_cm0.h ****   \param [in]      IRQn  Device specific interrupt number.
 621:Drivers/CMSIS/Include/core_cm0.h ****   \note    IRQn must not be negative.
 622:Drivers/CMSIS/Include/core_cm0.h ****  */
 623:Drivers/CMSIS/Include/core_cm0.h **** __STATIC_INLINE void __NVIC_EnableIRQ(IRQn_Type IRQn)
 624:Drivers/CMSIS/Include/core_cm0.h **** {
  27              		.loc 2 624 1
  28              		.cfi_startproc
  29              		@ args = 0, pretend = 0, frame = 8
  30              		@ frame_needed = 1, uses_anonymous_args = 0
  31 0000 80B5     		push	{r7, lr}
  32              	.LCFI0:
  33              		.cfi_def_cfa_offset 8
  34              		.cfi_offset 7, -8
  35              		.cfi_offset 14, -4
  36 0002 82B0     		sub	sp, sp, #8
  37              	.LCFI1:
  38              		.cfi_def_cfa_offset 16
  39 0004 00AF     		add	r7, sp, #0
  40              	.LCFI2:
  41              		.cfi_def_cfa_register 7
  42 0006 0200     		movs	r2, r0
  43 0008 FB1D     		adds	r3, r7, #7
  44 000a 1A70     		strb	r2, [r3]
 625:Drivers/CMSIS/Include/core_cm0.h ****   if ((int32_t)(IRQn) >= 0)
  45              		.loc 2 625 6
  46 000c FB1D     		adds	r3, r7, #7
  47 000e 1B78     		ldrb	r3, [r3]
  48 0010 7F2B     		cmp	r3, #127
  49 0012 09D8     		bhi	.L3
 626:Drivers/CMSIS/Include/core_cm0.h ****   {
 627:Drivers/CMSIS/Include/core_cm0.h ****     NVIC->ISER[0U] = (uint32_t)(1UL << (((uint32_t)IRQn) & 0x1FUL));
  50              		.loc 2 627 58
  51 0014 FB1D     		adds	r3, r7, #7
  52 0016 1B78     		ldrb	r3, [r3]
  53 0018 1A00     		movs	r2, r3
  54 001a 1F23     		movs	r3, #31
  55 001c 1A40     		ands	r2, r3
  56              		.loc 2 627 9
  57 001e 044B     		ldr	r3, .L4
  58              		.loc 2 627 22
ARM GAS  C:\Users\joshr\AppData\Local\Temp\cc1PoiAe.s 			page 13


  59 0020 0121     		movs	r1, #1
  60 0022 9140     		lsls	r1, r1, r2
  61 0024 0A00     		movs	r2, r1
  62              		.loc 2 627 20
  63 0026 1A60     		str	r2, [r3]
  64              	.L3:
 628:Drivers/CMSIS/Include/core_cm0.h ****   }
 629:Drivers/CMSIS/Include/core_cm0.h **** }
  65              		.loc 2 629 1
  66 0028 C046     		nop
  67 002a BD46     		mov	sp, r7
  68 002c 02B0     		add	sp, sp, #8
  69              		@ sp needed
  70 002e 80BD     		pop	{r7, pc}
  71              	.L5:
  72              		.align	2
  73              	.L4:
  74 0030 00E100E0 		.word	-536813312
  75              		.cfi_endproc
  76              	.LFE25:
  78              		.section	.text.__NVIC_DisableIRQ,"ax",%progbits
  79              		.align	1
  80              		.syntax unified
  81              		.code	16
  82              		.thumb_func
  84              	__NVIC_DisableIRQ:
  85              	.LFB27:
 630:Drivers/CMSIS/Include/core_cm0.h **** 
 631:Drivers/CMSIS/Include/core_cm0.h **** 
 632:Drivers/CMSIS/Include/core_cm0.h **** /**
 633:Drivers/CMSIS/Include/core_cm0.h ****   \brief   Get Interrupt Enable status
 634:Drivers/CMSIS/Include/core_cm0.h ****   \details Returns a device specific interrupt enable status from the NVIC interrupt controller.
 635:Drivers/CMSIS/Include/core_cm0.h ****   \param [in]      IRQn  Device specific interrupt number.
 636:Drivers/CMSIS/Include/core_cm0.h ****   \return             0  Interrupt is not enabled.
 637:Drivers/CMSIS/Include/core_cm0.h ****   \return             1  Interrupt is enabled.
 638:Drivers/CMSIS/Include/core_cm0.h ****   \note    IRQn must not be negative.
 639:Drivers/CMSIS/Include/core_cm0.h ****  */
 640:Drivers/CMSIS/Include/core_cm0.h **** __STATIC_INLINE uint32_t __NVIC_GetEnableIRQ(IRQn_Type IRQn)
 641:Drivers/CMSIS/Include/core_cm0.h **** {
 642:Drivers/CMSIS/Include/core_cm0.h ****   if ((int32_t)(IRQn) >= 0)
 643:Drivers/CMSIS/Include/core_cm0.h ****   {
 644:Drivers/CMSIS/Include/core_cm0.h ****     return((uint32_t)(((NVIC->ISER[0U] & (1UL << (((uint32_t)IRQn) & 0x1FUL))) != 0UL) ? 1UL : 0UL)
 645:Drivers/CMSIS/Include/core_cm0.h ****   }
 646:Drivers/CMSIS/Include/core_cm0.h ****   else
 647:Drivers/CMSIS/Include/core_cm0.h ****   {
 648:Drivers/CMSIS/Include/core_cm0.h ****     return(0U);
 649:Drivers/CMSIS/Include/core_cm0.h ****   }
 650:Drivers/CMSIS/Include/core_cm0.h **** }
 651:Drivers/CMSIS/Include/core_cm0.h **** 
 652:Drivers/CMSIS/Include/core_cm0.h **** 
 653:Drivers/CMSIS/Include/core_cm0.h **** /**
 654:Drivers/CMSIS/Include/core_cm0.h ****   \brief   Disable Interrupt
 655:Drivers/CMSIS/Include/core_cm0.h ****   \details Disables a device specific interrupt in the NVIC interrupt controller.
 656:Drivers/CMSIS/Include/core_cm0.h ****   \param [in]      IRQn  Device specific interrupt number.
 657:Drivers/CMSIS/Include/core_cm0.h ****   \note    IRQn must not be negative.
 658:Drivers/CMSIS/Include/core_cm0.h ****  */
 659:Drivers/CMSIS/Include/core_cm0.h **** __STATIC_INLINE void __NVIC_DisableIRQ(IRQn_Type IRQn)
ARM GAS  C:\Users\joshr\AppData\Local\Temp\cc1PoiAe.s 			page 14


 660:Drivers/CMSIS/Include/core_cm0.h **** {
  86              		.loc 2 660 1
  87              		.cfi_startproc
  88              		@ args = 0, pretend = 0, frame = 8
  89              		@ frame_needed = 1, uses_anonymous_args = 0
  90 0000 80B5     		push	{r7, lr}
  91              	.LCFI3:
  92              		.cfi_def_cfa_offset 8
  93              		.cfi_offset 7, -8
  94              		.cfi_offset 14, -4
  95 0002 82B0     		sub	sp, sp, #8
  96              	.LCFI4:
  97              		.cfi_def_cfa_offset 16
  98 0004 00AF     		add	r7, sp, #0
  99              	.LCFI5:
 100              		.cfi_def_cfa_register 7
 101 0006 0200     		movs	r2, r0
 102 0008 FB1D     		adds	r3, r7, #7
 103 000a 1A70     		strb	r2, [r3]
 661:Drivers/CMSIS/Include/core_cm0.h ****   if ((int32_t)(IRQn) >= 0)
 104              		.loc 2 661 6
 105 000c FB1D     		adds	r3, r7, #7
 106 000e 1B78     		ldrb	r3, [r3]
 107 0010 7F2B     		cmp	r3, #127
 108 0012 10D8     		bhi	.L8
 662:Drivers/CMSIS/Include/core_cm0.h ****   {
 663:Drivers/CMSIS/Include/core_cm0.h ****     NVIC->ICER[0U] = (uint32_t)(1UL << (((uint32_t)IRQn) & 0x1FUL));
 109              		.loc 2 663 58
 110 0014 FB1D     		adds	r3, r7, #7
 111 0016 1B78     		ldrb	r3, [r3]
 112 0018 1A00     		movs	r2, r3
 113 001a 1F23     		movs	r3, #31
 114 001c 1340     		ands	r3, r2
 115              		.loc 2 663 9
 116 001e 0849     		ldr	r1, .L9
 117              		.loc 2 663 22
 118 0020 0122     		movs	r2, #1
 119 0022 9A40     		lsls	r2, r2, r3
 120 0024 1300     		movs	r3, r2
 121              		.loc 2 663 20
 122 0026 8022     		movs	r2, #128
 123 0028 8B50     		str	r3, [r1, r2]
 124              	.LBB10:
 125              	.LBB11:
 126              		.file 3 "Drivers/CMSIS/Include/cmsis_gcc.h"
   1:Drivers/CMSIS/Include/cmsis_gcc.h **** /**************************************************************************//**
   2:Drivers/CMSIS/Include/cmsis_gcc.h ****  * @file     cmsis_gcc.h
   3:Drivers/CMSIS/Include/cmsis_gcc.h ****  * @brief    CMSIS compiler GCC header file
   4:Drivers/CMSIS/Include/cmsis_gcc.h ****  * @version  V5.0.4
   5:Drivers/CMSIS/Include/cmsis_gcc.h ****  * @date     09. April 2018
   6:Drivers/CMSIS/Include/cmsis_gcc.h ****  ******************************************************************************/
   7:Drivers/CMSIS/Include/cmsis_gcc.h **** /*
   8:Drivers/CMSIS/Include/cmsis_gcc.h ****  * Copyright (c) 2009-2018 Arm Limited. All rights reserved.
   9:Drivers/CMSIS/Include/cmsis_gcc.h ****  *
  10:Drivers/CMSIS/Include/cmsis_gcc.h ****  * SPDX-License-Identifier: Apache-2.0
  11:Drivers/CMSIS/Include/cmsis_gcc.h ****  *
  12:Drivers/CMSIS/Include/cmsis_gcc.h ****  * Licensed under the Apache License, Version 2.0 (the License); you may
ARM GAS  C:\Users\joshr\AppData\Local\Temp\cc1PoiAe.s 			page 15


  13:Drivers/CMSIS/Include/cmsis_gcc.h ****  * not use this file except in compliance with the License.
  14:Drivers/CMSIS/Include/cmsis_gcc.h ****  * You may obtain a copy of the License at
  15:Drivers/CMSIS/Include/cmsis_gcc.h ****  *
  16:Drivers/CMSIS/Include/cmsis_gcc.h ****  * www.apache.org/licenses/LICENSE-2.0
  17:Drivers/CMSIS/Include/cmsis_gcc.h ****  *
  18:Drivers/CMSIS/Include/cmsis_gcc.h ****  * Unless required by applicable law or agreed to in writing, software
  19:Drivers/CMSIS/Include/cmsis_gcc.h ****  * distributed under the License is distributed on an AS IS BASIS, WITHOUT
  20:Drivers/CMSIS/Include/cmsis_gcc.h ****  * WARRANTIES OR CONDITIONS OF ANY KIND, either express or implied.
  21:Drivers/CMSIS/Include/cmsis_gcc.h ****  * See the License for the specific language governing permissions and
  22:Drivers/CMSIS/Include/cmsis_gcc.h ****  * limitations under the License.
  23:Drivers/CMSIS/Include/cmsis_gcc.h ****  */
  24:Drivers/CMSIS/Include/cmsis_gcc.h **** 
  25:Drivers/CMSIS/Include/cmsis_gcc.h **** #ifndef __CMSIS_GCC_H
  26:Drivers/CMSIS/Include/cmsis_gcc.h **** #define __CMSIS_GCC_H
  27:Drivers/CMSIS/Include/cmsis_gcc.h **** 
  28:Drivers/CMSIS/Include/cmsis_gcc.h **** /* ignore some GCC warnings */
  29:Drivers/CMSIS/Include/cmsis_gcc.h **** #pragma GCC diagnostic push
  30:Drivers/CMSIS/Include/cmsis_gcc.h **** #pragma GCC diagnostic ignored "-Wsign-conversion"
  31:Drivers/CMSIS/Include/cmsis_gcc.h **** #pragma GCC diagnostic ignored "-Wconversion"
  32:Drivers/CMSIS/Include/cmsis_gcc.h **** #pragma GCC diagnostic ignored "-Wunused-parameter"
  33:Drivers/CMSIS/Include/cmsis_gcc.h **** 
  34:Drivers/CMSIS/Include/cmsis_gcc.h **** /* Fallback for __has_builtin */
  35:Drivers/CMSIS/Include/cmsis_gcc.h **** #ifndef __has_builtin
  36:Drivers/CMSIS/Include/cmsis_gcc.h ****   #define __has_builtin(x) (0)
  37:Drivers/CMSIS/Include/cmsis_gcc.h **** #endif
  38:Drivers/CMSIS/Include/cmsis_gcc.h **** 
  39:Drivers/CMSIS/Include/cmsis_gcc.h **** /* CMSIS compiler specific defines */
  40:Drivers/CMSIS/Include/cmsis_gcc.h **** #ifndef   __ASM
  41:Drivers/CMSIS/Include/cmsis_gcc.h ****   #define __ASM                                  __asm
  42:Drivers/CMSIS/Include/cmsis_gcc.h **** #endif
  43:Drivers/CMSIS/Include/cmsis_gcc.h **** #ifndef   __INLINE
  44:Drivers/CMSIS/Include/cmsis_gcc.h ****   #define __INLINE                               inline
  45:Drivers/CMSIS/Include/cmsis_gcc.h **** #endif
  46:Drivers/CMSIS/Include/cmsis_gcc.h **** #ifndef   __STATIC_INLINE
  47:Drivers/CMSIS/Include/cmsis_gcc.h ****   #define __STATIC_INLINE                        static inline
  48:Drivers/CMSIS/Include/cmsis_gcc.h **** #endif
  49:Drivers/CMSIS/Include/cmsis_gcc.h **** #ifndef   __STATIC_FORCEINLINE                 
  50:Drivers/CMSIS/Include/cmsis_gcc.h ****   #define __STATIC_FORCEINLINE                   __attribute__((always_inline)) static inline
  51:Drivers/CMSIS/Include/cmsis_gcc.h **** #endif                                           
  52:Drivers/CMSIS/Include/cmsis_gcc.h **** #ifndef   __NO_RETURN
  53:Drivers/CMSIS/Include/cmsis_gcc.h ****   #define __NO_RETURN                            __attribute__((__noreturn__))
  54:Drivers/CMSIS/Include/cmsis_gcc.h **** #endif
  55:Drivers/CMSIS/Include/cmsis_gcc.h **** #ifndef   __USED
  56:Drivers/CMSIS/Include/cmsis_gcc.h ****   #define __USED                                 __attribute__((used))
  57:Drivers/CMSIS/Include/cmsis_gcc.h **** #endif
  58:Drivers/CMSIS/Include/cmsis_gcc.h **** #ifndef   __WEAK
  59:Drivers/CMSIS/Include/cmsis_gcc.h ****   #define __WEAK                                 __attribute__((weak))
  60:Drivers/CMSIS/Include/cmsis_gcc.h **** #endif
  61:Drivers/CMSIS/Include/cmsis_gcc.h **** #ifndef   __PACKED
  62:Drivers/CMSIS/Include/cmsis_gcc.h ****   #define __PACKED                               __attribute__((packed, aligned(1)))
  63:Drivers/CMSIS/Include/cmsis_gcc.h **** #endif
  64:Drivers/CMSIS/Include/cmsis_gcc.h **** #ifndef   __PACKED_STRUCT
  65:Drivers/CMSIS/Include/cmsis_gcc.h ****   #define __PACKED_STRUCT                        struct __attribute__((packed, aligned(1)))
  66:Drivers/CMSIS/Include/cmsis_gcc.h **** #endif
  67:Drivers/CMSIS/Include/cmsis_gcc.h **** #ifndef   __PACKED_UNION
  68:Drivers/CMSIS/Include/cmsis_gcc.h ****   #define __PACKED_UNION                         union __attribute__((packed, aligned(1)))
  69:Drivers/CMSIS/Include/cmsis_gcc.h **** #endif
ARM GAS  C:\Users\joshr\AppData\Local\Temp\cc1PoiAe.s 			page 16


  70:Drivers/CMSIS/Include/cmsis_gcc.h **** #ifndef   __UNALIGNED_UINT32        /* deprecated */
  71:Drivers/CMSIS/Include/cmsis_gcc.h ****   #pragma GCC diagnostic push
  72:Drivers/CMSIS/Include/cmsis_gcc.h ****   #pragma GCC diagnostic ignored "-Wpacked"
  73:Drivers/CMSIS/Include/cmsis_gcc.h ****   #pragma GCC diagnostic ignored "-Wattributes"
  74:Drivers/CMSIS/Include/cmsis_gcc.h ****   struct __attribute__((packed)) T_UINT32 { uint32_t v; };
  75:Drivers/CMSIS/Include/cmsis_gcc.h ****   #pragma GCC diagnostic pop
  76:Drivers/CMSIS/Include/cmsis_gcc.h ****   #define __UNALIGNED_UINT32(x)                  (((struct T_UINT32 *)(x))->v)
  77:Drivers/CMSIS/Include/cmsis_gcc.h **** #endif
  78:Drivers/CMSIS/Include/cmsis_gcc.h **** #ifndef   __UNALIGNED_UINT16_WRITE
  79:Drivers/CMSIS/Include/cmsis_gcc.h ****   #pragma GCC diagnostic push
  80:Drivers/CMSIS/Include/cmsis_gcc.h ****   #pragma GCC diagnostic ignored "-Wpacked"
  81:Drivers/CMSIS/Include/cmsis_gcc.h ****   #pragma GCC diagnostic ignored "-Wattributes"
  82:Drivers/CMSIS/Include/cmsis_gcc.h ****   __PACKED_STRUCT T_UINT16_WRITE { uint16_t v; };
  83:Drivers/CMSIS/Include/cmsis_gcc.h ****   #pragma GCC diagnostic pop
  84:Drivers/CMSIS/Include/cmsis_gcc.h ****   #define __UNALIGNED_UINT16_WRITE(addr, val)    (void)((((struct T_UINT16_WRITE *)(void *)(addr))-
  85:Drivers/CMSIS/Include/cmsis_gcc.h **** #endif
  86:Drivers/CMSIS/Include/cmsis_gcc.h **** #ifndef   __UNALIGNED_UINT16_READ
  87:Drivers/CMSIS/Include/cmsis_gcc.h ****   #pragma GCC diagnostic push
  88:Drivers/CMSIS/Include/cmsis_gcc.h ****   #pragma GCC diagnostic ignored "-Wpacked"
  89:Drivers/CMSIS/Include/cmsis_gcc.h ****   #pragma GCC diagnostic ignored "-Wattributes"
  90:Drivers/CMSIS/Include/cmsis_gcc.h ****   __PACKED_STRUCT T_UINT16_READ { uint16_t v; };
  91:Drivers/CMSIS/Include/cmsis_gcc.h ****   #pragma GCC diagnostic pop
  92:Drivers/CMSIS/Include/cmsis_gcc.h ****   #define __UNALIGNED_UINT16_READ(addr)          (((const struct T_UINT16_READ *)(const void *)(add
  93:Drivers/CMSIS/Include/cmsis_gcc.h **** #endif
  94:Drivers/CMSIS/Include/cmsis_gcc.h **** #ifndef   __UNALIGNED_UINT32_WRITE
  95:Drivers/CMSIS/Include/cmsis_gcc.h ****   #pragma GCC diagnostic push
  96:Drivers/CMSIS/Include/cmsis_gcc.h ****   #pragma GCC diagnostic ignored "-Wpacked"
  97:Drivers/CMSIS/Include/cmsis_gcc.h ****   #pragma GCC diagnostic ignored "-Wattributes"
  98:Drivers/CMSIS/Include/cmsis_gcc.h ****   __PACKED_STRUCT T_UINT32_WRITE { uint32_t v; };
  99:Drivers/CMSIS/Include/cmsis_gcc.h ****   #pragma GCC diagnostic pop
 100:Drivers/CMSIS/Include/cmsis_gcc.h ****   #define __UNALIGNED_UINT32_WRITE(addr, val)    (void)((((struct T_UINT32_WRITE *)(void *)(addr))-
 101:Drivers/CMSIS/Include/cmsis_gcc.h **** #endif
 102:Drivers/CMSIS/Include/cmsis_gcc.h **** #ifndef   __UNALIGNED_UINT32_READ
 103:Drivers/CMSIS/Include/cmsis_gcc.h ****   #pragma GCC diagnostic push
 104:Drivers/CMSIS/Include/cmsis_gcc.h ****   #pragma GCC diagnostic ignored "-Wpacked"
 105:Drivers/CMSIS/Include/cmsis_gcc.h ****   #pragma GCC diagnostic ignored "-Wattributes"
 106:Drivers/CMSIS/Include/cmsis_gcc.h ****   __PACKED_STRUCT T_UINT32_READ { uint32_t v; };
 107:Drivers/CMSIS/Include/cmsis_gcc.h ****   #pragma GCC diagnostic pop
 108:Drivers/CMSIS/Include/cmsis_gcc.h ****   #define __UNALIGNED_UINT32_READ(addr)          (((const struct T_UINT32_READ *)(const void *)(add
 109:Drivers/CMSIS/Include/cmsis_gcc.h **** #endif
 110:Drivers/CMSIS/Include/cmsis_gcc.h **** #ifndef   __ALIGNED
 111:Drivers/CMSIS/Include/cmsis_gcc.h ****   #define __ALIGNED(x)                           __attribute__((aligned(x)))
 112:Drivers/CMSIS/Include/cmsis_gcc.h **** #endif
 113:Drivers/CMSIS/Include/cmsis_gcc.h **** #ifndef   __RESTRICT
 114:Drivers/CMSIS/Include/cmsis_gcc.h ****   #define __RESTRICT                             __restrict
 115:Drivers/CMSIS/Include/cmsis_gcc.h **** #endif
 116:Drivers/CMSIS/Include/cmsis_gcc.h **** 
 117:Drivers/CMSIS/Include/cmsis_gcc.h **** 
 118:Drivers/CMSIS/Include/cmsis_gcc.h **** /* ###########################  Core Function Access  ########################### */
 119:Drivers/CMSIS/Include/cmsis_gcc.h **** /** \ingroup  CMSIS_Core_FunctionInterface
 120:Drivers/CMSIS/Include/cmsis_gcc.h ****     \defgroup CMSIS_Core_RegAccFunctions CMSIS Core Register Access Functions
 121:Drivers/CMSIS/Include/cmsis_gcc.h ****   @{
 122:Drivers/CMSIS/Include/cmsis_gcc.h ****  */
 123:Drivers/CMSIS/Include/cmsis_gcc.h **** 
 124:Drivers/CMSIS/Include/cmsis_gcc.h **** /**
 125:Drivers/CMSIS/Include/cmsis_gcc.h ****   \brief   Enable IRQ Interrupts
 126:Drivers/CMSIS/Include/cmsis_gcc.h ****   \details Enables IRQ interrupts by clearing the I-bit in the CPSR.
ARM GAS  C:\Users\joshr\AppData\Local\Temp\cc1PoiAe.s 			page 17


 127:Drivers/CMSIS/Include/cmsis_gcc.h ****            Can only be executed in Privileged modes.
 128:Drivers/CMSIS/Include/cmsis_gcc.h ****  */
 129:Drivers/CMSIS/Include/cmsis_gcc.h **** __STATIC_FORCEINLINE void __enable_irq(void)
 130:Drivers/CMSIS/Include/cmsis_gcc.h **** {
 131:Drivers/CMSIS/Include/cmsis_gcc.h ****   __ASM volatile ("cpsie i" : : : "memory");
 132:Drivers/CMSIS/Include/cmsis_gcc.h **** }
 133:Drivers/CMSIS/Include/cmsis_gcc.h **** 
 134:Drivers/CMSIS/Include/cmsis_gcc.h **** 
 135:Drivers/CMSIS/Include/cmsis_gcc.h **** /**
 136:Drivers/CMSIS/Include/cmsis_gcc.h ****   \brief   Disable IRQ Interrupts
 137:Drivers/CMSIS/Include/cmsis_gcc.h ****   \details Disables IRQ interrupts by setting the I-bit in the CPSR.
 138:Drivers/CMSIS/Include/cmsis_gcc.h ****            Can only be executed in Privileged modes.
 139:Drivers/CMSIS/Include/cmsis_gcc.h ****  */
 140:Drivers/CMSIS/Include/cmsis_gcc.h **** __STATIC_FORCEINLINE void __disable_irq(void)
 141:Drivers/CMSIS/Include/cmsis_gcc.h **** {
 142:Drivers/CMSIS/Include/cmsis_gcc.h ****   __ASM volatile ("cpsid i" : : : "memory");
 143:Drivers/CMSIS/Include/cmsis_gcc.h **** }
 144:Drivers/CMSIS/Include/cmsis_gcc.h **** 
 145:Drivers/CMSIS/Include/cmsis_gcc.h **** 
 146:Drivers/CMSIS/Include/cmsis_gcc.h **** /**
 147:Drivers/CMSIS/Include/cmsis_gcc.h ****   \brief   Get Control Register
 148:Drivers/CMSIS/Include/cmsis_gcc.h ****   \details Returns the content of the Control Register.
 149:Drivers/CMSIS/Include/cmsis_gcc.h ****   \return               Control Register value
 150:Drivers/CMSIS/Include/cmsis_gcc.h ****  */
 151:Drivers/CMSIS/Include/cmsis_gcc.h **** __STATIC_FORCEINLINE uint32_t __get_CONTROL(void)
 152:Drivers/CMSIS/Include/cmsis_gcc.h **** {
 153:Drivers/CMSIS/Include/cmsis_gcc.h ****   uint32_t result;
 154:Drivers/CMSIS/Include/cmsis_gcc.h **** 
 155:Drivers/CMSIS/Include/cmsis_gcc.h ****   __ASM volatile ("MRS %0, control" : "=r" (result) );
 156:Drivers/CMSIS/Include/cmsis_gcc.h ****   return(result);
 157:Drivers/CMSIS/Include/cmsis_gcc.h **** }
 158:Drivers/CMSIS/Include/cmsis_gcc.h **** 
 159:Drivers/CMSIS/Include/cmsis_gcc.h **** 
 160:Drivers/CMSIS/Include/cmsis_gcc.h **** #if (defined (__ARM_FEATURE_CMSE ) && (__ARM_FEATURE_CMSE == 3))
 161:Drivers/CMSIS/Include/cmsis_gcc.h **** /**
 162:Drivers/CMSIS/Include/cmsis_gcc.h ****   \brief   Get Control Register (non-secure)
 163:Drivers/CMSIS/Include/cmsis_gcc.h ****   \details Returns the content of the non-secure Control Register when in secure mode.
 164:Drivers/CMSIS/Include/cmsis_gcc.h ****   \return               non-secure Control Register value
 165:Drivers/CMSIS/Include/cmsis_gcc.h ****  */
 166:Drivers/CMSIS/Include/cmsis_gcc.h **** __STATIC_FORCEINLINE uint32_t __TZ_get_CONTROL_NS(void)
 167:Drivers/CMSIS/Include/cmsis_gcc.h **** {
 168:Drivers/CMSIS/Include/cmsis_gcc.h ****   uint32_t result;
 169:Drivers/CMSIS/Include/cmsis_gcc.h **** 
 170:Drivers/CMSIS/Include/cmsis_gcc.h ****   __ASM volatile ("MRS %0, control_ns" : "=r" (result) );
 171:Drivers/CMSIS/Include/cmsis_gcc.h ****   return(result);
 172:Drivers/CMSIS/Include/cmsis_gcc.h **** }
 173:Drivers/CMSIS/Include/cmsis_gcc.h **** #endif
 174:Drivers/CMSIS/Include/cmsis_gcc.h **** 
 175:Drivers/CMSIS/Include/cmsis_gcc.h **** 
 176:Drivers/CMSIS/Include/cmsis_gcc.h **** /**
 177:Drivers/CMSIS/Include/cmsis_gcc.h ****   \brief   Set Control Register
 178:Drivers/CMSIS/Include/cmsis_gcc.h ****   \details Writes the given value to the Control Register.
 179:Drivers/CMSIS/Include/cmsis_gcc.h ****   \param [in]    control  Control Register value to set
 180:Drivers/CMSIS/Include/cmsis_gcc.h ****  */
 181:Drivers/CMSIS/Include/cmsis_gcc.h **** __STATIC_FORCEINLINE void __set_CONTROL(uint32_t control)
 182:Drivers/CMSIS/Include/cmsis_gcc.h **** {
 183:Drivers/CMSIS/Include/cmsis_gcc.h ****   __ASM volatile ("MSR control, %0" : : "r" (control) : "memory");
ARM GAS  C:\Users\joshr\AppData\Local\Temp\cc1PoiAe.s 			page 18


 184:Drivers/CMSIS/Include/cmsis_gcc.h **** }
 185:Drivers/CMSIS/Include/cmsis_gcc.h **** 
 186:Drivers/CMSIS/Include/cmsis_gcc.h **** 
 187:Drivers/CMSIS/Include/cmsis_gcc.h **** #if (defined (__ARM_FEATURE_CMSE ) && (__ARM_FEATURE_CMSE == 3))
 188:Drivers/CMSIS/Include/cmsis_gcc.h **** /**
 189:Drivers/CMSIS/Include/cmsis_gcc.h ****   \brief   Set Control Register (non-secure)
 190:Drivers/CMSIS/Include/cmsis_gcc.h ****   \details Writes the given value to the non-secure Control Register when in secure state.
 191:Drivers/CMSIS/Include/cmsis_gcc.h ****   \param [in]    control  Control Register value to set
 192:Drivers/CMSIS/Include/cmsis_gcc.h ****  */
 193:Drivers/CMSIS/Include/cmsis_gcc.h **** __STATIC_FORCEINLINE void __TZ_set_CONTROL_NS(uint32_t control)
 194:Drivers/CMSIS/Include/cmsis_gcc.h **** {
 195:Drivers/CMSIS/Include/cmsis_gcc.h ****   __ASM volatile ("MSR control_ns, %0" : : "r" (control) : "memory");
 196:Drivers/CMSIS/Include/cmsis_gcc.h **** }
 197:Drivers/CMSIS/Include/cmsis_gcc.h **** #endif
 198:Drivers/CMSIS/Include/cmsis_gcc.h **** 
 199:Drivers/CMSIS/Include/cmsis_gcc.h **** 
 200:Drivers/CMSIS/Include/cmsis_gcc.h **** /**
 201:Drivers/CMSIS/Include/cmsis_gcc.h ****   \brief   Get IPSR Register
 202:Drivers/CMSIS/Include/cmsis_gcc.h ****   \details Returns the content of the IPSR Register.
 203:Drivers/CMSIS/Include/cmsis_gcc.h ****   \return               IPSR Register value
 204:Drivers/CMSIS/Include/cmsis_gcc.h ****  */
 205:Drivers/CMSIS/Include/cmsis_gcc.h **** __STATIC_FORCEINLINE uint32_t __get_IPSR(void)
 206:Drivers/CMSIS/Include/cmsis_gcc.h **** {
 207:Drivers/CMSIS/Include/cmsis_gcc.h ****   uint32_t result;
 208:Drivers/CMSIS/Include/cmsis_gcc.h **** 
 209:Drivers/CMSIS/Include/cmsis_gcc.h ****   __ASM volatile ("MRS %0, ipsr" : "=r" (result) );
 210:Drivers/CMSIS/Include/cmsis_gcc.h ****   return(result);
 211:Drivers/CMSIS/Include/cmsis_gcc.h **** }
 212:Drivers/CMSIS/Include/cmsis_gcc.h **** 
 213:Drivers/CMSIS/Include/cmsis_gcc.h **** 
 214:Drivers/CMSIS/Include/cmsis_gcc.h **** /**
 215:Drivers/CMSIS/Include/cmsis_gcc.h ****   \brief   Get APSR Register
 216:Drivers/CMSIS/Include/cmsis_gcc.h ****   \details Returns the content of the APSR Register.
 217:Drivers/CMSIS/Include/cmsis_gcc.h ****   \return               APSR Register value
 218:Drivers/CMSIS/Include/cmsis_gcc.h ****  */
 219:Drivers/CMSIS/Include/cmsis_gcc.h **** __STATIC_FORCEINLINE uint32_t __get_APSR(void)
 220:Drivers/CMSIS/Include/cmsis_gcc.h **** {
 221:Drivers/CMSIS/Include/cmsis_gcc.h ****   uint32_t result;
 222:Drivers/CMSIS/Include/cmsis_gcc.h **** 
 223:Drivers/CMSIS/Include/cmsis_gcc.h ****   __ASM volatile ("MRS %0, apsr" : "=r" (result) );
 224:Drivers/CMSIS/Include/cmsis_gcc.h ****   return(result);
 225:Drivers/CMSIS/Include/cmsis_gcc.h **** }
 226:Drivers/CMSIS/Include/cmsis_gcc.h **** 
 227:Drivers/CMSIS/Include/cmsis_gcc.h **** 
 228:Drivers/CMSIS/Include/cmsis_gcc.h **** /**
 229:Drivers/CMSIS/Include/cmsis_gcc.h ****   \brief   Get xPSR Register
 230:Drivers/CMSIS/Include/cmsis_gcc.h ****   \details Returns the content of the xPSR Register.
 231:Drivers/CMSIS/Include/cmsis_gcc.h ****   \return               xPSR Register value
 232:Drivers/CMSIS/Include/cmsis_gcc.h ****  */
 233:Drivers/CMSIS/Include/cmsis_gcc.h **** __STATIC_FORCEINLINE uint32_t __get_xPSR(void)
 234:Drivers/CMSIS/Include/cmsis_gcc.h **** {
 235:Drivers/CMSIS/Include/cmsis_gcc.h ****   uint32_t result;
 236:Drivers/CMSIS/Include/cmsis_gcc.h **** 
 237:Drivers/CMSIS/Include/cmsis_gcc.h ****   __ASM volatile ("MRS %0, xpsr" : "=r" (result) );
 238:Drivers/CMSIS/Include/cmsis_gcc.h ****   return(result);
 239:Drivers/CMSIS/Include/cmsis_gcc.h **** }
 240:Drivers/CMSIS/Include/cmsis_gcc.h **** 
ARM GAS  C:\Users\joshr\AppData\Local\Temp\cc1PoiAe.s 			page 19


 241:Drivers/CMSIS/Include/cmsis_gcc.h **** 
 242:Drivers/CMSIS/Include/cmsis_gcc.h **** /**
 243:Drivers/CMSIS/Include/cmsis_gcc.h ****   \brief   Get Process Stack Pointer
 244:Drivers/CMSIS/Include/cmsis_gcc.h ****   \details Returns the current value of the Process Stack Pointer (PSP).
 245:Drivers/CMSIS/Include/cmsis_gcc.h ****   \return               PSP Register value
 246:Drivers/CMSIS/Include/cmsis_gcc.h ****  */
 247:Drivers/CMSIS/Include/cmsis_gcc.h **** __STATIC_FORCEINLINE uint32_t __get_PSP(void)
 248:Drivers/CMSIS/Include/cmsis_gcc.h **** {
 249:Drivers/CMSIS/Include/cmsis_gcc.h ****   uint32_t result;
 250:Drivers/CMSIS/Include/cmsis_gcc.h **** 
 251:Drivers/CMSIS/Include/cmsis_gcc.h ****   __ASM volatile ("MRS %0, psp"  : "=r" (result) );
 252:Drivers/CMSIS/Include/cmsis_gcc.h ****   return(result);
 253:Drivers/CMSIS/Include/cmsis_gcc.h **** }
 254:Drivers/CMSIS/Include/cmsis_gcc.h **** 
 255:Drivers/CMSIS/Include/cmsis_gcc.h **** 
 256:Drivers/CMSIS/Include/cmsis_gcc.h **** #if (defined (__ARM_FEATURE_CMSE ) && (__ARM_FEATURE_CMSE == 3))
 257:Drivers/CMSIS/Include/cmsis_gcc.h **** /**
 258:Drivers/CMSIS/Include/cmsis_gcc.h ****   \brief   Get Process Stack Pointer (non-secure)
 259:Drivers/CMSIS/Include/cmsis_gcc.h ****   \details Returns the current value of the non-secure Process Stack Pointer (PSP) when in secure s
 260:Drivers/CMSIS/Include/cmsis_gcc.h ****   \return               PSP Register value
 261:Drivers/CMSIS/Include/cmsis_gcc.h ****  */
 262:Drivers/CMSIS/Include/cmsis_gcc.h **** __STATIC_FORCEINLINE uint32_t __TZ_get_PSP_NS(void)
 263:Drivers/CMSIS/Include/cmsis_gcc.h **** {
 264:Drivers/CMSIS/Include/cmsis_gcc.h ****   uint32_t result;
 265:Drivers/CMSIS/Include/cmsis_gcc.h **** 
 266:Drivers/CMSIS/Include/cmsis_gcc.h ****   __ASM volatile ("MRS %0, psp_ns"  : "=r" (result) );
 267:Drivers/CMSIS/Include/cmsis_gcc.h ****   return(result);
 268:Drivers/CMSIS/Include/cmsis_gcc.h **** }
 269:Drivers/CMSIS/Include/cmsis_gcc.h **** #endif
 270:Drivers/CMSIS/Include/cmsis_gcc.h **** 
 271:Drivers/CMSIS/Include/cmsis_gcc.h **** 
 272:Drivers/CMSIS/Include/cmsis_gcc.h **** /**
 273:Drivers/CMSIS/Include/cmsis_gcc.h ****   \brief   Set Process Stack Pointer
 274:Drivers/CMSIS/Include/cmsis_gcc.h ****   \details Assigns the given value to the Process Stack Pointer (PSP).
 275:Drivers/CMSIS/Include/cmsis_gcc.h ****   \param [in]    topOfProcStack  Process Stack Pointer value to set
 276:Drivers/CMSIS/Include/cmsis_gcc.h ****  */
 277:Drivers/CMSIS/Include/cmsis_gcc.h **** __STATIC_FORCEINLINE void __set_PSP(uint32_t topOfProcStack)
 278:Drivers/CMSIS/Include/cmsis_gcc.h **** {
 279:Drivers/CMSIS/Include/cmsis_gcc.h ****   __ASM volatile ("MSR psp, %0" : : "r" (topOfProcStack) : );
 280:Drivers/CMSIS/Include/cmsis_gcc.h **** }
 281:Drivers/CMSIS/Include/cmsis_gcc.h **** 
 282:Drivers/CMSIS/Include/cmsis_gcc.h **** 
 283:Drivers/CMSIS/Include/cmsis_gcc.h **** #if (defined (__ARM_FEATURE_CMSE ) && (__ARM_FEATURE_CMSE == 3))
 284:Drivers/CMSIS/Include/cmsis_gcc.h **** /**
 285:Drivers/CMSIS/Include/cmsis_gcc.h ****   \brief   Set Process Stack Pointer (non-secure)
 286:Drivers/CMSIS/Include/cmsis_gcc.h ****   \details Assigns the given value to the non-secure Process Stack Pointer (PSP) when in secure sta
 287:Drivers/CMSIS/Include/cmsis_gcc.h ****   \param [in]    topOfProcStack  Process Stack Pointer value to set
 288:Drivers/CMSIS/Include/cmsis_gcc.h ****  */
 289:Drivers/CMSIS/Include/cmsis_gcc.h **** __STATIC_FORCEINLINE void __TZ_set_PSP_NS(uint32_t topOfProcStack)
 290:Drivers/CMSIS/Include/cmsis_gcc.h **** {
 291:Drivers/CMSIS/Include/cmsis_gcc.h ****   __ASM volatile ("MSR psp_ns, %0" : : "r" (topOfProcStack) : );
 292:Drivers/CMSIS/Include/cmsis_gcc.h **** }
 293:Drivers/CMSIS/Include/cmsis_gcc.h **** #endif
 294:Drivers/CMSIS/Include/cmsis_gcc.h **** 
 295:Drivers/CMSIS/Include/cmsis_gcc.h **** 
 296:Drivers/CMSIS/Include/cmsis_gcc.h **** /**
 297:Drivers/CMSIS/Include/cmsis_gcc.h ****   \brief   Get Main Stack Pointer
ARM GAS  C:\Users\joshr\AppData\Local\Temp\cc1PoiAe.s 			page 20


 298:Drivers/CMSIS/Include/cmsis_gcc.h ****   \details Returns the current value of the Main Stack Pointer (MSP).
 299:Drivers/CMSIS/Include/cmsis_gcc.h ****   \return               MSP Register value
 300:Drivers/CMSIS/Include/cmsis_gcc.h ****  */
 301:Drivers/CMSIS/Include/cmsis_gcc.h **** __STATIC_FORCEINLINE uint32_t __get_MSP(void)
 302:Drivers/CMSIS/Include/cmsis_gcc.h **** {
 303:Drivers/CMSIS/Include/cmsis_gcc.h ****   uint32_t result;
 304:Drivers/CMSIS/Include/cmsis_gcc.h **** 
 305:Drivers/CMSIS/Include/cmsis_gcc.h ****   __ASM volatile ("MRS %0, msp" : "=r" (result) );
 306:Drivers/CMSIS/Include/cmsis_gcc.h ****   return(result);
 307:Drivers/CMSIS/Include/cmsis_gcc.h **** }
 308:Drivers/CMSIS/Include/cmsis_gcc.h **** 
 309:Drivers/CMSIS/Include/cmsis_gcc.h **** 
 310:Drivers/CMSIS/Include/cmsis_gcc.h **** #if (defined (__ARM_FEATURE_CMSE ) && (__ARM_FEATURE_CMSE == 3))
 311:Drivers/CMSIS/Include/cmsis_gcc.h **** /**
 312:Drivers/CMSIS/Include/cmsis_gcc.h ****   \brief   Get Main Stack Pointer (non-secure)
 313:Drivers/CMSIS/Include/cmsis_gcc.h ****   \details Returns the current value of the non-secure Main Stack Pointer (MSP) when in secure stat
 314:Drivers/CMSIS/Include/cmsis_gcc.h ****   \return               MSP Register value
 315:Drivers/CMSIS/Include/cmsis_gcc.h ****  */
 316:Drivers/CMSIS/Include/cmsis_gcc.h **** __STATIC_FORCEINLINE uint32_t __TZ_get_MSP_NS(void)
 317:Drivers/CMSIS/Include/cmsis_gcc.h **** {
 318:Drivers/CMSIS/Include/cmsis_gcc.h ****   uint32_t result;
 319:Drivers/CMSIS/Include/cmsis_gcc.h **** 
 320:Drivers/CMSIS/Include/cmsis_gcc.h ****   __ASM volatile ("MRS %0, msp_ns" : "=r" (result) );
 321:Drivers/CMSIS/Include/cmsis_gcc.h ****   return(result);
 322:Drivers/CMSIS/Include/cmsis_gcc.h **** }
 323:Drivers/CMSIS/Include/cmsis_gcc.h **** #endif
 324:Drivers/CMSIS/Include/cmsis_gcc.h **** 
 325:Drivers/CMSIS/Include/cmsis_gcc.h **** 
 326:Drivers/CMSIS/Include/cmsis_gcc.h **** /**
 327:Drivers/CMSIS/Include/cmsis_gcc.h ****   \brief   Set Main Stack Pointer
 328:Drivers/CMSIS/Include/cmsis_gcc.h ****   \details Assigns the given value to the Main Stack Pointer (MSP).
 329:Drivers/CMSIS/Include/cmsis_gcc.h ****   \param [in]    topOfMainStack  Main Stack Pointer value to set
 330:Drivers/CMSIS/Include/cmsis_gcc.h ****  */
 331:Drivers/CMSIS/Include/cmsis_gcc.h **** __STATIC_FORCEINLINE void __set_MSP(uint32_t topOfMainStack)
 332:Drivers/CMSIS/Include/cmsis_gcc.h **** {
 333:Drivers/CMSIS/Include/cmsis_gcc.h ****   __ASM volatile ("MSR msp, %0" : : "r" (topOfMainStack) : );
 334:Drivers/CMSIS/Include/cmsis_gcc.h **** }
 335:Drivers/CMSIS/Include/cmsis_gcc.h **** 
 336:Drivers/CMSIS/Include/cmsis_gcc.h **** 
 337:Drivers/CMSIS/Include/cmsis_gcc.h **** #if (defined (__ARM_FEATURE_CMSE ) && (__ARM_FEATURE_CMSE == 3))
 338:Drivers/CMSIS/Include/cmsis_gcc.h **** /**
 339:Drivers/CMSIS/Include/cmsis_gcc.h ****   \brief   Set Main Stack Pointer (non-secure)
 340:Drivers/CMSIS/Include/cmsis_gcc.h ****   \details Assigns the given value to the non-secure Main Stack Pointer (MSP) when in secure state.
 341:Drivers/CMSIS/Include/cmsis_gcc.h ****   \param [in]    topOfMainStack  Main Stack Pointer value to set
 342:Drivers/CMSIS/Include/cmsis_gcc.h ****  */
 343:Drivers/CMSIS/Include/cmsis_gcc.h **** __STATIC_FORCEINLINE void __TZ_set_MSP_NS(uint32_t topOfMainStack)
 344:Drivers/CMSIS/Include/cmsis_gcc.h **** {
 345:Drivers/CMSIS/Include/cmsis_gcc.h ****   __ASM volatile ("MSR msp_ns, %0" : : "r" (topOfMainStack) : );
 346:Drivers/CMSIS/Include/cmsis_gcc.h **** }
 347:Drivers/CMSIS/Include/cmsis_gcc.h **** #endif
 348:Drivers/CMSIS/Include/cmsis_gcc.h **** 
 349:Drivers/CMSIS/Include/cmsis_gcc.h **** 
 350:Drivers/CMSIS/Include/cmsis_gcc.h **** #if (defined (__ARM_FEATURE_CMSE ) && (__ARM_FEATURE_CMSE == 3))
 351:Drivers/CMSIS/Include/cmsis_gcc.h **** /**
 352:Drivers/CMSIS/Include/cmsis_gcc.h ****   \brief   Get Stack Pointer (non-secure)
 353:Drivers/CMSIS/Include/cmsis_gcc.h ****   \details Returns the current value of the non-secure Stack Pointer (SP) when in secure state.
 354:Drivers/CMSIS/Include/cmsis_gcc.h ****   \return               SP Register value
ARM GAS  C:\Users\joshr\AppData\Local\Temp\cc1PoiAe.s 			page 21


 355:Drivers/CMSIS/Include/cmsis_gcc.h ****  */
 356:Drivers/CMSIS/Include/cmsis_gcc.h **** __STATIC_FORCEINLINE uint32_t __TZ_get_SP_NS(void)
 357:Drivers/CMSIS/Include/cmsis_gcc.h **** {
 358:Drivers/CMSIS/Include/cmsis_gcc.h ****   uint32_t result;
 359:Drivers/CMSIS/Include/cmsis_gcc.h **** 
 360:Drivers/CMSIS/Include/cmsis_gcc.h ****   __ASM volatile ("MRS %0, sp_ns" : "=r" (result) );
 361:Drivers/CMSIS/Include/cmsis_gcc.h ****   return(result);
 362:Drivers/CMSIS/Include/cmsis_gcc.h **** }
 363:Drivers/CMSIS/Include/cmsis_gcc.h **** 
 364:Drivers/CMSIS/Include/cmsis_gcc.h **** 
 365:Drivers/CMSIS/Include/cmsis_gcc.h **** /**
 366:Drivers/CMSIS/Include/cmsis_gcc.h ****   \brief   Set Stack Pointer (non-secure)
 367:Drivers/CMSIS/Include/cmsis_gcc.h ****   \details Assigns the given value to the non-secure Stack Pointer (SP) when in secure state.
 368:Drivers/CMSIS/Include/cmsis_gcc.h ****   \param [in]    topOfStack  Stack Pointer value to set
 369:Drivers/CMSIS/Include/cmsis_gcc.h ****  */
 370:Drivers/CMSIS/Include/cmsis_gcc.h **** __STATIC_FORCEINLINE void __TZ_set_SP_NS(uint32_t topOfStack)
 371:Drivers/CMSIS/Include/cmsis_gcc.h **** {
 372:Drivers/CMSIS/Include/cmsis_gcc.h ****   __ASM volatile ("MSR sp_ns, %0" : : "r" (topOfStack) : );
 373:Drivers/CMSIS/Include/cmsis_gcc.h **** }
 374:Drivers/CMSIS/Include/cmsis_gcc.h **** #endif
 375:Drivers/CMSIS/Include/cmsis_gcc.h **** 
 376:Drivers/CMSIS/Include/cmsis_gcc.h **** 
 377:Drivers/CMSIS/Include/cmsis_gcc.h **** /**
 378:Drivers/CMSIS/Include/cmsis_gcc.h ****   \brief   Get Priority Mask
 379:Drivers/CMSIS/Include/cmsis_gcc.h ****   \details Returns the current state of the priority mask bit from the Priority Mask Register.
 380:Drivers/CMSIS/Include/cmsis_gcc.h ****   \return               Priority Mask value
 381:Drivers/CMSIS/Include/cmsis_gcc.h ****  */
 382:Drivers/CMSIS/Include/cmsis_gcc.h **** __STATIC_FORCEINLINE uint32_t __get_PRIMASK(void)
 383:Drivers/CMSIS/Include/cmsis_gcc.h **** {
 384:Drivers/CMSIS/Include/cmsis_gcc.h ****   uint32_t result;
 385:Drivers/CMSIS/Include/cmsis_gcc.h **** 
 386:Drivers/CMSIS/Include/cmsis_gcc.h ****   __ASM volatile ("MRS %0, primask" : "=r" (result) :: "memory");
 387:Drivers/CMSIS/Include/cmsis_gcc.h ****   return(result);
 388:Drivers/CMSIS/Include/cmsis_gcc.h **** }
 389:Drivers/CMSIS/Include/cmsis_gcc.h **** 
 390:Drivers/CMSIS/Include/cmsis_gcc.h **** 
 391:Drivers/CMSIS/Include/cmsis_gcc.h **** #if (defined (__ARM_FEATURE_CMSE ) && (__ARM_FEATURE_CMSE == 3))
 392:Drivers/CMSIS/Include/cmsis_gcc.h **** /**
 393:Drivers/CMSIS/Include/cmsis_gcc.h ****   \brief   Get Priority Mask (non-secure)
 394:Drivers/CMSIS/Include/cmsis_gcc.h ****   \details Returns the current state of the non-secure priority mask bit from the Priority Mask Reg
 395:Drivers/CMSIS/Include/cmsis_gcc.h ****   \return               Priority Mask value
 396:Drivers/CMSIS/Include/cmsis_gcc.h ****  */
 397:Drivers/CMSIS/Include/cmsis_gcc.h **** __STATIC_FORCEINLINE uint32_t __TZ_get_PRIMASK_NS(void)
 398:Drivers/CMSIS/Include/cmsis_gcc.h **** {
 399:Drivers/CMSIS/Include/cmsis_gcc.h ****   uint32_t result;
 400:Drivers/CMSIS/Include/cmsis_gcc.h **** 
 401:Drivers/CMSIS/Include/cmsis_gcc.h ****   __ASM volatile ("MRS %0, primask_ns" : "=r" (result) :: "memory");
 402:Drivers/CMSIS/Include/cmsis_gcc.h ****   return(result);
 403:Drivers/CMSIS/Include/cmsis_gcc.h **** }
 404:Drivers/CMSIS/Include/cmsis_gcc.h **** #endif
 405:Drivers/CMSIS/Include/cmsis_gcc.h **** 
 406:Drivers/CMSIS/Include/cmsis_gcc.h **** 
 407:Drivers/CMSIS/Include/cmsis_gcc.h **** /**
 408:Drivers/CMSIS/Include/cmsis_gcc.h ****   \brief   Set Priority Mask
 409:Drivers/CMSIS/Include/cmsis_gcc.h ****   \details Assigns the given value to the Priority Mask Register.
 410:Drivers/CMSIS/Include/cmsis_gcc.h ****   \param [in]    priMask  Priority Mask
 411:Drivers/CMSIS/Include/cmsis_gcc.h ****  */
ARM GAS  C:\Users\joshr\AppData\Local\Temp\cc1PoiAe.s 			page 22


 412:Drivers/CMSIS/Include/cmsis_gcc.h **** __STATIC_FORCEINLINE void __set_PRIMASK(uint32_t priMask)
 413:Drivers/CMSIS/Include/cmsis_gcc.h **** {
 414:Drivers/CMSIS/Include/cmsis_gcc.h ****   __ASM volatile ("MSR primask, %0" : : "r" (priMask) : "memory");
 415:Drivers/CMSIS/Include/cmsis_gcc.h **** }
 416:Drivers/CMSIS/Include/cmsis_gcc.h **** 
 417:Drivers/CMSIS/Include/cmsis_gcc.h **** 
 418:Drivers/CMSIS/Include/cmsis_gcc.h **** #if (defined (__ARM_FEATURE_CMSE ) && (__ARM_FEATURE_CMSE == 3))
 419:Drivers/CMSIS/Include/cmsis_gcc.h **** /**
 420:Drivers/CMSIS/Include/cmsis_gcc.h ****   \brief   Set Priority Mask (non-secure)
 421:Drivers/CMSIS/Include/cmsis_gcc.h ****   \details Assigns the given value to the non-secure Priority Mask Register when in secure state.
 422:Drivers/CMSIS/Include/cmsis_gcc.h ****   \param [in]    priMask  Priority Mask
 423:Drivers/CMSIS/Include/cmsis_gcc.h ****  */
 424:Drivers/CMSIS/Include/cmsis_gcc.h **** __STATIC_FORCEINLINE void __TZ_set_PRIMASK_NS(uint32_t priMask)
 425:Drivers/CMSIS/Include/cmsis_gcc.h **** {
 426:Drivers/CMSIS/Include/cmsis_gcc.h ****   __ASM volatile ("MSR primask_ns, %0" : : "r" (priMask) : "memory");
 427:Drivers/CMSIS/Include/cmsis_gcc.h **** }
 428:Drivers/CMSIS/Include/cmsis_gcc.h **** #endif
 429:Drivers/CMSIS/Include/cmsis_gcc.h **** 
 430:Drivers/CMSIS/Include/cmsis_gcc.h **** 
 431:Drivers/CMSIS/Include/cmsis_gcc.h **** #if ((defined (__ARM_ARCH_7M__      ) && (__ARM_ARCH_7M__      == 1)) || \
 432:Drivers/CMSIS/Include/cmsis_gcc.h ****      (defined (__ARM_ARCH_7EM__     ) && (__ARM_ARCH_7EM__     == 1)) || \
 433:Drivers/CMSIS/Include/cmsis_gcc.h ****      (defined (__ARM_ARCH_8M_MAIN__ ) && (__ARM_ARCH_8M_MAIN__ == 1))    )
 434:Drivers/CMSIS/Include/cmsis_gcc.h **** /**
 435:Drivers/CMSIS/Include/cmsis_gcc.h ****   \brief   Enable FIQ
 436:Drivers/CMSIS/Include/cmsis_gcc.h ****   \details Enables FIQ interrupts by clearing the F-bit in the CPSR.
 437:Drivers/CMSIS/Include/cmsis_gcc.h ****            Can only be executed in Privileged modes.
 438:Drivers/CMSIS/Include/cmsis_gcc.h ****  */
 439:Drivers/CMSIS/Include/cmsis_gcc.h **** __STATIC_FORCEINLINE void __enable_fault_irq(void)
 440:Drivers/CMSIS/Include/cmsis_gcc.h **** {
 441:Drivers/CMSIS/Include/cmsis_gcc.h ****   __ASM volatile ("cpsie f" : : : "memory");
 442:Drivers/CMSIS/Include/cmsis_gcc.h **** }
 443:Drivers/CMSIS/Include/cmsis_gcc.h **** 
 444:Drivers/CMSIS/Include/cmsis_gcc.h **** 
 445:Drivers/CMSIS/Include/cmsis_gcc.h **** /**
 446:Drivers/CMSIS/Include/cmsis_gcc.h ****   \brief   Disable FIQ
 447:Drivers/CMSIS/Include/cmsis_gcc.h ****   \details Disables FIQ interrupts by setting the F-bit in the CPSR.
 448:Drivers/CMSIS/Include/cmsis_gcc.h ****            Can only be executed in Privileged modes.
 449:Drivers/CMSIS/Include/cmsis_gcc.h ****  */
 450:Drivers/CMSIS/Include/cmsis_gcc.h **** __STATIC_FORCEINLINE void __disable_fault_irq(void)
 451:Drivers/CMSIS/Include/cmsis_gcc.h **** {
 452:Drivers/CMSIS/Include/cmsis_gcc.h ****   __ASM volatile ("cpsid f" : : : "memory");
 453:Drivers/CMSIS/Include/cmsis_gcc.h **** }
 454:Drivers/CMSIS/Include/cmsis_gcc.h **** 
 455:Drivers/CMSIS/Include/cmsis_gcc.h **** 
 456:Drivers/CMSIS/Include/cmsis_gcc.h **** /**
 457:Drivers/CMSIS/Include/cmsis_gcc.h ****   \brief   Get Base Priority
 458:Drivers/CMSIS/Include/cmsis_gcc.h ****   \details Returns the current value of the Base Priority register.
 459:Drivers/CMSIS/Include/cmsis_gcc.h ****   \return               Base Priority register value
 460:Drivers/CMSIS/Include/cmsis_gcc.h ****  */
 461:Drivers/CMSIS/Include/cmsis_gcc.h **** __STATIC_FORCEINLINE uint32_t __get_BASEPRI(void)
 462:Drivers/CMSIS/Include/cmsis_gcc.h **** {
 463:Drivers/CMSIS/Include/cmsis_gcc.h ****   uint32_t result;
 464:Drivers/CMSIS/Include/cmsis_gcc.h **** 
 465:Drivers/CMSIS/Include/cmsis_gcc.h ****   __ASM volatile ("MRS %0, basepri" : "=r" (result) );
 466:Drivers/CMSIS/Include/cmsis_gcc.h ****   return(result);
 467:Drivers/CMSIS/Include/cmsis_gcc.h **** }
 468:Drivers/CMSIS/Include/cmsis_gcc.h **** 
ARM GAS  C:\Users\joshr\AppData\Local\Temp\cc1PoiAe.s 			page 23


 469:Drivers/CMSIS/Include/cmsis_gcc.h **** 
 470:Drivers/CMSIS/Include/cmsis_gcc.h **** #if (defined (__ARM_FEATURE_CMSE ) && (__ARM_FEATURE_CMSE == 3))
 471:Drivers/CMSIS/Include/cmsis_gcc.h **** /**
 472:Drivers/CMSIS/Include/cmsis_gcc.h ****   \brief   Get Base Priority (non-secure)
 473:Drivers/CMSIS/Include/cmsis_gcc.h ****   \details Returns the current value of the non-secure Base Priority register when in secure state.
 474:Drivers/CMSIS/Include/cmsis_gcc.h ****   \return               Base Priority register value
 475:Drivers/CMSIS/Include/cmsis_gcc.h ****  */
 476:Drivers/CMSIS/Include/cmsis_gcc.h **** __STATIC_FORCEINLINE uint32_t __TZ_get_BASEPRI_NS(void)
 477:Drivers/CMSIS/Include/cmsis_gcc.h **** {
 478:Drivers/CMSIS/Include/cmsis_gcc.h ****   uint32_t result;
 479:Drivers/CMSIS/Include/cmsis_gcc.h **** 
 480:Drivers/CMSIS/Include/cmsis_gcc.h ****   __ASM volatile ("MRS %0, basepri_ns" : "=r" (result) );
 481:Drivers/CMSIS/Include/cmsis_gcc.h ****   return(result);
 482:Drivers/CMSIS/Include/cmsis_gcc.h **** }
 483:Drivers/CMSIS/Include/cmsis_gcc.h **** #endif
 484:Drivers/CMSIS/Include/cmsis_gcc.h **** 
 485:Drivers/CMSIS/Include/cmsis_gcc.h **** 
 486:Drivers/CMSIS/Include/cmsis_gcc.h **** /**
 487:Drivers/CMSIS/Include/cmsis_gcc.h ****   \brief   Set Base Priority
 488:Drivers/CMSIS/Include/cmsis_gcc.h ****   \details Assigns the given value to the Base Priority register.
 489:Drivers/CMSIS/Include/cmsis_gcc.h ****   \param [in]    basePri  Base Priority value to set
 490:Drivers/CMSIS/Include/cmsis_gcc.h ****  */
 491:Drivers/CMSIS/Include/cmsis_gcc.h **** __STATIC_FORCEINLINE void __set_BASEPRI(uint32_t basePri)
 492:Drivers/CMSIS/Include/cmsis_gcc.h **** {
 493:Drivers/CMSIS/Include/cmsis_gcc.h ****   __ASM volatile ("MSR basepri, %0" : : "r" (basePri) : "memory");
 494:Drivers/CMSIS/Include/cmsis_gcc.h **** }
 495:Drivers/CMSIS/Include/cmsis_gcc.h **** 
 496:Drivers/CMSIS/Include/cmsis_gcc.h **** 
 497:Drivers/CMSIS/Include/cmsis_gcc.h **** #if (defined (__ARM_FEATURE_CMSE ) && (__ARM_FEATURE_CMSE == 3))
 498:Drivers/CMSIS/Include/cmsis_gcc.h **** /**
 499:Drivers/CMSIS/Include/cmsis_gcc.h ****   \brief   Set Base Priority (non-secure)
 500:Drivers/CMSIS/Include/cmsis_gcc.h ****   \details Assigns the given value to the non-secure Base Priority register when in secure state.
 501:Drivers/CMSIS/Include/cmsis_gcc.h ****   \param [in]    basePri  Base Priority value to set
 502:Drivers/CMSIS/Include/cmsis_gcc.h ****  */
 503:Drivers/CMSIS/Include/cmsis_gcc.h **** __STATIC_FORCEINLINE void __TZ_set_BASEPRI_NS(uint32_t basePri)
 504:Drivers/CMSIS/Include/cmsis_gcc.h **** {
 505:Drivers/CMSIS/Include/cmsis_gcc.h ****   __ASM volatile ("MSR basepri_ns, %0" : : "r" (basePri) : "memory");
 506:Drivers/CMSIS/Include/cmsis_gcc.h **** }
 507:Drivers/CMSIS/Include/cmsis_gcc.h **** #endif
 508:Drivers/CMSIS/Include/cmsis_gcc.h **** 
 509:Drivers/CMSIS/Include/cmsis_gcc.h **** 
 510:Drivers/CMSIS/Include/cmsis_gcc.h **** /**
 511:Drivers/CMSIS/Include/cmsis_gcc.h ****   \brief   Set Base Priority with condition
 512:Drivers/CMSIS/Include/cmsis_gcc.h ****   \details Assigns the given value to the Base Priority register only if BASEPRI masking is disable
 513:Drivers/CMSIS/Include/cmsis_gcc.h ****            or the new value increases the BASEPRI priority level.
 514:Drivers/CMSIS/Include/cmsis_gcc.h ****   \param [in]    basePri  Base Priority value to set
 515:Drivers/CMSIS/Include/cmsis_gcc.h ****  */
 516:Drivers/CMSIS/Include/cmsis_gcc.h **** __STATIC_FORCEINLINE void __set_BASEPRI_MAX(uint32_t basePri)
 517:Drivers/CMSIS/Include/cmsis_gcc.h **** {
 518:Drivers/CMSIS/Include/cmsis_gcc.h ****   __ASM volatile ("MSR basepri_max, %0" : : "r" (basePri) : "memory");
 519:Drivers/CMSIS/Include/cmsis_gcc.h **** }
 520:Drivers/CMSIS/Include/cmsis_gcc.h **** 
 521:Drivers/CMSIS/Include/cmsis_gcc.h **** 
 522:Drivers/CMSIS/Include/cmsis_gcc.h **** /**
 523:Drivers/CMSIS/Include/cmsis_gcc.h ****   \brief   Get Fault Mask
 524:Drivers/CMSIS/Include/cmsis_gcc.h ****   \details Returns the current value of the Fault Mask register.
 525:Drivers/CMSIS/Include/cmsis_gcc.h ****   \return               Fault Mask register value
ARM GAS  C:\Users\joshr\AppData\Local\Temp\cc1PoiAe.s 			page 24


 526:Drivers/CMSIS/Include/cmsis_gcc.h ****  */
 527:Drivers/CMSIS/Include/cmsis_gcc.h **** __STATIC_FORCEINLINE uint32_t __get_FAULTMASK(void)
 528:Drivers/CMSIS/Include/cmsis_gcc.h **** {
 529:Drivers/CMSIS/Include/cmsis_gcc.h ****   uint32_t result;
 530:Drivers/CMSIS/Include/cmsis_gcc.h **** 
 531:Drivers/CMSIS/Include/cmsis_gcc.h ****   __ASM volatile ("MRS %0, faultmask" : "=r" (result) );
 532:Drivers/CMSIS/Include/cmsis_gcc.h ****   return(result);
 533:Drivers/CMSIS/Include/cmsis_gcc.h **** }
 534:Drivers/CMSIS/Include/cmsis_gcc.h **** 
 535:Drivers/CMSIS/Include/cmsis_gcc.h **** 
 536:Drivers/CMSIS/Include/cmsis_gcc.h **** #if (defined (__ARM_FEATURE_CMSE ) && (__ARM_FEATURE_CMSE == 3))
 537:Drivers/CMSIS/Include/cmsis_gcc.h **** /**
 538:Drivers/CMSIS/Include/cmsis_gcc.h ****   \brief   Get Fault Mask (non-secure)
 539:Drivers/CMSIS/Include/cmsis_gcc.h ****   \details Returns the current value of the non-secure Fault Mask register when in secure state.
 540:Drivers/CMSIS/Include/cmsis_gcc.h ****   \return               Fault Mask register value
 541:Drivers/CMSIS/Include/cmsis_gcc.h ****  */
 542:Drivers/CMSIS/Include/cmsis_gcc.h **** __STATIC_FORCEINLINE uint32_t __TZ_get_FAULTMASK_NS(void)
 543:Drivers/CMSIS/Include/cmsis_gcc.h **** {
 544:Drivers/CMSIS/Include/cmsis_gcc.h ****   uint32_t result;
 545:Drivers/CMSIS/Include/cmsis_gcc.h **** 
 546:Drivers/CMSIS/Include/cmsis_gcc.h ****   __ASM volatile ("MRS %0, faultmask_ns" : "=r" (result) );
 547:Drivers/CMSIS/Include/cmsis_gcc.h ****   return(result);
 548:Drivers/CMSIS/Include/cmsis_gcc.h **** }
 549:Drivers/CMSIS/Include/cmsis_gcc.h **** #endif
 550:Drivers/CMSIS/Include/cmsis_gcc.h **** 
 551:Drivers/CMSIS/Include/cmsis_gcc.h **** 
 552:Drivers/CMSIS/Include/cmsis_gcc.h **** /**
 553:Drivers/CMSIS/Include/cmsis_gcc.h ****   \brief   Set Fault Mask
 554:Drivers/CMSIS/Include/cmsis_gcc.h ****   \details Assigns the given value to the Fault Mask register.
 555:Drivers/CMSIS/Include/cmsis_gcc.h ****   \param [in]    faultMask  Fault Mask value to set
 556:Drivers/CMSIS/Include/cmsis_gcc.h ****  */
 557:Drivers/CMSIS/Include/cmsis_gcc.h **** __STATIC_FORCEINLINE void __set_FAULTMASK(uint32_t faultMask)
 558:Drivers/CMSIS/Include/cmsis_gcc.h **** {
 559:Drivers/CMSIS/Include/cmsis_gcc.h ****   __ASM volatile ("MSR faultmask, %0" : : "r" (faultMask) : "memory");
 560:Drivers/CMSIS/Include/cmsis_gcc.h **** }
 561:Drivers/CMSIS/Include/cmsis_gcc.h **** 
 562:Drivers/CMSIS/Include/cmsis_gcc.h **** 
 563:Drivers/CMSIS/Include/cmsis_gcc.h **** #if (defined (__ARM_FEATURE_CMSE ) && (__ARM_FEATURE_CMSE == 3))
 564:Drivers/CMSIS/Include/cmsis_gcc.h **** /**
 565:Drivers/CMSIS/Include/cmsis_gcc.h ****   \brief   Set Fault Mask (non-secure)
 566:Drivers/CMSIS/Include/cmsis_gcc.h ****   \details Assigns the given value to the non-secure Fault Mask register when in secure state.
 567:Drivers/CMSIS/Include/cmsis_gcc.h ****   \param [in]    faultMask  Fault Mask value to set
 568:Drivers/CMSIS/Include/cmsis_gcc.h ****  */
 569:Drivers/CMSIS/Include/cmsis_gcc.h **** __STATIC_FORCEINLINE void __TZ_set_FAULTMASK_NS(uint32_t faultMask)
 570:Drivers/CMSIS/Include/cmsis_gcc.h **** {
 571:Drivers/CMSIS/Include/cmsis_gcc.h ****   __ASM volatile ("MSR faultmask_ns, %0" : : "r" (faultMask) : "memory");
 572:Drivers/CMSIS/Include/cmsis_gcc.h **** }
 573:Drivers/CMSIS/Include/cmsis_gcc.h **** #endif
 574:Drivers/CMSIS/Include/cmsis_gcc.h **** 
 575:Drivers/CMSIS/Include/cmsis_gcc.h **** #endif /* ((defined (__ARM_ARCH_7M__      ) && (__ARM_ARCH_7M__      == 1)) || \
 576:Drivers/CMSIS/Include/cmsis_gcc.h ****            (defined (__ARM_ARCH_7EM__     ) && (__ARM_ARCH_7EM__     == 1)) || \
 577:Drivers/CMSIS/Include/cmsis_gcc.h ****            (defined (__ARM_ARCH_8M_MAIN__ ) && (__ARM_ARCH_8M_MAIN__ == 1))    ) */
 578:Drivers/CMSIS/Include/cmsis_gcc.h **** 
 579:Drivers/CMSIS/Include/cmsis_gcc.h **** 
 580:Drivers/CMSIS/Include/cmsis_gcc.h **** #if ((defined (__ARM_ARCH_8M_MAIN__ ) && (__ARM_ARCH_8M_MAIN__ == 1)) || \
 581:Drivers/CMSIS/Include/cmsis_gcc.h ****      (defined (__ARM_ARCH_8M_BASE__ ) && (__ARM_ARCH_8M_BASE__ == 1))    )
 582:Drivers/CMSIS/Include/cmsis_gcc.h **** 
ARM GAS  C:\Users\joshr\AppData\Local\Temp\cc1PoiAe.s 			page 25


 583:Drivers/CMSIS/Include/cmsis_gcc.h **** /**
 584:Drivers/CMSIS/Include/cmsis_gcc.h ****   \brief   Get Process Stack Pointer Limit
 585:Drivers/CMSIS/Include/cmsis_gcc.h ****   Devices without ARMv8-M Main Extensions (i.e. Cortex-M23) lack the non-secure
 586:Drivers/CMSIS/Include/cmsis_gcc.h ****   Stack Pointer Limit register hence zero is returned always in non-secure
 587:Drivers/CMSIS/Include/cmsis_gcc.h ****   mode.
 588:Drivers/CMSIS/Include/cmsis_gcc.h ****   
 589:Drivers/CMSIS/Include/cmsis_gcc.h ****   \details Returns the current value of the Process Stack Pointer Limit (PSPLIM).
 590:Drivers/CMSIS/Include/cmsis_gcc.h ****   \return               PSPLIM Register value
 591:Drivers/CMSIS/Include/cmsis_gcc.h ****  */
 592:Drivers/CMSIS/Include/cmsis_gcc.h **** __STATIC_FORCEINLINE uint32_t __get_PSPLIM(void)
 593:Drivers/CMSIS/Include/cmsis_gcc.h **** {
 594:Drivers/CMSIS/Include/cmsis_gcc.h **** #if (!(defined (__ARM_ARCH_8M_MAIN__ ) && (__ARM_ARCH_8M_MAIN__ == 1)) && \
 595:Drivers/CMSIS/Include/cmsis_gcc.h ****     (!defined (__ARM_FEATURE_CMSE) || (__ARM_FEATURE_CMSE < 3)))
 596:Drivers/CMSIS/Include/cmsis_gcc.h ****     // without main extensions, the non-secure PSPLIM is RAZ/WI
 597:Drivers/CMSIS/Include/cmsis_gcc.h ****   return 0U;
 598:Drivers/CMSIS/Include/cmsis_gcc.h **** #else
 599:Drivers/CMSIS/Include/cmsis_gcc.h ****   uint32_t result;
 600:Drivers/CMSIS/Include/cmsis_gcc.h ****   __ASM volatile ("MRS %0, psplim"  : "=r" (result) );
 601:Drivers/CMSIS/Include/cmsis_gcc.h ****   return result;
 602:Drivers/CMSIS/Include/cmsis_gcc.h **** #endif
 603:Drivers/CMSIS/Include/cmsis_gcc.h **** }
 604:Drivers/CMSIS/Include/cmsis_gcc.h **** 
 605:Drivers/CMSIS/Include/cmsis_gcc.h **** #if (defined (__ARM_FEATURE_CMSE) && (__ARM_FEATURE_CMSE == 3))
 606:Drivers/CMSIS/Include/cmsis_gcc.h **** /**
 607:Drivers/CMSIS/Include/cmsis_gcc.h ****   \brief   Get Process Stack Pointer Limit (non-secure)
 608:Drivers/CMSIS/Include/cmsis_gcc.h ****   Devices without ARMv8-M Main Extensions (i.e. Cortex-M23) lack the non-secure
 609:Drivers/CMSIS/Include/cmsis_gcc.h ****   Stack Pointer Limit register hence zero is returned always.
 610:Drivers/CMSIS/Include/cmsis_gcc.h **** 
 611:Drivers/CMSIS/Include/cmsis_gcc.h ****   \details Returns the current value of the non-secure Process Stack Pointer Limit (PSPLIM) when in
 612:Drivers/CMSIS/Include/cmsis_gcc.h ****   \return               PSPLIM Register value
 613:Drivers/CMSIS/Include/cmsis_gcc.h ****  */
 614:Drivers/CMSIS/Include/cmsis_gcc.h **** __STATIC_FORCEINLINE uint32_t __TZ_get_PSPLIM_NS(void)
 615:Drivers/CMSIS/Include/cmsis_gcc.h **** {
 616:Drivers/CMSIS/Include/cmsis_gcc.h **** #if (!(defined (__ARM_ARCH_8M_MAIN__ ) && (__ARM_ARCH_8M_MAIN__ == 1)))
 617:Drivers/CMSIS/Include/cmsis_gcc.h ****   // without main extensions, the non-secure PSPLIM is RAZ/WI
 618:Drivers/CMSIS/Include/cmsis_gcc.h ****   return 0U;
 619:Drivers/CMSIS/Include/cmsis_gcc.h **** #else
 620:Drivers/CMSIS/Include/cmsis_gcc.h ****   uint32_t result;
 621:Drivers/CMSIS/Include/cmsis_gcc.h ****   __ASM volatile ("MRS %0, psplim_ns"  : "=r" (result) );
 622:Drivers/CMSIS/Include/cmsis_gcc.h ****   return result;
 623:Drivers/CMSIS/Include/cmsis_gcc.h **** #endif
 624:Drivers/CMSIS/Include/cmsis_gcc.h **** }
 625:Drivers/CMSIS/Include/cmsis_gcc.h **** #endif
 626:Drivers/CMSIS/Include/cmsis_gcc.h **** 
 627:Drivers/CMSIS/Include/cmsis_gcc.h **** 
 628:Drivers/CMSIS/Include/cmsis_gcc.h **** /**
 629:Drivers/CMSIS/Include/cmsis_gcc.h ****   \brief   Set Process Stack Pointer Limit
 630:Drivers/CMSIS/Include/cmsis_gcc.h ****   Devices without ARMv8-M Main Extensions (i.e. Cortex-M23) lack the non-secure
 631:Drivers/CMSIS/Include/cmsis_gcc.h ****   Stack Pointer Limit register hence the write is silently ignored in non-secure
 632:Drivers/CMSIS/Include/cmsis_gcc.h ****   mode.
 633:Drivers/CMSIS/Include/cmsis_gcc.h ****   
 634:Drivers/CMSIS/Include/cmsis_gcc.h ****   \details Assigns the given value to the Process Stack Pointer Limit (PSPLIM).
 635:Drivers/CMSIS/Include/cmsis_gcc.h ****   \param [in]    ProcStackPtrLimit  Process Stack Pointer Limit value to set
 636:Drivers/CMSIS/Include/cmsis_gcc.h ****  */
 637:Drivers/CMSIS/Include/cmsis_gcc.h **** __STATIC_FORCEINLINE void __set_PSPLIM(uint32_t ProcStackPtrLimit)
 638:Drivers/CMSIS/Include/cmsis_gcc.h **** {
 639:Drivers/CMSIS/Include/cmsis_gcc.h **** #if (!(defined (__ARM_ARCH_8M_MAIN__ ) && (__ARM_ARCH_8M_MAIN__ == 1)) && \
ARM GAS  C:\Users\joshr\AppData\Local\Temp\cc1PoiAe.s 			page 26


 640:Drivers/CMSIS/Include/cmsis_gcc.h ****     (!defined (__ARM_FEATURE_CMSE) || (__ARM_FEATURE_CMSE < 3)))
 641:Drivers/CMSIS/Include/cmsis_gcc.h ****   // without main extensions, the non-secure PSPLIM is RAZ/WI
 642:Drivers/CMSIS/Include/cmsis_gcc.h ****   (void)ProcStackPtrLimit;
 643:Drivers/CMSIS/Include/cmsis_gcc.h **** #else
 644:Drivers/CMSIS/Include/cmsis_gcc.h ****   __ASM volatile ("MSR psplim, %0" : : "r" (ProcStackPtrLimit));
 645:Drivers/CMSIS/Include/cmsis_gcc.h **** #endif
 646:Drivers/CMSIS/Include/cmsis_gcc.h **** }
 647:Drivers/CMSIS/Include/cmsis_gcc.h **** 
 648:Drivers/CMSIS/Include/cmsis_gcc.h **** 
 649:Drivers/CMSIS/Include/cmsis_gcc.h **** #if (defined (__ARM_FEATURE_CMSE  ) && (__ARM_FEATURE_CMSE   == 3))
 650:Drivers/CMSIS/Include/cmsis_gcc.h **** /**
 651:Drivers/CMSIS/Include/cmsis_gcc.h ****   \brief   Set Process Stack Pointer (non-secure)
 652:Drivers/CMSIS/Include/cmsis_gcc.h ****   Devices without ARMv8-M Main Extensions (i.e. Cortex-M23) lack the non-secure
 653:Drivers/CMSIS/Include/cmsis_gcc.h ****   Stack Pointer Limit register hence the write is silently ignored.
 654:Drivers/CMSIS/Include/cmsis_gcc.h **** 
 655:Drivers/CMSIS/Include/cmsis_gcc.h ****   \details Assigns the given value to the non-secure Process Stack Pointer Limit (PSPLIM) when in s
 656:Drivers/CMSIS/Include/cmsis_gcc.h ****   \param [in]    ProcStackPtrLimit  Process Stack Pointer Limit value to set
 657:Drivers/CMSIS/Include/cmsis_gcc.h ****  */
 658:Drivers/CMSIS/Include/cmsis_gcc.h **** __STATIC_FORCEINLINE void __TZ_set_PSPLIM_NS(uint32_t ProcStackPtrLimit)
 659:Drivers/CMSIS/Include/cmsis_gcc.h **** {
 660:Drivers/CMSIS/Include/cmsis_gcc.h **** #if (!(defined (__ARM_ARCH_8M_MAIN__ ) && (__ARM_ARCH_8M_MAIN__ == 1)))
 661:Drivers/CMSIS/Include/cmsis_gcc.h ****   // without main extensions, the non-secure PSPLIM is RAZ/WI
 662:Drivers/CMSIS/Include/cmsis_gcc.h ****   (void)ProcStackPtrLimit;
 663:Drivers/CMSIS/Include/cmsis_gcc.h **** #else
 664:Drivers/CMSIS/Include/cmsis_gcc.h ****   __ASM volatile ("MSR psplim_ns, %0\n" : : "r" (ProcStackPtrLimit));
 665:Drivers/CMSIS/Include/cmsis_gcc.h **** #endif
 666:Drivers/CMSIS/Include/cmsis_gcc.h **** }
 667:Drivers/CMSIS/Include/cmsis_gcc.h **** #endif
 668:Drivers/CMSIS/Include/cmsis_gcc.h **** 
 669:Drivers/CMSIS/Include/cmsis_gcc.h **** 
 670:Drivers/CMSIS/Include/cmsis_gcc.h **** /**
 671:Drivers/CMSIS/Include/cmsis_gcc.h ****   \brief   Get Main Stack Pointer Limit
 672:Drivers/CMSIS/Include/cmsis_gcc.h ****   Devices without ARMv8-M Main Extensions (i.e. Cortex-M23) lack the non-secure
 673:Drivers/CMSIS/Include/cmsis_gcc.h ****   Stack Pointer Limit register hence zero is returned always in non-secure
 674:Drivers/CMSIS/Include/cmsis_gcc.h ****   mode.
 675:Drivers/CMSIS/Include/cmsis_gcc.h **** 
 676:Drivers/CMSIS/Include/cmsis_gcc.h ****   \details Returns the current value of the Main Stack Pointer Limit (MSPLIM).
 677:Drivers/CMSIS/Include/cmsis_gcc.h ****   \return               MSPLIM Register value
 678:Drivers/CMSIS/Include/cmsis_gcc.h ****  */
 679:Drivers/CMSIS/Include/cmsis_gcc.h **** __STATIC_FORCEINLINE uint32_t __get_MSPLIM(void)
 680:Drivers/CMSIS/Include/cmsis_gcc.h **** {
 681:Drivers/CMSIS/Include/cmsis_gcc.h **** #if (!(defined (__ARM_ARCH_8M_MAIN__ ) && (__ARM_ARCH_8M_MAIN__ == 1)) && \
 682:Drivers/CMSIS/Include/cmsis_gcc.h ****     (!defined (__ARM_FEATURE_CMSE) || (__ARM_FEATURE_CMSE < 3)))
 683:Drivers/CMSIS/Include/cmsis_gcc.h ****   // without main extensions, the non-secure MSPLIM is RAZ/WI
 684:Drivers/CMSIS/Include/cmsis_gcc.h ****   return 0U;
 685:Drivers/CMSIS/Include/cmsis_gcc.h **** #else
 686:Drivers/CMSIS/Include/cmsis_gcc.h ****   uint32_t result;
 687:Drivers/CMSIS/Include/cmsis_gcc.h ****   __ASM volatile ("MRS %0, msplim" : "=r" (result) );
 688:Drivers/CMSIS/Include/cmsis_gcc.h ****   return result;
 689:Drivers/CMSIS/Include/cmsis_gcc.h **** #endif
 690:Drivers/CMSIS/Include/cmsis_gcc.h **** }
 691:Drivers/CMSIS/Include/cmsis_gcc.h **** 
 692:Drivers/CMSIS/Include/cmsis_gcc.h **** 
 693:Drivers/CMSIS/Include/cmsis_gcc.h **** #if (defined (__ARM_FEATURE_CMSE  ) && (__ARM_FEATURE_CMSE   == 3))
 694:Drivers/CMSIS/Include/cmsis_gcc.h **** /**
 695:Drivers/CMSIS/Include/cmsis_gcc.h ****   \brief   Get Main Stack Pointer Limit (non-secure)
 696:Drivers/CMSIS/Include/cmsis_gcc.h ****   Devices without ARMv8-M Main Extensions (i.e. Cortex-M23) lack the non-secure
ARM GAS  C:\Users\joshr\AppData\Local\Temp\cc1PoiAe.s 			page 27


 697:Drivers/CMSIS/Include/cmsis_gcc.h ****   Stack Pointer Limit register hence zero is returned always.
 698:Drivers/CMSIS/Include/cmsis_gcc.h **** 
 699:Drivers/CMSIS/Include/cmsis_gcc.h ****   \details Returns the current value of the non-secure Main Stack Pointer Limit(MSPLIM) when in sec
 700:Drivers/CMSIS/Include/cmsis_gcc.h ****   \return               MSPLIM Register value
 701:Drivers/CMSIS/Include/cmsis_gcc.h ****  */
 702:Drivers/CMSIS/Include/cmsis_gcc.h **** __STATIC_FORCEINLINE uint32_t __TZ_get_MSPLIM_NS(void)
 703:Drivers/CMSIS/Include/cmsis_gcc.h **** {
 704:Drivers/CMSIS/Include/cmsis_gcc.h **** #if (!(defined (__ARM_ARCH_8M_MAIN__ ) && (__ARM_ARCH_8M_MAIN__ == 1)))
 705:Drivers/CMSIS/Include/cmsis_gcc.h ****   // without main extensions, the non-secure MSPLIM is RAZ/WI
 706:Drivers/CMSIS/Include/cmsis_gcc.h ****   return 0U;
 707:Drivers/CMSIS/Include/cmsis_gcc.h **** #else
 708:Drivers/CMSIS/Include/cmsis_gcc.h ****   uint32_t result;
 709:Drivers/CMSIS/Include/cmsis_gcc.h ****   __ASM volatile ("MRS %0, msplim_ns" : "=r" (result) );
 710:Drivers/CMSIS/Include/cmsis_gcc.h ****   return result;
 711:Drivers/CMSIS/Include/cmsis_gcc.h **** #endif
 712:Drivers/CMSIS/Include/cmsis_gcc.h **** }
 713:Drivers/CMSIS/Include/cmsis_gcc.h **** #endif
 714:Drivers/CMSIS/Include/cmsis_gcc.h **** 
 715:Drivers/CMSIS/Include/cmsis_gcc.h **** 
 716:Drivers/CMSIS/Include/cmsis_gcc.h **** /**
 717:Drivers/CMSIS/Include/cmsis_gcc.h ****   \brief   Set Main Stack Pointer Limit
 718:Drivers/CMSIS/Include/cmsis_gcc.h ****   Devices without ARMv8-M Main Extensions (i.e. Cortex-M23) lack the non-secure
 719:Drivers/CMSIS/Include/cmsis_gcc.h ****   Stack Pointer Limit register hence the write is silently ignored in non-secure
 720:Drivers/CMSIS/Include/cmsis_gcc.h ****   mode.
 721:Drivers/CMSIS/Include/cmsis_gcc.h **** 
 722:Drivers/CMSIS/Include/cmsis_gcc.h ****   \details Assigns the given value to the Main Stack Pointer Limit (MSPLIM).
 723:Drivers/CMSIS/Include/cmsis_gcc.h ****   \param [in]    MainStackPtrLimit  Main Stack Pointer Limit value to set
 724:Drivers/CMSIS/Include/cmsis_gcc.h ****  */
 725:Drivers/CMSIS/Include/cmsis_gcc.h **** __STATIC_FORCEINLINE void __set_MSPLIM(uint32_t MainStackPtrLimit)
 726:Drivers/CMSIS/Include/cmsis_gcc.h **** {
 727:Drivers/CMSIS/Include/cmsis_gcc.h **** #if (!(defined (__ARM_ARCH_8M_MAIN__ ) && (__ARM_ARCH_8M_MAIN__ == 1)) && \
 728:Drivers/CMSIS/Include/cmsis_gcc.h ****     (!defined (__ARM_FEATURE_CMSE) || (__ARM_FEATURE_CMSE < 3)))
 729:Drivers/CMSIS/Include/cmsis_gcc.h ****   // without main extensions, the non-secure MSPLIM is RAZ/WI
 730:Drivers/CMSIS/Include/cmsis_gcc.h ****   (void)MainStackPtrLimit;
 731:Drivers/CMSIS/Include/cmsis_gcc.h **** #else
 732:Drivers/CMSIS/Include/cmsis_gcc.h ****   __ASM volatile ("MSR msplim, %0" : : "r" (MainStackPtrLimit));
 733:Drivers/CMSIS/Include/cmsis_gcc.h **** #endif
 734:Drivers/CMSIS/Include/cmsis_gcc.h **** }
 735:Drivers/CMSIS/Include/cmsis_gcc.h **** 
 736:Drivers/CMSIS/Include/cmsis_gcc.h **** 
 737:Drivers/CMSIS/Include/cmsis_gcc.h **** #if (defined (__ARM_FEATURE_CMSE  ) && (__ARM_FEATURE_CMSE   == 3))
 738:Drivers/CMSIS/Include/cmsis_gcc.h **** /**
 739:Drivers/CMSIS/Include/cmsis_gcc.h ****   \brief   Set Main Stack Pointer Limit (non-secure)
 740:Drivers/CMSIS/Include/cmsis_gcc.h ****   Devices without ARMv8-M Main Extensions (i.e. Cortex-M23) lack the non-secure
 741:Drivers/CMSIS/Include/cmsis_gcc.h ****   Stack Pointer Limit register hence the write is silently ignored.
 742:Drivers/CMSIS/Include/cmsis_gcc.h **** 
 743:Drivers/CMSIS/Include/cmsis_gcc.h ****   \details Assigns the given value to the non-secure Main Stack Pointer Limit (MSPLIM) when in secu
 744:Drivers/CMSIS/Include/cmsis_gcc.h ****   \param [in]    MainStackPtrLimit  Main Stack Pointer value to set
 745:Drivers/CMSIS/Include/cmsis_gcc.h ****  */
 746:Drivers/CMSIS/Include/cmsis_gcc.h **** __STATIC_FORCEINLINE void __TZ_set_MSPLIM_NS(uint32_t MainStackPtrLimit)
 747:Drivers/CMSIS/Include/cmsis_gcc.h **** {
 748:Drivers/CMSIS/Include/cmsis_gcc.h **** #if (!(defined (__ARM_ARCH_8M_MAIN__ ) && (__ARM_ARCH_8M_MAIN__ == 1)))
 749:Drivers/CMSIS/Include/cmsis_gcc.h ****   // without main extensions, the non-secure MSPLIM is RAZ/WI
 750:Drivers/CMSIS/Include/cmsis_gcc.h ****   (void)MainStackPtrLimit;
 751:Drivers/CMSIS/Include/cmsis_gcc.h **** #else
 752:Drivers/CMSIS/Include/cmsis_gcc.h ****   __ASM volatile ("MSR msplim_ns, %0" : : "r" (MainStackPtrLimit));
 753:Drivers/CMSIS/Include/cmsis_gcc.h **** #endif
ARM GAS  C:\Users\joshr\AppData\Local\Temp\cc1PoiAe.s 			page 28


 754:Drivers/CMSIS/Include/cmsis_gcc.h **** }
 755:Drivers/CMSIS/Include/cmsis_gcc.h **** #endif
 756:Drivers/CMSIS/Include/cmsis_gcc.h **** 
 757:Drivers/CMSIS/Include/cmsis_gcc.h **** #endif /* ((defined (__ARM_ARCH_8M_MAIN__ ) && (__ARM_ARCH_8M_MAIN__ == 1)) || \
 758:Drivers/CMSIS/Include/cmsis_gcc.h ****            (defined (__ARM_ARCH_8M_BASE__ ) && (__ARM_ARCH_8M_BASE__ == 1))    ) */
 759:Drivers/CMSIS/Include/cmsis_gcc.h **** 
 760:Drivers/CMSIS/Include/cmsis_gcc.h **** 
 761:Drivers/CMSIS/Include/cmsis_gcc.h **** /**
 762:Drivers/CMSIS/Include/cmsis_gcc.h ****   \brief   Get FPSCR
 763:Drivers/CMSIS/Include/cmsis_gcc.h ****   \details Returns the current value of the Floating Point Status/Control register.
 764:Drivers/CMSIS/Include/cmsis_gcc.h ****   \return               Floating Point Status/Control register value
 765:Drivers/CMSIS/Include/cmsis_gcc.h ****  */
 766:Drivers/CMSIS/Include/cmsis_gcc.h **** __STATIC_FORCEINLINE uint32_t __get_FPSCR(void)
 767:Drivers/CMSIS/Include/cmsis_gcc.h **** {
 768:Drivers/CMSIS/Include/cmsis_gcc.h **** #if ((defined (__FPU_PRESENT) && (__FPU_PRESENT == 1U)) && \
 769:Drivers/CMSIS/Include/cmsis_gcc.h ****      (defined (__FPU_USED   ) && (__FPU_USED    == 1U))     )
 770:Drivers/CMSIS/Include/cmsis_gcc.h **** #if __has_builtin(__builtin_arm_get_fpscr) 
 771:Drivers/CMSIS/Include/cmsis_gcc.h **** // Re-enable using built-in when GCC has been fixed
 772:Drivers/CMSIS/Include/cmsis_gcc.h **** // || (__GNUC__ > 7) || (__GNUC__ == 7 && __GNUC_MINOR__ >= 2)
 773:Drivers/CMSIS/Include/cmsis_gcc.h ****   /* see https://gcc.gnu.org/ml/gcc-patches/2017-04/msg00443.html */
 774:Drivers/CMSIS/Include/cmsis_gcc.h ****   return __builtin_arm_get_fpscr();
 775:Drivers/CMSIS/Include/cmsis_gcc.h **** #else
 776:Drivers/CMSIS/Include/cmsis_gcc.h ****   uint32_t result;
 777:Drivers/CMSIS/Include/cmsis_gcc.h **** 
 778:Drivers/CMSIS/Include/cmsis_gcc.h ****   __ASM volatile ("VMRS %0, fpscr" : "=r" (result) );
 779:Drivers/CMSIS/Include/cmsis_gcc.h ****   return(result);
 780:Drivers/CMSIS/Include/cmsis_gcc.h **** #endif
 781:Drivers/CMSIS/Include/cmsis_gcc.h **** #else
 782:Drivers/CMSIS/Include/cmsis_gcc.h ****   return(0U);
 783:Drivers/CMSIS/Include/cmsis_gcc.h **** #endif
 784:Drivers/CMSIS/Include/cmsis_gcc.h **** }
 785:Drivers/CMSIS/Include/cmsis_gcc.h **** 
 786:Drivers/CMSIS/Include/cmsis_gcc.h **** 
 787:Drivers/CMSIS/Include/cmsis_gcc.h **** /**
 788:Drivers/CMSIS/Include/cmsis_gcc.h ****   \brief   Set FPSCR
 789:Drivers/CMSIS/Include/cmsis_gcc.h ****   \details Assigns the given value to the Floating Point Status/Control register.
 790:Drivers/CMSIS/Include/cmsis_gcc.h ****   \param [in]    fpscr  Floating Point Status/Control value to set
 791:Drivers/CMSIS/Include/cmsis_gcc.h ****  */
 792:Drivers/CMSIS/Include/cmsis_gcc.h **** __STATIC_FORCEINLINE void __set_FPSCR(uint32_t fpscr)
 793:Drivers/CMSIS/Include/cmsis_gcc.h **** {
 794:Drivers/CMSIS/Include/cmsis_gcc.h **** #if ((defined (__FPU_PRESENT) && (__FPU_PRESENT == 1U)) && \
 795:Drivers/CMSIS/Include/cmsis_gcc.h ****      (defined (__FPU_USED   ) && (__FPU_USED    == 1U))     )
 796:Drivers/CMSIS/Include/cmsis_gcc.h **** #if __has_builtin(__builtin_arm_set_fpscr)
 797:Drivers/CMSIS/Include/cmsis_gcc.h **** // Re-enable using built-in when GCC has been fixed
 798:Drivers/CMSIS/Include/cmsis_gcc.h **** // || (__GNUC__ > 7) || (__GNUC__ == 7 && __GNUC_MINOR__ >= 2)
 799:Drivers/CMSIS/Include/cmsis_gcc.h ****   /* see https://gcc.gnu.org/ml/gcc-patches/2017-04/msg00443.html */
 800:Drivers/CMSIS/Include/cmsis_gcc.h ****   __builtin_arm_set_fpscr(fpscr);
 801:Drivers/CMSIS/Include/cmsis_gcc.h **** #else
 802:Drivers/CMSIS/Include/cmsis_gcc.h ****   __ASM volatile ("VMSR fpscr, %0" : : "r" (fpscr) : "vfpcc", "memory");
 803:Drivers/CMSIS/Include/cmsis_gcc.h **** #endif
 804:Drivers/CMSIS/Include/cmsis_gcc.h **** #else
 805:Drivers/CMSIS/Include/cmsis_gcc.h ****   (void)fpscr;
 806:Drivers/CMSIS/Include/cmsis_gcc.h **** #endif
 807:Drivers/CMSIS/Include/cmsis_gcc.h **** }
 808:Drivers/CMSIS/Include/cmsis_gcc.h **** 
 809:Drivers/CMSIS/Include/cmsis_gcc.h **** 
 810:Drivers/CMSIS/Include/cmsis_gcc.h **** /*@} end of CMSIS_Core_RegAccFunctions */
ARM GAS  C:\Users\joshr\AppData\Local\Temp\cc1PoiAe.s 			page 29


 811:Drivers/CMSIS/Include/cmsis_gcc.h **** 
 812:Drivers/CMSIS/Include/cmsis_gcc.h **** 
 813:Drivers/CMSIS/Include/cmsis_gcc.h **** /* ##########################  Core Instruction Access  ######################### */
 814:Drivers/CMSIS/Include/cmsis_gcc.h **** /** \defgroup CMSIS_Core_InstructionInterface CMSIS Core Instruction Interface
 815:Drivers/CMSIS/Include/cmsis_gcc.h ****   Access to dedicated instructions
 816:Drivers/CMSIS/Include/cmsis_gcc.h ****   @{
 817:Drivers/CMSIS/Include/cmsis_gcc.h **** */
 818:Drivers/CMSIS/Include/cmsis_gcc.h **** 
 819:Drivers/CMSIS/Include/cmsis_gcc.h **** /* Define macros for porting to both thumb1 and thumb2.
 820:Drivers/CMSIS/Include/cmsis_gcc.h ****  * For thumb1, use low register (r0-r7), specified by constraint "l"
 821:Drivers/CMSIS/Include/cmsis_gcc.h ****  * Otherwise, use general registers, specified by constraint "r" */
 822:Drivers/CMSIS/Include/cmsis_gcc.h **** #if defined (__thumb__) && !defined (__thumb2__)
 823:Drivers/CMSIS/Include/cmsis_gcc.h **** #define __CMSIS_GCC_OUT_REG(r) "=l" (r)
 824:Drivers/CMSIS/Include/cmsis_gcc.h **** #define __CMSIS_GCC_RW_REG(r) "+l" (r)
 825:Drivers/CMSIS/Include/cmsis_gcc.h **** #define __CMSIS_GCC_USE_REG(r) "l" (r)
 826:Drivers/CMSIS/Include/cmsis_gcc.h **** #else
 827:Drivers/CMSIS/Include/cmsis_gcc.h **** #define __CMSIS_GCC_OUT_REG(r) "=r" (r)
 828:Drivers/CMSIS/Include/cmsis_gcc.h **** #define __CMSIS_GCC_RW_REG(r) "+r" (r)
 829:Drivers/CMSIS/Include/cmsis_gcc.h **** #define __CMSIS_GCC_USE_REG(r) "r" (r)
 830:Drivers/CMSIS/Include/cmsis_gcc.h **** #endif
 831:Drivers/CMSIS/Include/cmsis_gcc.h **** 
 832:Drivers/CMSIS/Include/cmsis_gcc.h **** /**
 833:Drivers/CMSIS/Include/cmsis_gcc.h ****   \brief   No Operation
 834:Drivers/CMSIS/Include/cmsis_gcc.h ****   \details No Operation does nothing. This instruction can be used for code alignment purposes.
 835:Drivers/CMSIS/Include/cmsis_gcc.h ****  */
 836:Drivers/CMSIS/Include/cmsis_gcc.h **** #define __NOP()                             __ASM volatile ("nop")
 837:Drivers/CMSIS/Include/cmsis_gcc.h **** 
 838:Drivers/CMSIS/Include/cmsis_gcc.h **** /**
 839:Drivers/CMSIS/Include/cmsis_gcc.h ****   \brief   Wait For Interrupt
 840:Drivers/CMSIS/Include/cmsis_gcc.h ****   \details Wait For Interrupt is a hint instruction that suspends execution until one of a number o
 841:Drivers/CMSIS/Include/cmsis_gcc.h ****  */
 842:Drivers/CMSIS/Include/cmsis_gcc.h **** #define __WFI()                             __ASM volatile ("wfi")
 843:Drivers/CMSIS/Include/cmsis_gcc.h **** 
 844:Drivers/CMSIS/Include/cmsis_gcc.h **** 
 845:Drivers/CMSIS/Include/cmsis_gcc.h **** /**
 846:Drivers/CMSIS/Include/cmsis_gcc.h ****   \brief   Wait For Event
 847:Drivers/CMSIS/Include/cmsis_gcc.h ****   \details Wait For Event is a hint instruction that permits the processor to enter
 848:Drivers/CMSIS/Include/cmsis_gcc.h ****            a low-power state until one of a number of events occurs.
 849:Drivers/CMSIS/Include/cmsis_gcc.h ****  */
 850:Drivers/CMSIS/Include/cmsis_gcc.h **** #define __WFE()                             __ASM volatile ("wfe")
 851:Drivers/CMSIS/Include/cmsis_gcc.h **** 
 852:Drivers/CMSIS/Include/cmsis_gcc.h **** 
 853:Drivers/CMSIS/Include/cmsis_gcc.h **** /**
 854:Drivers/CMSIS/Include/cmsis_gcc.h ****   \brief   Send Event
 855:Drivers/CMSIS/Include/cmsis_gcc.h ****   \details Send Event is a hint instruction. It causes an event to be signaled to the CPU.
 856:Drivers/CMSIS/Include/cmsis_gcc.h ****  */
 857:Drivers/CMSIS/Include/cmsis_gcc.h **** #define __SEV()                             __ASM volatile ("sev")
 858:Drivers/CMSIS/Include/cmsis_gcc.h **** 
 859:Drivers/CMSIS/Include/cmsis_gcc.h **** 
 860:Drivers/CMSIS/Include/cmsis_gcc.h **** /**
 861:Drivers/CMSIS/Include/cmsis_gcc.h ****   \brief   Instruction Synchronization Barrier
 862:Drivers/CMSIS/Include/cmsis_gcc.h ****   \details Instruction Synchronization Barrier flushes the pipeline in the processor,
 863:Drivers/CMSIS/Include/cmsis_gcc.h ****            so that all instructions following the ISB are fetched from cache or memory,
 864:Drivers/CMSIS/Include/cmsis_gcc.h ****            after the instruction has been completed.
 865:Drivers/CMSIS/Include/cmsis_gcc.h ****  */
 866:Drivers/CMSIS/Include/cmsis_gcc.h **** __STATIC_FORCEINLINE void __ISB(void)
 867:Drivers/CMSIS/Include/cmsis_gcc.h **** {
ARM GAS  C:\Users\joshr\AppData\Local\Temp\cc1PoiAe.s 			page 30


 868:Drivers/CMSIS/Include/cmsis_gcc.h ****   __ASM volatile ("isb 0xF":::"memory");
 869:Drivers/CMSIS/Include/cmsis_gcc.h **** }
 870:Drivers/CMSIS/Include/cmsis_gcc.h **** 
 871:Drivers/CMSIS/Include/cmsis_gcc.h **** 
 872:Drivers/CMSIS/Include/cmsis_gcc.h **** /**
 873:Drivers/CMSIS/Include/cmsis_gcc.h ****   \brief   Data Synchronization Barrier
 874:Drivers/CMSIS/Include/cmsis_gcc.h ****   \details Acts as a special kind of Data Memory Barrier.
 875:Drivers/CMSIS/Include/cmsis_gcc.h ****            It completes when all explicit memory accesses before this instruction complete.
 876:Drivers/CMSIS/Include/cmsis_gcc.h ****  */
 877:Drivers/CMSIS/Include/cmsis_gcc.h **** __STATIC_FORCEINLINE void __DSB(void)
 878:Drivers/CMSIS/Include/cmsis_gcc.h **** {
 879:Drivers/CMSIS/Include/cmsis_gcc.h ****   __ASM volatile ("dsb 0xF":::"memory");
 127              		.loc 3 879 3
 128              		.syntax divided
 129              	@ 879 "Drivers/CMSIS/Include/cmsis_gcc.h" 1
 130 002a BFF34F8F 		dsb 0xF
 131              	@ 0 "" 2
 880:Drivers/CMSIS/Include/cmsis_gcc.h **** }
 132              		.loc 3 880 1
 133              		.thumb
 134              		.syntax unified
 135 002e C046     		nop
 136              	.LBE11:
 137              	.LBE10:
 138              	.LBB12:
 139              	.LBB13:
 868:Drivers/CMSIS/Include/cmsis_gcc.h **** }
 140              		.loc 3 868 3
 141              		.syntax divided
 142              	@ 868 "Drivers/CMSIS/Include/cmsis_gcc.h" 1
 143 0030 BFF36F8F 		isb 0xF
 144              	@ 0 "" 2
 869:Drivers/CMSIS/Include/cmsis_gcc.h **** 
 145              		.loc 3 869 1
 146              		.thumb
 147              		.syntax unified
 148 0034 C046     		nop
 149              	.L8:
 150              	.LBE13:
 151              	.LBE12:
 664:Drivers/CMSIS/Include/core_cm0.h ****     __DSB();
 665:Drivers/CMSIS/Include/core_cm0.h ****     __ISB();
 666:Drivers/CMSIS/Include/core_cm0.h ****   }
 667:Drivers/CMSIS/Include/core_cm0.h **** }
 152              		.loc 2 667 1
 153 0036 C046     		nop
 154 0038 BD46     		mov	sp, r7
 155 003a 02B0     		add	sp, sp, #8
 156              		@ sp needed
 157 003c 80BD     		pop	{r7, pc}
 158              	.L10:
 159 003e C046     		.align	2
 160              	.L9:
 161 0040 00E100E0 		.word	-536813312
 162              		.cfi_endproc
 163              	.LFE27:
 165              		.section	.text.__NVIC_GetPendingIRQ,"ax",%progbits
ARM GAS  C:\Users\joshr\AppData\Local\Temp\cc1PoiAe.s 			page 31


 166              		.align	1
 167              		.syntax unified
 168              		.code	16
 169              		.thumb_func
 171              	__NVIC_GetPendingIRQ:
 172              	.LFB28:
 668:Drivers/CMSIS/Include/core_cm0.h **** 
 669:Drivers/CMSIS/Include/core_cm0.h **** 
 670:Drivers/CMSIS/Include/core_cm0.h **** /**
 671:Drivers/CMSIS/Include/core_cm0.h ****   \brief   Get Pending Interrupt
 672:Drivers/CMSIS/Include/core_cm0.h ****   \details Reads the NVIC pending register and returns the pending bit for the specified device spe
 673:Drivers/CMSIS/Include/core_cm0.h ****   \param [in]      IRQn  Device specific interrupt number.
 674:Drivers/CMSIS/Include/core_cm0.h ****   \return             0  Interrupt status is not pending.
 675:Drivers/CMSIS/Include/core_cm0.h ****   \return             1  Interrupt status is pending.
 676:Drivers/CMSIS/Include/core_cm0.h ****   \note    IRQn must not be negative.
 677:Drivers/CMSIS/Include/core_cm0.h ****  */
 678:Drivers/CMSIS/Include/core_cm0.h **** __STATIC_INLINE uint32_t __NVIC_GetPendingIRQ(IRQn_Type IRQn)
 679:Drivers/CMSIS/Include/core_cm0.h **** {
 173              		.loc 2 679 1
 174              		.cfi_startproc
 175              		@ args = 0, pretend = 0, frame = 8
 176              		@ frame_needed = 1, uses_anonymous_args = 0
 177 0000 80B5     		push	{r7, lr}
 178              	.LCFI6:
 179              		.cfi_def_cfa_offset 8
 180              		.cfi_offset 7, -8
 181              		.cfi_offset 14, -4
 182 0002 82B0     		sub	sp, sp, #8
 183              	.LCFI7:
 184              		.cfi_def_cfa_offset 16
 185 0004 00AF     		add	r7, sp, #0
 186              	.LCFI8:
 187              		.cfi_def_cfa_register 7
 188 0006 0200     		movs	r2, r0
 189 0008 FB1D     		adds	r3, r7, #7
 190 000a 1A70     		strb	r2, [r3]
 680:Drivers/CMSIS/Include/core_cm0.h ****   if ((int32_t)(IRQn) >= 0)
 191              		.loc 2 680 6
 192 000c FB1D     		adds	r3, r7, #7
 193 000e 1B78     		ldrb	r3, [r3]
 194 0010 7F2B     		cmp	r3, #127
 195 0012 0DD8     		bhi	.L12
 681:Drivers/CMSIS/Include/core_cm0.h ****   {
 682:Drivers/CMSIS/Include/core_cm0.h ****     return((uint32_t)(((NVIC->ISPR[0U] & (1UL << (((uint32_t)IRQn) & 0x1FUL))) != 0UL) ? 1UL : 0UL)
 196              		.loc 2 682 29
 197 0014 094A     		ldr	r2, .L14
 198              		.loc 2 682 35
 199 0016 8023     		movs	r3, #128
 200 0018 5B00     		lsls	r3, r3, #1
 201 001a D258     		ldr	r2, [r2, r3]
 202              		.loc 2 682 68
 203 001c FB1D     		adds	r3, r7, #7
 204 001e 1B78     		ldrb	r3, [r3]
 205 0020 1900     		movs	r1, r3
 206 0022 1F23     		movs	r3, #31
 207 0024 0B40     		ands	r3, r1
 208              		.loc 2 682 80
ARM GAS  C:\Users\joshr\AppData\Local\Temp\cc1PoiAe.s 			page 32


 209 0026 DA40     		lsrs	r2, r2, r3
 210 0028 1300     		movs	r3, r2
 211              		.loc 2 682 12
 212 002a 0122     		movs	r2, #1
 213 002c 1340     		ands	r3, r2
 214 002e 00E0     		b	.L13
 215              	.L12:
 683:Drivers/CMSIS/Include/core_cm0.h ****   }
 684:Drivers/CMSIS/Include/core_cm0.h ****   else
 685:Drivers/CMSIS/Include/core_cm0.h ****   {
 686:Drivers/CMSIS/Include/core_cm0.h ****     return(0U);
 216              		.loc 2 686 11
 217 0030 0023     		movs	r3, #0
 218              	.L13:
 687:Drivers/CMSIS/Include/core_cm0.h ****   }
 688:Drivers/CMSIS/Include/core_cm0.h **** }
 219              		.loc 2 688 1
 220 0032 1800     		movs	r0, r3
 221 0034 BD46     		mov	sp, r7
 222 0036 02B0     		add	sp, sp, #8
 223              		@ sp needed
 224 0038 80BD     		pop	{r7, pc}
 225              	.L15:
 226 003a C046     		.align	2
 227              	.L14:
 228 003c 00E100E0 		.word	-536813312
 229              		.cfi_endproc
 230              	.LFE28:
 232              		.section	.text.__NVIC_SetPendingIRQ,"ax",%progbits
 233              		.align	1
 234              		.syntax unified
 235              		.code	16
 236              		.thumb_func
 238              	__NVIC_SetPendingIRQ:
 239              	.LFB29:
 689:Drivers/CMSIS/Include/core_cm0.h **** 
 690:Drivers/CMSIS/Include/core_cm0.h **** 
 691:Drivers/CMSIS/Include/core_cm0.h **** /**
 692:Drivers/CMSIS/Include/core_cm0.h ****   \brief   Set Pending Interrupt
 693:Drivers/CMSIS/Include/core_cm0.h ****   \details Sets the pending bit of a device specific interrupt in the NVIC pending register.
 694:Drivers/CMSIS/Include/core_cm0.h ****   \param [in]      IRQn  Device specific interrupt number.
 695:Drivers/CMSIS/Include/core_cm0.h ****   \note    IRQn must not be negative.
 696:Drivers/CMSIS/Include/core_cm0.h ****  */
 697:Drivers/CMSIS/Include/core_cm0.h **** __STATIC_INLINE void __NVIC_SetPendingIRQ(IRQn_Type IRQn)
 698:Drivers/CMSIS/Include/core_cm0.h **** {
 240              		.loc 2 698 1
 241              		.cfi_startproc
 242              		@ args = 0, pretend = 0, frame = 8
 243              		@ frame_needed = 1, uses_anonymous_args = 0
 244 0000 80B5     		push	{r7, lr}
 245              	.LCFI9:
 246              		.cfi_def_cfa_offset 8
 247              		.cfi_offset 7, -8
 248              		.cfi_offset 14, -4
 249 0002 82B0     		sub	sp, sp, #8
 250              	.LCFI10:
 251              		.cfi_def_cfa_offset 16
ARM GAS  C:\Users\joshr\AppData\Local\Temp\cc1PoiAe.s 			page 33


 252 0004 00AF     		add	r7, sp, #0
 253              	.LCFI11:
 254              		.cfi_def_cfa_register 7
 255 0006 0200     		movs	r2, r0
 256 0008 FB1D     		adds	r3, r7, #7
 257 000a 1A70     		strb	r2, [r3]
 699:Drivers/CMSIS/Include/core_cm0.h ****   if ((int32_t)(IRQn) >= 0)
 258              		.loc 2 699 6
 259 000c FB1D     		adds	r3, r7, #7
 260 000e 1B78     		ldrb	r3, [r3]
 261 0010 7F2B     		cmp	r3, #127
 262 0012 0AD8     		bhi	.L18
 700:Drivers/CMSIS/Include/core_cm0.h ****   {
 701:Drivers/CMSIS/Include/core_cm0.h ****     NVIC->ISPR[0U] = (uint32_t)(1UL << (((uint32_t)IRQn) & 0x1FUL));
 263              		.loc 2 701 58
 264 0014 FB1D     		adds	r3, r7, #7
 265 0016 1B78     		ldrb	r3, [r3]
 266 0018 1A00     		movs	r2, r3
 267 001a 1F23     		movs	r3, #31
 268 001c 1340     		ands	r3, r2
 269              		.loc 2 701 9
 270 001e 0549     		ldr	r1, .L19
 271              		.loc 2 701 22
 272 0020 0122     		movs	r2, #1
 273 0022 9A40     		lsls	r2, r2, r3
 274              		.loc 2 701 20
 275 0024 8023     		movs	r3, #128
 276 0026 5B00     		lsls	r3, r3, #1
 277 0028 CA50     		str	r2, [r1, r3]
 278              	.L18:
 702:Drivers/CMSIS/Include/core_cm0.h ****   }
 703:Drivers/CMSIS/Include/core_cm0.h **** }
 279              		.loc 2 703 1
 280 002a C046     		nop
 281 002c BD46     		mov	sp, r7
 282 002e 02B0     		add	sp, sp, #8
 283              		@ sp needed
 284 0030 80BD     		pop	{r7, pc}
 285              	.L20:
 286 0032 C046     		.align	2
 287              	.L19:
 288 0034 00E100E0 		.word	-536813312
 289              		.cfi_endproc
 290              	.LFE29:
 292              		.section	.text.__NVIC_ClearPendingIRQ,"ax",%progbits
 293              		.align	1
 294              		.syntax unified
 295              		.code	16
 296              		.thumb_func
 298              	__NVIC_ClearPendingIRQ:
 299              	.LFB30:
 704:Drivers/CMSIS/Include/core_cm0.h **** 
 705:Drivers/CMSIS/Include/core_cm0.h **** 
 706:Drivers/CMSIS/Include/core_cm0.h **** /**
 707:Drivers/CMSIS/Include/core_cm0.h ****   \brief   Clear Pending Interrupt
 708:Drivers/CMSIS/Include/core_cm0.h ****   \details Clears the pending bit of a device specific interrupt in the NVIC pending register.
 709:Drivers/CMSIS/Include/core_cm0.h ****   \param [in]      IRQn  Device specific interrupt number.
ARM GAS  C:\Users\joshr\AppData\Local\Temp\cc1PoiAe.s 			page 34


 710:Drivers/CMSIS/Include/core_cm0.h ****   \note    IRQn must not be negative.
 711:Drivers/CMSIS/Include/core_cm0.h ****  */
 712:Drivers/CMSIS/Include/core_cm0.h **** __STATIC_INLINE void __NVIC_ClearPendingIRQ(IRQn_Type IRQn)
 713:Drivers/CMSIS/Include/core_cm0.h **** {
 300              		.loc 2 713 1
 301              		.cfi_startproc
 302              		@ args = 0, pretend = 0, frame = 8
 303              		@ frame_needed = 1, uses_anonymous_args = 0
 304 0000 80B5     		push	{r7, lr}
 305              	.LCFI12:
 306              		.cfi_def_cfa_offset 8
 307              		.cfi_offset 7, -8
 308              		.cfi_offset 14, -4
 309 0002 82B0     		sub	sp, sp, #8
 310              	.LCFI13:
 311              		.cfi_def_cfa_offset 16
 312 0004 00AF     		add	r7, sp, #0
 313              	.LCFI14:
 314              		.cfi_def_cfa_register 7
 315 0006 0200     		movs	r2, r0
 316 0008 FB1D     		adds	r3, r7, #7
 317 000a 1A70     		strb	r2, [r3]
 714:Drivers/CMSIS/Include/core_cm0.h ****   if ((int32_t)(IRQn) >= 0)
 318              		.loc 2 714 6
 319 000c FB1D     		adds	r3, r7, #7
 320 000e 1B78     		ldrb	r3, [r3]
 321 0010 7F2B     		cmp	r3, #127
 322 0012 0AD8     		bhi	.L23
 715:Drivers/CMSIS/Include/core_cm0.h ****   {
 716:Drivers/CMSIS/Include/core_cm0.h ****     NVIC->ICPR[0U] = (uint32_t)(1UL << (((uint32_t)IRQn) & 0x1FUL));
 323              		.loc 2 716 58
 324 0014 FB1D     		adds	r3, r7, #7
 325 0016 1B78     		ldrb	r3, [r3]
 326 0018 1A00     		movs	r2, r3
 327 001a 1F23     		movs	r3, #31
 328 001c 1340     		ands	r3, r2
 329              		.loc 2 716 9
 330 001e 0549     		ldr	r1, .L24
 331              		.loc 2 716 22
 332 0020 0122     		movs	r2, #1
 333 0022 9A40     		lsls	r2, r2, r3
 334              		.loc 2 716 20
 335 0024 C023     		movs	r3, #192
 336 0026 5B00     		lsls	r3, r3, #1
 337 0028 CA50     		str	r2, [r1, r3]
 338              	.L23:
 717:Drivers/CMSIS/Include/core_cm0.h ****   }
 718:Drivers/CMSIS/Include/core_cm0.h **** }
 339              		.loc 2 718 1
 340 002a C046     		nop
 341 002c BD46     		mov	sp, r7
 342 002e 02B0     		add	sp, sp, #8
 343              		@ sp needed
 344 0030 80BD     		pop	{r7, pc}
 345              	.L25:
 346 0032 C046     		.align	2
 347              	.L24:
ARM GAS  C:\Users\joshr\AppData\Local\Temp\cc1PoiAe.s 			page 35


 348 0034 00E100E0 		.word	-536813312
 349              		.cfi_endproc
 350              	.LFE30:
 352              		.section	.text.__NVIC_SetPriority,"ax",%progbits
 353              		.align	1
 354              		.syntax unified
 355              		.code	16
 356              		.thumb_func
 358              	__NVIC_SetPriority:
 359              	.LFB31:
 719:Drivers/CMSIS/Include/core_cm0.h **** 
 720:Drivers/CMSIS/Include/core_cm0.h **** 
 721:Drivers/CMSIS/Include/core_cm0.h **** /**
 722:Drivers/CMSIS/Include/core_cm0.h ****   \brief   Set Interrupt Priority
 723:Drivers/CMSIS/Include/core_cm0.h ****   \details Sets the priority of a device specific interrupt or a processor exception.
 724:Drivers/CMSIS/Include/core_cm0.h ****            The interrupt number can be positive to specify a device specific interrupt,
 725:Drivers/CMSIS/Include/core_cm0.h ****            or negative to specify a processor exception.
 726:Drivers/CMSIS/Include/core_cm0.h ****   \param [in]      IRQn  Interrupt number.
 727:Drivers/CMSIS/Include/core_cm0.h ****   \param [in]  priority  Priority to set.
 728:Drivers/CMSIS/Include/core_cm0.h ****   \note    The priority cannot be set for every processor exception.
 729:Drivers/CMSIS/Include/core_cm0.h ****  */
 730:Drivers/CMSIS/Include/core_cm0.h **** __STATIC_INLINE void __NVIC_SetPriority(IRQn_Type IRQn, uint32_t priority)
 731:Drivers/CMSIS/Include/core_cm0.h **** {
 360              		.loc 2 731 1
 361              		.cfi_startproc
 362              		@ args = 0, pretend = 0, frame = 8
 363              		@ frame_needed = 1, uses_anonymous_args = 0
 364 0000 90B5     		push	{r4, r7, lr}
 365              	.LCFI15:
 366              		.cfi_def_cfa_offset 12
 367              		.cfi_offset 4, -12
 368              		.cfi_offset 7, -8
 369              		.cfi_offset 14, -4
 370 0002 83B0     		sub	sp, sp, #12
 371              	.LCFI16:
 372              		.cfi_def_cfa_offset 24
 373 0004 00AF     		add	r7, sp, #0
 374              	.LCFI17:
 375              		.cfi_def_cfa_register 7
 376 0006 0200     		movs	r2, r0
 377 0008 3960     		str	r1, [r7]
 378 000a FB1D     		adds	r3, r7, #7
 379 000c 1A70     		strb	r2, [r3]
 732:Drivers/CMSIS/Include/core_cm0.h ****   if ((int32_t)(IRQn) >= 0)
 380              		.loc 2 732 6
 381 000e FB1D     		adds	r3, r7, #7
 382 0010 1B78     		ldrb	r3, [r3]
 383 0012 7F2B     		cmp	r3, #127
 384 0014 28D8     		bhi	.L27
 733:Drivers/CMSIS/Include/core_cm0.h ****   {
 734:Drivers/CMSIS/Include/core_cm0.h ****     NVIC->IP[_IP_IDX(IRQn)]  = ((uint32_t)(NVIC->IP[_IP_IDX(IRQn)]  & ~(0xFFUL << _BIT_SHIFT(IRQn))
 385              		.loc 2 734 48
 386 0016 2F4A     		ldr	r2, .L30
 387              		.loc 2 734 53
 388 0018 FB1D     		adds	r3, r7, #7
 389 001a 1B78     		ldrb	r3, [r3]
 390 001c 5BB2     		sxtb	r3, r3
ARM GAS  C:\Users\joshr\AppData\Local\Temp\cc1PoiAe.s 			page 36


 391 001e 9B08     		lsrs	r3, r3, #2
 392              		.loc 2 734 52
 393 0020 C033     		adds	r3, r3, #192
 394 0022 9B00     		lsls	r3, r3, #2
 395 0024 9B58     		ldr	r3, [r3, r2]
 396              		.loc 2 734 83
 397 0026 FA1D     		adds	r2, r7, #7
 398 0028 1278     		ldrb	r2, [r2]
 399 002a 1100     		movs	r1, r2
 400 002c 0322     		movs	r2, #3
 401 002e 0A40     		ands	r2, r1
 402 0030 D200     		lsls	r2, r2, #3
 403              		.loc 2 734 80
 404 0032 FF21     		movs	r1, #255
 405 0034 9140     		lsls	r1, r1, r2
 406 0036 0A00     		movs	r2, r1
 407              		.loc 2 734 71
 408 0038 D243     		mvns	r2, r2
 409              		.loc 2 734 33
 410 003a 1A40     		ands	r2, r3
 411 003c 1100     		movs	r1, r2
 735:Drivers/CMSIS/Include/core_cm0.h ****        (((priority << (8U - __NVIC_PRIO_BITS)) & (uint32_t)0xFFUL) << _BIT_SHIFT(IRQn)));
 412              		.loc 2 735 20
 413 003e 3B68     		ldr	r3, [r7]
 414 0040 9B01     		lsls	r3, r3, #6
 415              		.loc 2 735 48
 416 0042 FF22     		movs	r2, #255
 417 0044 1A40     		ands	r2, r3
 418              		.loc 2 735 71
 419 0046 FB1D     		adds	r3, r7, #7
 420 0048 1B78     		ldrb	r3, [r3]
 421 004a 1800     		movs	r0, r3
 422 004c 0323     		movs	r3, #3
 423 004e 0340     		ands	r3, r0
 424 0050 DB00     		lsls	r3, r3, #3
 425              		.loc 2 735 68
 426 0052 9A40     		lsls	r2, r2, r3
 734:Drivers/CMSIS/Include/core_cm0.h ****        (((priority << (8U - __NVIC_PRIO_BITS)) & (uint32_t)0xFFUL) << _BIT_SHIFT(IRQn)));
 427              		.loc 2 734 9
 428 0054 1F48     		ldr	r0, .L30
 734:Drivers/CMSIS/Include/core_cm0.h ****        (((priority << (8U - __NVIC_PRIO_BITS)) & (uint32_t)0xFFUL) << _BIT_SHIFT(IRQn)));
 429              		.loc 2 734 14
 430 0056 FB1D     		adds	r3, r7, #7
 431 0058 1B78     		ldrb	r3, [r3]
 432 005a 5BB2     		sxtb	r3, r3
 433 005c 9B08     		lsrs	r3, r3, #2
 734:Drivers/CMSIS/Include/core_cm0.h ****        (((priority << (8U - __NVIC_PRIO_BITS)) & (uint32_t)0xFFUL) << _BIT_SHIFT(IRQn)));
 434              		.loc 2 734 102
 435 005e 0A43     		orrs	r2, r1
 734:Drivers/CMSIS/Include/core_cm0.h ****        (((priority << (8U - __NVIC_PRIO_BITS)) & (uint32_t)0xFFUL) << _BIT_SHIFT(IRQn)));
 436              		.loc 2 734 30
 437 0060 C033     		adds	r3, r3, #192
 438 0062 9B00     		lsls	r3, r3, #2
 439 0064 1A50     		str	r2, [r3, r0]
 736:Drivers/CMSIS/Include/core_cm0.h ****   }
 737:Drivers/CMSIS/Include/core_cm0.h ****   else
 738:Drivers/CMSIS/Include/core_cm0.h ****   {
ARM GAS  C:\Users\joshr\AppData\Local\Temp\cc1PoiAe.s 			page 37


 739:Drivers/CMSIS/Include/core_cm0.h ****     SCB->SHP[_SHP_IDX(IRQn)] = ((uint32_t)(SCB->SHP[_SHP_IDX(IRQn)] & ~(0xFFUL << _BIT_SHIFT(IRQn))
 740:Drivers/CMSIS/Include/core_cm0.h ****        (((priority << (8U - __NVIC_PRIO_BITS)) & (uint32_t)0xFFUL) << _BIT_SHIFT(IRQn)));
 741:Drivers/CMSIS/Include/core_cm0.h ****   }
 742:Drivers/CMSIS/Include/core_cm0.h **** }
 440              		.loc 2 742 1
 441 0066 31E0     		b	.L29
 442              	.L27:
 739:Drivers/CMSIS/Include/core_cm0.h ****        (((priority << (8U - __NVIC_PRIO_BITS)) & (uint32_t)0xFFUL) << _BIT_SHIFT(IRQn)));
 443              		.loc 2 739 47
 444 0068 1B4A     		ldr	r2, .L30+4
 739:Drivers/CMSIS/Include/core_cm0.h ****        (((priority << (8U - __NVIC_PRIO_BITS)) & (uint32_t)0xFFUL) << _BIT_SHIFT(IRQn)));
 445              		.loc 2 739 53
 446 006a FB1D     		adds	r3, r7, #7
 447 006c 1B78     		ldrb	r3, [r3]
 448 006e 1900     		movs	r1, r3
 449 0070 0F23     		movs	r3, #15
 450 0072 0B40     		ands	r3, r1
 451 0074 083B     		subs	r3, r3, #8
 452 0076 9B08     		lsrs	r3, r3, #2
 739:Drivers/CMSIS/Include/core_cm0.h ****        (((priority << (8U - __NVIC_PRIO_BITS)) & (uint32_t)0xFFUL) << _BIT_SHIFT(IRQn)));
 453              		.loc 2 739 52
 454 0078 0633     		adds	r3, r3, #6
 455 007a 9B00     		lsls	r3, r3, #2
 456 007c D318     		adds	r3, r2, r3
 457 007e 0433     		adds	r3, r3, #4
 458 0080 1B68     		ldr	r3, [r3]
 739:Drivers/CMSIS/Include/core_cm0.h ****        (((priority << (8U - __NVIC_PRIO_BITS)) & (uint32_t)0xFFUL) << _BIT_SHIFT(IRQn)));
 459              		.loc 2 739 83
 460 0082 FA1D     		adds	r2, r7, #7
 461 0084 1278     		ldrb	r2, [r2]
 462 0086 1100     		movs	r1, r2
 463 0088 0322     		movs	r2, #3
 464 008a 0A40     		ands	r2, r1
 465 008c D200     		lsls	r2, r2, #3
 739:Drivers/CMSIS/Include/core_cm0.h ****        (((priority << (8U - __NVIC_PRIO_BITS)) & (uint32_t)0xFFUL) << _BIT_SHIFT(IRQn)));
 466              		.loc 2 739 80
 467 008e FF21     		movs	r1, #255
 468 0090 9140     		lsls	r1, r1, r2
 469 0092 0A00     		movs	r2, r1
 739:Drivers/CMSIS/Include/core_cm0.h ****        (((priority << (8U - __NVIC_PRIO_BITS)) & (uint32_t)0xFFUL) << _BIT_SHIFT(IRQn)));
 470              		.loc 2 739 71
 471 0094 D243     		mvns	r2, r2
 739:Drivers/CMSIS/Include/core_cm0.h ****        (((priority << (8U - __NVIC_PRIO_BITS)) & (uint32_t)0xFFUL) << _BIT_SHIFT(IRQn)));
 472              		.loc 2 739 33
 473 0096 1A40     		ands	r2, r3
 474 0098 1100     		movs	r1, r2
 740:Drivers/CMSIS/Include/core_cm0.h ****   }
 475              		.loc 2 740 20
 476 009a 3B68     		ldr	r3, [r7]
 477 009c 9B01     		lsls	r3, r3, #6
 740:Drivers/CMSIS/Include/core_cm0.h ****   }
 478              		.loc 2 740 48
 479 009e FF22     		movs	r2, #255
 480 00a0 1A40     		ands	r2, r3
 740:Drivers/CMSIS/Include/core_cm0.h ****   }
 481              		.loc 2 740 71
 482 00a2 FB1D     		adds	r3, r7, #7
ARM GAS  C:\Users\joshr\AppData\Local\Temp\cc1PoiAe.s 			page 38


 483 00a4 1B78     		ldrb	r3, [r3]
 484 00a6 1800     		movs	r0, r3
 485 00a8 0323     		movs	r3, #3
 486 00aa 0340     		ands	r3, r0
 487 00ac DB00     		lsls	r3, r3, #3
 740:Drivers/CMSIS/Include/core_cm0.h ****   }
 488              		.loc 2 740 68
 489 00ae 9A40     		lsls	r2, r2, r3
 739:Drivers/CMSIS/Include/core_cm0.h ****        (((priority << (8U - __NVIC_PRIO_BITS)) & (uint32_t)0xFFUL) << _BIT_SHIFT(IRQn)));
 490              		.loc 2 739 8
 491 00b0 0948     		ldr	r0, .L30+4
 739:Drivers/CMSIS/Include/core_cm0.h ****        (((priority << (8U - __NVIC_PRIO_BITS)) & (uint32_t)0xFFUL) << _BIT_SHIFT(IRQn)));
 492              		.loc 2 739 14
 493 00b2 FB1D     		adds	r3, r7, #7
 494 00b4 1B78     		ldrb	r3, [r3]
 495 00b6 1C00     		movs	r4, r3
 496 00b8 0F23     		movs	r3, #15
 497 00ba 2340     		ands	r3, r4
 498 00bc 083B     		subs	r3, r3, #8
 499 00be 9B08     		lsrs	r3, r3, #2
 739:Drivers/CMSIS/Include/core_cm0.h ****        (((priority << (8U - __NVIC_PRIO_BITS)) & (uint32_t)0xFFUL) << _BIT_SHIFT(IRQn)));
 500              		.loc 2 739 102
 501 00c0 0A43     		orrs	r2, r1
 739:Drivers/CMSIS/Include/core_cm0.h ****        (((priority << (8U - __NVIC_PRIO_BITS)) & (uint32_t)0xFFUL) << _BIT_SHIFT(IRQn)));
 502              		.loc 2 739 30
 503 00c2 0633     		adds	r3, r3, #6
 504 00c4 9B00     		lsls	r3, r3, #2
 505 00c6 C318     		adds	r3, r0, r3
 506 00c8 0433     		adds	r3, r3, #4
 507 00ca 1A60     		str	r2, [r3]
 508              	.L29:
 509              		.loc 2 742 1
 510 00cc C046     		nop
 511 00ce BD46     		mov	sp, r7
 512 00d0 03B0     		add	sp, sp, #12
 513              		@ sp needed
 514 00d2 90BD     		pop	{r4, r7, pc}
 515              	.L31:
 516              		.align	2
 517              	.L30:
 518 00d4 00E100E0 		.word	-536813312
 519 00d8 00ED00E0 		.word	-536810240
 520              		.cfi_endproc
 521              	.LFE31:
 523              		.section	.text.__NVIC_GetPriority,"ax",%progbits
 524              		.align	1
 525              		.syntax unified
 526              		.code	16
 527              		.thumb_func
 529              	__NVIC_GetPriority:
 530              	.LFB32:
 743:Drivers/CMSIS/Include/core_cm0.h **** 
 744:Drivers/CMSIS/Include/core_cm0.h **** 
 745:Drivers/CMSIS/Include/core_cm0.h **** /**
 746:Drivers/CMSIS/Include/core_cm0.h ****   \brief   Get Interrupt Priority
 747:Drivers/CMSIS/Include/core_cm0.h ****   \details Reads the priority of a device specific interrupt or a processor exception.
 748:Drivers/CMSIS/Include/core_cm0.h ****            The interrupt number can be positive to specify a device specific interrupt,
ARM GAS  C:\Users\joshr\AppData\Local\Temp\cc1PoiAe.s 			page 39


 749:Drivers/CMSIS/Include/core_cm0.h ****            or negative to specify a processor exception.
 750:Drivers/CMSIS/Include/core_cm0.h ****   \param [in]   IRQn  Interrupt number.
 751:Drivers/CMSIS/Include/core_cm0.h ****   \return             Interrupt Priority.
 752:Drivers/CMSIS/Include/core_cm0.h ****                       Value is aligned automatically to the implemented priority bits of the microc
 753:Drivers/CMSIS/Include/core_cm0.h ****  */
 754:Drivers/CMSIS/Include/core_cm0.h **** __STATIC_INLINE uint32_t __NVIC_GetPriority(IRQn_Type IRQn)
 755:Drivers/CMSIS/Include/core_cm0.h **** {
 531              		.loc 2 755 1
 532              		.cfi_startproc
 533              		@ args = 0, pretend = 0, frame = 8
 534              		@ frame_needed = 1, uses_anonymous_args = 0
 535 0000 80B5     		push	{r7, lr}
 536              	.LCFI18:
 537              		.cfi_def_cfa_offset 8
 538              		.cfi_offset 7, -8
 539              		.cfi_offset 14, -4
 540 0002 82B0     		sub	sp, sp, #8
 541              	.LCFI19:
 542              		.cfi_def_cfa_offset 16
 543 0004 00AF     		add	r7, sp, #0
 544              	.LCFI20:
 545              		.cfi_def_cfa_register 7
 546 0006 0200     		movs	r2, r0
 547 0008 FB1D     		adds	r3, r7, #7
 548 000a 1A70     		strb	r2, [r3]
 756:Drivers/CMSIS/Include/core_cm0.h **** 
 757:Drivers/CMSIS/Include/core_cm0.h ****   if ((int32_t)(IRQn) >= 0)
 549              		.loc 2 757 6
 550 000c FB1D     		adds	r3, r7, #7
 551 000e 1B78     		ldrb	r3, [r3]
 552 0010 7F2B     		cmp	r3, #127
 553 0012 13D8     		bhi	.L33
 758:Drivers/CMSIS/Include/core_cm0.h ****   {
 759:Drivers/CMSIS/Include/core_cm0.h ****     return((uint32_t)(((NVIC->IP[ _IP_IDX(IRQn)] >> _BIT_SHIFT(IRQn) ) & (uint32_t)0xFFUL) >> (8U -
 554              		.loc 2 759 29
 555 0014 174A     		ldr	r2, .L35
 556              		.loc 2 759 35
 557 0016 FB1D     		adds	r3, r7, #7
 558 0018 1B78     		ldrb	r3, [r3]
 559 001a 5BB2     		sxtb	r3, r3
 560 001c 9B08     		lsrs	r3, r3, #2
 561              		.loc 2 759 33
 562 001e C033     		adds	r3, r3, #192
 563 0020 9B00     		lsls	r3, r3, #2
 564 0022 9A58     		ldr	r2, [r3, r2]
 565              		.loc 2 759 53
 566 0024 FB1D     		adds	r3, r7, #7
 567 0026 1B78     		ldrb	r3, [r3]
 568 0028 1900     		movs	r1, r3
 569 002a 0323     		movs	r3, #3
 570 002c 0B40     		ands	r3, r1
 571 002e DB00     		lsls	r3, r3, #3
 572              		.loc 2 759 50
 573 0030 DA40     		lsrs	r2, r2, r3
 574 0032 1300     		movs	r3, r2
 575              		.loc 2 759 12
 576 0034 9B09     		lsrs	r3, r3, #6
ARM GAS  C:\Users\joshr\AppData\Local\Temp\cc1PoiAe.s 			page 40


 577 0036 0322     		movs	r2, #3
 578 0038 1340     		ands	r3, r2
 579 003a 17E0     		b	.L34
 580              	.L33:
 760:Drivers/CMSIS/Include/core_cm0.h ****   }
 761:Drivers/CMSIS/Include/core_cm0.h ****   else
 762:Drivers/CMSIS/Include/core_cm0.h ****   {
 763:Drivers/CMSIS/Include/core_cm0.h ****     return((uint32_t)(((SCB->SHP[_SHP_IDX(IRQn)] >> _BIT_SHIFT(IRQn) ) & (uint32_t)0xFFUL) >> (8U -
 581              		.loc 2 763 28
 582 003c 0E4A     		ldr	r2, .L35+4
 583              		.loc 2 763 34
 584 003e FB1D     		adds	r3, r7, #7
 585 0040 1B78     		ldrb	r3, [r3]
 586 0042 1900     		movs	r1, r3
 587 0044 0F23     		movs	r3, #15
 588 0046 0B40     		ands	r3, r1
 589 0048 083B     		subs	r3, r3, #8
 590 004a 9B08     		lsrs	r3, r3, #2
 591              		.loc 2 763 33
 592 004c 0633     		adds	r3, r3, #6
 593 004e 9B00     		lsls	r3, r3, #2
 594 0050 D318     		adds	r3, r2, r3
 595 0052 0433     		adds	r3, r3, #4
 596 0054 1A68     		ldr	r2, [r3]
 597              		.loc 2 763 53
 598 0056 FB1D     		adds	r3, r7, #7
 599 0058 1B78     		ldrb	r3, [r3]
 600 005a 1900     		movs	r1, r3
 601 005c 0323     		movs	r3, #3
 602 005e 0B40     		ands	r3, r1
 603 0060 DB00     		lsls	r3, r3, #3
 604              		.loc 2 763 50
 605 0062 DA40     		lsrs	r2, r2, r3
 606 0064 1300     		movs	r3, r2
 607              		.loc 2 763 12
 608 0066 9B09     		lsrs	r3, r3, #6
 609 0068 0322     		movs	r2, #3
 610 006a 1340     		ands	r3, r2
 611              	.L34:
 764:Drivers/CMSIS/Include/core_cm0.h ****   }
 765:Drivers/CMSIS/Include/core_cm0.h **** }
 612              		.loc 2 765 1
 613 006c 1800     		movs	r0, r3
 614 006e BD46     		mov	sp, r7
 615 0070 02B0     		add	sp, sp, #8
 616              		@ sp needed
 617 0072 80BD     		pop	{r7, pc}
 618              	.L36:
 619              		.align	2
 620              	.L35:
 621 0074 00E100E0 		.word	-536813312
 622 0078 00ED00E0 		.word	-536810240
 623              		.cfi_endproc
 624              	.LFE32:
 626              		.section	.text.__NVIC_SystemReset,"ax",%progbits
 627              		.align	1
 628              		.syntax unified
ARM GAS  C:\Users\joshr\AppData\Local\Temp\cc1PoiAe.s 			page 41


 629              		.code	16
 630              		.thumb_func
 632              	__NVIC_SystemReset:
 633              	.LFB37:
 766:Drivers/CMSIS/Include/core_cm0.h **** 
 767:Drivers/CMSIS/Include/core_cm0.h **** 
 768:Drivers/CMSIS/Include/core_cm0.h **** /**
 769:Drivers/CMSIS/Include/core_cm0.h ****   \brief   Encode Priority
 770:Drivers/CMSIS/Include/core_cm0.h ****   \details Encodes the priority for an interrupt with the given priority group,
 771:Drivers/CMSIS/Include/core_cm0.h ****            preemptive priority value, and subpriority value.
 772:Drivers/CMSIS/Include/core_cm0.h ****            In case of a conflict between priority grouping and available
 773:Drivers/CMSIS/Include/core_cm0.h ****            priority bits (__NVIC_PRIO_BITS), the smallest possible priority group is set.
 774:Drivers/CMSIS/Include/core_cm0.h ****   \param [in]     PriorityGroup  Used priority group.
 775:Drivers/CMSIS/Include/core_cm0.h ****   \param [in]   PreemptPriority  Preemptive priority value (starting from 0).
 776:Drivers/CMSIS/Include/core_cm0.h ****   \param [in]       SubPriority  Subpriority value (starting from 0).
 777:Drivers/CMSIS/Include/core_cm0.h ****   \return                        Encoded priority. Value can be used in the function \ref NVIC_SetP
 778:Drivers/CMSIS/Include/core_cm0.h ****  */
 779:Drivers/CMSIS/Include/core_cm0.h **** __STATIC_INLINE uint32_t NVIC_EncodePriority (uint32_t PriorityGroup, uint32_t PreemptPriority, uin
 780:Drivers/CMSIS/Include/core_cm0.h **** {
 781:Drivers/CMSIS/Include/core_cm0.h ****   uint32_t PriorityGroupTmp = (PriorityGroup & (uint32_t)0x07UL);   /* only values 0..7 are used   
 782:Drivers/CMSIS/Include/core_cm0.h ****   uint32_t PreemptPriorityBits;
 783:Drivers/CMSIS/Include/core_cm0.h ****   uint32_t SubPriorityBits;
 784:Drivers/CMSIS/Include/core_cm0.h **** 
 785:Drivers/CMSIS/Include/core_cm0.h ****   PreemptPriorityBits = ((7UL - PriorityGroupTmp) > (uint32_t)(__NVIC_PRIO_BITS)) ? (uint32_t)(__NV
 786:Drivers/CMSIS/Include/core_cm0.h ****   SubPriorityBits     = ((PriorityGroupTmp + (uint32_t)(__NVIC_PRIO_BITS)) < (uint32_t)7UL) ? (uint
 787:Drivers/CMSIS/Include/core_cm0.h **** 
 788:Drivers/CMSIS/Include/core_cm0.h ****   return (
 789:Drivers/CMSIS/Include/core_cm0.h ****            ((PreemptPriority & (uint32_t)((1UL << (PreemptPriorityBits)) - 1UL)) << SubPriorityBits
 790:Drivers/CMSIS/Include/core_cm0.h ****            ((SubPriority     & (uint32_t)((1UL << (SubPriorityBits    )) - 1UL)))
 791:Drivers/CMSIS/Include/core_cm0.h ****          );
 792:Drivers/CMSIS/Include/core_cm0.h **** }
 793:Drivers/CMSIS/Include/core_cm0.h **** 
 794:Drivers/CMSIS/Include/core_cm0.h **** 
 795:Drivers/CMSIS/Include/core_cm0.h **** /**
 796:Drivers/CMSIS/Include/core_cm0.h ****   \brief   Decode Priority
 797:Drivers/CMSIS/Include/core_cm0.h ****   \details Decodes an interrupt priority value with a given priority group to
 798:Drivers/CMSIS/Include/core_cm0.h ****            preemptive priority value and subpriority value.
 799:Drivers/CMSIS/Include/core_cm0.h ****            In case of a conflict between priority grouping and available
 800:Drivers/CMSIS/Include/core_cm0.h ****            priority bits (__NVIC_PRIO_BITS) the smallest possible priority group is set.
 801:Drivers/CMSIS/Include/core_cm0.h ****   \param [in]         Priority   Priority value, which can be retrieved with the function \ref NVIC
 802:Drivers/CMSIS/Include/core_cm0.h ****   \param [in]     PriorityGroup  Used priority group.
 803:Drivers/CMSIS/Include/core_cm0.h ****   \param [out] pPreemptPriority  Preemptive priority value (starting from 0).
 804:Drivers/CMSIS/Include/core_cm0.h ****   \param [out]     pSubPriority  Subpriority value (starting from 0).
 805:Drivers/CMSIS/Include/core_cm0.h ****  */
 806:Drivers/CMSIS/Include/core_cm0.h **** __STATIC_INLINE void NVIC_DecodePriority (uint32_t Priority, uint32_t PriorityGroup, uint32_t* cons
 807:Drivers/CMSIS/Include/core_cm0.h **** {
 808:Drivers/CMSIS/Include/core_cm0.h ****   uint32_t PriorityGroupTmp = (PriorityGroup & (uint32_t)0x07UL);   /* only values 0..7 are used   
 809:Drivers/CMSIS/Include/core_cm0.h ****   uint32_t PreemptPriorityBits;
 810:Drivers/CMSIS/Include/core_cm0.h ****   uint32_t SubPriorityBits;
 811:Drivers/CMSIS/Include/core_cm0.h **** 
 812:Drivers/CMSIS/Include/core_cm0.h ****   PreemptPriorityBits = ((7UL - PriorityGroupTmp) > (uint32_t)(__NVIC_PRIO_BITS)) ? (uint32_t)(__NV
 813:Drivers/CMSIS/Include/core_cm0.h ****   SubPriorityBits     = ((PriorityGroupTmp + (uint32_t)(__NVIC_PRIO_BITS)) < (uint32_t)7UL) ? (uint
 814:Drivers/CMSIS/Include/core_cm0.h **** 
 815:Drivers/CMSIS/Include/core_cm0.h ****   *pPreemptPriority = (Priority >> SubPriorityBits) & (uint32_t)((1UL << (PreemptPriorityBits)) - 1
 816:Drivers/CMSIS/Include/core_cm0.h ****   *pSubPriority     = (Priority                   ) & (uint32_t)((1UL << (SubPriorityBits    )) - 1
 817:Drivers/CMSIS/Include/core_cm0.h **** }
 818:Drivers/CMSIS/Include/core_cm0.h **** 
ARM GAS  C:\Users\joshr\AppData\Local\Temp\cc1PoiAe.s 			page 42


 819:Drivers/CMSIS/Include/core_cm0.h **** 
 820:Drivers/CMSIS/Include/core_cm0.h **** 
 821:Drivers/CMSIS/Include/core_cm0.h **** /**
 822:Drivers/CMSIS/Include/core_cm0.h ****   \brief   Set Interrupt Vector
 823:Drivers/CMSIS/Include/core_cm0.h ****   \details Sets an interrupt vector in SRAM based interrupt vector table.
 824:Drivers/CMSIS/Include/core_cm0.h ****            The interrupt number can be positive to specify a device specific interrupt,
 825:Drivers/CMSIS/Include/core_cm0.h ****            or negative to specify a processor exception.
 826:Drivers/CMSIS/Include/core_cm0.h ****            Address 0 must be mapped to SRAM.
 827:Drivers/CMSIS/Include/core_cm0.h ****   \param [in]   IRQn      Interrupt number
 828:Drivers/CMSIS/Include/core_cm0.h ****   \param [in]   vector    Address of interrupt handler function
 829:Drivers/CMSIS/Include/core_cm0.h ****  */
 830:Drivers/CMSIS/Include/core_cm0.h **** __STATIC_INLINE void __NVIC_SetVector(IRQn_Type IRQn, uint32_t vector)
 831:Drivers/CMSIS/Include/core_cm0.h **** {
 832:Drivers/CMSIS/Include/core_cm0.h ****   uint32_t *vectors = (uint32_t *)0x0U;
 833:Drivers/CMSIS/Include/core_cm0.h ****   vectors[(int32_t)IRQn + NVIC_USER_IRQ_OFFSET] = vector;
 834:Drivers/CMSIS/Include/core_cm0.h **** }
 835:Drivers/CMSIS/Include/core_cm0.h **** 
 836:Drivers/CMSIS/Include/core_cm0.h **** 
 837:Drivers/CMSIS/Include/core_cm0.h **** /**
 838:Drivers/CMSIS/Include/core_cm0.h ****   \brief   Get Interrupt Vector
 839:Drivers/CMSIS/Include/core_cm0.h ****   \details Reads an interrupt vector from interrupt vector table.
 840:Drivers/CMSIS/Include/core_cm0.h ****            The interrupt number can be positive to specify a device specific interrupt,
 841:Drivers/CMSIS/Include/core_cm0.h ****            or negative to specify a processor exception.
 842:Drivers/CMSIS/Include/core_cm0.h ****   \param [in]   IRQn      Interrupt number.
 843:Drivers/CMSIS/Include/core_cm0.h ****   \return                 Address of interrupt handler function
 844:Drivers/CMSIS/Include/core_cm0.h ****  */
 845:Drivers/CMSIS/Include/core_cm0.h **** __STATIC_INLINE uint32_t __NVIC_GetVector(IRQn_Type IRQn)
 846:Drivers/CMSIS/Include/core_cm0.h **** {
 847:Drivers/CMSIS/Include/core_cm0.h ****   uint32_t *vectors = (uint32_t *)0x0U;
 848:Drivers/CMSIS/Include/core_cm0.h ****   return vectors[(int32_t)IRQn + NVIC_USER_IRQ_OFFSET];
 849:Drivers/CMSIS/Include/core_cm0.h **** }
 850:Drivers/CMSIS/Include/core_cm0.h **** 
 851:Drivers/CMSIS/Include/core_cm0.h **** 
 852:Drivers/CMSIS/Include/core_cm0.h **** /**
 853:Drivers/CMSIS/Include/core_cm0.h ****   \brief   System Reset
 854:Drivers/CMSIS/Include/core_cm0.h ****   \details Initiates a system reset request to reset the MCU.
 855:Drivers/CMSIS/Include/core_cm0.h ****  */
 856:Drivers/CMSIS/Include/core_cm0.h **** __NO_RETURN __STATIC_INLINE void __NVIC_SystemReset(void)
 857:Drivers/CMSIS/Include/core_cm0.h **** {
 634              		.loc 2 857 1
 635              		.cfi_startproc
 636              		@ args = 0, pretend = 0, frame = 0
 637              		@ frame_needed = 1, uses_anonymous_args = 0
 638 0000 80B5     		push	{r7, lr}
 639              	.LCFI21:
 640              		.cfi_def_cfa_offset 8
 641              		.cfi_offset 7, -8
 642              		.cfi_offset 14, -4
 643 0002 00AF     		add	r7, sp, #0
 644              	.LCFI22:
 645              		.cfi_def_cfa_register 7
 646              	.LBB14:
 647              	.LBB15:
 879:Drivers/CMSIS/Include/cmsis_gcc.h **** }
 648              		.loc 3 879 3
 649              		.syntax divided
 650              	@ 879 "Drivers/CMSIS/Include/cmsis_gcc.h" 1
ARM GAS  C:\Users\joshr\AppData\Local\Temp\cc1PoiAe.s 			page 43


 651 0004 BFF34F8F 		dsb 0xF
 652              	@ 0 "" 2
 653              		.loc 3 880 1
 654              		.thumb
 655              		.syntax unified
 656 0008 C046     		nop
 657              	.LBE15:
 658              	.LBE14:
 858:Drivers/CMSIS/Include/core_cm0.h ****   __DSB();                                                          /* Ensure all outstanding memor
 859:Drivers/CMSIS/Include/core_cm0.h ****                                                                        buffered write are completed
 860:Drivers/CMSIS/Include/core_cm0.h ****   SCB->AIRCR  = ((0x5FAUL << SCB_AIRCR_VECTKEY_Pos) |
 659              		.loc 2 860 6
 660 000a 044B     		ldr	r3, .L39
 661              		.loc 2 860 15
 662 000c 044A     		ldr	r2, .L39+4
 663 000e DA60     		str	r2, [r3, #12]
 664              	.LBB16:
 665              	.LBB17:
 879:Drivers/CMSIS/Include/cmsis_gcc.h **** }
 666              		.loc 3 879 3
 667              		.syntax divided
 668              	@ 879 "Drivers/CMSIS/Include/cmsis_gcc.h" 1
 669 0010 BFF34F8F 		dsb 0xF
 670              	@ 0 "" 2
 671              		.loc 3 880 1
 672              		.thumb
 673              		.syntax unified
 674 0014 C046     		nop
 675              	.L38:
 676              	.LBE17:
 677              	.LBE16:
 861:Drivers/CMSIS/Include/core_cm0.h ****                  SCB_AIRCR_SYSRESETREQ_Msk);
 862:Drivers/CMSIS/Include/core_cm0.h ****   __DSB();                                                          /* Ensure completion of memory 
 863:Drivers/CMSIS/Include/core_cm0.h **** 
 864:Drivers/CMSIS/Include/core_cm0.h ****   for(;;)                                                           /* wait until reset */
 865:Drivers/CMSIS/Include/core_cm0.h ****   {
 866:Drivers/CMSIS/Include/core_cm0.h ****     __NOP();
 678              		.loc 2 866 5 discriminator 1
 679              		.syntax divided
 680              	@ 866 "Drivers/CMSIS/Include/core_cm0.h" 1
 681 0016 C046     		nop
 682              	@ 0 "" 2
 683              		.thumb
 684              		.syntax unified
 685 0018 FDE7     		b	.L38
 686              	.L40:
 687 001a C046     		.align	2
 688              	.L39:
 689 001c 00ED00E0 		.word	-536810240
 690 0020 0400FA05 		.word	100270084
 691              		.cfi_endproc
 692              	.LFE37:
 694              		.section	.text.SysTick_Config,"ax",%progbits
 695              		.align	1
 696              		.syntax unified
 697              		.code	16
 698              		.thumb_func
ARM GAS  C:\Users\joshr\AppData\Local\Temp\cc1PoiAe.s 			page 44


 700              	SysTick_Config:
 701              	.LFB39:
 867:Drivers/CMSIS/Include/core_cm0.h ****   }
 868:Drivers/CMSIS/Include/core_cm0.h **** }
 869:Drivers/CMSIS/Include/core_cm0.h **** 
 870:Drivers/CMSIS/Include/core_cm0.h **** /*@} end of CMSIS_Core_NVICFunctions */
 871:Drivers/CMSIS/Include/core_cm0.h **** 
 872:Drivers/CMSIS/Include/core_cm0.h **** 
 873:Drivers/CMSIS/Include/core_cm0.h **** /* ##########################  FPU functions  #################################### */
 874:Drivers/CMSIS/Include/core_cm0.h **** /**
 875:Drivers/CMSIS/Include/core_cm0.h ****   \ingroup  CMSIS_Core_FunctionInterface
 876:Drivers/CMSIS/Include/core_cm0.h ****   \defgroup CMSIS_Core_FpuFunctions FPU Functions
 877:Drivers/CMSIS/Include/core_cm0.h ****   \brief    Function that provides FPU type.
 878:Drivers/CMSIS/Include/core_cm0.h ****   @{
 879:Drivers/CMSIS/Include/core_cm0.h ****  */
 880:Drivers/CMSIS/Include/core_cm0.h **** 
 881:Drivers/CMSIS/Include/core_cm0.h **** /**
 882:Drivers/CMSIS/Include/core_cm0.h ****   \brief   get FPU type
 883:Drivers/CMSIS/Include/core_cm0.h ****   \details returns the FPU type
 884:Drivers/CMSIS/Include/core_cm0.h ****   \returns
 885:Drivers/CMSIS/Include/core_cm0.h ****    - \b  0: No FPU
 886:Drivers/CMSIS/Include/core_cm0.h ****    - \b  1: Single precision FPU
 887:Drivers/CMSIS/Include/core_cm0.h ****    - \b  2: Double + Single precision FPU
 888:Drivers/CMSIS/Include/core_cm0.h ****  */
 889:Drivers/CMSIS/Include/core_cm0.h **** __STATIC_INLINE uint32_t SCB_GetFPUType(void)
 890:Drivers/CMSIS/Include/core_cm0.h **** {
 891:Drivers/CMSIS/Include/core_cm0.h ****     return 0U;           /* No FPU */
 892:Drivers/CMSIS/Include/core_cm0.h **** }
 893:Drivers/CMSIS/Include/core_cm0.h **** 
 894:Drivers/CMSIS/Include/core_cm0.h **** 
 895:Drivers/CMSIS/Include/core_cm0.h **** /*@} end of CMSIS_Core_FpuFunctions */
 896:Drivers/CMSIS/Include/core_cm0.h **** 
 897:Drivers/CMSIS/Include/core_cm0.h **** 
 898:Drivers/CMSIS/Include/core_cm0.h **** 
 899:Drivers/CMSIS/Include/core_cm0.h **** /* ##################################    SysTick function  ########################################
 900:Drivers/CMSIS/Include/core_cm0.h **** /**
 901:Drivers/CMSIS/Include/core_cm0.h ****   \ingroup  CMSIS_Core_FunctionInterface
 902:Drivers/CMSIS/Include/core_cm0.h ****   \defgroup CMSIS_Core_SysTickFunctions SysTick Functions
 903:Drivers/CMSIS/Include/core_cm0.h ****   \brief    Functions that configure the System.
 904:Drivers/CMSIS/Include/core_cm0.h ****   @{
 905:Drivers/CMSIS/Include/core_cm0.h ****  */
 906:Drivers/CMSIS/Include/core_cm0.h **** 
 907:Drivers/CMSIS/Include/core_cm0.h **** #if defined (__Vendor_SysTickConfig) && (__Vendor_SysTickConfig == 0U)
 908:Drivers/CMSIS/Include/core_cm0.h **** 
 909:Drivers/CMSIS/Include/core_cm0.h **** /**
 910:Drivers/CMSIS/Include/core_cm0.h ****   \brief   System Tick Configuration
 911:Drivers/CMSIS/Include/core_cm0.h ****   \details Initializes the System Timer and its interrupt, and starts the System Tick Timer.
 912:Drivers/CMSIS/Include/core_cm0.h ****            Counter is in free running mode to generate periodic interrupts.
 913:Drivers/CMSIS/Include/core_cm0.h ****   \param [in]  ticks  Number of ticks between two interrupts.
 914:Drivers/CMSIS/Include/core_cm0.h ****   \return          0  Function succeeded.
 915:Drivers/CMSIS/Include/core_cm0.h ****   \return          1  Function failed.
 916:Drivers/CMSIS/Include/core_cm0.h ****   \note    When the variable <b>__Vendor_SysTickConfig</b> is set to 1, then the
 917:Drivers/CMSIS/Include/core_cm0.h ****            function <b>SysTick_Config</b> is not included. In this case, the file <b><i>device</i>.
 918:Drivers/CMSIS/Include/core_cm0.h ****            must contain a vendor-specific implementation of this function.
 919:Drivers/CMSIS/Include/core_cm0.h ****  */
 920:Drivers/CMSIS/Include/core_cm0.h **** __STATIC_INLINE uint32_t SysTick_Config(uint32_t ticks)
 921:Drivers/CMSIS/Include/core_cm0.h **** {
ARM GAS  C:\Users\joshr\AppData\Local\Temp\cc1PoiAe.s 			page 45


 702              		.loc 2 921 1
 703              		.cfi_startproc
 704              		@ args = 0, pretend = 0, frame = 8
 705              		@ frame_needed = 1, uses_anonymous_args = 0
 706 0000 80B5     		push	{r7, lr}
 707              	.LCFI23:
 708              		.cfi_def_cfa_offset 8
 709              		.cfi_offset 7, -8
 710              		.cfi_offset 14, -4
 711 0002 82B0     		sub	sp, sp, #8
 712              	.LCFI24:
 713              		.cfi_def_cfa_offset 16
 714 0004 00AF     		add	r7, sp, #0
 715              	.LCFI25:
 716              		.cfi_def_cfa_register 7
 717 0006 7860     		str	r0, [r7, #4]
 922:Drivers/CMSIS/Include/core_cm0.h ****   if ((ticks - 1UL) > SysTick_LOAD_RELOAD_Msk)
 718              		.loc 2 922 14
 719 0008 7B68     		ldr	r3, [r7, #4]
 720 000a 5A1E     		subs	r2, r3, #1
 721              		.loc 2 922 6
 722 000c 8023     		movs	r3, #128
 723 000e 5B04     		lsls	r3, r3, #17
 724 0010 9A42     		cmp	r2, r3
 725 0012 01D3     		bcc	.L42
 923:Drivers/CMSIS/Include/core_cm0.h ****   {
 924:Drivers/CMSIS/Include/core_cm0.h ****     return (1UL);                                                   /* Reload value impossible */
 726              		.loc 2 924 12
 727 0014 0123     		movs	r3, #1
 728 0016 10E0     		b	.L43
 729              	.L42:
 925:Drivers/CMSIS/Include/core_cm0.h ****   }
 926:Drivers/CMSIS/Include/core_cm0.h **** 
 927:Drivers/CMSIS/Include/core_cm0.h ****   SysTick->LOAD  = (uint32_t)(ticks - 1UL);                         /* set reload register */
 730              		.loc 2 927 10
 731 0018 0A4B     		ldr	r3, .L44
 732              		.loc 2 927 20
 733 001a 7A68     		ldr	r2, [r7, #4]
 734 001c 013A     		subs	r2, r2, #1
 735              		.loc 2 927 18
 736 001e 5A60     		str	r2, [r3, #4]
 928:Drivers/CMSIS/Include/core_cm0.h ****   NVIC_SetPriority (SysTick_IRQn, (1UL << __NVIC_PRIO_BITS) - 1UL); /* set Priority for Systick Int
 737              		.loc 2 928 3
 738 0020 0123     		movs	r3, #1
 739 0022 5B42     		rsbs	r3, r3, #0
 740 0024 0321     		movs	r1, #3
 741 0026 1800     		movs	r0, r3
 742 0028 FFF7FEFF 		bl	__NVIC_SetPriority
 929:Drivers/CMSIS/Include/core_cm0.h ****   SysTick->VAL   = 0UL;                                             /* Load the SysTick Counter Val
 743              		.loc 2 929 10
 744 002c 054B     		ldr	r3, .L44
 745              		.loc 2 929 18
 746 002e 0022     		movs	r2, #0
 747 0030 9A60     		str	r2, [r3, #8]
 930:Drivers/CMSIS/Include/core_cm0.h ****   SysTick->CTRL  = SysTick_CTRL_CLKSOURCE_Msk |
 748              		.loc 2 930 10
 749 0032 044B     		ldr	r3, .L44
ARM GAS  C:\Users\joshr\AppData\Local\Temp\cc1PoiAe.s 			page 46


 750              		.loc 2 930 18
 751 0034 0722     		movs	r2, #7
 752 0036 1A60     		str	r2, [r3]
 931:Drivers/CMSIS/Include/core_cm0.h ****                    SysTick_CTRL_TICKINT_Msk   |
 932:Drivers/CMSIS/Include/core_cm0.h ****                    SysTick_CTRL_ENABLE_Msk;                         /* Enable SysTick IRQ and SysTi
 933:Drivers/CMSIS/Include/core_cm0.h ****   return (0UL);                                                     /* Function successful */
 753              		.loc 2 933 10
 754 0038 0023     		movs	r3, #0
 755              	.L43:
 934:Drivers/CMSIS/Include/core_cm0.h **** }
 756              		.loc 2 934 1
 757 003a 1800     		movs	r0, r3
 758 003c BD46     		mov	sp, r7
 759 003e 02B0     		add	sp, sp, #8
 760              		@ sp needed
 761 0040 80BD     		pop	{r7, pc}
 762              	.L45:
 763 0042 C046     		.align	2
 764              	.L44:
 765 0044 10E000E0 		.word	-536813552
 766              		.cfi_endproc
 767              	.LFE39:
 769              		.section	.text.HAL_NVIC_SetPriority,"ax",%progbits
 770              		.align	1
 771              		.global	HAL_NVIC_SetPriority
 772              		.syntax unified
 773              		.code	16
 774              		.thumb_func
 776              	HAL_NVIC_SetPriority:
 777              	.LFB40:
   1:Drivers/STM32F0xx_HAL_Driver/Src/stm32f0xx_hal_cortex.c **** /**
   2:Drivers/STM32F0xx_HAL_Driver/Src/stm32f0xx_hal_cortex.c ****   ******************************************************************************
   3:Drivers/STM32F0xx_HAL_Driver/Src/stm32f0xx_hal_cortex.c ****   * @file    stm32f0xx_hal_cortex.c
   4:Drivers/STM32F0xx_HAL_Driver/Src/stm32f0xx_hal_cortex.c ****   * @author  MCD Application Team
   5:Drivers/STM32F0xx_HAL_Driver/Src/stm32f0xx_hal_cortex.c ****   * @brief   CORTEX HAL module driver.
   6:Drivers/STM32F0xx_HAL_Driver/Src/stm32f0xx_hal_cortex.c ****   *          This file provides firmware functions to manage the following
   7:Drivers/STM32F0xx_HAL_Driver/Src/stm32f0xx_hal_cortex.c ****   *          functionalities of the CORTEX:
   8:Drivers/STM32F0xx_HAL_Driver/Src/stm32f0xx_hal_cortex.c ****   *           + Initialization and de-initialization functions
   9:Drivers/STM32F0xx_HAL_Driver/Src/stm32f0xx_hal_cortex.c ****   *           + Peripheral Control functions 
  10:Drivers/STM32F0xx_HAL_Driver/Src/stm32f0xx_hal_cortex.c ****   *
  11:Drivers/STM32F0xx_HAL_Driver/Src/stm32f0xx_hal_cortex.c ****   *  @verbatim
  12:Drivers/STM32F0xx_HAL_Driver/Src/stm32f0xx_hal_cortex.c ****   ==============================================================================
  13:Drivers/STM32F0xx_HAL_Driver/Src/stm32f0xx_hal_cortex.c ****                         ##### How to use this driver #####
  14:Drivers/STM32F0xx_HAL_Driver/Src/stm32f0xx_hal_cortex.c ****   ==============================================================================
  15:Drivers/STM32F0xx_HAL_Driver/Src/stm32f0xx_hal_cortex.c **** 
  16:Drivers/STM32F0xx_HAL_Driver/Src/stm32f0xx_hal_cortex.c ****     [..]  
  17:Drivers/STM32F0xx_HAL_Driver/Src/stm32f0xx_hal_cortex.c ****     *** How to configure Interrupts using CORTEX HAL driver ***
  18:Drivers/STM32F0xx_HAL_Driver/Src/stm32f0xx_hal_cortex.c ****     ===========================================================
  19:Drivers/STM32F0xx_HAL_Driver/Src/stm32f0xx_hal_cortex.c ****     [..]
  20:Drivers/STM32F0xx_HAL_Driver/Src/stm32f0xx_hal_cortex.c ****     This section provides functions allowing to configure the NVIC interrupts (IRQ).
  21:Drivers/STM32F0xx_HAL_Driver/Src/stm32f0xx_hal_cortex.c ****     The Cortex-M0 exceptions are managed by CMSIS functions.
  22:Drivers/STM32F0xx_HAL_Driver/Src/stm32f0xx_hal_cortex.c ****       (#) Enable and Configure the priority of the selected IRQ Channels. 
  23:Drivers/STM32F0xx_HAL_Driver/Src/stm32f0xx_hal_cortex.c ****              The priority can be 0..3. 
  24:Drivers/STM32F0xx_HAL_Driver/Src/stm32f0xx_hal_cortex.c **** 
  25:Drivers/STM32F0xx_HAL_Driver/Src/stm32f0xx_hal_cortex.c ****         -@- Lower priority values gives higher priority.
  26:Drivers/STM32F0xx_HAL_Driver/Src/stm32f0xx_hal_cortex.c ****         -@- Priority Order:
  27:Drivers/STM32F0xx_HAL_Driver/Src/stm32f0xx_hal_cortex.c ****             (#@) Lowest priority.
ARM GAS  C:\Users\joshr\AppData\Local\Temp\cc1PoiAe.s 			page 47


  28:Drivers/STM32F0xx_HAL_Driver/Src/stm32f0xx_hal_cortex.c ****             (#@) Lowest hardware priority (IRQn position).  
  29:Drivers/STM32F0xx_HAL_Driver/Src/stm32f0xx_hal_cortex.c **** 
  30:Drivers/STM32F0xx_HAL_Driver/Src/stm32f0xx_hal_cortex.c ****       (#)  Configure the priority of the selected IRQ Channels using HAL_NVIC_SetPriority()
  31:Drivers/STM32F0xx_HAL_Driver/Src/stm32f0xx_hal_cortex.c **** 
  32:Drivers/STM32F0xx_HAL_Driver/Src/stm32f0xx_hal_cortex.c ****       (#)  Enable the selected IRQ Channels using HAL_NVIC_EnableIRQ()
  33:Drivers/STM32F0xx_HAL_Driver/Src/stm32f0xx_hal_cortex.c ****       
  34:Drivers/STM32F0xx_HAL_Driver/Src/stm32f0xx_hal_cortex.c ****       -@-  Negative value of IRQn_Type are not allowed.
  35:Drivers/STM32F0xx_HAL_Driver/Src/stm32f0xx_hal_cortex.c **** 
  36:Drivers/STM32F0xx_HAL_Driver/Src/stm32f0xx_hal_cortex.c **** 
  37:Drivers/STM32F0xx_HAL_Driver/Src/stm32f0xx_hal_cortex.c ****     [..]
  38:Drivers/STM32F0xx_HAL_Driver/Src/stm32f0xx_hal_cortex.c ****     *** How to configure Systick using CORTEX HAL driver ***
  39:Drivers/STM32F0xx_HAL_Driver/Src/stm32f0xx_hal_cortex.c ****     ========================================================
  40:Drivers/STM32F0xx_HAL_Driver/Src/stm32f0xx_hal_cortex.c ****     [..]
  41:Drivers/STM32F0xx_HAL_Driver/Src/stm32f0xx_hal_cortex.c ****     Setup SysTick Timer for time base. 
  42:Drivers/STM32F0xx_HAL_Driver/Src/stm32f0xx_hal_cortex.c ****            
  43:Drivers/STM32F0xx_HAL_Driver/Src/stm32f0xx_hal_cortex.c ****    (+) The HAL_SYSTICK_Config()function calls the SysTick_Config() function which
  44:Drivers/STM32F0xx_HAL_Driver/Src/stm32f0xx_hal_cortex.c ****        is a CMSIS function that:
  45:Drivers/STM32F0xx_HAL_Driver/Src/stm32f0xx_hal_cortex.c ****         (++) Configures the SysTick Reload register with value passed as function parameter.
  46:Drivers/STM32F0xx_HAL_Driver/Src/stm32f0xx_hal_cortex.c ****         (++) Configures the SysTick IRQ priority to the lowest value (0x03).
  47:Drivers/STM32F0xx_HAL_Driver/Src/stm32f0xx_hal_cortex.c ****         (++) Resets the SysTick Counter register.
  48:Drivers/STM32F0xx_HAL_Driver/Src/stm32f0xx_hal_cortex.c ****         (++) Configures the SysTick Counter clock source to be Core Clock Source (HCLK).
  49:Drivers/STM32F0xx_HAL_Driver/Src/stm32f0xx_hal_cortex.c ****         (++) Enables the SysTick Interrupt.
  50:Drivers/STM32F0xx_HAL_Driver/Src/stm32f0xx_hal_cortex.c ****         (++) Starts the SysTick Counter.
  51:Drivers/STM32F0xx_HAL_Driver/Src/stm32f0xx_hal_cortex.c ****     
  52:Drivers/STM32F0xx_HAL_Driver/Src/stm32f0xx_hal_cortex.c ****    (+) You can change the SysTick Clock source to be HCLK_Div8 by calling the macro
  53:Drivers/STM32F0xx_HAL_Driver/Src/stm32f0xx_hal_cortex.c ****        HAL_SYSTICK_CLKSourceConfig(SYSTICK_CLKSOURCE_HCLK_DIV8) just after the
  54:Drivers/STM32F0xx_HAL_Driver/Src/stm32f0xx_hal_cortex.c ****        HAL_SYSTICK_Config() function call. The HAL_SYSTICK_CLKSourceConfig() macro is defined
  55:Drivers/STM32F0xx_HAL_Driver/Src/stm32f0xx_hal_cortex.c ****        inside the stm32f0xx_hal_cortex.h file.
  56:Drivers/STM32F0xx_HAL_Driver/Src/stm32f0xx_hal_cortex.c **** 
  57:Drivers/STM32F0xx_HAL_Driver/Src/stm32f0xx_hal_cortex.c ****    (+) You can change the SysTick IRQ priority by calling the
  58:Drivers/STM32F0xx_HAL_Driver/Src/stm32f0xx_hal_cortex.c ****        HAL_NVIC_SetPriority(SysTick_IRQn,...) function just after the HAL_SYSTICK_Config() function
  59:Drivers/STM32F0xx_HAL_Driver/Src/stm32f0xx_hal_cortex.c ****        call. The HAL_NVIC_SetPriority() call the NVIC_SetPriority() function which is a CMSIS funct
  60:Drivers/STM32F0xx_HAL_Driver/Src/stm32f0xx_hal_cortex.c **** 
  61:Drivers/STM32F0xx_HAL_Driver/Src/stm32f0xx_hal_cortex.c ****    (+) To adjust the SysTick time base, use the following formula:
  62:Drivers/STM32F0xx_HAL_Driver/Src/stm32f0xx_hal_cortex.c **** 
  63:Drivers/STM32F0xx_HAL_Driver/Src/stm32f0xx_hal_cortex.c ****        Reload Value = SysTick Counter Clock (Hz) x  Desired Time base (s)
  64:Drivers/STM32F0xx_HAL_Driver/Src/stm32f0xx_hal_cortex.c ****        (++) Reload Value is the parameter to be passed for HAL_SYSTICK_Config() function
  65:Drivers/STM32F0xx_HAL_Driver/Src/stm32f0xx_hal_cortex.c ****        (++) Reload Value should not exceed 0xFFFFFF
  66:Drivers/STM32F0xx_HAL_Driver/Src/stm32f0xx_hal_cortex.c **** 
  67:Drivers/STM32F0xx_HAL_Driver/Src/stm32f0xx_hal_cortex.c ****   @endverbatim
  68:Drivers/STM32F0xx_HAL_Driver/Src/stm32f0xx_hal_cortex.c ****   ******************************************************************************
  69:Drivers/STM32F0xx_HAL_Driver/Src/stm32f0xx_hal_cortex.c ****   * @attention
  70:Drivers/STM32F0xx_HAL_Driver/Src/stm32f0xx_hal_cortex.c ****   *
  71:Drivers/STM32F0xx_HAL_Driver/Src/stm32f0xx_hal_cortex.c ****   * Copyright (c) 2016 STMicroelectronics.
  72:Drivers/STM32F0xx_HAL_Driver/Src/stm32f0xx_hal_cortex.c ****   * All rights reserved.
  73:Drivers/STM32F0xx_HAL_Driver/Src/stm32f0xx_hal_cortex.c ****   *
  74:Drivers/STM32F0xx_HAL_Driver/Src/stm32f0xx_hal_cortex.c ****   * This software is licensed under terms that can be found in the LICENSE file in
  75:Drivers/STM32F0xx_HAL_Driver/Src/stm32f0xx_hal_cortex.c ****   * the root directory of this software component.
  76:Drivers/STM32F0xx_HAL_Driver/Src/stm32f0xx_hal_cortex.c ****   * If no LICENSE file comes with this software, it is provided AS-IS.
  77:Drivers/STM32F0xx_HAL_Driver/Src/stm32f0xx_hal_cortex.c ****   *
  78:Drivers/STM32F0xx_HAL_Driver/Src/stm32f0xx_hal_cortex.c ****   ******************************************************************************
  79:Drivers/STM32F0xx_HAL_Driver/Src/stm32f0xx_hal_cortex.c ****   */
  80:Drivers/STM32F0xx_HAL_Driver/Src/stm32f0xx_hal_cortex.c **** 
  81:Drivers/STM32F0xx_HAL_Driver/Src/stm32f0xx_hal_cortex.c **** /* Includes ------------------------------------------------------------------*/
  82:Drivers/STM32F0xx_HAL_Driver/Src/stm32f0xx_hal_cortex.c **** #include "stm32f0xx_hal.h"
  83:Drivers/STM32F0xx_HAL_Driver/Src/stm32f0xx_hal_cortex.c **** 
  84:Drivers/STM32F0xx_HAL_Driver/Src/stm32f0xx_hal_cortex.c **** /** @addtogroup STM32F0xx_HAL_Driver
ARM GAS  C:\Users\joshr\AppData\Local\Temp\cc1PoiAe.s 			page 48


  85:Drivers/STM32F0xx_HAL_Driver/Src/stm32f0xx_hal_cortex.c ****   * @{
  86:Drivers/STM32F0xx_HAL_Driver/Src/stm32f0xx_hal_cortex.c ****   */
  87:Drivers/STM32F0xx_HAL_Driver/Src/stm32f0xx_hal_cortex.c **** 
  88:Drivers/STM32F0xx_HAL_Driver/Src/stm32f0xx_hal_cortex.c **** /** @defgroup CORTEX CORTEX
  89:Drivers/STM32F0xx_HAL_Driver/Src/stm32f0xx_hal_cortex.c ****   * @brief CORTEX CORTEX HAL module driver
  90:Drivers/STM32F0xx_HAL_Driver/Src/stm32f0xx_hal_cortex.c ****   * @{
  91:Drivers/STM32F0xx_HAL_Driver/Src/stm32f0xx_hal_cortex.c ****   */
  92:Drivers/STM32F0xx_HAL_Driver/Src/stm32f0xx_hal_cortex.c **** 
  93:Drivers/STM32F0xx_HAL_Driver/Src/stm32f0xx_hal_cortex.c **** #ifdef HAL_CORTEX_MODULE_ENABLED
  94:Drivers/STM32F0xx_HAL_Driver/Src/stm32f0xx_hal_cortex.c **** 
  95:Drivers/STM32F0xx_HAL_Driver/Src/stm32f0xx_hal_cortex.c **** /* Private typedef -----------------------------------------------------------*/
  96:Drivers/STM32F0xx_HAL_Driver/Src/stm32f0xx_hal_cortex.c **** /* Private define ------------------------------------------------------------*/
  97:Drivers/STM32F0xx_HAL_Driver/Src/stm32f0xx_hal_cortex.c **** /* Private macro -------------------------------------------------------------*/
  98:Drivers/STM32F0xx_HAL_Driver/Src/stm32f0xx_hal_cortex.c **** /* Private variables ---------------------------------------------------------*/
  99:Drivers/STM32F0xx_HAL_Driver/Src/stm32f0xx_hal_cortex.c **** /* Private function prototypes -----------------------------------------------*/
 100:Drivers/STM32F0xx_HAL_Driver/Src/stm32f0xx_hal_cortex.c **** /* Exported functions ---------------------------------------------------------*/
 101:Drivers/STM32F0xx_HAL_Driver/Src/stm32f0xx_hal_cortex.c **** 
 102:Drivers/STM32F0xx_HAL_Driver/Src/stm32f0xx_hal_cortex.c **** /** @defgroup CORTEX_Exported_Functions CORTEX Exported Functions
 103:Drivers/STM32F0xx_HAL_Driver/Src/stm32f0xx_hal_cortex.c ****   * @{
 104:Drivers/STM32F0xx_HAL_Driver/Src/stm32f0xx_hal_cortex.c ****   */
 105:Drivers/STM32F0xx_HAL_Driver/Src/stm32f0xx_hal_cortex.c **** 
 106:Drivers/STM32F0xx_HAL_Driver/Src/stm32f0xx_hal_cortex.c **** 
 107:Drivers/STM32F0xx_HAL_Driver/Src/stm32f0xx_hal_cortex.c **** /** @defgroup CORTEX_Exported_Functions_Group1 Initialization and de-initialization functions 
 108:Drivers/STM32F0xx_HAL_Driver/Src/stm32f0xx_hal_cortex.c ****  *  @brief    Initialization and Configuration functions
 109:Drivers/STM32F0xx_HAL_Driver/Src/stm32f0xx_hal_cortex.c ****  *
 110:Drivers/STM32F0xx_HAL_Driver/Src/stm32f0xx_hal_cortex.c **** @verbatim
 111:Drivers/STM32F0xx_HAL_Driver/Src/stm32f0xx_hal_cortex.c ****   ==============================================================================
 112:Drivers/STM32F0xx_HAL_Driver/Src/stm32f0xx_hal_cortex.c ****               ##### Initialization and de-initialization functions #####
 113:Drivers/STM32F0xx_HAL_Driver/Src/stm32f0xx_hal_cortex.c ****   ==============================================================================
 114:Drivers/STM32F0xx_HAL_Driver/Src/stm32f0xx_hal_cortex.c ****     [..]
 115:Drivers/STM32F0xx_HAL_Driver/Src/stm32f0xx_hal_cortex.c ****       This section provides the CORTEX HAL driver functions allowing to configure Interrupts
 116:Drivers/STM32F0xx_HAL_Driver/Src/stm32f0xx_hal_cortex.c ****       Systick functionalities 
 117:Drivers/STM32F0xx_HAL_Driver/Src/stm32f0xx_hal_cortex.c **** 
 118:Drivers/STM32F0xx_HAL_Driver/Src/stm32f0xx_hal_cortex.c **** @endverbatim
 119:Drivers/STM32F0xx_HAL_Driver/Src/stm32f0xx_hal_cortex.c ****   * @{
 120:Drivers/STM32F0xx_HAL_Driver/Src/stm32f0xx_hal_cortex.c ****   */
 121:Drivers/STM32F0xx_HAL_Driver/Src/stm32f0xx_hal_cortex.c **** 
 122:Drivers/STM32F0xx_HAL_Driver/Src/stm32f0xx_hal_cortex.c **** /**
 123:Drivers/STM32F0xx_HAL_Driver/Src/stm32f0xx_hal_cortex.c ****   * @brief  Sets the priority of an interrupt.
 124:Drivers/STM32F0xx_HAL_Driver/Src/stm32f0xx_hal_cortex.c ****   * @param  IRQn External interrupt number .
 125:Drivers/STM32F0xx_HAL_Driver/Src/stm32f0xx_hal_cortex.c ****   *         This parameter can be an enumerator of IRQn_Type enumeration
 126:Drivers/STM32F0xx_HAL_Driver/Src/stm32f0xx_hal_cortex.c ****   *         (For the complete STM32 Devices IRQ Channels list, please refer to stm32f0xx.h file)
 127:Drivers/STM32F0xx_HAL_Driver/Src/stm32f0xx_hal_cortex.c ****   * @param  PreemptPriority The preemption priority for the IRQn channel.
 128:Drivers/STM32F0xx_HAL_Driver/Src/stm32f0xx_hal_cortex.c ****   *         This parameter can be a value between 0 and 3.
 129:Drivers/STM32F0xx_HAL_Driver/Src/stm32f0xx_hal_cortex.c ****   *         A lower priority value indicates a higher priority
 130:Drivers/STM32F0xx_HAL_Driver/Src/stm32f0xx_hal_cortex.c ****   * @param  SubPriority the subpriority level for the IRQ channel.
 131:Drivers/STM32F0xx_HAL_Driver/Src/stm32f0xx_hal_cortex.c ****   *         with stm32f0xx devices, this parameter is a dummy value and it is ignored, because 
 132:Drivers/STM32F0xx_HAL_Driver/Src/stm32f0xx_hal_cortex.c ****   *         no subpriority supported in Cortex M0 based products.   
 133:Drivers/STM32F0xx_HAL_Driver/Src/stm32f0xx_hal_cortex.c ****   * @retval None
 134:Drivers/STM32F0xx_HAL_Driver/Src/stm32f0xx_hal_cortex.c ****   */
 135:Drivers/STM32F0xx_HAL_Driver/Src/stm32f0xx_hal_cortex.c **** void HAL_NVIC_SetPriority(IRQn_Type IRQn, uint32_t PreemptPriority, uint32_t SubPriority)
 136:Drivers/STM32F0xx_HAL_Driver/Src/stm32f0xx_hal_cortex.c **** {
 778              		.loc 1 136 1
 779              		.cfi_startproc
 780              		@ args = 0, pretend = 0, frame = 16
 781              		@ frame_needed = 1, uses_anonymous_args = 0
 782 0000 80B5     		push	{r7, lr}
ARM GAS  C:\Users\joshr\AppData\Local\Temp\cc1PoiAe.s 			page 49


 783              	.LCFI26:
 784              		.cfi_def_cfa_offset 8
 785              		.cfi_offset 7, -8
 786              		.cfi_offset 14, -4
 787 0002 84B0     		sub	sp, sp, #16
 788              	.LCFI27:
 789              		.cfi_def_cfa_offset 24
 790 0004 00AF     		add	r7, sp, #0
 791              	.LCFI28:
 792              		.cfi_def_cfa_register 7
 793 0006 B960     		str	r1, [r7, #8]
 794 0008 7A60     		str	r2, [r7, #4]
 795 000a 0F21     		movs	r1, #15
 796 000c 7B18     		adds	r3, r7, r1
 797 000e 021C     		adds	r2, r0, #0
 798 0010 1A70     		strb	r2, [r3]
 137:Drivers/STM32F0xx_HAL_Driver/Src/stm32f0xx_hal_cortex.c ****   /* Check the parameters */
 138:Drivers/STM32F0xx_HAL_Driver/Src/stm32f0xx_hal_cortex.c ****   assert_param(IS_NVIC_PREEMPTION_PRIORITY(PreemptPriority));
 139:Drivers/STM32F0xx_HAL_Driver/Src/stm32f0xx_hal_cortex.c ****   NVIC_SetPriority(IRQn,PreemptPriority);
 799              		.loc 1 139 3
 800 0012 BA68     		ldr	r2, [r7, #8]
 801 0014 7B18     		adds	r3, r7, r1
 802 0016 1B78     		ldrb	r3, [r3]
 803 0018 5BB2     		sxtb	r3, r3
 804 001a 1100     		movs	r1, r2
 805 001c 1800     		movs	r0, r3
 806 001e FFF7FEFF 		bl	__NVIC_SetPriority
 140:Drivers/STM32F0xx_HAL_Driver/Src/stm32f0xx_hal_cortex.c **** 
 141:Drivers/STM32F0xx_HAL_Driver/Src/stm32f0xx_hal_cortex.c ****   /* Prevent unused argument(s) compilation warning */
 142:Drivers/STM32F0xx_HAL_Driver/Src/stm32f0xx_hal_cortex.c ****   UNUSED(SubPriority);
 143:Drivers/STM32F0xx_HAL_Driver/Src/stm32f0xx_hal_cortex.c **** }
 807              		.loc 1 143 1
 808 0022 C046     		nop
 809 0024 BD46     		mov	sp, r7
 810 0026 04B0     		add	sp, sp, #16
 811              		@ sp needed
 812 0028 80BD     		pop	{r7, pc}
 813              		.cfi_endproc
 814              	.LFE40:
 816              		.section	.text.HAL_NVIC_EnableIRQ,"ax",%progbits
 817              		.align	1
 818              		.global	HAL_NVIC_EnableIRQ
 819              		.syntax unified
 820              		.code	16
 821              		.thumb_func
 823              	HAL_NVIC_EnableIRQ:
 824              	.LFB41:
 144:Drivers/STM32F0xx_HAL_Driver/Src/stm32f0xx_hal_cortex.c **** 
 145:Drivers/STM32F0xx_HAL_Driver/Src/stm32f0xx_hal_cortex.c **** /**
 146:Drivers/STM32F0xx_HAL_Driver/Src/stm32f0xx_hal_cortex.c ****   * @brief  Enables a device specific interrupt in the NVIC interrupt controller.
 147:Drivers/STM32F0xx_HAL_Driver/Src/stm32f0xx_hal_cortex.c ****   * @note   To configure interrupts priority correctly, the NVIC_PriorityGroupConfig()
 148:Drivers/STM32F0xx_HAL_Driver/Src/stm32f0xx_hal_cortex.c ****   *         function should be called before. 
 149:Drivers/STM32F0xx_HAL_Driver/Src/stm32f0xx_hal_cortex.c ****   * @param  IRQn External interrupt number.
 150:Drivers/STM32F0xx_HAL_Driver/Src/stm32f0xx_hal_cortex.c ****   *         This parameter can be an enumerator of IRQn_Type enumeration
 151:Drivers/STM32F0xx_HAL_Driver/Src/stm32f0xx_hal_cortex.c ****   *         (For the complete STM32 Devices IRQ Channels list, please refer to the appropriate CMSI
 152:Drivers/STM32F0xx_HAL_Driver/Src/stm32f0xx_hal_cortex.c ****   * @retval None
 153:Drivers/STM32F0xx_HAL_Driver/Src/stm32f0xx_hal_cortex.c ****   */
ARM GAS  C:\Users\joshr\AppData\Local\Temp\cc1PoiAe.s 			page 50


 154:Drivers/STM32F0xx_HAL_Driver/Src/stm32f0xx_hal_cortex.c **** void HAL_NVIC_EnableIRQ(IRQn_Type IRQn)
 155:Drivers/STM32F0xx_HAL_Driver/Src/stm32f0xx_hal_cortex.c **** {
 825              		.loc 1 155 1
 826              		.cfi_startproc
 827              		@ args = 0, pretend = 0, frame = 8
 828              		@ frame_needed = 1, uses_anonymous_args = 0
 829 0000 80B5     		push	{r7, lr}
 830              	.LCFI29:
 831              		.cfi_def_cfa_offset 8
 832              		.cfi_offset 7, -8
 833              		.cfi_offset 14, -4
 834 0002 82B0     		sub	sp, sp, #8
 835              	.LCFI30:
 836              		.cfi_def_cfa_offset 16
 837 0004 00AF     		add	r7, sp, #0
 838              	.LCFI31:
 839              		.cfi_def_cfa_register 7
 840 0006 0200     		movs	r2, r0
 841 0008 FB1D     		adds	r3, r7, #7
 842 000a 1A70     		strb	r2, [r3]
 156:Drivers/STM32F0xx_HAL_Driver/Src/stm32f0xx_hal_cortex.c ****   /* Check the parameters */
 157:Drivers/STM32F0xx_HAL_Driver/Src/stm32f0xx_hal_cortex.c ****   assert_param(IS_NVIC_DEVICE_IRQ(IRQn));
 158:Drivers/STM32F0xx_HAL_Driver/Src/stm32f0xx_hal_cortex.c ****   
 159:Drivers/STM32F0xx_HAL_Driver/Src/stm32f0xx_hal_cortex.c ****   /* Enable interrupt */
 160:Drivers/STM32F0xx_HAL_Driver/Src/stm32f0xx_hal_cortex.c ****   NVIC_EnableIRQ(IRQn);
 843              		.loc 1 160 3
 844 000c FB1D     		adds	r3, r7, #7
 845 000e 1B78     		ldrb	r3, [r3]
 846 0010 5BB2     		sxtb	r3, r3
 847 0012 1800     		movs	r0, r3
 848 0014 FFF7FEFF 		bl	__NVIC_EnableIRQ
 161:Drivers/STM32F0xx_HAL_Driver/Src/stm32f0xx_hal_cortex.c **** }
 849              		.loc 1 161 1
 850 0018 C046     		nop
 851 001a BD46     		mov	sp, r7
 852 001c 02B0     		add	sp, sp, #8
 853              		@ sp needed
 854 001e 80BD     		pop	{r7, pc}
 855              		.cfi_endproc
 856              	.LFE41:
 858              		.section	.text.HAL_NVIC_DisableIRQ,"ax",%progbits
 859              		.align	1
 860              		.global	HAL_NVIC_DisableIRQ
 861              		.syntax unified
 862              		.code	16
 863              		.thumb_func
 865              	HAL_NVIC_DisableIRQ:
 866              	.LFB42:
 162:Drivers/STM32F0xx_HAL_Driver/Src/stm32f0xx_hal_cortex.c **** 
 163:Drivers/STM32F0xx_HAL_Driver/Src/stm32f0xx_hal_cortex.c **** /**
 164:Drivers/STM32F0xx_HAL_Driver/Src/stm32f0xx_hal_cortex.c ****   * @brief  Disables a device specific interrupt in the NVIC interrupt controller.
 165:Drivers/STM32F0xx_HAL_Driver/Src/stm32f0xx_hal_cortex.c ****   * @param  IRQn External interrupt number.
 166:Drivers/STM32F0xx_HAL_Driver/Src/stm32f0xx_hal_cortex.c ****   *         This parameter can be an enumerator of IRQn_Type enumeration
 167:Drivers/STM32F0xx_HAL_Driver/Src/stm32f0xx_hal_cortex.c ****   *         (For the complete STM32 Devices IRQ Channels list, please refer to the appropriate CMSI
 168:Drivers/STM32F0xx_HAL_Driver/Src/stm32f0xx_hal_cortex.c ****   * @retval None
 169:Drivers/STM32F0xx_HAL_Driver/Src/stm32f0xx_hal_cortex.c ****   */
 170:Drivers/STM32F0xx_HAL_Driver/Src/stm32f0xx_hal_cortex.c **** void HAL_NVIC_DisableIRQ(IRQn_Type IRQn)
ARM GAS  C:\Users\joshr\AppData\Local\Temp\cc1PoiAe.s 			page 51


 171:Drivers/STM32F0xx_HAL_Driver/Src/stm32f0xx_hal_cortex.c **** {
 867              		.loc 1 171 1
 868              		.cfi_startproc
 869              		@ args = 0, pretend = 0, frame = 8
 870              		@ frame_needed = 1, uses_anonymous_args = 0
 871 0000 80B5     		push	{r7, lr}
 872              	.LCFI32:
 873              		.cfi_def_cfa_offset 8
 874              		.cfi_offset 7, -8
 875              		.cfi_offset 14, -4
 876 0002 82B0     		sub	sp, sp, #8
 877              	.LCFI33:
 878              		.cfi_def_cfa_offset 16
 879 0004 00AF     		add	r7, sp, #0
 880              	.LCFI34:
 881              		.cfi_def_cfa_register 7
 882 0006 0200     		movs	r2, r0
 883 0008 FB1D     		adds	r3, r7, #7
 884 000a 1A70     		strb	r2, [r3]
 172:Drivers/STM32F0xx_HAL_Driver/Src/stm32f0xx_hal_cortex.c ****   /* Check the parameters */
 173:Drivers/STM32F0xx_HAL_Driver/Src/stm32f0xx_hal_cortex.c ****   assert_param(IS_NVIC_DEVICE_IRQ(IRQn));
 174:Drivers/STM32F0xx_HAL_Driver/Src/stm32f0xx_hal_cortex.c ****   
 175:Drivers/STM32F0xx_HAL_Driver/Src/stm32f0xx_hal_cortex.c ****   /* Disable interrupt */
 176:Drivers/STM32F0xx_HAL_Driver/Src/stm32f0xx_hal_cortex.c ****   NVIC_DisableIRQ(IRQn);
 885              		.loc 1 176 3
 886 000c FB1D     		adds	r3, r7, #7
 887 000e 1B78     		ldrb	r3, [r3]
 888 0010 5BB2     		sxtb	r3, r3
 889 0012 1800     		movs	r0, r3
 890 0014 FFF7FEFF 		bl	__NVIC_DisableIRQ
 177:Drivers/STM32F0xx_HAL_Driver/Src/stm32f0xx_hal_cortex.c **** }
 891              		.loc 1 177 1
 892 0018 C046     		nop
 893 001a BD46     		mov	sp, r7
 894 001c 02B0     		add	sp, sp, #8
 895              		@ sp needed
 896 001e 80BD     		pop	{r7, pc}
 897              		.cfi_endproc
 898              	.LFE42:
 900              		.section	.text.HAL_NVIC_SystemReset,"ax",%progbits
 901              		.align	1
 902              		.global	HAL_NVIC_SystemReset
 903              		.syntax unified
 904              		.code	16
 905              		.thumb_func
 907              	HAL_NVIC_SystemReset:
 908              	.LFB43:
 178:Drivers/STM32F0xx_HAL_Driver/Src/stm32f0xx_hal_cortex.c **** 
 179:Drivers/STM32F0xx_HAL_Driver/Src/stm32f0xx_hal_cortex.c **** /**
 180:Drivers/STM32F0xx_HAL_Driver/Src/stm32f0xx_hal_cortex.c ****   * @brief  Initiates a system reset request to reset the MCU.
 181:Drivers/STM32F0xx_HAL_Driver/Src/stm32f0xx_hal_cortex.c ****   * @retval None
 182:Drivers/STM32F0xx_HAL_Driver/Src/stm32f0xx_hal_cortex.c ****   */
 183:Drivers/STM32F0xx_HAL_Driver/Src/stm32f0xx_hal_cortex.c **** void HAL_NVIC_SystemReset(void)
 184:Drivers/STM32F0xx_HAL_Driver/Src/stm32f0xx_hal_cortex.c **** {
 909              		.loc 1 184 1
 910              		.cfi_startproc
 911              		@ args = 0, pretend = 0, frame = 0
ARM GAS  C:\Users\joshr\AppData\Local\Temp\cc1PoiAe.s 			page 52


 912              		@ frame_needed = 1, uses_anonymous_args = 0
 913 0000 80B5     		push	{r7, lr}
 914              	.LCFI35:
 915              		.cfi_def_cfa_offset 8
 916              		.cfi_offset 7, -8
 917              		.cfi_offset 14, -4
 918 0002 00AF     		add	r7, sp, #0
 919              	.LCFI36:
 920              		.cfi_def_cfa_register 7
 185:Drivers/STM32F0xx_HAL_Driver/Src/stm32f0xx_hal_cortex.c ****   /* System Reset */
 186:Drivers/STM32F0xx_HAL_Driver/Src/stm32f0xx_hal_cortex.c ****   NVIC_SystemReset();
 921              		.loc 1 186 3
 922 0004 FFF7FEFF 		bl	__NVIC_SystemReset
 923              		.cfi_endproc
 924              	.LFE43:
 926              		.section	.text.HAL_SYSTICK_Config,"ax",%progbits
 927              		.align	1
 928              		.global	HAL_SYSTICK_Config
 929              		.syntax unified
 930              		.code	16
 931              		.thumb_func
 933              	HAL_SYSTICK_Config:
 934              	.LFB44:
 187:Drivers/STM32F0xx_HAL_Driver/Src/stm32f0xx_hal_cortex.c **** }
 188:Drivers/STM32F0xx_HAL_Driver/Src/stm32f0xx_hal_cortex.c **** 
 189:Drivers/STM32F0xx_HAL_Driver/Src/stm32f0xx_hal_cortex.c **** /**
 190:Drivers/STM32F0xx_HAL_Driver/Src/stm32f0xx_hal_cortex.c ****   * @brief  Initializes the System Timer and its interrupt, and starts the System Tick Timer.
 191:Drivers/STM32F0xx_HAL_Driver/Src/stm32f0xx_hal_cortex.c ****   *         Counter is in free running mode to generate periodic interrupts.
 192:Drivers/STM32F0xx_HAL_Driver/Src/stm32f0xx_hal_cortex.c ****   * @param  TicksNumb Specifies the ticks Number of ticks between two interrupts.
 193:Drivers/STM32F0xx_HAL_Driver/Src/stm32f0xx_hal_cortex.c ****   * @retval status:  - 0  Function succeeded.
 194:Drivers/STM32F0xx_HAL_Driver/Src/stm32f0xx_hal_cortex.c ****   *                  - 1  Function failed.
 195:Drivers/STM32F0xx_HAL_Driver/Src/stm32f0xx_hal_cortex.c ****   */
 196:Drivers/STM32F0xx_HAL_Driver/Src/stm32f0xx_hal_cortex.c **** uint32_t HAL_SYSTICK_Config(uint32_t TicksNumb)
 197:Drivers/STM32F0xx_HAL_Driver/Src/stm32f0xx_hal_cortex.c **** {
 935              		.loc 1 197 1
 936              		.cfi_startproc
 937              		@ args = 0, pretend = 0, frame = 8
 938              		@ frame_needed = 1, uses_anonymous_args = 0
 939 0000 80B5     		push	{r7, lr}
 940              	.LCFI37:
 941              		.cfi_def_cfa_offset 8
 942              		.cfi_offset 7, -8
 943              		.cfi_offset 14, -4
 944 0002 82B0     		sub	sp, sp, #8
 945              	.LCFI38:
 946              		.cfi_def_cfa_offset 16
 947 0004 00AF     		add	r7, sp, #0
 948              	.LCFI39:
 949              		.cfi_def_cfa_register 7
 950 0006 7860     		str	r0, [r7, #4]
 198:Drivers/STM32F0xx_HAL_Driver/Src/stm32f0xx_hal_cortex.c ****    return SysTick_Config(TicksNumb);
 951              		.loc 1 198 11
 952 0008 7B68     		ldr	r3, [r7, #4]
 953 000a 1800     		movs	r0, r3
 954 000c FFF7FEFF 		bl	SysTick_Config
 955 0010 0300     		movs	r3, r0
 199:Drivers/STM32F0xx_HAL_Driver/Src/stm32f0xx_hal_cortex.c **** }
ARM GAS  C:\Users\joshr\AppData\Local\Temp\cc1PoiAe.s 			page 53


 956              		.loc 1 199 1
 957 0012 1800     		movs	r0, r3
 958 0014 BD46     		mov	sp, r7
 959 0016 02B0     		add	sp, sp, #8
 960              		@ sp needed
 961 0018 80BD     		pop	{r7, pc}
 962              		.cfi_endproc
 963              	.LFE44:
 965              		.section	.text.HAL_NVIC_GetPriority,"ax",%progbits
 966              		.align	1
 967              		.global	HAL_NVIC_GetPriority
 968              		.syntax unified
 969              		.code	16
 970              		.thumb_func
 972              	HAL_NVIC_GetPriority:
 973              	.LFB45:
 200:Drivers/STM32F0xx_HAL_Driver/Src/stm32f0xx_hal_cortex.c **** /**
 201:Drivers/STM32F0xx_HAL_Driver/Src/stm32f0xx_hal_cortex.c ****   * @}
 202:Drivers/STM32F0xx_HAL_Driver/Src/stm32f0xx_hal_cortex.c ****   */
 203:Drivers/STM32F0xx_HAL_Driver/Src/stm32f0xx_hal_cortex.c **** 
 204:Drivers/STM32F0xx_HAL_Driver/Src/stm32f0xx_hal_cortex.c **** /** @defgroup CORTEX_Exported_Functions_Group2 Peripheral Control functions 
 205:Drivers/STM32F0xx_HAL_Driver/Src/stm32f0xx_hal_cortex.c ****  *  @brief   Cortex control functions
 206:Drivers/STM32F0xx_HAL_Driver/Src/stm32f0xx_hal_cortex.c ****  *
 207:Drivers/STM32F0xx_HAL_Driver/Src/stm32f0xx_hal_cortex.c **** @verbatim
 208:Drivers/STM32F0xx_HAL_Driver/Src/stm32f0xx_hal_cortex.c ****   ==============================================================================
 209:Drivers/STM32F0xx_HAL_Driver/Src/stm32f0xx_hal_cortex.c ****                       ##### Peripheral Control functions #####
 210:Drivers/STM32F0xx_HAL_Driver/Src/stm32f0xx_hal_cortex.c ****   ==============================================================================
 211:Drivers/STM32F0xx_HAL_Driver/Src/stm32f0xx_hal_cortex.c ****     [..]
 212:Drivers/STM32F0xx_HAL_Driver/Src/stm32f0xx_hal_cortex.c ****       This subsection provides a set of functions allowing to control the CORTEX
 213:Drivers/STM32F0xx_HAL_Driver/Src/stm32f0xx_hal_cortex.c ****       (NVIC, SYSTICK) functionalities.
 214:Drivers/STM32F0xx_HAL_Driver/Src/stm32f0xx_hal_cortex.c **** 
 215:Drivers/STM32F0xx_HAL_Driver/Src/stm32f0xx_hal_cortex.c **** 
 216:Drivers/STM32F0xx_HAL_Driver/Src/stm32f0xx_hal_cortex.c **** @endverbatim
 217:Drivers/STM32F0xx_HAL_Driver/Src/stm32f0xx_hal_cortex.c ****   * @{
 218:Drivers/STM32F0xx_HAL_Driver/Src/stm32f0xx_hal_cortex.c ****   */
 219:Drivers/STM32F0xx_HAL_Driver/Src/stm32f0xx_hal_cortex.c **** 
 220:Drivers/STM32F0xx_HAL_Driver/Src/stm32f0xx_hal_cortex.c **** 
 221:Drivers/STM32F0xx_HAL_Driver/Src/stm32f0xx_hal_cortex.c **** /**
 222:Drivers/STM32F0xx_HAL_Driver/Src/stm32f0xx_hal_cortex.c ****   * @brief  Gets the priority of an interrupt.
 223:Drivers/STM32F0xx_HAL_Driver/Src/stm32f0xx_hal_cortex.c ****   * @param  IRQn External interrupt number.
 224:Drivers/STM32F0xx_HAL_Driver/Src/stm32f0xx_hal_cortex.c ****   *         This parameter can be an enumerator of IRQn_Type enumeration
 225:Drivers/STM32F0xx_HAL_Driver/Src/stm32f0xx_hal_cortex.c ****   *         (For the complete STM32 Devices IRQ Channels list, please refer to the appropriate CMSI
 226:Drivers/STM32F0xx_HAL_Driver/Src/stm32f0xx_hal_cortex.c ****   * @retval None
 227:Drivers/STM32F0xx_HAL_Driver/Src/stm32f0xx_hal_cortex.c ****   */
 228:Drivers/STM32F0xx_HAL_Driver/Src/stm32f0xx_hal_cortex.c **** uint32_t HAL_NVIC_GetPriority(IRQn_Type IRQn)
 229:Drivers/STM32F0xx_HAL_Driver/Src/stm32f0xx_hal_cortex.c **** {
 974              		.loc 1 229 1
 975              		.cfi_startproc
 976              		@ args = 0, pretend = 0, frame = 8
 977              		@ frame_needed = 1, uses_anonymous_args = 0
 978 0000 80B5     		push	{r7, lr}
 979              	.LCFI40:
 980              		.cfi_def_cfa_offset 8
 981              		.cfi_offset 7, -8
 982              		.cfi_offset 14, -4
 983 0002 82B0     		sub	sp, sp, #8
 984              	.LCFI41:
ARM GAS  C:\Users\joshr\AppData\Local\Temp\cc1PoiAe.s 			page 54


 985              		.cfi_def_cfa_offset 16
 986 0004 00AF     		add	r7, sp, #0
 987              	.LCFI42:
 988              		.cfi_def_cfa_register 7
 989 0006 0200     		movs	r2, r0
 990 0008 FB1D     		adds	r3, r7, #7
 991 000a 1A70     		strb	r2, [r3]
 230:Drivers/STM32F0xx_HAL_Driver/Src/stm32f0xx_hal_cortex.c ****   /* Get priority for Cortex-M system or device specific interrupts */
 231:Drivers/STM32F0xx_HAL_Driver/Src/stm32f0xx_hal_cortex.c ****   return NVIC_GetPriority(IRQn);
 992              		.loc 1 231 10
 993 000c FB1D     		adds	r3, r7, #7
 994 000e 1B78     		ldrb	r3, [r3]
 995 0010 5BB2     		sxtb	r3, r3
 996 0012 1800     		movs	r0, r3
 997 0014 FFF7FEFF 		bl	__NVIC_GetPriority
 998 0018 0300     		movs	r3, r0
 232:Drivers/STM32F0xx_HAL_Driver/Src/stm32f0xx_hal_cortex.c **** }
 999              		.loc 1 232 1
 1000 001a 1800     		movs	r0, r3
 1001 001c BD46     		mov	sp, r7
 1002 001e 02B0     		add	sp, sp, #8
 1003              		@ sp needed
 1004 0020 80BD     		pop	{r7, pc}
 1005              		.cfi_endproc
 1006              	.LFE45:
 1008              		.section	.text.HAL_NVIC_SetPendingIRQ,"ax",%progbits
 1009              		.align	1
 1010              		.global	HAL_NVIC_SetPendingIRQ
 1011              		.syntax unified
 1012              		.code	16
 1013              		.thumb_func
 1015              	HAL_NVIC_SetPendingIRQ:
 1016              	.LFB46:
 233:Drivers/STM32F0xx_HAL_Driver/Src/stm32f0xx_hal_cortex.c **** 
 234:Drivers/STM32F0xx_HAL_Driver/Src/stm32f0xx_hal_cortex.c **** /**
 235:Drivers/STM32F0xx_HAL_Driver/Src/stm32f0xx_hal_cortex.c ****   * @brief  Sets Pending bit of an external interrupt.
 236:Drivers/STM32F0xx_HAL_Driver/Src/stm32f0xx_hal_cortex.c ****   * @param  IRQn External interrupt number
 237:Drivers/STM32F0xx_HAL_Driver/Src/stm32f0xx_hal_cortex.c ****   *         This parameter can be an enumerator of IRQn_Type enumeration
 238:Drivers/STM32F0xx_HAL_Driver/Src/stm32f0xx_hal_cortex.c ****   *         (For the complete STM32 Devices IRQ Channels list, please refer to the appropriate CMSI
 239:Drivers/STM32F0xx_HAL_Driver/Src/stm32f0xx_hal_cortex.c ****   * @retval None
 240:Drivers/STM32F0xx_HAL_Driver/Src/stm32f0xx_hal_cortex.c ****   */
 241:Drivers/STM32F0xx_HAL_Driver/Src/stm32f0xx_hal_cortex.c **** void HAL_NVIC_SetPendingIRQ(IRQn_Type IRQn)
 242:Drivers/STM32F0xx_HAL_Driver/Src/stm32f0xx_hal_cortex.c **** {
 1017              		.loc 1 242 1
 1018              		.cfi_startproc
 1019              		@ args = 0, pretend = 0, frame = 8
 1020              		@ frame_needed = 1, uses_anonymous_args = 0
 1021 0000 80B5     		push	{r7, lr}
 1022              	.LCFI43:
 1023              		.cfi_def_cfa_offset 8
 1024              		.cfi_offset 7, -8
 1025              		.cfi_offset 14, -4
 1026 0002 82B0     		sub	sp, sp, #8
 1027              	.LCFI44:
 1028              		.cfi_def_cfa_offset 16
 1029 0004 00AF     		add	r7, sp, #0
 1030              	.LCFI45:
ARM GAS  C:\Users\joshr\AppData\Local\Temp\cc1PoiAe.s 			page 55


 1031              		.cfi_def_cfa_register 7
 1032 0006 0200     		movs	r2, r0
 1033 0008 FB1D     		adds	r3, r7, #7
 1034 000a 1A70     		strb	r2, [r3]
 243:Drivers/STM32F0xx_HAL_Driver/Src/stm32f0xx_hal_cortex.c ****   /* Check the parameters */
 244:Drivers/STM32F0xx_HAL_Driver/Src/stm32f0xx_hal_cortex.c ****   assert_param(IS_NVIC_DEVICE_IRQ(IRQn));
 245:Drivers/STM32F0xx_HAL_Driver/Src/stm32f0xx_hal_cortex.c ****   
 246:Drivers/STM32F0xx_HAL_Driver/Src/stm32f0xx_hal_cortex.c ****   /* Set interrupt pending */
 247:Drivers/STM32F0xx_HAL_Driver/Src/stm32f0xx_hal_cortex.c ****   NVIC_SetPendingIRQ(IRQn);
 1035              		.loc 1 247 3
 1036 000c FB1D     		adds	r3, r7, #7
 1037 000e 1B78     		ldrb	r3, [r3]
 1038 0010 5BB2     		sxtb	r3, r3
 1039 0012 1800     		movs	r0, r3
 1040 0014 FFF7FEFF 		bl	__NVIC_SetPendingIRQ
 248:Drivers/STM32F0xx_HAL_Driver/Src/stm32f0xx_hal_cortex.c **** }
 1041              		.loc 1 248 1
 1042 0018 C046     		nop
 1043 001a BD46     		mov	sp, r7
 1044 001c 02B0     		add	sp, sp, #8
 1045              		@ sp needed
 1046 001e 80BD     		pop	{r7, pc}
 1047              		.cfi_endproc
 1048              	.LFE46:
 1050              		.section	.text.HAL_NVIC_GetPendingIRQ,"ax",%progbits
 1051              		.align	1
 1052              		.global	HAL_NVIC_GetPendingIRQ
 1053              		.syntax unified
 1054              		.code	16
 1055              		.thumb_func
 1057              	HAL_NVIC_GetPendingIRQ:
 1058              	.LFB47:
 249:Drivers/STM32F0xx_HAL_Driver/Src/stm32f0xx_hal_cortex.c **** 
 250:Drivers/STM32F0xx_HAL_Driver/Src/stm32f0xx_hal_cortex.c **** /**
 251:Drivers/STM32F0xx_HAL_Driver/Src/stm32f0xx_hal_cortex.c ****   * @brief  Gets Pending Interrupt (reads the pending register in the NVIC
 252:Drivers/STM32F0xx_HAL_Driver/Src/stm32f0xx_hal_cortex.c ****   *         and returns the pending bit for the specified interrupt).
 253:Drivers/STM32F0xx_HAL_Driver/Src/stm32f0xx_hal_cortex.c ****   * @param  IRQn External interrupt number.
 254:Drivers/STM32F0xx_HAL_Driver/Src/stm32f0xx_hal_cortex.c ****   *         This parameter can be an enumerator of IRQn_Type enumeration
 255:Drivers/STM32F0xx_HAL_Driver/Src/stm32f0xx_hal_cortex.c ****   *         (For the complete STM32 Devices IRQ Channels list, please refer to the appropriate CMSI
 256:Drivers/STM32F0xx_HAL_Driver/Src/stm32f0xx_hal_cortex.c ****   * @retval status: - 0  Interrupt status is not pending.
 257:Drivers/STM32F0xx_HAL_Driver/Src/stm32f0xx_hal_cortex.c ****   *                 - 1  Interrupt status is pending.
 258:Drivers/STM32F0xx_HAL_Driver/Src/stm32f0xx_hal_cortex.c ****   */
 259:Drivers/STM32F0xx_HAL_Driver/Src/stm32f0xx_hal_cortex.c **** uint32_t HAL_NVIC_GetPendingIRQ(IRQn_Type IRQn)
 260:Drivers/STM32F0xx_HAL_Driver/Src/stm32f0xx_hal_cortex.c **** {
 1059              		.loc 1 260 1
 1060              		.cfi_startproc
 1061              		@ args = 0, pretend = 0, frame = 8
 1062              		@ frame_needed = 1, uses_anonymous_args = 0
 1063 0000 80B5     		push	{r7, lr}
 1064              	.LCFI46:
 1065              		.cfi_def_cfa_offset 8
 1066              		.cfi_offset 7, -8
 1067              		.cfi_offset 14, -4
 1068 0002 82B0     		sub	sp, sp, #8
 1069              	.LCFI47:
 1070              		.cfi_def_cfa_offset 16
 1071 0004 00AF     		add	r7, sp, #0
ARM GAS  C:\Users\joshr\AppData\Local\Temp\cc1PoiAe.s 			page 56


 1072              	.LCFI48:
 1073              		.cfi_def_cfa_register 7
 1074 0006 0200     		movs	r2, r0
 1075 0008 FB1D     		adds	r3, r7, #7
 1076 000a 1A70     		strb	r2, [r3]
 261:Drivers/STM32F0xx_HAL_Driver/Src/stm32f0xx_hal_cortex.c ****   /* Check the parameters */
 262:Drivers/STM32F0xx_HAL_Driver/Src/stm32f0xx_hal_cortex.c ****   assert_param(IS_NVIC_DEVICE_IRQ(IRQn));
 263:Drivers/STM32F0xx_HAL_Driver/Src/stm32f0xx_hal_cortex.c ****   
 264:Drivers/STM32F0xx_HAL_Driver/Src/stm32f0xx_hal_cortex.c ****   /* Return 1 if pending else 0 */
 265:Drivers/STM32F0xx_HAL_Driver/Src/stm32f0xx_hal_cortex.c ****   return NVIC_GetPendingIRQ(IRQn);
 1077              		.loc 1 265 10
 1078 000c FB1D     		adds	r3, r7, #7
 1079 000e 1B78     		ldrb	r3, [r3]
 1080 0010 5BB2     		sxtb	r3, r3
 1081 0012 1800     		movs	r0, r3
 1082 0014 FFF7FEFF 		bl	__NVIC_GetPendingIRQ
 1083 0018 0300     		movs	r3, r0
 266:Drivers/STM32F0xx_HAL_Driver/Src/stm32f0xx_hal_cortex.c **** }
 1084              		.loc 1 266 1
 1085 001a 1800     		movs	r0, r3
 1086 001c BD46     		mov	sp, r7
 1087 001e 02B0     		add	sp, sp, #8
 1088              		@ sp needed
 1089 0020 80BD     		pop	{r7, pc}
 1090              		.cfi_endproc
 1091              	.LFE47:
 1093              		.section	.text.HAL_NVIC_ClearPendingIRQ,"ax",%progbits
 1094              		.align	1
 1095              		.global	HAL_NVIC_ClearPendingIRQ
 1096              		.syntax unified
 1097              		.code	16
 1098              		.thumb_func
 1100              	HAL_NVIC_ClearPendingIRQ:
 1101              	.LFB48:
 267:Drivers/STM32F0xx_HAL_Driver/Src/stm32f0xx_hal_cortex.c **** 
 268:Drivers/STM32F0xx_HAL_Driver/Src/stm32f0xx_hal_cortex.c **** /**
 269:Drivers/STM32F0xx_HAL_Driver/Src/stm32f0xx_hal_cortex.c ****   * @brief  Clears the pending bit of an external interrupt.
 270:Drivers/STM32F0xx_HAL_Driver/Src/stm32f0xx_hal_cortex.c ****   * @param  IRQn External interrupt number.
 271:Drivers/STM32F0xx_HAL_Driver/Src/stm32f0xx_hal_cortex.c ****   *         This parameter can be an enumerator of IRQn_Type enumeration
 272:Drivers/STM32F0xx_HAL_Driver/Src/stm32f0xx_hal_cortex.c ****   *         (For the complete STM32 Devices IRQ Channels list, please refer to the appropriate CMSI
 273:Drivers/STM32F0xx_HAL_Driver/Src/stm32f0xx_hal_cortex.c ****   * @retval None
 274:Drivers/STM32F0xx_HAL_Driver/Src/stm32f0xx_hal_cortex.c ****   */
 275:Drivers/STM32F0xx_HAL_Driver/Src/stm32f0xx_hal_cortex.c **** void HAL_NVIC_ClearPendingIRQ(IRQn_Type IRQn)
 276:Drivers/STM32F0xx_HAL_Driver/Src/stm32f0xx_hal_cortex.c **** {
 1102              		.loc 1 276 1
 1103              		.cfi_startproc
 1104              		@ args = 0, pretend = 0, frame = 8
 1105              		@ frame_needed = 1, uses_anonymous_args = 0
 1106 0000 80B5     		push	{r7, lr}
 1107              	.LCFI49:
 1108              		.cfi_def_cfa_offset 8
 1109              		.cfi_offset 7, -8
 1110              		.cfi_offset 14, -4
 1111 0002 82B0     		sub	sp, sp, #8
 1112              	.LCFI50:
 1113              		.cfi_def_cfa_offset 16
 1114 0004 00AF     		add	r7, sp, #0
ARM GAS  C:\Users\joshr\AppData\Local\Temp\cc1PoiAe.s 			page 57


 1115              	.LCFI51:
 1116              		.cfi_def_cfa_register 7
 1117 0006 0200     		movs	r2, r0
 1118 0008 FB1D     		adds	r3, r7, #7
 1119 000a 1A70     		strb	r2, [r3]
 277:Drivers/STM32F0xx_HAL_Driver/Src/stm32f0xx_hal_cortex.c ****   /* Check the parameters */
 278:Drivers/STM32F0xx_HAL_Driver/Src/stm32f0xx_hal_cortex.c ****   assert_param(IS_NVIC_DEVICE_IRQ(IRQn));
 279:Drivers/STM32F0xx_HAL_Driver/Src/stm32f0xx_hal_cortex.c ****   
 280:Drivers/STM32F0xx_HAL_Driver/Src/stm32f0xx_hal_cortex.c ****   /* Clear pending interrupt */
 281:Drivers/STM32F0xx_HAL_Driver/Src/stm32f0xx_hal_cortex.c ****   NVIC_ClearPendingIRQ(IRQn);
 1120              		.loc 1 281 3
 1121 000c FB1D     		adds	r3, r7, #7
 1122 000e 1B78     		ldrb	r3, [r3]
 1123 0010 5BB2     		sxtb	r3, r3
 1124 0012 1800     		movs	r0, r3
 1125 0014 FFF7FEFF 		bl	__NVIC_ClearPendingIRQ
 282:Drivers/STM32F0xx_HAL_Driver/Src/stm32f0xx_hal_cortex.c **** }
 1126              		.loc 1 282 1
 1127 0018 C046     		nop
 1128 001a BD46     		mov	sp, r7
 1129 001c 02B0     		add	sp, sp, #8
 1130              		@ sp needed
 1131 001e 80BD     		pop	{r7, pc}
 1132              		.cfi_endproc
 1133              	.LFE48:
 1135              		.section	.text.HAL_SYSTICK_CLKSourceConfig,"ax",%progbits
 1136              		.align	1
 1137              		.global	HAL_SYSTICK_CLKSourceConfig
 1138              		.syntax unified
 1139              		.code	16
 1140              		.thumb_func
 1142              	HAL_SYSTICK_CLKSourceConfig:
 1143              	.LFB49:
 283:Drivers/STM32F0xx_HAL_Driver/Src/stm32f0xx_hal_cortex.c **** 
 284:Drivers/STM32F0xx_HAL_Driver/Src/stm32f0xx_hal_cortex.c **** /**
 285:Drivers/STM32F0xx_HAL_Driver/Src/stm32f0xx_hal_cortex.c ****   * @brief  Configures the SysTick clock source.
 286:Drivers/STM32F0xx_HAL_Driver/Src/stm32f0xx_hal_cortex.c ****   * @param  CLKSource specifies the SysTick clock source.
 287:Drivers/STM32F0xx_HAL_Driver/Src/stm32f0xx_hal_cortex.c ****   *         This parameter can be one of the following values:
 288:Drivers/STM32F0xx_HAL_Driver/Src/stm32f0xx_hal_cortex.c ****   *             @arg SYSTICK_CLKSOURCE_HCLK_DIV8: AHB clock divided by 8 selected as SysTick clock 
 289:Drivers/STM32F0xx_HAL_Driver/Src/stm32f0xx_hal_cortex.c ****   *             @arg SYSTICK_CLKSOURCE_HCLK: AHB clock selected as SysTick clock source.
 290:Drivers/STM32F0xx_HAL_Driver/Src/stm32f0xx_hal_cortex.c ****   * @retval None
 291:Drivers/STM32F0xx_HAL_Driver/Src/stm32f0xx_hal_cortex.c ****   */
 292:Drivers/STM32F0xx_HAL_Driver/Src/stm32f0xx_hal_cortex.c **** void HAL_SYSTICK_CLKSourceConfig(uint32_t CLKSource)
 293:Drivers/STM32F0xx_HAL_Driver/Src/stm32f0xx_hal_cortex.c **** {
 1144              		.loc 1 293 1
 1145              		.cfi_startproc
 1146              		@ args = 0, pretend = 0, frame = 8
 1147              		@ frame_needed = 1, uses_anonymous_args = 0
 1148 0000 80B5     		push	{r7, lr}
 1149              	.LCFI52:
 1150              		.cfi_def_cfa_offset 8
 1151              		.cfi_offset 7, -8
 1152              		.cfi_offset 14, -4
 1153 0002 82B0     		sub	sp, sp, #8
 1154              	.LCFI53:
 1155              		.cfi_def_cfa_offset 16
 1156 0004 00AF     		add	r7, sp, #0
ARM GAS  C:\Users\joshr\AppData\Local\Temp\cc1PoiAe.s 			page 58


 1157              	.LCFI54:
 1158              		.cfi_def_cfa_register 7
 1159 0006 7860     		str	r0, [r7, #4]
 294:Drivers/STM32F0xx_HAL_Driver/Src/stm32f0xx_hal_cortex.c ****   /* Check the parameters */
 295:Drivers/STM32F0xx_HAL_Driver/Src/stm32f0xx_hal_cortex.c ****   assert_param(IS_SYSTICK_CLK_SOURCE(CLKSource));
 296:Drivers/STM32F0xx_HAL_Driver/Src/stm32f0xx_hal_cortex.c ****   if (CLKSource == SYSTICK_CLKSOURCE_HCLK)
 1160              		.loc 1 296 6
 1161 0008 7B68     		ldr	r3, [r7, #4]
 1162 000a 042B     		cmp	r3, #4
 1163 000c 06D1     		bne	.L59
 297:Drivers/STM32F0xx_HAL_Driver/Src/stm32f0xx_hal_cortex.c ****   {
 298:Drivers/STM32F0xx_HAL_Driver/Src/stm32f0xx_hal_cortex.c ****     SysTick->CTRL |= SYSTICK_CLKSOURCE_HCLK;
 1164              		.loc 1 298 12
 1165 000e 084B     		ldr	r3, .L62
 1166 0010 1A68     		ldr	r2, [r3]
 1167 0012 074B     		ldr	r3, .L62
 1168              		.loc 1 298 19
 1169 0014 0421     		movs	r1, #4
 1170 0016 0A43     		orrs	r2, r1
 1171 0018 1A60     		str	r2, [r3]
 299:Drivers/STM32F0xx_HAL_Driver/Src/stm32f0xx_hal_cortex.c ****   }
 300:Drivers/STM32F0xx_HAL_Driver/Src/stm32f0xx_hal_cortex.c ****   else
 301:Drivers/STM32F0xx_HAL_Driver/Src/stm32f0xx_hal_cortex.c ****   {
 302:Drivers/STM32F0xx_HAL_Driver/Src/stm32f0xx_hal_cortex.c ****     SysTick->CTRL &= ~SYSTICK_CLKSOURCE_HCLK;
 303:Drivers/STM32F0xx_HAL_Driver/Src/stm32f0xx_hal_cortex.c ****   }
 304:Drivers/STM32F0xx_HAL_Driver/Src/stm32f0xx_hal_cortex.c **** }
 1172              		.loc 1 304 1
 1173 001a 05E0     		b	.L61
 1174              	.L59:
 302:Drivers/STM32F0xx_HAL_Driver/Src/stm32f0xx_hal_cortex.c ****   }
 1175              		.loc 1 302 12
 1176 001c 044B     		ldr	r3, .L62
 1177 001e 1A68     		ldr	r2, [r3]
 1178 0020 034B     		ldr	r3, .L62
 302:Drivers/STM32F0xx_HAL_Driver/Src/stm32f0xx_hal_cortex.c ****   }
 1179              		.loc 1 302 19
 1180 0022 0421     		movs	r1, #4
 1181 0024 8A43     		bics	r2, r1
 1182 0026 1A60     		str	r2, [r3]
 1183              	.L61:
 1184              		.loc 1 304 1
 1185 0028 C046     		nop
 1186 002a BD46     		mov	sp, r7
 1187 002c 02B0     		add	sp, sp, #8
 1188              		@ sp needed
 1189 002e 80BD     		pop	{r7, pc}
 1190              	.L63:
 1191              		.align	2
 1192              	.L62:
 1193 0030 10E000E0 		.word	-536813552
 1194              		.cfi_endproc
 1195              	.LFE49:
 1197              		.section	.text.HAL_SYSTICK_IRQHandler,"ax",%progbits
 1198              		.align	1
 1199              		.global	HAL_SYSTICK_IRQHandler
 1200              		.syntax unified
 1201              		.code	16
ARM GAS  C:\Users\joshr\AppData\Local\Temp\cc1PoiAe.s 			page 59


 1202              		.thumb_func
 1204              	HAL_SYSTICK_IRQHandler:
 1205              	.LFB50:
 305:Drivers/STM32F0xx_HAL_Driver/Src/stm32f0xx_hal_cortex.c **** 
 306:Drivers/STM32F0xx_HAL_Driver/Src/stm32f0xx_hal_cortex.c **** /**
 307:Drivers/STM32F0xx_HAL_Driver/Src/stm32f0xx_hal_cortex.c ****   * @brief  This function handles SYSTICK interrupt request.
 308:Drivers/STM32F0xx_HAL_Driver/Src/stm32f0xx_hal_cortex.c ****   * @retval None
 309:Drivers/STM32F0xx_HAL_Driver/Src/stm32f0xx_hal_cortex.c ****   */
 310:Drivers/STM32F0xx_HAL_Driver/Src/stm32f0xx_hal_cortex.c **** void HAL_SYSTICK_IRQHandler(void)
 311:Drivers/STM32F0xx_HAL_Driver/Src/stm32f0xx_hal_cortex.c **** {
 1206              		.loc 1 311 1
 1207              		.cfi_startproc
 1208              		@ args = 0, pretend = 0, frame = 0
 1209              		@ frame_needed = 1, uses_anonymous_args = 0
 1210 0000 80B5     		push	{r7, lr}
 1211              	.LCFI55:
 1212              		.cfi_def_cfa_offset 8
 1213              		.cfi_offset 7, -8
 1214              		.cfi_offset 14, -4
 1215 0002 00AF     		add	r7, sp, #0
 1216              	.LCFI56:
 1217              		.cfi_def_cfa_register 7
 312:Drivers/STM32F0xx_HAL_Driver/Src/stm32f0xx_hal_cortex.c ****   HAL_SYSTICK_Callback();
 1218              		.loc 1 312 3
 1219 0004 FFF7FEFF 		bl	HAL_SYSTICK_Callback
 313:Drivers/STM32F0xx_HAL_Driver/Src/stm32f0xx_hal_cortex.c **** }
 1220              		.loc 1 313 1
 1221 0008 C046     		nop
 1222 000a BD46     		mov	sp, r7
 1223              		@ sp needed
 1224 000c 80BD     		pop	{r7, pc}
 1225              		.cfi_endproc
 1226              	.LFE50:
 1228              		.section	.text.HAL_SYSTICK_Callback,"ax",%progbits
 1229              		.align	1
 1230              		.weak	HAL_SYSTICK_Callback
 1231              		.syntax unified
 1232              		.code	16
 1233              		.thumb_func
 1235              	HAL_SYSTICK_Callback:
 1236              	.LFB51:
 314:Drivers/STM32F0xx_HAL_Driver/Src/stm32f0xx_hal_cortex.c **** 
 315:Drivers/STM32F0xx_HAL_Driver/Src/stm32f0xx_hal_cortex.c **** /**
 316:Drivers/STM32F0xx_HAL_Driver/Src/stm32f0xx_hal_cortex.c ****   * @brief  SYSTICK callback.
 317:Drivers/STM32F0xx_HAL_Driver/Src/stm32f0xx_hal_cortex.c ****   * @retval None
 318:Drivers/STM32F0xx_HAL_Driver/Src/stm32f0xx_hal_cortex.c ****   */
 319:Drivers/STM32F0xx_HAL_Driver/Src/stm32f0xx_hal_cortex.c **** __weak void HAL_SYSTICK_Callback(void)
 320:Drivers/STM32F0xx_HAL_Driver/Src/stm32f0xx_hal_cortex.c **** {
 1237              		.loc 1 320 1
 1238              		.cfi_startproc
 1239              		@ args = 0, pretend = 0, frame = 0
 1240              		@ frame_needed = 1, uses_anonymous_args = 0
 1241 0000 80B5     		push	{r7, lr}
 1242              	.LCFI57:
 1243              		.cfi_def_cfa_offset 8
 1244              		.cfi_offset 7, -8
 1245              		.cfi_offset 14, -4
ARM GAS  C:\Users\joshr\AppData\Local\Temp\cc1PoiAe.s 			page 60


 1246 0002 00AF     		add	r7, sp, #0
 1247              	.LCFI58:
 1248              		.cfi_def_cfa_register 7
 321:Drivers/STM32F0xx_HAL_Driver/Src/stm32f0xx_hal_cortex.c ****   /* NOTE : This function Should not be modified, when the callback is needed,
 322:Drivers/STM32F0xx_HAL_Driver/Src/stm32f0xx_hal_cortex.c ****             the HAL_SYSTICK_Callback could be implemented in the user file
 323:Drivers/STM32F0xx_HAL_Driver/Src/stm32f0xx_hal_cortex.c ****    */
 324:Drivers/STM32F0xx_HAL_Driver/Src/stm32f0xx_hal_cortex.c **** }
 1249              		.loc 1 324 1
 1250 0004 C046     		nop
 1251 0006 BD46     		mov	sp, r7
 1252              		@ sp needed
 1253 0008 80BD     		pop	{r7, pc}
 1254              		.cfi_endproc
 1255              	.LFE51:
 1257              		.text
 1258              	.Letext0:
 1259              		.file 4 "Drivers/CMSIS/Device/ST/STM32F0xx/Include/stm32f051x8.h"
 1260              		.file 5 "C:\\ST\\STM32CubeIDE_1.19.0\\STM32CubeIDE\\plugins\\com.st.stm32cube.ide.mcu.externaltool
 1261              		.file 6 "C:\\ST\\STM32CubeIDE_1.19.0\\STM32CubeIDE\\plugins\\com.st.stm32cube.ide.mcu.externaltool
ARM GAS  C:\Users\joshr\AppData\Local\Temp\cc1PoiAe.s 			page 61


DEFINED SYMBOLS
                            *ABS*:00000000 stm32f0xx_hal_cortex.c
C:\Users\joshr\AppData\Local\Temp\cc1PoiAe.s:19     .text.__NVIC_EnableIRQ:00000000 $t
C:\Users\joshr\AppData\Local\Temp\cc1PoiAe.s:24     .text.__NVIC_EnableIRQ:00000000 __NVIC_EnableIRQ
C:\Users\joshr\AppData\Local\Temp\cc1PoiAe.s:74     .text.__NVIC_EnableIRQ:00000030 $d
C:\Users\joshr\AppData\Local\Temp\cc1PoiAe.s:79     .text.__NVIC_DisableIRQ:00000000 $t
C:\Users\joshr\AppData\Local\Temp\cc1PoiAe.s:84     .text.__NVIC_DisableIRQ:00000000 __NVIC_DisableIRQ
C:\Users\joshr\AppData\Local\Temp\cc1PoiAe.s:161    .text.__NVIC_DisableIRQ:00000040 $d
C:\Users\joshr\AppData\Local\Temp\cc1PoiAe.s:166    .text.__NVIC_GetPendingIRQ:00000000 $t
C:\Users\joshr\AppData\Local\Temp\cc1PoiAe.s:171    .text.__NVIC_GetPendingIRQ:00000000 __NVIC_GetPendingIRQ
C:\Users\joshr\AppData\Local\Temp\cc1PoiAe.s:228    .text.__NVIC_GetPendingIRQ:0000003c $d
C:\Users\joshr\AppData\Local\Temp\cc1PoiAe.s:233    .text.__NVIC_SetPendingIRQ:00000000 $t
C:\Users\joshr\AppData\Local\Temp\cc1PoiAe.s:238    .text.__NVIC_SetPendingIRQ:00000000 __NVIC_SetPendingIRQ
C:\Users\joshr\AppData\Local\Temp\cc1PoiAe.s:288    .text.__NVIC_SetPendingIRQ:00000034 $d
C:\Users\joshr\AppData\Local\Temp\cc1PoiAe.s:293    .text.__NVIC_ClearPendingIRQ:00000000 $t
C:\Users\joshr\AppData\Local\Temp\cc1PoiAe.s:298    .text.__NVIC_ClearPendingIRQ:00000000 __NVIC_ClearPendingIRQ
C:\Users\joshr\AppData\Local\Temp\cc1PoiAe.s:348    .text.__NVIC_ClearPendingIRQ:00000034 $d
C:\Users\joshr\AppData\Local\Temp\cc1PoiAe.s:353    .text.__NVIC_SetPriority:00000000 $t
C:\Users\joshr\AppData\Local\Temp\cc1PoiAe.s:358    .text.__NVIC_SetPriority:00000000 __NVIC_SetPriority
C:\Users\joshr\AppData\Local\Temp\cc1PoiAe.s:518    .text.__NVIC_SetPriority:000000d4 $d
C:\Users\joshr\AppData\Local\Temp\cc1PoiAe.s:524    .text.__NVIC_GetPriority:00000000 $t
C:\Users\joshr\AppData\Local\Temp\cc1PoiAe.s:529    .text.__NVIC_GetPriority:00000000 __NVIC_GetPriority
C:\Users\joshr\AppData\Local\Temp\cc1PoiAe.s:621    .text.__NVIC_GetPriority:00000074 $d
C:\Users\joshr\AppData\Local\Temp\cc1PoiAe.s:627    .text.__NVIC_SystemReset:00000000 $t
C:\Users\joshr\AppData\Local\Temp\cc1PoiAe.s:632    .text.__NVIC_SystemReset:00000000 __NVIC_SystemReset
C:\Users\joshr\AppData\Local\Temp\cc1PoiAe.s:689    .text.__NVIC_SystemReset:0000001c $d
C:\Users\joshr\AppData\Local\Temp\cc1PoiAe.s:695    .text.SysTick_Config:00000000 $t
C:\Users\joshr\AppData\Local\Temp\cc1PoiAe.s:700    .text.SysTick_Config:00000000 SysTick_Config
C:\Users\joshr\AppData\Local\Temp\cc1PoiAe.s:765    .text.SysTick_Config:00000044 $d
C:\Users\joshr\AppData\Local\Temp\cc1PoiAe.s:770    .text.HAL_NVIC_SetPriority:00000000 $t
C:\Users\joshr\AppData\Local\Temp\cc1PoiAe.s:776    .text.HAL_NVIC_SetPriority:00000000 HAL_NVIC_SetPriority
C:\Users\joshr\AppData\Local\Temp\cc1PoiAe.s:817    .text.HAL_NVIC_EnableIRQ:00000000 $t
C:\Users\joshr\AppData\Local\Temp\cc1PoiAe.s:823    .text.HAL_NVIC_EnableIRQ:00000000 HAL_NVIC_EnableIRQ
C:\Users\joshr\AppData\Local\Temp\cc1PoiAe.s:859    .text.HAL_NVIC_DisableIRQ:00000000 $t
C:\Users\joshr\AppData\Local\Temp\cc1PoiAe.s:865    .text.HAL_NVIC_DisableIRQ:00000000 HAL_NVIC_DisableIRQ
C:\Users\joshr\AppData\Local\Temp\cc1PoiAe.s:901    .text.HAL_NVIC_SystemReset:00000000 $t
C:\Users\joshr\AppData\Local\Temp\cc1PoiAe.s:907    .text.HAL_NVIC_SystemReset:00000000 HAL_NVIC_SystemReset
C:\Users\joshr\AppData\Local\Temp\cc1PoiAe.s:927    .text.HAL_SYSTICK_Config:00000000 $t
C:\Users\joshr\AppData\Local\Temp\cc1PoiAe.s:933    .text.HAL_SYSTICK_Config:00000000 HAL_SYSTICK_Config
C:\Users\joshr\AppData\Local\Temp\cc1PoiAe.s:966    .text.HAL_NVIC_GetPriority:00000000 $t
C:\Users\joshr\AppData\Local\Temp\cc1PoiAe.s:972    .text.HAL_NVIC_GetPriority:00000000 HAL_NVIC_GetPriority
C:\Users\joshr\AppData\Local\Temp\cc1PoiAe.s:1009   .text.HAL_NVIC_SetPendingIRQ:00000000 $t
C:\Users\joshr\AppData\Local\Temp\cc1PoiAe.s:1015   .text.HAL_NVIC_SetPendingIRQ:00000000 HAL_NVIC_SetPendingIRQ
C:\Users\joshr\AppData\Local\Temp\cc1PoiAe.s:1051   .text.HAL_NVIC_GetPendingIRQ:00000000 $t
C:\Users\joshr\AppData\Local\Temp\cc1PoiAe.s:1057   .text.HAL_NVIC_GetPendingIRQ:00000000 HAL_NVIC_GetPendingIRQ
C:\Users\joshr\AppData\Local\Temp\cc1PoiAe.s:1094   .text.HAL_NVIC_ClearPendingIRQ:00000000 $t
C:\Users\joshr\AppData\Local\Temp\cc1PoiAe.s:1100   .text.HAL_NVIC_ClearPendingIRQ:00000000 HAL_NVIC_ClearPendingIRQ
C:\Users\joshr\AppData\Local\Temp\cc1PoiAe.s:1136   .text.HAL_SYSTICK_CLKSourceConfig:00000000 $t
C:\Users\joshr\AppData\Local\Temp\cc1PoiAe.s:1142   .text.HAL_SYSTICK_CLKSourceConfig:00000000 HAL_SYSTICK_CLKSourceConfig
C:\Users\joshr\AppData\Local\Temp\cc1PoiAe.s:1193   .text.HAL_SYSTICK_CLKSourceConfig:00000030 $d
C:\Users\joshr\AppData\Local\Temp\cc1PoiAe.s:1198   .text.HAL_SYSTICK_IRQHandler:00000000 $t
C:\Users\joshr\AppData\Local\Temp\cc1PoiAe.s:1204   .text.HAL_SYSTICK_IRQHandler:00000000 HAL_SYSTICK_IRQHandler
C:\Users\joshr\AppData\Local\Temp\cc1PoiAe.s:1235   .text.HAL_SYSTICK_Callback:00000000 HAL_SYSTICK_Callback
C:\Users\joshr\AppData\Local\Temp\cc1PoiAe.s:1229   .text.HAL_SYSTICK_Callback:00000000 $t

NO UNDEFINED SYMBOLS
