ARM GAS  C:\Users\joshr\AppData\Local\Temp\ccxDAWix.s 			page 1


   1              		.cpu cortex-m0
   2              		.arch armv6s-m
   3              		.fpu softvfp
   4              		.eabi_attribute 20, 1
   5              		.eabi_attribute 21, 1
   6              		.eabi_attribute 23, 3
   7              		.eabi_attribute 24, 1
   8              		.eabi_attribute 25, 1
   9              		.eabi_attribute 26, 1
  10              		.eabi_attribute 30, 2
  11              		.eabi_attribute 34, 0
  12              		.eabi_attribute 18, 4
  13              		.file	"stm32f0xx_hal_flash_ex.c"
  14              		.text
  15              	.Ltext0:
  16              		.cfi_sections	.debug_frame
  17              		.file 1 "Drivers/STM32F0xx_HAL_Driver/Src/stm32f0xx_hal_flash_ex.c"
  18              		.section	.text.HAL_FLASHEx_Erase,"ax",%progbits
  19              		.align	1
  20              		.p2align 2,,3
  21              		.global	HAL_FLASHEx_Erase
  22              		.syntax unified
  23              		.code	16
  24              		.thumb_func
  26              	HAL_FLASHEx_Erase:
  27              	.LVL0:
  28              	.LFB40:
   1:Drivers/STM32F0xx_HAL_Driver/Src/stm32f0xx_hal_flash_ex.c **** /**
   2:Drivers/STM32F0xx_HAL_Driver/Src/stm32f0xx_hal_flash_ex.c ****   ******************************************************************************
   3:Drivers/STM32F0xx_HAL_Driver/Src/stm32f0xx_hal_flash_ex.c ****   * @file    stm32f0xx_hal_flash_ex.c
   4:Drivers/STM32F0xx_HAL_Driver/Src/stm32f0xx_hal_flash_ex.c ****   * @author  MCD Application Team
   5:Drivers/STM32F0xx_HAL_Driver/Src/stm32f0xx_hal_flash_ex.c ****   * @brief   Extended FLASH HAL module driver.
   6:Drivers/STM32F0xx_HAL_Driver/Src/stm32f0xx_hal_flash_ex.c ****   *    
   7:Drivers/STM32F0xx_HAL_Driver/Src/stm32f0xx_hal_flash_ex.c ****   *          This file provides firmware functions to manage the following 
   8:Drivers/STM32F0xx_HAL_Driver/Src/stm32f0xx_hal_flash_ex.c ****   *          functionalities of the FLASH peripheral:
   9:Drivers/STM32F0xx_HAL_Driver/Src/stm32f0xx_hal_flash_ex.c ****   *           + Extended Initialization/de-initialization functions
  10:Drivers/STM32F0xx_HAL_Driver/Src/stm32f0xx_hal_flash_ex.c ****   *           + Extended I/O operation functions
  11:Drivers/STM32F0xx_HAL_Driver/Src/stm32f0xx_hal_flash_ex.c ****   *           + Extended Peripheral Control functions 
  12:Drivers/STM32F0xx_HAL_Driver/Src/stm32f0xx_hal_flash_ex.c ****   *         
  13:Drivers/STM32F0xx_HAL_Driver/Src/stm32f0xx_hal_flash_ex.c ****   @verbatim
  14:Drivers/STM32F0xx_HAL_Driver/Src/stm32f0xx_hal_flash_ex.c ****   ==============================================================================
  15:Drivers/STM32F0xx_HAL_Driver/Src/stm32f0xx_hal_flash_ex.c ****                ##### Flash peripheral extended features  #####
  16:Drivers/STM32F0xx_HAL_Driver/Src/stm32f0xx_hal_flash_ex.c ****   ==============================================================================
  17:Drivers/STM32F0xx_HAL_Driver/Src/stm32f0xx_hal_flash_ex.c ****            
  18:Drivers/STM32F0xx_HAL_Driver/Src/stm32f0xx_hal_flash_ex.c ****                       ##### How to use this driver #####
  19:Drivers/STM32F0xx_HAL_Driver/Src/stm32f0xx_hal_flash_ex.c ****   ==============================================================================
  20:Drivers/STM32F0xx_HAL_Driver/Src/stm32f0xx_hal_flash_ex.c ****   [..] This driver provides functions to configure and program the FLASH memory 
  21:Drivers/STM32F0xx_HAL_Driver/Src/stm32f0xx_hal_flash_ex.c ****        of all STM32F0xxx devices. It includes
  22:Drivers/STM32F0xx_HAL_Driver/Src/stm32f0xx_hal_flash_ex.c ****        
  23:Drivers/STM32F0xx_HAL_Driver/Src/stm32f0xx_hal_flash_ex.c ****         (++) Set/Reset the write protection
  24:Drivers/STM32F0xx_HAL_Driver/Src/stm32f0xx_hal_flash_ex.c ****         (++) Program the user Option Bytes
  25:Drivers/STM32F0xx_HAL_Driver/Src/stm32f0xx_hal_flash_ex.c ****         (++) Get the Read protection Level
  26:Drivers/STM32F0xx_HAL_Driver/Src/stm32f0xx_hal_flash_ex.c ****   
  27:Drivers/STM32F0xx_HAL_Driver/Src/stm32f0xx_hal_flash_ex.c ****   @endverbatim
  28:Drivers/STM32F0xx_HAL_Driver/Src/stm32f0xx_hal_flash_ex.c ****   ******************************************************************************
  29:Drivers/STM32F0xx_HAL_Driver/Src/stm32f0xx_hal_flash_ex.c ****   * @attention
  30:Drivers/STM32F0xx_HAL_Driver/Src/stm32f0xx_hal_flash_ex.c ****   *
ARM GAS  C:\Users\joshr\AppData\Local\Temp\ccxDAWix.s 			page 2


  31:Drivers/STM32F0xx_HAL_Driver/Src/stm32f0xx_hal_flash_ex.c ****   * Copyright (c) 2016 STMicroelectronics.
  32:Drivers/STM32F0xx_HAL_Driver/Src/stm32f0xx_hal_flash_ex.c ****   * All rights reserved.
  33:Drivers/STM32F0xx_HAL_Driver/Src/stm32f0xx_hal_flash_ex.c ****   *
  34:Drivers/STM32F0xx_HAL_Driver/Src/stm32f0xx_hal_flash_ex.c ****   * This software is licensed under terms that can be found in the LICENSE file in
  35:Drivers/STM32F0xx_HAL_Driver/Src/stm32f0xx_hal_flash_ex.c ****   * the root directory of this software component.
  36:Drivers/STM32F0xx_HAL_Driver/Src/stm32f0xx_hal_flash_ex.c ****   * If no LICENSE file comes with this software, it is provided AS-IS.
  37:Drivers/STM32F0xx_HAL_Driver/Src/stm32f0xx_hal_flash_ex.c ****   ******************************************************************************
  38:Drivers/STM32F0xx_HAL_Driver/Src/stm32f0xx_hal_flash_ex.c ****   */
  39:Drivers/STM32F0xx_HAL_Driver/Src/stm32f0xx_hal_flash_ex.c **** 
  40:Drivers/STM32F0xx_HAL_Driver/Src/stm32f0xx_hal_flash_ex.c **** /* Includes ------------------------------------------------------------------*/
  41:Drivers/STM32F0xx_HAL_Driver/Src/stm32f0xx_hal_flash_ex.c **** #include "stm32f0xx_hal.h"
  42:Drivers/STM32F0xx_HAL_Driver/Src/stm32f0xx_hal_flash_ex.c **** 
  43:Drivers/STM32F0xx_HAL_Driver/Src/stm32f0xx_hal_flash_ex.c **** /** @addtogroup STM32F0xx_HAL_Driver
  44:Drivers/STM32F0xx_HAL_Driver/Src/stm32f0xx_hal_flash_ex.c ****   * @{
  45:Drivers/STM32F0xx_HAL_Driver/Src/stm32f0xx_hal_flash_ex.c ****   */
  46:Drivers/STM32F0xx_HAL_Driver/Src/stm32f0xx_hal_flash_ex.c **** #ifdef HAL_FLASH_MODULE_ENABLED
  47:Drivers/STM32F0xx_HAL_Driver/Src/stm32f0xx_hal_flash_ex.c **** 
  48:Drivers/STM32F0xx_HAL_Driver/Src/stm32f0xx_hal_flash_ex.c **** /** @addtogroup FLASH
  49:Drivers/STM32F0xx_HAL_Driver/Src/stm32f0xx_hal_flash_ex.c ****   * @{
  50:Drivers/STM32F0xx_HAL_Driver/Src/stm32f0xx_hal_flash_ex.c ****   */
  51:Drivers/STM32F0xx_HAL_Driver/Src/stm32f0xx_hal_flash_ex.c **** /** @addtogroup FLASH_Private_Variables
  52:Drivers/STM32F0xx_HAL_Driver/Src/stm32f0xx_hal_flash_ex.c ****  * @{
  53:Drivers/STM32F0xx_HAL_Driver/Src/stm32f0xx_hal_flash_ex.c ****  */
  54:Drivers/STM32F0xx_HAL_Driver/Src/stm32f0xx_hal_flash_ex.c **** /* Variables used for Erase pages under interruption*/
  55:Drivers/STM32F0xx_HAL_Driver/Src/stm32f0xx_hal_flash_ex.c **** extern FLASH_ProcessTypeDef pFlash;
  56:Drivers/STM32F0xx_HAL_Driver/Src/stm32f0xx_hal_flash_ex.c **** /**
  57:Drivers/STM32F0xx_HAL_Driver/Src/stm32f0xx_hal_flash_ex.c ****   * @}
  58:Drivers/STM32F0xx_HAL_Driver/Src/stm32f0xx_hal_flash_ex.c ****   */
  59:Drivers/STM32F0xx_HAL_Driver/Src/stm32f0xx_hal_flash_ex.c **** 
  60:Drivers/STM32F0xx_HAL_Driver/Src/stm32f0xx_hal_flash_ex.c **** /**
  61:Drivers/STM32F0xx_HAL_Driver/Src/stm32f0xx_hal_flash_ex.c ****   * @}
  62:Drivers/STM32F0xx_HAL_Driver/Src/stm32f0xx_hal_flash_ex.c ****   */
  63:Drivers/STM32F0xx_HAL_Driver/Src/stm32f0xx_hal_flash_ex.c ****   
  64:Drivers/STM32F0xx_HAL_Driver/Src/stm32f0xx_hal_flash_ex.c **** /** @defgroup FLASHEx FLASHEx
  65:Drivers/STM32F0xx_HAL_Driver/Src/stm32f0xx_hal_flash_ex.c ****   * @brief FLASH HAL Extension module driver
  66:Drivers/STM32F0xx_HAL_Driver/Src/stm32f0xx_hal_flash_ex.c ****   * @{
  67:Drivers/STM32F0xx_HAL_Driver/Src/stm32f0xx_hal_flash_ex.c ****   */
  68:Drivers/STM32F0xx_HAL_Driver/Src/stm32f0xx_hal_flash_ex.c **** 
  69:Drivers/STM32F0xx_HAL_Driver/Src/stm32f0xx_hal_flash_ex.c **** /* Private typedef -----------------------------------------------------------*/
  70:Drivers/STM32F0xx_HAL_Driver/Src/stm32f0xx_hal_flash_ex.c **** /* Private define ------------------------------------------------------------*/
  71:Drivers/STM32F0xx_HAL_Driver/Src/stm32f0xx_hal_flash_ex.c **** /** @defgroup FLASHEx_Private_Constants FLASHEx Private Constants
  72:Drivers/STM32F0xx_HAL_Driver/Src/stm32f0xx_hal_flash_ex.c ****  * @{
  73:Drivers/STM32F0xx_HAL_Driver/Src/stm32f0xx_hal_flash_ex.c ****  */
  74:Drivers/STM32F0xx_HAL_Driver/Src/stm32f0xx_hal_flash_ex.c **** #define FLASH_POSITION_IWDGSW_BIT        8U
  75:Drivers/STM32F0xx_HAL_Driver/Src/stm32f0xx_hal_flash_ex.c **** #define FLASH_POSITION_OB_USERDATA0_BIT  16U
  76:Drivers/STM32F0xx_HAL_Driver/Src/stm32f0xx_hal_flash_ex.c **** #define FLASH_POSITION_OB_USERDATA1_BIT  24U
  77:Drivers/STM32F0xx_HAL_Driver/Src/stm32f0xx_hal_flash_ex.c **** /**
  78:Drivers/STM32F0xx_HAL_Driver/Src/stm32f0xx_hal_flash_ex.c ****   * @}
  79:Drivers/STM32F0xx_HAL_Driver/Src/stm32f0xx_hal_flash_ex.c ****   */
  80:Drivers/STM32F0xx_HAL_Driver/Src/stm32f0xx_hal_flash_ex.c **** 
  81:Drivers/STM32F0xx_HAL_Driver/Src/stm32f0xx_hal_flash_ex.c **** /* Private macro -------------------------------------------------------------*/
  82:Drivers/STM32F0xx_HAL_Driver/Src/stm32f0xx_hal_flash_ex.c **** /** @defgroup FLASHEx_Private_Macros FLASHEx Private Macros
  83:Drivers/STM32F0xx_HAL_Driver/Src/stm32f0xx_hal_flash_ex.c ****   * @{
  84:Drivers/STM32F0xx_HAL_Driver/Src/stm32f0xx_hal_flash_ex.c ****   */
  85:Drivers/STM32F0xx_HAL_Driver/Src/stm32f0xx_hal_flash_ex.c **** /**
  86:Drivers/STM32F0xx_HAL_Driver/Src/stm32f0xx_hal_flash_ex.c ****   * @}
  87:Drivers/STM32F0xx_HAL_Driver/Src/stm32f0xx_hal_flash_ex.c ****   */ 
ARM GAS  C:\Users\joshr\AppData\Local\Temp\ccxDAWix.s 			page 3


  88:Drivers/STM32F0xx_HAL_Driver/Src/stm32f0xx_hal_flash_ex.c **** 
  89:Drivers/STM32F0xx_HAL_Driver/Src/stm32f0xx_hal_flash_ex.c **** /* Private variables ---------------------------------------------------------*/
  90:Drivers/STM32F0xx_HAL_Driver/Src/stm32f0xx_hal_flash_ex.c **** /* Private function prototypes -----------------------------------------------*/
  91:Drivers/STM32F0xx_HAL_Driver/Src/stm32f0xx_hal_flash_ex.c **** /** @defgroup FLASHEx_Private_Functions FLASHEx Private Functions
  92:Drivers/STM32F0xx_HAL_Driver/Src/stm32f0xx_hal_flash_ex.c ****  * @{
  93:Drivers/STM32F0xx_HAL_Driver/Src/stm32f0xx_hal_flash_ex.c ****  */
  94:Drivers/STM32F0xx_HAL_Driver/Src/stm32f0xx_hal_flash_ex.c **** /* Erase operations */
  95:Drivers/STM32F0xx_HAL_Driver/Src/stm32f0xx_hal_flash_ex.c **** static void              FLASH_MassErase(void);
  96:Drivers/STM32F0xx_HAL_Driver/Src/stm32f0xx_hal_flash_ex.c **** void    FLASH_PageErase(uint32_t PageAddress);
  97:Drivers/STM32F0xx_HAL_Driver/Src/stm32f0xx_hal_flash_ex.c **** 
  98:Drivers/STM32F0xx_HAL_Driver/Src/stm32f0xx_hal_flash_ex.c **** /* Option bytes control */
  99:Drivers/STM32F0xx_HAL_Driver/Src/stm32f0xx_hal_flash_ex.c **** static HAL_StatusTypeDef FLASH_OB_EnableWRP(uint32_t WriteProtectPage);
 100:Drivers/STM32F0xx_HAL_Driver/Src/stm32f0xx_hal_flash_ex.c **** static HAL_StatusTypeDef FLASH_OB_DisableWRP(uint32_t WriteProtectPage);
 101:Drivers/STM32F0xx_HAL_Driver/Src/stm32f0xx_hal_flash_ex.c **** static HAL_StatusTypeDef FLASH_OB_RDP_LevelConfig(uint8_t ReadProtectLevel);
 102:Drivers/STM32F0xx_HAL_Driver/Src/stm32f0xx_hal_flash_ex.c **** static HAL_StatusTypeDef FLASH_OB_UserConfig(uint8_t UserConfig);
 103:Drivers/STM32F0xx_HAL_Driver/Src/stm32f0xx_hal_flash_ex.c **** static HAL_StatusTypeDef FLASH_OB_ProgramData(uint32_t Address, uint8_t Data);
 104:Drivers/STM32F0xx_HAL_Driver/Src/stm32f0xx_hal_flash_ex.c **** static uint32_t          FLASH_OB_GetWRP(void);
 105:Drivers/STM32F0xx_HAL_Driver/Src/stm32f0xx_hal_flash_ex.c **** static uint32_t          FLASH_OB_GetRDP(void);
 106:Drivers/STM32F0xx_HAL_Driver/Src/stm32f0xx_hal_flash_ex.c **** static uint8_t           FLASH_OB_GetUser(void);
 107:Drivers/STM32F0xx_HAL_Driver/Src/stm32f0xx_hal_flash_ex.c **** 
 108:Drivers/STM32F0xx_HAL_Driver/Src/stm32f0xx_hal_flash_ex.c **** /**
 109:Drivers/STM32F0xx_HAL_Driver/Src/stm32f0xx_hal_flash_ex.c ****   * @}
 110:Drivers/STM32F0xx_HAL_Driver/Src/stm32f0xx_hal_flash_ex.c ****   */
 111:Drivers/STM32F0xx_HAL_Driver/Src/stm32f0xx_hal_flash_ex.c **** 
 112:Drivers/STM32F0xx_HAL_Driver/Src/stm32f0xx_hal_flash_ex.c **** /* Exported functions ---------------------------------------------------------*/
 113:Drivers/STM32F0xx_HAL_Driver/Src/stm32f0xx_hal_flash_ex.c **** /** @defgroup FLASHEx_Exported_Functions FLASHEx Exported Functions
 114:Drivers/STM32F0xx_HAL_Driver/Src/stm32f0xx_hal_flash_ex.c ****   * @{
 115:Drivers/STM32F0xx_HAL_Driver/Src/stm32f0xx_hal_flash_ex.c ****   */
 116:Drivers/STM32F0xx_HAL_Driver/Src/stm32f0xx_hal_flash_ex.c ****   
 117:Drivers/STM32F0xx_HAL_Driver/Src/stm32f0xx_hal_flash_ex.c **** /** @defgroup FLASHEx_Exported_Functions_Group1 FLASHEx Memory Erasing functions
 118:Drivers/STM32F0xx_HAL_Driver/Src/stm32f0xx_hal_flash_ex.c ****  *  @brief   FLASH Memory Erasing functions
 119:Drivers/STM32F0xx_HAL_Driver/Src/stm32f0xx_hal_flash_ex.c ****   *
 120:Drivers/STM32F0xx_HAL_Driver/Src/stm32f0xx_hal_flash_ex.c **** @verbatim   
 121:Drivers/STM32F0xx_HAL_Driver/Src/stm32f0xx_hal_flash_ex.c ****   ==============================================================================
 122:Drivers/STM32F0xx_HAL_Driver/Src/stm32f0xx_hal_flash_ex.c ****                 ##### FLASH Erasing Programming functions ##### 
 123:Drivers/STM32F0xx_HAL_Driver/Src/stm32f0xx_hal_flash_ex.c ****   ==============================================================================
 124:Drivers/STM32F0xx_HAL_Driver/Src/stm32f0xx_hal_flash_ex.c **** 
 125:Drivers/STM32F0xx_HAL_Driver/Src/stm32f0xx_hal_flash_ex.c ****     [..] The FLASH Memory Erasing functions, includes the following functions:
 126:Drivers/STM32F0xx_HAL_Driver/Src/stm32f0xx_hal_flash_ex.c ****     (+) HAL_FLASHEx_Erase: return only when erase has been done
 127:Drivers/STM32F0xx_HAL_Driver/Src/stm32f0xx_hal_flash_ex.c ****     (+) HAL_FLASHEx_Erase_IT: end of erase is done when HAL_FLASH_EndOfOperationCallback 
 128:Drivers/STM32F0xx_HAL_Driver/Src/stm32f0xx_hal_flash_ex.c ****         is called with parameter 0xFFFFFFFF
 129:Drivers/STM32F0xx_HAL_Driver/Src/stm32f0xx_hal_flash_ex.c **** 
 130:Drivers/STM32F0xx_HAL_Driver/Src/stm32f0xx_hal_flash_ex.c ****     [..] Any operation of erase should follow these steps:
 131:Drivers/STM32F0xx_HAL_Driver/Src/stm32f0xx_hal_flash_ex.c ****     (#) Call the HAL_FLASH_Unlock() function to enable the flash control register and 
 132:Drivers/STM32F0xx_HAL_Driver/Src/stm32f0xx_hal_flash_ex.c ****         program memory access.
 133:Drivers/STM32F0xx_HAL_Driver/Src/stm32f0xx_hal_flash_ex.c ****     (#) Call the desired function to erase page.
 134:Drivers/STM32F0xx_HAL_Driver/Src/stm32f0xx_hal_flash_ex.c ****     (#) Call the HAL_FLASH_Lock() to disable the flash program memory access 
 135:Drivers/STM32F0xx_HAL_Driver/Src/stm32f0xx_hal_flash_ex.c ****        (recommended to protect the FLASH memory against possible unwanted operation).
 136:Drivers/STM32F0xx_HAL_Driver/Src/stm32f0xx_hal_flash_ex.c **** 
 137:Drivers/STM32F0xx_HAL_Driver/Src/stm32f0xx_hal_flash_ex.c **** @endverbatim
 138:Drivers/STM32F0xx_HAL_Driver/Src/stm32f0xx_hal_flash_ex.c ****   * @{
 139:Drivers/STM32F0xx_HAL_Driver/Src/stm32f0xx_hal_flash_ex.c ****   */
 140:Drivers/STM32F0xx_HAL_Driver/Src/stm32f0xx_hal_flash_ex.c ****   
 141:Drivers/STM32F0xx_HAL_Driver/Src/stm32f0xx_hal_flash_ex.c **** 
 142:Drivers/STM32F0xx_HAL_Driver/Src/stm32f0xx_hal_flash_ex.c **** /**
 143:Drivers/STM32F0xx_HAL_Driver/Src/stm32f0xx_hal_flash_ex.c ****   * @brief  Perform a mass erase or erase the specified FLASH memory pages
 144:Drivers/STM32F0xx_HAL_Driver/Src/stm32f0xx_hal_flash_ex.c ****   * @note   To correctly run this function, the @ref HAL_FLASH_Unlock() function
ARM GAS  C:\Users\joshr\AppData\Local\Temp\ccxDAWix.s 			page 4


 145:Drivers/STM32F0xx_HAL_Driver/Src/stm32f0xx_hal_flash_ex.c ****   *         must be called before.
 146:Drivers/STM32F0xx_HAL_Driver/Src/stm32f0xx_hal_flash_ex.c ****   *         Call the @ref HAL_FLASH_Lock() to disable the flash memory access 
 147:Drivers/STM32F0xx_HAL_Driver/Src/stm32f0xx_hal_flash_ex.c ****   *         (recommended to protect the FLASH memory against possible unwanted operation)
 148:Drivers/STM32F0xx_HAL_Driver/Src/stm32f0xx_hal_flash_ex.c ****   * @param[in]  pEraseInit pointer to an FLASH_EraseInitTypeDef structure that
 149:Drivers/STM32F0xx_HAL_Driver/Src/stm32f0xx_hal_flash_ex.c ****   *         contains the configuration information for the erasing.
 150:Drivers/STM32F0xx_HAL_Driver/Src/stm32f0xx_hal_flash_ex.c ****   *
 151:Drivers/STM32F0xx_HAL_Driver/Src/stm32f0xx_hal_flash_ex.c ****   * @param[out]  PageError pointer to variable  that
 152:Drivers/STM32F0xx_HAL_Driver/Src/stm32f0xx_hal_flash_ex.c ****   *         contains the configuration information on faulty page in case of error
 153:Drivers/STM32F0xx_HAL_Driver/Src/stm32f0xx_hal_flash_ex.c ****   *         (0xFFFFFFFF means that all the pages have been correctly erased)
 154:Drivers/STM32F0xx_HAL_Driver/Src/stm32f0xx_hal_flash_ex.c ****   *
 155:Drivers/STM32F0xx_HAL_Driver/Src/stm32f0xx_hal_flash_ex.c ****   * @retval HAL_StatusTypeDef HAL Status
 156:Drivers/STM32F0xx_HAL_Driver/Src/stm32f0xx_hal_flash_ex.c ****   */
 157:Drivers/STM32F0xx_HAL_Driver/Src/stm32f0xx_hal_flash_ex.c **** HAL_StatusTypeDef HAL_FLASHEx_Erase(FLASH_EraseInitTypeDef *pEraseInit, uint32_t *PageError)
 158:Drivers/STM32F0xx_HAL_Driver/Src/stm32f0xx_hal_flash_ex.c **** {
  29              		.loc 1 158 1 view -0
  30              		.cfi_startproc
  31              		@ args = 0, pretend = 0, frame = 0
  32              		@ frame_needed = 0, uses_anonymous_args = 0
 159:Drivers/STM32F0xx_HAL_Driver/Src/stm32f0xx_hal_flash_ex.c ****   HAL_StatusTypeDef status = HAL_ERROR;
  33              		.loc 1 159 3 view .LVU1
 160:Drivers/STM32F0xx_HAL_Driver/Src/stm32f0xx_hal_flash_ex.c ****   uint32_t address = 0U;
  34              		.loc 1 160 3 view .LVU2
 161:Drivers/STM32F0xx_HAL_Driver/Src/stm32f0xx_hal_flash_ex.c **** 
 162:Drivers/STM32F0xx_HAL_Driver/Src/stm32f0xx_hal_flash_ex.c ****   /* Process Locked */
 163:Drivers/STM32F0xx_HAL_Driver/Src/stm32f0xx_hal_flash_ex.c ****   __HAL_LOCK(&pFlash);
  35              		.loc 1 163 3 view .LVU3
  36              		.loc 1 163 3 view .LVU4
 158:Drivers/STM32F0xx_HAL_Driver/Src/stm32f0xx_hal_flash_ex.c ****   HAL_StatusTypeDef status = HAL_ERROR;
  37              		.loc 1 158 1 is_stmt 0 view .LVU5
  38 0000 F0B5     		push	{r4, r5, r6, r7, lr}
  39              	.LCFI0:
  40              		.cfi_def_cfa_offset 20
  41              		.cfi_offset 4, -20
  42              		.cfi_offset 5, -16
  43              		.cfi_offset 6, -12
  44              		.cfi_offset 7, -8
  45              		.cfi_offset 14, -4
  46 0002 4646     		mov	r6, r8
  47 0004 4F46     		mov	r7, r9
  48 0006 D646     		mov	lr, r10
  49 0008 C0B5     		push	{r6, r7, lr}
  50              	.LCFI1:
  51              		.cfi_def_cfa_offset 32
  52              		.cfi_offset 8, -32
  53              		.cfi_offset 9, -28
  54              		.cfi_offset 10, -24
  55              		.loc 1 163 3 view .LVU6
  56 000a 2F4F     		ldr	r7, .L13
 158:Drivers/STM32F0xx_HAL_Driver/Src/stm32f0xx_hal_flash_ex.c ****   HAL_StatusTypeDef status = HAL_ERROR;
  57              		.loc 1 158 1 view .LVU7
  58 000c 0600     		movs	r6, r0
  59              		.loc 1 163 3 view .LVU8
  60 000e 3B7E     		ldrb	r3, [r7, #24]
 158:Drivers/STM32F0xx_HAL_Driver/Src/stm32f0xx_hal_flash_ex.c ****   HAL_StatusTypeDef status = HAL_ERROR;
  61              		.loc 1 158 1 view .LVU9
  62 0010 8846     		mov	r8, r1
  63              		.loc 1 163 3 view .LVU10
ARM GAS  C:\Users\joshr\AppData\Local\Temp\ccxDAWix.s 			page 5


  64 0012 012B     		cmp	r3, #1
  65 0014 56D0     		beq	.L8
  66              		.loc 1 163 3 is_stmt 1 discriminator 2 view .LVU11
  67 0016 0123     		movs	r3, #1
  68 0018 3B76     		strb	r3, [r7, #24]
  69              		.loc 1 163 3 discriminator 2 view .LVU12
 164:Drivers/STM32F0xx_HAL_Driver/Src/stm32f0xx_hal_flash_ex.c **** 
 165:Drivers/STM32F0xx_HAL_Driver/Src/stm32f0xx_hal_flash_ex.c ****   /* Check the parameters */
 166:Drivers/STM32F0xx_HAL_Driver/Src/stm32f0xx_hal_flash_ex.c ****   assert_param(IS_FLASH_TYPEERASE(pEraseInit->TypeErase));
  70              		.loc 1 166 3 view .LVU13
 167:Drivers/STM32F0xx_HAL_Driver/Src/stm32f0xx_hal_flash_ex.c **** 
 168:Drivers/STM32F0xx_HAL_Driver/Src/stm32f0xx_hal_flash_ex.c ****   if (pEraseInit->TypeErase == FLASH_TYPEERASE_MASSERASE)
  71              		.loc 1 168 3 view .LVU14
  72              		.loc 1 168 6 is_stmt 0 view .LVU15
  73 001a 0368     		ldr	r3, [r0]
 169:Drivers/STM32F0xx_HAL_Driver/Src/stm32f0xx_hal_flash_ex.c ****   {
 170:Drivers/STM32F0xx_HAL_Driver/Src/stm32f0xx_hal_flash_ex.c ****       /* Mass Erase requested for Bank1 */
 171:Drivers/STM32F0xx_HAL_Driver/Src/stm32f0xx_hal_flash_ex.c ****       /* Wait for last operation to be completed */
 172:Drivers/STM32F0xx_HAL_Driver/Src/stm32f0xx_hal_flash_ex.c ****       if (FLASH_WaitForLastOperation((uint32_t)FLASH_TIMEOUT_VALUE) == HAL_OK)
  74              		.loc 1 172 11 view .LVU16
  75 001c 2B48     		ldr	r0, .L13+4
  76              	.LVL1:
 168:Drivers/STM32F0xx_HAL_Driver/Src/stm32f0xx_hal_flash_ex.c ****   {
  77              		.loc 1 168 6 view .LVU17
  78 001e 012B     		cmp	r3, #1
  79 0020 33D0     		beq	.L11
 173:Drivers/STM32F0xx_HAL_Driver/Src/stm32f0xx_hal_flash_ex.c ****       {
 174:Drivers/STM32F0xx_HAL_Driver/Src/stm32f0xx_hal_flash_ex.c ****         /*Mass erase to be done*/
 175:Drivers/STM32F0xx_HAL_Driver/Src/stm32f0xx_hal_flash_ex.c ****         FLASH_MassErase();
 176:Drivers/STM32F0xx_HAL_Driver/Src/stm32f0xx_hal_flash_ex.c ****         
 177:Drivers/STM32F0xx_HAL_Driver/Src/stm32f0xx_hal_flash_ex.c ****         /* Wait for last operation to be completed */
 178:Drivers/STM32F0xx_HAL_Driver/Src/stm32f0xx_hal_flash_ex.c ****         status = FLASH_WaitForLastOperation((uint32_t)FLASH_TIMEOUT_VALUE);
 179:Drivers/STM32F0xx_HAL_Driver/Src/stm32f0xx_hal_flash_ex.c ****         
 180:Drivers/STM32F0xx_HAL_Driver/Src/stm32f0xx_hal_flash_ex.c ****         /* If the erase operation is completed, disable the MER Bit */
 181:Drivers/STM32F0xx_HAL_Driver/Src/stm32f0xx_hal_flash_ex.c ****         CLEAR_BIT(FLASH->CR, FLASH_CR_MER);
 182:Drivers/STM32F0xx_HAL_Driver/Src/stm32f0xx_hal_flash_ex.c ****       }
 183:Drivers/STM32F0xx_HAL_Driver/Src/stm32f0xx_hal_flash_ex.c ****   }
 184:Drivers/STM32F0xx_HAL_Driver/Src/stm32f0xx_hal_flash_ex.c ****   else
 185:Drivers/STM32F0xx_HAL_Driver/Src/stm32f0xx_hal_flash_ex.c ****   {
 186:Drivers/STM32F0xx_HAL_Driver/Src/stm32f0xx_hal_flash_ex.c ****     /* Page Erase is requested */
 187:Drivers/STM32F0xx_HAL_Driver/Src/stm32f0xx_hal_flash_ex.c ****     /* Check the parameters */
 188:Drivers/STM32F0xx_HAL_Driver/Src/stm32f0xx_hal_flash_ex.c ****     assert_param(IS_FLASH_PROGRAM_ADDRESS(pEraseInit->PageAddress));
  80              		.loc 1 188 5 is_stmt 1 view .LVU18
 189:Drivers/STM32F0xx_HAL_Driver/Src/stm32f0xx_hal_flash_ex.c ****     assert_param(IS_FLASH_NB_PAGES(pEraseInit->PageAddress, pEraseInit->NbPages));
  81              		.loc 1 189 5 view .LVU19
 190:Drivers/STM32F0xx_HAL_Driver/Src/stm32f0xx_hal_flash_ex.c ****     
 191:Drivers/STM32F0xx_HAL_Driver/Src/stm32f0xx_hal_flash_ex.c ****       /* Page Erase requested on address located on bank1 */
 192:Drivers/STM32F0xx_HAL_Driver/Src/stm32f0xx_hal_flash_ex.c ****       /* Wait for last operation to be completed */
 193:Drivers/STM32F0xx_HAL_Driver/Src/stm32f0xx_hal_flash_ex.c ****       if (FLASH_WaitForLastOperation((uint32_t)FLASH_TIMEOUT_VALUE) == HAL_OK)
  82              		.loc 1 193 7 view .LVU20
  83              		.loc 1 193 11 is_stmt 0 view .LVU21
  84 0022 FFF7FEFF 		bl	FLASH_WaitForLastOperation
  85              	.LVL2:
  86              		.loc 1 193 10 discriminator 1 view .LVU22
  87 0026 0028     		cmp	r0, #0
  88 0028 33D1     		bne	.L4
 194:Drivers/STM32F0xx_HAL_Driver/Src/stm32f0xx_hal_flash_ex.c ****       {
ARM GAS  C:\Users\joshr\AppData\Local\Temp\ccxDAWix.s 			page 6


 195:Drivers/STM32F0xx_HAL_Driver/Src/stm32f0xx_hal_flash_ex.c ****         /*Initialization of PageError variable*/
 196:Drivers/STM32F0xx_HAL_Driver/Src/stm32f0xx_hal_flash_ex.c ****         *PageError = 0xFFFFFFFFU;
  89              		.loc 1 196 9 is_stmt 1 view .LVU23
  90              		.loc 1 196 20 is_stmt 0 view .LVU24
  91 002a 0123     		movs	r3, #1
  92 002c 4246     		mov	r2, r8
  93 002e 5B42     		rsbs	r3, r3, #0
  94 0030 1360     		str	r3, [r2]
 197:Drivers/STM32F0xx_HAL_Driver/Src/stm32f0xx_hal_flash_ex.c ****         
 198:Drivers/STM32F0xx_HAL_Driver/Src/stm32f0xx_hal_flash_ex.c ****         /* Erase page by page to be done*/
 199:Drivers/STM32F0xx_HAL_Driver/Src/stm32f0xx_hal_flash_ex.c ****         for(address = pEraseInit->PageAddress;
  95              		.loc 1 199 9 is_stmt 1 view .LVU25
 200:Drivers/STM32F0xx_HAL_Driver/Src/stm32f0xx_hal_flash_ex.c ****             address < ((pEraseInit->NbPages * FLASH_PAGE_SIZE) + pEraseInit->PageAddress);
  96              		.loc 1 200 45 is_stmt 0 view .LVU26
  97 0032 B368     		ldr	r3, [r6, #8]
 199:Drivers/STM32F0xx_HAL_Driver/Src/stm32f0xx_hal_flash_ex.c ****             address < ((pEraseInit->NbPages * FLASH_PAGE_SIZE) + pEraseInit->PageAddress);
  98              		.loc 1 199 21 view .LVU27
  99 0034 7568     		ldr	r5, [r6, #4]
 100              	.LVL3:
 101              		.loc 1 200 21 is_stmt 1 view .LVU28
 102              		.loc 1 200 45 is_stmt 0 view .LVU29
 103 0036 9B02     		lsls	r3, r3, #10
 104              		.loc 1 200 64 view .LVU30
 105 0038 5B19     		adds	r3, r3, r5
 106              		.loc 1 200 21 view .LVU31
 107 003a 9D42     		cmp	r5, r3
 108 003c 29D2     		bcs	.L4
 109              	.LBB22:
 110              	.LBB23:
 201:Drivers/STM32F0xx_HAL_Driver/Src/stm32f0xx_hal_flash_ex.c ****             address += FLASH_PAGE_SIZE)
 202:Drivers/STM32F0xx_HAL_Driver/Src/stm32f0xx_hal_flash_ex.c ****         {
 203:Drivers/STM32F0xx_HAL_Driver/Src/stm32f0xx_hal_flash_ex.c ****           FLASH_PageErase(address);
 204:Drivers/STM32F0xx_HAL_Driver/Src/stm32f0xx_hal_flash_ex.c ****           
 205:Drivers/STM32F0xx_HAL_Driver/Src/stm32f0xx_hal_flash_ex.c ****           /* Wait for last operation to be completed */
 206:Drivers/STM32F0xx_HAL_Driver/Src/stm32f0xx_hal_flash_ex.c ****           status = FLASH_WaitForLastOperation((uint32_t)FLASH_TIMEOUT_VALUE);
 207:Drivers/STM32F0xx_HAL_Driver/Src/stm32f0xx_hal_flash_ex.c ****           
 208:Drivers/STM32F0xx_HAL_Driver/Src/stm32f0xx_hal_flash_ex.c ****           /* If the erase operation is completed, disable the PER Bit */
 209:Drivers/STM32F0xx_HAL_Driver/Src/stm32f0xx_hal_flash_ex.c ****           CLEAR_BIT(FLASH->CR, FLASH_CR_PER);
 210:Drivers/STM32F0xx_HAL_Driver/Src/stm32f0xx_hal_flash_ex.c ****           
 211:Drivers/STM32F0xx_HAL_Driver/Src/stm32f0xx_hal_flash_ex.c ****           if (status != HAL_OK)
 212:Drivers/STM32F0xx_HAL_Driver/Src/stm32f0xx_hal_flash_ex.c ****           {
 213:Drivers/STM32F0xx_HAL_Driver/Src/stm32f0xx_hal_flash_ex.c ****             /* In case of error, stop erase procedure and return the faulty address */
 214:Drivers/STM32F0xx_HAL_Driver/Src/stm32f0xx_hal_flash_ex.c ****             *PageError = address;
 215:Drivers/STM32F0xx_HAL_Driver/Src/stm32f0xx_hal_flash_ex.c ****             break;
 216:Drivers/STM32F0xx_HAL_Driver/Src/stm32f0xx_hal_flash_ex.c ****           }
 217:Drivers/STM32F0xx_HAL_Driver/Src/stm32f0xx_hal_flash_ex.c ****         }
 218:Drivers/STM32F0xx_HAL_Driver/Src/stm32f0xx_hal_flash_ex.c ****       }
 219:Drivers/STM32F0xx_HAL_Driver/Src/stm32f0xx_hal_flash_ex.c ****   }
 220:Drivers/STM32F0xx_HAL_Driver/Src/stm32f0xx_hal_flash_ex.c **** 
 221:Drivers/STM32F0xx_HAL_Driver/Src/stm32f0xx_hal_flash_ex.c ****   /* Process Unlocked */
 222:Drivers/STM32F0xx_HAL_Driver/Src/stm32f0xx_hal_flash_ex.c ****   __HAL_UNLOCK(&pFlash);
 223:Drivers/STM32F0xx_HAL_Driver/Src/stm32f0xx_hal_flash_ex.c **** 
 224:Drivers/STM32F0xx_HAL_Driver/Src/stm32f0xx_hal_flash_ex.c ****   return status;
 225:Drivers/STM32F0xx_HAL_Driver/Src/stm32f0xx_hal_flash_ex.c **** }
 226:Drivers/STM32F0xx_HAL_Driver/Src/stm32f0xx_hal_flash_ex.c **** 
 227:Drivers/STM32F0xx_HAL_Driver/Src/stm32f0xx_hal_flash_ex.c **** /**
 228:Drivers/STM32F0xx_HAL_Driver/Src/stm32f0xx_hal_flash_ex.c ****   * @brief  Perform a mass erase or erase the specified FLASH memory pages with interrupt enabled
ARM GAS  C:\Users\joshr\AppData\Local\Temp\ccxDAWix.s 			page 7


 229:Drivers/STM32F0xx_HAL_Driver/Src/stm32f0xx_hal_flash_ex.c ****   * @note   To correctly run this function, the @ref HAL_FLASH_Unlock() function
 230:Drivers/STM32F0xx_HAL_Driver/Src/stm32f0xx_hal_flash_ex.c ****   *         must be called before.
 231:Drivers/STM32F0xx_HAL_Driver/Src/stm32f0xx_hal_flash_ex.c ****   *         Call the @ref HAL_FLASH_Lock() to disable the flash memory access 
 232:Drivers/STM32F0xx_HAL_Driver/Src/stm32f0xx_hal_flash_ex.c ****   *         (recommended to protect the FLASH memory against possible unwanted operation)
 233:Drivers/STM32F0xx_HAL_Driver/Src/stm32f0xx_hal_flash_ex.c ****   * @param  pEraseInit pointer to an FLASH_EraseInitTypeDef structure that
 234:Drivers/STM32F0xx_HAL_Driver/Src/stm32f0xx_hal_flash_ex.c ****   *         contains the configuration information for the erasing.
 235:Drivers/STM32F0xx_HAL_Driver/Src/stm32f0xx_hal_flash_ex.c ****   *
 236:Drivers/STM32F0xx_HAL_Driver/Src/stm32f0xx_hal_flash_ex.c ****   * @retval HAL_StatusTypeDef HAL Status
 237:Drivers/STM32F0xx_HAL_Driver/Src/stm32f0xx_hal_flash_ex.c ****   */
 238:Drivers/STM32F0xx_HAL_Driver/Src/stm32f0xx_hal_flash_ex.c **** HAL_StatusTypeDef HAL_FLASHEx_Erase_IT(FLASH_EraseInitTypeDef *pEraseInit)
 239:Drivers/STM32F0xx_HAL_Driver/Src/stm32f0xx_hal_flash_ex.c **** {
 240:Drivers/STM32F0xx_HAL_Driver/Src/stm32f0xx_hal_flash_ex.c ****   HAL_StatusTypeDef status = HAL_OK;
 241:Drivers/STM32F0xx_HAL_Driver/Src/stm32f0xx_hal_flash_ex.c **** 
 242:Drivers/STM32F0xx_HAL_Driver/Src/stm32f0xx_hal_flash_ex.c ****   /* Process Locked */
 243:Drivers/STM32F0xx_HAL_Driver/Src/stm32f0xx_hal_flash_ex.c ****   __HAL_LOCK(&pFlash);
 244:Drivers/STM32F0xx_HAL_Driver/Src/stm32f0xx_hal_flash_ex.c **** 
 245:Drivers/STM32F0xx_HAL_Driver/Src/stm32f0xx_hal_flash_ex.c ****   /* If procedure already ongoing, reject the next one */
 246:Drivers/STM32F0xx_HAL_Driver/Src/stm32f0xx_hal_flash_ex.c ****   if (pFlash.ProcedureOnGoing != FLASH_PROC_NONE)
 247:Drivers/STM32F0xx_HAL_Driver/Src/stm32f0xx_hal_flash_ex.c ****   {
 248:Drivers/STM32F0xx_HAL_Driver/Src/stm32f0xx_hal_flash_ex.c ****     return HAL_ERROR;
 249:Drivers/STM32F0xx_HAL_Driver/Src/stm32f0xx_hal_flash_ex.c ****   }
 250:Drivers/STM32F0xx_HAL_Driver/Src/stm32f0xx_hal_flash_ex.c ****   
 251:Drivers/STM32F0xx_HAL_Driver/Src/stm32f0xx_hal_flash_ex.c ****   /* Check the parameters */
 252:Drivers/STM32F0xx_HAL_Driver/Src/stm32f0xx_hal_flash_ex.c ****   assert_param(IS_FLASH_TYPEERASE(pEraseInit->TypeErase));
 253:Drivers/STM32F0xx_HAL_Driver/Src/stm32f0xx_hal_flash_ex.c **** 
 254:Drivers/STM32F0xx_HAL_Driver/Src/stm32f0xx_hal_flash_ex.c ****   /* Enable End of FLASH Operation and Error source interrupts */
 255:Drivers/STM32F0xx_HAL_Driver/Src/stm32f0xx_hal_flash_ex.c ****   __HAL_FLASH_ENABLE_IT(FLASH_IT_EOP | FLASH_IT_ERR);
 256:Drivers/STM32F0xx_HAL_Driver/Src/stm32f0xx_hal_flash_ex.c **** 
 257:Drivers/STM32F0xx_HAL_Driver/Src/stm32f0xx_hal_flash_ex.c ****   if (pEraseInit->TypeErase == FLASH_TYPEERASE_MASSERASE)
 258:Drivers/STM32F0xx_HAL_Driver/Src/stm32f0xx_hal_flash_ex.c ****   {
 259:Drivers/STM32F0xx_HAL_Driver/Src/stm32f0xx_hal_flash_ex.c ****     /*Mass erase to be done*/
 260:Drivers/STM32F0xx_HAL_Driver/Src/stm32f0xx_hal_flash_ex.c ****     pFlash.ProcedureOnGoing = FLASH_PROC_MASSERASE;
 261:Drivers/STM32F0xx_HAL_Driver/Src/stm32f0xx_hal_flash_ex.c ****         FLASH_MassErase();
 262:Drivers/STM32F0xx_HAL_Driver/Src/stm32f0xx_hal_flash_ex.c ****   }
 263:Drivers/STM32F0xx_HAL_Driver/Src/stm32f0xx_hal_flash_ex.c ****   else
 264:Drivers/STM32F0xx_HAL_Driver/Src/stm32f0xx_hal_flash_ex.c ****   {
 265:Drivers/STM32F0xx_HAL_Driver/Src/stm32f0xx_hal_flash_ex.c ****     /* Erase by page to be done*/
 266:Drivers/STM32F0xx_HAL_Driver/Src/stm32f0xx_hal_flash_ex.c **** 
 267:Drivers/STM32F0xx_HAL_Driver/Src/stm32f0xx_hal_flash_ex.c ****     /* Check the parameters */
 268:Drivers/STM32F0xx_HAL_Driver/Src/stm32f0xx_hal_flash_ex.c ****     assert_param(IS_FLASH_PROGRAM_ADDRESS(pEraseInit->PageAddress));
 269:Drivers/STM32F0xx_HAL_Driver/Src/stm32f0xx_hal_flash_ex.c ****     assert_param(IS_FLASH_NB_PAGES(pEraseInit->PageAddress, pEraseInit->NbPages));
 270:Drivers/STM32F0xx_HAL_Driver/Src/stm32f0xx_hal_flash_ex.c **** 
 271:Drivers/STM32F0xx_HAL_Driver/Src/stm32f0xx_hal_flash_ex.c ****     pFlash.ProcedureOnGoing = FLASH_PROC_PAGEERASE;
 272:Drivers/STM32F0xx_HAL_Driver/Src/stm32f0xx_hal_flash_ex.c ****     pFlash.DataRemaining = pEraseInit->NbPages;
 273:Drivers/STM32F0xx_HAL_Driver/Src/stm32f0xx_hal_flash_ex.c ****     pFlash.Address = pEraseInit->PageAddress;
 274:Drivers/STM32F0xx_HAL_Driver/Src/stm32f0xx_hal_flash_ex.c **** 
 275:Drivers/STM32F0xx_HAL_Driver/Src/stm32f0xx_hal_flash_ex.c ****     /*Erase 1st page and wait for IT*/
 276:Drivers/STM32F0xx_HAL_Driver/Src/stm32f0xx_hal_flash_ex.c ****     FLASH_PageErase(pEraseInit->PageAddress);
 277:Drivers/STM32F0xx_HAL_Driver/Src/stm32f0xx_hal_flash_ex.c ****   }
 278:Drivers/STM32F0xx_HAL_Driver/Src/stm32f0xx_hal_flash_ex.c **** 
 279:Drivers/STM32F0xx_HAL_Driver/Src/stm32f0xx_hal_flash_ex.c ****   return status;
 280:Drivers/STM32F0xx_HAL_Driver/Src/stm32f0xx_hal_flash_ex.c **** }
 281:Drivers/STM32F0xx_HAL_Driver/Src/stm32f0xx_hal_flash_ex.c **** 
 282:Drivers/STM32F0xx_HAL_Driver/Src/stm32f0xx_hal_flash_ex.c **** /**
 283:Drivers/STM32F0xx_HAL_Driver/Src/stm32f0xx_hal_flash_ex.c ****   * @}
 284:Drivers/STM32F0xx_HAL_Driver/Src/stm32f0xx_hal_flash_ex.c ****   */
 285:Drivers/STM32F0xx_HAL_Driver/Src/stm32f0xx_hal_flash_ex.c **** 
ARM GAS  C:\Users\joshr\AppData\Local\Temp\ccxDAWix.s 			page 8


 286:Drivers/STM32F0xx_HAL_Driver/Src/stm32f0xx_hal_flash_ex.c **** /** @defgroup FLASHEx_Exported_Functions_Group2 Option Bytes Programming functions
 287:Drivers/STM32F0xx_HAL_Driver/Src/stm32f0xx_hal_flash_ex.c ****  *  @brief   Option Bytes Programming functions
 288:Drivers/STM32F0xx_HAL_Driver/Src/stm32f0xx_hal_flash_ex.c ****   *
 289:Drivers/STM32F0xx_HAL_Driver/Src/stm32f0xx_hal_flash_ex.c **** @verbatim   
 290:Drivers/STM32F0xx_HAL_Driver/Src/stm32f0xx_hal_flash_ex.c ****   ==============================================================================
 291:Drivers/STM32F0xx_HAL_Driver/Src/stm32f0xx_hal_flash_ex.c ****                 ##### Option Bytes Programming functions ##### 
 292:Drivers/STM32F0xx_HAL_Driver/Src/stm32f0xx_hal_flash_ex.c ****   ==============================================================================  
 293:Drivers/STM32F0xx_HAL_Driver/Src/stm32f0xx_hal_flash_ex.c ****     [..]
 294:Drivers/STM32F0xx_HAL_Driver/Src/stm32f0xx_hal_flash_ex.c ****     This subsection provides a set of functions allowing to control the FLASH 
 295:Drivers/STM32F0xx_HAL_Driver/Src/stm32f0xx_hal_flash_ex.c ****     option bytes operations.
 296:Drivers/STM32F0xx_HAL_Driver/Src/stm32f0xx_hal_flash_ex.c **** 
 297:Drivers/STM32F0xx_HAL_Driver/Src/stm32f0xx_hal_flash_ex.c **** @endverbatim
 298:Drivers/STM32F0xx_HAL_Driver/Src/stm32f0xx_hal_flash_ex.c ****   * @{
 299:Drivers/STM32F0xx_HAL_Driver/Src/stm32f0xx_hal_flash_ex.c ****   */
 300:Drivers/STM32F0xx_HAL_Driver/Src/stm32f0xx_hal_flash_ex.c **** 
 301:Drivers/STM32F0xx_HAL_Driver/Src/stm32f0xx_hal_flash_ex.c **** /**
 302:Drivers/STM32F0xx_HAL_Driver/Src/stm32f0xx_hal_flash_ex.c ****   * @brief  Erases the FLASH option bytes.
 303:Drivers/STM32F0xx_HAL_Driver/Src/stm32f0xx_hal_flash_ex.c ****   * @note   This functions erases all option bytes except the Read protection (RDP).
 304:Drivers/STM32F0xx_HAL_Driver/Src/stm32f0xx_hal_flash_ex.c ****   *         The function @ref HAL_FLASH_Unlock() should be called before to unlock the FLASH interf
 305:Drivers/STM32F0xx_HAL_Driver/Src/stm32f0xx_hal_flash_ex.c ****   *         The function @ref HAL_FLASH_OB_Unlock() should be called before to unlock the options b
 306:Drivers/STM32F0xx_HAL_Driver/Src/stm32f0xx_hal_flash_ex.c ****   *         The function @ref HAL_FLASH_OB_Launch() should be called after to force the reload of t
 307:Drivers/STM32F0xx_HAL_Driver/Src/stm32f0xx_hal_flash_ex.c ****   *         (system reset will occur)
 308:Drivers/STM32F0xx_HAL_Driver/Src/stm32f0xx_hal_flash_ex.c ****   * @retval HAL status
 309:Drivers/STM32F0xx_HAL_Driver/Src/stm32f0xx_hal_flash_ex.c ****   */
 310:Drivers/STM32F0xx_HAL_Driver/Src/stm32f0xx_hal_flash_ex.c **** 
 311:Drivers/STM32F0xx_HAL_Driver/Src/stm32f0xx_hal_flash_ex.c **** HAL_StatusTypeDef HAL_FLASHEx_OBErase(void)
 312:Drivers/STM32F0xx_HAL_Driver/Src/stm32f0xx_hal_flash_ex.c **** {
 313:Drivers/STM32F0xx_HAL_Driver/Src/stm32f0xx_hal_flash_ex.c ****   uint8_t rdptmp = OB_RDP_LEVEL_0;
 314:Drivers/STM32F0xx_HAL_Driver/Src/stm32f0xx_hal_flash_ex.c ****   HAL_StatusTypeDef status = HAL_ERROR;
 315:Drivers/STM32F0xx_HAL_Driver/Src/stm32f0xx_hal_flash_ex.c **** 
 316:Drivers/STM32F0xx_HAL_Driver/Src/stm32f0xx_hal_flash_ex.c ****   /* Get the actual read protection Option Byte value */
 317:Drivers/STM32F0xx_HAL_Driver/Src/stm32f0xx_hal_flash_ex.c ****   rdptmp = FLASH_OB_GetRDP();
 318:Drivers/STM32F0xx_HAL_Driver/Src/stm32f0xx_hal_flash_ex.c **** 
 319:Drivers/STM32F0xx_HAL_Driver/Src/stm32f0xx_hal_flash_ex.c ****   /* Wait for last operation to be completed */
 320:Drivers/STM32F0xx_HAL_Driver/Src/stm32f0xx_hal_flash_ex.c ****   status = FLASH_WaitForLastOperation((uint32_t)FLASH_TIMEOUT_VALUE);
 321:Drivers/STM32F0xx_HAL_Driver/Src/stm32f0xx_hal_flash_ex.c **** 
 322:Drivers/STM32F0xx_HAL_Driver/Src/stm32f0xx_hal_flash_ex.c ****   if(status == HAL_OK)
 323:Drivers/STM32F0xx_HAL_Driver/Src/stm32f0xx_hal_flash_ex.c ****   {
 324:Drivers/STM32F0xx_HAL_Driver/Src/stm32f0xx_hal_flash_ex.c ****     /* Clean the error context */
 325:Drivers/STM32F0xx_HAL_Driver/Src/stm32f0xx_hal_flash_ex.c ****     pFlash.ErrorCode = HAL_FLASH_ERROR_NONE;
 326:Drivers/STM32F0xx_HAL_Driver/Src/stm32f0xx_hal_flash_ex.c **** 
 327:Drivers/STM32F0xx_HAL_Driver/Src/stm32f0xx_hal_flash_ex.c ****     /* If the previous operation is completed, proceed to erase the option bytes */
 328:Drivers/STM32F0xx_HAL_Driver/Src/stm32f0xx_hal_flash_ex.c ****     SET_BIT(FLASH->CR, FLASH_CR_OPTER);
 329:Drivers/STM32F0xx_HAL_Driver/Src/stm32f0xx_hal_flash_ex.c ****     SET_BIT(FLASH->CR, FLASH_CR_STRT);
 330:Drivers/STM32F0xx_HAL_Driver/Src/stm32f0xx_hal_flash_ex.c **** 
 331:Drivers/STM32F0xx_HAL_Driver/Src/stm32f0xx_hal_flash_ex.c ****     /* Wait for last operation to be completed */
 332:Drivers/STM32F0xx_HAL_Driver/Src/stm32f0xx_hal_flash_ex.c ****     status = FLASH_WaitForLastOperation((uint32_t)FLASH_TIMEOUT_VALUE);
 333:Drivers/STM32F0xx_HAL_Driver/Src/stm32f0xx_hal_flash_ex.c **** 
 334:Drivers/STM32F0xx_HAL_Driver/Src/stm32f0xx_hal_flash_ex.c ****     /* If the erase operation is completed, disable the OPTER Bit */
 335:Drivers/STM32F0xx_HAL_Driver/Src/stm32f0xx_hal_flash_ex.c ****     CLEAR_BIT(FLASH->CR, FLASH_CR_OPTER);
 336:Drivers/STM32F0xx_HAL_Driver/Src/stm32f0xx_hal_flash_ex.c **** 
 337:Drivers/STM32F0xx_HAL_Driver/Src/stm32f0xx_hal_flash_ex.c ****     if(status == HAL_OK)
 338:Drivers/STM32F0xx_HAL_Driver/Src/stm32f0xx_hal_flash_ex.c ****     {
 339:Drivers/STM32F0xx_HAL_Driver/Src/stm32f0xx_hal_flash_ex.c ****       /* Restore the last read protection Option Byte value */
 340:Drivers/STM32F0xx_HAL_Driver/Src/stm32f0xx_hal_flash_ex.c ****       status = FLASH_OB_RDP_LevelConfig(rdptmp);
 341:Drivers/STM32F0xx_HAL_Driver/Src/stm32f0xx_hal_flash_ex.c ****     }
 342:Drivers/STM32F0xx_HAL_Driver/Src/stm32f0xx_hal_flash_ex.c ****   }
ARM GAS  C:\Users\joshr\AppData\Local\Temp\ccxDAWix.s 			page 9


 343:Drivers/STM32F0xx_HAL_Driver/Src/stm32f0xx_hal_flash_ex.c **** 
 344:Drivers/STM32F0xx_HAL_Driver/Src/stm32f0xx_hal_flash_ex.c ****   /* Return the erase status */
 345:Drivers/STM32F0xx_HAL_Driver/Src/stm32f0xx_hal_flash_ex.c ****   return status;
 346:Drivers/STM32F0xx_HAL_Driver/Src/stm32f0xx_hal_flash_ex.c **** }
 347:Drivers/STM32F0xx_HAL_Driver/Src/stm32f0xx_hal_flash_ex.c **** 
 348:Drivers/STM32F0xx_HAL_Driver/Src/stm32f0xx_hal_flash_ex.c **** /**
 349:Drivers/STM32F0xx_HAL_Driver/Src/stm32f0xx_hal_flash_ex.c ****   * @brief  Program option bytes
 350:Drivers/STM32F0xx_HAL_Driver/Src/stm32f0xx_hal_flash_ex.c ****   * @note   The function @ref HAL_FLASH_Unlock() should be called before to unlock the FLASH interf
 351:Drivers/STM32F0xx_HAL_Driver/Src/stm32f0xx_hal_flash_ex.c ****   *         The function @ref HAL_FLASH_OB_Unlock() should be called before to unlock the options b
 352:Drivers/STM32F0xx_HAL_Driver/Src/stm32f0xx_hal_flash_ex.c ****   *         The function @ref HAL_FLASH_OB_Launch() should be called after to force the reload of t
 353:Drivers/STM32F0xx_HAL_Driver/Src/stm32f0xx_hal_flash_ex.c ****   *         (system reset will occur)
 354:Drivers/STM32F0xx_HAL_Driver/Src/stm32f0xx_hal_flash_ex.c ****   *
 355:Drivers/STM32F0xx_HAL_Driver/Src/stm32f0xx_hal_flash_ex.c ****   * @param  pOBInit pointer to an FLASH_OBInitStruct structure that
 356:Drivers/STM32F0xx_HAL_Driver/Src/stm32f0xx_hal_flash_ex.c ****   *         contains the configuration information for the programming.
 357:Drivers/STM32F0xx_HAL_Driver/Src/stm32f0xx_hal_flash_ex.c ****   *
 358:Drivers/STM32F0xx_HAL_Driver/Src/stm32f0xx_hal_flash_ex.c ****   * @retval HAL_StatusTypeDef HAL Status
 359:Drivers/STM32F0xx_HAL_Driver/Src/stm32f0xx_hal_flash_ex.c ****   */
 360:Drivers/STM32F0xx_HAL_Driver/Src/stm32f0xx_hal_flash_ex.c **** HAL_StatusTypeDef HAL_FLASHEx_OBProgram(FLASH_OBProgramInitTypeDef *pOBInit)
 361:Drivers/STM32F0xx_HAL_Driver/Src/stm32f0xx_hal_flash_ex.c **** {
 362:Drivers/STM32F0xx_HAL_Driver/Src/stm32f0xx_hal_flash_ex.c ****   HAL_StatusTypeDef status = HAL_ERROR;
 363:Drivers/STM32F0xx_HAL_Driver/Src/stm32f0xx_hal_flash_ex.c **** 
 364:Drivers/STM32F0xx_HAL_Driver/Src/stm32f0xx_hal_flash_ex.c ****   /* Process Locked */
 365:Drivers/STM32F0xx_HAL_Driver/Src/stm32f0xx_hal_flash_ex.c ****   __HAL_LOCK(&pFlash);
 366:Drivers/STM32F0xx_HAL_Driver/Src/stm32f0xx_hal_flash_ex.c **** 
 367:Drivers/STM32F0xx_HAL_Driver/Src/stm32f0xx_hal_flash_ex.c ****   /* Check the parameters */
 368:Drivers/STM32F0xx_HAL_Driver/Src/stm32f0xx_hal_flash_ex.c ****   assert_param(IS_OPTIONBYTE(pOBInit->OptionType));
 369:Drivers/STM32F0xx_HAL_Driver/Src/stm32f0xx_hal_flash_ex.c **** 
 370:Drivers/STM32F0xx_HAL_Driver/Src/stm32f0xx_hal_flash_ex.c ****   /* Write protection configuration */
 371:Drivers/STM32F0xx_HAL_Driver/Src/stm32f0xx_hal_flash_ex.c ****   if((pOBInit->OptionType & OPTIONBYTE_WRP) == OPTIONBYTE_WRP)
 372:Drivers/STM32F0xx_HAL_Driver/Src/stm32f0xx_hal_flash_ex.c ****   {
 373:Drivers/STM32F0xx_HAL_Driver/Src/stm32f0xx_hal_flash_ex.c ****     assert_param(IS_WRPSTATE(pOBInit->WRPState));
 374:Drivers/STM32F0xx_HAL_Driver/Src/stm32f0xx_hal_flash_ex.c ****     if (pOBInit->WRPState == OB_WRPSTATE_ENABLE)
 375:Drivers/STM32F0xx_HAL_Driver/Src/stm32f0xx_hal_flash_ex.c ****     {
 376:Drivers/STM32F0xx_HAL_Driver/Src/stm32f0xx_hal_flash_ex.c ****       /* Enable of Write protection on the selected page */
 377:Drivers/STM32F0xx_HAL_Driver/Src/stm32f0xx_hal_flash_ex.c ****       status = FLASH_OB_EnableWRP(pOBInit->WRPPage);
 378:Drivers/STM32F0xx_HAL_Driver/Src/stm32f0xx_hal_flash_ex.c ****     }
 379:Drivers/STM32F0xx_HAL_Driver/Src/stm32f0xx_hal_flash_ex.c ****     else
 380:Drivers/STM32F0xx_HAL_Driver/Src/stm32f0xx_hal_flash_ex.c ****     {
 381:Drivers/STM32F0xx_HAL_Driver/Src/stm32f0xx_hal_flash_ex.c ****       /* Disable of Write protection on the selected page */
 382:Drivers/STM32F0xx_HAL_Driver/Src/stm32f0xx_hal_flash_ex.c ****       status = FLASH_OB_DisableWRP(pOBInit->WRPPage);
 383:Drivers/STM32F0xx_HAL_Driver/Src/stm32f0xx_hal_flash_ex.c ****     }
 384:Drivers/STM32F0xx_HAL_Driver/Src/stm32f0xx_hal_flash_ex.c ****     if (status != HAL_OK)
 385:Drivers/STM32F0xx_HAL_Driver/Src/stm32f0xx_hal_flash_ex.c ****     {
 386:Drivers/STM32F0xx_HAL_Driver/Src/stm32f0xx_hal_flash_ex.c ****       /* Process Unlocked */
 387:Drivers/STM32F0xx_HAL_Driver/Src/stm32f0xx_hal_flash_ex.c ****       __HAL_UNLOCK(&pFlash);
 388:Drivers/STM32F0xx_HAL_Driver/Src/stm32f0xx_hal_flash_ex.c ****       return status;
 389:Drivers/STM32F0xx_HAL_Driver/Src/stm32f0xx_hal_flash_ex.c ****     }
 390:Drivers/STM32F0xx_HAL_Driver/Src/stm32f0xx_hal_flash_ex.c ****   }
 391:Drivers/STM32F0xx_HAL_Driver/Src/stm32f0xx_hal_flash_ex.c **** 
 392:Drivers/STM32F0xx_HAL_Driver/Src/stm32f0xx_hal_flash_ex.c ****   /* Read protection configuration */
 393:Drivers/STM32F0xx_HAL_Driver/Src/stm32f0xx_hal_flash_ex.c ****   if((pOBInit->OptionType & OPTIONBYTE_RDP) == OPTIONBYTE_RDP)
 394:Drivers/STM32F0xx_HAL_Driver/Src/stm32f0xx_hal_flash_ex.c ****   {
 395:Drivers/STM32F0xx_HAL_Driver/Src/stm32f0xx_hal_flash_ex.c ****     status = FLASH_OB_RDP_LevelConfig(pOBInit->RDPLevel);
 396:Drivers/STM32F0xx_HAL_Driver/Src/stm32f0xx_hal_flash_ex.c ****     if (status != HAL_OK)
 397:Drivers/STM32F0xx_HAL_Driver/Src/stm32f0xx_hal_flash_ex.c ****     {
 398:Drivers/STM32F0xx_HAL_Driver/Src/stm32f0xx_hal_flash_ex.c ****       /* Process Unlocked */
 399:Drivers/STM32F0xx_HAL_Driver/Src/stm32f0xx_hal_flash_ex.c ****       __HAL_UNLOCK(&pFlash);
ARM GAS  C:\Users\joshr\AppData\Local\Temp\ccxDAWix.s 			page 10


 400:Drivers/STM32F0xx_HAL_Driver/Src/stm32f0xx_hal_flash_ex.c ****       return status;
 401:Drivers/STM32F0xx_HAL_Driver/Src/stm32f0xx_hal_flash_ex.c ****     }
 402:Drivers/STM32F0xx_HAL_Driver/Src/stm32f0xx_hal_flash_ex.c ****   }
 403:Drivers/STM32F0xx_HAL_Driver/Src/stm32f0xx_hal_flash_ex.c **** 
 404:Drivers/STM32F0xx_HAL_Driver/Src/stm32f0xx_hal_flash_ex.c ****   /* USER configuration */
 405:Drivers/STM32F0xx_HAL_Driver/Src/stm32f0xx_hal_flash_ex.c ****   if((pOBInit->OptionType & OPTIONBYTE_USER) == OPTIONBYTE_USER)
 406:Drivers/STM32F0xx_HAL_Driver/Src/stm32f0xx_hal_flash_ex.c ****   {
 407:Drivers/STM32F0xx_HAL_Driver/Src/stm32f0xx_hal_flash_ex.c ****     status = FLASH_OB_UserConfig(pOBInit->USERConfig);
 408:Drivers/STM32F0xx_HAL_Driver/Src/stm32f0xx_hal_flash_ex.c ****     if (status != HAL_OK)
 409:Drivers/STM32F0xx_HAL_Driver/Src/stm32f0xx_hal_flash_ex.c ****     {
 410:Drivers/STM32F0xx_HAL_Driver/Src/stm32f0xx_hal_flash_ex.c ****       /* Process Unlocked */
 411:Drivers/STM32F0xx_HAL_Driver/Src/stm32f0xx_hal_flash_ex.c ****       __HAL_UNLOCK(&pFlash);
 412:Drivers/STM32F0xx_HAL_Driver/Src/stm32f0xx_hal_flash_ex.c ****       return status;
 413:Drivers/STM32F0xx_HAL_Driver/Src/stm32f0xx_hal_flash_ex.c ****     }
 414:Drivers/STM32F0xx_HAL_Driver/Src/stm32f0xx_hal_flash_ex.c ****   }
 415:Drivers/STM32F0xx_HAL_Driver/Src/stm32f0xx_hal_flash_ex.c **** 
 416:Drivers/STM32F0xx_HAL_Driver/Src/stm32f0xx_hal_flash_ex.c ****   /* DATA configuration*/
 417:Drivers/STM32F0xx_HAL_Driver/Src/stm32f0xx_hal_flash_ex.c ****   if((pOBInit->OptionType & OPTIONBYTE_DATA) == OPTIONBYTE_DATA)
 418:Drivers/STM32F0xx_HAL_Driver/Src/stm32f0xx_hal_flash_ex.c ****   {
 419:Drivers/STM32F0xx_HAL_Driver/Src/stm32f0xx_hal_flash_ex.c ****     status = FLASH_OB_ProgramData(pOBInit->DATAAddress, pOBInit->DATAData);
 420:Drivers/STM32F0xx_HAL_Driver/Src/stm32f0xx_hal_flash_ex.c ****     if (status != HAL_OK)
 421:Drivers/STM32F0xx_HAL_Driver/Src/stm32f0xx_hal_flash_ex.c ****     {
 422:Drivers/STM32F0xx_HAL_Driver/Src/stm32f0xx_hal_flash_ex.c ****       /* Process Unlocked */
 423:Drivers/STM32F0xx_HAL_Driver/Src/stm32f0xx_hal_flash_ex.c ****       __HAL_UNLOCK(&pFlash);
 424:Drivers/STM32F0xx_HAL_Driver/Src/stm32f0xx_hal_flash_ex.c ****       return status;
 425:Drivers/STM32F0xx_HAL_Driver/Src/stm32f0xx_hal_flash_ex.c ****     }
 426:Drivers/STM32F0xx_HAL_Driver/Src/stm32f0xx_hal_flash_ex.c ****   }
 427:Drivers/STM32F0xx_HAL_Driver/Src/stm32f0xx_hal_flash_ex.c **** 
 428:Drivers/STM32F0xx_HAL_Driver/Src/stm32f0xx_hal_flash_ex.c ****   /* Process Unlocked */
 429:Drivers/STM32F0xx_HAL_Driver/Src/stm32f0xx_hal_flash_ex.c ****   __HAL_UNLOCK(&pFlash);
 430:Drivers/STM32F0xx_HAL_Driver/Src/stm32f0xx_hal_flash_ex.c **** 
 431:Drivers/STM32F0xx_HAL_Driver/Src/stm32f0xx_hal_flash_ex.c ****   return status;
 432:Drivers/STM32F0xx_HAL_Driver/Src/stm32f0xx_hal_flash_ex.c **** }
 433:Drivers/STM32F0xx_HAL_Driver/Src/stm32f0xx_hal_flash_ex.c **** 
 434:Drivers/STM32F0xx_HAL_Driver/Src/stm32f0xx_hal_flash_ex.c **** /**
 435:Drivers/STM32F0xx_HAL_Driver/Src/stm32f0xx_hal_flash_ex.c ****   * @brief  Get the Option byte configuration
 436:Drivers/STM32F0xx_HAL_Driver/Src/stm32f0xx_hal_flash_ex.c ****   * @param  pOBInit pointer to an FLASH_OBInitStruct structure that
 437:Drivers/STM32F0xx_HAL_Driver/Src/stm32f0xx_hal_flash_ex.c ****   *         contains the configuration information for the programming.
 438:Drivers/STM32F0xx_HAL_Driver/Src/stm32f0xx_hal_flash_ex.c ****   *
 439:Drivers/STM32F0xx_HAL_Driver/Src/stm32f0xx_hal_flash_ex.c ****   * @retval None
 440:Drivers/STM32F0xx_HAL_Driver/Src/stm32f0xx_hal_flash_ex.c ****   */
 441:Drivers/STM32F0xx_HAL_Driver/Src/stm32f0xx_hal_flash_ex.c **** void HAL_FLASHEx_OBGetConfig(FLASH_OBProgramInitTypeDef *pOBInit)
 442:Drivers/STM32F0xx_HAL_Driver/Src/stm32f0xx_hal_flash_ex.c **** {
 443:Drivers/STM32F0xx_HAL_Driver/Src/stm32f0xx_hal_flash_ex.c ****   pOBInit->OptionType = OPTIONBYTE_WRP | OPTIONBYTE_RDP | OPTIONBYTE_USER;
 444:Drivers/STM32F0xx_HAL_Driver/Src/stm32f0xx_hal_flash_ex.c **** 
 445:Drivers/STM32F0xx_HAL_Driver/Src/stm32f0xx_hal_flash_ex.c ****   /*Get WRP*/
 446:Drivers/STM32F0xx_HAL_Driver/Src/stm32f0xx_hal_flash_ex.c ****   pOBInit->WRPPage = FLASH_OB_GetWRP();
 447:Drivers/STM32F0xx_HAL_Driver/Src/stm32f0xx_hal_flash_ex.c **** 
 448:Drivers/STM32F0xx_HAL_Driver/Src/stm32f0xx_hal_flash_ex.c ****   /*Get RDP Level*/
 449:Drivers/STM32F0xx_HAL_Driver/Src/stm32f0xx_hal_flash_ex.c ****   pOBInit->RDPLevel = FLASH_OB_GetRDP();
 450:Drivers/STM32F0xx_HAL_Driver/Src/stm32f0xx_hal_flash_ex.c **** 
 451:Drivers/STM32F0xx_HAL_Driver/Src/stm32f0xx_hal_flash_ex.c ****   /*Get USER*/
 452:Drivers/STM32F0xx_HAL_Driver/Src/stm32f0xx_hal_flash_ex.c ****   pOBInit->USERConfig = FLASH_OB_GetUser();
 453:Drivers/STM32F0xx_HAL_Driver/Src/stm32f0xx_hal_flash_ex.c **** }
 454:Drivers/STM32F0xx_HAL_Driver/Src/stm32f0xx_hal_flash_ex.c **** 
 455:Drivers/STM32F0xx_HAL_Driver/Src/stm32f0xx_hal_flash_ex.c **** /**
 456:Drivers/STM32F0xx_HAL_Driver/Src/stm32f0xx_hal_flash_ex.c ****   * @brief  Get the Option byte user data
ARM GAS  C:\Users\joshr\AppData\Local\Temp\ccxDAWix.s 			page 11


 457:Drivers/STM32F0xx_HAL_Driver/Src/stm32f0xx_hal_flash_ex.c ****   * @param  DATAAdress Address of the option byte DATA
 458:Drivers/STM32F0xx_HAL_Driver/Src/stm32f0xx_hal_flash_ex.c ****   *          This parameter can be one of the following values:
 459:Drivers/STM32F0xx_HAL_Driver/Src/stm32f0xx_hal_flash_ex.c ****   *            @arg @ref OB_DATA_ADDRESS_DATA0
 460:Drivers/STM32F0xx_HAL_Driver/Src/stm32f0xx_hal_flash_ex.c ****   *            @arg @ref OB_DATA_ADDRESS_DATA1
 461:Drivers/STM32F0xx_HAL_Driver/Src/stm32f0xx_hal_flash_ex.c ****   * @retval Value programmed in USER data
 462:Drivers/STM32F0xx_HAL_Driver/Src/stm32f0xx_hal_flash_ex.c ****   */
 463:Drivers/STM32F0xx_HAL_Driver/Src/stm32f0xx_hal_flash_ex.c **** uint32_t HAL_FLASHEx_OBGetUserData(uint32_t DATAAdress)
 464:Drivers/STM32F0xx_HAL_Driver/Src/stm32f0xx_hal_flash_ex.c **** {
 465:Drivers/STM32F0xx_HAL_Driver/Src/stm32f0xx_hal_flash_ex.c ****   uint32_t value = 0U;
 466:Drivers/STM32F0xx_HAL_Driver/Src/stm32f0xx_hal_flash_ex.c ****   
 467:Drivers/STM32F0xx_HAL_Driver/Src/stm32f0xx_hal_flash_ex.c ****   if (DATAAdress == OB_DATA_ADDRESS_DATA0)
 468:Drivers/STM32F0xx_HAL_Driver/Src/stm32f0xx_hal_flash_ex.c ****   {
 469:Drivers/STM32F0xx_HAL_Driver/Src/stm32f0xx_hal_flash_ex.c ****     /* Get value programmed in OB USER Data0 */
 470:Drivers/STM32F0xx_HAL_Driver/Src/stm32f0xx_hal_flash_ex.c ****     value = READ_BIT(FLASH->OBR, FLASH_OBR_DATA0) >> FLASH_POSITION_OB_USERDATA0_BIT;
 471:Drivers/STM32F0xx_HAL_Driver/Src/stm32f0xx_hal_flash_ex.c ****   }
 472:Drivers/STM32F0xx_HAL_Driver/Src/stm32f0xx_hal_flash_ex.c ****   else
 473:Drivers/STM32F0xx_HAL_Driver/Src/stm32f0xx_hal_flash_ex.c ****   {
 474:Drivers/STM32F0xx_HAL_Driver/Src/stm32f0xx_hal_flash_ex.c ****     /* Get value programmed in OB USER Data1 */
 475:Drivers/STM32F0xx_HAL_Driver/Src/stm32f0xx_hal_flash_ex.c ****     value = READ_BIT(FLASH->OBR, FLASH_OBR_DATA1) >> FLASH_POSITION_OB_USERDATA1_BIT;
 476:Drivers/STM32F0xx_HAL_Driver/Src/stm32f0xx_hal_flash_ex.c ****   }
 477:Drivers/STM32F0xx_HAL_Driver/Src/stm32f0xx_hal_flash_ex.c ****   
 478:Drivers/STM32F0xx_HAL_Driver/Src/stm32f0xx_hal_flash_ex.c ****   return value;
 479:Drivers/STM32F0xx_HAL_Driver/Src/stm32f0xx_hal_flash_ex.c **** }
 480:Drivers/STM32F0xx_HAL_Driver/Src/stm32f0xx_hal_flash_ex.c **** 
 481:Drivers/STM32F0xx_HAL_Driver/Src/stm32f0xx_hal_flash_ex.c **** /**
 482:Drivers/STM32F0xx_HAL_Driver/Src/stm32f0xx_hal_flash_ex.c ****   * @}
 483:Drivers/STM32F0xx_HAL_Driver/Src/stm32f0xx_hal_flash_ex.c ****   */
 484:Drivers/STM32F0xx_HAL_Driver/Src/stm32f0xx_hal_flash_ex.c **** 
 485:Drivers/STM32F0xx_HAL_Driver/Src/stm32f0xx_hal_flash_ex.c **** /**
 486:Drivers/STM32F0xx_HAL_Driver/Src/stm32f0xx_hal_flash_ex.c ****   * @}
 487:Drivers/STM32F0xx_HAL_Driver/Src/stm32f0xx_hal_flash_ex.c ****   */
 488:Drivers/STM32F0xx_HAL_Driver/Src/stm32f0xx_hal_flash_ex.c **** 
 489:Drivers/STM32F0xx_HAL_Driver/Src/stm32f0xx_hal_flash_ex.c **** /** @addtogroup FLASHEx_Private_Functions
 490:Drivers/STM32F0xx_HAL_Driver/Src/stm32f0xx_hal_flash_ex.c ****  * @{
 491:Drivers/STM32F0xx_HAL_Driver/Src/stm32f0xx_hal_flash_ex.c ****  */
 492:Drivers/STM32F0xx_HAL_Driver/Src/stm32f0xx_hal_flash_ex.c **** 
 493:Drivers/STM32F0xx_HAL_Driver/Src/stm32f0xx_hal_flash_ex.c **** /**
 494:Drivers/STM32F0xx_HAL_Driver/Src/stm32f0xx_hal_flash_ex.c ****   * @brief  Full erase of FLASH memory Bank 
 495:Drivers/STM32F0xx_HAL_Driver/Src/stm32f0xx_hal_flash_ex.c ****   *
 496:Drivers/STM32F0xx_HAL_Driver/Src/stm32f0xx_hal_flash_ex.c ****   * @retval None
 497:Drivers/STM32F0xx_HAL_Driver/Src/stm32f0xx_hal_flash_ex.c ****   */
 498:Drivers/STM32F0xx_HAL_Driver/Src/stm32f0xx_hal_flash_ex.c **** static void FLASH_MassErase(void)
 499:Drivers/STM32F0xx_HAL_Driver/Src/stm32f0xx_hal_flash_ex.c **** {
 500:Drivers/STM32F0xx_HAL_Driver/Src/stm32f0xx_hal_flash_ex.c ****   /* Clean the error context */
 501:Drivers/STM32F0xx_HAL_Driver/Src/stm32f0xx_hal_flash_ex.c ****   pFlash.ErrorCode = HAL_FLASH_ERROR_NONE;
 502:Drivers/STM32F0xx_HAL_Driver/Src/stm32f0xx_hal_flash_ex.c **** 
 503:Drivers/STM32F0xx_HAL_Driver/Src/stm32f0xx_hal_flash_ex.c ****     /* Only bank1 will be erased*/
 504:Drivers/STM32F0xx_HAL_Driver/Src/stm32f0xx_hal_flash_ex.c ****     SET_BIT(FLASH->CR, FLASH_CR_MER);
 505:Drivers/STM32F0xx_HAL_Driver/Src/stm32f0xx_hal_flash_ex.c ****     SET_BIT(FLASH->CR, FLASH_CR_STRT);
 506:Drivers/STM32F0xx_HAL_Driver/Src/stm32f0xx_hal_flash_ex.c **** }
 507:Drivers/STM32F0xx_HAL_Driver/Src/stm32f0xx_hal_flash_ex.c **** 
 508:Drivers/STM32F0xx_HAL_Driver/Src/stm32f0xx_hal_flash_ex.c **** /**
 509:Drivers/STM32F0xx_HAL_Driver/Src/stm32f0xx_hal_flash_ex.c ****   * @brief  Enable the write protection of the desired pages
 510:Drivers/STM32F0xx_HAL_Driver/Src/stm32f0xx_hal_flash_ex.c ****   * @note   An option byte erase is done automatically in this function. 
 511:Drivers/STM32F0xx_HAL_Driver/Src/stm32f0xx_hal_flash_ex.c ****   * @note   When the memory read protection level is selected (RDP level = 1), 
 512:Drivers/STM32F0xx_HAL_Driver/Src/stm32f0xx_hal_flash_ex.c ****   *         it is not possible to program or erase the flash page i if
 513:Drivers/STM32F0xx_HAL_Driver/Src/stm32f0xx_hal_flash_ex.c ****   *         debug features are connected or boot code is executed in RAM, even if nWRPi = 1 
ARM GAS  C:\Users\joshr\AppData\Local\Temp\ccxDAWix.s 			page 12


 514:Drivers/STM32F0xx_HAL_Driver/Src/stm32f0xx_hal_flash_ex.c ****   * 
 515:Drivers/STM32F0xx_HAL_Driver/Src/stm32f0xx_hal_flash_ex.c ****   * @param  WriteProtectPage specifies the page(s) to be write protected.
 516:Drivers/STM32F0xx_HAL_Driver/Src/stm32f0xx_hal_flash_ex.c ****   *         The value of this parameter depend on device used within the same series 
 517:Drivers/STM32F0xx_HAL_Driver/Src/stm32f0xx_hal_flash_ex.c ****   * @retval HAL status 
 518:Drivers/STM32F0xx_HAL_Driver/Src/stm32f0xx_hal_flash_ex.c ****   */
 519:Drivers/STM32F0xx_HAL_Driver/Src/stm32f0xx_hal_flash_ex.c **** static HAL_StatusTypeDef FLASH_OB_EnableWRP(uint32_t WriteProtectPage)
 520:Drivers/STM32F0xx_HAL_Driver/Src/stm32f0xx_hal_flash_ex.c **** {
 521:Drivers/STM32F0xx_HAL_Driver/Src/stm32f0xx_hal_flash_ex.c ****   HAL_StatusTypeDef status = HAL_OK;
 522:Drivers/STM32F0xx_HAL_Driver/Src/stm32f0xx_hal_flash_ex.c ****   uint16_t WRP0_Data = 0xFFFFU;
 523:Drivers/STM32F0xx_HAL_Driver/Src/stm32f0xx_hal_flash_ex.c **** #if defined(OB_WRP1_WRP1)
 524:Drivers/STM32F0xx_HAL_Driver/Src/stm32f0xx_hal_flash_ex.c ****   uint16_t WRP1_Data = 0xFFFFU;
 525:Drivers/STM32F0xx_HAL_Driver/Src/stm32f0xx_hal_flash_ex.c **** #endif /* OB_WRP1_WRP1 */
 526:Drivers/STM32F0xx_HAL_Driver/Src/stm32f0xx_hal_flash_ex.c **** #if defined(OB_WRP2_WRP2)
 527:Drivers/STM32F0xx_HAL_Driver/Src/stm32f0xx_hal_flash_ex.c ****   uint16_t WRP2_Data = 0xFFFFU;
 528:Drivers/STM32F0xx_HAL_Driver/Src/stm32f0xx_hal_flash_ex.c **** #endif /* OB_WRP2_WRP2 */
 529:Drivers/STM32F0xx_HAL_Driver/Src/stm32f0xx_hal_flash_ex.c **** #if defined(OB_WRP3_WRP3)
 530:Drivers/STM32F0xx_HAL_Driver/Src/stm32f0xx_hal_flash_ex.c ****   uint16_t WRP3_Data = 0xFFFFU;
 531:Drivers/STM32F0xx_HAL_Driver/Src/stm32f0xx_hal_flash_ex.c **** #endif /* OB_WRP3_WRP3 */
 532:Drivers/STM32F0xx_HAL_Driver/Src/stm32f0xx_hal_flash_ex.c ****   
 533:Drivers/STM32F0xx_HAL_Driver/Src/stm32f0xx_hal_flash_ex.c ****   /* Check the parameters */
 534:Drivers/STM32F0xx_HAL_Driver/Src/stm32f0xx_hal_flash_ex.c ****   assert_param(IS_OB_WRP(WriteProtectPage));
 535:Drivers/STM32F0xx_HAL_Driver/Src/stm32f0xx_hal_flash_ex.c ****     
 536:Drivers/STM32F0xx_HAL_Driver/Src/stm32f0xx_hal_flash_ex.c ****   /* Get current write protected pages and the new pages to be protected ******/
 537:Drivers/STM32F0xx_HAL_Driver/Src/stm32f0xx_hal_flash_ex.c ****   WriteProtectPage = (uint32_t)(~((~FLASH_OB_GetWRP()) | WriteProtectPage));
 538:Drivers/STM32F0xx_HAL_Driver/Src/stm32f0xx_hal_flash_ex.c ****   
 539:Drivers/STM32F0xx_HAL_Driver/Src/stm32f0xx_hal_flash_ex.c **** #if defined(OB_WRP_PAGES0TO15MASK)
 540:Drivers/STM32F0xx_HAL_Driver/Src/stm32f0xx_hal_flash_ex.c ****   WRP0_Data = (uint16_t)(WriteProtectPage & OB_WRP_PAGES0TO15MASK);
 541:Drivers/STM32F0xx_HAL_Driver/Src/stm32f0xx_hal_flash_ex.c **** #elif defined(OB_WRP_PAGES0TO31MASK)
 542:Drivers/STM32F0xx_HAL_Driver/Src/stm32f0xx_hal_flash_ex.c ****   WRP0_Data = (uint16_t)(WriteProtectPage & OB_WRP_PAGES0TO31MASK);
 543:Drivers/STM32F0xx_HAL_Driver/Src/stm32f0xx_hal_flash_ex.c **** #endif /* OB_WRP_PAGES0TO31MASK */
 544:Drivers/STM32F0xx_HAL_Driver/Src/stm32f0xx_hal_flash_ex.c ****   
 545:Drivers/STM32F0xx_HAL_Driver/Src/stm32f0xx_hal_flash_ex.c **** #if defined(OB_WRP_PAGES16TO31MASK)
 546:Drivers/STM32F0xx_HAL_Driver/Src/stm32f0xx_hal_flash_ex.c ****   WRP1_Data = (uint16_t)((WriteProtectPage & OB_WRP_PAGES16TO31MASK) >> 8U);
 547:Drivers/STM32F0xx_HAL_Driver/Src/stm32f0xx_hal_flash_ex.c **** #elif defined(OB_WRP_PAGES32TO63MASK)
 548:Drivers/STM32F0xx_HAL_Driver/Src/stm32f0xx_hal_flash_ex.c ****   WRP1_Data = (uint16_t)((WriteProtectPage & OB_WRP_PAGES32TO63MASK) >> 8U);
 549:Drivers/STM32F0xx_HAL_Driver/Src/stm32f0xx_hal_flash_ex.c **** #endif /* OB_WRP_PAGES32TO63MASK */
 550:Drivers/STM32F0xx_HAL_Driver/Src/stm32f0xx_hal_flash_ex.c ****  
 551:Drivers/STM32F0xx_HAL_Driver/Src/stm32f0xx_hal_flash_ex.c **** #if defined(OB_WRP_PAGES32TO47MASK)
 552:Drivers/STM32F0xx_HAL_Driver/Src/stm32f0xx_hal_flash_ex.c ****   WRP2_Data = (uint16_t)((WriteProtectPage & OB_WRP_PAGES32TO47MASK) >> 16U);
 553:Drivers/STM32F0xx_HAL_Driver/Src/stm32f0xx_hal_flash_ex.c **** #endif /* OB_WRP_PAGES32TO47MASK */
 554:Drivers/STM32F0xx_HAL_Driver/Src/stm32f0xx_hal_flash_ex.c **** 
 555:Drivers/STM32F0xx_HAL_Driver/Src/stm32f0xx_hal_flash_ex.c **** #if defined(OB_WRP_PAGES48TO63MASK)
 556:Drivers/STM32F0xx_HAL_Driver/Src/stm32f0xx_hal_flash_ex.c ****   WRP3_Data = (uint16_t)((WriteProtectPage & OB_WRP_PAGES48TO63MASK) >> 24U); 
 557:Drivers/STM32F0xx_HAL_Driver/Src/stm32f0xx_hal_flash_ex.c **** #elif defined(OB_WRP_PAGES48TO127MASK)
 558:Drivers/STM32F0xx_HAL_Driver/Src/stm32f0xx_hal_flash_ex.c ****   WRP3_Data = (uint16_t)((WriteProtectPage & OB_WRP_PAGES48TO127MASK) >> 24U); 
 559:Drivers/STM32F0xx_HAL_Driver/Src/stm32f0xx_hal_flash_ex.c **** #endif /* OB_WRP_PAGES48TO63MASK */
 560:Drivers/STM32F0xx_HAL_Driver/Src/stm32f0xx_hal_flash_ex.c ****   
 561:Drivers/STM32F0xx_HAL_Driver/Src/stm32f0xx_hal_flash_ex.c ****   /* Wait for last operation to be completed */
 562:Drivers/STM32F0xx_HAL_Driver/Src/stm32f0xx_hal_flash_ex.c ****   status = FLASH_WaitForLastOperation((uint32_t)FLASH_TIMEOUT_VALUE);
 563:Drivers/STM32F0xx_HAL_Driver/Src/stm32f0xx_hal_flash_ex.c **** 
 564:Drivers/STM32F0xx_HAL_Driver/Src/stm32f0xx_hal_flash_ex.c ****   if(status == HAL_OK)
 565:Drivers/STM32F0xx_HAL_Driver/Src/stm32f0xx_hal_flash_ex.c ****   { 
 566:Drivers/STM32F0xx_HAL_Driver/Src/stm32f0xx_hal_flash_ex.c ****     /* Clean the error context */
 567:Drivers/STM32F0xx_HAL_Driver/Src/stm32f0xx_hal_flash_ex.c ****     pFlash.ErrorCode = HAL_FLASH_ERROR_NONE;
 568:Drivers/STM32F0xx_HAL_Driver/Src/stm32f0xx_hal_flash_ex.c **** 
 569:Drivers/STM32F0xx_HAL_Driver/Src/stm32f0xx_hal_flash_ex.c ****     /* To be able to write again option byte, need to perform a option byte erase */
 570:Drivers/STM32F0xx_HAL_Driver/Src/stm32f0xx_hal_flash_ex.c ****     status = HAL_FLASHEx_OBErase();
ARM GAS  C:\Users\joshr\AppData\Local\Temp\ccxDAWix.s 			page 13


 571:Drivers/STM32F0xx_HAL_Driver/Src/stm32f0xx_hal_flash_ex.c ****     if (status == HAL_OK)  
 572:Drivers/STM32F0xx_HAL_Driver/Src/stm32f0xx_hal_flash_ex.c ****     {
 573:Drivers/STM32F0xx_HAL_Driver/Src/stm32f0xx_hal_flash_ex.c ****       /* Enable write protection */
 574:Drivers/STM32F0xx_HAL_Driver/Src/stm32f0xx_hal_flash_ex.c ****       SET_BIT(FLASH->CR, FLASH_CR_OPTPG);
 575:Drivers/STM32F0xx_HAL_Driver/Src/stm32f0xx_hal_flash_ex.c **** 
 576:Drivers/STM32F0xx_HAL_Driver/Src/stm32f0xx_hal_flash_ex.c **** #if defined(OB_WRP0_WRP0)
 577:Drivers/STM32F0xx_HAL_Driver/Src/stm32f0xx_hal_flash_ex.c ****       if(WRP0_Data != 0xFFU)
 578:Drivers/STM32F0xx_HAL_Driver/Src/stm32f0xx_hal_flash_ex.c ****       {
 579:Drivers/STM32F0xx_HAL_Driver/Src/stm32f0xx_hal_flash_ex.c ****         OB->WRP0 &= WRP0_Data;
 580:Drivers/STM32F0xx_HAL_Driver/Src/stm32f0xx_hal_flash_ex.c ****         
 581:Drivers/STM32F0xx_HAL_Driver/Src/stm32f0xx_hal_flash_ex.c ****         /* Wait for last operation to be completed */
 582:Drivers/STM32F0xx_HAL_Driver/Src/stm32f0xx_hal_flash_ex.c ****         status = FLASH_WaitForLastOperation((uint32_t)FLASH_TIMEOUT_VALUE);
 583:Drivers/STM32F0xx_HAL_Driver/Src/stm32f0xx_hal_flash_ex.c ****       }
 584:Drivers/STM32F0xx_HAL_Driver/Src/stm32f0xx_hal_flash_ex.c **** #endif /* OB_WRP0_WRP0 */
 585:Drivers/STM32F0xx_HAL_Driver/Src/stm32f0xx_hal_flash_ex.c **** 
 586:Drivers/STM32F0xx_HAL_Driver/Src/stm32f0xx_hal_flash_ex.c **** #if defined(OB_WRP1_WRP1)
 587:Drivers/STM32F0xx_HAL_Driver/Src/stm32f0xx_hal_flash_ex.c ****       if((status == HAL_OK) && (WRP1_Data != 0xFFU))
 588:Drivers/STM32F0xx_HAL_Driver/Src/stm32f0xx_hal_flash_ex.c ****       {
 589:Drivers/STM32F0xx_HAL_Driver/Src/stm32f0xx_hal_flash_ex.c ****         OB->WRP1 &= WRP1_Data;
 590:Drivers/STM32F0xx_HAL_Driver/Src/stm32f0xx_hal_flash_ex.c ****         
 591:Drivers/STM32F0xx_HAL_Driver/Src/stm32f0xx_hal_flash_ex.c ****         /* Wait for last operation to be completed */
 592:Drivers/STM32F0xx_HAL_Driver/Src/stm32f0xx_hal_flash_ex.c ****         status = FLASH_WaitForLastOperation((uint32_t)FLASH_TIMEOUT_VALUE);
 593:Drivers/STM32F0xx_HAL_Driver/Src/stm32f0xx_hal_flash_ex.c ****       }
 594:Drivers/STM32F0xx_HAL_Driver/Src/stm32f0xx_hal_flash_ex.c **** #endif /* OB_WRP1_WRP1 */
 595:Drivers/STM32F0xx_HAL_Driver/Src/stm32f0xx_hal_flash_ex.c **** 
 596:Drivers/STM32F0xx_HAL_Driver/Src/stm32f0xx_hal_flash_ex.c **** #if defined(OB_WRP2_WRP2)
 597:Drivers/STM32F0xx_HAL_Driver/Src/stm32f0xx_hal_flash_ex.c ****       if((status == HAL_OK) && (WRP2_Data != 0xFFU))
 598:Drivers/STM32F0xx_HAL_Driver/Src/stm32f0xx_hal_flash_ex.c ****       {
 599:Drivers/STM32F0xx_HAL_Driver/Src/stm32f0xx_hal_flash_ex.c ****         OB->WRP2 &= WRP2_Data;
 600:Drivers/STM32F0xx_HAL_Driver/Src/stm32f0xx_hal_flash_ex.c ****         
 601:Drivers/STM32F0xx_HAL_Driver/Src/stm32f0xx_hal_flash_ex.c ****         /* Wait for last operation to be completed */
 602:Drivers/STM32F0xx_HAL_Driver/Src/stm32f0xx_hal_flash_ex.c ****         status = FLASH_WaitForLastOperation((uint32_t)FLASH_TIMEOUT_VALUE);
 603:Drivers/STM32F0xx_HAL_Driver/Src/stm32f0xx_hal_flash_ex.c ****       }
 604:Drivers/STM32F0xx_HAL_Driver/Src/stm32f0xx_hal_flash_ex.c **** #endif /* OB_WRP2_WRP2 */
 605:Drivers/STM32F0xx_HAL_Driver/Src/stm32f0xx_hal_flash_ex.c **** 
 606:Drivers/STM32F0xx_HAL_Driver/Src/stm32f0xx_hal_flash_ex.c **** #if defined(OB_WRP3_WRP3)
 607:Drivers/STM32F0xx_HAL_Driver/Src/stm32f0xx_hal_flash_ex.c ****       if((status == HAL_OK) && (WRP3_Data != 0xFFU))
 608:Drivers/STM32F0xx_HAL_Driver/Src/stm32f0xx_hal_flash_ex.c ****       {
 609:Drivers/STM32F0xx_HAL_Driver/Src/stm32f0xx_hal_flash_ex.c ****         OB->WRP3 &= WRP3_Data;
 610:Drivers/STM32F0xx_HAL_Driver/Src/stm32f0xx_hal_flash_ex.c ****         
 611:Drivers/STM32F0xx_HAL_Driver/Src/stm32f0xx_hal_flash_ex.c ****         /* Wait for last operation to be completed */
 612:Drivers/STM32F0xx_HAL_Driver/Src/stm32f0xx_hal_flash_ex.c ****         status = FLASH_WaitForLastOperation((uint32_t)FLASH_TIMEOUT_VALUE);
 613:Drivers/STM32F0xx_HAL_Driver/Src/stm32f0xx_hal_flash_ex.c ****       }
 614:Drivers/STM32F0xx_HAL_Driver/Src/stm32f0xx_hal_flash_ex.c **** #endif /* OB_WRP3_WRP3 */
 615:Drivers/STM32F0xx_HAL_Driver/Src/stm32f0xx_hal_flash_ex.c **** 
 616:Drivers/STM32F0xx_HAL_Driver/Src/stm32f0xx_hal_flash_ex.c ****       /* if the program operation is completed, disable the OPTPG Bit */
 617:Drivers/STM32F0xx_HAL_Driver/Src/stm32f0xx_hal_flash_ex.c ****       CLEAR_BIT(FLASH->CR, FLASH_CR_OPTPG);
 618:Drivers/STM32F0xx_HAL_Driver/Src/stm32f0xx_hal_flash_ex.c ****     }
 619:Drivers/STM32F0xx_HAL_Driver/Src/stm32f0xx_hal_flash_ex.c ****   }
 620:Drivers/STM32F0xx_HAL_Driver/Src/stm32f0xx_hal_flash_ex.c ****   
 621:Drivers/STM32F0xx_HAL_Driver/Src/stm32f0xx_hal_flash_ex.c ****   return status;
 622:Drivers/STM32F0xx_HAL_Driver/Src/stm32f0xx_hal_flash_ex.c **** }
 623:Drivers/STM32F0xx_HAL_Driver/Src/stm32f0xx_hal_flash_ex.c **** 
 624:Drivers/STM32F0xx_HAL_Driver/Src/stm32f0xx_hal_flash_ex.c **** /**
 625:Drivers/STM32F0xx_HAL_Driver/Src/stm32f0xx_hal_flash_ex.c ****   * @brief  Disable the write protection of the desired pages
 626:Drivers/STM32F0xx_HAL_Driver/Src/stm32f0xx_hal_flash_ex.c ****   * @note   An option byte erase is done automatically in this function. 
 627:Drivers/STM32F0xx_HAL_Driver/Src/stm32f0xx_hal_flash_ex.c ****   * @note   When the memory read protection level is selected (RDP level = 1), 
ARM GAS  C:\Users\joshr\AppData\Local\Temp\ccxDAWix.s 			page 14


 628:Drivers/STM32F0xx_HAL_Driver/Src/stm32f0xx_hal_flash_ex.c ****   *         it is not possible to program or erase the flash page i if   
 629:Drivers/STM32F0xx_HAL_Driver/Src/stm32f0xx_hal_flash_ex.c ****   *         debug features are connected or boot code is executed in RAM, even if nWRPi = 1 
 630:Drivers/STM32F0xx_HAL_Driver/Src/stm32f0xx_hal_flash_ex.c ****   * 
 631:Drivers/STM32F0xx_HAL_Driver/Src/stm32f0xx_hal_flash_ex.c ****   * @param  WriteProtectPage specifies the page(s) to be write unprotected.
 632:Drivers/STM32F0xx_HAL_Driver/Src/stm32f0xx_hal_flash_ex.c ****   *         The value of this parameter depend on device used within the same series 
 633:Drivers/STM32F0xx_HAL_Driver/Src/stm32f0xx_hal_flash_ex.c ****   * @retval HAL status 
 634:Drivers/STM32F0xx_HAL_Driver/Src/stm32f0xx_hal_flash_ex.c ****   */
 635:Drivers/STM32F0xx_HAL_Driver/Src/stm32f0xx_hal_flash_ex.c **** static HAL_StatusTypeDef FLASH_OB_DisableWRP(uint32_t WriteProtectPage)
 636:Drivers/STM32F0xx_HAL_Driver/Src/stm32f0xx_hal_flash_ex.c **** {
 637:Drivers/STM32F0xx_HAL_Driver/Src/stm32f0xx_hal_flash_ex.c ****   HAL_StatusTypeDef status = HAL_OK;
 638:Drivers/STM32F0xx_HAL_Driver/Src/stm32f0xx_hal_flash_ex.c ****   uint16_t WRP0_Data = 0xFFFFU;
 639:Drivers/STM32F0xx_HAL_Driver/Src/stm32f0xx_hal_flash_ex.c **** #if defined(OB_WRP1_WRP1)
 640:Drivers/STM32F0xx_HAL_Driver/Src/stm32f0xx_hal_flash_ex.c ****   uint16_t WRP1_Data = 0xFFFFU;
 641:Drivers/STM32F0xx_HAL_Driver/Src/stm32f0xx_hal_flash_ex.c **** #endif /* OB_WRP1_WRP1 */
 642:Drivers/STM32F0xx_HAL_Driver/Src/stm32f0xx_hal_flash_ex.c **** #if defined(OB_WRP2_WRP2)
 643:Drivers/STM32F0xx_HAL_Driver/Src/stm32f0xx_hal_flash_ex.c ****   uint16_t WRP2_Data = 0xFFFFU;
 644:Drivers/STM32F0xx_HAL_Driver/Src/stm32f0xx_hal_flash_ex.c **** #endif /* OB_WRP2_WRP2 */
 645:Drivers/STM32F0xx_HAL_Driver/Src/stm32f0xx_hal_flash_ex.c **** #if defined(OB_WRP3_WRP3)
 646:Drivers/STM32F0xx_HAL_Driver/Src/stm32f0xx_hal_flash_ex.c ****   uint16_t WRP3_Data = 0xFFFFU;
 647:Drivers/STM32F0xx_HAL_Driver/Src/stm32f0xx_hal_flash_ex.c **** #endif /* OB_WRP3_WRP3 */
 648:Drivers/STM32F0xx_HAL_Driver/Src/stm32f0xx_hal_flash_ex.c ****   
 649:Drivers/STM32F0xx_HAL_Driver/Src/stm32f0xx_hal_flash_ex.c ****   /* Check the parameters */
 650:Drivers/STM32F0xx_HAL_Driver/Src/stm32f0xx_hal_flash_ex.c ****   assert_param(IS_OB_WRP(WriteProtectPage));
 651:Drivers/STM32F0xx_HAL_Driver/Src/stm32f0xx_hal_flash_ex.c **** 
 652:Drivers/STM32F0xx_HAL_Driver/Src/stm32f0xx_hal_flash_ex.c ****   /* Get current write protected pages and the new pages to be unprotected ******/
 653:Drivers/STM32F0xx_HAL_Driver/Src/stm32f0xx_hal_flash_ex.c ****   WriteProtectPage = (FLASH_OB_GetWRP() | WriteProtectPage);
 654:Drivers/STM32F0xx_HAL_Driver/Src/stm32f0xx_hal_flash_ex.c **** 
 655:Drivers/STM32F0xx_HAL_Driver/Src/stm32f0xx_hal_flash_ex.c **** #if defined(OB_WRP_PAGES0TO15MASK)
 656:Drivers/STM32F0xx_HAL_Driver/Src/stm32f0xx_hal_flash_ex.c ****   WRP0_Data = (uint16_t)(WriteProtectPage & OB_WRP_PAGES0TO15MASK);
 657:Drivers/STM32F0xx_HAL_Driver/Src/stm32f0xx_hal_flash_ex.c **** #elif defined(OB_WRP_PAGES0TO31MASK)
 658:Drivers/STM32F0xx_HAL_Driver/Src/stm32f0xx_hal_flash_ex.c ****   WRP0_Data = (uint16_t)(WriteProtectPage & OB_WRP_PAGES0TO31MASK);
 659:Drivers/STM32F0xx_HAL_Driver/Src/stm32f0xx_hal_flash_ex.c **** #endif /* OB_WRP_PAGES0TO31MASK */
 660:Drivers/STM32F0xx_HAL_Driver/Src/stm32f0xx_hal_flash_ex.c ****   
 661:Drivers/STM32F0xx_HAL_Driver/Src/stm32f0xx_hal_flash_ex.c **** #if defined(OB_WRP_PAGES16TO31MASK)
 662:Drivers/STM32F0xx_HAL_Driver/Src/stm32f0xx_hal_flash_ex.c ****   WRP1_Data = (uint16_t)((WriteProtectPage & OB_WRP_PAGES16TO31MASK) >> 8U);
 663:Drivers/STM32F0xx_HAL_Driver/Src/stm32f0xx_hal_flash_ex.c **** #elif defined(OB_WRP_PAGES32TO63MASK)
 664:Drivers/STM32F0xx_HAL_Driver/Src/stm32f0xx_hal_flash_ex.c ****   WRP1_Data = (uint16_t)((WriteProtectPage & OB_WRP_PAGES32TO63MASK) >> 8U);
 665:Drivers/STM32F0xx_HAL_Driver/Src/stm32f0xx_hal_flash_ex.c **** #endif /* OB_WRP_PAGES32TO63MASK */
 666:Drivers/STM32F0xx_HAL_Driver/Src/stm32f0xx_hal_flash_ex.c ****  
 667:Drivers/STM32F0xx_HAL_Driver/Src/stm32f0xx_hal_flash_ex.c **** #if defined(OB_WRP_PAGES32TO47MASK)
 668:Drivers/STM32F0xx_HAL_Driver/Src/stm32f0xx_hal_flash_ex.c ****   WRP2_Data = (uint16_t)((WriteProtectPage & OB_WRP_PAGES32TO47MASK) >> 16U);
 669:Drivers/STM32F0xx_HAL_Driver/Src/stm32f0xx_hal_flash_ex.c **** #endif /* OB_WRP_PAGES32TO47MASK */
 670:Drivers/STM32F0xx_HAL_Driver/Src/stm32f0xx_hal_flash_ex.c **** 
 671:Drivers/STM32F0xx_HAL_Driver/Src/stm32f0xx_hal_flash_ex.c **** #if defined(OB_WRP_PAGES48TO63MASK)
 672:Drivers/STM32F0xx_HAL_Driver/Src/stm32f0xx_hal_flash_ex.c ****   WRP3_Data = (uint16_t)((WriteProtectPage & OB_WRP_PAGES48TO63MASK) >> 24U); 
 673:Drivers/STM32F0xx_HAL_Driver/Src/stm32f0xx_hal_flash_ex.c **** #elif defined(OB_WRP_PAGES48TO127MASK)
 674:Drivers/STM32F0xx_HAL_Driver/Src/stm32f0xx_hal_flash_ex.c ****   WRP3_Data = (uint16_t)((WriteProtectPage & OB_WRP_PAGES48TO127MASK) >> 24U); 
 675:Drivers/STM32F0xx_HAL_Driver/Src/stm32f0xx_hal_flash_ex.c **** #endif /* OB_WRP_PAGES48TO63MASK */
 676:Drivers/STM32F0xx_HAL_Driver/Src/stm32f0xx_hal_flash_ex.c **** 
 677:Drivers/STM32F0xx_HAL_Driver/Src/stm32f0xx_hal_flash_ex.c ****     
 678:Drivers/STM32F0xx_HAL_Driver/Src/stm32f0xx_hal_flash_ex.c ****   /* Wait for last operation to be completed */
 679:Drivers/STM32F0xx_HAL_Driver/Src/stm32f0xx_hal_flash_ex.c ****   status = FLASH_WaitForLastOperation((uint32_t)FLASH_TIMEOUT_VALUE);
 680:Drivers/STM32F0xx_HAL_Driver/Src/stm32f0xx_hal_flash_ex.c **** 
 681:Drivers/STM32F0xx_HAL_Driver/Src/stm32f0xx_hal_flash_ex.c ****   if(status == HAL_OK)
 682:Drivers/STM32F0xx_HAL_Driver/Src/stm32f0xx_hal_flash_ex.c ****   { 
 683:Drivers/STM32F0xx_HAL_Driver/Src/stm32f0xx_hal_flash_ex.c ****     /* Clean the error context */
 684:Drivers/STM32F0xx_HAL_Driver/Src/stm32f0xx_hal_flash_ex.c ****     pFlash.ErrorCode = HAL_FLASH_ERROR_NONE;
ARM GAS  C:\Users\joshr\AppData\Local\Temp\ccxDAWix.s 			page 15


 685:Drivers/STM32F0xx_HAL_Driver/Src/stm32f0xx_hal_flash_ex.c **** 
 686:Drivers/STM32F0xx_HAL_Driver/Src/stm32f0xx_hal_flash_ex.c ****     /* To be able to write again option byte, need to perform a option byte erase */
 687:Drivers/STM32F0xx_HAL_Driver/Src/stm32f0xx_hal_flash_ex.c ****     status = HAL_FLASHEx_OBErase();
 688:Drivers/STM32F0xx_HAL_Driver/Src/stm32f0xx_hal_flash_ex.c ****     if (status == HAL_OK)  
 689:Drivers/STM32F0xx_HAL_Driver/Src/stm32f0xx_hal_flash_ex.c ****     {
 690:Drivers/STM32F0xx_HAL_Driver/Src/stm32f0xx_hal_flash_ex.c ****       SET_BIT(FLASH->CR, FLASH_CR_OPTPG);
 691:Drivers/STM32F0xx_HAL_Driver/Src/stm32f0xx_hal_flash_ex.c **** 
 692:Drivers/STM32F0xx_HAL_Driver/Src/stm32f0xx_hal_flash_ex.c **** #if defined(OB_WRP0_WRP0)
 693:Drivers/STM32F0xx_HAL_Driver/Src/stm32f0xx_hal_flash_ex.c ****       if(WRP0_Data != 0xFFU)
 694:Drivers/STM32F0xx_HAL_Driver/Src/stm32f0xx_hal_flash_ex.c ****       {
 695:Drivers/STM32F0xx_HAL_Driver/Src/stm32f0xx_hal_flash_ex.c ****         OB->WRP0 &= WRP0_Data;
 696:Drivers/STM32F0xx_HAL_Driver/Src/stm32f0xx_hal_flash_ex.c ****         
 697:Drivers/STM32F0xx_HAL_Driver/Src/stm32f0xx_hal_flash_ex.c ****         /* Wait for last operation to be completed */
 698:Drivers/STM32F0xx_HAL_Driver/Src/stm32f0xx_hal_flash_ex.c ****         status = FLASH_WaitForLastOperation((uint32_t)FLASH_TIMEOUT_VALUE);
 699:Drivers/STM32F0xx_HAL_Driver/Src/stm32f0xx_hal_flash_ex.c ****       }
 700:Drivers/STM32F0xx_HAL_Driver/Src/stm32f0xx_hal_flash_ex.c **** #endif /* OB_WRP0_WRP0 */
 701:Drivers/STM32F0xx_HAL_Driver/Src/stm32f0xx_hal_flash_ex.c **** 
 702:Drivers/STM32F0xx_HAL_Driver/Src/stm32f0xx_hal_flash_ex.c **** #if defined(OB_WRP1_WRP1)
 703:Drivers/STM32F0xx_HAL_Driver/Src/stm32f0xx_hal_flash_ex.c ****       if((status == HAL_OK) && (WRP1_Data != 0xFFU))
 704:Drivers/STM32F0xx_HAL_Driver/Src/stm32f0xx_hal_flash_ex.c ****       {
 705:Drivers/STM32F0xx_HAL_Driver/Src/stm32f0xx_hal_flash_ex.c ****         OB->WRP1 &= WRP1_Data;
 706:Drivers/STM32F0xx_HAL_Driver/Src/stm32f0xx_hal_flash_ex.c ****         
 707:Drivers/STM32F0xx_HAL_Driver/Src/stm32f0xx_hal_flash_ex.c ****         /* Wait for last operation to be completed */
 708:Drivers/STM32F0xx_HAL_Driver/Src/stm32f0xx_hal_flash_ex.c ****         status = FLASH_WaitForLastOperation((uint32_t)FLASH_TIMEOUT_VALUE);
 709:Drivers/STM32F0xx_HAL_Driver/Src/stm32f0xx_hal_flash_ex.c ****       }
 710:Drivers/STM32F0xx_HAL_Driver/Src/stm32f0xx_hal_flash_ex.c **** #endif /* OB_WRP1_WRP1 */
 711:Drivers/STM32F0xx_HAL_Driver/Src/stm32f0xx_hal_flash_ex.c **** 
 712:Drivers/STM32F0xx_HAL_Driver/Src/stm32f0xx_hal_flash_ex.c **** #if defined(OB_WRP2_WRP2)
 713:Drivers/STM32F0xx_HAL_Driver/Src/stm32f0xx_hal_flash_ex.c ****       if((status == HAL_OK) && (WRP2_Data != 0xFFU))
 714:Drivers/STM32F0xx_HAL_Driver/Src/stm32f0xx_hal_flash_ex.c ****       {
 715:Drivers/STM32F0xx_HAL_Driver/Src/stm32f0xx_hal_flash_ex.c ****         OB->WRP2 &= WRP2_Data;
 716:Drivers/STM32F0xx_HAL_Driver/Src/stm32f0xx_hal_flash_ex.c ****         
 717:Drivers/STM32F0xx_HAL_Driver/Src/stm32f0xx_hal_flash_ex.c ****         /* Wait for last operation to be completed */
 718:Drivers/STM32F0xx_HAL_Driver/Src/stm32f0xx_hal_flash_ex.c ****         status = FLASH_WaitForLastOperation((uint32_t)FLASH_TIMEOUT_VALUE);
 719:Drivers/STM32F0xx_HAL_Driver/Src/stm32f0xx_hal_flash_ex.c ****       }
 720:Drivers/STM32F0xx_HAL_Driver/Src/stm32f0xx_hal_flash_ex.c **** #endif /* OB_WRP2_WRP2 */
 721:Drivers/STM32F0xx_HAL_Driver/Src/stm32f0xx_hal_flash_ex.c **** 
 722:Drivers/STM32F0xx_HAL_Driver/Src/stm32f0xx_hal_flash_ex.c **** #if defined(OB_WRP3_WRP3)
 723:Drivers/STM32F0xx_HAL_Driver/Src/stm32f0xx_hal_flash_ex.c ****       if((status == HAL_OK) && (WRP3_Data != 0xFFU))
 724:Drivers/STM32F0xx_HAL_Driver/Src/stm32f0xx_hal_flash_ex.c ****       {
 725:Drivers/STM32F0xx_HAL_Driver/Src/stm32f0xx_hal_flash_ex.c ****         OB->WRP3 &= WRP3_Data;
 726:Drivers/STM32F0xx_HAL_Driver/Src/stm32f0xx_hal_flash_ex.c ****         
 727:Drivers/STM32F0xx_HAL_Driver/Src/stm32f0xx_hal_flash_ex.c ****         /* Wait for last operation to be completed */
 728:Drivers/STM32F0xx_HAL_Driver/Src/stm32f0xx_hal_flash_ex.c ****         status = FLASH_WaitForLastOperation((uint32_t)FLASH_TIMEOUT_VALUE);
 729:Drivers/STM32F0xx_HAL_Driver/Src/stm32f0xx_hal_flash_ex.c ****       }
 730:Drivers/STM32F0xx_HAL_Driver/Src/stm32f0xx_hal_flash_ex.c **** #endif /* OB_WRP3_WRP3 */
 731:Drivers/STM32F0xx_HAL_Driver/Src/stm32f0xx_hal_flash_ex.c **** 
 732:Drivers/STM32F0xx_HAL_Driver/Src/stm32f0xx_hal_flash_ex.c ****       /* if the program operation is completed, disable the OPTPG Bit */
 733:Drivers/STM32F0xx_HAL_Driver/Src/stm32f0xx_hal_flash_ex.c ****       CLEAR_BIT(FLASH->CR, FLASH_CR_OPTPG);
 734:Drivers/STM32F0xx_HAL_Driver/Src/stm32f0xx_hal_flash_ex.c ****     }
 735:Drivers/STM32F0xx_HAL_Driver/Src/stm32f0xx_hal_flash_ex.c ****   }
 736:Drivers/STM32F0xx_HAL_Driver/Src/stm32f0xx_hal_flash_ex.c ****   return status;
 737:Drivers/STM32F0xx_HAL_Driver/Src/stm32f0xx_hal_flash_ex.c **** }
 738:Drivers/STM32F0xx_HAL_Driver/Src/stm32f0xx_hal_flash_ex.c **** 
 739:Drivers/STM32F0xx_HAL_Driver/Src/stm32f0xx_hal_flash_ex.c **** /**
 740:Drivers/STM32F0xx_HAL_Driver/Src/stm32f0xx_hal_flash_ex.c ****   * @brief  Set the read protection level.
 741:Drivers/STM32F0xx_HAL_Driver/Src/stm32f0xx_hal_flash_ex.c ****   * @param  ReadProtectLevel specifies the read protection level.
ARM GAS  C:\Users\joshr\AppData\Local\Temp\ccxDAWix.s 			page 16


 742:Drivers/STM32F0xx_HAL_Driver/Src/stm32f0xx_hal_flash_ex.c ****   *         This parameter can be one of the following values:
 743:Drivers/STM32F0xx_HAL_Driver/Src/stm32f0xx_hal_flash_ex.c ****   *            @arg @ref OB_RDP_LEVEL_0 No protection
 744:Drivers/STM32F0xx_HAL_Driver/Src/stm32f0xx_hal_flash_ex.c ****   *            @arg @ref OB_RDP_LEVEL_1 Read protection of the memory
 745:Drivers/STM32F0xx_HAL_Driver/Src/stm32f0xx_hal_flash_ex.c ****   *            @arg @ref OB_RDP_LEVEL_2 Full chip protection
 746:Drivers/STM32F0xx_HAL_Driver/Src/stm32f0xx_hal_flash_ex.c ****   * @note   Warning: When enabling OB_RDP level 2 it's no more possible to go back to level 1 or 0
 747:Drivers/STM32F0xx_HAL_Driver/Src/stm32f0xx_hal_flash_ex.c ****   * @retval HAL status
 748:Drivers/STM32F0xx_HAL_Driver/Src/stm32f0xx_hal_flash_ex.c ****   */
 749:Drivers/STM32F0xx_HAL_Driver/Src/stm32f0xx_hal_flash_ex.c **** static HAL_StatusTypeDef FLASH_OB_RDP_LevelConfig(uint8_t ReadProtectLevel)
 750:Drivers/STM32F0xx_HAL_Driver/Src/stm32f0xx_hal_flash_ex.c **** {
 751:Drivers/STM32F0xx_HAL_Driver/Src/stm32f0xx_hal_flash_ex.c ****   HAL_StatusTypeDef status = HAL_OK;
 752:Drivers/STM32F0xx_HAL_Driver/Src/stm32f0xx_hal_flash_ex.c ****   
 753:Drivers/STM32F0xx_HAL_Driver/Src/stm32f0xx_hal_flash_ex.c ****   /* Check the parameters */
 754:Drivers/STM32F0xx_HAL_Driver/Src/stm32f0xx_hal_flash_ex.c ****   assert_param(IS_OB_RDP_LEVEL(ReadProtectLevel));
 755:Drivers/STM32F0xx_HAL_Driver/Src/stm32f0xx_hal_flash_ex.c ****   
 756:Drivers/STM32F0xx_HAL_Driver/Src/stm32f0xx_hal_flash_ex.c ****   /* Wait for last operation to be completed */
 757:Drivers/STM32F0xx_HAL_Driver/Src/stm32f0xx_hal_flash_ex.c ****   status = FLASH_WaitForLastOperation((uint32_t)FLASH_TIMEOUT_VALUE);
 758:Drivers/STM32F0xx_HAL_Driver/Src/stm32f0xx_hal_flash_ex.c ****   
 759:Drivers/STM32F0xx_HAL_Driver/Src/stm32f0xx_hal_flash_ex.c ****   if(status == HAL_OK)
 760:Drivers/STM32F0xx_HAL_Driver/Src/stm32f0xx_hal_flash_ex.c ****   { 
 761:Drivers/STM32F0xx_HAL_Driver/Src/stm32f0xx_hal_flash_ex.c ****     /* Clean the error context */
 762:Drivers/STM32F0xx_HAL_Driver/Src/stm32f0xx_hal_flash_ex.c ****     pFlash.ErrorCode = HAL_FLASH_ERROR_NONE;
 763:Drivers/STM32F0xx_HAL_Driver/Src/stm32f0xx_hal_flash_ex.c ****     
 764:Drivers/STM32F0xx_HAL_Driver/Src/stm32f0xx_hal_flash_ex.c ****     /* If the previous operation is completed, proceed to erase the option bytes */
 765:Drivers/STM32F0xx_HAL_Driver/Src/stm32f0xx_hal_flash_ex.c ****     SET_BIT(FLASH->CR, FLASH_CR_OPTER);
 766:Drivers/STM32F0xx_HAL_Driver/Src/stm32f0xx_hal_flash_ex.c ****     SET_BIT(FLASH->CR, FLASH_CR_STRT);
 767:Drivers/STM32F0xx_HAL_Driver/Src/stm32f0xx_hal_flash_ex.c **** 
 768:Drivers/STM32F0xx_HAL_Driver/Src/stm32f0xx_hal_flash_ex.c ****     /* Wait for last operation to be completed */
 769:Drivers/STM32F0xx_HAL_Driver/Src/stm32f0xx_hal_flash_ex.c ****     status = FLASH_WaitForLastOperation((uint32_t)FLASH_TIMEOUT_VALUE);
 770:Drivers/STM32F0xx_HAL_Driver/Src/stm32f0xx_hal_flash_ex.c **** 
 771:Drivers/STM32F0xx_HAL_Driver/Src/stm32f0xx_hal_flash_ex.c ****     /* If the erase operation is completed, disable the OPTER Bit */
 772:Drivers/STM32F0xx_HAL_Driver/Src/stm32f0xx_hal_flash_ex.c ****     CLEAR_BIT(FLASH->CR, FLASH_CR_OPTER);
 773:Drivers/STM32F0xx_HAL_Driver/Src/stm32f0xx_hal_flash_ex.c **** 
 774:Drivers/STM32F0xx_HAL_Driver/Src/stm32f0xx_hal_flash_ex.c ****     if(status == HAL_OK)
 775:Drivers/STM32F0xx_HAL_Driver/Src/stm32f0xx_hal_flash_ex.c ****     {
 776:Drivers/STM32F0xx_HAL_Driver/Src/stm32f0xx_hal_flash_ex.c ****       /* Enable the Option Bytes Programming operation */
 777:Drivers/STM32F0xx_HAL_Driver/Src/stm32f0xx_hal_flash_ex.c ****       SET_BIT(FLASH->CR, FLASH_CR_OPTPG);
 778:Drivers/STM32F0xx_HAL_Driver/Src/stm32f0xx_hal_flash_ex.c ****       
 779:Drivers/STM32F0xx_HAL_Driver/Src/stm32f0xx_hal_flash_ex.c ****       WRITE_REG(OB->RDP, ReadProtectLevel);
 780:Drivers/STM32F0xx_HAL_Driver/Src/stm32f0xx_hal_flash_ex.c ****       
 781:Drivers/STM32F0xx_HAL_Driver/Src/stm32f0xx_hal_flash_ex.c ****       /* Wait for last operation to be completed */
 782:Drivers/STM32F0xx_HAL_Driver/Src/stm32f0xx_hal_flash_ex.c ****       status = FLASH_WaitForLastOperation((uint32_t)FLASH_TIMEOUT_VALUE); 
 783:Drivers/STM32F0xx_HAL_Driver/Src/stm32f0xx_hal_flash_ex.c ****       
 784:Drivers/STM32F0xx_HAL_Driver/Src/stm32f0xx_hal_flash_ex.c ****       /* if the program operation is completed, disable the OPTPG Bit */
 785:Drivers/STM32F0xx_HAL_Driver/Src/stm32f0xx_hal_flash_ex.c ****       CLEAR_BIT(FLASH->CR, FLASH_CR_OPTPG);
 786:Drivers/STM32F0xx_HAL_Driver/Src/stm32f0xx_hal_flash_ex.c ****     }
 787:Drivers/STM32F0xx_HAL_Driver/Src/stm32f0xx_hal_flash_ex.c ****   }
 788:Drivers/STM32F0xx_HAL_Driver/Src/stm32f0xx_hal_flash_ex.c ****   
 789:Drivers/STM32F0xx_HAL_Driver/Src/stm32f0xx_hal_flash_ex.c ****   return status;
 790:Drivers/STM32F0xx_HAL_Driver/Src/stm32f0xx_hal_flash_ex.c **** }
 791:Drivers/STM32F0xx_HAL_Driver/Src/stm32f0xx_hal_flash_ex.c **** 
 792:Drivers/STM32F0xx_HAL_Driver/Src/stm32f0xx_hal_flash_ex.c **** /**
 793:Drivers/STM32F0xx_HAL_Driver/Src/stm32f0xx_hal_flash_ex.c ****   * @brief  Program the FLASH User Option Byte.    
 794:Drivers/STM32F0xx_HAL_Driver/Src/stm32f0xx_hal_flash_ex.c ****   * @note   Programming of the OB should be performed only after an erase (otherwise PGERR occurs)
 795:Drivers/STM32F0xx_HAL_Driver/Src/stm32f0xx_hal_flash_ex.c ****   * @param  UserConfig The FLASH User Option Bytes values: IWDG_SW(Bit0), RST_STOP(Bit1), RST_STDBY
 796:Drivers/STM32F0xx_HAL_Driver/Src/stm32f0xx_hal_flash_ex.c ****   *         VDDA_Analog_Monitoring(Bit5) and SRAM_Parity_Enable(Bit6). 
 797:Drivers/STM32F0xx_HAL_Driver/Src/stm32f0xx_hal_flash_ex.c ****   *         For few devices, following option bytes are available: nBOOT0(Bit3) & BOOT_SEL(Bit7).
 798:Drivers/STM32F0xx_HAL_Driver/Src/stm32f0xx_hal_flash_ex.c ****   * @retval HAL status
ARM GAS  C:\Users\joshr\AppData\Local\Temp\ccxDAWix.s 			page 17


 799:Drivers/STM32F0xx_HAL_Driver/Src/stm32f0xx_hal_flash_ex.c ****   */
 800:Drivers/STM32F0xx_HAL_Driver/Src/stm32f0xx_hal_flash_ex.c **** static HAL_StatusTypeDef FLASH_OB_UserConfig(uint8_t UserConfig)
 801:Drivers/STM32F0xx_HAL_Driver/Src/stm32f0xx_hal_flash_ex.c **** {
 802:Drivers/STM32F0xx_HAL_Driver/Src/stm32f0xx_hal_flash_ex.c ****   HAL_StatusTypeDef status = HAL_OK;
 803:Drivers/STM32F0xx_HAL_Driver/Src/stm32f0xx_hal_flash_ex.c **** 
 804:Drivers/STM32F0xx_HAL_Driver/Src/stm32f0xx_hal_flash_ex.c ****   /* Check the parameters */
 805:Drivers/STM32F0xx_HAL_Driver/Src/stm32f0xx_hal_flash_ex.c ****   assert_param(IS_OB_IWDG_SOURCE((UserConfig&OB_IWDG_SW)));
 806:Drivers/STM32F0xx_HAL_Driver/Src/stm32f0xx_hal_flash_ex.c ****   assert_param(IS_OB_STOP_SOURCE((UserConfig&OB_STOP_NO_RST)));
 807:Drivers/STM32F0xx_HAL_Driver/Src/stm32f0xx_hal_flash_ex.c ****   assert_param(IS_OB_STDBY_SOURCE((UserConfig&OB_STDBY_NO_RST)));
 808:Drivers/STM32F0xx_HAL_Driver/Src/stm32f0xx_hal_flash_ex.c ****   assert_param(IS_OB_BOOT1((UserConfig&OB_BOOT1_SET)));
 809:Drivers/STM32F0xx_HAL_Driver/Src/stm32f0xx_hal_flash_ex.c ****   assert_param(IS_OB_VDDA_ANALOG((UserConfig&OB_VDDA_ANALOG_ON)));
 810:Drivers/STM32F0xx_HAL_Driver/Src/stm32f0xx_hal_flash_ex.c ****   assert_param(IS_OB_SRAM_PARITY((UserConfig&OB_SRAM_PARITY_RESET)));
 811:Drivers/STM32F0xx_HAL_Driver/Src/stm32f0xx_hal_flash_ex.c **** #if defined(FLASH_OBR_BOOT_SEL)
 812:Drivers/STM32F0xx_HAL_Driver/Src/stm32f0xx_hal_flash_ex.c ****   assert_param(IS_OB_BOOT_SEL((UserConfig&OB_BOOT_SEL_SET)));
 813:Drivers/STM32F0xx_HAL_Driver/Src/stm32f0xx_hal_flash_ex.c ****   assert_param(IS_OB_BOOT0((UserConfig&OB_BOOT0_SET)));
 814:Drivers/STM32F0xx_HAL_Driver/Src/stm32f0xx_hal_flash_ex.c **** #endif /* FLASH_OBR_BOOT_SEL */
 815:Drivers/STM32F0xx_HAL_Driver/Src/stm32f0xx_hal_flash_ex.c **** 
 816:Drivers/STM32F0xx_HAL_Driver/Src/stm32f0xx_hal_flash_ex.c ****   /* Wait for last operation to be completed */
 817:Drivers/STM32F0xx_HAL_Driver/Src/stm32f0xx_hal_flash_ex.c ****   status = FLASH_WaitForLastOperation((uint32_t)FLASH_TIMEOUT_VALUE);
 818:Drivers/STM32F0xx_HAL_Driver/Src/stm32f0xx_hal_flash_ex.c ****   
 819:Drivers/STM32F0xx_HAL_Driver/Src/stm32f0xx_hal_flash_ex.c ****   if(status == HAL_OK)
 820:Drivers/STM32F0xx_HAL_Driver/Src/stm32f0xx_hal_flash_ex.c ****   {     
 821:Drivers/STM32F0xx_HAL_Driver/Src/stm32f0xx_hal_flash_ex.c ****     /* Clean the error context */
 822:Drivers/STM32F0xx_HAL_Driver/Src/stm32f0xx_hal_flash_ex.c ****     pFlash.ErrorCode = HAL_FLASH_ERROR_NONE;
 823:Drivers/STM32F0xx_HAL_Driver/Src/stm32f0xx_hal_flash_ex.c **** 
 824:Drivers/STM32F0xx_HAL_Driver/Src/stm32f0xx_hal_flash_ex.c ****     /* Enable the Option Bytes Programming operation */
 825:Drivers/STM32F0xx_HAL_Driver/Src/stm32f0xx_hal_flash_ex.c ****     SET_BIT(FLASH->CR, FLASH_CR_OPTPG); 
 826:Drivers/STM32F0xx_HAL_Driver/Src/stm32f0xx_hal_flash_ex.c ****  
 827:Drivers/STM32F0xx_HAL_Driver/Src/stm32f0xx_hal_flash_ex.c **** #if defined(FLASH_OBR_BOOT_SEL)
 828:Drivers/STM32F0xx_HAL_Driver/Src/stm32f0xx_hal_flash_ex.c ****     OB->USER = UserConfig;
 829:Drivers/STM32F0xx_HAL_Driver/Src/stm32f0xx_hal_flash_ex.c **** #else
 830:Drivers/STM32F0xx_HAL_Driver/Src/stm32f0xx_hal_flash_ex.c ****     OB->USER = (UserConfig | 0x88U);
 831:Drivers/STM32F0xx_HAL_Driver/Src/stm32f0xx_hal_flash_ex.c **** #endif
 832:Drivers/STM32F0xx_HAL_Driver/Src/stm32f0xx_hal_flash_ex.c **** 
 833:Drivers/STM32F0xx_HAL_Driver/Src/stm32f0xx_hal_flash_ex.c ****     /* Wait for last operation to be completed */
 834:Drivers/STM32F0xx_HAL_Driver/Src/stm32f0xx_hal_flash_ex.c ****     status = FLASH_WaitForLastOperation((uint32_t)FLASH_TIMEOUT_VALUE);
 835:Drivers/STM32F0xx_HAL_Driver/Src/stm32f0xx_hal_flash_ex.c **** 
 836:Drivers/STM32F0xx_HAL_Driver/Src/stm32f0xx_hal_flash_ex.c ****     /* if the program operation is completed, disable the OPTPG Bit */
 837:Drivers/STM32F0xx_HAL_Driver/Src/stm32f0xx_hal_flash_ex.c ****     CLEAR_BIT(FLASH->CR, FLASH_CR_OPTPG);
 838:Drivers/STM32F0xx_HAL_Driver/Src/stm32f0xx_hal_flash_ex.c ****   }
 839:Drivers/STM32F0xx_HAL_Driver/Src/stm32f0xx_hal_flash_ex.c ****   
 840:Drivers/STM32F0xx_HAL_Driver/Src/stm32f0xx_hal_flash_ex.c ****   return status; 
 841:Drivers/STM32F0xx_HAL_Driver/Src/stm32f0xx_hal_flash_ex.c **** }
 842:Drivers/STM32F0xx_HAL_Driver/Src/stm32f0xx_hal_flash_ex.c **** 
 843:Drivers/STM32F0xx_HAL_Driver/Src/stm32f0xx_hal_flash_ex.c **** /**
 844:Drivers/STM32F0xx_HAL_Driver/Src/stm32f0xx_hal_flash_ex.c ****   * @brief  Programs a half word at a specified Option Byte Data address.
 845:Drivers/STM32F0xx_HAL_Driver/Src/stm32f0xx_hal_flash_ex.c ****   * @note   The function @ref HAL_FLASH_Unlock() should be called before to unlock the FLASH interf
 846:Drivers/STM32F0xx_HAL_Driver/Src/stm32f0xx_hal_flash_ex.c ****   *         The function @ref HAL_FLASH_OB_Unlock() should be called before to unlock the options b
 847:Drivers/STM32F0xx_HAL_Driver/Src/stm32f0xx_hal_flash_ex.c ****   *         The function @ref HAL_FLASH_OB_Launch() should be called after to force the reload of t
 848:Drivers/STM32F0xx_HAL_Driver/Src/stm32f0xx_hal_flash_ex.c ****   *         (system reset will occur)
 849:Drivers/STM32F0xx_HAL_Driver/Src/stm32f0xx_hal_flash_ex.c ****   *         Programming of the OB should be performed only after an erase (otherwise PGERR occurs)
 850:Drivers/STM32F0xx_HAL_Driver/Src/stm32f0xx_hal_flash_ex.c ****   * @param  Address specifies the address to be programmed.
 851:Drivers/STM32F0xx_HAL_Driver/Src/stm32f0xx_hal_flash_ex.c ****   *         This parameter can be 0x1FFFF804 or 0x1FFFF806. 
 852:Drivers/STM32F0xx_HAL_Driver/Src/stm32f0xx_hal_flash_ex.c ****   * @param  Data specifies the data to be programmed.
 853:Drivers/STM32F0xx_HAL_Driver/Src/stm32f0xx_hal_flash_ex.c ****   * @retval HAL status
 854:Drivers/STM32F0xx_HAL_Driver/Src/stm32f0xx_hal_flash_ex.c ****   */
 855:Drivers/STM32F0xx_HAL_Driver/Src/stm32f0xx_hal_flash_ex.c **** static HAL_StatusTypeDef FLASH_OB_ProgramData(uint32_t Address, uint8_t Data)
ARM GAS  C:\Users\joshr\AppData\Local\Temp\ccxDAWix.s 			page 18


 856:Drivers/STM32F0xx_HAL_Driver/Src/stm32f0xx_hal_flash_ex.c **** {
 857:Drivers/STM32F0xx_HAL_Driver/Src/stm32f0xx_hal_flash_ex.c ****   HAL_StatusTypeDef status = HAL_ERROR;
 858:Drivers/STM32F0xx_HAL_Driver/Src/stm32f0xx_hal_flash_ex.c ****   
 859:Drivers/STM32F0xx_HAL_Driver/Src/stm32f0xx_hal_flash_ex.c ****   /* Check the parameters */
 860:Drivers/STM32F0xx_HAL_Driver/Src/stm32f0xx_hal_flash_ex.c ****   assert_param(IS_OB_DATA_ADDRESS(Address));
 861:Drivers/STM32F0xx_HAL_Driver/Src/stm32f0xx_hal_flash_ex.c ****   
 862:Drivers/STM32F0xx_HAL_Driver/Src/stm32f0xx_hal_flash_ex.c ****   /* Wait for last operation to be completed */
 863:Drivers/STM32F0xx_HAL_Driver/Src/stm32f0xx_hal_flash_ex.c ****   status = FLASH_WaitForLastOperation((uint32_t)FLASH_TIMEOUT_VALUE);
 864:Drivers/STM32F0xx_HAL_Driver/Src/stm32f0xx_hal_flash_ex.c ****   
 865:Drivers/STM32F0xx_HAL_Driver/Src/stm32f0xx_hal_flash_ex.c ****   if(status == HAL_OK)
 866:Drivers/STM32F0xx_HAL_Driver/Src/stm32f0xx_hal_flash_ex.c ****   {
 867:Drivers/STM32F0xx_HAL_Driver/Src/stm32f0xx_hal_flash_ex.c ****     /* Clean the error context */
 868:Drivers/STM32F0xx_HAL_Driver/Src/stm32f0xx_hal_flash_ex.c ****     pFlash.ErrorCode = HAL_FLASH_ERROR_NONE;
 869:Drivers/STM32F0xx_HAL_Driver/Src/stm32f0xx_hal_flash_ex.c **** 
 870:Drivers/STM32F0xx_HAL_Driver/Src/stm32f0xx_hal_flash_ex.c ****     /* Enables the Option Bytes Programming operation */
 871:Drivers/STM32F0xx_HAL_Driver/Src/stm32f0xx_hal_flash_ex.c ****     SET_BIT(FLASH->CR, FLASH_CR_OPTPG); 
 872:Drivers/STM32F0xx_HAL_Driver/Src/stm32f0xx_hal_flash_ex.c ****     *(__IO uint16_t*)Address = Data;
 873:Drivers/STM32F0xx_HAL_Driver/Src/stm32f0xx_hal_flash_ex.c ****     
 874:Drivers/STM32F0xx_HAL_Driver/Src/stm32f0xx_hal_flash_ex.c ****     /* Wait for last operation to be completed */
 875:Drivers/STM32F0xx_HAL_Driver/Src/stm32f0xx_hal_flash_ex.c ****     status = FLASH_WaitForLastOperation((uint32_t)FLASH_TIMEOUT_VALUE);
 876:Drivers/STM32F0xx_HAL_Driver/Src/stm32f0xx_hal_flash_ex.c ****     
 877:Drivers/STM32F0xx_HAL_Driver/Src/stm32f0xx_hal_flash_ex.c ****     /* If the program operation is completed, disable the OPTPG Bit */
 878:Drivers/STM32F0xx_HAL_Driver/Src/stm32f0xx_hal_flash_ex.c ****     CLEAR_BIT(FLASH->CR, FLASH_CR_OPTPG);
 879:Drivers/STM32F0xx_HAL_Driver/Src/stm32f0xx_hal_flash_ex.c ****   }
 880:Drivers/STM32F0xx_HAL_Driver/Src/stm32f0xx_hal_flash_ex.c ****   /* Return the Option Byte Data Program Status */
 881:Drivers/STM32F0xx_HAL_Driver/Src/stm32f0xx_hal_flash_ex.c ****   return status;
 882:Drivers/STM32F0xx_HAL_Driver/Src/stm32f0xx_hal_flash_ex.c **** }
 883:Drivers/STM32F0xx_HAL_Driver/Src/stm32f0xx_hal_flash_ex.c **** 
 884:Drivers/STM32F0xx_HAL_Driver/Src/stm32f0xx_hal_flash_ex.c **** /**
 885:Drivers/STM32F0xx_HAL_Driver/Src/stm32f0xx_hal_flash_ex.c ****   * @brief  Return the FLASH Write Protection Option Bytes value.
 886:Drivers/STM32F0xx_HAL_Driver/Src/stm32f0xx_hal_flash_ex.c ****   * @retval The FLASH Write Protection Option Bytes value
 887:Drivers/STM32F0xx_HAL_Driver/Src/stm32f0xx_hal_flash_ex.c ****   */
 888:Drivers/STM32F0xx_HAL_Driver/Src/stm32f0xx_hal_flash_ex.c **** static uint32_t FLASH_OB_GetWRP(void)
 889:Drivers/STM32F0xx_HAL_Driver/Src/stm32f0xx_hal_flash_ex.c **** {
 890:Drivers/STM32F0xx_HAL_Driver/Src/stm32f0xx_hal_flash_ex.c ****   /* Return the FLASH write protection Register value */
 891:Drivers/STM32F0xx_HAL_Driver/Src/stm32f0xx_hal_flash_ex.c ****   return (uint32_t)(READ_REG(FLASH->WRPR));
 892:Drivers/STM32F0xx_HAL_Driver/Src/stm32f0xx_hal_flash_ex.c **** }
 893:Drivers/STM32F0xx_HAL_Driver/Src/stm32f0xx_hal_flash_ex.c **** 
 894:Drivers/STM32F0xx_HAL_Driver/Src/stm32f0xx_hal_flash_ex.c **** /**
 895:Drivers/STM32F0xx_HAL_Driver/Src/stm32f0xx_hal_flash_ex.c ****   * @brief  Returns the FLASH Read Protection level.
 896:Drivers/STM32F0xx_HAL_Driver/Src/stm32f0xx_hal_flash_ex.c ****   * @retval FLASH RDP level
 897:Drivers/STM32F0xx_HAL_Driver/Src/stm32f0xx_hal_flash_ex.c ****   *         This parameter can be one of the following values:
 898:Drivers/STM32F0xx_HAL_Driver/Src/stm32f0xx_hal_flash_ex.c ****   *            @arg @ref OB_RDP_LEVEL_0 No protection
 899:Drivers/STM32F0xx_HAL_Driver/Src/stm32f0xx_hal_flash_ex.c ****   *            @arg @ref OB_RDP_LEVEL_1 Read protection of the memory
 900:Drivers/STM32F0xx_HAL_Driver/Src/stm32f0xx_hal_flash_ex.c ****   *            @arg @ref OB_RDP_LEVEL_2 Full chip protection
 901:Drivers/STM32F0xx_HAL_Driver/Src/stm32f0xx_hal_flash_ex.c ****   */
 902:Drivers/STM32F0xx_HAL_Driver/Src/stm32f0xx_hal_flash_ex.c **** static uint32_t FLASH_OB_GetRDP(void)
 903:Drivers/STM32F0xx_HAL_Driver/Src/stm32f0xx_hal_flash_ex.c **** {
 904:Drivers/STM32F0xx_HAL_Driver/Src/stm32f0xx_hal_flash_ex.c ****   uint32_t tmp_reg;
 905:Drivers/STM32F0xx_HAL_Driver/Src/stm32f0xx_hal_flash_ex.c ****   
 906:Drivers/STM32F0xx_HAL_Driver/Src/stm32f0xx_hal_flash_ex.c ****   /* Read RDP level bits */
 907:Drivers/STM32F0xx_HAL_Driver/Src/stm32f0xx_hal_flash_ex.c ****   tmp_reg = READ_BIT(FLASH->OBR, (FLASH_OBR_RDPRT1 | FLASH_OBR_RDPRT2));
 908:Drivers/STM32F0xx_HAL_Driver/Src/stm32f0xx_hal_flash_ex.c **** 
 909:Drivers/STM32F0xx_HAL_Driver/Src/stm32f0xx_hal_flash_ex.c ****   if (tmp_reg == 0U)
 910:Drivers/STM32F0xx_HAL_Driver/Src/stm32f0xx_hal_flash_ex.c ****   {
 911:Drivers/STM32F0xx_HAL_Driver/Src/stm32f0xx_hal_flash_ex.c ****     return OB_RDP_LEVEL_0;
 912:Drivers/STM32F0xx_HAL_Driver/Src/stm32f0xx_hal_flash_ex.c ****   }
ARM GAS  C:\Users\joshr\AppData\Local\Temp\ccxDAWix.s 			page 19


 913:Drivers/STM32F0xx_HAL_Driver/Src/stm32f0xx_hal_flash_ex.c ****   else if ((tmp_reg & FLASH_OBR_RDPRT2) == FLASH_OBR_RDPRT2)
 914:Drivers/STM32F0xx_HAL_Driver/Src/stm32f0xx_hal_flash_ex.c ****   {
 915:Drivers/STM32F0xx_HAL_Driver/Src/stm32f0xx_hal_flash_ex.c ****     return OB_RDP_LEVEL_2;
 916:Drivers/STM32F0xx_HAL_Driver/Src/stm32f0xx_hal_flash_ex.c ****   }
 917:Drivers/STM32F0xx_HAL_Driver/Src/stm32f0xx_hal_flash_ex.c ****   else 
 918:Drivers/STM32F0xx_HAL_Driver/Src/stm32f0xx_hal_flash_ex.c ****   {
 919:Drivers/STM32F0xx_HAL_Driver/Src/stm32f0xx_hal_flash_ex.c ****     return OB_RDP_LEVEL_1;
 920:Drivers/STM32F0xx_HAL_Driver/Src/stm32f0xx_hal_flash_ex.c ****   }
 921:Drivers/STM32F0xx_HAL_Driver/Src/stm32f0xx_hal_flash_ex.c **** }
 922:Drivers/STM32F0xx_HAL_Driver/Src/stm32f0xx_hal_flash_ex.c **** 
 923:Drivers/STM32F0xx_HAL_Driver/Src/stm32f0xx_hal_flash_ex.c **** /**
 924:Drivers/STM32F0xx_HAL_Driver/Src/stm32f0xx_hal_flash_ex.c ****   * @brief  Return the FLASH User Option Byte value.
 925:Drivers/STM32F0xx_HAL_Driver/Src/stm32f0xx_hal_flash_ex.c ****   * @retval  The FLASH User Option Bytes values: IWDG_SW(Bit0), RST_STOP(Bit1), RST_STDBY(Bit2), nB
 926:Drivers/STM32F0xx_HAL_Driver/Src/stm32f0xx_hal_flash_ex.c ****   *         VDDA_Analog_Monitoring(Bit5) and SRAM_Parity_Enable(Bit6). 
 927:Drivers/STM32F0xx_HAL_Driver/Src/stm32f0xx_hal_flash_ex.c ****   *         For few devices, following option bytes are available: nBOOT0(Bit3) & BOOT_SEL(Bit7).
 928:Drivers/STM32F0xx_HAL_Driver/Src/stm32f0xx_hal_flash_ex.c ****   */
 929:Drivers/STM32F0xx_HAL_Driver/Src/stm32f0xx_hal_flash_ex.c **** static uint8_t FLASH_OB_GetUser(void)
 930:Drivers/STM32F0xx_HAL_Driver/Src/stm32f0xx_hal_flash_ex.c **** {
 931:Drivers/STM32F0xx_HAL_Driver/Src/stm32f0xx_hal_flash_ex.c ****   /* Return the User Option Byte */
 932:Drivers/STM32F0xx_HAL_Driver/Src/stm32f0xx_hal_flash_ex.c ****   return (uint8_t)((READ_REG(FLASH->OBR) & FLASH_OBR_USER) >> FLASH_POSITION_IWDGSW_BIT);
 933:Drivers/STM32F0xx_HAL_Driver/Src/stm32f0xx_hal_flash_ex.c **** }
 934:Drivers/STM32F0xx_HAL_Driver/Src/stm32f0xx_hal_flash_ex.c **** 
 935:Drivers/STM32F0xx_HAL_Driver/Src/stm32f0xx_hal_flash_ex.c **** /**
 936:Drivers/STM32F0xx_HAL_Driver/Src/stm32f0xx_hal_flash_ex.c ****   * @}
 937:Drivers/STM32F0xx_HAL_Driver/Src/stm32f0xx_hal_flash_ex.c ****   */
 938:Drivers/STM32F0xx_HAL_Driver/Src/stm32f0xx_hal_flash_ex.c **** 
 939:Drivers/STM32F0xx_HAL_Driver/Src/stm32f0xx_hal_flash_ex.c **** /**
 940:Drivers/STM32F0xx_HAL_Driver/Src/stm32f0xx_hal_flash_ex.c ****   * @}
 941:Drivers/STM32F0xx_HAL_Driver/Src/stm32f0xx_hal_flash_ex.c ****   */
 942:Drivers/STM32F0xx_HAL_Driver/Src/stm32f0xx_hal_flash_ex.c **** 
 943:Drivers/STM32F0xx_HAL_Driver/Src/stm32f0xx_hal_flash_ex.c **** /** @addtogroup FLASH
 944:Drivers/STM32F0xx_HAL_Driver/Src/stm32f0xx_hal_flash_ex.c ****   * @{
 945:Drivers/STM32F0xx_HAL_Driver/Src/stm32f0xx_hal_flash_ex.c ****   */
 946:Drivers/STM32F0xx_HAL_Driver/Src/stm32f0xx_hal_flash_ex.c **** 
 947:Drivers/STM32F0xx_HAL_Driver/Src/stm32f0xx_hal_flash_ex.c **** /** @addtogroup FLASH_Private_Functions
 948:Drivers/STM32F0xx_HAL_Driver/Src/stm32f0xx_hal_flash_ex.c ****  * @{
 949:Drivers/STM32F0xx_HAL_Driver/Src/stm32f0xx_hal_flash_ex.c ****  */
 950:Drivers/STM32F0xx_HAL_Driver/Src/stm32f0xx_hal_flash_ex.c **** 
 951:Drivers/STM32F0xx_HAL_Driver/Src/stm32f0xx_hal_flash_ex.c **** /**
 952:Drivers/STM32F0xx_HAL_Driver/Src/stm32f0xx_hal_flash_ex.c ****   * @brief  Erase the specified FLASH memory page
 953:Drivers/STM32F0xx_HAL_Driver/Src/stm32f0xx_hal_flash_ex.c ****   * @param  PageAddress FLASH page to erase
 954:Drivers/STM32F0xx_HAL_Driver/Src/stm32f0xx_hal_flash_ex.c ****   *         The value of this parameter depend on device used within the same series      
 955:Drivers/STM32F0xx_HAL_Driver/Src/stm32f0xx_hal_flash_ex.c ****   * 
 956:Drivers/STM32F0xx_HAL_Driver/Src/stm32f0xx_hal_flash_ex.c ****   * @retval None
 957:Drivers/STM32F0xx_HAL_Driver/Src/stm32f0xx_hal_flash_ex.c ****   */
 958:Drivers/STM32F0xx_HAL_Driver/Src/stm32f0xx_hal_flash_ex.c **** void FLASH_PageErase(uint32_t PageAddress)
 959:Drivers/STM32F0xx_HAL_Driver/Src/stm32f0xx_hal_flash_ex.c **** {
 960:Drivers/STM32F0xx_HAL_Driver/Src/stm32f0xx_hal_flash_ex.c ****   /* Clean the error context */
 961:Drivers/STM32F0xx_HAL_Driver/Src/stm32f0xx_hal_flash_ex.c ****   pFlash.ErrorCode = HAL_FLASH_ERROR_NONE;
 111              		.loc 1 961 20 view .LVU32
 112 003e 0023     		movs	r3, #0
 962:Drivers/STM32F0xx_HAL_Driver/Src/stm32f0xx_hal_flash_ex.c **** 
 963:Drivers/STM32F0xx_HAL_Driver/Src/stm32f0xx_hal_flash_ex.c ****     /* Proceed to erase the page */
 964:Drivers/STM32F0xx_HAL_Driver/Src/stm32f0xx_hal_flash_ex.c ****     SET_BIT(FLASH->CR, FLASH_CR_PER);
 113              		.loc 1 964 5 view .LVU33
 114 0040 234C     		ldr	r4, .L13+8
 961:Drivers/STM32F0xx_HAL_Driver/Src/stm32f0xx_hal_flash_ex.c **** 
ARM GAS  C:\Users\joshr\AppData\Local\Temp\ccxDAWix.s 			page 20


 115              		.loc 1 961 20 view .LVU34
 116 0042 9946     		mov	r9, r3
 117 0044 09E0     		b	.L7
 118              	.LVL4:
 119              	.L6:
 961:Drivers/STM32F0xx_HAL_Driver/Src/stm32f0xx_hal_flash_ex.c **** 
 120              		.loc 1 961 20 view .LVU35
 121              	.LBE23:
 122              	.LBE22:
 201:Drivers/STM32F0xx_HAL_Driver/Src/stm32f0xx_hal_flash_ex.c ****             address += FLASH_PAGE_SIZE)
 123              		.loc 1 201 21 is_stmt 1 view .LVU36
 124 0046 8023     		movs	r3, #128
 125 0048 DB00     		lsls	r3, r3, #3
 126 004a 9C46     		mov	ip, r3
 200:Drivers/STM32F0xx_HAL_Driver/Src/stm32f0xx_hal_flash_ex.c ****             address += FLASH_PAGE_SIZE)
 127              		.loc 1 200 45 is_stmt 0 view .LVU37
 128 004c B368     		ldr	r3, [r6, #8]
 200:Drivers/STM32F0xx_HAL_Driver/Src/stm32f0xx_hal_flash_ex.c ****             address += FLASH_PAGE_SIZE)
 129              		.loc 1 200 64 view .LVU38
 130 004e 7268     		ldr	r2, [r6, #4]
 200:Drivers/STM32F0xx_HAL_Driver/Src/stm32f0xx_hal_flash_ex.c ****             address += FLASH_PAGE_SIZE)
 131              		.loc 1 200 45 view .LVU39
 132 0050 9B02     		lsls	r3, r3, #10
 201:Drivers/STM32F0xx_HAL_Driver/Src/stm32f0xx_hal_flash_ex.c ****         {
 133              		.loc 1 201 21 view .LVU40
 134 0052 6544     		add	r5, r5, ip
 135              	.LVL5:
 200:Drivers/STM32F0xx_HAL_Driver/Src/stm32f0xx_hal_flash_ex.c ****             address += FLASH_PAGE_SIZE)
 136              		.loc 1 200 21 is_stmt 1 view .LVU41
 200:Drivers/STM32F0xx_HAL_Driver/Src/stm32f0xx_hal_flash_ex.c ****             address += FLASH_PAGE_SIZE)
 137              		.loc 1 200 64 is_stmt 0 view .LVU42
 138 0054 9B18     		adds	r3, r3, r2
 200:Drivers/STM32F0xx_HAL_Driver/Src/stm32f0xx_hal_flash_ex.c ****             address += FLASH_PAGE_SIZE)
 139              		.loc 1 200 21 view .LVU43
 140 0056 AB42     		cmp	r3, r5
 141 0058 1CD9     		bls	.L5
 142              	.LVL6:
 143              	.L7:
 203:Drivers/STM32F0xx_HAL_Driver/Src/stm32f0xx_hal_flash_ex.c ****           
 144              		.loc 1 203 11 is_stmt 1 view .LVU44
 145              	.LBB26:
 146              	.LBI22:
 958:Drivers/STM32F0xx_HAL_Driver/Src/stm32f0xx_hal_flash_ex.c **** {
 147              		.loc 1 958 6 view .LVU45
 148              	.LBB24:
 961:Drivers/STM32F0xx_HAL_Driver/Src/stm32f0xx_hal_flash_ex.c **** 
 149              		.loc 1 961 3 view .LVU46
 150              		.loc 1 964 5 is_stmt 0 view .LVU47
 151 005a 0222     		movs	r2, #2
 961:Drivers/STM32F0xx_HAL_Driver/Src/stm32f0xx_hal_flash_ex.c **** 
 152              		.loc 1 961 20 view .LVU48
 153 005c 4B46     		mov	r3, r9
 154              		.loc 1 964 5 view .LVU49
 155 005e 9246     		mov	r10, r2
 961:Drivers/STM32F0xx_HAL_Driver/Src/stm32f0xx_hal_flash_ex.c **** 
 156              		.loc 1 961 20 view .LVU50
 157 0060 FB61     		str	r3, [r7, #28]
ARM GAS  C:\Users\joshr\AppData\Local\Temp\ccxDAWix.s 			page 21


 158              		.loc 1 964 5 is_stmt 1 view .LVU51
 159 0062 2369     		ldr	r3, [r4, #16]
 160              	.LBE24:
 161              	.LBE26:
 206:Drivers/STM32F0xx_HAL_Driver/Src/stm32f0xx_hal_flash_ex.c ****           
 162              		.loc 1 206 20 is_stmt 0 view .LVU52
 163 0064 1948     		ldr	r0, .L13+4
 164              	.LBB27:
 165              	.LBB25:
 166              		.loc 1 964 5 view .LVU53
 167 0066 1343     		orrs	r3, r2
 168 0068 2361     		str	r3, [r4, #16]
 965:Drivers/STM32F0xx_HAL_Driver/Src/stm32f0xx_hal_flash_ex.c ****     WRITE_REG(FLASH->AR, PageAddress);
 169              		.loc 1 965 5 is_stmt 1 view .LVU54
 170 006a 6561     		str	r5, [r4, #20]
 966:Drivers/STM32F0xx_HAL_Driver/Src/stm32f0xx_hal_flash_ex.c ****     SET_BIT(FLASH->CR, FLASH_CR_STRT);
 171              		.loc 1 966 5 view .LVU55
 172 006c 2369     		ldr	r3, [r4, #16]
 173 006e 3E32     		adds	r2, r2, #62
 174 0070 1343     		orrs	r3, r2
 175 0072 2361     		str	r3, [r4, #16]
 176              	.LVL7:
 177              		.loc 1 966 5 is_stmt 0 view .LVU56
 178              	.LBE25:
 179              	.LBE27:
 206:Drivers/STM32F0xx_HAL_Driver/Src/stm32f0xx_hal_flash_ex.c ****           
 180              		.loc 1 206 11 is_stmt 1 view .LVU57
 206:Drivers/STM32F0xx_HAL_Driver/Src/stm32f0xx_hal_flash_ex.c ****           
 181              		.loc 1 206 20 is_stmt 0 view .LVU58
 182 0074 FFF7FEFF 		bl	FLASH_WaitForLastOperation
 183              	.LVL8:
 209:Drivers/STM32F0xx_HAL_Driver/Src/stm32f0xx_hal_flash_ex.c ****           
 184              		.loc 1 209 11 is_stmt 1 view .LVU59
 185 0078 5246     		mov	r2, r10
 186 007a 2369     		ldr	r3, [r4, #16]
 187 007c 9343     		bics	r3, r2
 188 007e 2361     		str	r3, [r4, #16]
 211:Drivers/STM32F0xx_HAL_Driver/Src/stm32f0xx_hal_flash_ex.c ****           {
 189              		.loc 1 211 11 view .LVU60
 211:Drivers/STM32F0xx_HAL_Driver/Src/stm32f0xx_hal_flash_ex.c ****           {
 190              		.loc 1 211 14 is_stmt 0 view .LVU61
 191 0080 0028     		cmp	r0, #0
 192 0082 E0D0     		beq	.L6
 214:Drivers/STM32F0xx_HAL_Driver/Src/stm32f0xx_hal_flash_ex.c ****             break;
 193              		.loc 1 214 13 is_stmt 1 view .LVU62
 214:Drivers/STM32F0xx_HAL_Driver/Src/stm32f0xx_hal_flash_ex.c ****             break;
 194              		.loc 1 214 24 is_stmt 0 view .LVU63
 195 0084 4346     		mov	r3, r8
 196 0086 1D60     		str	r5, [r3]
 215:Drivers/STM32F0xx_HAL_Driver/Src/stm32f0xx_hal_flash_ex.c ****           }
 197              		.loc 1 215 13 is_stmt 1 view .LVU64
 198 0088 04E0     		b	.L5
 199              	.LVL9:
 200              	.L11:
 172:Drivers/STM32F0xx_HAL_Driver/Src/stm32f0xx_hal_flash_ex.c ****       {
 201              		.loc 1 172 7 view .LVU65
 172:Drivers/STM32F0xx_HAL_Driver/Src/stm32f0xx_hal_flash_ex.c ****       {
ARM GAS  C:\Users\joshr\AppData\Local\Temp\ccxDAWix.s 			page 22


 202              		.loc 1 172 11 is_stmt 0 view .LVU66
 203 008a FFF7FEFF 		bl	FLASH_WaitForLastOperation
 204              	.LVL10:
 172:Drivers/STM32F0xx_HAL_Driver/Src/stm32f0xx_hal_flash_ex.c ****       {
 205              		.loc 1 172 10 discriminator 1 view .LVU67
 206 008e 0028     		cmp	r0, #0
 207 0090 07D0     		beq	.L12
 208              	.LVL11:
 209              	.L4:
 159:Drivers/STM32F0xx_HAL_Driver/Src/stm32f0xx_hal_flash_ex.c ****   uint32_t address = 0U;
 210              		.loc 1 159 21 view .LVU68
 211 0092 0120     		movs	r0, #1
 212              	.LVL12:
 213              	.L5:
 222:Drivers/STM32F0xx_HAL_Driver/Src/stm32f0xx_hal_flash_ex.c **** 
 214              		.loc 1 222 3 is_stmt 1 view .LVU69
 222:Drivers/STM32F0xx_HAL_Driver/Src/stm32f0xx_hal_flash_ex.c **** 
 215              		.loc 1 222 3 view .LVU70
 216 0094 0023     		movs	r3, #0
 217 0096 3B76     		strb	r3, [r7, #24]
 222:Drivers/STM32F0xx_HAL_Driver/Src/stm32f0xx_hal_flash_ex.c **** 
 218              		.loc 1 222 3 view .LVU71
 224:Drivers/STM32F0xx_HAL_Driver/Src/stm32f0xx_hal_flash_ex.c **** }
 219              		.loc 1 224 3 view .LVU72
 220              	.LVL13:
 221              	.L2:
 225:Drivers/STM32F0xx_HAL_Driver/Src/stm32f0xx_hal_flash_ex.c **** 
 222              		.loc 1 225 1 is_stmt 0 view .LVU73
 223              		@ sp needed
 224              	.LVL14:
 225              	.LVL15:
 225:Drivers/STM32F0xx_HAL_Driver/Src/stm32f0xx_hal_flash_ex.c **** 
 226              		.loc 1 225 1 view .LVU74
 227 0098 E0BC     		pop	{r5, r6, r7}
 228 009a BA46     		mov	r10, r7
 229 009c B146     		mov	r9, r6
 230 009e A846     		mov	r8, r5
 231 00a0 F0BD     		pop	{r4, r5, r6, r7, pc}
 232              	.LVL16:
 233              	.L12:
 175:Drivers/STM32F0xx_HAL_Driver/Src/stm32f0xx_hal_flash_ex.c ****         
 234              		.loc 1 175 9 is_stmt 1 view .LVU75
 235              	.LBB28:
 236              	.LBI28:
 498:Drivers/STM32F0xx_HAL_Driver/Src/stm32f0xx_hal_flash_ex.c **** {
 237              		.loc 1 498 13 view .LVU76
 238              	.LBB29:
 501:Drivers/STM32F0xx_HAL_Driver/Src/stm32f0xx_hal_flash_ex.c **** 
 239              		.loc 1 501 3 view .LVU77
 504:Drivers/STM32F0xx_HAL_Driver/Src/stm32f0xx_hal_flash_ex.c ****     SET_BIT(FLASH->CR, FLASH_CR_STRT);
 240              		.loc 1 504 5 is_stmt 0 view .LVU78
 241 00a2 0425     		movs	r5, #4
 505:Drivers/STM32F0xx_HAL_Driver/Src/stm32f0xx_hal_flash_ex.c **** }
 242              		.loc 1 505 5 view .LVU79
 243 00a4 4022     		movs	r2, #64
 504:Drivers/STM32F0xx_HAL_Driver/Src/stm32f0xx_hal_flash_ex.c ****     SET_BIT(FLASH->CR, FLASH_CR_STRT);
 244              		.loc 1 504 5 view .LVU80
ARM GAS  C:\Users\joshr\AppData\Local\Temp\ccxDAWix.s 			page 23


 245 00a6 0A4C     		ldr	r4, .L13+8
 501:Drivers/STM32F0xx_HAL_Driver/Src/stm32f0xx_hal_flash_ex.c **** 
 246              		.loc 1 501 20 view .LVU81
 247 00a8 F861     		str	r0, [r7, #28]
 504:Drivers/STM32F0xx_HAL_Driver/Src/stm32f0xx_hal_flash_ex.c ****     SET_BIT(FLASH->CR, FLASH_CR_STRT);
 248              		.loc 1 504 5 is_stmt 1 view .LVU82
 249 00aa 2369     		ldr	r3, [r4, #16]
 250              	.LBE29:
 251              	.LBE28:
 178:Drivers/STM32F0xx_HAL_Driver/Src/stm32f0xx_hal_flash_ex.c ****         
 252              		.loc 1 178 18 is_stmt 0 view .LVU83
 253 00ac 0748     		ldr	r0, .L13+4
 254              	.LBB31:
 255              	.LBB30:
 504:Drivers/STM32F0xx_HAL_Driver/Src/stm32f0xx_hal_flash_ex.c ****     SET_BIT(FLASH->CR, FLASH_CR_STRT);
 256              		.loc 1 504 5 view .LVU84
 257 00ae 2B43     		orrs	r3, r5
 258 00b0 2361     		str	r3, [r4, #16]
 505:Drivers/STM32F0xx_HAL_Driver/Src/stm32f0xx_hal_flash_ex.c **** }
 259              		.loc 1 505 5 is_stmt 1 view .LVU85
 260 00b2 2369     		ldr	r3, [r4, #16]
 261 00b4 1343     		orrs	r3, r2
 262 00b6 2361     		str	r3, [r4, #16]
 263              	.LBE30:
 264              	.LBE31:
 178:Drivers/STM32F0xx_HAL_Driver/Src/stm32f0xx_hal_flash_ex.c ****         
 265              		.loc 1 178 9 view .LVU86
 178:Drivers/STM32F0xx_HAL_Driver/Src/stm32f0xx_hal_flash_ex.c ****         
 266              		.loc 1 178 18 is_stmt 0 view .LVU87
 267 00b8 FFF7FEFF 		bl	FLASH_WaitForLastOperation
 268              	.LVL17:
 181:Drivers/STM32F0xx_HAL_Driver/Src/stm32f0xx_hal_flash_ex.c ****       }
 269              		.loc 1 181 9 is_stmt 1 view .LVU88
 270 00bc 2369     		ldr	r3, [r4, #16]
 271 00be AB43     		bics	r3, r5
 272 00c0 2361     		str	r3, [r4, #16]
 273 00c2 E7E7     		b	.L5
 274              	.LVL18:
 275              	.L8:
 163:Drivers/STM32F0xx_HAL_Driver/Src/stm32f0xx_hal_flash_ex.c **** 
 276              		.loc 1 163 3 is_stmt 0 discriminator 1 view .LVU89
 277 00c4 0220     		movs	r0, #2
 278              	.LVL19:
 163:Drivers/STM32F0xx_HAL_Driver/Src/stm32f0xx_hal_flash_ex.c **** 
 279              		.loc 1 163 3 discriminator 1 view .LVU90
 280 00c6 E7E7     		b	.L2
 281              	.L14:
 282              		.align	2
 283              	.L13:
 284 00c8 00000000 		.word	pFlash
 285 00cc 50C30000 		.word	50000
 286 00d0 00200240 		.word	1073881088
 287              		.cfi_endproc
 288              	.LFE40:
 290              		.section	.text.HAL_FLASHEx_Erase_IT,"ax",%progbits
 291              		.align	1
 292              		.p2align 2,,3
ARM GAS  C:\Users\joshr\AppData\Local\Temp\ccxDAWix.s 			page 24


 293              		.global	HAL_FLASHEx_Erase_IT
 294              		.syntax unified
 295              		.code	16
 296              		.thumb_func
 298              	HAL_FLASHEx_Erase_IT:
 299              	.LVL20:
 300              	.LFB41:
 239:Drivers/STM32F0xx_HAL_Driver/Src/stm32f0xx_hal_flash_ex.c ****   HAL_StatusTypeDef status = HAL_OK;
 301              		.loc 1 239 1 is_stmt 1 view -0
 302              		.cfi_startproc
 303              		@ args = 0, pretend = 0, frame = 0
 304              		@ frame_needed = 0, uses_anonymous_args = 0
 240:Drivers/STM32F0xx_HAL_Driver/Src/stm32f0xx_hal_flash_ex.c **** 
 305              		.loc 1 240 3 view .LVU92
 243:Drivers/STM32F0xx_HAL_Driver/Src/stm32f0xx_hal_flash_ex.c **** 
 306              		.loc 1 243 3 view .LVU93
 243:Drivers/STM32F0xx_HAL_Driver/Src/stm32f0xx_hal_flash_ex.c **** 
 307              		.loc 1 243 3 view .LVU94
 239:Drivers/STM32F0xx_HAL_Driver/Src/stm32f0xx_hal_flash_ex.c ****   HAL_StatusTypeDef status = HAL_OK;
 308              		.loc 1 239 1 is_stmt 0 view .LVU95
 309 0000 70B5     		push	{r4, r5, r6, lr}
 310              	.LCFI2:
 311              		.cfi_def_cfa_offset 16
 312              		.cfi_offset 4, -16
 313              		.cfi_offset 5, -12
 314              		.cfi_offset 6, -8
 315              		.cfi_offset 14, -4
 243:Drivers/STM32F0xx_HAL_Driver/Src/stm32f0xx_hal_flash_ex.c **** 
 316              		.loc 1 243 3 view .LVU96
 317 0002 1A4B     		ldr	r3, .L22
 239:Drivers/STM32F0xx_HAL_Driver/Src/stm32f0xx_hal_flash_ex.c ****   HAL_StatusTypeDef status = HAL_OK;
 318              		.loc 1 239 1 view .LVU97
 319 0004 0100     		movs	r1, r0
 243:Drivers/STM32F0xx_HAL_Driver/Src/stm32f0xx_hal_flash_ex.c **** 
 320              		.loc 1 243 3 view .LVU98
 321 0006 1A7E     		ldrb	r2, [r3, #24]
 322 0008 012A     		cmp	r2, #1
 323 000a 2CD0     		beq	.L19
 243:Drivers/STM32F0xx_HAL_Driver/Src/stm32f0xx_hal_flash_ex.c **** 
 324              		.loc 1 243 3 is_stmt 1 discriminator 2 view .LVU99
 325 000c 0125     		movs	r5, #1
 246:Drivers/STM32F0xx_HAL_Driver/Src/stm32f0xx_hal_flash_ex.c ****   {
 326              		.loc 1 246 13 is_stmt 0 view .LVU100
 327 000e 1A78     		ldrb	r2, [r3]
 243:Drivers/STM32F0xx_HAL_Driver/Src/stm32f0xx_hal_flash_ex.c **** 
 328              		.loc 1 243 3 discriminator 2 view .LVU101
 329 0010 1D76     		strb	r5, [r3, #24]
 243:Drivers/STM32F0xx_HAL_Driver/Src/stm32f0xx_hal_flash_ex.c **** 
 330              		.loc 1 243 3 is_stmt 1 discriminator 2 view .LVU102
 246:Drivers/STM32F0xx_HAL_Driver/Src/stm32f0xx_hal_flash_ex.c ****   {
 331              		.loc 1 246 3 view .LVU103
 246:Drivers/STM32F0xx_HAL_Driver/Src/stm32f0xx_hal_flash_ex.c ****   {
 332              		.loc 1 246 13 is_stmt 0 view .LVU104
 333 0012 D0B2     		uxtb	r0, r2
 334              	.LVL21:
 246:Drivers/STM32F0xx_HAL_Driver/Src/stm32f0xx_hal_flash_ex.c ****   {
 335              		.loc 1 246 6 view .LVU105
ARM GAS  C:\Users\joshr\AppData\Local\Temp\ccxDAWix.s 			page 25


 336 0014 002A     		cmp	r2, #0
 337 0016 18D1     		bne	.L20
 252:Drivers/STM32F0xx_HAL_Driver/Src/stm32f0xx_hal_flash_ex.c **** 
 338              		.loc 1 252 3 is_stmt 1 view .LVU106
 255:Drivers/STM32F0xx_HAL_Driver/Src/stm32f0xx_hal_flash_ex.c **** 
 339              		.loc 1 255 3 view .LVU107
 340 0018 A024     		movs	r4, #160
 341 001a 154A     		ldr	r2, .L22+4
 342 001c 6401     		lsls	r4, r4, #5
 343 001e 1669     		ldr	r6, [r2, #16]
 344 0020 3443     		orrs	r4, r6
 345 0022 1461     		str	r4, [r2, #16]
 257:Drivers/STM32F0xx_HAL_Driver/Src/stm32f0xx_hal_flash_ex.c ****   {
 346              		.loc 1 257 3 view .LVU108
 257:Drivers/STM32F0xx_HAL_Driver/Src/stm32f0xx_hal_flash_ex.c ****   {
 347              		.loc 1 257 6 is_stmt 0 view .LVU109
 348 0024 0C68     		ldr	r4, [r1]
 349 0026 012C     		cmp	r4, #1
 350 0028 11D0     		beq	.L21
 268:Drivers/STM32F0xx_HAL_Driver/Src/stm32f0xx_hal_flash_ex.c ****     assert_param(IS_FLASH_NB_PAGES(pEraseInit->PageAddress, pEraseInit->NbPages));
 351              		.loc 1 268 5 is_stmt 1 view .LVU110
 269:Drivers/STM32F0xx_HAL_Driver/Src/stm32f0xx_hal_flash_ex.c **** 
 352              		.loc 1 269 5 view .LVU111
 271:Drivers/STM32F0xx_HAL_Driver/Src/stm32f0xx_hal_flash_ex.c ****     pFlash.DataRemaining = pEraseInit->NbPages;
 353              		.loc 1 271 5 view .LVU112
 272:Drivers/STM32F0xx_HAL_Driver/Src/stm32f0xx_hal_flash_ex.c ****     pFlash.Address = pEraseInit->PageAddress;
 354              		.loc 1 272 38 is_stmt 0 view .LVU113
 355 002a 8C68     		ldr	r4, [r1, #8]
 271:Drivers/STM32F0xx_HAL_Driver/Src/stm32f0xx_hal_flash_ex.c ****     pFlash.DataRemaining = pEraseInit->NbPages;
 356              		.loc 1 271 29 view .LVU114
 357 002c 1D70     		strb	r5, [r3]
 272:Drivers/STM32F0xx_HAL_Driver/Src/stm32f0xx_hal_flash_ex.c ****     pFlash.Address = pEraseInit->PageAddress;
 358              		.loc 1 272 5 is_stmt 1 view .LVU115
 272:Drivers/STM32F0xx_HAL_Driver/Src/stm32f0xx_hal_flash_ex.c ****     pFlash.Address = pEraseInit->PageAddress;
 359              		.loc 1 272 26 is_stmt 0 view .LVU116
 360 002e 5C60     		str	r4, [r3, #4]
 273:Drivers/STM32F0xx_HAL_Driver/Src/stm32f0xx_hal_flash_ex.c **** 
 361              		.loc 1 273 5 is_stmt 1 view .LVU117
 362              	.LBB32:
 363              	.LBB33:
 964:Drivers/STM32F0xx_HAL_Driver/Src/stm32f0xx_hal_flash_ex.c ****     WRITE_REG(FLASH->AR, PageAddress);
 364              		.loc 1 964 5 is_stmt 0 view .LVU118
 365 0030 0224     		movs	r4, #2
 366              	.LBE33:
 367              	.LBE32:
 273:Drivers/STM32F0xx_HAL_Driver/Src/stm32f0xx_hal_flash_ex.c **** 
 368              		.loc 1 273 32 view .LVU119
 369 0032 4968     		ldr	r1, [r1, #4]
 370              	.LVL22:
 273:Drivers/STM32F0xx_HAL_Driver/Src/stm32f0xx_hal_flash_ex.c **** 
 371              		.loc 1 273 20 view .LVU120
 372 0034 9960     		str	r1, [r3, #8]
 276:Drivers/STM32F0xx_HAL_Driver/Src/stm32f0xx_hal_flash_ex.c ****   }
 373              		.loc 1 276 5 is_stmt 1 view .LVU121
 374              	.LVL23:
 375              	.LBB35:
 376              	.LBI32:
ARM GAS  C:\Users\joshr\AppData\Local\Temp\ccxDAWix.s 			page 26


 958:Drivers/STM32F0xx_HAL_Driver/Src/stm32f0xx_hal_flash_ex.c **** {
 377              		.loc 1 958 6 view .LVU122
 378              	.LBB34:
 961:Drivers/STM32F0xx_HAL_Driver/Src/stm32f0xx_hal_flash_ex.c **** 
 379              		.loc 1 961 3 view .LVU123
 961:Drivers/STM32F0xx_HAL_Driver/Src/stm32f0xx_hal_flash_ex.c **** 
 380              		.loc 1 961 20 is_stmt 0 view .LVU124
 381 0036 D861     		str	r0, [r3, #28]
 964:Drivers/STM32F0xx_HAL_Driver/Src/stm32f0xx_hal_flash_ex.c ****     WRITE_REG(FLASH->AR, PageAddress);
 382              		.loc 1 964 5 is_stmt 1 view .LVU125
 383 0038 1369     		ldr	r3, [r2, #16]
 384 003a 2343     		orrs	r3, r4
 385 003c 1361     		str	r3, [r2, #16]
 965:Drivers/STM32F0xx_HAL_Driver/Src/stm32f0xx_hal_flash_ex.c ****     SET_BIT(FLASH->CR, FLASH_CR_STRT);
 386              		.loc 1 965 5 view .LVU126
 387 003e 5161     		str	r1, [r2, #20]
 388              		.loc 1 966 5 view .LVU127
 389 0040 4021     		movs	r1, #64
 390              	.LVL24:
 391              		.loc 1 966 5 is_stmt 0 view .LVU128
 392 0042 1369     		ldr	r3, [r2, #16]
 393 0044 0B43     		orrs	r3, r1
 394 0046 1361     		str	r3, [r2, #16]
 395              	.LVL25:
 396              	.L16:
 397              		.loc 1 966 5 view .LVU129
 398              	.LBE34:
 399              	.LBE35:
 280:Drivers/STM32F0xx_HAL_Driver/Src/stm32f0xx_hal_flash_ex.c **** 
 400              		.loc 1 280 1 view .LVU130
 401              		@ sp needed
 402 0048 70BD     		pop	{r4, r5, r6, pc}
 403              	.LVL26:
 404              	.L20:
 248:Drivers/STM32F0xx_HAL_Driver/Src/stm32f0xx_hal_flash_ex.c ****   }
 405              		.loc 1 248 12 view .LVU131
 406 004a 0120     		movs	r0, #1
 407 004c FCE7     		b	.L16
 408              	.L21:
 260:Drivers/STM32F0xx_HAL_Driver/Src/stm32f0xx_hal_flash_ex.c ****         FLASH_MassErase();
 409              		.loc 1 260 5 is_stmt 1 view .LVU132
 260:Drivers/STM32F0xx_HAL_Driver/Src/stm32f0xx_hal_flash_ex.c ****         FLASH_MassErase();
 410              		.loc 1 260 29 is_stmt 0 view .LVU133
 411 004e 0221     		movs	r1, #2
 412              	.LVL27:
 260:Drivers/STM32F0xx_HAL_Driver/Src/stm32f0xx_hal_flash_ex.c ****         FLASH_MassErase();
 413              		.loc 1 260 29 view .LVU134
 414 0050 1970     		strb	r1, [r3]
 261:Drivers/STM32F0xx_HAL_Driver/Src/stm32f0xx_hal_flash_ex.c ****   }
 415              		.loc 1 261 9 is_stmt 1 view .LVU135
 416              	.LBB36:
 417              	.LBI36:
 498:Drivers/STM32F0xx_HAL_Driver/Src/stm32f0xx_hal_flash_ex.c **** {
 418              		.loc 1 498 13 view .LVU136
 419              	.LBB37:
 501:Drivers/STM32F0xx_HAL_Driver/Src/stm32f0xx_hal_flash_ex.c **** 
 420              		.loc 1 501 3 view .LVU137
ARM GAS  C:\Users\joshr\AppData\Local\Temp\ccxDAWix.s 			page 27


 501:Drivers/STM32F0xx_HAL_Driver/Src/stm32f0xx_hal_flash_ex.c **** 
 421              		.loc 1 501 20 is_stmt 0 view .LVU138
 422 0052 D861     		str	r0, [r3, #28]
 504:Drivers/STM32F0xx_HAL_Driver/Src/stm32f0xx_hal_flash_ex.c ****     SET_BIT(FLASH->CR, FLASH_CR_STRT);
 423              		.loc 1 504 5 is_stmt 1 view .LVU139
 424 0054 1369     		ldr	r3, [r2, #16]
 425 0056 0231     		adds	r1, r1, #2
 426 0058 0B43     		orrs	r3, r1
 427 005a 1361     		str	r3, [r2, #16]
 505:Drivers/STM32F0xx_HAL_Driver/Src/stm32f0xx_hal_flash_ex.c **** }
 428              		.loc 1 505 5 view .LVU140
 429 005c 1369     		ldr	r3, [r2, #16]
 430 005e 3C31     		adds	r1, r1, #60
 431 0060 0B43     		orrs	r3, r1
 432 0062 1361     		str	r3, [r2, #16]
 506:Drivers/STM32F0xx_HAL_Driver/Src/stm32f0xx_hal_flash_ex.c **** 
 433              		.loc 1 506 1 is_stmt 0 view .LVU141
 434 0064 F0E7     		b	.L16
 435              	.LVL28:
 436              	.L19:
 506:Drivers/STM32F0xx_HAL_Driver/Src/stm32f0xx_hal_flash_ex.c **** 
 437              		.loc 1 506 1 view .LVU142
 438              	.LBE37:
 439              	.LBE36:
 243:Drivers/STM32F0xx_HAL_Driver/Src/stm32f0xx_hal_flash_ex.c **** 
 440              		.loc 1 243 3 discriminator 1 view .LVU143
 441 0066 0220     		movs	r0, #2
 442              	.LVL29:
 243:Drivers/STM32F0xx_HAL_Driver/Src/stm32f0xx_hal_flash_ex.c **** 
 443              		.loc 1 243 3 discriminator 1 view .LVU144
 444 0068 EEE7     		b	.L16
 445              	.L23:
 446 006a C046     		.align	2
 447              	.L22:
 448 006c 00000000 		.word	pFlash
 449 0070 00200240 		.word	1073881088
 450              		.cfi_endproc
 451              	.LFE41:
 453              		.section	.text.HAL_FLASHEx_OBErase,"ax",%progbits
 454              		.align	1
 455              		.p2align 2,,3
 456              		.global	HAL_FLASHEx_OBErase
 457              		.syntax unified
 458              		.code	16
 459              		.thumb_func
 461              	HAL_FLASHEx_OBErase:
 462              	.LFB42:
 312:Drivers/STM32F0xx_HAL_Driver/Src/stm32f0xx_hal_flash_ex.c ****   uint8_t rdptmp = OB_RDP_LEVEL_0;
 463              		.loc 1 312 1 is_stmt 1 view -0
 464              		.cfi_startproc
 465              		@ args = 0, pretend = 0, frame = 0
 466              		@ frame_needed = 0, uses_anonymous_args = 0
 313:Drivers/STM32F0xx_HAL_Driver/Src/stm32f0xx_hal_flash_ex.c ****   HAL_StatusTypeDef status = HAL_ERROR;
 467              		.loc 1 313 3 view .LVU146
 468              	.LVL30:
 314:Drivers/STM32F0xx_HAL_Driver/Src/stm32f0xx_hal_flash_ex.c **** 
 469              		.loc 1 314 3 view .LVU147
ARM GAS  C:\Users\joshr\AppData\Local\Temp\ccxDAWix.s 			page 28


 317:Drivers/STM32F0xx_HAL_Driver/Src/stm32f0xx_hal_flash_ex.c **** 
 470              		.loc 1 317 3 view .LVU148
 471              	.LBB44:
 472              	.LBI44:
 902:Drivers/STM32F0xx_HAL_Driver/Src/stm32f0xx_hal_flash_ex.c **** {
 473              		.loc 1 902 17 view .LVU149
 474              	.LBB45:
 904:Drivers/STM32F0xx_HAL_Driver/Src/stm32f0xx_hal_flash_ex.c ****   
 475              		.loc 1 904 3 view .LVU150
 907:Drivers/STM32F0xx_HAL_Driver/Src/stm32f0xx_hal_flash_ex.c **** 
 476              		.loc 1 907 3 view .LVU151
 477              	.LBE45:
 478              	.LBE44:
 312:Drivers/STM32F0xx_HAL_Driver/Src/stm32f0xx_hal_flash_ex.c ****   uint8_t rdptmp = OB_RDP_LEVEL_0;
 479              		.loc 1 312 1 is_stmt 0 view .LVU152
 480 0000 F0B5     		push	{r4, r5, r6, r7, lr}
 481              	.LCFI3:
 482              		.cfi_def_cfa_offset 20
 483              		.cfi_offset 4, -20
 484              		.cfi_offset 5, -16
 485              		.cfi_offset 6, -12
 486              		.cfi_offset 7, -8
 487              		.cfi_offset 14, -4
 488              	.LBB51:
 489              	.LBB46:
 907:Drivers/STM32F0xx_HAL_Driver/Src/stm32f0xx_hal_flash_ex.c **** 
 490              		.loc 1 907 11 view .LVU153
 491 0002 0622     		movs	r2, #6
 492              	.LBE46:
 493              	.LBE51:
 312:Drivers/STM32F0xx_HAL_Driver/Src/stm32f0xx_hal_flash_ex.c ****   uint8_t rdptmp = OB_RDP_LEVEL_0;
 494              		.loc 1 312 1 view .LVU154
 495 0004 C646     		mov	lr, r8
 496              	.LBB52:
 497              	.LBB47:
 907:Drivers/STM32F0xx_HAL_Driver/Src/stm32f0xx_hal_flash_ex.c **** 
 498              		.loc 1 907 13 view .LVU155
 499 0006 284B     		ldr	r3, .L30
 500              	.LBE47:
 501              	.LBE52:
 312:Drivers/STM32F0xx_HAL_Driver/Src/stm32f0xx_hal_flash_ex.c ****   uint8_t rdptmp = OB_RDP_LEVEL_0;
 502              		.loc 1 312 1 view .LVU156
 503 0008 00B5     		push	{lr}
 504              	.LCFI4:
 505              		.cfi_def_cfa_offset 24
 506              		.cfi_offset 8, -24
 507              	.LBB53:
 508              	.LBB48:
 907:Drivers/STM32F0xx_HAL_Driver/Src/stm32f0xx_hal_flash_ex.c **** 
 509              		.loc 1 907 13 view .LVU157
 510 000a DB69     		ldr	r3, [r3, #28]
 511              	.LVL31:
 909:Drivers/STM32F0xx_HAL_Driver/Src/stm32f0xx_hal_flash_ex.c ****   {
 512              		.loc 1 909 3 is_stmt 1 view .LVU158
 909:Drivers/STM32F0xx_HAL_Driver/Src/stm32f0xx_hal_flash_ex.c ****   {
 513              		.loc 1 909 6 is_stmt 0 view .LVU159
 514 000c 1A42     		tst	r2, r3
ARM GAS  C:\Users\joshr\AppData\Local\Temp\ccxDAWix.s 			page 29


 515 000e 0FD0     		beq	.L27
 913:Drivers/STM32F0xx_HAL_Driver/Src/stm32f0xx_hal_flash_ex.c ****   {
 516              		.loc 1 913 8 is_stmt 1 view .LVU160
 913:Drivers/STM32F0xx_HAL_Driver/Src/stm32f0xx_hal_flash_ex.c ****   {
 517              		.loc 1 913 21 is_stmt 0 view .LVU161
 518 0010 0424     		movs	r4, #4
 519 0012 1C40     		ands	r4, r3
 913:Drivers/STM32F0xx_HAL_Driver/Src/stm32f0xx_hal_flash_ex.c ****   {
 520              		.loc 1 913 11 view .LVU162
 521 0014 6342     		rsbs	r3, r4, #0
 522 0016 5C41     		adcs	r4, r4, r3
 523              	.LVL32:
 913:Drivers/STM32F0xx_HAL_Driver/Src/stm32f0xx_hal_flash_ex.c ****   {
 524              		.loc 1 913 11 view .LVU163
 525 0018 1023     		movs	r3, #16
 526 001a 6442     		rsbs	r4, r4, #0
 527 001c 9C43     		bics	r4, r3
 528              	.LBE48:
 529              	.LBE53:
 320:Drivers/STM32F0xx_HAL_Driver/Src/stm32f0xx_hal_flash_ex.c **** 
 530              		.loc 1 320 12 view .LVU164
 531 001e 2348     		ldr	r0, .L30+4
 532              	.LBB54:
 533              	.LBB49:
 913:Drivers/STM32F0xx_HAL_Driver/Src/stm32f0xx_hal_flash_ex.c ****   {
 534              		.loc 1 913 11 view .LVU165
 535 0020 CC34     		adds	r4, r4, #204
 536              	.LVL33:
 913:Drivers/STM32F0xx_HAL_Driver/Src/stm32f0xx_hal_flash_ex.c ****   {
 537              		.loc 1 913 11 view .LVU166
 538              	.LBE49:
 539              	.LBE54:
 320:Drivers/STM32F0xx_HAL_Driver/Src/stm32f0xx_hal_flash_ex.c **** 
 540              		.loc 1 320 3 is_stmt 1 view .LVU167
 320:Drivers/STM32F0xx_HAL_Driver/Src/stm32f0xx_hal_flash_ex.c **** 
 541              		.loc 1 320 12 is_stmt 0 view .LVU168
 542 0022 FFF7FEFF 		bl	FLASH_WaitForLastOperation
 543              	.LVL34:
 322:Drivers/STM32F0xx_HAL_Driver/Src/stm32f0xx_hal_flash_ex.c ****   {
 544              		.loc 1 322 3 is_stmt 1 view .LVU169
 322:Drivers/STM32F0xx_HAL_Driver/Src/stm32f0xx_hal_flash_ex.c ****   {
 545              		.loc 1 322 5 is_stmt 0 view .LVU170
 546 0026 0028     		cmp	r0, #0
 547 0028 08D0     		beq	.L29
 548              	.LVL35:
 549              	.L26:
 345:Drivers/STM32F0xx_HAL_Driver/Src/stm32f0xx_hal_flash_ex.c **** }
 550              		.loc 1 345 3 is_stmt 1 view .LVU171
 346:Drivers/STM32F0xx_HAL_Driver/Src/stm32f0xx_hal_flash_ex.c **** 
 551              		.loc 1 346 1 is_stmt 0 view .LVU172
 552              		@ sp needed
 553 002a 80BC     		pop	{r7}
 554 002c B846     		mov	r8, r7
 555 002e F0BD     		pop	{r4, r5, r6, r7, pc}
 556              	.LVL36:
 557              	.L27:
 320:Drivers/STM32F0xx_HAL_Driver/Src/stm32f0xx_hal_flash_ex.c **** 
ARM GAS  C:\Users\joshr\AppData\Local\Temp\ccxDAWix.s 			page 30


 558              		.loc 1 320 12 view .LVU173
 559 0030 1E48     		ldr	r0, .L30+4
 560              	.LBB55:
 561              	.LBB50:
 562 0032 AA24     		movs	r4, #170
 563              	.LVL37:
 320:Drivers/STM32F0xx_HAL_Driver/Src/stm32f0xx_hal_flash_ex.c **** 
 564              		.loc 1 320 12 view .LVU174
 565              	.LBE50:
 566              	.LBE55:
 320:Drivers/STM32F0xx_HAL_Driver/Src/stm32f0xx_hal_flash_ex.c **** 
 567              		.loc 1 320 3 is_stmt 1 view .LVU175
 320:Drivers/STM32F0xx_HAL_Driver/Src/stm32f0xx_hal_flash_ex.c **** 
 568              		.loc 1 320 12 is_stmt 0 view .LVU176
 569 0034 FFF7FEFF 		bl	FLASH_WaitForLastOperation
 570              	.LVL38:
 322:Drivers/STM32F0xx_HAL_Driver/Src/stm32f0xx_hal_flash_ex.c ****   {
 571              		.loc 1 322 3 is_stmt 1 view .LVU177
 322:Drivers/STM32F0xx_HAL_Driver/Src/stm32f0xx_hal_flash_ex.c ****   {
 572              		.loc 1 322 5 is_stmt 0 view .LVU178
 573 0038 0028     		cmp	r0, #0
 574 003a F6D1     		bne	.L26
 575              	.L29:
 325:Drivers/STM32F0xx_HAL_Driver/Src/stm32f0xx_hal_flash_ex.c **** 
 576              		.loc 1 325 5 is_stmt 1 view .LVU179
 328:Drivers/STM32F0xx_HAL_Driver/Src/stm32f0xx_hal_flash_ex.c ****     SET_BIT(FLASH->CR, FLASH_CR_STRT);
 577              		.loc 1 328 5 is_stmt 0 view .LVU180
 578 003c 2026     		movs	r6, #32
 329:Drivers/STM32F0xx_HAL_Driver/Src/stm32f0xx_hal_flash_ex.c **** 
 579              		.loc 1 329 5 view .LVU181
 580 003e 4027     		movs	r7, #64
 325:Drivers/STM32F0xx_HAL_Driver/Src/stm32f0xx_hal_flash_ex.c **** 
 581              		.loc 1 325 22 view .LVU182
 582 0040 1B4B     		ldr	r3, .L30+8
 328:Drivers/STM32F0xx_HAL_Driver/Src/stm32f0xx_hal_flash_ex.c ****     SET_BIT(FLASH->CR, FLASH_CR_STRT);
 583              		.loc 1 328 5 view .LVU183
 584 0042 194D     		ldr	r5, .L30
 325:Drivers/STM32F0xx_HAL_Driver/Src/stm32f0xx_hal_flash_ex.c **** 
 585              		.loc 1 325 22 view .LVU184
 586 0044 D861     		str	r0, [r3, #28]
 328:Drivers/STM32F0xx_HAL_Driver/Src/stm32f0xx_hal_flash_ex.c ****     SET_BIT(FLASH->CR, FLASH_CR_STRT);
 587              		.loc 1 328 5 is_stmt 1 view .LVU185
 325:Drivers/STM32F0xx_HAL_Driver/Src/stm32f0xx_hal_flash_ex.c **** 
 588              		.loc 1 325 22 is_stmt 0 view .LVU186
 589 0046 9846     		mov	r8, r3
 328:Drivers/STM32F0xx_HAL_Driver/Src/stm32f0xx_hal_flash_ex.c ****     SET_BIT(FLASH->CR, FLASH_CR_STRT);
 590              		.loc 1 328 5 view .LVU187
 591 0048 2B69     		ldr	r3, [r5, #16]
 332:Drivers/STM32F0xx_HAL_Driver/Src/stm32f0xx_hal_flash_ex.c **** 
 592              		.loc 1 332 14 view .LVU188
 593 004a 1848     		ldr	r0, .L30+4
 594              	.LVL39:
 328:Drivers/STM32F0xx_HAL_Driver/Src/stm32f0xx_hal_flash_ex.c ****     SET_BIT(FLASH->CR, FLASH_CR_STRT);
 595              		.loc 1 328 5 view .LVU189
 596 004c 3343     		orrs	r3, r6
 597 004e 2B61     		str	r3, [r5, #16]
 329:Drivers/STM32F0xx_HAL_Driver/Src/stm32f0xx_hal_flash_ex.c **** 
ARM GAS  C:\Users\joshr\AppData\Local\Temp\ccxDAWix.s 			page 31


 598              		.loc 1 329 5 is_stmt 1 view .LVU190
 599 0050 2B69     		ldr	r3, [r5, #16]
 600 0052 3B43     		orrs	r3, r7
 601 0054 2B61     		str	r3, [r5, #16]
 332:Drivers/STM32F0xx_HAL_Driver/Src/stm32f0xx_hal_flash_ex.c **** 
 602              		.loc 1 332 5 view .LVU191
 332:Drivers/STM32F0xx_HAL_Driver/Src/stm32f0xx_hal_flash_ex.c **** 
 603              		.loc 1 332 14 is_stmt 0 view .LVU192
 604 0056 FFF7FEFF 		bl	FLASH_WaitForLastOperation
 605              	.LVL40:
 335:Drivers/STM32F0xx_HAL_Driver/Src/stm32f0xx_hal_flash_ex.c **** 
 606              		.loc 1 335 5 is_stmt 1 view .LVU193
 607 005a 2B69     		ldr	r3, [r5, #16]
 608 005c B343     		bics	r3, r6
 609 005e 2B61     		str	r3, [r5, #16]
 337:Drivers/STM32F0xx_HAL_Driver/Src/stm32f0xx_hal_flash_ex.c ****     {
 610              		.loc 1 337 5 view .LVU194
 337:Drivers/STM32F0xx_HAL_Driver/Src/stm32f0xx_hal_flash_ex.c ****     {
 611              		.loc 1 337 7 is_stmt 0 view .LVU195
 612 0060 0028     		cmp	r0, #0
 613 0062 E2D1     		bne	.L26
 340:Drivers/STM32F0xx_HAL_Driver/Src/stm32f0xx_hal_flash_ex.c ****     }
 614              		.loc 1 340 7 is_stmt 1 view .LVU196
 615              	.LVL41:
 616              	.LBB56:
 617              	.LBI56:
 749:Drivers/STM32F0xx_HAL_Driver/Src/stm32f0xx_hal_flash_ex.c **** {
 618              		.loc 1 749 26 view .LVU197
 619              	.LBB57:
 751:Drivers/STM32F0xx_HAL_Driver/Src/stm32f0xx_hal_flash_ex.c ****   
 620              		.loc 1 751 3 view .LVU198
 754:Drivers/STM32F0xx_HAL_Driver/Src/stm32f0xx_hal_flash_ex.c ****   
 621              		.loc 1 754 3 view .LVU199
 757:Drivers/STM32F0xx_HAL_Driver/Src/stm32f0xx_hal_flash_ex.c ****   
 622              		.loc 1 757 3 view .LVU200
 757:Drivers/STM32F0xx_HAL_Driver/Src/stm32f0xx_hal_flash_ex.c ****   
 623              		.loc 1 757 12 is_stmt 0 view .LVU201
 624 0064 1148     		ldr	r0, .L30+4
 625              	.LVL42:
 757:Drivers/STM32F0xx_HAL_Driver/Src/stm32f0xx_hal_flash_ex.c ****   
 626              		.loc 1 757 12 view .LVU202
 627 0066 FFF7FEFF 		bl	FLASH_WaitForLastOperation
 628              	.LVL43:
 759:Drivers/STM32F0xx_HAL_Driver/Src/stm32f0xx_hal_flash_ex.c ****   { 
 629              		.loc 1 759 3 is_stmt 1 view .LVU203
 759:Drivers/STM32F0xx_HAL_Driver/Src/stm32f0xx_hal_flash_ex.c ****   { 
 630              		.loc 1 759 5 is_stmt 0 view .LVU204
 631 006a 0028     		cmp	r0, #0
 632 006c DDD1     		bne	.L26
 762:Drivers/STM32F0xx_HAL_Driver/Src/stm32f0xx_hal_flash_ex.c ****     
 633              		.loc 1 762 5 is_stmt 1 view .LVU205
 762:Drivers/STM32F0xx_HAL_Driver/Src/stm32f0xx_hal_flash_ex.c ****     
 634              		.loc 1 762 22 is_stmt 0 view .LVU206
 635 006e 4346     		mov	r3, r8
 636 0070 D861     		str	r0, [r3, #28]
 765:Drivers/STM32F0xx_HAL_Driver/Src/stm32f0xx_hal_flash_ex.c ****     SET_BIT(FLASH->CR, FLASH_CR_STRT);
 637              		.loc 1 765 5 is_stmt 1 view .LVU207
ARM GAS  C:\Users\joshr\AppData\Local\Temp\ccxDAWix.s 			page 32


 638 0072 2B69     		ldr	r3, [r5, #16]
 769:Drivers/STM32F0xx_HAL_Driver/Src/stm32f0xx_hal_flash_ex.c **** 
 639              		.loc 1 769 14 is_stmt 0 view .LVU208
 640 0074 0D48     		ldr	r0, .L30+4
 641              	.LVL44:
 765:Drivers/STM32F0xx_HAL_Driver/Src/stm32f0xx_hal_flash_ex.c ****     SET_BIT(FLASH->CR, FLASH_CR_STRT);
 642              		.loc 1 765 5 view .LVU209
 643 0076 3343     		orrs	r3, r6
 644 0078 2B61     		str	r3, [r5, #16]
 645              	.LVL45:
 766:Drivers/STM32F0xx_HAL_Driver/Src/stm32f0xx_hal_flash_ex.c **** 
 646              		.loc 1 766 5 is_stmt 1 view .LVU210
 647 007a 2B69     		ldr	r3, [r5, #16]
 648 007c 3B43     		orrs	r3, r7
 649 007e 2B61     		str	r3, [r5, #16]
 769:Drivers/STM32F0xx_HAL_Driver/Src/stm32f0xx_hal_flash_ex.c **** 
 650              		.loc 1 769 5 view .LVU211
 769:Drivers/STM32F0xx_HAL_Driver/Src/stm32f0xx_hal_flash_ex.c **** 
 651              		.loc 1 769 14 is_stmt 0 view .LVU212
 652 0080 FFF7FEFF 		bl	FLASH_WaitForLastOperation
 653              	.LVL46:
 772:Drivers/STM32F0xx_HAL_Driver/Src/stm32f0xx_hal_flash_ex.c **** 
 654              		.loc 1 772 5 is_stmt 1 view .LVU213
 655 0084 2B69     		ldr	r3, [r5, #16]
 656 0086 B343     		bics	r3, r6
 657 0088 2B61     		str	r3, [r5, #16]
 774:Drivers/STM32F0xx_HAL_Driver/Src/stm32f0xx_hal_flash_ex.c ****     {
 658              		.loc 1 774 5 view .LVU214
 774:Drivers/STM32F0xx_HAL_Driver/Src/stm32f0xx_hal_flash_ex.c ****     {
 659              		.loc 1 774 7 is_stmt 0 view .LVU215
 660 008a 0028     		cmp	r0, #0
 661 008c CDD1     		bne	.L26
 662              	.LVL47:
 663              	.LBB58:
 664              	.LBI58:
 749:Drivers/STM32F0xx_HAL_Driver/Src/stm32f0xx_hal_flash_ex.c **** {
 665              		.loc 1 749 26 is_stmt 1 view .LVU216
 666              	.LBB59:
 777:Drivers/STM32F0xx_HAL_Driver/Src/stm32f0xx_hal_flash_ex.c ****       
 667              		.loc 1 777 7 view .LVU217
 668 008e 2B69     		ldr	r3, [r5, #16]
 669 0090 103E     		subs	r6, r6, #16
 670 0092 3343     		orrs	r3, r6
 671 0094 2B61     		str	r3, [r5, #16]
 779:Drivers/STM32F0xx_HAL_Driver/Src/stm32f0xx_hal_flash_ex.c ****       
 672              		.loc 1 779 7 view .LVU218
 673 0096 074B     		ldr	r3, .L30+12
 782:Drivers/STM32F0xx_HAL_Driver/Src/stm32f0xx_hal_flash_ex.c ****       
 674              		.loc 1 782 16 is_stmt 0 view .LVU219
 675 0098 0448     		ldr	r0, .L30+4
 676              	.LVL48:
 779:Drivers/STM32F0xx_HAL_Driver/Src/stm32f0xx_hal_flash_ex.c ****       
 677              		.loc 1 779 7 view .LVU220
 678 009a 1C80     		strh	r4, [r3]
 782:Drivers/STM32F0xx_HAL_Driver/Src/stm32f0xx_hal_flash_ex.c ****       
 679              		.loc 1 782 7 is_stmt 1 view .LVU221
 782:Drivers/STM32F0xx_HAL_Driver/Src/stm32f0xx_hal_flash_ex.c ****       
ARM GAS  C:\Users\joshr\AppData\Local\Temp\ccxDAWix.s 			page 33


 680              		.loc 1 782 16 is_stmt 0 view .LVU222
 681 009c FFF7FEFF 		bl	FLASH_WaitForLastOperation
 682              	.LVL49:
 785:Drivers/STM32F0xx_HAL_Driver/Src/stm32f0xx_hal_flash_ex.c ****     }
 683              		.loc 1 785 7 is_stmt 1 view .LVU223
 684 00a0 2B69     		ldr	r3, [r5, #16]
 685 00a2 B343     		bics	r3, r6
 686 00a4 2B61     		str	r3, [r5, #16]
 789:Drivers/STM32F0xx_HAL_Driver/Src/stm32f0xx_hal_flash_ex.c **** }
 687              		.loc 1 789 3 view .LVU224
 688              	.LVL50:
 789:Drivers/STM32F0xx_HAL_Driver/Src/stm32f0xx_hal_flash_ex.c **** }
 689              		.loc 1 789 3 is_stmt 0 view .LVU225
 690 00a6 C0E7     		b	.L26
 691              	.L31:
 692              		.align	2
 693              	.L30:
 694 00a8 00200240 		.word	1073881088
 695 00ac 50C30000 		.word	50000
 696 00b0 00000000 		.word	pFlash
 697 00b4 00F8FF1F 		.word	536868864
 698              	.LBE59:
 699              	.LBE58:
 700              	.LBE57:
 701              	.LBE56:
 702              		.cfi_endproc
 703              	.LFE42:
 705              		.section	.text.HAL_FLASHEx_OBProgram,"ax",%progbits
 706              		.align	1
 707              		.p2align 2,,3
 708              		.global	HAL_FLASHEx_OBProgram
 709              		.syntax unified
 710              		.code	16
 711              		.thumb_func
 713              	HAL_FLASHEx_OBProgram:
 714              	.LVL51:
 715              	.LFB43:
 361:Drivers/STM32F0xx_HAL_Driver/Src/stm32f0xx_hal_flash_ex.c ****   HAL_StatusTypeDef status = HAL_ERROR;
 716              		.loc 1 361 1 is_stmt 1 view -0
 717              		.cfi_startproc
 718              		@ args = 0, pretend = 0, frame = 0
 719              		@ frame_needed = 0, uses_anonymous_args = 0
 362:Drivers/STM32F0xx_HAL_Driver/Src/stm32f0xx_hal_flash_ex.c **** 
 720              		.loc 1 362 3 view .LVU227
 365:Drivers/STM32F0xx_HAL_Driver/Src/stm32f0xx_hal_flash_ex.c **** 
 721              		.loc 1 365 3 view .LVU228
 365:Drivers/STM32F0xx_HAL_Driver/Src/stm32f0xx_hal_flash_ex.c **** 
 722              		.loc 1 365 3 view .LVU229
 361:Drivers/STM32F0xx_HAL_Driver/Src/stm32f0xx_hal_flash_ex.c ****   HAL_StatusTypeDef status = HAL_ERROR;
 723              		.loc 1 361 1 is_stmt 0 view .LVU230
 724 0000 F8B5     		push	{r3, r4, r5, r6, r7, lr}
 725              	.LCFI5:
 726              		.cfi_def_cfa_offset 24
 727              		.cfi_offset 3, -24
 728              		.cfi_offset 4, -20
 729              		.cfi_offset 5, -16
 730              		.cfi_offset 6, -12
ARM GAS  C:\Users\joshr\AppData\Local\Temp\ccxDAWix.s 			page 34


 731              		.cfi_offset 7, -8
 732              		.cfi_offset 14, -4
 733 0002 CE46     		mov	lr, r9
 734 0004 4746     		mov	r7, r8
 735 0006 80B5     		push	{r7, lr}
 736              	.LCFI6:
 737              		.cfi_def_cfa_offset 32
 738              		.cfi_offset 8, -32
 739              		.cfi_offset 9, -28
 365:Drivers/STM32F0xx_HAL_Driver/Src/stm32f0xx_hal_flash_ex.c **** 
 740              		.loc 1 365 3 view .LVU231
 741 0008 744E     		ldr	r6, .L89
 361:Drivers/STM32F0xx_HAL_Driver/Src/stm32f0xx_hal_flash_ex.c ****   HAL_StatusTypeDef status = HAL_ERROR;
 742              		.loc 1 361 1 view .LVU232
 743 000a 0500     		movs	r5, r0
 365:Drivers/STM32F0xx_HAL_Driver/Src/stm32f0xx_hal_flash_ex.c **** 
 744              		.loc 1 365 3 view .LVU233
 745 000c 337E     		ldrb	r3, [r6, #24]
 746 000e 012B     		cmp	r3, #1
 747 0010 00D1     		bne	.LCB631
 748 0012 C2E0     		b	.L48	@long jump
 749              	.LCB631:
 365:Drivers/STM32F0xx_HAL_Driver/Src/stm32f0xx_hal_flash_ex.c **** 
 750              		.loc 1 365 3 is_stmt 1 discriminator 2 view .LVU234
 751 0014 0122     		movs	r2, #1
 752 0016 3276     		strb	r2, [r6, #24]
 365:Drivers/STM32F0xx_HAL_Driver/Src/stm32f0xx_hal_flash_ex.c **** 
 753              		.loc 1 365 3 discriminator 2 view .LVU235
 368:Drivers/STM32F0xx_HAL_Driver/Src/stm32f0xx_hal_flash_ex.c **** 
 754              		.loc 1 368 3 view .LVU236
 371:Drivers/STM32F0xx_HAL_Driver/Src/stm32f0xx_hal_flash_ex.c ****   {
 755              		.loc 1 371 3 view .LVU237
 371:Drivers/STM32F0xx_HAL_Driver/Src/stm32f0xx_hal_flash_ex.c ****   {
 756              		.loc 1 371 14 is_stmt 0 view .LVU238
 757 0018 0368     		ldr	r3, [r0]
 371:Drivers/STM32F0xx_HAL_Driver/Src/stm32f0xx_hal_flash_ex.c ****   {
 758              		.loc 1 371 5 view .LVU239
 759 001a 1A42     		tst	r2, r3
 760 001c 0ED1     		bne	.L84
 362:Drivers/STM32F0xx_HAL_Driver/Src/stm32f0xx_hal_flash_ex.c **** 
 761              		.loc 1 362 21 view .LVU240
 762 001e 0124     		movs	r4, #1
 763              	.LVL52:
 764              	.L34:
 393:Drivers/STM32F0xx_HAL_Driver/Src/stm32f0xx_hal_flash_ex.c ****   {
 765              		.loc 1 393 3 is_stmt 1 view .LVU241
 393:Drivers/STM32F0xx_HAL_Driver/Src/stm32f0xx_hal_flash_ex.c ****   {
 766              		.loc 1 393 5 is_stmt 0 view .LVU242
 767 0020 9A07     		lsls	r2, r3, #30
 768 0022 22D4     		bmi	.L85
 769              	.LVL53:
 770              	.L42:
 405:Drivers/STM32F0xx_HAL_Driver/Src/stm32f0xx_hal_flash_ex.c ****   {
 771              		.loc 1 405 3 is_stmt 1 view .LVU243
 405:Drivers/STM32F0xx_HAL_Driver/Src/stm32f0xx_hal_flash_ex.c ****   {
 772              		.loc 1 405 5 is_stmt 0 view .LVU244
 773 0024 5A07     		lsls	r2, r3, #29
ARM GAS  C:\Users\joshr\AppData\Local\Temp\ccxDAWix.s 			page 35


 774 0026 50D4     		bmi	.L86
 775              	.LVL54:
 776              	.L44:
 417:Drivers/STM32F0xx_HAL_Driver/Src/stm32f0xx_hal_flash_ex.c ****   {
 777              		.loc 1 417 3 is_stmt 1 view .LVU245
 417:Drivers/STM32F0xx_HAL_Driver/Src/stm32f0xx_hal_flash_ex.c ****   {
 778              		.loc 1 417 5 is_stmt 0 view .LVU246
 779 0028 1B07     		lsls	r3, r3, #28
 780 002a 00D5     		bpl	.LCB668
 781 002c 6FE0     		b	.L87	@long jump
 782              	.LCB668:
 783              	.LVL55:
 784              	.L46:
 429:Drivers/STM32F0xx_HAL_Driver/Src/stm32f0xx_hal_flash_ex.c **** 
 785              		.loc 1 429 3 is_stmt 1 view .LVU247
 429:Drivers/STM32F0xx_HAL_Driver/Src/stm32f0xx_hal_flash_ex.c **** 
 786              		.loc 1 429 3 view .LVU248
 787 002e 0023     		movs	r3, #0
 788 0030 3376     		strb	r3, [r6, #24]
 429:Drivers/STM32F0xx_HAL_Driver/Src/stm32f0xx_hal_flash_ex.c **** 
 789              		.loc 1 429 3 view .LVU249
 431:Drivers/STM32F0xx_HAL_Driver/Src/stm32f0xx_hal_flash_ex.c **** }
 790              		.loc 1 431 3 view .LVU250
 791              	.LVL56:
 792              	.L33:
 432:Drivers/STM32F0xx_HAL_Driver/Src/stm32f0xx_hal_flash_ex.c **** 
 793              		.loc 1 432 1 is_stmt 0 view .LVU251
 794 0032 2000     		movs	r0, r4
 795              		@ sp needed
 796 0034 C0BC     		pop	{r6, r7}
 797 0036 B946     		mov	r9, r7
 798 0038 B046     		mov	r8, r6
 799 003a F8BD     		pop	{r3, r4, r5, r6, r7, pc}
 800              	.LVL57:
 801              	.L84:
 373:Drivers/STM32F0xx_HAL_Driver/Src/stm32f0xx_hal_flash_ex.c ****     if (pOBInit->WRPState == OB_WRPSTATE_ENABLE)
 802              		.loc 1 373 5 is_stmt 1 view .LVU252
 374:Drivers/STM32F0xx_HAL_Driver/Src/stm32f0xx_hal_flash_ex.c ****     {
 803              		.loc 1 374 5 view .LVU253
 377:Drivers/STM32F0xx_HAL_Driver/Src/stm32f0xx_hal_flash_ex.c ****     }
 804              		.loc 1 377 16 is_stmt 0 view .LVU254
 805 003c 8368     		ldr	r3, [r0, #8]
 806              	.LBB76:
 807              	.LBB77:
 808              	.LBB78:
 809              	.LBB79:
 891:Drivers/STM32F0xx_HAL_Driver/Src/stm32f0xx_hal_flash_ex.c **** }
 810              		.loc 1 891 10 view .LVU255
 811 003e 684F     		ldr	r7, .L89+4
 812              	.LBE79:
 813              	.LBE78:
 814              	.LBE77:
 815              	.LBE76:
 377:Drivers/STM32F0xx_HAL_Driver/Src/stm32f0xx_hal_flash_ex.c ****     }
 816              		.loc 1 377 16 view .LVU256
 817 0040 9846     		mov	r8, r3
 374:Drivers/STM32F0xx_HAL_Driver/Src/stm32f0xx_hal_flash_ex.c ****     {
ARM GAS  C:\Users\joshr\AppData\Local\Temp\ccxDAWix.s 			page 36


 818              		.loc 1 374 8 view .LVU257
 819 0042 4368     		ldr	r3, [r0, #4]
 820 0044 012B     		cmp	r3, #1
 821 0046 00D1     		bne	.LCB713
 822 0048 7CE0     		b	.L88	@long jump
 823              	.LCB713:
 382:Drivers/STM32F0xx_HAL_Driver/Src/stm32f0xx_hal_flash_ex.c ****     }
 824              		.loc 1 382 7 is_stmt 1 view .LVU258
 825              	.LVL58:
 826              	.LBB85:
 827              	.LBI85:
 635:Drivers/STM32F0xx_HAL_Driver/Src/stm32f0xx_hal_flash_ex.c **** {
 828              		.loc 1 635 26 view .LVU259
 829              	.LBB86:
 637:Drivers/STM32F0xx_HAL_Driver/Src/stm32f0xx_hal_flash_ex.c ****   uint16_t WRP0_Data = 0xFFFFU;
 830              		.loc 1 637 3 view .LVU260
 638:Drivers/STM32F0xx_HAL_Driver/Src/stm32f0xx_hal_flash_ex.c **** #if defined(OB_WRP1_WRP1)
 831              		.loc 1 638 3 view .LVU261
 640:Drivers/STM32F0xx_HAL_Driver/Src/stm32f0xx_hal_flash_ex.c **** #endif /* OB_WRP1_WRP1 */
 832              		.loc 1 640 3 view .LVU262
 650:Drivers/STM32F0xx_HAL_Driver/Src/stm32f0xx_hal_flash_ex.c **** 
 833              		.loc 1 650 3 view .LVU263
 653:Drivers/STM32F0xx_HAL_Driver/Src/stm32f0xx_hal_flash_ex.c **** 
 834              		.loc 1 653 3 view .LVU264
 835              	.LBB87:
 836              	.LBI87:
 888:Drivers/STM32F0xx_HAL_Driver/Src/stm32f0xx_hal_flash_ex.c **** {
 837              		.loc 1 888 17 view .LVU265
 838              	.LBB88:
 891:Drivers/STM32F0xx_HAL_Driver/Src/stm32f0xx_hal_flash_ex.c **** }
 839              		.loc 1 891 3 view .LVU266
 891:Drivers/STM32F0xx_HAL_Driver/Src/stm32f0xx_hal_flash_ex.c **** }
 840              		.loc 1 891 10 is_stmt 0 view .LVU267
 841 004a 3B6A     		ldr	r3, [r7, #32]
 842              	.LBE88:
 843              	.LBE87:
 679:Drivers/STM32F0xx_HAL_Driver/Src/stm32f0xx_hal_flash_ex.c **** 
 844              		.loc 1 679 12 view .LVU268
 845 004c 6548     		ldr	r0, .L89+8
 846              	.LVL59:
 847              	.LBB90:
 848              	.LBB89:
 891:Drivers/STM32F0xx_HAL_Driver/Src/stm32f0xx_hal_flash_ex.c **** }
 849              		.loc 1 891 10 view .LVU269
 850 004e 9946     		mov	r9, r3
 851              	.LVL60:
 891:Drivers/STM32F0xx_HAL_Driver/Src/stm32f0xx_hal_flash_ex.c **** }
 852              		.loc 1 891 10 view .LVU270
 853              	.LBE89:
 854              	.LBE90:
 658:Drivers/STM32F0xx_HAL_Driver/Src/stm32f0xx_hal_flash_ex.c **** #endif /* OB_WRP_PAGES0TO31MASK */
 855              		.loc 1 658 3 is_stmt 1 view .LVU271
 664:Drivers/STM32F0xx_HAL_Driver/Src/stm32f0xx_hal_flash_ex.c **** #endif /* OB_WRP_PAGES32TO63MASK */
 856              		.loc 1 664 3 view .LVU272
 679:Drivers/STM32F0xx_HAL_Driver/Src/stm32f0xx_hal_flash_ex.c **** 
 857              		.loc 1 679 3 view .LVU273
 679:Drivers/STM32F0xx_HAL_Driver/Src/stm32f0xx_hal_flash_ex.c **** 
ARM GAS  C:\Users\joshr\AppData\Local\Temp\ccxDAWix.s 			page 37


 858              		.loc 1 679 12 is_stmt 0 view .LVU274
 859 0050 FFF7FEFF 		bl	FLASH_WaitForLastOperation
 860              	.LVL61:
 679:Drivers/STM32F0xx_HAL_Driver/Src/stm32f0xx_hal_flash_ex.c **** 
 861              		.loc 1 679 12 view .LVU275
 862 0054 041E     		subs	r4, r0, #0
 863              	.LVL62:
 681:Drivers/STM32F0xx_HAL_Driver/Src/stm32f0xx_hal_flash_ex.c ****   { 
 864              		.loc 1 681 3 is_stmt 1 view .LVU276
 681:Drivers/STM32F0xx_HAL_Driver/Src/stm32f0xx_hal_flash_ex.c ****   { 
 865              		.loc 1 681 5 is_stmt 0 view .LVU277
 866 0056 EAD1     		bne	.L46
 684:Drivers/STM32F0xx_HAL_Driver/Src/stm32f0xx_hal_flash_ex.c **** 
 867              		.loc 1 684 5 is_stmt 1 view .LVU278
 684:Drivers/STM32F0xx_HAL_Driver/Src/stm32f0xx_hal_flash_ex.c **** 
 868              		.loc 1 684 22 is_stmt 0 view .LVU279
 869 0058 F061     		str	r0, [r6, #28]
 687:Drivers/STM32F0xx_HAL_Driver/Src/stm32f0xx_hal_flash_ex.c ****     if (status == HAL_OK)  
 870              		.loc 1 687 5 is_stmt 1 view .LVU280
 687:Drivers/STM32F0xx_HAL_Driver/Src/stm32f0xx_hal_flash_ex.c ****     if (status == HAL_OK)  
 871              		.loc 1 687 14 is_stmt 0 view .LVU281
 872 005a FFF7FEFF 		bl	HAL_FLASHEx_OBErase
 873              	.LVL63:
 687:Drivers/STM32F0xx_HAL_Driver/Src/stm32f0xx_hal_flash_ex.c ****     if (status == HAL_OK)  
 874              		.loc 1 687 14 view .LVU282
 875 005e 041E     		subs	r4, r0, #0
 876              	.LVL64:
 688:Drivers/STM32F0xx_HAL_Driver/Src/stm32f0xx_hal_flash_ex.c ****     {
 877              		.loc 1 688 5 is_stmt 1 view .LVU283
 688:Drivers/STM32F0xx_HAL_Driver/Src/stm32f0xx_hal_flash_ex.c ****     {
 878              		.loc 1 688 8 is_stmt 0 view .LVU284
 879 0060 E5D1     		bne	.L46
 653:Drivers/STM32F0xx_HAL_Driver/Src/stm32f0xx_hal_flash_ex.c **** 
 880              		.loc 1 653 20 discriminator 1 view .LVU285
 881 0062 4B46     		mov	r3, r9
 882 0064 4246     		mov	r2, r8
 883 0066 1343     		orrs	r3, r2
 884              	.LVL65:
 653:Drivers/STM32F0xx_HAL_Driver/Src/stm32f0xx_hal_flash_ex.c **** 
 885              		.loc 1 653 20 discriminator 1 view .LVU286
 886 0068 7DE0     		b	.L83
 887              	.LVL66:
 888              	.L85:
 653:Drivers/STM32F0xx_HAL_Driver/Src/stm32f0xx_hal_flash_ex.c **** 
 889              		.loc 1 653 20 discriminator 1 view .LVU287
 890              	.LBE86:
 891              	.LBE85:
 395:Drivers/STM32F0xx_HAL_Driver/Src/stm32f0xx_hal_flash_ex.c ****     if (status != HAL_OK)
 892              		.loc 1 395 5 is_stmt 1 view .LVU288
 395:Drivers/STM32F0xx_HAL_Driver/Src/stm32f0xx_hal_flash_ex.c ****     if (status != HAL_OK)
 893              		.loc 1 395 14 is_stmt 0 view .LVU289
 894 006a 2B7B     		ldrb	r3, [r5, #12]
 895              	.LBB94:
 896              	.LBB95:
 757:Drivers/STM32F0xx_HAL_Driver/Src/stm32f0xx_hal_flash_ex.c ****   
 897              		.loc 1 757 12 view .LVU290
 898 006c 5D48     		ldr	r0, .L89+8
ARM GAS  C:\Users\joshr\AppData\Local\Temp\ccxDAWix.s 			page 38


 899              	.LBE95:
 900              	.LBE94:
 395:Drivers/STM32F0xx_HAL_Driver/Src/stm32f0xx_hal_flash_ex.c ****     if (status != HAL_OK)
 901              		.loc 1 395 14 view .LVU291
 902 006e 9846     		mov	r8, r3
 903              	.LVL67:
 904              	.LBB99:
 905              	.LBI94:
 749:Drivers/STM32F0xx_HAL_Driver/Src/stm32f0xx_hal_flash_ex.c **** {
 906              		.loc 1 749 26 is_stmt 1 view .LVU292
 907              	.LBB98:
 751:Drivers/STM32F0xx_HAL_Driver/Src/stm32f0xx_hal_flash_ex.c ****   
 908              		.loc 1 751 3 view .LVU293
 754:Drivers/STM32F0xx_HAL_Driver/Src/stm32f0xx_hal_flash_ex.c ****   
 909              		.loc 1 754 3 view .LVU294
 757:Drivers/STM32F0xx_HAL_Driver/Src/stm32f0xx_hal_flash_ex.c ****   
 910              		.loc 1 757 3 view .LVU295
 757:Drivers/STM32F0xx_HAL_Driver/Src/stm32f0xx_hal_flash_ex.c ****   
 911              		.loc 1 757 12 is_stmt 0 view .LVU296
 912 0070 FFF7FEFF 		bl	FLASH_WaitForLastOperation
 913              	.LVL68:
 914 0074 041E     		subs	r4, r0, #0
 915              	.LVL69:
 759:Drivers/STM32F0xx_HAL_Driver/Src/stm32f0xx_hal_flash_ex.c ****   { 
 916              		.loc 1 759 3 is_stmt 1 view .LVU297
 759:Drivers/STM32F0xx_HAL_Driver/Src/stm32f0xx_hal_flash_ex.c ****   { 
 917              		.loc 1 759 5 is_stmt 0 view .LVU298
 918 0076 DAD1     		bne	.L46
 762:Drivers/STM32F0xx_HAL_Driver/Src/stm32f0xx_hal_flash_ex.c ****     
 919              		.loc 1 762 5 is_stmt 1 view .LVU299
 765:Drivers/STM32F0xx_HAL_Driver/Src/stm32f0xx_hal_flash_ex.c ****     SET_BIT(FLASH->CR, FLASH_CR_STRT);
 920              		.loc 1 765 5 is_stmt 0 view .LVU300
 921 0078 2022     		movs	r2, #32
 922 007a 9146     		mov	r9, r2
 923 007c 584F     		ldr	r7, .L89+4
 762:Drivers/STM32F0xx_HAL_Driver/Src/stm32f0xx_hal_flash_ex.c ****     
 924              		.loc 1 762 22 view .LVU301
 925 007e F061     		str	r0, [r6, #28]
 765:Drivers/STM32F0xx_HAL_Driver/Src/stm32f0xx_hal_flash_ex.c ****     SET_BIT(FLASH->CR, FLASH_CR_STRT);
 926              		.loc 1 765 5 is_stmt 1 view .LVU302
 927 0080 3B69     		ldr	r3, [r7, #16]
 769:Drivers/STM32F0xx_HAL_Driver/Src/stm32f0xx_hal_flash_ex.c **** 
 928              		.loc 1 769 14 is_stmt 0 view .LVU303
 929 0082 5848     		ldr	r0, .L89+8
 930              	.LVL70:
 765:Drivers/STM32F0xx_HAL_Driver/Src/stm32f0xx_hal_flash_ex.c ****     SET_BIT(FLASH->CR, FLASH_CR_STRT);
 931              		.loc 1 765 5 view .LVU304
 932 0084 1343     		orrs	r3, r2
 933 0086 3B61     		str	r3, [r7, #16]
 766:Drivers/STM32F0xx_HAL_Driver/Src/stm32f0xx_hal_flash_ex.c **** 
 934              		.loc 1 766 5 is_stmt 1 view .LVU305
 935 0088 3B69     		ldr	r3, [r7, #16]
 936 008a 2032     		adds	r2, r2, #32
 937 008c 1343     		orrs	r3, r2
 938 008e 3B61     		str	r3, [r7, #16]
 769:Drivers/STM32F0xx_HAL_Driver/Src/stm32f0xx_hal_flash_ex.c **** 
 939              		.loc 1 769 5 view .LVU306
ARM GAS  C:\Users\joshr\AppData\Local\Temp\ccxDAWix.s 			page 39


 769:Drivers/STM32F0xx_HAL_Driver/Src/stm32f0xx_hal_flash_ex.c **** 
 940              		.loc 1 769 14 is_stmt 0 view .LVU307
 941 0090 FFF7FEFF 		bl	FLASH_WaitForLastOperation
 942              	.LVL71:
 772:Drivers/STM32F0xx_HAL_Driver/Src/stm32f0xx_hal_flash_ex.c **** 
 943              		.loc 1 772 5 view .LVU308
 944 0094 4A46     		mov	r2, r9
 945 0096 3B69     		ldr	r3, [r7, #16]
 769:Drivers/STM32F0xx_HAL_Driver/Src/stm32f0xx_hal_flash_ex.c **** 
 946              		.loc 1 769 14 view .LVU309
 947 0098 0400     		movs	r4, r0
 948              	.LVL72:
 772:Drivers/STM32F0xx_HAL_Driver/Src/stm32f0xx_hal_flash_ex.c **** 
 949              		.loc 1 772 5 is_stmt 1 view .LVU310
 950 009a 9343     		bics	r3, r2
 951 009c 3B61     		str	r3, [r7, #16]
 774:Drivers/STM32F0xx_HAL_Driver/Src/stm32f0xx_hal_flash_ex.c ****     {
 952              		.loc 1 774 5 view .LVU311
 774:Drivers/STM32F0xx_HAL_Driver/Src/stm32f0xx_hal_flash_ex.c ****     {
 953              		.loc 1 774 7 is_stmt 0 view .LVU312
 954 009e 0028     		cmp	r0, #0
 955 00a0 C5D1     		bne	.L46
 956              	.LVL73:
 957              	.LBB96:
 958              	.LBI96:
 749:Drivers/STM32F0xx_HAL_Driver/Src/stm32f0xx_hal_flash_ex.c **** {
 959              		.loc 1 749 26 is_stmt 1 view .LVU313
 960              	.LBB97:
 777:Drivers/STM32F0xx_HAL_Driver/Src/stm32f0xx_hal_flash_ex.c ****       
 961              		.loc 1 777 7 view .LVU314
 962 00a2 3B69     		ldr	r3, [r7, #16]
 963 00a4 103A     		subs	r2, r2, #16
 964 00a6 1343     		orrs	r3, r2
 965 00a8 9146     		mov	r9, r2
 779:Drivers/STM32F0xx_HAL_Driver/Src/stm32f0xx_hal_flash_ex.c ****       
 966              		.loc 1 779 7 is_stmt 0 view .LVU315
 967 00aa 4246     		mov	r2, r8
 777:Drivers/STM32F0xx_HAL_Driver/Src/stm32f0xx_hal_flash_ex.c ****       
 968              		.loc 1 777 7 view .LVU316
 969 00ac 3B61     		str	r3, [r7, #16]
 779:Drivers/STM32F0xx_HAL_Driver/Src/stm32f0xx_hal_flash_ex.c ****       
 970              		.loc 1 779 7 is_stmt 1 view .LVU317
 971 00ae 4E4B     		ldr	r3, .L89+12
 782:Drivers/STM32F0xx_HAL_Driver/Src/stm32f0xx_hal_flash_ex.c ****       
 972              		.loc 1 782 16 is_stmt 0 view .LVU318
 973 00b0 4C48     		ldr	r0, .L89+8
 974              	.LVL74:
 779:Drivers/STM32F0xx_HAL_Driver/Src/stm32f0xx_hal_flash_ex.c ****       
 975              		.loc 1 779 7 view .LVU319
 976 00b2 1A80     		strh	r2, [r3]
 782:Drivers/STM32F0xx_HAL_Driver/Src/stm32f0xx_hal_flash_ex.c ****       
 977              		.loc 1 782 7 is_stmt 1 view .LVU320
 782:Drivers/STM32F0xx_HAL_Driver/Src/stm32f0xx_hal_flash_ex.c ****       
 978              		.loc 1 782 16 is_stmt 0 view .LVU321
 979 00b4 FFF7FEFF 		bl	FLASH_WaitForLastOperation
 980              	.LVL75:
 785:Drivers/STM32F0xx_HAL_Driver/Src/stm32f0xx_hal_flash_ex.c ****     }
ARM GAS  C:\Users\joshr\AppData\Local\Temp\ccxDAWix.s 			page 40


 981              		.loc 1 785 7 view .LVU322
 982 00b8 4A46     		mov	r2, r9
 983 00ba 3B69     		ldr	r3, [r7, #16]
 782:Drivers/STM32F0xx_HAL_Driver/Src/stm32f0xx_hal_flash_ex.c ****       
 984              		.loc 1 782 16 view .LVU323
 985 00bc 0400     		movs	r4, r0
 986              	.LVL76:
 785:Drivers/STM32F0xx_HAL_Driver/Src/stm32f0xx_hal_flash_ex.c ****     }
 987              		.loc 1 785 7 is_stmt 1 view .LVU324
 988 00be 9343     		bics	r3, r2
 989 00c0 3B61     		str	r3, [r7, #16]
 789:Drivers/STM32F0xx_HAL_Driver/Src/stm32f0xx_hal_flash_ex.c **** }
 990              		.loc 1 789 3 view .LVU325
 991              	.LVL77:
 789:Drivers/STM32F0xx_HAL_Driver/Src/stm32f0xx_hal_flash_ex.c **** }
 992              		.loc 1 789 3 is_stmt 0 view .LVU326
 993              	.LBE97:
 994              	.LBE96:
 789:Drivers/STM32F0xx_HAL_Driver/Src/stm32f0xx_hal_flash_ex.c **** }
 995              		.loc 1 789 3 is_stmt 1 view .LVU327
 789:Drivers/STM32F0xx_HAL_Driver/Src/stm32f0xx_hal_flash_ex.c **** }
 996              		.loc 1 789 3 is_stmt 0 view .LVU328
 997              	.LBE98:
 998              	.LBE99:
 396:Drivers/STM32F0xx_HAL_Driver/Src/stm32f0xx_hal_flash_ex.c ****     {
 999              		.loc 1 396 5 is_stmt 1 view .LVU329
 396:Drivers/STM32F0xx_HAL_Driver/Src/stm32f0xx_hal_flash_ex.c ****     {
 1000              		.loc 1 396 8 is_stmt 0 view .LVU330
 1001 00c2 0028     		cmp	r0, #0
 1002 00c4 B3D1     		bne	.L46
 405:Drivers/STM32F0xx_HAL_Driver/Src/stm32f0xx_hal_flash_ex.c ****   {
 1003              		.loc 1 405 14 view .LVU331
 1004 00c6 2B68     		ldr	r3, [r5]
 1005 00c8 ACE7     		b	.L42
 1006              	.LVL78:
 1007              	.L86:
 407:Drivers/STM32F0xx_HAL_Driver/Src/stm32f0xx_hal_flash_ex.c ****     if (status != HAL_OK)
 1008              		.loc 1 407 5 is_stmt 1 view .LVU332
 1009              	.LBB100:
 1010              	.LBB101:
 817:Drivers/STM32F0xx_HAL_Driver/Src/stm32f0xx_hal_flash_ex.c ****   
 1011              		.loc 1 817 12 is_stmt 0 view .LVU333
 1012 00ca 4648     		ldr	r0, .L89+8
 1013              	.LBE101:
 1014              	.LBE100:
 407:Drivers/STM32F0xx_HAL_Driver/Src/stm32f0xx_hal_flash_ex.c ****     if (status != HAL_OK)
 1015              		.loc 1 407 14 view .LVU334
 1016 00cc 6F7B     		ldrb	r7, [r5, #13]
 1017              	.LVL79:
 1018              	.LBB103:
 1019              	.LBI100:
 800:Drivers/STM32F0xx_HAL_Driver/Src/stm32f0xx_hal_flash_ex.c **** {
 1020              		.loc 1 800 26 is_stmt 1 view .LVU335
 1021              	.LBB102:
 802:Drivers/STM32F0xx_HAL_Driver/Src/stm32f0xx_hal_flash_ex.c **** 
 1022              		.loc 1 802 3 view .LVU336
 805:Drivers/STM32F0xx_HAL_Driver/Src/stm32f0xx_hal_flash_ex.c ****   assert_param(IS_OB_STOP_SOURCE((UserConfig&OB_STOP_NO_RST)));
ARM GAS  C:\Users\joshr\AppData\Local\Temp\ccxDAWix.s 			page 41


 1023              		.loc 1 805 3 view .LVU337
 806:Drivers/STM32F0xx_HAL_Driver/Src/stm32f0xx_hal_flash_ex.c ****   assert_param(IS_OB_STDBY_SOURCE((UserConfig&OB_STDBY_NO_RST)));
 1024              		.loc 1 806 3 view .LVU338
 807:Drivers/STM32F0xx_HAL_Driver/Src/stm32f0xx_hal_flash_ex.c ****   assert_param(IS_OB_BOOT1((UserConfig&OB_BOOT1_SET)));
 1025              		.loc 1 807 3 view .LVU339
 808:Drivers/STM32F0xx_HAL_Driver/Src/stm32f0xx_hal_flash_ex.c ****   assert_param(IS_OB_VDDA_ANALOG((UserConfig&OB_VDDA_ANALOG_ON)));
 1026              		.loc 1 808 3 view .LVU340
 809:Drivers/STM32F0xx_HAL_Driver/Src/stm32f0xx_hal_flash_ex.c ****   assert_param(IS_OB_SRAM_PARITY((UserConfig&OB_SRAM_PARITY_RESET)));
 1027              		.loc 1 809 3 view .LVU341
 810:Drivers/STM32F0xx_HAL_Driver/Src/stm32f0xx_hal_flash_ex.c **** #if defined(FLASH_OBR_BOOT_SEL)
 1028              		.loc 1 810 3 view .LVU342
 817:Drivers/STM32F0xx_HAL_Driver/Src/stm32f0xx_hal_flash_ex.c ****   
 1029              		.loc 1 817 3 view .LVU343
 817:Drivers/STM32F0xx_HAL_Driver/Src/stm32f0xx_hal_flash_ex.c ****   
 1030              		.loc 1 817 12 is_stmt 0 view .LVU344
 1031 00ce FFF7FEFF 		bl	FLASH_WaitForLastOperation
 1032              	.LVL80:
 817:Drivers/STM32F0xx_HAL_Driver/Src/stm32f0xx_hal_flash_ex.c ****   
 1033              		.loc 1 817 12 view .LVU345
 1034 00d2 041E     		subs	r4, r0, #0
 1035              	.LVL81:
 819:Drivers/STM32F0xx_HAL_Driver/Src/stm32f0xx_hal_flash_ex.c ****   {     
 1036              		.loc 1 819 3 is_stmt 1 view .LVU346
 819:Drivers/STM32F0xx_HAL_Driver/Src/stm32f0xx_hal_flash_ex.c ****   {     
 1037              		.loc 1 819 5 is_stmt 0 view .LVU347
 1038 00d4 ABD1     		bne	.L46
 822:Drivers/STM32F0xx_HAL_Driver/Src/stm32f0xx_hal_flash_ex.c **** 
 1039              		.loc 1 822 5 is_stmt 1 view .LVU348
 825:Drivers/STM32F0xx_HAL_Driver/Src/stm32f0xx_hal_flash_ex.c ****  
 1040              		.loc 1 825 5 is_stmt 0 view .LVU349
 1041 00d6 424B     		ldr	r3, .L89+4
 1042 00d8 1022     		movs	r2, #16
 1043 00da 9846     		mov	r8, r3
 822:Drivers/STM32F0xx_HAL_Driver/Src/stm32f0xx_hal_flash_ex.c **** 
 1044              		.loc 1 822 22 view .LVU350
 1045 00dc F061     		str	r0, [r6, #28]
 825:Drivers/STM32F0xx_HAL_Driver/Src/stm32f0xx_hal_flash_ex.c ****  
 1046              		.loc 1 825 5 is_stmt 1 view .LVU351
 1047 00de 1B69     		ldr	r3, [r3, #16]
 1048 00e0 9146     		mov	r9, r2
 1049 00e2 1343     		orrs	r3, r2
 1050 00e4 4246     		mov	r2, r8
 1051 00e6 1361     		str	r3, [r2, #16]
 830:Drivers/STM32F0xx_HAL_Driver/Src/stm32f0xx_hal_flash_ex.c **** #endif
 1052              		.loc 1 830 5 view .LVU352
 830:Drivers/STM32F0xx_HAL_Driver/Src/stm32f0xx_hal_flash_ex.c **** #endif
 1053              		.loc 1 830 14 is_stmt 0 view .LVU353
 1054 00e8 8823     		movs	r3, #136
 1055 00ea 3F4A     		ldr	r2, .L89+12
 1056 00ec 3B43     		orrs	r3, r7
 1057 00ee 5380     		strh	r3, [r2, #2]
 834:Drivers/STM32F0xx_HAL_Driver/Src/stm32f0xx_hal_flash_ex.c **** 
 1058              		.loc 1 834 5 is_stmt 1 view .LVU354
 834:Drivers/STM32F0xx_HAL_Driver/Src/stm32f0xx_hal_flash_ex.c **** 
 1059              		.loc 1 834 14 is_stmt 0 view .LVU355
 1060 00f0 3C48     		ldr	r0, .L89+8
 1061              	.LVL82:
ARM GAS  C:\Users\joshr\AppData\Local\Temp\ccxDAWix.s 			page 42


 834:Drivers/STM32F0xx_HAL_Driver/Src/stm32f0xx_hal_flash_ex.c **** 
 1062              		.loc 1 834 14 view .LVU356
 1063 00f2 FFF7FEFF 		bl	FLASH_WaitForLastOperation
 1064              	.LVL83:
 837:Drivers/STM32F0xx_HAL_Driver/Src/stm32f0xx_hal_flash_ex.c ****   }
 1065              		.loc 1 837 5 view .LVU357
 1066 00f6 4346     		mov	r3, r8
 1067 00f8 4A46     		mov	r2, r9
 1068 00fa 1B69     		ldr	r3, [r3, #16]
 834:Drivers/STM32F0xx_HAL_Driver/Src/stm32f0xx_hal_flash_ex.c **** 
 1069              		.loc 1 834 14 view .LVU358
 1070 00fc 0400     		movs	r4, r0
 1071              	.LVL84:
 837:Drivers/STM32F0xx_HAL_Driver/Src/stm32f0xx_hal_flash_ex.c ****   }
 1072              		.loc 1 837 5 is_stmt 1 view .LVU359
 1073 00fe 9343     		bics	r3, r2
 1074 0100 4246     		mov	r2, r8
 1075 0102 1361     		str	r3, [r2, #16]
 840:Drivers/STM32F0xx_HAL_Driver/Src/stm32f0xx_hal_flash_ex.c **** }
 1076              		.loc 1 840 3 view .LVU360
 1077              	.LVL85:
 840:Drivers/STM32F0xx_HAL_Driver/Src/stm32f0xx_hal_flash_ex.c **** }
 1078              		.loc 1 840 3 is_stmt 0 view .LVU361
 1079              	.LBE102:
 1080              	.LBE103:
 408:Drivers/STM32F0xx_HAL_Driver/Src/stm32f0xx_hal_flash_ex.c ****     {
 1081              		.loc 1 408 5 is_stmt 1 view .LVU362
 408:Drivers/STM32F0xx_HAL_Driver/Src/stm32f0xx_hal_flash_ex.c ****     {
 1082              		.loc 1 408 8 is_stmt 0 view .LVU363
 1083 0104 0028     		cmp	r0, #0
 1084 0106 00D0     		beq	.LCB953
 1085 0108 91E7     		b	.L46	@long jump
 1086              	.LCB953:
 417:Drivers/STM32F0xx_HAL_Driver/Src/stm32f0xx_hal_flash_ex.c ****   {
 1087              		.loc 1 417 14 view .LVU364
 1088 010a 2B68     		ldr	r3, [r5]
 1089 010c 8CE7     		b	.L44
 1090              	.LVL86:
 1091              	.L87:
 419:Drivers/STM32F0xx_HAL_Driver/Src/stm32f0xx_hal_flash_ex.c ****     if (status != HAL_OK)
 1092              		.loc 1 419 5 is_stmt 1 view .LVU365
 419:Drivers/STM32F0xx_HAL_Driver/Src/stm32f0xx_hal_flash_ex.c ****     if (status != HAL_OK)
 1093              		.loc 1 419 14 is_stmt 0 view .LVU366
 1094 010e 2B7D     		ldrb	r3, [r5, #20]
 1095              	.LBB104:
 1096              	.LBB105:
 863:Drivers/STM32F0xx_HAL_Driver/Src/stm32f0xx_hal_flash_ex.c ****   
 1097              		.loc 1 863 12 view .LVU367
 1098 0110 3448     		ldr	r0, .L89+8
 1099              	.LBE105:
 1100              	.LBE104:
 419:Drivers/STM32F0xx_HAL_Driver/Src/stm32f0xx_hal_flash_ex.c ****     if (status != HAL_OK)
 1101              		.loc 1 419 14 view .LVU368
 1102 0112 9846     		mov	r8, r3
 1103 0114 2F69     		ldr	r7, [r5, #16]
 1104              	.LVL87:
 1105              	.LBB107:
ARM GAS  C:\Users\joshr\AppData\Local\Temp\ccxDAWix.s 			page 43


 1106              	.LBI104:
 855:Drivers/STM32F0xx_HAL_Driver/Src/stm32f0xx_hal_flash_ex.c **** {
 1107              		.loc 1 855 26 is_stmt 1 view .LVU369
 1108              	.LBB106:
 857:Drivers/STM32F0xx_HAL_Driver/Src/stm32f0xx_hal_flash_ex.c ****   
 1109              		.loc 1 857 3 view .LVU370
 860:Drivers/STM32F0xx_HAL_Driver/Src/stm32f0xx_hal_flash_ex.c ****   
 1110              		.loc 1 860 3 view .LVU371
 863:Drivers/STM32F0xx_HAL_Driver/Src/stm32f0xx_hal_flash_ex.c ****   
 1111              		.loc 1 863 3 view .LVU372
 863:Drivers/STM32F0xx_HAL_Driver/Src/stm32f0xx_hal_flash_ex.c ****   
 1112              		.loc 1 863 12 is_stmt 0 view .LVU373
 1113 0116 FFF7FEFF 		bl	FLASH_WaitForLastOperation
 1114              	.LVL88:
 1115 011a 041E     		subs	r4, r0, #0
 1116              	.LVL89:
 865:Drivers/STM32F0xx_HAL_Driver/Src/stm32f0xx_hal_flash_ex.c ****   {
 1117              		.loc 1 865 3 is_stmt 1 view .LVU374
 865:Drivers/STM32F0xx_HAL_Driver/Src/stm32f0xx_hal_flash_ex.c ****   {
 1118              		.loc 1 865 5 is_stmt 0 view .LVU375
 1119 011c 00D0     		beq	.LCB985
 1120 011e 86E7     		b	.L46	@long jump
 1121              	.LCB985:
 868:Drivers/STM32F0xx_HAL_Driver/Src/stm32f0xx_hal_flash_ex.c **** 
 1122              		.loc 1 868 5 is_stmt 1 view .LVU376
 871:Drivers/STM32F0xx_HAL_Driver/Src/stm32f0xx_hal_flash_ex.c ****     *(__IO uint16_t*)Address = Data;
 1123              		.loc 1 871 5 is_stmt 0 view .LVU377
 1124 0120 1022     		movs	r2, #16
 1125 0122 2F4D     		ldr	r5, .L89+4
 1126              	.LVL90:
 868:Drivers/STM32F0xx_HAL_Driver/Src/stm32f0xx_hal_flash_ex.c **** 
 1127              		.loc 1 868 22 view .LVU378
 1128 0124 F061     		str	r0, [r6, #28]
 871:Drivers/STM32F0xx_HAL_Driver/Src/stm32f0xx_hal_flash_ex.c ****     *(__IO uint16_t*)Address = Data;
 1129              		.loc 1 871 5 is_stmt 1 view .LVU379
 1130 0126 2B69     		ldr	r3, [r5, #16]
 1131 0128 9146     		mov	r9, r2
 1132 012a 1343     		orrs	r3, r2
 1133 012c 2B61     		str	r3, [r5, #16]
 872:Drivers/STM32F0xx_HAL_Driver/Src/stm32f0xx_hal_flash_ex.c ****     
 1134              		.loc 1 872 5 view .LVU380
 872:Drivers/STM32F0xx_HAL_Driver/Src/stm32f0xx_hal_flash_ex.c ****     
 1135              		.loc 1 872 30 is_stmt 0 view .LVU381
 1136 012e 4346     		mov	r3, r8
 875:Drivers/STM32F0xx_HAL_Driver/Src/stm32f0xx_hal_flash_ex.c ****     
 1137              		.loc 1 875 14 view .LVU382
 1138 0130 2C48     		ldr	r0, .L89+8
 1139              	.LVL91:
 872:Drivers/STM32F0xx_HAL_Driver/Src/stm32f0xx_hal_flash_ex.c ****     
 1140              		.loc 1 872 30 view .LVU383
 1141 0132 3B80     		strh	r3, [r7]
 875:Drivers/STM32F0xx_HAL_Driver/Src/stm32f0xx_hal_flash_ex.c ****     
 1142              		.loc 1 875 5 is_stmt 1 view .LVU384
 875:Drivers/STM32F0xx_HAL_Driver/Src/stm32f0xx_hal_flash_ex.c ****     
 1143              		.loc 1 875 14 is_stmt 0 view .LVU385
 1144 0134 FFF7FEFF 		bl	FLASH_WaitForLastOperation
 1145              	.LVL92:
ARM GAS  C:\Users\joshr\AppData\Local\Temp\ccxDAWix.s 			page 44


 878:Drivers/STM32F0xx_HAL_Driver/Src/stm32f0xx_hal_flash_ex.c ****   }
 1146              		.loc 1 878 5 view .LVU386
 1147 0138 4A46     		mov	r2, r9
 1148 013a 2B69     		ldr	r3, [r5, #16]
 875:Drivers/STM32F0xx_HAL_Driver/Src/stm32f0xx_hal_flash_ex.c ****     
 1149              		.loc 1 875 14 view .LVU387
 1150 013c 0400     		movs	r4, r0
 1151              	.LVL93:
 878:Drivers/STM32F0xx_HAL_Driver/Src/stm32f0xx_hal_flash_ex.c ****   }
 1152              		.loc 1 878 5 is_stmt 1 view .LVU388
 1153 013e 9343     		bics	r3, r2
 1154 0140 2B61     		str	r3, [r5, #16]
 881:Drivers/STM32F0xx_HAL_Driver/Src/stm32f0xx_hal_flash_ex.c **** }
 1155              		.loc 1 881 3 view .LVU389
 1156              	.LVL94:
 881:Drivers/STM32F0xx_HAL_Driver/Src/stm32f0xx_hal_flash_ex.c **** }
 1157              		.loc 1 881 3 is_stmt 0 view .LVU390
 1158              	.LBE106:
 1159              	.LBE107:
 420:Drivers/STM32F0xx_HAL_Driver/Src/stm32f0xx_hal_flash_ex.c ****     {
 1160              		.loc 1 420 5 is_stmt 1 view .LVU391
 1161 0142 74E7     		b	.L46
 1162              	.LVL95:
 1163              	.L88:
 377:Drivers/STM32F0xx_HAL_Driver/Src/stm32f0xx_hal_flash_ex.c ****     }
 1164              		.loc 1 377 7 view .LVU392
 1165              	.LBB108:
 1166              	.LBI76:
 519:Drivers/STM32F0xx_HAL_Driver/Src/stm32f0xx_hal_flash_ex.c **** {
 1167              		.loc 1 519 26 view .LVU393
 1168              	.LBB84:
 521:Drivers/STM32F0xx_HAL_Driver/Src/stm32f0xx_hal_flash_ex.c ****   uint16_t WRP0_Data = 0xFFFFU;
 1169              		.loc 1 521 3 view .LVU394
 522:Drivers/STM32F0xx_HAL_Driver/Src/stm32f0xx_hal_flash_ex.c **** #if defined(OB_WRP1_WRP1)
 1170              		.loc 1 522 3 view .LVU395
 524:Drivers/STM32F0xx_HAL_Driver/Src/stm32f0xx_hal_flash_ex.c **** #endif /* OB_WRP1_WRP1 */
 1171              		.loc 1 524 3 view .LVU396
 534:Drivers/STM32F0xx_HAL_Driver/Src/stm32f0xx_hal_flash_ex.c ****     
 1172              		.loc 1 534 3 view .LVU397
 537:Drivers/STM32F0xx_HAL_Driver/Src/stm32f0xx_hal_flash_ex.c ****   
 1173              		.loc 1 537 3 view .LVU398
 1174              	.LBB82:
 1175              	.LBI78:
 888:Drivers/STM32F0xx_HAL_Driver/Src/stm32f0xx_hal_flash_ex.c **** {
 1176              		.loc 1 888 17 view .LVU399
 1177              	.LBB80:
 891:Drivers/STM32F0xx_HAL_Driver/Src/stm32f0xx_hal_flash_ex.c **** }
 1178              		.loc 1 891 3 view .LVU400
 891:Drivers/STM32F0xx_HAL_Driver/Src/stm32f0xx_hal_flash_ex.c **** }
 1179              		.loc 1 891 10 is_stmt 0 view .LVU401
 1180 0144 3B6A     		ldr	r3, [r7, #32]
 1181              	.LBE80:
 1182              	.LBE82:
 562:Drivers/STM32F0xx_HAL_Driver/Src/stm32f0xx_hal_flash_ex.c **** 
 1183              		.loc 1 562 12 view .LVU402
 1184 0146 2748     		ldr	r0, .L89+8
 1185              	.LVL96:
ARM GAS  C:\Users\joshr\AppData\Local\Temp\ccxDAWix.s 			page 45


 1186              	.LBB83:
 1187              	.LBB81:
 891:Drivers/STM32F0xx_HAL_Driver/Src/stm32f0xx_hal_flash_ex.c **** }
 1188              		.loc 1 891 10 view .LVU403
 1189 0148 9946     		mov	r9, r3
 1190              	.LVL97:
 891:Drivers/STM32F0xx_HAL_Driver/Src/stm32f0xx_hal_flash_ex.c **** }
 1191              		.loc 1 891 10 view .LVU404
 1192              	.LBE81:
 1193              	.LBE83:
 542:Drivers/STM32F0xx_HAL_Driver/Src/stm32f0xx_hal_flash_ex.c **** #endif /* OB_WRP_PAGES0TO31MASK */
 1194              		.loc 1 542 3 is_stmt 1 view .LVU405
 548:Drivers/STM32F0xx_HAL_Driver/Src/stm32f0xx_hal_flash_ex.c **** #endif /* OB_WRP_PAGES32TO63MASK */
 1195              		.loc 1 548 3 view .LVU406
 562:Drivers/STM32F0xx_HAL_Driver/Src/stm32f0xx_hal_flash_ex.c **** 
 1196              		.loc 1 562 3 view .LVU407
 562:Drivers/STM32F0xx_HAL_Driver/Src/stm32f0xx_hal_flash_ex.c **** 
 1197              		.loc 1 562 12 is_stmt 0 view .LVU408
 1198 014a FFF7FEFF 		bl	FLASH_WaitForLastOperation
 1199              	.LVL98:
 562:Drivers/STM32F0xx_HAL_Driver/Src/stm32f0xx_hal_flash_ex.c **** 
 1200              		.loc 1 562 12 view .LVU409
 1201 014e 041E     		subs	r4, r0, #0
 1202              	.LVL99:
 564:Drivers/STM32F0xx_HAL_Driver/Src/stm32f0xx_hal_flash_ex.c ****   { 
 1203              		.loc 1 564 3 is_stmt 1 view .LVU410
 564:Drivers/STM32F0xx_HAL_Driver/Src/stm32f0xx_hal_flash_ex.c ****   { 
 1204              		.loc 1 564 5 is_stmt 0 view .LVU411
 1205 0150 00D0     		beq	.LCB1067
 1206 0152 6CE7     		b	.L46	@long jump
 1207              	.LCB1067:
 567:Drivers/STM32F0xx_HAL_Driver/Src/stm32f0xx_hal_flash_ex.c **** 
 1208              		.loc 1 567 5 is_stmt 1 view .LVU412
 567:Drivers/STM32F0xx_HAL_Driver/Src/stm32f0xx_hal_flash_ex.c **** 
 1209              		.loc 1 567 22 is_stmt 0 view .LVU413
 1210 0154 F061     		str	r0, [r6, #28]
 570:Drivers/STM32F0xx_HAL_Driver/Src/stm32f0xx_hal_flash_ex.c ****     if (status == HAL_OK)  
 1211              		.loc 1 570 5 is_stmt 1 view .LVU414
 570:Drivers/STM32F0xx_HAL_Driver/Src/stm32f0xx_hal_flash_ex.c ****     if (status == HAL_OK)  
 1212              		.loc 1 570 14 is_stmt 0 view .LVU415
 1213 0156 FFF7FEFF 		bl	HAL_FLASHEx_OBErase
 1214              	.LVL100:
 570:Drivers/STM32F0xx_HAL_Driver/Src/stm32f0xx_hal_flash_ex.c ****     if (status == HAL_OK)  
 1215              		.loc 1 570 14 view .LVU416
 1216 015a 041E     		subs	r4, r0, #0
 1217              	.LVL101:
 571:Drivers/STM32F0xx_HAL_Driver/Src/stm32f0xx_hal_flash_ex.c ****     {
 1218              		.loc 1 571 5 is_stmt 1 view .LVU417
 571:Drivers/STM32F0xx_HAL_Driver/Src/stm32f0xx_hal_flash_ex.c ****     {
 1219              		.loc 1 571 8 is_stmt 0 view .LVU418
 1220 015c 00D0     		beq	.LCB1077
 1221 015e 66E7     		b	.L46	@long jump
 1222              	.LCB1077:
 537:Drivers/STM32F0xx_HAL_Driver/Src/stm32f0xx_hal_flash_ex.c ****   
 1223              		.loc 1 537 20 discriminator 1 view .LVU419
 1224 0160 4B46     		mov	r3, r9
 1225 0162 4246     		mov	r2, r8
ARM GAS  C:\Users\joshr\AppData\Local\Temp\ccxDAWix.s 			page 46


 1226 0164 9343     		bics	r3, r2
 1227              	.LVL102:
 1228              	.L83:
 537:Drivers/STM32F0xx_HAL_Driver/Src/stm32f0xx_hal_flash_ex.c ****   
 1229              		.loc 1 537 20 discriminator 1 view .LVU420
 1230              	.LBE84:
 1231              	.LBE108:
 1232              	.LBB109:
 1233              	.LBB91:
 653:Drivers/STM32F0xx_HAL_Driver/Src/stm32f0xx_hal_flash_ex.c **** 
 1234              		.loc 1 653 20 discriminator 1 view .LVU421
 1235 0166 9946     		mov	r9, r3
 658:Drivers/STM32F0xx_HAL_Driver/Src/stm32f0xx_hal_flash_ex.c **** #endif /* OB_WRP_PAGES0TO31MASK */
 1236              		.loc 1 658 13 view .LVU422
 1237 0168 FF23     		movs	r3, #255
 1238 016a 4A46     		mov	r2, r9
 690:Drivers/STM32F0xx_HAL_Driver/Src/stm32f0xx_hal_flash_ex.c **** 
 1239              		.loc 1 690 7 view .LVU423
 1240 016c 1021     		movs	r1, #16
 658:Drivers/STM32F0xx_HAL_Driver/Src/stm32f0xx_hal_flash_ex.c **** #endif /* OB_WRP_PAGES0TO31MASK */
 1241              		.loc 1 658 13 view .LVU424
 1242 016e 1340     		ands	r3, r2
 690:Drivers/STM32F0xx_HAL_Driver/Src/stm32f0xx_hal_flash_ex.c **** 
 1243              		.loc 1 690 7 is_stmt 1 view .LVU425
 1244 0170 3A69     		ldr	r2, [r7, #16]
 1245 0172 8846     		mov	r8, r1
 1246 0174 0A43     		orrs	r2, r1
 1247 0176 3A61     		str	r2, [r7, #16]
 693:Drivers/STM32F0xx_HAL_Driver/Src/stm32f0xx_hal_flash_ex.c ****       {
 1248              		.loc 1 693 7 view .LVU426
 693:Drivers/STM32F0xx_HAL_Driver/Src/stm32f0xx_hal_flash_ex.c ****       {
 1249              		.loc 1 693 9 is_stmt 0 view .LVU427
 1250 0178 FF2B     		cmp	r3, #255
 1251 017a 10D0     		beq	.L40
 695:Drivers/STM32F0xx_HAL_Driver/Src/stm32f0xx_hal_flash_ex.c ****         
 1252              		.loc 1 695 9 is_stmt 1 view .LVU428
 695:Drivers/STM32F0xx_HAL_Driver/Src/stm32f0xx_hal_flash_ex.c ****         
 1253              		.loc 1 695 11 is_stmt 0 view .LVU429
 1254 017c 1A49     		ldr	r1, .L89+12
 698:Drivers/STM32F0xx_HAL_Driver/Src/stm32f0xx_hal_flash_ex.c ****       }
 1255              		.loc 1 698 18 view .LVU430
 1256 017e 1948     		ldr	r0, .L89+8
 695:Drivers/STM32F0xx_HAL_Driver/Src/stm32f0xx_hal_flash_ex.c ****         
 1257              		.loc 1 695 11 view .LVU431
 1258 0180 0A89     		ldrh	r2, [r1, #8]
 695:Drivers/STM32F0xx_HAL_Driver/Src/stm32f0xx_hal_flash_ex.c ****         
 1259              		.loc 1 695 18 view .LVU432
 1260 0182 1340     		ands	r3, r2
 1261 0184 0B81     		strh	r3, [r1, #8]
 698:Drivers/STM32F0xx_HAL_Driver/Src/stm32f0xx_hal_flash_ex.c ****       }
 1262              		.loc 1 698 9 is_stmt 1 view .LVU433
 698:Drivers/STM32F0xx_HAL_Driver/Src/stm32f0xx_hal_flash_ex.c ****       }
 1263              		.loc 1 698 18 is_stmt 0 view .LVU434
 1264 0186 FFF7FEFF 		bl	FLASH_WaitForLastOperation
 1265              	.LVL103:
 703:Drivers/STM32F0xx_HAL_Driver/Src/stm32f0xx_hal_flash_ex.c ****       {
 1266              		.loc 1 703 7 is_stmt 1 view .LVU435
ARM GAS  C:\Users\joshr\AppData\Local\Temp\ccxDAWix.s 			page 47


 703:Drivers/STM32F0xx_HAL_Driver/Src/stm32f0xx_hal_flash_ex.c ****       {
 1267              		.loc 1 703 9 is_stmt 0 view .LVU436
 1268 018a 0028     		cmp	r0, #0
 1269 018c 07D0     		beq	.L40
 733:Drivers/STM32F0xx_HAL_Driver/Src/stm32f0xx_hal_flash_ex.c ****     }
 1270              		.loc 1 733 7 is_stmt 1 view .LVU437
 1271 018e 4246     		mov	r2, r8
 1272 0190 3B69     		ldr	r3, [r7, #16]
 1273 0192 0400     		movs	r4, r0
 1274 0194 9343     		bics	r3, r2
 1275 0196 3B61     		str	r3, [r7, #16]
 1276              	.LVL104:
 733:Drivers/STM32F0xx_HAL_Driver/Src/stm32f0xx_hal_flash_ex.c ****     }
 1277              		.loc 1 733 7 is_stmt 0 view .LVU438
 1278              	.LBE91:
 1279              	.LBE109:
 384:Drivers/STM32F0xx_HAL_Driver/Src/stm32f0xx_hal_flash_ex.c ****     {
 1280              		.loc 1 384 5 is_stmt 1 view .LVU439
 1281 0198 49E7     		b	.L46
 1282              	.LVL105:
 1283              	.L48:
 365:Drivers/STM32F0xx_HAL_Driver/Src/stm32f0xx_hal_flash_ex.c **** 
 1284              		.loc 1 365 3 is_stmt 0 discriminator 1 view .LVU440
 1285 019a 0224     		movs	r4, #2
 1286 019c 49E7     		b	.L33
 1287              	.LVL106:
 1288              	.L40:
 1289              	.LBB110:
 1290              	.LBB92:
 664:Drivers/STM32F0xx_HAL_Driver/Src/stm32f0xx_hal_flash_ex.c **** #endif /* OB_WRP_PAGES32TO63MASK */
 1291              		.loc 1 664 13 view .LVU441
 1292 019e 4B46     		mov	r3, r9
 1293 01a0 1B04     		lsls	r3, r3, #16
 1294 01a2 1B0E     		lsrs	r3, r3, #24
 703:Drivers/STM32F0xx_HAL_Driver/Src/stm32f0xx_hal_flash_ex.c ****       {
 1295              		.loc 1 703 29 discriminator 1 view .LVU442
 1296 01a4 FF2B     		cmp	r3, #255
 1297 01a6 06D1     		bne	.L41
 1298              	.LVL107:
 733:Drivers/STM32F0xx_HAL_Driver/Src/stm32f0xx_hal_flash_ex.c ****     }
 1299              		.loc 1 733 7 is_stmt 1 view .LVU443
 1300 01a8 1021     		movs	r1, #16
 1301 01aa 0D4A     		ldr	r2, .L89+4
 1302 01ac 1369     		ldr	r3, [r2, #16]
 1303 01ae 8B43     		bics	r3, r1
 1304 01b0 1361     		str	r3, [r2, #16]
 1305              	.LVL108:
 733:Drivers/STM32F0xx_HAL_Driver/Src/stm32f0xx_hal_flash_ex.c ****     }
 1306              		.loc 1 733 7 is_stmt 0 view .LVU444
 1307              	.LBE92:
 1308              	.LBE110:
 384:Drivers/STM32F0xx_HAL_Driver/Src/stm32f0xx_hal_flash_ex.c ****     {
 1309              		.loc 1 384 5 is_stmt 1 view .LVU445
 393:Drivers/STM32F0xx_HAL_Driver/Src/stm32f0xx_hal_flash_ex.c ****   {
 1310              		.loc 1 393 14 is_stmt 0 view .LVU446
 1311 01b2 2B68     		ldr	r3, [r5]
 1312 01b4 34E7     		b	.L34
ARM GAS  C:\Users\joshr\AppData\Local\Temp\ccxDAWix.s 			page 48


 1313              	.LVL109:
 1314              	.L41:
 1315              	.LBB111:
 1316              	.LBB93:
 705:Drivers/STM32F0xx_HAL_Driver/Src/stm32f0xx_hal_flash_ex.c ****         
 1317              		.loc 1 705 9 is_stmt 1 view .LVU447
 705:Drivers/STM32F0xx_HAL_Driver/Src/stm32f0xx_hal_flash_ex.c ****         
 1318              		.loc 1 705 11 is_stmt 0 view .LVU448
 1319 01b6 0C49     		ldr	r1, .L89+12
 708:Drivers/STM32F0xx_HAL_Driver/Src/stm32f0xx_hal_flash_ex.c ****       }
 1320              		.loc 1 708 18 view .LVU449
 1321 01b8 0A48     		ldr	r0, .L89+8
 705:Drivers/STM32F0xx_HAL_Driver/Src/stm32f0xx_hal_flash_ex.c ****         
 1322              		.loc 1 705 11 view .LVU450
 1323 01ba 4A89     		ldrh	r2, [r1, #10]
 705:Drivers/STM32F0xx_HAL_Driver/Src/stm32f0xx_hal_flash_ex.c ****         
 1324              		.loc 1 705 18 view .LVU451
 1325 01bc 1340     		ands	r3, r2
 1326 01be 4B81     		strh	r3, [r1, #10]
 708:Drivers/STM32F0xx_HAL_Driver/Src/stm32f0xx_hal_flash_ex.c ****       }
 1327              		.loc 1 708 9 is_stmt 1 view .LVU452
 708:Drivers/STM32F0xx_HAL_Driver/Src/stm32f0xx_hal_flash_ex.c ****       }
 1328              		.loc 1 708 18 is_stmt 0 view .LVU453
 1329 01c0 FFF7FEFF 		bl	FLASH_WaitForLastOperation
 1330              	.LVL110:
 733:Drivers/STM32F0xx_HAL_Driver/Src/stm32f0xx_hal_flash_ex.c ****     }
 1331              		.loc 1 733 7 view .LVU454
 1332 01c4 1021     		movs	r1, #16
 1333 01c6 064A     		ldr	r2, .L89+4
 708:Drivers/STM32F0xx_HAL_Driver/Src/stm32f0xx_hal_flash_ex.c ****       }
 1334              		.loc 1 708 18 view .LVU455
 1335 01c8 0400     		movs	r4, r0
 1336              	.LVL111:
 733:Drivers/STM32F0xx_HAL_Driver/Src/stm32f0xx_hal_flash_ex.c ****     }
 1337              		.loc 1 733 7 is_stmt 1 view .LVU456
 1338 01ca 1369     		ldr	r3, [r2, #16]
 1339 01cc 8B43     		bics	r3, r1
 1340 01ce 1361     		str	r3, [r2, #16]
 1341              	.LVL112:
 733:Drivers/STM32F0xx_HAL_Driver/Src/stm32f0xx_hal_flash_ex.c ****     }
 1342              		.loc 1 733 7 is_stmt 0 view .LVU457
 1343              	.LBE93:
 1344              	.LBE111:
 384:Drivers/STM32F0xx_HAL_Driver/Src/stm32f0xx_hal_flash_ex.c ****     {
 1345              		.loc 1 384 5 is_stmt 1 view .LVU458
 384:Drivers/STM32F0xx_HAL_Driver/Src/stm32f0xx_hal_flash_ex.c ****     {
 1346              		.loc 1 384 8 is_stmt 0 view .LVU459
 1347 01d0 0028     		cmp	r0, #0
 1348 01d2 00D0     		beq	.LCB1199
 1349 01d4 2BE7     		b	.L46	@long jump
 1350              	.LCB1199:
 393:Drivers/STM32F0xx_HAL_Driver/Src/stm32f0xx_hal_flash_ex.c ****   {
 1351              		.loc 1 393 14 view .LVU460
 1352 01d6 2B68     		ldr	r3, [r5]
 1353 01d8 22E7     		b	.L34
 1354              	.L90:
 1355 01da C046     		.align	2
ARM GAS  C:\Users\joshr\AppData\Local\Temp\ccxDAWix.s 			page 49


 1356              	.L89:
 1357 01dc 00000000 		.word	pFlash
 1358 01e0 00200240 		.word	1073881088
 1359 01e4 50C30000 		.word	50000
 1360 01e8 00F8FF1F 		.word	536868864
 1361              		.cfi_endproc
 1362              	.LFE43:
 1364              		.section	.text.HAL_FLASHEx_OBGetConfig,"ax",%progbits
 1365              		.align	1
 1366              		.p2align 2,,3
 1367              		.global	HAL_FLASHEx_OBGetConfig
 1368              		.syntax unified
 1369              		.code	16
 1370              		.thumb_func
 1372              	HAL_FLASHEx_OBGetConfig:
 1373              	.LVL113:
 1374              	.LFB44:
 442:Drivers/STM32F0xx_HAL_Driver/Src/stm32f0xx_hal_flash_ex.c ****   pOBInit->OptionType = OPTIONBYTE_WRP | OPTIONBYTE_RDP | OPTIONBYTE_USER;
 1375              		.loc 1 442 1 is_stmt 1 view -0
 1376              		.cfi_startproc
 1377              		@ args = 0, pretend = 0, frame = 0
 1378              		@ frame_needed = 0, uses_anonymous_args = 0
 1379              		@ link register save eliminated.
 443:Drivers/STM32F0xx_HAL_Driver/Src/stm32f0xx_hal_flash_ex.c **** 
 1380              		.loc 1 443 3 view .LVU462
 443:Drivers/STM32F0xx_HAL_Driver/Src/stm32f0xx_hal_flash_ex.c **** 
 1381              		.loc 1 443 23 is_stmt 0 view .LVU463
 1382 0000 0723     		movs	r3, #7
 1383 0002 0360     		str	r3, [r0]
 446:Drivers/STM32F0xx_HAL_Driver/Src/stm32f0xx_hal_flash_ex.c **** 
 1384              		.loc 1 446 3 is_stmt 1 view .LVU464
 1385              	.LBB112:
 1386              	.LBI112:
 888:Drivers/STM32F0xx_HAL_Driver/Src/stm32f0xx_hal_flash_ex.c **** {
 1387              		.loc 1 888 17 view .LVU465
 1388              	.LBB113:
 891:Drivers/STM32F0xx_HAL_Driver/Src/stm32f0xx_hal_flash_ex.c **** }
 1389              		.loc 1 891 3 view .LVU466
 891:Drivers/STM32F0xx_HAL_Driver/Src/stm32f0xx_hal_flash_ex.c **** }
 1390              		.loc 1 891 10 is_stmt 0 view .LVU467
 1391 0004 0C4B     		ldr	r3, .L95
 1392 0006 1A6A     		ldr	r2, [r3, #32]
 1393              	.LBE113:
 1394              	.LBE112:
 446:Drivers/STM32F0xx_HAL_Driver/Src/stm32f0xx_hal_flash_ex.c **** 
 1395              		.loc 1 446 20 discriminator 1 view .LVU468
 1396 0008 8260     		str	r2, [r0, #8]
 449:Drivers/STM32F0xx_HAL_Driver/Src/stm32f0xx_hal_flash_ex.c **** 
 1397              		.loc 1 449 3 is_stmt 1 view .LVU469
 1398              	.LBB114:
 1399              	.LBI114:
 902:Drivers/STM32F0xx_HAL_Driver/Src/stm32f0xx_hal_flash_ex.c **** {
 1400              		.loc 1 902 17 view .LVU470
 1401              	.LBB115:
 904:Drivers/STM32F0xx_HAL_Driver/Src/stm32f0xx_hal_flash_ex.c ****   
 1402              		.loc 1 904 3 view .LVU471
 907:Drivers/STM32F0xx_HAL_Driver/Src/stm32f0xx_hal_flash_ex.c **** 
ARM GAS  C:\Users\joshr\AppData\Local\Temp\ccxDAWix.s 			page 50


 1403              		.loc 1 907 3 view .LVU472
 907:Drivers/STM32F0xx_HAL_Driver/Src/stm32f0xx_hal_flash_ex.c **** 
 1404              		.loc 1 907 13 is_stmt 0 view .LVU473
 1405 000a DA69     		ldr	r2, [r3, #28]
 1406              	.LVL114:
 909:Drivers/STM32F0xx_HAL_Driver/Src/stm32f0xx_hal_flash_ex.c ****   {
 1407              		.loc 1 909 3 is_stmt 1 view .LVU474
 907:Drivers/STM32F0xx_HAL_Driver/Src/stm32f0xx_hal_flash_ex.c **** 
 1408              		.loc 1 907 11 is_stmt 0 view .LVU475
 1409 000c 0623     		movs	r3, #6
 909:Drivers/STM32F0xx_HAL_Driver/Src/stm32f0xx_hal_flash_ex.c ****   {
 1410              		.loc 1 909 6 view .LVU476
 1411 000e 1342     		tst	r3, r2
 1412 0010 0FD0     		beq	.L93
 913:Drivers/STM32F0xx_HAL_Driver/Src/stm32f0xx_hal_flash_ex.c ****   {
 1413              		.loc 1 913 8 is_stmt 1 view .LVU477
 913:Drivers/STM32F0xx_HAL_Driver/Src/stm32f0xx_hal_flash_ex.c ****   {
 1414              		.loc 1 913 21 is_stmt 0 view .LVU478
 1415 0012 023B     		subs	r3, r3, #2
 1416 0014 1340     		ands	r3, r2
 913:Drivers/STM32F0xx_HAL_Driver/Src/stm32f0xx_hal_flash_ex.c ****   {
 1417              		.loc 1 913 11 view .LVU479
 1418 0016 5A42     		rsbs	r2, r3, #0
 1419 0018 5341     		adcs	r3, r3, r2
 1420              	.LVL115:
 913:Drivers/STM32F0xx_HAL_Driver/Src/stm32f0xx_hal_flash_ex.c ****   {
 1421              		.loc 1 913 11 view .LVU480
 1422 001a 1022     		movs	r2, #16
 1423 001c 5B42     		rsbs	r3, r3, #0
 1424 001e 9343     		bics	r3, r2
 1425 0020 CC33     		adds	r3, r3, #204
 1426              	.L92:
 1427              	.LVL116:
 913:Drivers/STM32F0xx_HAL_Driver/Src/stm32f0xx_hal_flash_ex.c ****   {
 1428              		.loc 1 913 11 view .LVU481
 1429              	.LBE115:
 1430              	.LBE114:
 449:Drivers/STM32F0xx_HAL_Driver/Src/stm32f0xx_hal_flash_ex.c **** 
 1431              		.loc 1 449 21 discriminator 1 view .LVU482
 1432 0022 0373     		strb	r3, [r0, #12]
 452:Drivers/STM32F0xx_HAL_Driver/Src/stm32f0xx_hal_flash_ex.c **** }
 1433              		.loc 1 452 3 is_stmt 1 view .LVU483
 1434              	.LBB117:
 1435              	.LBI117:
 929:Drivers/STM32F0xx_HAL_Driver/Src/stm32f0xx_hal_flash_ex.c **** {
 1436              		.loc 1 929 16 view .LVU484
 1437              	.LBB118:
 932:Drivers/STM32F0xx_HAL_Driver/Src/stm32f0xx_hal_flash_ex.c **** }
 1438              		.loc 1 932 3 view .LVU485
 932:Drivers/STM32F0xx_HAL_Driver/Src/stm32f0xx_hal_flash_ex.c **** }
 1439              		.loc 1 932 21 is_stmt 0 view .LVU486
 1440 0024 044B     		ldr	r3, .L95
 1441              	.LBE118:
 1442              	.LBE117:
 453:Drivers/STM32F0xx_HAL_Driver/Src/stm32f0xx_hal_flash_ex.c **** 
 1443              		.loc 1 453 1 view .LVU487
 1444              		@ sp needed
ARM GAS  C:\Users\joshr\AppData\Local\Temp\ccxDAWix.s 			page 51


 1445              	.LBB120:
 1446              	.LBB119:
 932:Drivers/STM32F0xx_HAL_Driver/Src/stm32f0xx_hal_flash_ex.c **** }
 1447              		.loc 1 932 21 view .LVU488
 1448 0026 DA69     		ldr	r2, [r3, #28]
 932:Drivers/STM32F0xx_HAL_Driver/Src/stm32f0xx_hal_flash_ex.c **** }
 1449              		.loc 1 932 10 view .LVU489
 1450 0028 7723     		movs	r3, #119
 932:Drivers/STM32F0xx_HAL_Driver/Src/stm32f0xx_hal_flash_ex.c **** }
 1451              		.loc 1 932 60 view .LVU490
 1452 002a 120A     		lsrs	r2, r2, #8
 932:Drivers/STM32F0xx_HAL_Driver/Src/stm32f0xx_hal_flash_ex.c **** }
 1453              		.loc 1 932 10 view .LVU491
 1454 002c 1340     		ands	r3, r2
 1455              	.LBE119:
 1456              	.LBE120:
 452:Drivers/STM32F0xx_HAL_Driver/Src/stm32f0xx_hal_flash_ex.c **** }
 1457              		.loc 1 452 23 discriminator 1 view .LVU492
 1458 002e 4373     		strb	r3, [r0, #13]
 453:Drivers/STM32F0xx_HAL_Driver/Src/stm32f0xx_hal_flash_ex.c **** 
 1459              		.loc 1 453 1 view .LVU493
 1460 0030 7047     		bx	lr
 1461              	.LVL117:
 1462              	.L93:
 1463              	.LBB121:
 1464              	.LBB116:
 453:Drivers/STM32F0xx_HAL_Driver/Src/stm32f0xx_hal_flash_ex.c **** 
 1465              		.loc 1 453 1 view .LVU494
 1466 0032 AA23     		movs	r3, #170
 1467 0034 F5E7     		b	.L92
 1468              	.L96:
 1469 0036 C046     		.align	2
 1470              	.L95:
 1471 0038 00200240 		.word	1073881088
 1472              	.LBE116:
 1473              	.LBE121:
 1474              		.cfi_endproc
 1475              	.LFE44:
 1477              		.section	.text.HAL_FLASHEx_OBGetUserData,"ax",%progbits
 1478              		.align	1
 1479              		.p2align 2,,3
 1480              		.global	HAL_FLASHEx_OBGetUserData
 1481              		.syntax unified
 1482              		.code	16
 1483              		.thumb_func
 1485              	HAL_FLASHEx_OBGetUserData:
 1486              	.LVL118:
 1487              	.LFB45:
 464:Drivers/STM32F0xx_HAL_Driver/Src/stm32f0xx_hal_flash_ex.c ****   uint32_t value = 0U;
 1488              		.loc 1 464 1 is_stmt 1 view -0
 1489              		.cfi_startproc
 1490              		@ args = 0, pretend = 0, frame = 0
 1491              		@ frame_needed = 0, uses_anonymous_args = 0
 1492              		@ link register save eliminated.
 465:Drivers/STM32F0xx_HAL_Driver/Src/stm32f0xx_hal_flash_ex.c ****   
 1493              		.loc 1 465 3 view .LVU496
 467:Drivers/STM32F0xx_HAL_Driver/Src/stm32f0xx_hal_flash_ex.c ****   {
ARM GAS  C:\Users\joshr\AppData\Local\Temp\ccxDAWix.s 			page 52


 1494              		.loc 1 467 3 view .LVU497
 467:Drivers/STM32F0xx_HAL_Driver/Src/stm32f0xx_hal_flash_ex.c ****   {
 1495              		.loc 1 467 6 is_stmt 0 view .LVU498
 1496 0000 054B     		ldr	r3, .L101
 1497 0002 9842     		cmp	r0, r3
 1498 0004 03D0     		beq	.L100
 475:Drivers/STM32F0xx_HAL_Driver/Src/stm32f0xx_hal_flash_ex.c ****   }
 1499              		.loc 1 475 5 is_stmt 1 view .LVU499
 475:Drivers/STM32F0xx_HAL_Driver/Src/stm32f0xx_hal_flash_ex.c ****   }
 1500              		.loc 1 475 13 is_stmt 0 view .LVU500
 1501 0006 054B     		ldr	r3, .L101+4
 1502 0008 D869     		ldr	r0, [r3, #28]
 1503              	.LVL119:
 475:Drivers/STM32F0xx_HAL_Driver/Src/stm32f0xx_hal_flash_ex.c ****   }
 1504              		.loc 1 475 51 view .LVU501
 1505 000a 000E     		lsrs	r0, r0, #24
 1506              	.LVL120:
 478:Drivers/STM32F0xx_HAL_Driver/Src/stm32f0xx_hal_flash_ex.c **** }
 1507              		.loc 1 478 3 is_stmt 1 view .LVU502
 1508              	.L97:
 479:Drivers/STM32F0xx_HAL_Driver/Src/stm32f0xx_hal_flash_ex.c **** 
 1509              		.loc 1 479 1 is_stmt 0 view .LVU503
 1510              		@ sp needed
 1511 000c 7047     		bx	lr
 1512              	.LVL121:
 1513              	.L100:
 470:Drivers/STM32F0xx_HAL_Driver/Src/stm32f0xx_hal_flash_ex.c ****   }
 1514              		.loc 1 470 5 is_stmt 1 view .LVU504
 470:Drivers/STM32F0xx_HAL_Driver/Src/stm32f0xx_hal_flash_ex.c ****   }
 1515              		.loc 1 470 13 is_stmt 0 view .LVU505
 1516 000e 034B     		ldr	r3, .L101+4
 1517 0010 D869     		ldr	r0, [r3, #28]
 1518              	.LVL122:
 470:Drivers/STM32F0xx_HAL_Driver/Src/stm32f0xx_hal_flash_ex.c ****   }
 1519              		.loc 1 470 11 view .LVU506
 1520 0012 0002     		lsls	r0, r0, #8
 1521 0014 000E     		lsrs	r0, r0, #24
 1522              	.LVL123:
 470:Drivers/STM32F0xx_HAL_Driver/Src/stm32f0xx_hal_flash_ex.c ****   }
 1523              		.loc 1 470 11 view .LVU507
 1524 0016 F9E7     		b	.L97
 1525              	.L102:
 1526              		.align	2
 1527              	.L101:
 1528 0018 04F8FF1F 		.word	536868868
 1529 001c 00200240 		.word	1073881088
 1530              		.cfi_endproc
 1531              	.LFE45:
 1533              		.section	.text.FLASH_PageErase,"ax",%progbits
 1534              		.align	1
 1535              		.p2align 2,,3
 1536              		.global	FLASH_PageErase
 1537              		.syntax unified
 1538              		.code	16
 1539              		.thumb_func
 1541              	FLASH_PageErase:
 1542              	.LVL124:
ARM GAS  C:\Users\joshr\AppData\Local\Temp\ccxDAWix.s 			page 53


 1543              	.LFB55:
 959:Drivers/STM32F0xx_HAL_Driver/Src/stm32f0xx_hal_flash_ex.c ****   /* Clean the error context */
 1544              		.loc 1 959 1 is_stmt 1 view -0
 1545              		.cfi_startproc
 1546              		@ args = 0, pretend = 0, frame = 0
 1547              		@ frame_needed = 0, uses_anonymous_args = 0
 1548              		@ link register save eliminated.
 961:Drivers/STM32F0xx_HAL_Driver/Src/stm32f0xx_hal_flash_ex.c **** 
 1549              		.loc 1 961 3 view .LVU509
 961:Drivers/STM32F0xx_HAL_Driver/Src/stm32f0xx_hal_flash_ex.c **** 
 1550              		.loc 1 961 20 is_stmt 0 view .LVU510
 1551 0000 0022     		movs	r2, #0
 967:Drivers/STM32F0xx_HAL_Driver/Src/stm32f0xx_hal_flash_ex.c **** }
 1552              		.loc 1 967 1 view .LVU511
 1553              		@ sp needed
 964:Drivers/STM32F0xx_HAL_Driver/Src/stm32f0xx_hal_flash_ex.c ****     WRITE_REG(FLASH->AR, PageAddress);
 1554              		.loc 1 964 5 view .LVU512
 1555 0002 0221     		movs	r1, #2
 961:Drivers/STM32F0xx_HAL_Driver/Src/stm32f0xx_hal_flash_ex.c **** 
 1556              		.loc 1 961 20 view .LVU513
 1557 0004 054B     		ldr	r3, .L104
 1558 0006 DA61     		str	r2, [r3, #28]
 964:Drivers/STM32F0xx_HAL_Driver/Src/stm32f0xx_hal_flash_ex.c ****     WRITE_REG(FLASH->AR, PageAddress);
 1559              		.loc 1 964 5 is_stmt 1 view .LVU514
 1560 0008 054B     		ldr	r3, .L104+4
 1561 000a 1A69     		ldr	r2, [r3, #16]
 1562 000c 0A43     		orrs	r2, r1
 1563 000e 1A61     		str	r2, [r3, #16]
 965:Drivers/STM32F0xx_HAL_Driver/Src/stm32f0xx_hal_flash_ex.c ****     SET_BIT(FLASH->CR, FLASH_CR_STRT);
 1564              		.loc 1 965 5 view .LVU515
 1565 0010 5861     		str	r0, [r3, #20]
 966:Drivers/STM32F0xx_HAL_Driver/Src/stm32f0xx_hal_flash_ex.c **** }
 1566              		.loc 1 966 5 view .LVU516
 1567 0012 1A69     		ldr	r2, [r3, #16]
 1568 0014 3E31     		adds	r1, r1, #62
 1569 0016 0A43     		orrs	r2, r1
 1570 0018 1A61     		str	r2, [r3, #16]
 1571              		.loc 1 967 1 is_stmt 0 view .LVU517
 1572 001a 7047     		bx	lr
 1573              	.L105:
 1574              		.align	2
 1575              	.L104:
 1576 001c 00000000 		.word	pFlash
 1577 0020 00200240 		.word	1073881088
 1578              		.cfi_endproc
 1579              	.LFE55:
 1581              		.text
 1582              	.Letext0:
 1583              		.file 2 "C:\\ST\\STM32CubeIDE_1.19.0\\STM32CubeIDE\\plugins\\com.st.stm32cube.ide.mcu.externaltool
 1584              		.file 3 "C:\\ST\\STM32CubeIDE_1.19.0\\STM32CubeIDE\\plugins\\com.st.stm32cube.ide.mcu.externaltool
 1585              		.file 4 "Drivers/CMSIS/Device/ST/STM32F0xx/Include/stm32f051x8.h"
 1586              		.file 5 "Drivers/STM32F0xx_HAL_Driver/Inc/stm32f0xx_hal_def.h"
 1587              		.file 6 "Drivers/STM32F0xx_HAL_Driver/Inc/stm32f0xx_hal_flash.h"
 1588              		.file 7 "Drivers/STM32F0xx_HAL_Driver/Inc/stm32f0xx_hal_flash_ex.h"
ARM GAS  C:\Users\joshr\AppData\Local\Temp\ccxDAWix.s 			page 54


DEFINED SYMBOLS
                            *ABS*:00000000 stm32f0xx_hal_flash_ex.c
C:\Users\joshr\AppData\Local\Temp\ccxDAWix.s:19     .text.HAL_FLASHEx_Erase:00000000 $t
C:\Users\joshr\AppData\Local\Temp\ccxDAWix.s:26     .text.HAL_FLASHEx_Erase:00000000 HAL_FLASHEx_Erase
C:\Users\joshr\AppData\Local\Temp\ccxDAWix.s:284    .text.HAL_FLASHEx_Erase:000000c8 $d
C:\Users\joshr\AppData\Local\Temp\ccxDAWix.s:291    .text.HAL_FLASHEx_Erase_IT:00000000 $t
C:\Users\joshr\AppData\Local\Temp\ccxDAWix.s:298    .text.HAL_FLASHEx_Erase_IT:00000000 HAL_FLASHEx_Erase_IT
C:\Users\joshr\AppData\Local\Temp\ccxDAWix.s:448    .text.HAL_FLASHEx_Erase_IT:0000006c $d
C:\Users\joshr\AppData\Local\Temp\ccxDAWix.s:454    .text.HAL_FLASHEx_OBErase:00000000 $t
C:\Users\joshr\AppData\Local\Temp\ccxDAWix.s:461    .text.HAL_FLASHEx_OBErase:00000000 HAL_FLASHEx_OBErase
C:\Users\joshr\AppData\Local\Temp\ccxDAWix.s:694    .text.HAL_FLASHEx_OBErase:000000a8 $d
C:\Users\joshr\AppData\Local\Temp\ccxDAWix.s:706    .text.HAL_FLASHEx_OBProgram:00000000 $t
C:\Users\joshr\AppData\Local\Temp\ccxDAWix.s:713    .text.HAL_FLASHEx_OBProgram:00000000 HAL_FLASHEx_OBProgram
C:\Users\joshr\AppData\Local\Temp\ccxDAWix.s:1357   .text.HAL_FLASHEx_OBProgram:000001dc $d
C:\Users\joshr\AppData\Local\Temp\ccxDAWix.s:1365   .text.HAL_FLASHEx_OBGetConfig:00000000 $t
C:\Users\joshr\AppData\Local\Temp\ccxDAWix.s:1372   .text.HAL_FLASHEx_OBGetConfig:00000000 HAL_FLASHEx_OBGetConfig
C:\Users\joshr\AppData\Local\Temp\ccxDAWix.s:1471   .text.HAL_FLASHEx_OBGetConfig:00000038 $d
C:\Users\joshr\AppData\Local\Temp\ccxDAWix.s:1478   .text.HAL_FLASHEx_OBGetUserData:00000000 $t
C:\Users\joshr\AppData\Local\Temp\ccxDAWix.s:1485   .text.HAL_FLASHEx_OBGetUserData:00000000 HAL_FLASHEx_OBGetUserData
C:\Users\joshr\AppData\Local\Temp\ccxDAWix.s:1528   .text.HAL_FLASHEx_OBGetUserData:00000018 $d
C:\Users\joshr\AppData\Local\Temp\ccxDAWix.s:1534   .text.FLASH_PageErase:00000000 $t
C:\Users\joshr\AppData\Local\Temp\ccxDAWix.s:1541   .text.FLASH_PageErase:00000000 FLASH_PageErase
C:\Users\joshr\AppData\Local\Temp\ccxDAWix.s:1576   .text.FLASH_PageErase:0000001c $d

UNDEFINED SYMBOLS
FLASH_WaitForLastOperation
pFlash
